block_index,step,E_k,W_k,mean_pseudo_count,mean_count_reference,mean_count_ratio,mean_familiarity,mean_surprise,mean_conditional_surprise,mean_conditional_support,conditional_valid_fraction,conditional_z,conditional_run_length,conditional_baseline_n,conditional_baseline_mean,conditional_baseline_std,mean_conditional_leverage,mean_conditional_trust_fraction,mean_gradient_coherence,mean_gradient_novelty,regime_change
0,10099,0.06888213,0.00000000,0.12000000,0.05848351,1.71420958,0.09000000,1.12618325,nan,0.00000000,0.00000000,nan,0,0,0.00000000,nan,31.46102454,0.00000000,0.00582212,0.99417788,0
1,10199,0.12551199,0.00000000,0.59000000,0.20888921,2.72483674,0.38999999,0.40604613,nan,0.00000000,0.00000000,nan,0,0,0.00000000,nan,20.96014072,0.00000000,-0.00568826,1.00568826,0
2,10299,0.23194229,0.00000000,1.49000000,0.53311236,2.81253822,0.71741348,0.37563551,nan,0.00000000,0.00000000,nan,0,0,0.00000000,nan,17.87316835,0.00000000,-0.00103629,1.00103629,0
3,10399,0.26772501,0.00000000,2.42000000,0.94159122,2.58240770,0.63900934,0.45601111,nan,0.00000000,0.00000000,nan,0,0,0.00000000,nan,17.18664939,0.00000000,0.00439451,0.99560549,0
4,10499,0.19065836,0.00000000,3.00000000,1.34786830,2.23985579,0.60658549,0.44567505,nan,0.00000000,0.00000000,nan,0,0,0.00000000,nan,17.70689582,0.00000000,0.00205461,0.99794539,0
5,10599,0.24290877,0.00000000,3.68000000,1.71378716,2.15808981,0.68210665,0.37392914,nan,0.00000000,0.00000000,nan,0,0,0.00000000,nan,14.91121966,0.00000000,0.00295170,0.99704830,0
6,10699,0.18208741,0.00000000,4.35000000,2.02480976,2.13246813,0.58994130,0.48668393,nan,0.00000000,0.00000000,nan,0,0,0.00000000,nan,15.15554539,0.00000000,0.00422899,0.99577101,0
7,10799,0.25819503,0.00000000,5.42000000,2.44698337,2.22382302,0.64584360,0.44464615,nan,0.00000000,0.00000000,nan,0,0,0.00000000,nan,14.40140707,0.00000000,0.00756946,0.99243054,0
8,10899,0.22327730,0.00000000,5.76000000,2.80384090,2.05461768,0.61359652,0.48862283,nan,0.00000000,0.00000000,nan,0,0,0.00000000,nan,13.45338067,0.00000000,-0.00019612,1.00019612,0
9,10999,0.28778443,0.00000000,8.14000000,3.20718693,2.52629792,0.75107844,0.41331745,nan,0.00000000,0.00000000,nan,0,0,0.00000000,nan,10.38689322,0.00000000,-0.00951606,1.00951606,0
10,11099,0.28577532,0.00000000,6.15000000,3.59456922,1.70737997,0.50469551,0.86053637,nan,0.00000000,0.00000000,nan,0,0,0.00000000,nan,18.59717881,0.00000000,0.00097837,0.99902163,0
11,11199,0.15998132,0.00000000,7.47000000,3.88993902,1.92037442,0.58624457,0.40498569,nan,0.00000000,0.00000000,nan,0,0,0.00000000,nan,12.00969805,0.00000000,0.00814101,0.99185899,0
12,11299,0.18361570,0.00000000,8.21000000,4.18057644,1.95843352,0.55183141,0.43916219,nan,0.00000000,0.00000000,nan,0,0,0.00000000,nan,11.89138594,0.00000000,0.01040795,0.98959205,0
13,11399,0.19092740,0.00000000,9.43000000,4.54926399,2.07388090,0.63149620,0.44828723,nan,0.00000000,0.00000000,nan,0,0,0.00000000,nan,11.06901570,0.00000000,0.00253922,0.99746078,0
14,11499,0.20322879,0.00000000,9.40000000,4.91713446,1.91841757,0.54402006,0.56470214,nan,0.00000000,0.00000000,nan,0,0,0.00000000,nan,11.64218455,0.00000000,0.00729531,0.99270469,0
15,11599,0.23028886,0.00000000,9.14000000,5.14942209,1.77241082,0.54260205,0.54547675,nan,0.00000000,0.00000000,nan,0,0,0.00000000,nan,12.49366876,0.00000000,0.01389281,0.98610719,0
16,11699,0.15058378,0.00000000,11.07000000,5.47565416,2.02417509,0.56733425,0.37248042,nan,0.00000000,0.00000000,nan,0,0,0.00000000,nan,11.43401631,0.00000000,0.00163319,0.99836681,0
17,11799,0.19883690,0.00000000,12.32000000,5.84263004,2.11319756,0.63727391,0.39628603,nan,0.00000000,0.00000000,nan,0,0,0.00000000,nan,9.23591314,0.00000000,0.00100736,0.99899264,0
18,11899,0.25242527,0.00000000,13.26000000,6.19890644,2.13972026,0.68248411,0.47538012,nan,0.00000000,0.00000000,nan,0,0,0.00000000,nan,7.73491964,0.00000000,0.00274196,0.99725804,0
19,11999,0.21713152,0.00000000,15.87000000,6.62066568,2.39678080,0.69412902,0.37527724,nan,0.00000000,0.00000000,nan,0,0,0.00000000,nan,7.24170343,0.02250000,0.00642370,0.99357630,0
20,12099,0.10714999,0.00000000,7.25000000,6.87807477,1.05430519,0.26947116,0.71918241,nan,0.00000000,0.00000000,nan,0,0,0.00000000,nan,18.43456913,0.00000000,0.00377182,0.99622818,0
21,12199,0.18072067,0.00000000,11.86000000,6.95294547,1.70187980,0.50680739,0.58837262,nan,0.00000000,0.00000000,nan,0,0,0.00000000,nan,13.30716511,0.01500000,-0.00746394,1.00746394,0
22,12299,0.22084034,0.00000000,16.31000000,7.31334528,2.23169976,0.63945918,0.37779359,nan,0.00000000,0.00000000,nan,0,0,0.00000000,nan,6.99371702,0.02250000,0.00121828,0.99878172,0
23,12399,0.23639297,0.00000000,16.26000000,7.66396346,2.11822808,0.66701258,0.43238363,0.97513813,44.00000000,0.01000000,nan,0,0,0.00000000,nan,7.53968865,0.03250000,0.01039674,0.98960326,0
24,12499,0.26754383,0.00000000,19.27000000,8.08609048,2.38134234,0.70815893,0.48759354,0.24294175,50.50000000,0.01000000,nan,0,0,0.00000000,nan,6.04971103,0.03500000,0.00466053,0.99533947,0
25,12599,0.19511312,0.00000000,18.66000000,8.49635801,2.19238121,0.64831670,0.36385219,0.80567464,43.00000000,0.01000000,nan,0,0,0.00000000,nan,5.94344043,0.03750000,0.00443412,0.99556588,0
26,12699,0.24657564,0.00000000,20.37000000,8.94038817,2.27880127,0.68670202,0.49729694,0.67782223,46.25000000,0.02000000,nan,0,0,0.00000000,nan,5.54704359,0.06000000,0.01316491,0.98683509,0
27,12799,0.25899531,0.00000000,22.47000000,9.40476020,2.39130169,0.73199736,0.46763047,1.16612961,38.00000000,0.01000000,nan,0,0,0.00000000,nan,4.78163985,0.08000000,0.01155848,0.98844152,0
28,12899,0.24414879,0.00000000,22.52000000,9.83438881,2.28771334,0.71779467,0.42712088,0.81692848,39.37500000,0.04000000,nan,0,0,0.00000000,nan,4.61178731,0.09500000,0.01177052,0.98822948,0
29,12999,0.34980889,0.06049710,22.77000000,10.28839688,2.21360046,0.68634613,0.60203732,1.24810193,54.20000000,0.05000000,nan,0,0,0.00000000,nan,5.32410738,0.11000000,-0.00188710,1.00188710,0
30,13099,0.22758877,0.10155205,16.60000000,10.61873861,1.56454721,0.45397340,0.67470761,2.53094736,54.25000000,0.02000000,nan,0,0,0.00000000,nan,11.49328156,0.04750000,0.01177279,0.98822721,0
31,13199,0.15571429,0.09908444,15.43000000,10.76244145,1.43350044,0.40280139,0.58463315,1.57676275,46.50000000,0.01000000,nan,0,0,0.00000000,nan,10.51064618,0.04500000,0.00532637,0.99467363,0
32,13299,0.22747973,0.06942334,23.64000000,10.98122302,2.14728311,0.59988623,0.58668022,1.05049086,54.05000000,0.10000000,nan,0,0,0.00000000,nan,9.10405524,0.11250000,0.00101472,0.99898528,0
33,13399,0.19126132,0.00000000,24.53000000,11.42396197,2.14723457,0.65476845,0.33657223,0.67258098,56.43750000,0.08000000,nan,0,0,0.00000000,nan,5.17764873,0.14750000,0.01440730,0.98559270,0
34,13499,0.17927261,0.00000000,22.84000000,11.78745585,1.93825926,0.59488963,0.41796210,0.53850445,59.58333333,0.06000000,nan,0,0,0.00000000,nan,5.42190137,0.12750000,0.00565154,0.99434846,0
35,13599,0.23491409,0.00000000,23.09000000,12.08433041,1.90985692,0.63975642,0.47664290,1.03244475,49.70000000,0.05000000,nan,0,0,0.00000000,nan,5.61341932,0.12500000,0.00914612,0.99085388,0
36,13699,0.24021245,0.00000000,25.22000000,12.41751017,2.03030702,0.66522624,0.44856624,2.13457143,51.78571429,0.07000000,nan,0,0,0.00000000,nan,4.87545771,0.11000000,0.00934264,0.99065736,0
37,13799,0.24119855,0.00000000,26.87000000,12.80109611,2.10014790,0.65007271,0.48668689,0.92211399,61.56250000,0.08000000,nan,0,0,0.00000000,nan,4.83303355,0.13750000,-0.00044216,1.00044216,0
38,13899,0.18705723,0.00000000,28.61000000,13.15309411,2.17316732,0.64011810,0.44918599,0.71958370,62.53333333,0.15000000,nan,0,0,0.00000000,nan,5.81781249,0.15500000,0.01327084,0.98672916,0
39,13999,0.21148041,0.00000000,23.55000000,13.52751844,1.74218752,0.53417061,0.47271985,0.88061024,54.40000000,0.10000000,nan,0,0,0.00000000,nan,6.14028918,0.12000000,0.01467164,0.98532836,0
40,14099,0.29889050,0.07760785,23.50000000,13.76865354,1.70760686,0.57207232,0.69900038,4.03181947,48.16666667,0.03000000,nan,0,0,0.00000000,nan,7.76435457,0.07000000,-0.00250142,1.00250142,0
41,14199,0.22054571,0.12216715,20.87000000,13.93500980,1.49696385,0.43330037,0.64864325,2.80832952,64.83333333,0.03000000,nan,0,0,0.00000000,nan,8.51062822,0.06000000,0.00715329,0.99284671,0
42,14299,0.13792152,0.12716363,18.33000000,14.08293263,1.30149320,0.33551571,0.57630253,nan,0.00000000,0.00000000,nan,0,0,0.00000000,nan,9.14360122,0.07500000,0.00623639,0.99376361,0
43,14399,0.09218960,0.08553018,17.11000000,14.16197621,1.20807314,0.35044364,0.48941850,0.80385951,46.50000000,0.08000000,nan,0,0,0.00000000,nan,11.11243759,0.09750000,0.01071808,0.98928192,0
44,14499,0.09934443,0.00115172,21.80000000,14.27881378,1.52632690,0.44069297,0.34435303,0.69721668,50.50000000,0.09000000,nan,0,0,0.00000000,nan,6.43340979,0.12250000,0.01071601,0.98928399,0
45,14599,0.16990414,0.00000000,22.92000000,14.46439481,1.58450036,0.46565037,0.50552989,1.28247562,57.40000000,0.10000000,nan,0,0,0.00000000,nan,6.50994873,0.12750000,0.00012080,0.99987920,0
46,14699,0.16969178,0.00000000,22.42000000,14.64857253,1.53069339,0.50539568,0.47415216,0.71886475,59.50000000,0.04000000,nan,0,0,0.00000000,nan,6.67275322,0.11500000,0.00080793,0.99919207,0
47,14799,0.19433455,0.00000000,30.09000000,14.88325341,2.02150173,0.59969122,0.44251161,0.70390607,67.03571429,0.14000000,nan,0,0,0.00000000,nan,4.95107241,0.17000000,0.00217269,0.99782731,0
48,14899,0.24465998,0.00000000,37.56000000,15.26585776,2.45940279,0.74172548,0.37433414,0.67849437,64.46000000,0.25000000,nan,0,0,0.00000000,nan,2.37572695,0.23500000,0.00906621,0.99093379,0
49,14999,0.24778753,0.00000000,34.98000000,15.73329757,2.22585076,0.65001817,0.54244745,0.70414318,64.88095238,0.21000000,nan,0,0,0.00000000,nan,3.95057256,0.23250000,0.00422599,0.99577401,0
50,15099,0.21899297,0.03845961,23.57000000,16.02605873,1.47239410,0.44225949,0.77507898,3.42969304,65.12500000,0.08000000,nan,0,0,0.00000000,nan,10.30335085,0.11500000,0.00037292,0.99962708,0
51,15199,0.17931034,0.00000000,38.25000000,16.25211394,2.35293144,0.73541960,0.38191992,0.65867650,64.44230769,0.26000000,nan,0,0,0.00000000,nan,3.47932587,0.21750000,0.00734080,0.99265920,0
52,15299,0.22892509,0.00000000,37.22000000,16.65555536,2.23369280,0.72896592,0.39225702,0.56150332,60.43750000,0.24000000,nan,0,0,0.00000000,nan,2.99268042,0.22500000,0.01209237,0.98790763,0
53,15399,0.27503547,0.00000000,42.20000000,17.11450088,2.46713952,0.74403479,0.46236711,0.84955962,67.92857143,0.35000000,nan,0,0,0.00000000,nan,3.32521881,0.30000000,0.00973334,0.99026666,0
54,15499,0.24234488,0.00000000,37.84000000,17.53440080,2.15902246,0.64386993,0.53182646,0.84818102,66.25925926,0.27000000,nan,0,0,0.00000000,nan,3.44608191,0.24250000,0.01564990,0.98435010,0
55,15599,0.23859585,0.00000000,43.29000000,17.90482141,2.41546972,0.72377398,0.38461723,0.75861348,67.32894737,0.38000000,nan,0,0,0.00000000,nan,2.79456488,0.33000000,-0.00411755,1.00411755,0
56,15699,0.20970747,0.00000000,39.40000000,18.34138212,2.14768844,0.61628181,0.47019295,0.86062749,65.61428571,0.35000000,nan,0,0,0.00000000,nan,3.50998067,0.30000000,0.00461339,0.99538661,0
57,15799,0.28671066,0.04834415,32.38000000,18.66814822,1.73502016,0.56069039,0.57392541,1.26027767,59.27083333,0.24000000,nan,0,0,0.00000000,nan,5.56474124,0.23750000,0.00563684,0.99436316,0
58,15899,0.16380957,0.02216025,29.88000000,18.88659386,1.58261298,0.49789510,0.43567135,1.01649457,56.13636364,0.22000000,nan,0,0,0.00000000,nan,4.61862145,0.22500000,0.01517538,0.98482462,0
59,15999,0.24782055,0.02100710,36.36000000,19.11303918,1.90261895,0.60589689,0.50427082,1.13283427,60.25000000,0.32000000,nan,0,0,0.00000000,nan,3.88886766,0.26000000,0.00414291,0.99585709,0
60,16099,0.21800575,0.09246727,23.54000000,19.29980146,1.21986704,0.35790144,0.70717721,2.80293738,49.45833333,0.12000000,nan,0,0,0.00000000,nan,9.96313392,0.15000000,-0.00185123,1.00185123,0
61,16199,0.13875558,0.07715106,26.94000000,19.37051904,1.39052055,0.42158273,0.53683279,1.67833724,59.16666667,0.18000000,nan,0,0,0.00000000,nan,8.67433232,0.20250000,0.00406497,0.99593503,0
62,16299,0.17811589,0.00000000,39.63000000,19.58717544,2.02232543,0.62239304,0.37864029,0.83043693,68.93750000,0.32000000,nan,0,0,0.00000000,nan,3.28142429,0.29250000,0.00601738,0.99398262,0
63,16399,0.24356953,0.02204526,37.65000000,19.89296289,1.89209898,0.53675569,0.51971117,1.07918487,72.92857143,0.28000000,nan,0,0,0.00000000,nan,4.02373239,0.28750000,0.00542191,0.99457809,0
64,16499,0.22916400,0.00000000,47.97000000,20.25183642,2.36816001,0.72434906,0.37714921,0.72622862,68.02040816,0.49000000,nan,0,0,0.00000000,nan,2.59703417,0.38000000,0.00500888,0.99499112,0
65,16599,0.20387131,0.00000000,36.53000000,20.58306705,1.77424766,0.58304109,0.49303639,0.80199864,62.36206897,0.29000000,nan,0,0,0.00000000,nan,3.99207419,0.28500000,0.00008984,0.99991016,0
66,16699,0.28280479,0.00000000,51.16000000,20.91377254,2.44411961,0.73814057,0.44465973,0.72968298,70.20175439,0.57000000,nan,0,1,0.72968298,nan,2.44282393,0.43500000,0.01459636,0.98540364,0
67,16799,0.18929439,0.00000000,35.90000000,21.26440822,1.68773213,0.52529722,0.50302689,0.90410804,62.72413793,0.29000000,nan,0,1,0.72968298,nan,3.59428261,0.28000000,0.00004219,0.99995781,0
68,16899,0.21135526,0.00000000,41.52000000,21.52734753,1.92839465,0.59014829,0.49501538,1.01825562,67.75000000,0.38000000,nan,0,1,0.72968298,nan,3.47074471,0.32500000,0.00769934,0.99230066,0
69,16999,0.20680034,0.00000000,40.39000000,21.80968840,1.85173450,0.59832226,0.47794418,1.14546727,64.02702703,0.37000000,nan,0,1,0.72968298,nan,3.43652393,0.31250000,0.01382940,0.98617060,0
70,17099,0.17356143,0.05007140,27.52000000,22.03726538,1.24941372,0.30440958,0.73938295,2.94639333,72.00000000,0.17000000,nan,0,1,0.72968298,nan,12.15504687,0.15500000,-0.00720276,1.00720276,0
71,17199,0.17902010,0.00000000,51.01000000,22.26260598,2.29335317,0.70929656,0.35933849,0.64581689,71.56481481,0.54000000,nan,0,2,0.68774993,0.05930228,2.57706257,0.37750000,0.00717045,0.99282955,0
72,17299,0.21363650,0.00000000,42.92000000,22.56716923,1.90180850,0.61099925,0.51431787,0.80356260,65.08888889,0.45000000,nan,0,2,0.68774993,0.05930228,4.11218454,0.34000000,0.00376180,0.99623820,0
73,17399,0.20051040,0.00000000,41.35000000,22.84371134,1.81040785,0.58121747,0.53282059,0.86949626,65.61250000,0.40000000,nan,0,2,0.68774993,0.05930228,3.76172475,0.33250000,0.00663039,0.99336961,0
74,17499,0.13183081,0.00000000,33.90000000,23.04032075,1.47146619,0.41533401,0.48777480,1.08268848,65.46551724,0.29000000,nan,0,2,0.68774993,0.05930228,6.23327420,0.26500000,0.00246989,0.99753011,0
75,17599,0.18993808,0.02605324,35.70000000,23.20621002,1.53878390,0.40582918,0.56541899,1.13138966,69.36206897,0.29000000,nan,0,2,0.68774993,0.05930228,4.81271259,0.25000000,0.00629176,0.99370824,0
76,17699,0.16023644,0.00000000,40.87000000,23.38530721,1.74762209,0.54114042,0.39155290,1.05155722,64.84090909,0.44000000,nan,0,2,0.68774993,0.05930228,4.26470067,0.32000000,0.00646952,0.99353048,0
77,17799,0.12766527,0.00000000,36.29000000,23.57315786,1.53923987,0.43211487,0.44557867,0.93539686,66.78125000,0.32000000,nan,0,2,0.68774993,0.05930228,4.02448066,0.29500000,0.01000612,0.98999388,0
78,17899,0.14618189,0.00000000,36.87000000,23.71016127,1.55414136,0.46181119,0.42006086,0.88291211,65.83333333,0.33000000,nan,0,2,0.68774993,0.05930228,5.03981270,0.29000000,-0.00264002,1.00264002,0
79,17999,0.25333499,0.00000000,47.09000000,23.99431044,1.96320497,0.64128878,0.51828355,0.99506292,69.27659574,0.47000000,nan,0,2,0.68774993,0.05930228,2.91289756,0.36500000,-0.00469664,1.00469664,0
80,18099,0.08882618,0.01164736,23.47000000,24.12218612,0.97299556,0.23198660,0.59446023,1.82876691,55.60000000,0.10000000,nan,0,2,0.68774993,0.05930228,8.39487672,0.17250000,0.01059230,0.98940770,0
81,18199,0.13843788,0.01641750,30.43000000,24.14057845,1.26042699,0.36568355,0.60684570,2.04237681,64.41666667,0.24000000,nan,0,2,0.68774993,0.05930228,8.98658420,0.22250000,-0.01183653,1.01183653,0
82,18299,0.21498553,0.00000000,49.85000000,24.33308216,2.04806751,0.67309986,0.39140980,0.77585113,75.11363636,0.44000000,nan,0,2,0.68774993,0.05930228,2.57223288,0.36500000,0.00453316,0.99546684,0
83,18399,0.27101406,0.02864586,48.46000000,24.65154904,1.96612725,0.58749488,0.55941406,0.99408057,73.52173913,0.46000000,nan,0,2,0.68774993,0.05930228,2.62652373,0.37500000,-0.00466491,1.00466491,0
84,18499,0.23324166,0.00000000,51.09000000,24.92745660,2.04898037,0.64350624,0.42572035,0.74349545,73.31730769,0.52000000,nan,0,3,0.70633177,0.05286052,2.21791528,0.41250000,0.01258402,0.98741598,0
85,18599,0.20433666,0.00000000,51.03000000,25.27025602,2.02034615,0.62134199,0.43683100,0.76914257,76.66326531,0.49000000,nan,0,3,0.70633177,0.05286052,2.59152185,0.39250000,0.00302750,0.99697250,0
86,18699,0.23836134,0.00000000,49.75000000,25.53374393,1.94825413,0.65831851,0.56339848,0.78552904,68.55769231,0.52000000,nan,0,4,0.72613109,0.05857367,1.97000632,0.39750000,0.01853641,0.98146359,0
87,18799,0.18857684,0.00000000,43.26000000,25.78474965,1.67794206,0.52077082,0.51981598,0.80469332,68.67777778,0.45000000,nan,0,4,0.72613109,0.05857367,3.31093756,0.37500000,0.00680792,0.99319208,0
88,18899,0.25105035,0.00000000,51.30000000,26.02978141,1.97118993,0.63875284,0.44333517,1.03189666,73.05000000,0.50000000,nan,0,5,0.78728420,0.14584811,1.92681203,0.39250000,0.00493320,0.99506680,0
89,18999,0.29918440,0.01059040,55.92000000,26.33462243,2.12372014,0.66774976,0.55477904,0.98864527,74.90517241,0.58000000,nan,0,6,0.82084438,0.15419161,1.63999773,0.45250000,-0.00359614,1.00359614,0
90,19099,0.15509261,0.00000000,41.60000000,26.56788880,1.56563291,0.44891099,0.57007245,1.14170833,73.28571429,0.35000000,nan,0,6,0.82084438,0.15419161,7.12419587,0.28750000,0.01345409,0.98654591,0
91,19199,0.20583871,0.00000000,53.10000000,26.81597553,1.98064703,0.61857268,0.43697068,0.96943398,76.30000000,0.55000000,nan,0,7,0.84207147,0.15154757,2.69071072,0.42250000,0.01777837,0.98222163,0
92,19299,0.14766521,0.00000000,49.03000000,27.06980965,1.81140320,0.55097412,0.38242826,0.70241389,75.12244898,0.49000000,nan,0,7,0.84207147,0.15154757,2.75978607,0.37750000,0.00434962,0.99565038,0
93,19399,0.22030942,0.00000000,50.02000000,27.30139564,1.83203665,0.55256087,0.48343233,1.03771242,78.35106383,0.47000000,nan,0,7,0.84207147,0.15154757,2.67058112,0.36750000,-0.00290690,1.00290690,0
94,19499,0.24949210,0.00000000,54.12000000,27.55407633,1.96366302,0.64421631,0.50531977,0.98389193,71.28333333,0.60000000,nan,0,8,0.85979902,0.14899612,2.01137384,0.44000000,-0.00006694,1.00006694,0
95,19599,0.21961087,0.00000000,52.91000000,27.86041022,1.89980154,0.57243985,0.47320526,0.88362559,77.17647059,0.51000000,nan,0,9,0.86244642,0.13959922,2.54062972,0.39500000,0.00871084,0.99128916,0
96,19699,0.19959023,0.00000000,53.89000000,28.08505429,1.91820781,0.58379894,0.52599048,1.01323096,77.47169811,0.53000000,nan,0,10,0.87752487,0.13998648,3.04963898,0.40500000,0.01557446,0.98442554,0
97,19799,0.22234474,0.00000000,55.85000000,28.38608266,1.96777811,0.61367538,0.45426225,0.97058231,79.16964286,0.56000000,nan,0,11,0.88598464,0.13573443,2.35619176,0.44250000,0.00572276,0.99427724,0
98,19899,0.27820226,0.01226229,54.92000000,28.66451270,1.91633601,0.63512512,0.51997137,1.19728344,75.51724138,0.58000000,nan,0,12,0.91192621,0.15755799,2.72635932,0.44000000,-0.00023722,1.00023722,0
99,19999,0.22119477,0.00000000,58.59000000,28.92907290,2.02509186,0.64966876,0.42419438,0.76101119,79.11475410,0.61000000,nan,0,13,0.90031736,0.15654954,2.36112732,0.45750000,0.00592879,0.99407121,0
100,20099,0.16893083,0.00000000,47.66000000,29.15675774,1.63420303,0.48119699,0.52864689,1.03181649,76.81818182,0.44000000,nan,0,13,0.90031736,0.15654954,5.60448862,0.34000000,0.00776916,0.99223084,0
101,20199,0.20310213,0.00000000,59.42000000,29.42788122,2.01960767,0.64904543,0.38492093,0.86569670,81.61864407,0.59000000,nan,0,14,0.89784446,0.15069227,2.06395672,0.45250000,0.00679823,0.99320177,0
102,20299,0.22419874,0.00000000,55.42000000,29.68915244,1.86669313,0.57345541,0.53813795,0.89691179,80.83018868,0.53000000,nan,0,15,0.89778228,0.14521091,2.73675095,0.42250000,0.00945403,0.99054597,0
103,20399,0.17845041,0.00000000,64.78000000,29.99089608,2.16034450,0.65934657,0.32643333,0.74447394,85.18656716,0.67000000,nan,0,16,0.88820051,0.14542842,1.77250708,0.51500000,0.01522434,0.98477566,0
104,20499,0.23784369,0.00000000,55.58000000,30.27281904,1.83600099,0.58553831,0.59115016,1.19007250,75.59322034,0.59000000,nan,0,17,0.90595768,0.15870722,2.48584150,0.45000000,0.00334647,0.99665353,0
105,20599,0.20566148,0.00000000,57.58000000,30.52497095,1.88646021,0.53626953,0.55736815,0.94495439,85.72115385,0.52000000,nan,0,18,0.90812417,0.15424273,2.37393068,0.43500000,0.00298759,0.99701241,0
106,20699,0.16992013,0.00000000,56.81000000,30.78224814,1.84586613,0.52221663,0.41723821,0.97643548,85.41346154,0.52000000,nan,0,19,0.91171950,0.15071400,2.56988411,0.40750000,0.00448565,0.99551435,0
107,20799,0.16137886,0.00000000,53.46000000,30.98956343,1.72489604,0.52029399,0.47066165,0.94951552,79.79000000,0.50000000,nan,0,20,0.91360930,0.14693749,2.19327959,0.39250000,-0.00312911,1.00312911,0
108,20899,0.21657921,0.00000000,64.96000000,31.25815483,2.07819374,0.63667200,0.43780198,0.86278545,86.24603175,0.63000000,nan,0,21,0.91118912,0.14364574,1.94651449,0.47000000,0.01556621,0.98443379,0
109,20999,0.25912268,0.00000000,69.23000000,31.58567123,2.19185097,0.70946161,0.45802288,1.02138175,83.96621622,0.74000000,nan,0,22,0.91619787,0.14213884,2.00675935,0.54000000,-0.00185274,1.00185274,0
110,21099,0.28210399,0.00000000,64.33000000,31.88325474,2.01703428,0.63573987,0.54357964,1.31638639,90.42372881,0.59000000,nan,0,23,0.93359737,0.16201294,3.96562890,0.46500000,0.00177278,0.99822722,0
111,21199,0.25484029,0.00000000,66.30000000,32.22510440,2.05811493,0.67718620,0.44806791,0.84175883,82.45000000,0.70000000,nan,0,24,0.92977077,0.15955687,1.58495142,0.51250000,-0.00266708,1.00266708,0
112,21299,0.23709757,0.00000000,76.42000000,32.55743345,2.34752746,0.69285386,0.46702606,0.77797955,98.38235294,0.68000000,nan,0,25,0.92369912,0.15912024,1.86697273,0.53750000,-0.00309963,1.00309963,0
113,21399,0.27443001,0.00000000,69.53000000,32.89942574,2.11315273,0.69830361,0.49650110,0.88484494,87.28985507,0.69000000,nan,0,26,0.92220473,0.15609147,1.59016905,0.51000000,0.01310433,0.98689567,0
114,21499,0.25610561,0.00000000,72.34000000,33.22272132,2.17683870,0.68638568,0.43839616,0.78038807,92.25000000,0.68000000,nan,0,27,0.91695226,0.15547455,1.66246865,0.53000000,-0.00867632,1.00867632,0
115,21599,0.30237546,0.01133671,70.25000000,33.57379537,2.09256521,0.70312485,0.53645003,1.06957781,84.93835616,0.73000000,nan,0,28,0.92240317,0.15527077,1.48959152,0.51750000,-0.00401899,1.00401899,0
116,21699,0.27356816,0.00000000,73.32000000,33.90600641,2.16277090,0.67714281,0.48339282,1.10948643,91.27083333,0.72000000,nan,0,29,0.92885432,0.15638055,1.55731795,0.52500000,-0.00257169,1.00257169,0
117,21799,0.26423637,0.00000000,67.06000000,34.21948684,1.96009594,0.62632477,0.49796866,0.93946015,88.89393939,0.66000000,nan,0,30,0.92920785,0.15367288,1.93507592,0.50500000,0.00510019,0.99489981,0
118,21899,0.22076721,0.00000000,74.88000000,34.52331316,2.16922942,0.68106944,0.45209658,0.82650516,90.67361111,0.72000000,-0.66832014,0,31,0.92920785,0.15367288,1.13620649,0.52500000,0.00772512,0.99227488,0
119,21999,0.15844761,0.00000000,68.11000000,34.83348527,1.95552487,0.60140625,0.39696934,0.70379300,87.58955224,0.67000000,-1.45916329,0,32,0.92589486,0.15221179,1.63750937,0.50250000,0.00219801,0.99780199,0
120,22099,0.27833835,0.00644524,66.05000000,35.09545615,1.88205397,0.66161411,0.56636528,1.59675083,83.91228070,0.57000000,4.37857157,1,32,0.91895417,0.15479858,3.15803300,0.43750000,-0.00325193,1.00325193,0
121,22199,0.21654234,0.00000000,68.47000000,35.36010104,1.93642723,0.59612949,0.42443860,0.79680416,87.90579710,0.69000000,-0.78909003,0,33,0.91895417,0.15479858,1.76702804,0.52000000,0.01242813,0.98757187,0
122,22299,0.25203387,0.00000000,78.88000000,35.65355571,2.21185647,0.67107142,0.47615249,1.20395547,99.12500000,0.72000000,1.87667652,0,34,0.91525266,0.15383728,1.65363016,0.54750000,0.00897837,0.99102163,0
123,22399,0.22572409,0.00000000,67.49000000,35.99112978,1.87558344,0.63540125,0.44564471,0.75490252,85.97761194,0.67000000,-1.05940076,0,35,0.92374392,0.15937443,1.53503883,0.50250000,0.00650780,0.99349220,0
124,22499,0.23556367,0.00529639,64.44000000,36.22203001,1.77916503,0.57525717,0.54131738,0.86361039,81.20588235,0.68000000,-0.34658143,0,36,0.91891988,0.15958585,1.76198847,0.49500000,0.00326929,0.99673071,0
125,22599,0.24225272,0.00000000,72.23000000,36.44967370,1.98105546,0.66995805,0.45894921,0.94261827,88.58108108,0.74000000,0.16016030,0,37,0.91738350,0.15755942,1.97377641,0.54750000,0.01607209,0.98392791,0
126,22699,0.21396110,0.00000000,73.57000000,36.77650627,2.00094012,0.63693958,0.43785247,0.88868395,92.27464789,0.71000000,-0.18905717,0,38,0.91806552,0.15541107,1.36875207,0.51750000,-0.00115940,1.00115940,0
127,22799,0.27104899,0.00000000,73.24000000,37.04363090,1.97704834,0.63316585,0.50175890,1.25280366,88.86666667,0.75000000,2.18758557,0,39,0.91729232,0.15337061,1.32560854,0.55500000,-0.00228305,1.00228305,0
128,22899,0.20584198,0.00000000,72.11000000,37.33583148,1.93168402,0.62999674,0.46809201,1.13352143,86.92567568,0.74000000,1.29287801,0,40,0.92589518,0.16059230,1.50585468,0.54750000,0.00570378,0.99429622,0
129,22999,0.26334004,0.00000000,79.15000000,37.61505052,2.10409690,0.69737864,0.51083563,0.91533838,99.06756757,0.74000000,-0.09727634,0,41,0.93108583,0.16188367,1.97963965,0.57000000,0.00867492,0.99132508,0
130,23099,0.25451062,0.00000000,88.13000000,37.96724281,2.32105425,0.76961932,0.39948166,1.45059057,96.58045977,0.87000000,3.25202385,1,41,0.93070175,0.15986624,1.77002353,0.60750000,0.00623223,0.99376777,0
131,23199,0.26120225,0.01017314,73.84000000,38.30166786,1.92791136,0.59447292,0.58716487,1.00646716,91.75694444,0.72000000,0.47393000,0,42,0.93070175,0.15986624,2.03410836,0.52500000,0.01106169,0.98893831,0
132,23299,0.20675206,0.00000000,76.64000000,38.59213185,1.98626325,0.64051913,0.36650183,0.83200910,95.83333333,0.72000000,-0.63470137,0,43,0.93250569,0.15833680,1.21441284,0.53250000,0.00885681,0.99114319,0
133,23399,0.21786787,0.00000000,79.06000000,38.86861681,2.03393467,0.66977748,0.41165775,0.76367197,95.56081081,0.74000000,-1.05921022,0,44,0.93016856,0.15718937,1.22877901,0.56000000,0.00171317,0.99828683,0
134,23499,0.20745953,0.00000000,76.51000000,39.16695685,1.95357059,0.58771875,0.47538152,0.81432815,92.46621622,0.74000000,-0.71207714,0,45,0.92638455,0.15736552,1.18059728,0.51000000,-0.00953564,1.00953564,0
135,23599,0.22691214,0.00242928,71.79000000,39.43570487,1.82076091,0.54111023,0.54545615,0.84926868,95.02419355,0.62000000,-0.47695974,0,46,0.92389440,0.15646127,1.30856876,0.48750000,0.00321648,0.99678352,0
136,23699,0.26440409,0.00000000,80.21000000,39.68026347,2.02122225,0.67651032,0.47457652,0.92965013,96.61184211,0.76000000,0.04756830,0,47,0.92227210,0.15510381,1.56386833,0.56500000,0.00222052,0.99777948,0
137,23799,0.34238042,0.00084396,92.40000000,40.02126599,2.30860871,0.76373221,0.48622125,0.94568163,104.38235294,0.85000000,0.15156884,0,48,0.92242908,0.15341241,1.21588465,0.63500000,0.00038712,0.99961288,0
138,23899,0.25196841,0.00000000,85.24000000,40.37553089,2.11111053,0.64872841,0.48982883,0.81664653,103.50657895,0.76000000,-0.70000593,0,49,0.92291351,0.15180869,1.14727811,0.56500000,0.00549417,0.99450583,0
139,23999,0.27342491,0.00000000,82.47000000,40.69452349,2.02666158,0.69423435,0.47470131,0.95309879,93.42771084,0.83000000,0.21428733,0,50,0.92074480,0.15098417,0.70321133,0.60250000,0.00538723,0.99461277,0
140,24099,0.31434261,0.06897804,75.74000000,40.98021395,1.84855120,0.57831401,0.65147217,2.72053141,103.41269841,0.63000000,12.03392725,1,50,0.92139188,0.14950560,3.45223790,0.46500000,-0.00720226,1.00720226,0
141,24199,0.23248994,0.01998120,86.18000000,41.25698949,2.08914084,0.65589536,0.47807664,0.84293511,101.20625000,0.80000000,-0.52477478,0,51,0.92139188,0.14950560,1.42390744,0.57750000,0.00673081,0.99326919,0
142,24299,0.23417996,0.00000000,89.13000000,41.56891823,2.14407159,0.66706055,0.46631035,0.85343607,102.09756098,0.82000000,-0.44752618,0,52,0.91985351,0.14841018,1.05897258,0.57750000,0.00214723,0.99785277,0
143,24399,0.25739828,0.00000000,84.10000000,41.87346014,2.00812474,0.66831911,0.45290147,0.81629511,97.44375000,0.80000000,-0.69467319,0,53,0.91857625,0.14723634,0.89933041,0.58500000,0.01858275,0.98141725,0
144,24499,0.28197770,0.00000000,82.31000000,42.17484029,1.95169642,0.63542193,0.54785688,0.87895557,101.96527778,0.72000000,-0.25729471,0,54,0.91664642,0.14648901,1.19054275,0.54750000,-0.00777212,1.00777212,0
145,24599,0.28409856,0.00962625,85.05000000,42.47677991,2.00272999,0.63181035,0.54047894,0.99353940,101.14285714,0.77000000,0.53440584,0,55,0.91594844,0.14519108,0.94946245,0.59000000,0.00228154,0.99771846,0
146,24699,0.22207179,0.00000000,89.63000000,42.75699210,2.09610486,0.67653982,0.40341625,0.88486127,105.01250000,0.80000000,-0.22533505,0,56,0.91735918,0.14422043,1.27376154,0.59750000,0.01101780,0.98898220,0
147,24799,0.24508501,0.00000000,81.31000000,43.07347936,1.88812293,0.60106871,0.48597049,1.13587462,98.70000000,0.75000000,1.53246722,0,57,0.91677886,0.14296929,1.02232237,0.55750000,0.00287241,0.99712759,0
148,24899,0.27742614,0.00601575,82.11000000,43.32472868,1.89545037,0.63647869,0.52954980,0.94620674,97.24025974,0.77000000,0.17689535,0,58,0.92062265,0.14462839,1.36176467,0.57750000,0.01397222,0.98602778,0
149,24999,0.30804187,0.01680363,91.73000000,43.60077828,2.10375838,0.65408692,0.51199361,0.93230963,110.86184211,0.76000000,0.07842667,0,59,0.92106375,0.14339346,1.13547948,0.58750000,-0.00257900,1.00257900,0
150,25099,0.28983105,0.05336900,84.10000000,43.88798539,1.91601130,0.58348142,0.62475516,1.52707996,107.71014493,0.69000000,4.26159127,1,59,0.92125436,0.14215948,3.24243940,0.52250000,0.00859362,0.99140638,0
151,25199,0.21738112,0.06305498,74.10000000,44.13904185,1.67890134,0.49571687,0.55380760,1.09487767,94.09859155,0.71000000,1.22132768,0,60,0.92125436,0.14215948,1.75406576,0.52750000,0.00120613,0.99879387,0
152,25299,0.21250442,0.01952060,79.20000000,44.33155017,1.78629420,0.60046115,0.46933393,0.97854361,96.25000000,0.76000000,0.38113262,0,61,0.92414808,0.14272072,1.52520496,0.55250000,0.00866604,0.99133396,0
153,25399,0.24277890,0.00000000,99.06000000,44.63801818,2.21922240,0.72612040,0.42073507,0.73856465,108.36931818,0.88000000,-1.31600750,0,62,0.92503981,0.14169765,0.84601092,0.65750000,0.00634659,0.99365341,0
154,25499,0.24305639,0.00000000,92.16000000,44.95863753,2.04971002,0.61767054,0.52882855,1.12517480,111.23376623,0.77000000,1.42543340,0,63,0.92203215,0.14251290,1.58673697,0.58750000,0.00833657,0.99166343,0
155,25599,0.24425839,0.00000000,100.77000000,45.31010843,2.22435619,0.69939320,0.45243412,0.83917963,113.34705882,0.85000000,-0.59918356,0,64,0.92525664,0.14365716,1.01547667,0.64000000,0.00666911,0.99333089,0
156,25699,0.26003398,0.00000000,99.27000000,45.65726025,2.17451047,0.68151494,0.43625742,0.84936316,116.57407407,0.81000000,-0.52161724,0,65,0.92391168,0.14291805,1.32503472,0.61750000,0.00742910,0.99257090,0
157,25799,0.26619673,0.00000000,108.68000000,46.00130498,2.36206844,0.74437473,0.44399375,0.72560594,115.79891304,0.92000000,-1.38748229,0,66,0.92276478,0.14209828,0.62591588,0.69250000,-0.00127161,1.00127161,0
158,25899,0.29521777,0.00000000,110.87000000,46.43774684,2.38804133,0.78632119,0.48631100,0.71511813,120.41011236,0.89000000,-1.43044194,0,67,0.91977753,0.14307424,0.68459767,0.68250000,0.00284091,0.99715909,0
159,25999,0.33633773,0.01029003,103.20000000,46.80275070,2.20507472,0.73527497,0.50873147,0.89305861,113.11797753,0.89000000,-0.16414061,0,68,0.91672291,0.14417087,0.90451456,0.69000000,0.01144531,0.98855469,0
160,26099,0.09743019,0.00000000,54.38000000,47.02329960,1.15654524,0.30681916,0.59404310,3.28708814,92.77906977,0.43000000,nan,0,68,0.91637491,0.14311970,5.51750508,0.34000000,-0.00482704,1.00482704,0
161,26199,0.17080234,0.00000000,77.46000000,47.07712080,1.64485951,0.50664145,0.48209045,0.86053914,110.05833333,0.60000000,-0.39013336,0,69,0.91637491,0.14311970,3.38810053,0.46750000,0.00682263,0.99317737,0
162,26299,0.28515218,0.00000000,111.00000000,47.39335124,2.34174319,0.79368168,0.46747200,0.78829580,118.26086957,0.92000000,-0.89486542,0,70,0.91556569,0.14222239,0.77086785,0.69500000,0.00659878,0.99340122,0
163,26399,0.34490731,0.00000000,125.60000000,47.84430645,2.62535727,0.84164705,0.45882153,0.66993455,129.45312500,0.96000000,-1.71693109,0,71,0.91374755,0.14200512,0.36065374,0.73000000,0.01371688,0.98628312,0
164,26499,0.32407698,0.00000000,121.63000000,48.29888405,2.51825277,0.78949090,0.49155134,0.71246470,130.57692308,0.91000000,-1.37465911,0,72,0.91031356,0.14392577,0.48666810,0.69000000,0.00184694,0.99815306,0
165,26599,0.27289187,0.00000000,121.55000000,48.72728794,2.49402721,0.74624095,0.41305871,0.67512996,133.45454545,0.88000000,-1.60523808,0,73,0.90756566,0.14479827,0.69934935,0.69250000,0.00184074,0.99815926,0
166,26699,0.34381159,0.00000000,118.40000000,49.16806605,2.40799495,0.76091382,0.46639289,0.62039960,127.10989011,0.91000000,-1.94056183,0,74,0.90438161,0.14634010,0.43126854,0.70750000,-0.00485027,1.00485027,0
167,26799,0.33638532,0.00000000,122.77000000,49.60538501,2.47518588,0.81030305,0.50691159,0.64826329,131.56593407,0.91000000,-1.69274482,0,75,0.90054402,0.14903648,0.40344997,0.71750000,0.02015425,0.97984575,0
168,26899,0.24715748,0.00000000,119.22000000,49.99793987,2.38386996,0.74767185,0.39204946,0.58073025,123.61578947,0.95000000,-2.09756759,0,76,0.89718028,0.15086523,0.34039039,0.72250000,-0.00262425,1.00262425,0
169,26999,0.30992966,0.00000000,140.31000000,50.49520139,2.77884611,0.85287034,0.39996767,0.52170478,147.04787234,0.94000000,-2.40814721,0,77,0.89301646,0.15418978,0.30348225,0.77750000,0.00330026,0.99669974,0
170,27099,0.15941937,0.00000000,67.71000000,50.78328459,1.33319045,0.36739081,0.74064275,2.31287648,115.51000000,0.50000000,8.96537115,1,77,0.88819423,0.15890946,7.67040630,0.39500000,-0.00090874,1.00090874,0
171,27199,0.26754474,0.00000000,130.47000000,51.08659112,2.55391047,0.80469672,0.38164210,0.57269917,137.01595745,0.94000000,-1.98537627,0,78,0.88819423,0.15890946,0.43482824,0.74250000,0.00532472,0.99467528,0
172,27299,0.31640139,0.00000000,130.70000000,51.55671760,2.53535972,0.82646242,0.43760066,0.50883162,139.64673913,0.92000000,-2.31870424,0,79,0.88414942,0.16186532,0.41733131,0.74250000,-0.00158384,1.00158384,0
173,27399,0.26281791,0.00000000,129.40000000,52.00954682,2.48828332,0.82766257,0.37344113,0.64484609,135.72340426,0.94000000,-1.41062508,0,80,0.87939856,0.16627556,0.37520226,0.75750000,0.00840665,0.99159335,0
174,27499,0.35781476,0.00000000,132.90000000,52.46443259,2.53347125,0.83521015,0.48547245,0.61258361,138.07368421,0.95000000,-1.57741758,0,81,0.87646666,0.16728801,0.32145532,0.78750000,0.00099365,0.99900635,0
175,27599,0.27354199,0.00000000,125.54000000,52.89971329,2.37340409,0.77747928,0.44114692,0.61771021,136.06666667,0.90000000,-1.51357226,0,82,0.87320884,0.16880505,0.54140332,0.70750000,0.00639337,0.99360663,0
176,27699,0.29487097,0.00000000,116.56000000,53.28197872,2.18771285,0.72462025,0.47478196,0.66952688,129.28735632,0.87000000,-1.17899642,0,83,0.87009300,0.17011597,0.58708800,0.69250000,0.00271901,0.99728099,0
177,27799,0.29385649,0.00082962,109.00000000,53.60894533,2.03317064,0.67146939,0.63850625,0.96044259,119.03370787,0.89000000,0.54407364,0,84,0.86767655,0.17050274,0.65071717,0.65500000,-0.00292021,1.00292021,0
178,27899,0.25675645,0.00000000,115.43000000,53.94535284,2.13985928,0.70706488,0.41029411,0.80017608,128.00000000,0.88000000,-0.40409385,0,85,0.86878090,0.16977448,0.78028916,0.70250000,0.01088847,0.98911153,0
179,27999,0.26473704,0.00000000,123.40000000,54.31509947,2.27216398,0.72560267,0.45981013,0.90188437,135.87500000,0.88000000,0.20074360,0,86,0.86797379,0.16892487,0.50465375,0.67750000,-0.00474854,1.00474854,0
180,28099,0.07894667,0.00481551,52.29000000,54.49576663,0.95954189,0.20028557,0.61077344,3.61424281,93.86486486,0.37000000,nan,0,86,0.86836810,0.16796806,4.82634920,0.32500000,-0.02136596,1.02136596,0
181,28199,0.31530219,0.00000000,137.43000000,54.71580542,2.51178668,0.75697828,0.43478290,0.71517213,146.58152174,0.92000000,-0.91205412,0,87,0.86836810,0.16796806,0.43413068,0.74000000,0.00761299,0.99238701,0
182,28299,0.27356646,0.00000000,122.91000000,55.13497193,2.22943940,0.70255867,0.46509189,0.78643645,140.23809524,0.84000000,-0.47779165,0,88,0.86660722,0.16779442,0.82728008,0.67000000,0.00699818,0.99300182,0
183,28399,0.24224642,0.00000000,119.69000000,55.49011044,2.15700120,0.76200029,0.35484808,0.59900695,129.67777778,0.90000000,-1.59650128,0,89,0.86569619,0.16704606,0.38140850,0.72500000,0.01026002,0.98973998,0
184,28499,0.31281463,0.00000000,127.85000000,55.85208060,2.28895522,0.74829194,0.47900398,0.57150104,136.75000000,0.92000000,-1.72835910,0,90,0.86269968,0.16848272,0.44256331,0.75750000,0.00718984,0.99281016,0
185,28599,0.30111910,0.00000000,129.76000000,56.24052070,2.30699024,0.78876180,0.43411847,0.72154880,136.01595745,0.94000000,-0.80973189,0,91,0.85946414,0.17032223,0.42875789,0.70250000,0.01113505,0.98886495,0
186,28699,0.29128707,0.00000000,142.77000000,56.66815404,2.51910027,0.77194985,0.37540498,0.52350717,150.87634409,0.93000000,-1.96742667,0,92,0.85794859,0.16998927,0.27909564,0.79750000,0.00174096,0.99825904,0
187,28799,0.31787243,0.00000000,137.87000000,57.10525676,2.41381017,0.77279776,0.52117923,0.64429100,147.58695652,0.92000000,-1.21673748,0,93,0.85431336,0.17261107,0.40680565,0.75000000,0.02028824,0.97971176,0
188,28899,0.29996988,0.00000000,144.66000000,57.58280819,2.51250200,0.77505720,0.44581069,0.66824287,153.53763441,0.93000000,-1.06221391,0,94,0.85205505,0.17304630,0.48047891,0.75750000,0.00300654,0.99699346,0
189,28999,0.32813550,0.00000000,129.69000000,57.99500175,2.23628830,0.70604150,0.52665946,0.73969472,143.00000000,0.88000000,-0.63760926,0,95,0.85009960,0.17315446,0.89219866,0.68000000,0.01158899,0.98841101,0
190,29099,0.15158175,0.04032035,64.69000000,58.20229317,1.11149752,0.27220556,0.87252003,6.21804391,132.41666667,0.30000000,nan,0,95,0.84893745,0.17260305,7.65637336,0.29250000,0.00355847,0.99644153,0
191,29199,0.17968956,0.00000000,100.27000000,58.26554452,1.72019637,0.49988754,0.55048104,1.46883937,136.47794118,0.68000000,3.59148879,1,95,0.84893745,0.17260305,5.69254540,0.55250000,0.00097143,0.99902857,0
192,29299,0.25884625,0.00000000,143.60000000,58.64814135,2.44833675,0.74283330,0.38485357,0.58197604,151.00000000,0.94000000,-1.54667837,0,96,0.84893745,0.17260305,0.47128910,0.72000000,0.00701018,0.99298982,0
193,29399,0.29445682,0.00000000,142.36000000,59.09249403,2.40914054,0.79722982,0.43251370,0.66149058,148.36842105,0.95000000,-1.06227142,0,97,0.84615660,0.17384071,0.36193686,0.76500000,0.00367793,0.99632207,0
194,29499,0.28102340,0.00000000,127.72000000,59.46531419,2.14749144,0.70606472,0.44482855,0.64699973,136.33152174,0.92000000,-1.13398763,0,98,0.84425283,0.17394642,0.48153171,0.73250000,0.00297375,0.99702625,0
195,29599,0.29847792,0.00337936,124.27000000,59.81753496,2.07741349,0.65483160,0.48167798,0.77207479,135.62921348,0.89000000,-0.40280672,0,99,0.84224004,0.17419086,0.77307214,0.66750000,0.00012445,0.99987555,0
196,29699,0.28752357,0.00000000,133.80000000,60.17985751,2.22345722,0.71276546,0.50508157,0.72908308,143.78571429,0.91000000,-0.64832855,0,100,0.84153130,0.17344327,0.49419666,0.68500000,0.01413028,0.98586972,0
197,29799,0.25580733,0.00000000,135.41000000,60.57034596,2.23598416,0.74029648,0.42333967,0.67025089,148.42134831,0.89000000,-0.98395241,0,101,0.84040682,0.17293105,0.52372297,0.69750000,0.00925999,0.99074001,0
198,29899,0.30429152,0.00000000,142.27000000,60.93835708,2.33450518,0.81269483,0.45337491,0.61923591,152.14673913,0.92000000,-1.26947513,0,102,0.83872210,0.17289523,0.40309217,0.74250000,0.01573841,0.98426159,0
199,29999,0.30795036,0.00000000,132.37000000,61.34230947,2.15815529,0.72991017,0.48959340,0.69715075,137.71578947,0.95000000,-0.80401372,0,103,0.83657028,0.17340441,0.57675568,0.72750000,0.00591124,0.99408876,0
200,30099,0.17855032,0.03274973,76.10000000,61.55441951,1.23636967,0.35928649,0.76528457,5.12688870,132.71428571,0.42000000,nan,0,103,0.83521669,0.17309827,7.87949502,0.35000000,-0.00868920,1.00868920,0
201,30199,0.15931954,0.04047676,80.12000000,61.61838745,1.30023799,0.39800343,0.65974127,2.71292775,113.40983607,0.61000000,10.84765934,1,103,0.83521669,0.17309827,5.90177069,0.46250000,0.00967946,0.99032054,0
202,30299,0.22244194,0.00000000,151.74000000,61.88712857,2.45176883,0.79862077,0.32746110,0.49815254,156.78645833,0.96000000,-1.94724163,0,104,0.83521669,0.17309827,0.26123623,0.78250000,0.01511642,0.98488358,0
203,30399,0.29444844,0.00000000,152.16000000,62.33346808,2.44103797,0.81848776,0.42477004,0.64487079,158.83157895,0.95000000,-1.06674349,0,105,0.83197569,0.17539821,0.31061342,0.77250000,0.00796481,0.99203519,0
204,30499,0.29051629,0.00000000,161.65000000,62.79634984,2.57419105,0.80338570,0.47349101,0.68931998,165.77319588,0.97000000,-0.80267496,0,106,0.83019374,0.17550536,0.26978503,0.78750000,-0.00080877,1.00080877,0
205,30599,0.30084308,0.00000000,148.96000000,63.26344709,2.35494465,0.77330155,0.46818989,0.67205939,153.63020833,0.96000000,-0.89499372,0,107,0.82886474,0.17520274,0.31167666,0.76250000,0.00309046,0.99690954,0
206,30699,0.31907731,0.00000000,162.06000000,63.70060042,2.54424678,0.86614643,0.42581038,0.76650349,162.30000000,1.00000000,-0.34791220,0,108,0.82739927,0.17503202,0.19211082,0.82250000,0.01802806,0.98197194,0
207,30799,0.34460601,0.00000000,156.29000000,64.15749070,2.43610870,0.79859824,0.50016797,0.75242810,157.70202020,0.99000000,-0.42686599,0,109,0.82683542,0.17431071,0.38386327,0.79500000,0.00226289,0.99773711,0
208,30899,0.30268385,0.00000000,145.44000000,64.57694764,2.25233014,0.74800573,0.43333272,0.69374156,153.02659574,0.94000000,-0.76252593,0,110,0.82615278,0.17364816,0.43501420,0.74750000,0.00131724,0.99868276,0
209,30999,0.30520521,0.00000000,162.73000000,65.00466275,2.50353422,0.79187718,0.40790371,0.62631231,164.11111111,0.99000000,-1.14613401,0,111,0.82494905,0.17331022,0.26390267,0.80000000,0.01341486,0.98658514,0
210,31099,0.18859095,0.01934982,84.75000000,65.26865188,1.29844951,0.39837225,0.60487041,1.83408492,119.10317460,0.63000000,5.82505462,1,111,0.82315953,0.17354780,4.06450454,0.47250000,0.01485396,0.98514604,0
211,31199,0.23131108,0.00000000,146.51000000,65.52822952,2.23608675,0.75408145,0.37945230,0.68185931,150.34536082,0.97000000,-0.81418618,0,112,0.82315953,0.17354780,0.29824985,0.75250000,-0.00728025,1.00728025,0
212,31299,0.29829599,0.00000000,141.38000000,65.89106158,2.14579039,0.72275973,0.50845484,0.78193997,155.50561798,0.89000000,-0.23059832,0,113,0.82189792,0.17327943,0.63767879,0.69750000,0.01074573,0.98925427,0
213,31399,0.30051792,0.00182616,136.46000000,66.24357676,2.06025554,0.66042299,0.50723684,0.88663315,146.54395604,0.91000000,0.37722804,0,114,0.82154431,0.17254508,0.59931113,0.70250000,0.01821834,0.98178166,0
214,31499,0.27438758,0.00000000,139.17000000,66.57629876,2.09065687,0.70065386,0.45399810,0.73077384,148.77173913,0.92000000,-0.53140067,0,115,0.82211526,0.17188805,0.48767458,0.73250000,0.01455686,0.98544314,0
215,31599,0.25696462,0.00000000,138.38000000,66.90711331,2.06843856,0.69403236,0.47868544,0.59651864,151.37222222,0.90000000,-1.31199176,0,116,0.82132099,0.17134433,0.85141128,0.73250000,0.00643553,0.99356447,0
216,31699,0.25658986,0.00000000,161.12000000,67.27067949,2.39497233,0.75072221,0.39286946,0.59502149,171.49462366,0.93000000,-1.30541549,0,117,0.81938304,0.17186984,0.43377467,0.77750000,0.00671677,0.99328323,0
217,31799,0.35280851,0.00000000,167.16000000,67.72949302,2.46820909,0.80923740,0.52876088,0.59288901,171.37113402,0.97000000,-1.30279918,0,118,0.81746542,0.17237991,0.26382662,0.80750000,0.00570899,0.99429101,0
218,31899,0.30066974,0.00000000,161.89000000,68.16326683,2.37499043,0.77308120,0.45251832,0.61528311,168.59473684,0.95000000,-1.15847129,0,119,0.81556223,0.17288225,0.26492789,0.80750000,0.01295163,0.98704837,0
219,31999,0.24612823,0.00000000,154.75000000,68.56444736,2.25678951,0.71365474,0.44091655,0.54007278,164.56451613,0.93000000,-1.58155895,0,120,0.81387921,0.17312439,0.49097712,0.77500000,0.00518683,0.99481317,0
220,32099,0.21866981,0.00869954,106.67000000,68.83515896,1.54946623,0.48807341,0.65780302,2.77026829,138.34285714,0.70000000,11.24393501,1,120,0.81159749,0.17419798,5.42187291,0.55500000,-0.01226308,1.01226308,0
221,32199,0.26623425,0.00000000,165.11000000,69.15625409,2.38741157,0.73438592,0.41184789,0.65945692,170.79687500,0.96000000,-0.87337734,0,121,0.81159749,0.17419798,0.33956563,0.79750000,0.00763215,0.99236785,0
222,32299,0.33658890,0.00000000,162.68000000,69.57866293,2.33792760,0.74712879,0.51489740,0.83659454,168.60937500,0.96000000,0.15086908,0,122,0.81034013,0.17402114,0.47376112,0.77000000,0.00267677,0.99732323,0
223,32399,0.30319623,0.00000000,165.34000000,70.00910436,2.36170424,0.73994744,0.47755085,0.66922038,167.03535354,0.99000000,-0.81547144,0,123,0.81055533,0.17331686,0.35383479,0.77000000,0.00432285,0.99567715,0
224,32499,0.31345595,0.00000000,172.42000000,70.45311782,2.44738759,0.79764933,0.40720035,0.55163932,178.47395833,0.96000000,-1.48933766,0,124,0.80940626,0.17307489,0.25100918,0.82000000,0.00283190,0.99716810,0
225,32599,0.33359734,0.00000000,171.70000000,70.91351479,2.42154306,0.75604716,0.50947385,0.65641659,171.96500000,1.00000000,-0.86771665,0,125,0.80732750,0.17391727,0.24321500,0.82000000,0.00837448,0.99162552,0
226,32699,0.28443851,0.00000000,160.90000000,71.30877668,2.25616788,0.75157631,0.43006895,0.61788966,169.14361702,0.94000000,-1.08340559,0,126,0.80612021,0.17373969,0.29655130,0.80000000,0.00657241,0.99342759,0
227,32799,0.34285701,0.00000000,171.88000000,71.73967724,2.39590777,0.77096572,0.52820696,0.72652440,178.01041667,0.96000000,-0.44923866,0,127,0.80462632,0.17385394,0.29048160,0.80250000,-0.00595848,1.00595848,0
228,32899,0.25418283,0.00000000,157.94000000,72.15867180,2.18898955,0.69448060,0.44556240,0.72790289,171.88333333,0.90000000,-0.43916839,0,128,0.80401134,0.17330130,0.39090126,0.77500000,0.01185126,0.98814874,0
229,32999,0.39855725,0.00000000,181.22000000,72.57551151,2.49708069,0.82716337,0.52323706,0.67097492,184.50000000,0.98000000,-0.76667335,0,129,0.80341674,0.17274870,0.22188200,0.85000000,0.00447915,0.99552085,0
230,33099,0.16823851,0.00000000,105.83000000,72.82906316,1.45283208,0.41425064,0.57582735,2.01554008,143.88970588,0.68000000,7.03408983,1,129,0.80239006,0.17246723,4.97390533,0.53500000,0.00191441,0.99808559,0
231,33199,0.28573939,0.00000000,183.00000000,73.20686637,2.50016426,0.78744767,0.41146099,0.65083054,187.98453608,0.97000000,-0.87877285,0,130,0.80239006,0.17246723,0.22640471,0.81500000,0.00878143,0.99121857,0
232,33299,0.28393536,0.00000000,163.26000000,73.62282716,2.21760221,0.73573471,0.47330768,0.64564826,168.95833333,0.96000000,-0.90287918,0,131,0.80122422,0.17231094,0.37365721,0.78000000,-0.00099607,1.00099607,0
233,33399,0.28687605,0.00000000,197.90000000,74.07107995,2.67166831,0.84317054,0.39639927,0.53554531,204.97916667,0.96000000,-1.53609429,0,132,0.80003662,0.17218429,0.20538858,0.84750000,0.01930155,0.98069845,0
234,33499,0.26454146,0.00000000,176.25000000,74.55316131,2.36400945,0.71877848,0.43899944,0.60886134,179.59183673,0.98000000,-1.09307408,0,133,0.79803290,0.17306381,0.26493934,0.81500000,-0.00069451,1.00069451,0
235,33599,0.31459302,0.00000000,165.41000000,74.97709437,2.20631240,0.73031151,0.52317811,0.63920985,173.86702128,0.94000000,-0.90885572,0,134,0.79661055,0.17318558,0.31883748,0.80250000,0.00822615,0.99177385,0
236,33699,0.30844259,0.00000000,198.23000000,75.40113787,2.62864708,0.83030731,0.43638859,0.55394527,200.11111111,0.99000000,-1.39534922,0,135,0.79543592,0.17306825,0.17302616,0.87000000,0.01876578,0.98123422,0
237,33799,0.29653693,0.00000000,183.94000000,75.92923610,2.42297174,0.78080416,0.43816281,0.58323132,185.55555556,0.99000000,-1.21158780,0,136,0.79364710,0.17366945,0.20358162,0.84500000,-0.00828502,1.00828502,0
238,33899,0.28433240,0.00000000,164.66000000,76.35162383,2.15711306,0.69472849,0.53458380,0.75575390,166.39393939,0.99000000,-0.20892937,0,137,0.79209993,0.17396325,0.32811403,0.80250000,0.01184423,0.98815577,0
239,33999,0.28323328,0.00000000,170.51000000,76.71739271,2.22287103,0.72925954,0.45317353,0.64006549,179.64361702,0.94000000,-0.87550544,0,138,0.79183463,0.17335031,0.35913753,0.80000000,0.00491028,0.99508972,0
240,34099,0.17776185,0.00860915,100.58000000,76.90879783,1.30766150,0.37763796,0.64238576,2.80261758,164.62037037,0.54000000,11.61601757,1,138,0.79073485,0.17319901,6.42841626,0.46250000,0.00242555,0.99757445,0
241,34199,0.30977956,0.00000000,161.10000000,77.17764886,2.08754527,0.67628858,0.55779789,0.83545705,172.80978261,0.92000000,0.25821281,0,139,0.79073485,0.17319901,0.71310821,0.74750000,-0.00306431,1.00306431,0
242,34299,0.27587103,0.00000000,181.45000000,77.54302611,2.33979144,0.77593462,0.39659535,0.64565216,187.91145833,0.96000000,-0.84237723,0,140,0.79105659,0.17261202,0.39724171,0.82500000,0.01116047,0.98883953,0
243,34399,0.28468815,0.00000000,166.14000000,77.95177655,2.13134666,0.66813698,0.50181803,0.68632161,178.23369565,0.92000000,-0.60138781,0,141,0.79001799,0.17242846,0.49644990,0.76750000,0.00561710,0.99438290,0
244,34499,0.22147757,0.00000000,160.31000000,78.30550829,2.04733144,0.63577735,0.49228028,0.70769582,170.37096774,0.93000000,-0.47424958,0,142,0.78928256,0.17203334,0.42685347,0.75500000,0.01416427,0.98583573,0
245,34599,0.33189438,0.00000000,187.09000000,78.69636021,2.37752722,0.78270698,0.49248632,0.74269204,188.99494949,0.99000000,-0.26822256,0,143,0.78870800,0.17155888,0.25832374,0.82000000,0.00716055,0.99283945,0
246,34699,0.29631048,0.00000000,191.08000000,79.13814195,2.41456965,0.80851997,0.40015663,0.59392234,197.78125000,0.96000000,-1.13723539,0,144,0.78838621,0.17099703,0.20580379,0.80000000,0.00683334,0.99316666,0
247,34799,0.27055263,0.00000000,175.54000000,79.54037766,2.20669012,0.74311026,0.45743694,0.63224491,179.84020619,0.97000000,-0.90432686,0,145,0.78703577,0.17116694,0.33872551,0.79750000,0.00939130,0.99060870,0
248,34899,0.31290493,0.00000000,181.33000000,79.95193736,2.26795515,0.78355170,0.45081951,0.67667005,190.56914894,0.94000000,-0.63896417,0,146,0.78596824,0.17105527,0.26429662,0.78000000,0.00465319,0.99534681,0
249,34999,0.25505621,0.00000000,183.04000000,80.38584007,2.27737043,0.76853591,0.41528952,0.55200453,187.81958763,0.97000000,-1.36619399,0,147,0.78521963,0.17070423,0.25043154,0.85750000,0.00881540,0.99118460,0
250,35099,0.16147339,0.01061091,101.22000000,80.60293769,1.25577377,0.35104235,0.62925822,4.51958333,146.75000000,0.60000000,21.82180321,1,147,0.78363313,0.17120263,5.91784633,0.47750000,0.00411361,0.99588639,0
251,35199,0.24985329,0.00000000,167.31000000,80.80793154,2.07026427,0.67456666,0.46697637,0.81961233,186.36363636,0.88000000,0.21015564,0,148,0.78363313,0.17120263,1.15022646,0.75500000,0.00227081,0.99772919,0
252,35299,0.28701041,0.00000000,190.30000000,81.21348755,2.34324351,0.75768339,0.43855854,0.66465198,193.68877551,0.98000000,-0.69866850,0,149,0.78387623,0.17064495,0.21904039,0.81750000,0.01359492,0.98640508,0
253,35399,0.28518670,0.00000000,194.19000000,81.63926820,2.37846571,0.77655510,0.43759634,0.56502928,195.96969697,0.99000000,-1.28001008,0,150,0.78307607,0.17034771,0.27072533,0.83250000,0.00531580,0.99468420,0
254,35499,0.34437565,0.00000000,184.41000000,82.06548850,2.24699735,0.78504884,0.47670970,0.74537077,190.91145833,0.96000000,-0.21236306,0,151,0.78162242,0.17070604,0.22417349,0.81750000,0.01199325,0.98800675,0
255,35599,0.25104839,0.00000000,176.30000000,82.45610349,2.13808998,0.72739344,0.42126528,0.63494271,182.55729167,0.96000000,-0.86059136,0,152,0.78138235,0.17016164,0.29481345,0.82500000,0.01479164,0.98520836,0
256,35699,0.28873662,0.00000000,172.94000000,82.83710173,2.08797871,0.71147449,0.47837401,0.73302658,175.88265306,0.98000000,-0.27875774,0,153,0.78041893,0.17001268,0.35532179,0.79750000,0.00220409,0.99779591,0
257,35799,0.28708613,0.00000000,187.62000000,83.16166696,2.25558079,0.79912841,0.41586759,0.58795260,190.86734694,0.98000000,-1.13369508,0,154,0.78010917,0.16949582,0.25135834,0.83500000,0.00880468,0.99119532,0
258,35899,0.29326885,0.00000000,191.00000000,83.61188170,2.28445916,0.79295854,0.40477602,0.56470855,194.50510204,0.98000000,-1.26232803,0,155,0.77886140,0.16964914,0.18786124,0.83750000,-0.00740943,1.00740943,0
259,35999,0.32980085,0.00000000,199.70000000,84.03177379,2.37641383,0.80886150,0.47517110,0.52921716,199.95000000,1.00000000,-1.46062553,0,156,0.77747977,0.16997006,0.16046237,0.84500000,0.01407143,0.98592857,0
260,36099,0.13542234,0.02586274,84.49000000,84.26813751,1.00264931,0.25820990,0.73580543,4.95899156,138.06603774,0.53000000,24.52240604,1,156,0.77588835,0.17058290,6.72886424,0.40250000,-0.00527268,1.00527268,0
261,36199,0.20990709,0.00000000,167.00000000,84.36737615,1.97886022,0.61608388,0.48813847,0.76264335,183.28651685,0.89000000,-0.07764550,0,157,0.77588835,0.17058290,1.28916752,0.74000000,0.02472013,0.97527987,0
262,36299,0.25644201,0.00000000,183.31000000,84.76306482,2.16261014,0.74440716,0.41155530,0.52455004,186.64795918,0.98000000,-1.47762912,0,158,0.77580398,0.17003857,0.28989338,0.83250000,0.00489916,0.99510084,0
263,36399,0.30708397,0.00000000,184.97000000,85.14022624,2.17253334,0.71699747,0.49388974,0.67573170,191.80729167,0.96000000,-0.57702959,0,159,0.77421377,0.17067074,0.30326473,0.82500000,0.01474548,0.98525452,0
264,36499,0.28294023,0.00000000,191.30000000,85.52764328,2.23666990,0.76858259,0.41804059,0.55876046,196.62886598,0.97000000,-1.26143638,0,160,0.77359438,0.17030897,0.31558253,0.84000000,0.01158130,0.98841870,0
265,36599,0.30705332,0.00000000,175.15000000,85.88095880,2.03924142,0.72071533,0.52818162,0.72437608,178.37755102,0.98000000,-0.28059780,0,161,0.77225167,0.17061999,0.28072768,0.82250000,0.00269662,0.99730338,0
266,36699,0.24754482,0.00000000,179.51000000,86.23199474,2.08159749,0.68700074,0.42573009,0.61661750,184.03092784,0.97000000,-0.91305947,0,162,0.77195431,0.17012781,0.26865579,0.81500000,0.00199539,0.99800461,0
267,36799,0.28273911,0.00000000,195.70000000,86.61942398,2.25930557,0.76593564,0.48464143,0.59914839,199.38775510,0.98000000,-1.01064387,0,163,0.77099544,0.17003719,0.25643194,0.84750000,0.01675449,0.98324551,0
268,36899,0.28103465,0.00000000,182.27000000,87.01468100,2.09487448,0.72195849,0.52793928,0.62050562,191.89893617,0.94000000,-0.87879925,0,164,0.76994116,0.17004514,0.26154472,0.81500000,0.01230083,0.98769917,0
269,36999,0.27008405,0.00000000,172.33000000,87.34650081,1.97306068,0.65691110,0.50925631,0.70383023,175.39795918,0.98000000,-0.38369974,0,165,0.76902997,0.16992386,0.25407111,0.79250000,0.00994569,0.99005431,0
270,37099,0.21349231,0.00000000,128.00000000,87.50921902,1.46240097,0.48685847,0.52679390,1.19339897,184.54615385,0.65000000,2.50626365,0,166,0.76863482,0.16948103,5.80562570,0.57500000,0.02458363,0.97541637,0
271,37199,0.25715205,0.00000000,205.23000000,87.85087942,2.33598810,0.78895552,0.41723026,0.57782420,207.05555556,0.99000000,-1.12324220,0,167,0.77119364,0.17215293,0.16224911,0.85750000,0.00619496,0.99380504,0
272,37299,0.29543996,0.00000000,211.27000000,88.30019659,2.39261974,0.80305165,0.46781640,0.55955142,211.54000000,1.00000000,-1.22172418,0,168,0.77003574,0.17228465,0.14438607,0.88000000,0.00116132,0.99883868,0
273,37399,0.31796084,0.00000000,196.70000000,88.72991013,2.21691257,0.81100309,0.45593957,0.53715172,196.91500000,1.00000000,-1.34252472,0,169,0.76878286,0.17253399,0.16059977,0.86250000,0.01147255,0.98852745,0
274,37499,0.26738561,0.00000000,191.70000000,89.14515565,2.15089848,0.74081994,0.48277036,0.52328302,198.80729167,0.96000000,-1.41164088,0,170,0.76741226,0.17294004,0.36135645,0.84000000,0.00980482,0.99019518,0
275,37599,0.30084126,0.00000000,197.95000000,89.49763412,2.21186305,0.74310378,0.45821425,0.68422738,199.80303030,0.99000000,-0.47133434,0,171,0.76597620,0.17344126,0.18589416,0.83250000,-0.00594539,1.00594539,0
276,37699,0.25179381,0.00000000,187.60000000,89.87619229,2.08743922,0.72073338,0.42050112,0.58131368,189.44444444,0.99000000,-1.06438340,0,172,0.76549814,0.17304334,0.37555799,0.83000000,-0.00194038,1.00194038,0
277,37799,0.24099623,0.00000000,195.38000000,90.23515524,2.16527214,0.73864347,0.40093242,0.50197457,200.59793814,0.97000000,-1.51612787,0,173,0.76442730,0.17310725,0.30740474,0.82750000,0.01592834,0.98407166,0
278,37899,0.27966369,0.00000000,185.83000000,90.60450298,2.05114414,0.69064521,0.46486724,0.61741111,195.73404255,0.94000000,-0.83739125,0,174,0.76291023,0.17375286,0.37425514,0.79750000,0.00841469,0.99158531,0
279,37999,0.28897445,0.00000000,206.68000000,90.96900180,2.27196406,0.77804818,0.48620122,0.60317541,214.13541667,0.96000000,-0.91531080,0,175,0.76207403,0.17360073,0.17725064,0.85000000,-0.00067489,1.00067489,0
280,38099,0.21083860,0.00000000,145.58000000,91.20838978,1.59570889,0.47233306,0.48851188,1.16287456,195.41549296,0.71000000,2.31509058,0,176,0.76116604,0.17351741,4.28762310,0.61750000,0.00287839,0.99712161,0
281,38199,0.32203616,0.00000000,200.69000000,91.54017358,2.19205286,0.70858675,0.50701127,0.68220522,202.44444444,0.99000000,-0.46252777,0,177,0.76344847,0.17565055,0.40954819,0.81500000,0.01017665,0.98982335,0
282,38299,0.30859542,0.00000000,207.75000000,91.94943477,2.25920315,0.74326227,0.44609596,0.61067744,211.39795918,0.98000000,-0.86907689,0,178,0.76298947,0.17525726,0.20088598,0.84250000,0.01349405,0.98650595,0
283,38399,0.32744283,0.00296842,194.80000000,92.36556060,2.10921180,0.68762031,0.58446283,0.70605320,201.71875000,0.96000000,-0.32021535,0,179,0.76213379,0.17513396,0.37013441,0.80000000,0.00469443,0.99530557,0
284,38499,0.25242027,0.00000000,214.50000000,92.74227811,2.31284295,0.77413954,0.38542529,0.56111215,216.35353535,0.99000000,-1.14892942,0,180,0.76182049,0.17469162,0.16566274,0.86000000,0.00702700,0.99297300,0
285,38599,0.34606369,0.00000000,232.81000000,93.18166933,2.49813028,0.81738839,0.53223582,0.75501634,237.00000000,0.98000000,-0.03253815,0,181,0.76070544,0.17484414,0.21212940,0.84500000,-0.01674392,1.01674392,0
286,38699,0.27722842,0.00000000,196.05000000,93.63954654,2.09383614,0.68973398,0.47631083,0.56460983,210.54347826,0.92000000,-1.12449009,0,182,0.76067401,0.17435830,0.35669288,0.81250000,0.01637442,0.98362558,0
287,38799,0.26628870,0.00000000,196.99000000,93.97049775,2.09614912,0.68415508,0.47569397,0.63340083,209.32795699,0.93000000,-0.72325909,0,183,0.75959673,0.17448229,0.30334523,0.80250000,0.00794602,0.99205398,0
288,38899,0.26996781,0.00000000,218.50000000,94.36842418,2.31526912,0.75568679,0.41997476,0.55740624,222.73979592,0.98000000,-1.15637524,0,184,0.75890714,0.17425217,0.25011289,0.82250000,0.00019060,0.99980940,0
289,38999,0.35229841,0.00000000,219.83000000,94.81065859,2.31865496,0.75967017,0.50010549,0.68731386,223.95918367,0.98000000,-0.40421132,0,185,0.75781203,0.17440919,0.20584642,0.86250000,-0.00291021,1.00291021,0
290,39099,0.21905036,0.00000000,149.87000000,95.07449313,1.57608174,0.53004015,0.49762110,1.06934820,191.38157895,0.76000000,1.79250616,0,186,0.75743095,0.17401181,3.22009050,0.63250000,0.00636717,0.99363283,0
291,39199,0.25307527,0.00000000,189.97000000,95.38822108,1.99167712,0.71348269,0.41224013,0.57666298,193.73979592,0.98000000,-1.04229564,0,187,0.75910793,0.17504146,0.29424923,0.84000000,-0.00380318,1.00380318,0
292,39299,0.26587347,0.00000000,199.37000000,95.71973438,2.08291294,0.66885296,0.46313266,0.59217772,210.43085106,0.94000000,-0.94788193,0,188,0.75813229,0.17507936,0.35747370,0.78750000,0.00732412,0.99267588,0
293,39399,0.26490614,0.00000000,196.46000000,96.06750601,2.04507458,0.67146853,0.46449959,0.70786632,207.07446809,0.94000000,-0.28214217,0,189,0.75724955,0.17502960,0.32553884,0.78500000,0.01448705,0.98551295,0
294,39499,0.21501367,0.00000000,197.31000000,96.40254367,2.04670219,0.65319609,0.43843786,0.69477091,204.19791667,0.96000000,-0.35634136,0,190,0.75698826,0.17460043,0.28002955,0.81750000,0.00588119,0.99411881,0
295,39599,0.22885266,0.00000000,178.61000000,96.73935685,1.84651371,0.62610201,0.45843643,0.78915544,188.01595745,0.94000000,0.18654024,0,191,0.75666080,0.17419640,0.37954148,0.78500000,0.01910243,0.98089757,0
296,39699,0.22623158,0.00000000,192.45000000,97.02209719,1.98365010,0.63538390,0.47869719,0.67793166,201.21578947,0.95000000,-0.45408796,0,192,0.75683093,0.17375329,0.45102263,0.79250000,0.00559534,0.99440466,0
297,39799,0.27038049,0.00000000,223.20000000,97.39309020,2.29182798,0.77569407,0.44705562,0.69872063,225.32323232,0.99000000,-0.33276959,0,193,0.75642000,0.17339136,0.19839992,0.85000000,0.00340142,0.99659858,0
298,39899,0.30016974,0.00000000,202.86000000,97.78149936,2.07470288,0.71601116,0.46474908,0.62524993,206.98469388,0.98000000,-0.75652805,0,194,0.75612104,0.17298910,0.30621590,0.82000000,0.00560252,0.99439748,0
299,39999,0.25144138,0.00000000,215.25000000,98.13929346,2.19323351,0.72384957,0.44867673,0.59558058,219.20918367,0.98000000,-0.92517108,0,195,0.75544644,0.17279600,0.21188787,0.84750000,0.00799666,0.99200334,0
300,40099,0.20672708,0.02458205,140.92000000,98.36459658,1.43242979,0.44120761,0.60745081,1.63233059,178.30263158,0.76000000,5.08136731,1,195,0.75462662,0.17272988,1.87438941,0.61500000,0.01947148,0.98052852,0
301,40199,0.24804651,0.00000000,198.21000000,98.67107881,2.00903005,0.70039261,0.48199801,0.72294623,202.15306122,0.98000000,-0.18340999,0,196,0.75462662,0.17272988,0.34602756,0.84250000,0.00234989,0.99765011,0
302,40299,0.25797517,0.00000000,223.99000000,99.02534245,2.26202298,0.73768015,0.39617548,0.59693704,229.97422680,0.97000000,-0.91425876,0,197,0.75446499,0.17230127,0.26723704,0.80750000,0.00522788,0.99477212,0
303,40399,0.19520417,0.00000000,203.51000000,99.40423998,2.04737011,0.65187477,0.41623908,0.65137495,210.85416667,0.96000000,-0.59392693,0,198,0.75366535,0.17222725,0.35032822,0.77750000,0.00989391,0.99010609,0
304,40499,0.26518395,0.00000000,205.77000000,99.74797080,2.06294902,0.69905656,0.45802910,0.68162958,211.17010309,0.97000000,-0.41594615,0,199,0.75314873,0.17194331,0.29401531,0.80000000,-0.00099902,1.00099902,0
305,40599,0.25899037,0.00000000,200.16000000,100.09110625,1.99987934,0.63790224,0.52126986,0.69169374,209.38421053,0.95000000,-0.35606926,0,200,0.75278934,0.17158348,0.35498395,0.77500000,-0.00086008,1.00086008,0
306,40699,0.27304167,0.00000000,206.75000000,100.42165218,2.05885491,0.68247941,0.44926974,0.70958718,214.36979167,0.96000000,-0.25055544,0,201,0.75248386,0.17120633,0.35388577,0.79750000,0.00942062,0.99057938,0
307,40799,0.28148962,0.00000000,206.81000000,100.77555400,2.05230237,0.70185289,0.47646013,0.87644699,212.55154639,0.97000000,0.72700944,0,202,0.75227045,0.17080458,0.39395085,0.78500000,-0.00191971,1.00191971,0
308,40899,0.28914873,0.00000000,209.77000000,101.12238220,2.07451727,0.70270304,0.45028143,0.69358054,213.89285714,0.98000000,-0.34761775,0,203,0.75288518,0.17060303,0.36342266,0.81250000,0.00261067,0.99738933,0
309,40999,0.22567895,0.00000000,191.18000000,101.44295476,1.88468354,0.62691618,0.51843615,0.80606964,194.41326531,0.98000000,0.31414113,0,204,0.75259304,0.17023112,0.27686880,0.80250000,0.00777989,0.99222011,0
310,41099,0.18618725,0.00000000,142.79000000,101.62475097,1.40499436,0.45371401,0.55746092,1.25241903,171.57500000,0.80000000,2.94116128,0,205,0.75285518,0.16985259,1.32020430,0.65750000,-0.01126393,1.01126393,0
311,41199,0.20111971,0.00000000,175.16000000,101.84782830,1.71995452,0.55235745,0.48096719,0.95638346,183.12105263,0.95000000,1.16243882,0,206,0.75529208,0.17299094,0.62672288,0.76000000,0.02717431,0.97282569,0
312,41299,0.20926001,0.00000000,190.91000000,102.08071867,1.87011779,0.58450863,0.42182696,0.75766956,196.75257732,0.97000000,0.00809369,0,207,0.75626825,0.17313632,0.54252710,0.81000000,0.01541980,0.98458020,0
313,41399,0.20427850,0.00000000,189.17000000,102.36508921,1.84795894,0.57997100,0.41005207,0.67405128,201.46774194,0.93000000,-0.47606433,0,208,0.75627502,0.17271560,0.35240880,0.80000000,0.00079149,0.99920851,0
314,41499,0.20610730,0.00000000,173.61000000,102.61927575,1.69177637,0.56348078,0.49097738,0.76004536,183.43617021,0.94000000,0.02416380,0,209,0.75587971,0.17239221,0.55880441,0.77750000,0.00055305,0.99944695,0
315,41599,0.22503628,0.00000000,203.06000000,102.88529330,1.97359121,0.60693807,0.47604663,0.66982836,208.45360825,0.97000000,-0.50047975,0,210,0.75589964,0.17197755,0.31625422,0.80000000,0.01752269,0.98247731,0
316,41699,0.23292618,0.00000000,215.39000000,103.24477761,2.08638229,0.67337872,0.43490620,0.70059187,221.30412371,0.97000000,-0.31979044,0,211,0.75548978,0.17166840,0.41951963,0.80750000,0.01660726,0.98339274,0
317,41799,0.21927575,0.00000000,209.51000000,103.57861686,2.02278083,0.65491093,0.44498264,0.67405047,217.18229167,0.96000000,-0.47389791,0,212,0.75522960,0.17130088,0.37107820,0.82500000,0.00998200,0.99001800,0
318,41899,0.32609245,0.01115483,217.98000000,103.89989736,2.09779056,0.69101009,0.52451262,0.84123701,221.73469388,0.98000000,0.50524976,0,213,0.75484668,0.17098539,0.28905805,0.82000000,-0.00035240,1.00035240,0
319,41999,0.23738694,0.00000000,215.43000000,104.27003470,2.06606488,0.68444260,0.45160749,0.67959648,219.51530612,0.98000000,-0.44324977,0,214,0.75525227,0.17068432,0.27048826,0.83750000,-0.00297867,1.00297867,0
320,42099,0.24865204,0.00000000,200.21000000,104.54517278,1.91463486,0.62883683,0.47488146,1.04020779,230.80588235,0.85000000,1.67472534,0,215,0.75489874,0.17036170,1.37832600,0.71000000,-0.01044606,1.01044606,0
321,42199,0.25821061,0.00000000,217.38000000,104.90073390,2.07206527,0.67623795,0.49505089,0.84623008,223.78350515,0.97000000,0.52611535,0,216,0.75622576,0.17107337,0.39709466,0.82000000,0.02340532,0.97659468,0
322,42299,0.24470240,0.00000000,212.86000000,105.24847402,2.02233991,0.66396427,0.44876306,0.71022805,214.88383838,0.99000000,-0.27177105,0,217,0.75664244,0.17078489,0.27008221,0.82750000,0.01544698,0.98455302,0
323,42399,0.25864537,0.00000000,235.45000000,105.61949892,2.22913581,0.74935563,0.45682154,0.73858660,239.88775510,0.98000000,-0.10469506,0,218,0.75642855,0.17041823,0.22231294,0.84000000,0.01472136,0.98527864,0
324,42499,0.28615681,0.00536667,201.06000000,105.99698652,1.89703714,0.61070705,0.50993523,0.82228292,204.81632653,0.98000000,0.38779301,0,219,0.75634671,0.17002940,0.25654370,0.81250000,0.00737085,0.99262915,0
325,42599,0.28769490,0.00000000,216.58000000,106.29869899,2.03754382,0.69182491,0.46733639,0.67868012,218.60101010,0.99000000,-0.45945096,0,220,0.75664779,0.16969748,0.25801866,0.82500000,0.00368016,0.99631984,0
326,42699,0.25843562,0.00000000,207.69000000,106.61344829,1.94805360,0.63856841,0.48374936,0.77497602,213.20103093,0.97000000,0.11029285,0,221,0.75629339,0.16939118,0.25162101,0.81750000,0.01387418,0.98612582,0
327,42799,0.25904095,0.00000000,210.38000000,106.93379838,1.96744749,0.57841347,0.58853844,0.79863193,220.06315789,0.95000000,0.25000827,0,222,0.75637792,0.16901043,0.41211015,0.80500000,0.00661964,0.99338036,0
328,42899,0.25869299,0.00000000,211.68000000,107.23911620,1.97385711,0.66629827,0.47560353,0.82537078,215.52551020,0.98000000,0.40795687,0,223,0.75656826,0.16865147,0.26287262,0.79250000,0.02129534,0.97870466,0
329,42999,0.22841922,0.00000000,219.96000000,107.56927869,2.04477563,0.70415764,0.40955407,0.66291590,222.25252525,0.99000000,-0.55818044,0,224,0.75687679,0.16833426,0.21895470,0.86000000,-0.00483195,1.00483195,0
330,43099,0.17280751,0.00000000,150.45000000,107.77932213,1.39580378,0.41281394,0.63406456,1.61093503,174.81547619,0.84000000,5.08394670,1,224,0.75645732,0.16807370,2.70853759,0.64250000,0.01704741,0.98295259,0
331,43199,0.23982078,0.00000000,210.63000000,108.00398522,1.94999407,0.61202221,0.51599547,0.89319818,214.80612245,0.98000000,0.81357681,0,225,0.75645732,0.16807370,0.60060059,0.85250000,0.01127095,0.98872905,0
332,43299,0.27309642,0.00000000,200.06000000,108.32102066,1.84691639,0.61875195,0.52784815,1.02552018,204.04591837,0.98000000,1.59846375,0,226,0.75706506,0.16794570,0.41580053,0.81250000,0.01505010,0.98494990,0
333,43399,0.23538221,0.00000000,222.41000000,108.63101781,2.04740683,0.67799809,0.45546143,0.85887807,222.66000000,1.00000000,0.59710799,0,227,0.75825291,0.16852088,0.30372529,0.82250000,0.00535693,0.99464307,0
334,43499,0.25122242,0.00000000,230.04000000,108.99015008,2.11074239,0.73236877,0.46030585,0.70810474,238.51562500,0.96000000,-0.30063819,0,228,0.75869620,0.16828021,0.27862118,0.83250000,0.00796371,0.99203629,0
335,43599,0.22831775,0.00000000,211.75000000,109.31124338,1.93710585,0.60155564,0.43714339,0.90596156,225.70967742,0.93000000,0.87820054,0,229,0.75847430,0.16794257,0.33157450,0.78500000,0.01607443,0.98392557,0
336,43699,0.33859692,0.00410967,238.77000000,109.65855664,2.17739154,0.71510669,0.55405692,1.05122504,243.16836735,0.98000000,1.74021097,0,230,0.75911835,0.16785705,0.21646712,0.83250000,0.00578792,0.99421208,0
337,43799,0.27659603,0.00000000,239.80000000,110.02024568,2.17935665,0.69966002,0.47474798,0.82488052,244.29081633,0.98000000,0.38252929,0,231,0.76038838,0.16859400,0.21426561,0.84750000,0.02132057,0.97867943,0
338,43899,0.31751095,0.00000000,252.49000000,110.45527285,2.28602351,0.75196294,0.51245178,0.92777515,259.45876289,0.97000000,0.99302945,0,232,0.76066757,0.16828059,0.20382433,0.83250000,-0.00541901,1.00541901,0
339,43999,0.25742793,0.00000000,226.11000000,110.81926818,2.04029955,0.65844948,0.43999992,0.80012155,226.36500000,1.00000000,0.23018228,0,233,0.76138786,0.16827399,0.20102397,0.83750000,0.00706478,0.99293522,0
340,44099,0.18306586,0.00000000,179.71000000,111.07887433,1.61777274,0.51163804,0.44217784,1.02768350,206.67058824,0.85000000,1.58476287,0,234,0.76155410,0.16793011,1.08819243,0.69250000,-0.00307820,1.00307820,0
341,44199,0.25950919,0.03122970,180.92000000,111.29407315,1.62558189,0.52586360,0.55417015,1.05530104,189.18947368,0.95000000,1.73686438,0,235,0.76269140,0.16847005,0.41936429,0.74000000,0.01182960,0.98817040,0
342,44299,0.24103630,0.02554947,190.24000000,111.51719630,1.70593878,0.54981404,0.51579679,1.03252698,195.32474227,0.97000000,1.58750897,0,236,0.76393655,0.16918986,0.31626054,0.77500000,0.02332234,0.97667766,0
343,44399,0.23913212,0.00000000,202.38000000,111.75659863,1.81086104,0.61528669,0.48706241,0.93208516,208.05154639,0.97000000,0.98396376,0,237,0.76507465,0.16973238,0.23940407,0.80500000,0.02159677,0.97840323,0
344,44499,0.29436169,0.00000000,210.89000000,112.05009789,1.88220346,0.68856098,0.55493575,0.92438978,216.88144330,0.97000000,0.93454480,0,238,0.76577933,0.16971947,0.28585363,0.81000000,0.00695967,0.99304033,0
345,44599,0.23913617,0.00000000,212.36000000,112.32537230,1.89058092,0.60680460,0.47997498,0.89140276,216.40306122,0.98000000,0.73645857,0,239,0.76644576,0.16967281,0.32886360,0.82250000,0.01749433,0.98250567,0
346,44699,0.23374227,0.00000000,208.25000000,112.61749591,1.84924769,0.65449336,0.46754221,0.87839827,208.55500000,1.00000000,0.65736810,0,240,0.76696859,0.16950880,0.23043608,0.82000000,0.00387753,0.99612247,0
347,44799,0.22767815,0.00000000,194.15000000,112.87897205,1.72008447,0.55830731,0.52682844,0.80082635,197.45918367,0.98000000,0.19723656,0,241,0.76743288,0.16930666,0.23042737,0.77500000,0.01237005,0.98762995,0
348,44899,0.26722917,0.02475819,175.81000000,113.08076342,1.55478172,0.53009537,0.61687204,1.05523258,186.73655914,0.93000000,1.70246660,0,242,0.76757145,0.16896727,0.55056078,0.75000000,0.01233841,0.98766159,0
349,44999,0.23440125,0.01333594,187.64000000,113.26512615,1.65663628,0.53518397,0.46815694,0.86890847,195.98947368,0.95000000,0.59040238,0,243,0.76876013,0.16962727,0.33831467,0.76000000,0.01340787,0.98659213,0
350,45099,0.06426736,0.01356679,90.25000000,113.33570680,0.79632769,0.16933937,0.50347630,3.06892578,126.50000000,0.64000000,13.57601239,1,243,0.76917226,0.16939831,2.80449441,0.46750000,0.00164889,0.99835111,0
351,45199,0.12478575,0.02542365,120.59000000,113.29799897,1.06435645,0.28163014,0.62108040,2.04717821,146.34177215,0.79000000,7.54438440,2,243,0.76917226,0.16939831,2.73202744,0.58250000,-0.00123432,1.00123432,0
352,45299,0.17984459,0.02928707,154.77000000,113.38313873,1.36500842,0.41312619,0.47754416,1.01181413,161.70000000,0.95000000,1.43237480,0,244,0.76917226,0.16939831,0.47966544,0.74750000,0.02053131,0.97946869,0
353,45399,0.23061855,0.00000000,209.05000000,113.57859364,1.84056546,0.58903333,0.44799998,0.69664064,209.31000000,1.00000000,-0.43311367,0,245,0.77016670,0.16976156,0.24024022,0.80750000,0.00816592,0.99183408,0
354,45499,0.23585903,0.00000000,220.05000000,113.87268640,1.93248897,0.58373608,0.49421246,0.91168807,224.08163265,0.98000000,0.83681132,0,246,0.76986659,0.16947844,0.17938281,0.85250000,0.00589634,0.99410366,0
355,45599,0.24750779,0.00000000,214.85000000,114.15321414,1.88209606,0.62461551,0.52362115,0.86680111,222.58333333,0.96000000,0.56890755,0,247,0.77044310,0.16937375,0.32012968,0.81750000,0.00557910,0.99442090,0
356,45699,0.28856541,0.00000000,242.11000000,114.47361092,2.11495492,0.72623326,0.44509057,0.74939278,251.81250000,0.96000000,-0.12676121,0,248,0.77083321,0.16914031,0.32587597,0.85000000,0.00798010,0.99201990,0
357,45799,0.34717159,0.00713043,250.07000000,114.85647446,2.17735842,0.71150415,0.53937499,0.93744270,252.35353535,0.99000000,0.98751730,0,249,0.77074676,0.16880306,0.16489337,0.83500000,0.00574069,0.99425931,0
358,45899,0.25993312,0.00000000,225.92000000,115.18925573,1.96129885,0.67352674,0.48965340,0.90776714,232.10309278,0.97000000,0.80779827,0,250,0.77141622,0.16879328,0.24733801,0.85000000,0.02211949,0.97788051,0
359,45999,0.28883135,0.00000000,221.42000000,115.51629930,1.91699304,0.63021864,0.54695128,0.95444322,229.79166667,0.96000000,1.08185588,0,251,0.77196163,0.16867459,0.32168904,0.81250000,0.00568524,0.99431476,0
360,46099,0.14706901,0.00000000,143.88000000,115.63556156,1.24417649,0.33719043,0.53613204,1.93352448,185.48630137,0.73000000,6.87982243,1,251,0.77268864,0.16873049,2.82468340,0.58500000,-0.00452168,1.00452168,0
361,46199,0.21357887,0.00000000,196.76000000,115.83625965,1.69865349,0.54381561,0.52617457,1.01673388,200.48469388,0.98000000,1.44636119,0,252,0.77268864,0.16873049,0.35222933,0.83000000,0.00982213,0.99017787,0
362,46299,0.29741382,0.03043970,205.52000000,116.07570735,1.77065071,0.59132272,0.55801669,1.04598031,209.10714286,0.98000000,1.61048112,0,253,0.77365708,0.16909434,0.27459264,0.80500000,0.01566335,0.98433665,0
363,46399,0.19706799,0.00000000,213.92000000,116.31982055,1.83906016,0.58022006,0.42045016,0.84631417,218.27551020,0.98000000,0.42199456,0,254,0.77473345,0.16962474,0.42180254,0.78250000,0.01254615,0.98745385,0
364,46499,0.25557156,0.00000000,229.58000000,116.62614399,1.96864918,0.62265976,0.51182656,1.03279277,233.72959184,0.98000000,1.52216948,0,255,0.77501527,0.16934875,0.28510285,0.84250000,0.01420032,0.98579968,0
365,46599,0.22794520,0.00000000,215.59000000,116.89440320,1.84427475,0.60665062,0.46262284,0.96039112,219.38265306,0.98000000,1.08587816,0,256,0.77602616,0.16978420,0.25683477,0.84000000,0.01305993,0.98694007,0
366,46699,0.22465110,0.00000000,206.53000000,117.15741358,1.76284483,0.57982736,0.45953888,0.69360284,210.36224490,0.98000000,-0.48953353,0,257,0.77674634,0.16984230,0.28528976,0.82750000,0.01418487,0.98581513,0
367,46799,0.18654624,0.00000000,200.40000000,117.38746249,1.70714571,0.50366878,0.47801877,0.80542197,213.60215054,0.93000000,0.17099607,0,258,0.77642282,0.16958957,0.50173505,0.78250000,-0.00113641,1.00113641,0
368,46899,0.30648058,0.00000000,227.83000000,117.65216619,1.93645384,0.65487981,0.48252832,0.72981733,228.06500000,1.00000000,-0.27599799,0,259,0.77653522,0.16926894,0.18820807,0.85500000,0.00711089,0.99288911,0
369,46999,0.25767334,0.00914820,215.39000000,117.93566648,1.82633578,0.57905490,0.54724242,0.85032131,219.24489796,0.98000000,0.43776072,0,260,0.77635484,0.16896552,0.19546802,0.87250000,0.00014141,0.99985859,0
370,47099,0.00702927,0.00854405,51.80000000,117.98608700,0.43901764,0.03264260,0.59978986,6.81004070,105.23214286,0.28000000,nan,0,260,0.77663933,0.16870139,9.07667332,0.25250000,0.00943773,0.99056227,0
371,47199,0.25712393,0.00000000,233.15000000,118.04420391,1.97511169,0.64202975,0.53592863,1.00284941,241.67187500,0.96000000,1.34089047,0,261,0.77663933,0.16870139,0.34478176,0.83000000,0.01521345,0.98478655,0
372,47299,0.23414548,0.00000000,206.26000000,118.33103965,1.74316905,0.54993107,0.51928370,1.04126975,214.05729167,0.96000000,1.56112142,0,262,0.77750603,0.16895785,0.40892816,0.80000000,0.00596923,0.99403077,0
373,47399,0.22641612,0.00000000,212.66000000,118.55561838,1.79372181,0.61239611,0.42710194,0.79740568,214.79797980,0.99000000,0.11151566,0,263,0.77851276,0.16941936,0.25479664,0.82250000,0.00454090,0.99545910,0
374,47499,0.18930728,0.00000000,206.59000000,118.79445976,1.73899509,0.56185162,0.45980443,0.77423798,214.70833333,0.96000000,-0.02570446,0,264,0.77858460,0.16909974,0.57680638,0.81000000,0.01643879,0.98356121,0
375,47599,0.22953795,0.00000000,223.32000000,119.06796803,1.87562813,0.60303701,0.50864068,0.76480048,227.67346939,0.98000000,-0.08157248,0,265,0.77856814,0.16877817,0.39952390,0.82500000,0.01354486,0.98645514,0
376,47699,0.22899403,0.00000000,204.70000000,119.30156166,1.71575363,0.59179639,0.48123690,0.77684431,206.62626263,0.99000000,-0.00992441,0,266,0.77851618,0.16846033,0.22343657,0.83250000,0.01143954,0.98856046,0
377,47799,0.22698537,0.00000000,216.04000000,119.56176060,1.80698795,0.60801087,0.48512014,0.85603761,222.04123711,0.97000000,0.46108419,0,267,0.77850990,0.16814221,0.29175042,0.83500000,0.00281947,0.99718053,0
378,47899,0.23895113,0.00000000,210.97000000,119.79779765,1.76102693,0.58204785,0.53225859,0.83741417,220.28421053,0.95000000,0.34911483,0,268,0.77880026,0.16789291,0.26389162,0.84250000,0.01014504,0.98985496,0
379,47999,0.21111613,0.00000000,218.25000000,120.05335109,1.81795460,0.60200348,0.44486112,0.69825041,222.26530612,0.98000000,-0.48186533,0,269,0.77901897,0.16761645,0.21249469,0.82750000,0.00259404,0.99740596,0
380,48099,0.09890293,0.00000000,129.74000000,120.16003304,1.07971466,0.30532907,0.56260992,2.85012907,187.10156250,0.64000000,12.37579769,1,269,0.77871872,0.16737591,5.31883551,0.53250000,0.01539426,0.98460574,0
381,48199,0.20907618,0.00000000,221.67000000,120.34560078,1.84199303,0.60246193,0.48242995,0.89414034,221.86500000,1.00000000,0.68959524,0,270,0.77871872,0.16737591,0.22735914,0.84750000,0.00710965,0.99289035,0
382,48299,0.19316028,0.00000000,206.80000000,120.57831514,1.71503377,0.54282847,0.49307456,0.91885483,208.84848485,0.99000000,0.83551735,0,271,0.77914621,0.16721211,0.34444742,0.78750000,0.00231688,0.99768312,0
383,48399,0.26160072,0.00000000,223.28000000,120.85738470,1.84765701,0.59774575,0.52644705,0.89089549,223.56000000,1.00000000,0.66560090,0,272,0.77966174,0.16711780,0.29230789,0.80750000,0.01333041,0.98666959,0
384,48499,0.20729985,0.00000000,212.99000000,121.08406018,1.75903261,0.52205438,0.54337354,0.88853305,222.82631579,0.95000000,0.64968739,0,273,0.78007068,0.16694548,0.48945132,0.78000000,0.00142887,0.99857113,0
385,48599,0.20552623,0.00000000,213.60000000,121.31801535,1.76063355,0.57134452,0.44942304,0.74883771,215.94444444,0.99000000,-0.18966684,0,274,0.78046798,0.16676756,0.25955247,0.83250000,0.00570667,0.99429333,0
386,48699,0.21021368,0.00000000,227.85000000,121.58844487,1.87400601,0.66133271,0.46196510,0.80188270,230.38888889,0.99000000,0.12933135,0,275,0.78035254,0.16647281,0.65110451,0.83500000,0.01650887,0.98349113,0
387,48799,0.28202106,0.00000000,240.11000000,121.86832496,1.97023257,0.61846448,0.51949764,0.79546122,244.64285714,0.98000000,0.09044977,0,276,0.78043083,0.16617382,0.25034694,0.85000000,0.02286957,0.97713043,0
388,48899,0.25752435,0.01767501,200.01000000,122.11308863,1.63785801,0.52261263,0.59314160,0.95630653,207.44270833,0.96000000,1.05996944,0,277,0.78048529,0.16587388,0.46682321,0.82000000,-0.00512041,1.00512041,0
389,48999,0.20109217,0.00000000,211.18000000,122.34629111,1.72614246,0.50726178,0.48581976,0.82416400,217.34536082,0.97000000,0.25944207,0,278,0.78112002,0.16590978,0.38630862,0.83250000,-0.00032189,1.00032189,0
390,49099,0.12667059,0.00000000,140.17000000,122.44678982,1.14471926,0.31682577,0.53839014,2.84232059,183.88356164,0.73000000,12.44366270,1,278,0.78127486,0.16563015,3.79460988,0.58000000,-0.01452227,1.01452227,0
391,49199,0.12576071,0.00000000,187.28000000,122.58371725,1.52779414,0.45523431,0.48320326,0.90730617,192.41752577,0.97000000,0.76092008,0,279,0.78127486,0.16563015,0.49662986,0.75500000,0.01664775,0.98335225,0
392,49299,0.11099565,0.00000000,169.06000000,122.72606902,1.37755917,0.37633431,0.45237428,0.90250733,176.68421053,0.95000000,0.72977508,0,280,0.78172658,0.16550407,0.54044495,0.73750000,0.00908133,0.99091867,0
393,49399,0.17924652,0.00000000,188.86000000,122.85994019,1.53718233,0.44328552,0.44627101,0.80318908,194.13402062,0.97000000,0.12718026,0,281,0.78215794,0.16536481,0.27771164,0.82750000,0.01233902,0.98766098,0
394,49499,0.18531396,0.00000000,189.13000000,123.03491044,1.53722176,0.50119886,0.51928340,0.64045322,195.60937500,0.96000000,-0.85888480,0,282,0.78223279,0.16507402,0.41363563,0.81500000,0.01083847,0.98916153,0
395,49599,0.16276549,0.01308236,159.70000000,123.17539375,1.29656210,0.34995888,0.54517877,1.12613044,169.91397849,0.93000000,2.08732357,0,283,0.78173002,0.16499618,0.61202891,0.74000000,0.00582323,0.99417677,0
396,49699,0.07774661,0.00000000,139.85000000,123.23188520,1.13485928,0.28971754,0.47225661,0.90040116,151.70879121,0.91000000,0.70767954,0,284,0.78294699,0.16597085,0.60012120,0.74250000,0.00964865,0.99035135,0
397,49799,0.13807173,0.00000000,166.02000000,123.30481873,1.34642723,0.40121351,0.48265341,0.79268442,182.09444444,0.90000000,0.05622751,0,285,0.78336056,0.16582389,0.71783879,0.74000000,0.00027217,0.99972783,0
398,49899,0.13219565,0.00000000,170.41000000,123.40668168,1.38085415,0.43492862,0.40688416,0.65657177,179.97872340,0.94000000,-0.76614213,0,286,0.78339327,0.16553261,0.48115063,0.77500000,0.02376641,0.97623359,0
399,49999,0.09500174,0.00000000,153.76000000,123.50331140,1.24497066,0.31400030,0.44980099,0.64652902,160.42105263,0.95000000,-0.82473338,0,287,0.78294984,0.16541203,0.34472534,0.75500000,0.00973198,0.99026802,0
400,50099,0.08253835,0.05255154,58.70000000,123.48675962,0.47530113,0.07971077,1.19978617,15.83396950,128.42424242,0.33000000,nan,0,287,0.78247451,0.16531883,7.16139575,0.28500000,0.01778580,0.98221420,0
401,50199,0.08566691,0.08400470,77.94000000,123.34142584,0.63189196,0.14079060,0.83164119,13.59264101,149.37500000,0.40000000,nan,0,287,0.78247451,0.16531883,7.48630894,0.34000000,-0.01690053,1.01690053,0
402,50299,0.24188417,0.15186001,171.96000000,123.28821669,1.39463744,0.37641107,1.03897935,13.33993276,212.41666667,0.78000000,75.95903216,1,287,0.78247451,0.16531883,3.38725644,0.64250000,0.02264792,0.97735208,0
403,50399,0.31620309,0.19246317,228.53000000,123.50802988,1.85020062,0.59366164,0.68849962,11.62242581,236.44270833,0.96000000,65.56997384,2,287,0.78247451,0.16531883,0.97050738,0.78000000,0.01311598,0.98688402,0
404,50499,0.25384289,0.21156880,206.19000000,123.73488751,1.66626309,0.50392747,0.57711087,8.47582865,217.93085106,0.94000000,46.53646644,3,287,0.78247451,0.16531883,1.27856589,0.74250000,-0.01138496,1.01138496,1
405,50599,0.15870319,0.00000000,0.23000000,0.13068920,1.60019578,0.20000000,0.87067122,nan,0.00000000,0.00000000,nan,0,0,0.00000000,nan,23.47034701,0.00000000,0.00303868,0.99696132,0
406,50699,0.35099365,0.00000000,1.70000000,0.53473802,3.16391956,0.69068864,0.60417395,nan,0.00000000,0.00000000,nan,0,0,0.00000000,nan,16.00745156,0.00000000,-0.00731919,1.00731919,0
407,50799,0.27678111,0.00000000,2.26000000,1.21732822,1.89216014,0.55583431,0.60933344,nan,0.00000000,0.00000000,nan,0,0,0.00000000,nan,14.50229228,0.00000000,0.00381384,0.99618616,0
408,50899,0.36348771,0.00000000,3.25000000,1.61027998,2.01584291,0.54094255,0.82619821,nan,0.00000000,0.00000000,nan,0,0,0.00000000,nan,14.49738973,0.00000000,-0.00091773,1.00091773,0
409,50999,0.41569552,0.00000000,4.06000000,2.06657311,1.96340346,0.58881710,0.87310473,nan,0.00000000,0.00000000,nan,0,0,0.00000000,nan,12.26035810,0.00000000,0.01422372,0.98577628,0
410,51099,0.30753707,0.00000000,3.28000000,2.30131160,1.41400962,0.41274738,1.40125304,nan,0.00000000,0.00000000,nan,0,0,0.00000000,nan,23.38956968,0.00000000,0.02080665,0.97919335,0
411,51199,0.38027400,0.00000000,6.65000000,2.75359873,2.41717188,0.72648943,0.61188360,nan,0.00000000,0.00000000,nan,0,0,0.00000000,nan,8.91401090,0.00000000,-0.01605848,1.01605848,0
412,51299,0.61193147,0.00000000,8.54000000,3.39561288,2.51774758,0.78383530,0.83413651,nan,0.00000000,0.00000000,nan,0,0,0.00000000,nan,8.55333857,0.00000000,0.00237587,0.99762413,0
413,51399,0.43756198,0.00000000,7.93000000,3.95495301,2.00183005,0.60103714,0.94327583,nan,0.00000000,0.00000000,nan,0,0,0.00000000,nan,11.58244522,0.00000000,0.01162797,0.98837203,0
414,51499,0.25099842,0.00000000,7.45000000,4.39961009,1.69918795,0.52423651,0.63568658,nan,0.00000000,0.00000000,nan,0,0,0.00000000,nan,10.50129727,0.00000000,0.00324808,0.99675192,0
415,51599,0.29972893,0.00000000,7.89000000,4.66024592,1.69048065,0.52262034,0.72478797,nan,0.00000000,0.00000000,nan,0,0,0.00000000,nan,9.44255876,0.00000000,0.00453225,0.99546775,0
416,51699,0.36814805,0.00000000,10.62000000,5.06423649,2.09586673,0.63332187,0.75631827,nan,0.00000000,0.00000000,nan,0,0,0.00000000,nan,8.67689232,0.00000000,0.00271900,0.99728100,0
417,51799,0.34518920,0.00000000,12.46000000,5.59914280,2.22844916,0.68698463,0.58816274,nan,0.00000000,0.00000000,nan,0,0,0.00000000,nan,7.23002055,0.00750000,-0.00296486,1.00296486,0
418,51899,0.32916016,0.00000000,13.12000000,6.07495603,2.15136940,0.66704977,0.61290704,nan,0.00000000,0.00000000,nan,0,0,0.00000000,nan,6.94212447,0.01000000,-0.00659356,1.00659356,0
419,51999,0.43242102,0.00000000,14.91000000,6.67268317,2.23651302,0.71460047,0.70134208,nan,0.00000000,0.00000000,nan,0,0,0.00000000,nan,7.18134696,0.01000000,0.00746110,0.99253890,0
420,52099,0.13051168,0.00000000,6.36000000,6.87376327,0.92632663,0.25828326,1.11190936,nan,0.00000000,0.00000000,nan,0,0,0.00000000,nan,23.05802810,0.00250000,0.03472834,0.96527166,0
421,52199,0.17457731,0.00000000,14.32000000,7.11543719,2.01095605,0.58890043,0.35911674,nan,0.00000000,0.00000000,nan,0,0,0.00000000,nan,6.96756265,0.01000000,0.00585560,0.99414440,0
422,52299,0.25172055,0.00000000,14.73000000,7.56006520,1.94975701,0.57934699,0.55342529,nan,0.00000000,0.00000000,nan,0,0,0.00000000,nan,7.21450256,0.01000000,-0.00069346,1.00069346,0
423,52399,0.25740740,0.00000000,14.64000000,7.96085035,1.84163180,0.57631210,0.58258576,nan,0.00000000,0.00000000,nan,0,0,0.00000000,nan,7.42979754,0.02750000,-0.01100231,1.01100231,0
424,52499,0.24187527,0.00000000,16.44000000,8.30462485,1.97733709,0.61610503,0.51154691,nan,0.00000000,0.00000000,nan,0,0,0.00000000,nan,7.68358272,0.04750000,-0.00017742,1.00017742,0
425,52599,0.24823848,0.00000000,15.68000000,8.72425409,1.79928065,0.58125945,0.50976677,1.39453154,37.00000000,0.02000000,nan,0,0,0.00000000,nan,6.99077798,0.05000000,-0.01049639,1.01049639,0
426,52699,0.19248154,0.00000000,15.77000000,9.03955872,1.74536071,0.58106453,0.44610958,8.30436526,47.50000000,0.01000000,nan,0,0,0.00000000,nan,6.57420093,0.04000000,0.01113849,0.98886151,0
427,52799,0.18851446,0.00000000,19.12000000,9.39070648,2.03493625,0.59422491,0.42860019,1.68884345,45.25000000,0.02000000,nan,0,0,0.00000000,nan,5.30104739,0.05500000,0.00574178,0.99425822,0
428,52899,0.24763080,0.00000000,19.64000000,9.85554983,1.99572725,0.64778400,0.47481899,0.12708064,66.00000000,0.01000000,nan,0,0,0.00000000,nan,4.68840800,0.04750000,-0.00430188,1.00430188,0
429,52999,0.18466759,0.00000000,23.00000000,10.29743032,2.23411800,0.69155302,0.31982744,0.82577788,49.25000000,0.04000000,nan,0,0,0.00000000,nan,3.74728637,0.08250000,0.00341611,0.99658389,0
430,53099,0.17523274,0.00000000,15.08000000,10.58900629,1.42221659,0.47005975,0.85088490,0.46064582,58.00000000,0.02000000,nan,0,0,0.00000000,nan,13.32612938,0.05750000,0.00258773,0.99741227,0
431,53199,0.10917234,0.00000000,19.06000000,10.89709052,1.75012973,0.54156347,0.25431304,0.78055137,47.25000000,0.02000000,nan,0,0,0.00000000,nan,4.51304606,0.08250000,0.00103891,0.99896109,0
432,53299,0.21601454,0.00000000,26.49000000,11.29822936,2.34326506,0.68706811,0.38409148,0.56598779,55.37500000,0.12000000,nan,0,0,0.00000000,nan,3.53904001,0.17000000,0.00955466,0.99044534,0
433,53399,0.16509813,0.00000000,25.34000000,11.82229677,2.14329721,0.70386534,0.30306987,0.71250498,50.09090909,0.11000000,nan,0,0,0.00000000,nan,3.36434607,0.14250000,0.00664406,0.99335594,0
434,53499,0.22211184,0.00000000,26.42000000,12.31420485,2.14686602,0.69201815,0.42308051,1.43035013,54.62500000,0.12000000,nan,0,0,0.00000000,nan,3.58008365,0.16000000,0.00343101,0.99656899,0
435,53599,0.19212483,0.00000000,28.87000000,12.81300025,2.25432195,0.66671191,0.37536669,0.40863716,52.58823529,0.17000000,nan,0,0,0.00000000,nan,3.61470613,0.17250000,-0.00276052,1.00276052,0
436,53699,0.22751303,0.00000000,27.40000000,13.28204885,2.06239571,0.64893089,0.44920310,0.50776588,55.46428571,0.14000000,nan,0,0,0.00000000,nan,3.77875475,0.17500000,0.00925459,0.99074541,0
437,53799,0.20858721,0.00000000,28.99000000,13.73259030,2.10988880,0.68328348,0.38400974,0.98608879,56.38888889,0.18000000,nan,0,0,0.00000000,nan,3.25775052,0.19750000,0.00744362,0.99255638,0
438,53899,0.24537285,0.00000000,32.11000000,14.29128629,2.25066706,0.70296838,0.46061582,0.64786124,54.79629630,0.27000000,nan,0,0,0.00000000,nan,2.95452599,0.22750000,-0.00462543,1.00462543,0
439,53999,0.20339118,0.00000000,38.49000000,14.85151670,2.59120418,0.84317531,0.30045758,0.51820804,60.76000000,0.25000000,nan,0,0,0.00000000,nan,1.84030471,0.25750000,0.01358010,0.98641990,0
440,54099,0.22830484,0.00000000,31.84000000,15.34730058,2.06897963,0.62870805,0.83598822,0.56680332,59.51923077,0.26000000,nan,0,0,0.00000000,nan,8.24121178,0.20750000,-0.00933087,1.00933087,0
441,54199,0.17457796,0.00000000,45.00000000,16.03251462,2.80432608,0.80557949,0.24896617,0.56593879,66.22222222,0.45000000,nan,0,0,0.00000000,nan,1.79452870,0.36000000,0.00996645,0.99003355,0
442,54299,0.24064186,0.00000000,46.28000000,16.83462020,2.74816925,0.81315139,0.31524512,0.64137216,61.50000000,0.54000000,nan,0,1,0.64137216,nan,1.52309441,0.38750000,0.00878881,0.99121119,0
443,54399,0.21376945,0.00000000,46.56000000,17.62239638,2.64307144,0.79611244,0.31023025,0.52523024,67.16304348,0.46000000,nan,0,1,0.64137216,nan,1.33143517,0.37750000,0.00333630,0.99666370,0
444,54499,0.21629548,0.00000000,46.58000000,18.34928615,2.53890716,0.75454869,0.38233257,0.62499944,67.65306122,0.49000000,nan,0,1,0.64137216,nan,1.68258414,0.40000000,0.00711902,0.99288098,0
445,54599,0.26110213,0.00000000,45.30000000,19.02251729,2.38104199,0.77658638,0.37784239,0.82278996,62.35576923,0.52000000,nan,0,2,0.73208106,0.12828176,1.72636689,0.39000000,0.00139355,0.99860645,0
446,54699,0.22749942,0.00000000,52.14000000,19.76801497,2.63992799,0.76600470,0.40097374,0.61368570,69.40983607,0.61000000,nan,0,3,0.69261594,0.11358077,1.47793885,0.45750000,-0.00695963,1.00695963,0
447,54799,0.24866605,0.00000000,46.15000000,20.43634519,2.25838051,0.72141961,0.43318051,0.88092340,65.71428571,0.49000000,nan,0,3,0.69261594,0.11358077,1.81785193,0.39500000,0.00580770,0.99419230,0
448,54899,0.32061539,0.00000000,52.87000000,21.11258957,2.50498385,0.82792771,0.50802085,0.78694630,66.64166667,0.60000000,nan,0,4,0.71619853,0.10404301,1.36154965,0.45500000,0.00452975,0.99547025,0
449,54999,0.21943452,0.00000000,52.84000000,21.82051354,2.42197187,0.74503558,0.34336341,0.68021923,70.37500000,0.60000000,nan,0,5,0.70900267,0.09152930,1.51615248,0.46750000,-0.00144401,1.00144401,0
450,55099,0.17823065,0.00000000,44.91000000,22.29782514,2.00907338,0.57404615,0.77503669,0.67790452,77.47500000,0.40000000,nan,0,5,0.70900267,0.09152930,7.02806496,0.30750000,-0.00847948,1.00847948,0
451,55199,0.16956563,0.00000000,59.54000000,23.05791289,2.58282406,0.76323977,0.28613949,0.53401924,75.17142857,0.70000000,nan,0,6,0.67983877,0.10865216,1.54896944,0.53250000,0.01423642,0.98576358,0
452,55299,0.27277674,0.00000000,55.12000000,23.71883517,2.32096662,0.70858832,0.43865897,0.86456410,71.90000000,0.65000000,nan,0,7,0.70622810,0.12129518,1.58034610,0.47750000,-0.00696175,1.00696175,0
453,55399,0.16931315,0.00000000,50.14000000,24.36775837,2.05762918,0.64241514,0.40811406,1.26917817,72.98958333,0.48000000,nan,0,7,0.70622810,0.12129518,1.59677213,0.42000000,0.00447929,0.99552071,0
454,55499,0.19454898,0.00000000,57.76000000,24.97760489,2.31321026,0.70698996,0.33940696,0.65877305,77.42741935,0.62000000,nan,0,8,0.70029622,0.11354396,1.69203685,0.50000000,0.01840109,0.98159891,0
455,55599,0.17885891,0.00000000,60.20000000,25.65242654,2.34762522,0.66202084,0.35535608,0.55894491,83.62711864,0.59000000,nan,0,9,0.68459052,0.11619261,1.22294297,0.51250000,-0.00307258,1.00307258,0
456,55699,0.31301343,0.00000000,61.04000000,26.31568937,2.31951769,0.70020686,0.57596285,0.86880157,79.42424242,0.66000000,nan,0,10,0.70301162,0.12407261,1.43556078,0.47250000,0.00281358,0.99718642,0
457,55799,0.20568619,0.00000000,58.96000000,26.92723146,2.18825997,0.68263196,0.39106570,0.84985343,77.38709677,0.62000000,nan,0,11,0.71636088,0.12575707,1.70002875,0.46000000,0.00340104,0.99659896,0
458,55899,0.27762648,0.00000000,69.38000000,27.68414031,2.50788976,0.76684303,0.44535729,0.76007139,84.06849315,0.73000000,nan,0,12,0.72000342,0.12056677,0.85906618,0.55750000,-0.00357992,1.00357992,0
459,55999,0.25034902,0.00000000,65.70000000,28.40741830,2.31387206,0.74191638,0.39820893,0.82705818,80.18666667,0.75000000,nan,0,13,0.72823840,0.11919135,1.48000095,0.53250000,0.01870151,0.98129849,0
460,56099,0.10934000,0.03726428,23.90000000,28.72448841,0.83189788,0.17887757,1.26728248,10.32848306,60.83333333,0.03000000,nan,0,13,0.72823840,0.11919135,13.48881414,0.06000000,-0.00104462,1.00104462,0
461,56199,0.15575046,0.00000000,38.25000000,28.63128089,1.33493269,0.38590628,0.47589173,0.85251788,79.16176471,0.34000000,nan,0,13,0.72823840,0.11919135,6.35120571,0.28750000,0.00005819,0.99994181,0
462,56299,0.18015172,0.00000000,61.62000000,29.08670579,2.11827999,0.70352997,0.31538973,0.68221100,77.36231884,0.69000000,nan,0,14,0.72495073,0.11517416,1.20166096,0.48750000,-0.00101860,1.00101860,0
463,56399,0.20406730,0.00000000,64.71000000,29.68908906,2.18021116,0.67963298,0.38296194,0.77717453,83.89705882,0.68000000,nan,0,15,0.72843232,0.11180073,1.62836293,0.48750000,-0.00609403,1.00609403,0
464,56499,0.24045960,0.00000000,63.94000000,30.24521116,2.11366361,0.65652032,0.42882926,0.84640491,85.68253968,0.63000000,nan,0,16,0.73580560,0.11196408,1.64856779,0.49250000,0.02000559,0.97999441,0
465,56599,0.20459235,0.00000000,65.63000000,30.81981777,2.12924726,0.63859653,0.44091994,0.82059596,85.14393939,0.66000000,nan,0,17,0.74079327,0.11034203,1.94327477,0.49750000,0.00698734,0.99301266,0
466,56699,0.20941108,0.00000000,76.76000000,31.42705337,2.44004789,0.69931813,0.41331047,0.64961275,99.67391304,0.69000000,nan,0,18,0.73572769,0.10918355,1.31298183,0.52750000,0.00137689,0.99862311,0
467,56799,0.18387744,0.00000000,56.28000000,32.04344021,1.75635623,0.51458201,0.43599244,0.86693279,79.84745763,0.59000000,nan,0,19,0.74263322,0.11029419,1.96924299,0.45000000,0.00162207,0.99837793,0
468,56899,0.26461808,0.00000000,63.57000000,32.47203202,1.95736842,0.62847038,0.48809434,1.02167161,80.06250000,0.72000000,nan,0,20,0.75658514,0.12416794,1.68968847,0.49750000,0.00040522,0.99959478,0
469,56999,0.16679360,0.00000000,51.61000000,32.87717726,1.56985442,0.49415341,0.49009922,1.03750834,74.23214286,0.56000000,nan,0,21,0.76996243,0.13566424,2.33108592,0.42250000,-0.01168995,1.01168995,0
470,57099,0.28826533,0.10269148,41.90000000,33.05815434,1.26726277,0.40421195,1.25213622,6.25119720,79.31250000,0.16000000,nan,0,21,0.76996243,0.13566424,11.13364937,0.16000000,0.01386732,0.98613268,0
471,57199,0.13433455,0.15019362,28.79000000,33.16455833,0.86800651,0.22148370,1.07426726,7.05770440,86.85714286,0.14000000,nan,0,21,0.76996243,0.13566424,12.28285006,0.14000000,0.02515484,0.97484516,0
472,57299,0.10845913,0.05668979,52.12000000,33.19952313,1.56944411,0.45189503,0.45761787,1.00560779,78.30392157,0.51000000,nan,0,22,0.78067359,0.14160650,3.36245962,0.38250000,-0.00209381,1.00209381,0
473,57399,0.16948318,0.00000000,53.48000000,33.50221436,1.59612753,0.47681550,0.40667648,1.30049761,76.46428571,0.56000000,nan,0,23,0.80327463,0.17575407,2.05575937,0.43750000,0.00267890,0.99732110,0
474,57499,0.15789659,0.00000000,59.84000000,33.88932211,1.76674932,0.52458878,0.40886736,1.06265529,88.75000000,0.54000000,nan,0,24,0.81408216,0.17986032,1.63669386,0.44000000,0.00306079,0.99693921,0
475,57599,0.12240068,0.00000000,47.05000000,34.11814877,1.37898043,0.43012359,0.44630381,0.97781793,71.49038462,0.52000000,nan,0,25,0.82063159,0.17909273,2.61612131,0.39750000,-0.00258693,1.00258693,0
476,57699,0.17955709,0.00000000,51.95000000,34.33622093,1.51294560,0.43374779,0.57309698,1.47403431,76.44339623,0.53000000,nan,0,26,0.84576246,0.21728281,1.62838879,0.40000000,-0.00305654,1.00305654,0
477,57799,0.23953066,0.00000000,58.43000000,34.60786337,1.68799975,0.50144580,0.53860377,1.46513842,83.52500000,0.60000000,nan,0,27,0.86870231,0.24414007,2.42812135,0.44500000,0.01248497,0.98751503,0
478,57899,0.15371278,0.00000000,59.76000000,34.95830294,1.70946719,0.52313841,0.43959213,1.13356540,78.57352941,0.68000000,nan,0,28,0.87816171,0.24474936,1.74454960,0.46250000,0.01681147,0.98318853,0
479,57999,0.18515614,0.00000000,65.29000000,35.33516224,1.84787999,0.58883025,0.41328531,0.87603279,84.37121212,0.66000000,nan,0,29,0.87808830,0.24033942,0.92557598,0.50000000,0.00181543,0.99818457,0
480,58099,0.06389954,0.03453898,18.14000000,35.42089032,0.51215468,0.08542265,1.40631763,5.96235607,77.75000000,0.02000000,nan,0,29,0.87808830,0.24033942,18.27088069,0.08000000,0.00789590,0.99210410,0
481,58199,0.20835727,0.13418441,34.42000000,35.31256861,0.97477428,0.24143326,1.17117165,8.37177538,86.50000000,0.15000000,nan,0,29,0.87808830,0.24033942,14.00701429,0.15500000,0.00201497,0.99798503,0
482,58299,0.19089991,0.16714507,41.77000000,35.34408331,1.18193640,0.33938915,0.79756619,11.38140423,104.10000000,0.15000000,nan,0,29,0.87808830,0.24033942,10.19644810,0.18500000,0.01308387,0.98691613,0
483,58399,0.13794577,0.19881913,37.21000000,35.41339017,1.05081896,0.25248954,0.83133309,6.49887714,82.50000000,0.24000000,nan,0,29,0.87808830,0.24033942,9.40192111,0.23000000,0.01861697,0.98138303,0
484,58499,0.09012965,0.21719049,27.86000000,35.34386029,0.78834684,0.18629456,0.70674640,5.17099726,64.18421053,0.19000000,nan,0,29,0.87808830,0.24033942,10.87766804,0.18250000,0.01195006,0.98804994,0
485,58599,0.10781274,0.23540153,31.54000000,35.30238290,0.89340897,0.20421333,0.73465636,6.86391578,81.63333333,0.15000000,nan,0,29,0.87808830,0.24033942,9.82453249,0.17000000,0.01688958,0.98311042,0
486,58699,0.08215205,0.20186283,37.54000000,35.24410581,1.06514085,0.25449421,0.52417874,5.02318632,90.87500000,0.20000000,nan,0,29,0.87808830,0.24033942,7.11410535,0.22750000,0.01432325,0.98567675,0
487,58799,0.10345545,0.12998672,46.30000000,35.29678783,1.31131651,0.38480864,0.57623696,1.37394740,86.97297297,0.37000000,nan,0,29,0.87808830,0.24033942,8.02425361,0.29500000,0.01154052,0.98845948,0
488,58899,0.09884666,0.00000000,61.32000000,35.57648392,1.72376174,0.51474960,0.27602403,0.78703914,87.98305085,0.59000000,nan,0,30,0.87505333,0.23674362,1.58376600,0.46500000,0.01057009,0.98942991,0
489,58999,0.19580950,0.00000000,65.78000000,35.92801594,1.83151843,0.55401582,0.45875729,1.17294637,87.49218750,0.64000000,1.25829388,0,31,0.87505333,0.23674362,1.20365951,0.47500000,-0.00454164,1.00454164,0
490,59099,0.14415022,0.00000000,45.78000000,36.14626107,1.26664528,0.32992236,0.71067088,4.32544201,91.65151515,0.33000000,nan,0,31,0.88466278,0.23883442,8.03534813,0.28750000,0.01248273,0.98751727,0
491,59199,0.11065266,0.00000000,39.20000000,36.18073450,1.08342973,0.28796122,0.53549289,1.59033585,76.64705882,0.34000000,nan,0,31,0.88466278,0.23883442,6.00247091,0.30000000,0.02294846,0.97705154,0
492,59299,0.15895175,0.00000000,59.66000000,36.36144884,1.64080797,0.50166324,0.41780580,1.15321831,84.33620690,0.58000000,1.12444235,0,32,0.88466278,0.23883442,1.95936400,0.41750000,0.00682924,0.99317076,0
493,59399,0.18989710,0.00000000,69.43000000,36.67250184,1.89316941,0.55900965,0.40119646,1.11454068,90.72794118,0.68000000,0.92401511,0,33,0.89305514,0.23969905,1.17192107,0.48250000,0.00484311,0.99515689,0
494,59499,0.18187993,0.00000000,65.82000000,37.03734455,1.77745206,0.54151298,0.41469269,0.90116396,90.62295082,0.61000000,0.00584446,0,34,0.89976682,0.23905373,1.36257931,0.46000000,0.02201964,0.97798036,0
495,59599,0.18257870,0.00000000,65.32000000,37.35446627,1.74900217,0.50575169,0.45703913,0.96762522,90.33898305,0.59000000,0.28808906,0,35,0.89980792,0.23540396,0.88918289,0.45500000,-0.00101565,1.00101565,0
496,59699,0.19299906,0.00000000,63.41000000,37.62043500,1.68528820,0.51473397,0.57176445,1.18958235,85.60833333,0.60000000,1.23961025,0,36,0.90174555,0.23219943,1.08701503,0.43500000,0.00210323,0.99789677,0
497,59799,0.17774014,0.00000000,65.18000000,37.90869420,1.71916509,0.54228192,0.40531173,0.79524880,87.04615385,0.65000000,-0.48963415,0,37,0.90974102,0.23383219,1.57618169,0.49250000,-0.00283405,1.00283405,0
498,59899,0.27392747,0.00000000,71.72000000,38.23675991,1.87544750,0.55868355,0.55020238,1.15523492,93.26865672,0.67000000,1.07461078,0,38,0.90664663,0.23132868,1.38928503,0.50750000,0.00566739,0.99433261,0
499,59999,0.18609063,0.00000000,66.28000000,38.57071280,1.71835952,0.52692598,0.45382239,0.93027328,91.50000000,0.59000000,0.07373144,0,39,0.91318843,0.23171723,1.21187157,0.47250000,0.00122749,0.99877251,0
500,60099,0.13789941,0.00000000,47.87000000,38.76113506,1.23498453,0.35030787,0.59561432,3.53463438,83.37500000,0.40000000,nan,0,39,0.91362650,0.22866436,4.69676452,0.33500000,-0.00516847,1.00516847,0
501,60199,0.14873426,0.00712015,47.30000000,38.84594867,1.21759630,0.31734527,0.72213386,2.89390475,86.60256410,0.39000000,nan,0,39,0.91362650,0.22866436,5.93140226,0.33250000,0.00008229,0.99991771,0
502,60299,0.16559861,0.00000000,66.93000000,39.05458604,1.71395164,0.47687817,0.44112502,1.01242886,98.44444444,0.54000000,0.43208464,0,40,0.91362650,0.22866436,1.20400347,0.45000000,0.01212525,0.98787475,0
503,60399,0.13770187,0.00000000,62.31000000,39.31596885,1.58501864,0.51728017,0.40056968,0.74731839,80.10144928,0.69000000,-0.74596870,0,41,0.91609656,0.22625369,1.58978797,0.48250000,0.00851155,0.99148845,0
504,60499,0.17035641,0.00000000,63.45000000,39.54871463,1.60447745,0.45253391,0.47525141,0.96202660,88.05737705,0.61000000,0.22247156,0,42,0.91198002,0.22495721,1.43037485,0.48250000,-0.00010024,1.00010024,0
505,60599,0.16089926,0.00000000,66.66000000,39.79289169,1.67512827,0.51439322,0.38470911,0.84139575,90.17213115,0.61000000,-0.32283328,0,43,0.91317161,0.22233105,0.94182532,0.50500000,0.00480133,0.99519867,0
506,60699,0.20175799,0.00000000,75.99000000,40.11145100,1.89458059,0.65350137,0.42056589,0.67194396,85.51190476,0.84000000,-1.08919491,0,44,0.91150240,0.21994084,0.73444443,0.61250000,0.00318676,0.99681324,0
507,60799,0.19171071,0.00000000,62.57000000,40.39850304,1.54891154,0.46879259,0.56733203,0.86289690,74.69863014,0.73000000,-0.19587640,0,45,0.90605789,0.22034808,1.40732739,0.50750000,0.01151520,0.98848480,0
508,60899,0.16810140,0.00000000,69.25000000,40.63762977,1.70411023,0.49004721,0.44998022,0.65595545,95.81967213,0.61000000,-1.14325392,0,46,0.90509876,0.21792473,0.86724180,0.50250000,-0.00665653,1.00665653,0
509,60999,0.14923041,0.00000000,61.55000000,40.87332350,1.50585447,0.48856907,0.42582683,0.71646025,80.34090909,0.66000000,-0.83816903,0,47,0.89968260,0.21859833,1.30329275,0.48500000,-0.01431218,1.01431218,0
510,61099,0.11615775,0.00000000,46.94000000,40.96763079,1.14568931,0.30382369,0.83846254,1.22192277,79.29761905,0.42000000,nan,0,47,0.89578425,0.21785473,6.93913278,0.33500000,0.01725415,0.98274585,0
511,61199,0.16360280,0.00000000,71.99000000,41.17740790,1.74833563,0.56314955,0.35292193,0.80139196,82.01875000,0.80000000,-0.43328090,0,48,0.89578425,0.21785473,0.71848058,0.54500000,0.01934440,0.98065560,0
512,61299,0.26930140,0.00000000,78.92000000,41.50208293,1.90178355,0.62858550,0.51219997,0.87945656,88.33928571,0.84000000,-0.06650086,0,49,0.89381775,0.21595487,0.93967528,0.60000000,-0.00468306,1.00468306,0
513,61399,0.18788976,0.00000000,81.26000000,41.83463987,1.94209046,0.61730452,0.38835770,0.73059722,91.24404762,0.84000000,-0.76240003,0,50,0.89352466,0.21370335,0.63303507,0.61750000,0.00344521,0.99655479,0
514,61499,0.22820645,0.00000000,77.61000000,42.17624333,1.83981196,0.63543878,0.45858663,0.70118357,90.58860759,0.79000000,-0.88870119,0,51,0.89026611,0.21276279,0.69293442,0.58750000,0.01276735,0.98723265,0
515,61599,0.31145225,0.00000000,88.01000000,42.57109577,2.06766185,0.69519714,0.50291219,0.75086241,97.88372093,0.86000000,-0.63922596,0,52,0.88655861,0.21228205,0.97152179,0.62250000,0.01154560,0.98845440,0
516,61699,0.21434807,0.00000000,72.72000000,42.89262754,1.69529209,0.55838324,0.50944992,0.87616205,83.65853659,0.82000000,-0.03689984,0,53,0.88394907,0.21103121,0.86959337,0.60000000,0.00046526,0.99953474,0
517,61799,0.24105472,0.00000000,82.28000000,43.22360599,1.90395649,0.63528146,0.52724569,0.90429226,91.86470588,0.85000000,0.09804119,0,54,0.88380214,0.20899495,1.01891430,0.61750000,0.00743884,0.99256116,0
518,61899,0.19012159,0.00000000,84.30000000,43.55042644,1.93549842,0.61391801,0.40720014,0.81794000,95.92682927,0.82000000,-0.31995717,0,55,0.88418159,0.20703269,0.75215172,0.64250000,0.00625164,0.99374836,0
519,61999,0.23292811,0.00000000,76.83000000,43.89474229,1.75053352,0.59814192,0.49131478,0.95549797,91.55769231,0.78000000,0.35324093,0,56,0.88297720,0.20530116,0.92242154,0.59250000,0.00777191,0.99222809,0
520,62099,0.10908820,0.02327809,37.21000000,44.03333582,0.84495792,0.19568256,0.75852881,4.40081850,84.33333333,0.27000000,nan,0,56,0.88427221,0.20365692,9.23743432,0.25750000,0.01545294,0.98454706,0
521,62199,0.06866534,0.00589127,40.12000000,43.93866048,0.91315049,0.20600121,0.67870337,3.29886998,83.20000000,0.25000000,nan,0,56,0.88427221,0.20365692,6.86818263,0.25000000,0.02627169,0.97372831,0
522,62299,0.19066323,0.03473357,55.27000000,43.99333026,1.25640595,0.34938935,0.75728778,5.25448509,90.93333333,0.45000000,nan,0,56,0.88427221,0.20365692,5.59961198,0.34250000,0.01146679,0.98853321,0
523,62399,0.15673059,0.03525810,54.31000000,44.09411731,1.23182146,0.36331503,0.68524305,4.22831081,98.14634146,0.41000000,nan,0,56,0.88427221,0.20365692,8.31182359,0.31500000,-0.00261484,1.00261484,0
524,62499,0.23837097,0.00000000,86.11000000,44.29144421,1.94416763,0.64201398,0.50511777,0.92393223,99.85185185,0.81000000,0.19473937,0,57,0.88427221,0.20365692,1.20258587,0.61250000,0.00318276,0.99681724,0
525,62599,0.24825999,0.00000000,89.78000000,44.65706975,2.01048578,0.72470749,0.42281105,0.74039145,97.57386364,0.88000000,-0.71608454,0,58,0.88496800,0.20189872,0.47542785,0.67250000,0.00522202,0.99477798,0
526,62699,0.26147619,0.00000000,80.34000000,44.98304534,1.78593695,0.60896156,0.48414915,0.95515503,91.54761905,0.84000000,0.36155788,0,59,0.88247530,0.20101825,0.85841926,0.63500000,-0.00707894,1.00707894,0
527,62799,0.27424962,0.00000000,91.31000000,45.31768184,2.01482942,0.68462778,0.52533597,0.81432261,99.06179775,0.89000000,-0.34778822,0,60,0.88370716,0.19950231,0.72183792,0.64250000,0.01127785,0.98872215,0
528,62899,0.23924706,0.00000000,95.10000000,45.72258741,2.08029525,0.71053968,0.43240438,0.65153043,103.70224719,0.89000000,-1.16672746,0,61,0.88255075,0.19800710,0.65756832,0.66500000,-0.00256532,1.00256532,0
529,62999,0.22451869,0.00000000,86.02000000,46.06086709,1.86739289,0.61813404,0.49054679,0.76856914,96.90476190,0.84000000,-0.55495213,0,62,0.87876353,0.19856558,0.76209146,0.58750000,0.01069493,0.98930507,0
530,63099,0.13146554,0.00000000,52.12000000,46.23185975,1.12733186,0.34091837,0.85059787,4.65857404,95.50000000,0.40000000,nan,0,62,0.87698621,0.19742790,7.43546816,0.32500000,0.00064105,0.99935895,0
531,63199,0.12949553,0.00000000,60.62000000,46.27500611,1.30963927,0.42456716,0.50889847,0.84681216,91.80833333,0.60000000,-0.15283577,0,63,0.87698621,0.19742790,6.33679181,0.46500000,0.00152032,0.99847968,0
532,63299,0.25513634,0.00000000,96.67000000,46.59937163,2.07483368,0.72147299,0.45469995,0.73214998,104.53888889,0.90000000,-0.73701995,0,64,0.87650725,0.19586617,0.48893754,0.68250000,0.01463811,0.98536189,0
533,63399,0.25979138,0.00000000,92.28000000,46.92909463,1.96578362,0.68764863,0.46555528,0.87507590,101.68390805,0.87000000,0.00422373,0,65,0.87425167,0.19514154,0.63072067,0.63250000,-0.00647351,1.00647351,0
534,63499,0.30073827,0.00000000,111.28000000,47.36925548,2.34890463,0.76921432,0.49312743,0.76950069,118.66304348,0.92000000,-0.54110380,0,66,0.87426435,0.19361102,0.55490589,0.70500000,0.01273359,0.98726641,0
535,63599,0.35965362,0.00000000,110.37000000,47.85775579,2.30598195,0.78731835,0.49804171,0.72061094,119.53888889,0.90000000,-0.78975577,0,67,0.87267702,0.19254824,0.49325855,0.71500000,-0.00843337,1.00843337,0
536,63699,0.24228767,0.00000000,107.88000000,48.34184975,2.23185719,0.75108683,0.46150726,0.56431644,116.55000000,0.90000000,-1.59434864,0,68,0.87040738,0.19198495,0.38428844,0.70500000,0.00596025,0.99403975,0
537,63799,0.29181751,0.00000000,104.94000000,48.77393240,2.15164529,0.71830000,0.45966615,0.72261992,114.05056180,0.89000000,-0.73809896,0,69,0.86590604,0.19412861,0.53467960,0.67000000,0.00155337,0.99844663,0
538,63899,0.30806548,0.00000000,114.18000000,49.22465026,2.31954413,0.80134092,0.46494496,0.72892140,117.95312500,0.96000000,-0.69732010,0,70,0.86382943,0.19346644,0.35699801,0.71250000,0.00823859,0.99176141,0
539,63999,0.32948866,0.00000000,111.04000000,49.72503121,2.23378819,0.75372931,0.56019610,0.65205706,123.46551724,0.87000000,-1.08877486,0,71,0.86190217,0.19273508,0.62764880,0.67500000,0.01254086,0.98745914,0
540,64099,0.03845213,0.00000000,28.57000000,49.86837558,0.57277820,0.09939384,0.80799346,3.68879759,94.28571429,0.14000000,nan,0,71,0.85894661,0.19296723,13.87772250,0.17000000,0.00384594,0.99615406,0
541,64199,0.27326343,0.00000000,110.76000000,50.00071035,2.21542074,0.75086093,0.42697145,0.70625766,122.07386364,0.88000000,-0.79126881,0,72,0.85894661,0.19296723,0.64594768,0.67250000,0.00996296,0.99003704,0
542,64299,0.28265107,0.00000000,110.97000000,50.42515400,2.20050826,0.72393489,0.51141750,0.78338785,120.77528090,0.89000000,-0.38160232,0,73,0.85682593,0.19244662,0.45445255,0.67000000,0.01250262,0.98749738,0
543,64399,0.20960549,0.00000000,99.46000000,50.81695617,1.95700603,0.62990860,0.45940973,0.75527702,111.17441860,0.86000000,-0.52558071,0,74,0.85581993,0.19129871,0.67185141,0.61750000,0.01514070,0.98485930,0
544,64499,0.25326972,0.00000000,95.41000000,51.17153966,1.86466737,0.61164870,0.54635125,0.96659494,113.00632911,0.79000000,0.58911351,0,75,0.85446124,0.19034311,0.80883219,0.60250000,0.02037155,0.97962845,0
545,64599,0.27194787,0.00000000,121.57000000,51.58620232,2.35705303,0.84428640,0.38509172,0.67711211,126.83684211,0.95000000,-0.94379144,0,76,0.85595636,0.18949551,0.47656132,0.70500000,0.00472521,0.99527479,0
546,64699,0.28570988,0.00000000,116.11000000,52.03329586,2.23116717,0.75530709,0.44921276,0.64827067,129.85632184,0.87000000,-1.08444931,0,77,0.85360314,0.18934262,0.51473755,0.71500000,-0.00143841,1.00143841,0
547,64799,0.27784925,0.00000000,115.43000000,52.48309613,2.19916629,0.69186640,0.48082580,0.67190725,129.91279070,0.86000000,-0.94453217,0,78,0.85093649,0.18954277,0.53192492,0.69500000,-0.00414104,1.00414104,0
548,64899,0.27893435,0.00000000,117.99000000,52.96090807,2.22835600,0.73480917,0.45525334,0.67744226,132.15517241,0.87000000,-0.90392133,0,79,0.84864124,0.18939588,0.58413424,0.70500000,0.00505873,0.99494127,0
549,64999,0.26631521,0.00000000,110.94000000,53.35187969,2.07911360,0.69984774,0.53449140,0.95894212,124.45348837,0.86000000,0.59456178,0,80,0.84647416,0.18916109,0.59180230,0.63750000,-0.00759824,1.00759824,0
550,65099,0.26831855,0.00144639,85.58000000,53.62632579,1.59532848,0.54593460,0.61600914,1.73836011,115.74647887,0.71000000,4.72703686,1,80,0.84788001,0.18838019,5.08825676,0.53000000,0.02289467,0.97710533,0
551,65199,0.21336926,0.00000000,91.78000000,53.93988924,1.70186799,0.54250960,0.50762086,0.79063961,106.60843373,0.83000000,-0.30385575,0,81,0.84788001,0.18838019,1.15161515,0.60000000,0.00111896,0.99888104,0
552,65299,0.26230692,0.00000000,109.65000000,54.22779197,2.02197343,0.68915531,0.46464276,0.74577665,125.41176471,0.85000000,-0.54133925,0,82,0.84717334,0.18730712,0.73524322,0.65250000,0.00786115,0.99213885,0
553,65399,0.26971526,0.00000000,103.55000000,54.56984249,1.89734209,0.62217472,0.49652107,0.66984194,118.13690476,0.84000000,-0.94429046,0,83,0.84593680,0.18648379,0.54617587,0.63500000,0.01262147,0.98737853,0
554,65499,0.17787475,0.00000000,108.13000000,54.90178438,1.96909851,0.61998739,0.38442239,0.65830879,125.04819277,0.83000000,-0.99548171,0,84,0.84381517,0.18634836,0.63596478,0.65000000,0.01342618,0.98657382,0
555,65599,0.24322730,0.00000000,99.86000000,55.26230817,1.80716623,0.56556693,0.51498880,0.80490969,114.87951807,0.83000000,-0.19695198,0,85,0.84160676,0.18632499,0.63828614,0.60750000,0.00269764,0.99730236,0
556,65699,0.28241924,0.00000000,109.38000000,55.54955507,1.96855945,0.59438742,0.49846454,0.78102075,123.44705882,0.85000000,-0.32471008,0,86,0.84117503,0.18525536,0.53159109,0.67000000,0.00660108,0.99339892,0
557,65799,0.22990912,0.00000000,99.04000000,55.91424298,1.77152717,0.54456207,0.46639021,0.84854713,116.20987654,0.81000000,0.04380135,0,87,0.84047556,0.18427660,0.91101180,0.62250000,0.00145473,0.99854527,0
558,65899,0.28616013,0.00000000,110.96000000,56.21734725,1.97378202,0.64237978,0.50982453,0.88081235,124.62941176,0.85000000,0.21966756,0,88,0.84056834,0.18320413,0.46343289,0.66750000,0.00304087,0.99695913,0
559,65999,0.33756774,0.00000000,142.15000000,56.67252756,2.50831655,0.78180224,0.46434730,0.64565847,148.55789474,0.95000000,-1.07227538,0,89,0.84102566,0.18219871,0.30727782,0.75500000,-0.00192418,1.00192418,0
560,66099,0.03158045,0.00000000,45.90000000,56.90673517,0.80662956,0.15958425,0.44031477,2.24626296,82.63235294,0.34000000,nan,0,89,0.83883052,0.18234033,4.54960984,0.30250000,0.00254745,0.99745255,0
561,66199,0.07232714,0.00728121,49.19000000,56.85492392,0.86520358,0.18047750,0.59864541,2.25880097,84.40000000,0.40000000,nan,0,89,0.83883052,0.18234033,2.98548147,0.35000000,0.02353150,0.97646850,0
562,66299,0.05115652,0.01088354,39.18000000,56.78177207,0.69000014,0.12602205,0.75747938,2.53037567,86.96666667,0.30000000,nan,0,89,0.83883052,0.18234033,6.61730428,0.30500000,0.00254656,0.99745344,0
563,66399,0.21232341,0.00000000,96.60000000,56.80726614,1.70007658,0.51725973,0.57304813,0.94188778,122.80921053,0.76000000,0.56519178,0,90,0.83883052,0.18234033,2.86044800,0.60250000,0.00201287,0.99798713,0
564,66499,0.33006509,0.00000000,120.06000000,57.17131004,2.10013209,0.70420115,0.52633084,0.92714882,128.70652174,0.92000000,0.47992779,0,91,0.83997560,0.18163819,0.57703646,0.71500000,-0.00207693,1.00207693,0
565,66599,0.25409865,0.00000000,126.62000000,57.56733552,2.19932785,0.66727877,0.46454584,0.75342906,140.43750000,0.88000000,-0.48383171,0,92,0.84093355,0.18085728,0.54232847,0.72000000,0.01181488,0.98818512,0
566,66699,0.29258409,0.00000000,121.14000000,57.99438345,2.08895633,0.65113900,0.52242253,0.81713138,128.08602151,0.93000000,-0.12688532,0,93,0.83998241,0.18009203,0.60219165,0.73000000,0.01551350,0.98448650,0
567,66799,0.30605497,0.00000000,123.14000000,58.38853045,2.10910529,0.68438972,0.51848061,0.88723688,138.74137931,0.87000000,0.26517707,0,94,0.83973670,0.17912627,0.78971629,0.72500000,0.00877463,0.99122537,0
568,66899,0.23107421,0.00000000,109.52000000,58.74411691,1.86447189,0.59426039,0.50707247,0.81761682,123.72674419,0.86000000,-0.12694531,0,95,0.84024203,0.17822797,0.89409028,0.68250000,0.00817214,0.99182786,0
569,66999,0.28828711,0.00000000,124.41000000,59.08130023,2.10557446,0.71275125,0.48602419,0.87975325,135.62222222,0.90000000,0.22420214,0,96,0.84000387,0.17729262,0.48404254,0.72500000,0.01041567,0.98958433,0
570,67099,0.03738399,0.00000000,31.46000000,59.25223801,0.53063817,0.11072338,1.12733450,3.93680810,112.23684211,0.19000000,nan,0,96,0.84041792,0.17640368,14.52483246,0.16500000,-0.03222872,1.03222872,0
571,67199,0.00772090,0.00000000,24.75000000,59.02139155,0.41936173,0.04032150,0.68658144,3.65427826,72.64285714,0.07000000,nan,0,96,0.84041792,0.17640368,12.12442591,0.10500000,0.00602033,0.99397967,0
572,67299,0.02202462,0.00499299,22.56000000,58.81660753,0.38352226,0.04123950,0.56360055,4.88198881,72.70000000,0.05000000,nan,0,96,0.84041792,0.17640368,12.29680750,0.08750000,0.00535708,0.99464292,0
573,67399,0.01030565,0.01033166,19.14000000,58.58556808,0.32671953,0.01640676,0.58038620,7.10472261,73.16666667,0.06000000,nan,0,96,0.84041792,0.17640368,11.88710067,0.10250000,0.00393546,0.99606454,0
574,67499,0.01039257,0.01227902,16.15000000,58.34043420,0.27688864,0.02862303,0.66278074,8.49926874,84.50000000,0.02000000,nan,0,96,0.84041792,0.17640368,14.89441371,0.09750000,0.01324771,0.98675229,0
575,67599,0.00759120,0.01532843,15.82000000,58.09660403,0.27231217,0.01119131,0.75338208,3.28574502,85.25000000,0.02000000,nan,0,96,0.84041792,0.17640368,13.52300879,0.06000000,0.00366042,0.99633958,0
576,67699,0.00552062,0.01397493,23.59000000,57.87010418,0.40767084,0.02160122,0.55359610,3.22811613,66.25000000,0.04000000,nan,0,96,0.84041792,0.17640368,7.94618135,0.11750000,0.01301861,0.98698139,0
577,67799,0.00967219,0.01248539,22.19000000,57.67388250,0.38471393,0.03093212,0.57149815,6.56982004,84.41666667,0.06000000,nan,0,96,0.84041792,0.17640368,9.71816501,0.10500000,0.01075201,0.98924799,0
578,67899,0.00314028,0.00978750,17.67000000,57.46051130,0.30742726,0.01709276,0.62698734,2.12822284,110.33333333,0.03000000,nan,0,96,0.84041792,0.17640368,12.23641264,0.10750000,-0.01929874,1.01929874,0
579,67999,0.01017126,0.01356899,18.23000000,57.22090415,0.31865868,0.02223080,0.63547576,4.64793033,71.00000000,0.05000000,nan,0,96,0.84041792,0.17640368,12.16930270,0.09000000,0.00830347,0.99169653,0
580,68099,0.07093428,0.00000000,54.63000000,57.06423982,0.95740329,0.22971324,0.47731491,1.38679028,112.58108108,0.37000000,nan,0,96,0.84041792,0.17640368,7.90103309,0.32750000,0.01758918,0.98241082,0
581,68199,0.23399980,0.00000000,134.75000000,57.29355509,2.35141927,0.74277222,0.34929205,0.80700386,142.96774194,0.93000000,-0.18941818,0,97,0.84041792,0.17640368,0.45939931,0.69250000,0.01692828,0.98307172,0
582,68299,0.25623916,0.00000000,135.64000000,57.74578329,2.34874021,0.72531093,0.44125223,0.82287225,151.95402299,0.87000000,-0.09800395,0,98,0.84007345,0.17551530,0.64059333,0.67500000,0.00461782,0.99538218,0
583,68399,0.28555706,0.00000000,128.21000000,58.17238232,2.20404183,0.65628268,0.50034016,0.73992939,143.02840909,0.88000000,-0.57250209,0,99,0.83989792,0.17461689,0.77525211,0.65000000,0.00038398,0.99961602,0
584,68499,0.30963250,0.00000000,124.94000000,58.54573947,2.13397332,0.66644021,0.54982692,1.03123918,129.50520833,0.96000000,1.10537683,0,100,0.83888814,0.17401399,0.60193495,0.70750000,0.01475860,0.98524140,0
585,68599,0.27606250,0.00000000,141.52000000,58.95354551,2.40030406,0.72085845,0.42757178,0.75807508,152.98351648,0.91000000,-0.47495666,0,101,0.84081165,0.17419814,0.57354707,0.68000000,0.00723811,0.99276189,0
586,68699,0.32039556,0.00000000,137.27000000,59.41463880,2.31054432,0.75408408,0.52107257,0.92741557,146.02150538,0.93000000,0.50382036,0,102,0.83999248,0.17352037,0.74523782,0.69000000,0.02014147,0.97985853,0
587,68799,0.25408079,0.00000000,130.38000000,59.83151596,2.17944984,0.69616912,0.44595547,0.71154184,141.36111111,0.90000000,-0.74797930,0,103,0.84084957,0.17287607,0.57705325,0.69000000,0.00824773,0.99175227,0
588,68899,0.28628956,0.00000000,148.22000000,60.25303131,2.46009176,0.79345971,0.42514707,0.69955474,154.75789474,0.95000000,-0.81183335,0,104,0.83959415,0.17249774,0.44849124,0.72250000,-0.00605771,1.00605771,0
589,68999,0.34743433,0.00000000,149.33000000,60.73504144,2.45889423,0.79544212,0.50053812,0.73314663,153.52061856,0.97000000,-0.61031882,0,105,0.83824762,0.17220670,0.38529253,0.73750000,0.00364493,0.99635507,0
590,69099,0.07477607,0.02262036,40.46000000,60.91751318,0.66419080,0.14408866,1.07322650,6.70498973,114.61904762,0.21000000,nan,0,105,0.83724666,0.17168344,11.65469649,0.20000000,0.01311480,0.98688520,0
591,69199,0.18370833,0.00000000,86.20000000,60.85791834,1.41598029,0.43446617,0.43901905,0.96734574,146.75471698,0.53000000,0.75778467,0,106,0.83724666,0.17168344,4.33443311,0.43250000,0.00652517,0.99347483,0
592,69299,0.28315106,0.00000000,144.82000000,61.20848800,2.36585634,0.73467090,0.49187613,0.75586324,152.51063830,0.94000000,-0.48217177,0,107,0.83847401,0.17133057,0.50270541,0.70250000,0.01177855,0.98822145,0
593,69399,0.36243767,0.00000000,175.37000000,61.74918596,2.84033209,0.84990274,0.45934722,0.69680017,181.44791667,0.96000000,-0.82539929,0,108,0.83770194,0.17070741,0.23124421,0.82000000,0.01023562,0.98976438,0
594,69499,0.40400963,0.00000000,165.89000000,62.32365982,2.66199822,0.84288497,0.53836305,0.75292954,170.47422680,0.97000000,-0.48969646,0,109,0.83639730,0.17044794,0.29069244,0.79500000,0.00011155,0.99988845,0
595,69599,0.32961984,0.00000000,168.81000000,62.90151599,2.68469758,0.75089779,0.48669908,0.73965346,178.30851064,0.94000000,-0.56509131,0,110,0.83563154,0.16984526,0.59398016,0.75750000,0.00704320,0.99295680,0
596,69699,0.35228122,0.00000000,162.34000000,63.38127880,2.56080952,0.81550723,0.47688350,0.84610610,164.15151515,0.99000000,0.06701890,0,111,0.83475901,0.16931185,0.24623274,0.80500000,0.00397498,0.99602502,0
597,69799,0.34444275,0.00000000,173.26000000,63.93638140,2.70968825,0.78406335,0.52891132,0.84391222,181.18421053,0.95000000,0.05370106,0,112,0.83486124,0.16854393,0.36219977,0.79750000,0.00689275,0.99310725,0
598,69899,0.36621373,0.00000000,158.71000000,64.49502294,2.46134555,0.73122670,0.55301552,0.91779901,168.70430108,0.93000000,0.49382764,0,113,0.83494205,0.16778519,0.38276197,0.74750000,0.01584126,0.98415874,0
599,69999,0.30174749,0.00000000,170.69000000,64.99295987,2.62644386,0.79753641,0.43459107,0.72568697,176.86458333,0.96000000,-0.65776109,0,114,0.83567530,0.16721623,0.32369856,0.77500000,-0.00163979,1.00163979,0
600,70099,0.18222890,0.00000000,105.68000000,65.29459035,1.61788875,0.48412357,0.62951713,1.91702138,146.96268657,0.67000000,6.48894259,1,114,0.83471049,0.16679311,5.05624936,0.54250000,0.01872985,0.98127015,0
601,70199,0.32738381,0.00000000,138.90000000,65.66237583,2.11554635,0.72010772,0.57191560,0.93870523,146.02659574,0.94000000,0.62349547,0,115,0.83471049,0.16679311,0.57725531,0.74000000,-0.00318507,1.00318507,0
602,70299,0.29776219,0.00000000,152.30000000,66.05572130,2.30563120,0.70862944,0.48838611,0.83389484,160.14893617,0.94000000,-0.01033975,0,116,0.83561479,0.16634286,0.43252583,0.73500000,0.01216752,0.98783248,0
603,70399,0.27953242,0.00000000,144.67000000,66.44587590,2.17681328,0.67564794,0.48838251,0.90215414,159.75000000,0.88000000,0.40185324,0,117,0.83559996,0.16561813,0.46611652,0.72500000,0.00352414,0.99647586,0
604,70499,0.31836256,0.00000000,154.17000000,66.89357298,2.30483865,0.73801678,0.50571436,0.82572646,174.28488372,0.86000000,-0.06328023,0,118,0.83616880,0.16501747,0.70576323,0.71000000,0.00855350,0.99144650,0
605,70599,0.37568977,0.00000000,165.80000000,67.34102055,2.46187578,0.79758860,0.53968983,0.87387728,171.93750000,0.96000000,0.23002956,0,119,0.83608031,0.16431356,0.46101106,0.79250000,0.01044012,0.98955988,0
606,70699,0.26152518,0.00000000,158.30000000,67.81478978,2.33417535,0.72390671,0.44442877,0.72628072,169.09782609,0.92000000,-0.67287206,0,120,0.83639793,0.16365252,0.35891470,0.73500000,0.00620293,0.99379707,0
607,70799,0.30664712,0.00000000,173.64000000,68.33936143,2.54161312,0.78989493,0.48775548,0.74862878,178.28350515,0.97000000,-0.53193978,0,121,0.83548028,0.16327319,0.36656045,0.78000000,0.01031639,0.98968361,0
608,70899,0.30913409,0.00000000,165.99000000,68.83014277,2.41211704,0.76083718,0.48475177,0.77686435,170.73195876,0.97000000,-0.35567676,0,122,0.83476250,0.16278306,0.62190742,0.76500000,0.01045891,0.98954109,0
609,70999,0.30846573,0.00000000,158.12000000,69.25257725,2.28309046,0.73054672,0.55184183,0.78619274,170.82417582,0.91000000,-0.29652928,0,123,0.83428793,0.16219373,0.55863520,0.75500000,0.00008627,0.99991373,0
610,71099,0.08581352,0.00000000,61.91000000,69.43076625,0.89175431,0.21923110,0.63246795,3.02183955,120.33333333,0.42000000,nan,0,123,0.83389691,0.16158584,7.30973218,0.34250000,-0.01189404,1.01189404,0
611,71199,0.35161862,0.00000000,168.73000000,69.71625432,2.42096718,0.76389208,0.53603947,1.02929171,176.10000000,0.95000000,1.20923218,0,124,0.83389691,0.16158584,0.30767520,0.75250000,0.01498915,0.98501085,0
612,71299,0.34037437,0.00000000,156.96000000,70.13013773,2.23812598,0.73118225,0.54145593,0.82056766,166.94623656,0.93000000,-0.09207363,0,125,0.83547267,0.16188145,0.41675418,0.76250000,0.00680782,0.99319218,0
613,71399,0.27168007,0.00000000,159.75000000,70.55505409,2.26423147,0.73158468,0.43601683,0.71531860,167.40000000,0.95000000,-0.74448104,0,126,0.83535343,0.16123289,0.53267006,0.78750000,0.01167348,0.98832652,0
614,71499,0.29913204,0.00000000,142.07000000,70.96551713,2.00236400,0.65137780,0.59554548,0.95946748,153.35714286,0.91000000,0.77709024,0,127,0.83440078,0.16094232,0.56281499,0.68750000,0.01776352,0.98223648,0
615,71599,0.16900220,0.00000000,129.98000000,71.25531197,1.82425657,0.54071069,0.41436814,0.87805826,143.26404494,0.89000000,0.26556569,0,128,0.83538555,0.16068608,0.75473596,0.68500000,0.00872691,0.99127309,0
616,71699,0.23538542,0.00000000,133.41000000,71.53106144,1.86504846,0.59967883,0.50078275,0.99494916,142.34782609,0.92000000,0.99458815,0,129,0.83571894,0.16009665,0.53257322,0.70750000,0.02006933,0.97993067,0
617,71799,0.27166714,0.00000000,131.42000000,71.82348558,1.82982358,0.57515871,0.52877820,0.94187766,145.32584270,0.89000000,0.65542880,0,130,0.83695328,0.16008510,0.83750527,0.66500000,-0.00154275,1.00154275,0
618,71899,0.22893823,0.00000000,135.87000000,72.11266371,1.88419429,0.57705022,0.50605646,0.80213481,152.48275862,0.87000000,-0.22303802,0,131,0.83776039,0.15972872,0.52765210,0.70750000,-0.00377444,1.00377444,0
619,71999,0.25825936,0.00000000,132.64000000,72.39013488,1.83221105,0.56576364,0.56529640,0.99520241,146.31250000,0.88000000,0.99101654,0,132,0.83748844,0.15914364,0.65265447,0.64500000,0.00963103,0.99036897,0
620,72099,0.09883945,0.04398381,52.10000000,72.47883016,0.71890672,0.14274023,0.85880529,5.94154296,117.32758621,0.29000000,nan,0,132,0.83868324,0.15912825,8.64828028,0.26000000,0.00402175,0.99597825,0
621,72199,0.15728621,0.00000000,108.03000000,72.47043550,1.49031864,0.46722079,0.49386245,1.06864737,152.28358209,0.67000000,1.44514958,0,133,0.83868324,0.15912825,5.45268241,0.54000000,0.00024553,0.99975447,0
622,72299,0.24530024,0.00000000,143.91000000,72.76386951,1.97767346,0.59911205,0.49140010,0.82595934,156.26666667,0.90000000,-0.09045899,0,134,0.84041229,0.15977355,0.54163760,0.69750000,0.01010698,0.98989302,0
623,72399,0.24069350,0.00000000,144.49000000,73.12035703,1.97636445,0.59537868,0.49670076,0.82557644,155.26086957,0.92000000,-0.09252610,0,135,0.84030444,0.15917667,0.56473730,0.71250000,0.01197246,0.98802754,0
624,72499,0.22093193,0.00000000,131.33000000,73.40701987,1.78921482,0.56687630,0.50525250,0.77458680,146.35632184,0.87000000,-0.41370776,0,136,0.84019534,0.15858668,0.55008022,0.67000000,0.01222047,0.98777953,0
625,72599,0.27252835,0.00000000,144.87000000,73.67623773,1.96618329,0.59963916,0.55207560,1.02657663,161.95454545,0.88000000,1.18194592,0,137,0.83971292,0.15809836,0.96130556,0.69000000,-0.01218796,1.01218796,0
626,72699,0.22974435,0.00000000,138.32000000,74.01006086,1.86914110,0.56007264,0.55532148,1.06589093,152.31460674,0.89000000,1.41997063,0,138,0.84107689,0.15832302,0.75836929,0.68250000,0.00100637,0.99899363,0
627,72799,0.22952491,0.00000000,144.41000000,74.31333215,1.94347311,0.64966825,0.50283290,0.92958411,150.75789474,0.95000000,0.54674457,0,139,0.84270598,0.15890077,0.47440532,0.73000000,0.00848940,0.99151060,0
628,72899,0.23901286,0.00000000,146.35000000,74.62560153,1.96127345,0.63276136,0.49734261,0.83832776,161.65730337,0.89000000,-0.03156711,0,140,0.84333100,0.15849539,0.67585190,0.71750000,0.01170288,0.98829712,0
629,72999,0.20675618,0.00000000,125.99000000,74.88974400,1.68235561,0.53063874,0.50002233,0.95697131,144.93452381,0.84000000,0.71981124,0,141,0.84329527,0.15792480,1.14314353,0.68750000,0.01333395,0.98666605,0
630,73099,0.09225953,0.00551175,66.18000000,74.95199681,0.88303761,0.19879231,0.58856148,3.13176498,122.17045455,0.44000000,nan,0,141,0.84410148,0.15765071,6.02066228,0.37000000,0.00683180,0.99316820,0
631,73199,0.17603096,0.00000000,113.60000000,75.05060724,1.51366924,0.42631349,0.49233202,1.12274857,134.94375000,0.80000000,1.76749659,0,142,0.84410148,0.15765071,1.24667024,0.61750000,-0.00467749,1.00467749,0
632,73299,0.12631673,0.00000000,90.04000000,75.18366530,1.19765848,0.36844998,0.46695845,0.93799507,128.60317460,0.63000000,0.57883401,0,143,0.84606378,0.15882150,2.43338136,0.51000000,0.00073790,0.99926210,0
633,73399,0.07045639,0.00000000,62.50000000,75.18174271,0.83131512,0.20575507,0.55044101,1.19993012,107.27659574,0.47000000,nan,0,143,0.84670666,0.15844789,4.08602332,0.41250000,0.00536435,0.99463565,0
634,73499,0.04068488,0.00000000,51.36000000,75.08955046,0.68401760,0.12789011,0.41747093,1.14732760,96.10256410,0.39000000,nan,0,143,0.84670666,0.15844789,2.72688445,0.35250000,0.01040297,0.98959703,0
635,73599,0.03274041,0.00000000,56.49000000,74.99242407,0.75332302,0.11340773,0.47373524,1.31651548,90.55434783,0.46000000,nan,0,143,0.84670666,0.15844789,2.14884526,0.37750000,0.01002658,0.98997342,0
636,73699,0.03798783,0.00000000,54.13000000,74.92128869,0.72248838,0.13695052,0.45187881,1.10441053,84.42553191,0.47000000,nan,0,143,0.84670666,0.15844789,1.34857904,0.38750000,-0.00493077,1.00493077,0
637,73799,0.05752868,0.00000000,63.06000000,74.84843735,0.84251043,0.16434421,0.42707856,0.84426094,91.95454545,0.55000000,-0.01543549,0,144,0.84670666,0.15844789,1.42872521,0.40750000,-0.00170960,1.00170960,0
638,73899,0.08735775,0.01402710,68.99000000,74.81522554,0.92214526,0.20801637,0.53936311,0.98167368,98.46610169,0.59000000,0.85490791,0,145,0.84668967,0.15789303,2.10218045,0.44750000,-0.00226105,1.00226105,0
639,73999,0.05740421,0.00000000,64.36000000,74.77665828,0.86070459,0.17571192,0.53181484,1.11467388,93.56481481,0.54000000,1.69296814,0,146,0.84762060,0.15774265,1.15669811,0.40000000,0.00109303,0.99890697,0
640,74099,0.10246979,0.00000000,71.25000000,74.73422914,0.95340445,0.23694213,0.53515660,1.36044290,120.58823529,0.51000000,3.21897907,1,146,0.84944973,0.15874386,5.49104401,0.39750000,0.01604881,0.98395119,0
641,74199,0.05160927,0.00000000,62.27000000,74.70937663,0.83351002,0.13696330,0.49398389,1.08548333,87.60000000,0.55000000,1.48688329,0,147,0.84944973,0.15874386,1.47200649,0.42500000,-0.00593561,1.00593561,0
642,74299,0.10277102,0.00438756,75.15000000,74.67634970,1.00635573,0.21866742,0.46823502,1.08959097,107.49152542,0.59000000,1.49652833,0,148,0.85105540,0.15939262,1.81385617,0.43750000,0.00368031,0.99631969,0
643,74399,0.09188594,0.00000000,86.37000000,74.71585509,1.15600387,0.27736744,0.49062808,0.77274404,111.10000000,0.70000000,-0.49934741,0,149,0.85266713,0.16005509,1.31607267,0.52500000,0.00392012,0.99607988,0
644,74499,0.07829730,0.00000000,78.19000000,74.74250540,1.04613499,0.21763124,0.49637748,0.86295537,98.01388889,0.72000000,0.06780328,0,150,0.85213073,0.15964776,0.97397696,0.51750000,-0.00295662,1.00295662,0
645,74599,0.12378799,0.01359513,88.16000000,74.77368430,1.17902728,0.26786785,0.59830191,1.21203376,105.79605263,0.76000000,2.26147165,0,151,0.85220290,0.15911359,0.90621077,0.56250000,0.00479572,0.99520428,0
646,74699,0.11182401,0.00000000,96.26000000,74.85273544,1.28601713,0.36904191,0.48286444,0.88707441,116.80519481,0.77000000,0.20146276,0,152,0.85458588,0.16126321,1.02712201,0.57000000,0.00901188,0.99098812,0
647,74799,0.08647966,0.00000000,91.90000000,74.93674794,1.22640553,0.30778719,0.54516795,0.90652183,111.57894737,0.76000000,0.32175567,0,153,0.85479962,0.16074994,1.16406403,0.55000000,-0.00024556,1.00024556,0
648,74899,0.10978796,0.00000000,95.83000000,75.01406182,1.27753971,0.30501868,0.45479609,1.00436111,113.15822785,0.79000000,0.93104717,0,154,0.85513768,0.16027484,1.01593718,0.55750000,0.00044350,0.99955650,0
649,74999,0.14437028,0.00000000,108.83000000,75.11370559,1.44886064,0.39711885,0.47948648,1.06913779,124.80722892,0.83000000,1.32976460,0,155,0.85610666,0.16020214,0.84366318,0.59500000,0.00491167,0.99508833,0
650,75099,0.14878211,0.01749855,76.22000000,75.14726074,1.01428650,0.30119983,0.68030356,2.31614393,128.75925926,0.54000000,9.08284742,1,155,0.85748105,0.16059533,8.67861302,0.41250000,0.02198688,0.97801312,0
651,75199,0.08829461,0.00000000,95.20000000,75.22700319,1.26550012,0.32079946,0.42870632,0.98961909,113.31012658,0.79000000,0.82280128,0,156,0.85748105,0.16059533,1.14795709,0.57500000,0.00737805,0.99262195,0
652,75299,0.10296614,0.00000000,92.16000000,75.28725003,1.22406897,0.32177915,0.47560841,0.92488258,112.07692308,0.78000000,0.41486189,0,157,0.85832809,0.16042566,1.44300054,0.58000000,0.02250760,0.97749240,0
653,75399,0.09857284,0.00000000,95.34000000,75.37803322,1.26482141,0.35868291,0.43420562,0.90986736,106.81764706,0.85000000,0.31947331,0,158,0.85875201,0.15999884,1.02204085,0.63000000,0.01880898,0.98119102,0
654,75499,0.13637942,0.00000000,102.48000000,75.48212137,1.35771836,0.35513560,0.48961974,0.91224948,113.13068182,0.88000000,0.33329483,0,159,0.85907552,0.15954031,0.72588341,0.59000000,0.00915461,0.99084539,0
655,75599,0.13121373,0.00000000,103.45000000,75.58059987,1.36873437,0.35788130,0.56370006,1.05484836,121.19375000,0.80000000,1.22847293,0,160,0.85940995,0.15909054,0.91310502,0.62000000,-0.00507202,1.00507202,0
656,75699,0.12792524,0.00000000,104.57000000,75.69503213,1.38146347,0.40476257,0.46396511,0.95670591,116.53977273,0.88000000,0.60295134,0,161,0.86063144,0.15934034,0.91445964,0.63000000,0.00791542,0.99208458,0
657,75799,0.11428218,0.00000000,96.36000000,75.79032655,1.27138926,0.34463531,0.49743028,0.76495464,106.07471264,0.87000000,-0.60541022,0,162,0.86122817,0.15902198,0.58959818,0.64250000,0.00333756,0.99666244,0
658,75899,0.14904485,0.00000000,113.79000000,75.91567045,1.49894185,0.44957018,0.46318776,0.83519711,121.71739130,0.92000000,-0.16027438,0,163,0.86063389,0.15870771,0.61548403,0.67500000,-0.00004779,1.00004779,0
659,75999,0.12985295,0.00000000,105.09000000,76.03707029,1.38207004,0.39716932,0.50850775,0.90073320,117.36627907,0.86000000,0.25441095,0,164,0.86047784,0.15822965,0.67224781,0.64750000,-0.00000368,1.00000368,0
660,76099,0.12221523,0.02326906,66.37000000,76.05680020,0.87269479,0.23627889,0.64321726,2.33136941,118.18750000,0.48000000,nan,0,164,0.86072330,0.15777486,8.03859736,0.36500000,0.00293879,0.99706121,0
661,76199,0.13403643,0.00000000,106.05000000,76.10633343,1.39338386,0.37192994,0.47547857,0.88573528,116.35227273,0.88000000,0.15852959,0,165,0.86072330,0.15777486,0.64844669,0.67250000,0.01105308,0.98894692,0
662,76299,0.13421905,0.00000000,96.34000000,76.20877918,1.26413718,0.32902127,0.52106531,0.89162694,108.58235294,0.85000000,0.19549296,0,166,0.86087489,0.15730515,0.69080367,0.63250000,0.00534686,0.99465314,0
663,76399,0.10934567,0.00000000,94.39000000,76.28470219,1.23732588,0.29669681,0.50150056,0.97654421,107.35714286,0.84000000,0.73628997,0,167,0.86106014,0.15684591,0.78238984,0.58000000,0.00844321,0.99155679,0
664,76499,0.12287571,0.00000000,98.97000000,76.37570070,1.29585968,0.34006237,0.51887476,0.83141447,112.68674699,0.83000000,-0.19368958,0,168,0.86175166,0.15662791,0.72502136,0.64750000,0.00174174,0.99825826,0
665,76599,0.10056965,0.00000000,96.01000000,76.45265282,1.25581915,0.32158080,0.47438070,0.87584515,101.91935484,0.93000000,0.09139747,0,169,0.86157108,0.15617580,0.73582748,0.67750000,0.01163957,0.98836043,0
666,76699,0.10610963,0.00000000,93.41000000,76.52359467,1.22068093,0.32968780,0.49831607,0.84816987,105.36470588,0.85000000,-0.08660532,0,170,0.86165554,0.15571417,0.72118681,0.62750000,0.00111406,0.99888594,0
667,76799,0.15339045,0.00000000,103.82000000,76.58099276,1.35558535,0.36498545,0.51044747,0.86130847,115.08620690,0.87000000,-0.00172454,0,171,0.86157622,0.15525624,0.63510971,0.65000000,-0.00165599,1.00165599,0
668,76899,0.08518433,0.00000000,91.87000000,76.68487763,1.19802543,0.27305648,0.55512353,0.97496796,105.67901235,0.81000000,0.73252001,0,172,0.86157465,0.15479893,0.87168561,0.60500000,0.01214681,0.98785319,0
669,76999,0.12832636,0.00000000,110.73000000,76.77801701,1.44221412,0.37920801,0.48688272,0.94093712,118.01630435,0.92000000,0.50911714,0,173,0.86223391,0.15458762,0.50811334,0.70000000,0.00520647,0.99479353,0
670,77099,0.08905540,0.00000000,78.33000000,76.80603782,1.01985187,0.26746196,0.47199543,1.55942613,135.35294118,0.51000000,4.51682758,1,173,0.86268885,0.15425368,3.73671747,0.42250000,0.02171731,0.97828269,0
671,77199,0.13328652,0.00000000,112.22000000,76.89938841,1.45922872,0.40469538,0.50896200,1.07238657,127.15882353,0.85000000,1.35943417,0,174,0.86268885,0.15425368,0.66699032,0.67250000,-0.00082442,1.00082442,0
672,77299,0.15585614,0.00000000,114.81000000,77.05803531,1.48996943,0.41804334,0.54811634,0.97079101,125.32022472,0.89000000,0.69132358,0,175,0.86389401,0.15462658,0.66423578,0.66000000,0.02232859,0.97767141,0
673,77399,0.14093612,0.00000000,107.03000000,77.17443748,1.38684882,0.39862453,0.49625340,0.84704095,119.46551724,0.87000000,-0.11311312,0,176,0.86450485,0.15439322,0.83043038,0.66000000,-0.00199637,1.00199637,0
674,77499,0.09325679,0.00000000,93.08000000,77.26254861,1.20472834,0.30088461,0.51628361,1.19012449,107.23170732,0.82000000,2.11564713,0,177,0.86440562,0.15395709,1.14950255,0.62000000,-0.00208585,1.00208585,0
675,77599,0.11579850,0.00000000,105.17000000,77.34590791,1.35975884,0.37186819,0.46749218,0.89891993,125.73417722,0.79000000,0.21017819,0,178,0.86624584,0.15545901,1.18311708,0.61500000,0.01296246,0.98703754,0
676,77699,0.11867195,0.00000000,102.31000000,77.44260777,1.32112124,0.37250670,0.52869123,0.85220806,113.63372093,0.86000000,-0.09172778,0,179,0.86642940,0.15503859,0.53093996,0.67250000,0.00763443,0.99236557,0
677,77799,0.08097754,0.00000000,102.46000000,77.52386118,1.32162958,0.32267392,0.44655418,0.69923286,108.06989247,0.93000000,-1.08092156,0,180,0.86634995,0.15460612,0.49339272,0.69250000,0.00753048,0.99246952,0
678,77899,0.16687747,0.00000000,121.22000000,77.65414872,1.56100811,0.48604059,0.52310142,0.80270610,129.71428571,0.91000000,-0.40546310,0,181,0.86542152,0.15467603,0.50758033,0.73250000,0.01052623,0.98947377,0
679,77999,0.16334950,0.00000000,126.91000000,77.82965183,1.63064728,0.51099824,0.46505468,0.80717439,132.05263158,0.95000000,-0.37520777,0,182,0.86507503,0.15431620,0.37002207,0.73000000,0.01551258,0.98448742,0
680,78099,0.10900322,0.02270976,58.18000000,77.86963996,0.74720232,0.19112722,0.81124156,3.11177523,145.75000000,0.30000000,nan,0,182,0.86475689,0.15394916,9.79391821,0.28000000,-0.00608151,1.00608151,0
681,78199,0.13080273,0.00000000,111.01000000,77.91212233,1.42485901,0.42465700,0.42947641,0.83131849,121.38764045,0.89000000,-0.21720423,0,183,0.86475689,0.15394916,0.55504403,0.69500000,-0.00092767,1.00092767,0
682,78299,0.13357683,0.00000000,107.93000000,78.01085969,1.38349466,0.39381797,0.51650048,0.92552225,116.67222222,0.90000000,0.39693813,0,184,0.86457417,0.15354554,0.46699508,0.70750000,0.00072367,0.99927633,0
683,78399,0.12124128,0.00000000,111.86000000,78.14577129,1.43150666,0.41265044,0.53213644,0.86423270,119.58791209,0.91000000,-0.00439129,0,185,0.86490541,0.15319134,0.52717272,0.68500000,-0.00127933,1.00127933,0
684,78499,0.18276219,0.00000000,125.70000000,78.26215705,1.60602734,0.51507111,0.48434947,0.70815765,132.62765957,0.94000000,-1.02598353,0,186,0.86490177,0.15277450,0.75684938,0.75000000,0.01206700,0.98793300,0
685,78599,0.13172756,0.00000000,125.17000000,78.44591701,1.59562789,0.47714595,0.41893541,0.63139586,131.19148936,0.94000000,-1.52272572,0,187,0.86405906,0.15279390,0.44669240,0.73500000,0.00757764,0.99242236,0
686,78699,0.19974350,0.00000000,124.94000000,78.60987933,1.58936567,0.51201305,0.58698435,0.80052830,136.84831461,0.89000000,-0.40622696,0,188,0.86281488,0.15332951,0.53198512,0.72500000,0.01399162,0.98600838,0
687,78799,0.16012960,0.00000000,132.50000000,78.79483069,1.68163994,0.54475134,0.43864912,0.76248775,137.03645833,0.96000000,-0.65362532,0,189,0.86248356,0.15298644,0.43644832,0.74250000,0.01751968,0.98248032,0
688,78899,0.23883157,0.00000000,149.66000000,79.01158379,1.89420172,0.58966790,0.55098744,0.91421344,153.09793814,0.97000000,0.34211565,0,190,0.86195449,0.15275230,0.35732600,0.80500000,0.01305301,0.98694699,0
689,78999,0.18703882,0.00000000,147.95000000,79.24802380,1.86687011,0.65567261,0.48365669,0.75769526,149.64141414,0.99000000,-0.68594373,0,191,0.86222953,0.15239482,0.34969503,0.80750000,0.02346071,0.97653929,0
690,79099,0.15283996,0.00000000,109.31000000,79.38669681,1.37675881,0.40499517,0.59160023,1.62877376,148.50000000,0.70000000,5.04064115,1,191,0.86168223,0.15218134,3.60224922,0.55250000,0.01808405,0.98191595,0
691,79199,0.25103911,0.00000000,154.89000000,79.58441318,1.94593916,0.63379659,0.47811733,0.80414982,161.70000000,0.95000000,-0.37805166,0,192,0.86168223,0.15218134,0.30838299,0.77250000,0.01190910,0.98809090,0
692,79299,0.21019291,0.00000000,156.70000000,79.88054197,1.96175438,0.67074375,0.43219307,0.65272507,163.38421053,0.95000000,-1.37420042,0,193,0.86138258,0.15183922,0.26067726,0.81250000,0.00100355,0.99899645,0
693,79399,0.23511576,0.00000000,151.30000000,80.14409700,1.88798635,0.66864019,0.48168237,0.67602746,153.96938776,0.98000000,-1.21084529,0,194,0.86030146,0.15218625,0.23758038,0.82250000,0.00398646,0.99601354,0
694,79499,0.28746412,0.00000000,166.60000000,80.40971835,2.07197229,0.68667266,0.61471660,0.87543150,170.88144330,0.97000000,0.10553410,0,195,0.85935159,0.15236695,0.28164162,0.83000000,0.00167337,0.99832663,0
695,79599,0.20771537,0.00000000,150.72000000,80.67793012,1.86821882,0.65474379,0.42298283,0.77605914,158.76595745,0.94000000,-0.54859823,0,196,0.85943405,0.15197810,0.30866768,0.79750000,0.01557175,0.98442825,0
696,79699,0.22742200,0.00000000,147.56000000,80.90503149,1.82383680,0.59380732,0.50116298,0.87099332,153.82105263,0.95000000,0.07899975,0,197,0.85900867,0.15170485,0.38744393,0.80500000,0.00765388,0.99234612,0
697,79799,0.26358209,0.00000000,157.82000000,81.15196781,1.94473136,0.65138615,0.51971470,0.74042292,160.63265306,0.98000000,-0.78407857,0,198,0.85906951,0.15131976,0.26108520,0.78750000,0.01037128,0.98962872,0
698,79899,0.24796919,0.00000000,163.85000000,81.41909091,2.01236094,0.66359777,0.47205410,0.69439796,168.14948454,0.97000000,-1.08534581,0,199,0.85847028,0.15117055,0.28633303,0.81250000,0.00430609,0.99569391,0
699,79999,0.22230967,0.00000000,152.54000000,81.69856566,1.86724634,0.62235706,0.50915437,0.70781722,156.55670103,0.97000000,-0.99069245,0,200,0.85764580,0.15123622,0.26991372,0.80000000,0.01892197,0.98107803,0
700,80099,0.00811378,0.00204399,23.84000000,81.71819848,0.29167667,0.02644752,0.41272700,4.01349469,82.54545455,0.11000000,nan,0,200,0.85689665,0.15122731,5.19721274,0.11000000,-0.01385501,1.01385501,0
701,80199,0.15988944,0.00704942,100.14000000,81.60656837,1.22701842,0.35382340,0.72885553,1.06666651,137.70769231,0.65000000,1.38711624,0,201,0.85689665,0.15122731,3.87105670,0.53250000,0.01684419,0.98315581,0
702,80299,0.28321299,0.00000000,185.17000000,81.82813523,2.26264812,0.71248696,0.47991358,0.86531303,186.97474747,0.99000000,0.04864167,0,202,0.85794029,0.15157267,0.26695446,0.82500000,0.01598570,0.98401430,0
703,80399,0.27657872,0.00000000,151.95000000,82.12717111,1.85008132,0.64068554,0.49894065,0.76748065,158.69473684,0.95000000,-0.59853505,0,203,0.85797678,0.15119604,0.34113826,0.79000000,0.00538991,0.99461009,0
704,80499,0.25191601,0.00000000,162.05000000,82.40073256,1.96677845,0.64136114,0.50267326,0.80633791,169.01052632,0.95000000,-0.33912804,0,204,0.85753099,0.15095501,0.38997125,0.78500000,0.01639555,0.98360445,0
705,80599,0.22036416,0.00000000,167.09000000,82.67450314,2.02124234,0.66358081,0.44285708,0.75128861,171.55154639,0.97000000,-0.70367570,0,205,0.85728004,0.15062539,0.33027637,0.81750000,0.01564762,0.98435238,0
706,80699,0.18755479,0.00000000,158.03000000,82.91119766,1.90586201,0.66649490,0.44791679,0.84230338,158.27500000,1.00000000,-0.09611691,0,206,0.85676301,0.15043801,0.28665394,0.82250000,0.00197505,0.99802495,0
707,80799,0.26311474,0.00000000,167.26000000,83.18202446,2.01069465,0.70229898,0.48904273,0.72568717,171.73195876,0.97000000,-0.87294022,0,207,0.85669282,0.15007402,0.32863518,0.84250000,0.00583152,0.99416848,0
708,80899,0.29836130,0.00000000,177.82000000,83.47092042,2.13016362,0.73303645,0.50677742,0.75997900,181.18367347,0.98000000,-0.64059953,0,208,0.85605994,0.14998597,0.22190880,0.84750000,-0.00147973,1.00147973,0
709,80999,0.28718876,0.00000000,171.75000000,83.77498850,2.05004188,0.69647881,0.50761505,0.74685392,175.26020408,0.98000000,-0.72606674,0,209,0.85559802,0.14977148,0.37552825,0.82750000,0.00947228,0.99052772,0
710,81099,0.20525467,0.00000000,136.64000000,83.97654575,1.62685013,0.56738877,0.52575159,1.61926019,166.75316456,0.79000000,5.10816318,1,209,0.85507771,0.14960025,3.19097558,0.67000000,0.00964342,0.99035658,0
711,81199,0.30956705,0.00000000,171.39000000,84.24618288,2.03444868,0.74514820,0.52161029,0.87521060,175.88659794,0.97000000,0.13457795,0,210,0.85507771,0.14960025,0.22020239,0.84000000,0.00854205,0.99145795,0
712,81299,0.25559910,0.00000000,166.44000000,84.51889638,1.96928411,0.70357899,0.46249974,0.73290248,166.72500000,1.00000000,-0.81924569,0,211,0.85517358,0.14924839,0.24668752,0.83500000,-0.00106110,1.00106110,0
713,81399,0.22170257,0.00000000,162.89000000,84.77210478,1.92145647,0.66375103,0.52396681,0.85922913,168.75000000,0.96000000,0.03108041,0,212,0.85459410,0.14913036,0.50629304,0.78000000,0.00744744,0.99255256,0
714,81499,0.27893546,0.00000000,174.71000000,85.03987194,2.05434460,0.74304877,0.47098384,0.82404645,179.17525773,0.97000000,-0.20547213,0,213,0.85461596,0.14877689,0.34567288,0.80750000,0.00442608,0.99557392,0
715,81599,0.26329707,0.00000000,171.02000000,85.32663826,2.00424729,0.73357116,0.46567575,0.72283754,174.06632653,0.98000000,-0.88678639,0,214,0.85447244,0.14844037,0.23954556,0.80750000,0.00904146,0.99095854,0
716,81699,0.17343502,0.00000000,154.28000000,85.57171532,1.80286582,0.56819250,0.46477961,0.91135271,160.11458333,0.96000000,0.38752756,0,215,0.85385732,0.14836463,0.82444270,0.73750000,0.01008199,0.98991801,0
717,81799,0.25267565,0.00000000,167.64000000,85.81499741,1.95344371,0.69560844,0.49529352,0.78643529,171.96391753,0.97000000,-0.45714644,0,216,0.85412474,0.14806951,0.38080730,0.79500000,0.01028348,0.98971652,0
718,81899,0.24853740,0.00000000,180.22000000,86.10230086,2.09310847,0.69199896,0.50337651,0.91194501,184.86082474,0.97000000,0.39333562,0,217,0.85381137,0.14779654,0.23857309,0.84250000,0.01027959,0.98972041,0
719,81999,0.23129775,0.00000000,155.08000000,86.36917443,1.79562655,0.59515365,0.55086355,0.75968428,165.96195652,0.92000000,-0.63993638,0,218,0.85407926,0.14750682,0.50287609,0.75500000,0.00319391,0.99680609,0
720,82099,0.18766226,0.00000000,147.66000000,86.52777305,1.70619869,0.50856473,0.51105252,1.63839459,179.95512821,0.78000000,5.32735783,1,218,0.85364626,0.14730535,3.45508165,0.63750000,-0.00887222,1.00887222,0
721,82199,0.26385902,0.00000000,145.10000000,86.74714856,1.67260889,0.57976851,0.56827808,1.11941473,154.88586957,0.92000000,1.80420104,0,219,0.85364626,0.14730535,0.40068281,0.74250000,0.02617942,0.97382058,0
722,82299,0.22576255,0.00000000,152.77000000,86.94540218,1.75702180,0.64079600,0.47515270,0.76145535,156.84536082,0.97000000,-0.63085415,0,220,0.85485981,0.14806031,0.26746321,0.79250000,0.00086502,0.99913498,0
723,82399,0.21319996,0.00000000,161.46000000,87.16630375,1.85226909,0.63845870,0.48187874,0.76081049,172.75543478,0.92000000,-0.63321557,0,221,0.85443525,0.14785605,0.53947527,0.79000000,0.01875640,0.98124360,0
724,82499,0.28187171,0.00000000,179.86000000,87.43511881,2.05709204,0.76016495,0.45616310,0.70346924,184.60309278,0.97000000,-1.01956167,0,222,0.85401161,0.14765401,0.24182196,0.83000000,0.00395632,0.99604368,0
725,82599,0.25278154,0.00000000,168.04000000,87.71010636,1.91593043,0.68794141,0.50850627,0.84460447,177.34042553,0.94000000,-0.05911341,0,223,0.85333349,0.14766564,0.43847210,0.79500000,0.00575739,0.99424261,0
726,82699,0.28330008,0.00000000,192.64000000,87.98698305,2.18936119,0.75927761,0.43290896,0.56138933,194.38383838,0.99000000,-1.98124890,0,224,0.85329434,0.14733384,0.19682697,0.82750000,0.02078286,0.97921714,0
727,82799,0.31125511,0.00000000,180.01000000,88.29606315,2.03871335,0.67120618,0.58305651,0.77722392,183.31122449,0.98000000,-0.50419187,0,225,0.85199120,0.14829132,0.28961353,0.82500000,0.00787770,0.99212230,0
728,82899,0.22628334,0.00000000,155.62000000,88.56234654,1.75735794,0.56240191,0.53408289,0.83734597,166.65217391,0.92000000,-0.09668028,0,226,0.85165890,0.14804387,0.48823448,0.73750000,0.00643785,0.99356215,0
729,82999,0.24446057,0.00000000,178.58000000,88.77628820,2.01148788,0.67515914,0.49469345,0.89148417,188.15425532,0.94000000,0.27003285,0,227,0.85159557,0.14771759,0.38891386,0.77750000,0.01350694,0.98649306,0
730,83099,0.15669208,0.00000000,123.11000000,88.94049557,1.38404370,0.43084305,0.46989192,1.14612313,154.24666667,0.75000000,1.99676728,0,228,0.85177129,0.14741419,2.43860206,0.58250000,0.01746896,0.98253104,0
731,83199,0.28294237,0.00000000,185.33000000,89.18215286,2.07820303,0.72333399,0.46753976,0.81061728,190.27319588,0.97000000,-0.28606534,0,229,0.85306230,0.14837529,0.24855404,0.84000000,0.00141237,0.99858763,0
732,83299,0.26550251,0.00000000,184.05000000,89.47360297,2.05712380,0.74352037,0.47144182,0.87517270,195.79032258,0.93000000,0.15056950,0,230,0.85287695,0.14807612,0.35801730,0.81250000,0.01433966,0.98566034,0
733,83399,0.21645338,0.00000000,167.90000000,89.74734482,1.87098456,0.61327278,0.50373484,0.74859207,175.71052632,0.95000000,-0.70642927,0,231,0.85297389,0.14775977,0.44040772,0.80250000,-0.00432422,1.00432422,0
734,83499,0.21150056,0.00000000,158.57000000,89.96195508,1.76271709,0.56545587,0.52001720,0.92011044,170.15760870,0.92000000,0.45792209,0,232,0.85252202,0.14759807,0.54873847,0.73750000,-0.00002121,1.00002121,0
735,83599,0.23750743,0.00000000,165.06000000,90.16904303,1.83055686,0.59775905,0.50118528,0.87146528,178.93406593,0.91000000,0.12658673,0,233,0.85281335,0.14734508,0.55540609,0.75000000,0.02288510,0.97711490,0
736,83699,0.24522431,0.00000000,166.73000000,90.40485250,1.84432032,0.61352229,0.52879482,0.79732854,166.97000000,1.00000000,-0.37790934,0,234,0.85289340,0.14703226,0.32998021,0.78750000,-0.00143554,1.00143554,0
737,83799,0.27924672,0.00000000,180.61000000,90.64976074,1.99240472,0.69827420,0.51674368,0.87842911,184.14285714,0.98000000,0.17561276,0,235,0.85265595,0.14676136,0.39727149,0.81750000,-0.00125774,1.00125774,0
738,83899,0.18262632,0.00000000,157.46000000,90.87694707,1.73261690,0.59524542,0.42508534,0.75432259,164.21578947,0.95000000,-0.67216302,0,236,0.85276562,0.14645708,0.56390503,0.76500000,0.01125252,0.98874748,0
739,83999,0.15570895,0.00000000,138.75000000,91.05172253,1.52384594,0.45753863,0.50919604,0.97552463,160.51785714,0.84000000,0.84202533,0,237,0.85234849,0.14628556,1.25040078,0.63000000,0.01063846,0.98936154,0
740,84099,0.11768085,0.00000000,102.32000000,91.08852225,1.12324292,0.34455547,0.44871197,1.16941086,171.68518519,0.54000000,2.16521702,0,238,0.85286822,0.14619442,4.87326595,0.49750000,0.00964313,0.99035687,0
741,84199,0.22157582,0.00000000,159.52000000,91.26082196,1.74795883,0.56360589,0.48292162,0.89805544,168.27659574,0.94000000,0.29769723,0,239,0.85419823,0.14732152,0.67861006,0.73500000,0.01593786,0.98406214,0
742,84299,0.22544668,0.00000000,167.89000000,91.46610366,1.83545929,0.62037967,0.47784913,0.84846524,183.20000000,0.90000000,-0.04023754,0,240,0.85438173,0.14703907,0.77946201,0.74750000,0.01683202,0.98316798,0
743,84399,0.20856690,0.00000000,153.29000000,91.69265472,1.67187525,0.55998149,0.48728553,0.87883652,161.51595745,0.94000000,0.16683135,0,241,0.85435708,0.14673163,0.60258710,0.70000000,-0.01026269,1.01026269,0
744,84499,0.19530051,0.00000000,165.61000000,91.87103282,1.80256544,0.55981322,0.47429568,0.80090243,170.87500000,0.96000000,-0.36573603,0,242,0.85445866,0.14643411,0.40667028,0.76500000,0.01208831,0.98791169,0
745,84599,0.19681597,0.00000000,166.73000000,92.11137191,1.81021568,0.60222811,0.44372495,0.76063526,177.25806452,0.93000000,-0.64036218,0,243,0.85423735,0.14617054,0.52667007,0.72250000,-0.00050294,1.00050294,0
746,84699,0.21050598,0.00000000,160.18000000,92.31583224,1.73520520,0.56913790,0.46386924,0.81940078,165.98437500,0.96000000,-0.23598163,0,244,0.85385216,0.14599176,0.45945956,0.76500000,0.01291542,0.98708458,0
747,84799,0.21276344,0.00000000,168.84000000,92.51863208,1.82494305,0.59373344,0.46335904,0.79809300,173.31958763,0.97000000,-0.38170904,0,245,0.85371096,0.14570774,0.52961119,0.74750000,0.00739295,0.99260705,0
748,84899,0.23011316,0.00000000,182.87000000,92.75122941,1.97153087,0.65096383,0.40852620,0.69456235,189.20833333,0.96000000,-1.09260315,0,246,0.85348395,0.14545227,0.37282869,0.78250000,0.01945540,0.98054460,0
749,84999,0.19914053,0.00000000,166.55000000,92.99434475,1.79094122,0.60306497,0.41102693,0.62868220,170.98453608,0.97000000,-1.54050090,0,247,0.85283793,0.14550834,0.34013182,0.80250000,0.00129140,0.99870860,0
750,85099,0.14614301,0.00000000,131.96000000,93.12210240,1.41690244,0.40395962,0.51649662,1.04534667,167.81333333,0.75000000,1.32557657,0,248,0.85193041,0.14591104,3.48806025,0.58000000,0.01953802,0.98046198,0
751,85199,0.20693167,0.00000000,180.91000000,93.35801312,1.93796059,0.66045637,0.43101464,0.66215086,185.44845361,0.97000000,-1.30401907,0,249,0.85271032,0.14613242,0.28593566,0.80000000,0.01570991,0.98429009,0
752,85299,0.21731443,0.00000000,167.86000000,93.58140573,1.79377640,0.61668214,0.48905641,0.69598817,178.31720430,0.93000000,-1.06574027,0,250,0.85194502,0.14633664,0.56900820,0.77750000,0.03475192,0.96524808,0
753,85399,0.22196061,0.00000000,191.26000000,93.82644692,2.03849088,0.63089895,0.43007681,0.67438634,198.33333333,0.96000000,-1.20877614,0,251,0.85132119,0.14637520,0.32057899,0.81750000,0.00765916,0.99234084,0
754,85499,0.29214753,0.00000000,177.90000000,94.09209155,1.89079078,0.63832997,0.60250099,0.97161045,183.50520833,0.96000000,0.82585129,0,252,0.85061627,0.14650844,0.34642162,0.79000000,0.01033764,0.98966236,0
755,85599,0.22226975,0.00000000,198.21000000,94.35220941,2.10076668,0.67916063,0.40825547,0.60403014,203.44845361,0.97000000,-1.68744032,0,253,0.85109641,0.14641482,0.26138622,0.81750000,0.00503159,0.99496841,0
756,85699,0.23947139,0.00000000,180.05000000,94.61177485,1.90295967,0.64436403,0.50691248,0.71624041,189.62765957,0.94000000,-0.91107134,0,254,0.85011986,0.14694728,0.35435802,0.82000000,0.02385298,0.97614702,0
757,85799,0.29748715,0.00000000,223.41000000,94.93633639,2.35344253,0.80007302,0.42488767,0.67109251,229.64432990,0.97000000,-1.21513927,0,255,0.84959278,0.14689696,0.26759375,0.84500000,0.01356742,0.98643258,0
758,85899,0.30593379,0.00000000,217.15000000,95.27050672,2.27919188,0.76485998,0.47364806,0.66979735,217.44000000,1.00000000,-1.21806253,0,256,0.84889278,0.14703303,0.21677316,0.87750000,0.01240811,0.98759189,0
759,85999,0.23091330,0.00000000,196.56000000,95.59614776,2.05617974,0.74631267,0.39716037,0.65757973,201.86082474,0.97000000,-1.29518578,0,257,0.84819318,0.14717074,0.32174840,0.84250000,0.00937015,0.99062985,0
760,86099,0.17853119,0.00000000,115.52000000,95.69850736,1.20699788,0.38083358,0.50086074,1.11113045,194.03636364,0.55000000,1.78931000,0,258,0.84745150,0.14736348,4.32852161,0.52750000,-0.00575907,1.00575907,0
761,86199,0.23504555,0.00000000,205.20000000,95.94825132,2.13870345,0.69909660,0.43317738,0.75761144,214.95789474,0.95000000,-0.61397524,0,259,0.84847351,0.14798980,0.48726975,0.81000000,0.01667050,0.98332950,0
762,86299,0.27532210,0.00000000,226.39000000,96.27849769,2.35139689,0.77569680,0.44555217,0.67650946,232.69587629,0.97000000,-1.16103474,0,260,0.84812269,0.14781059,0.47078305,0.86250000,0.00768647,0.99231353,0
763,86399,0.26739186,0.00000000,190.00000000,96.58285848,1.96713119,0.66629480,0.46955462,0.73278201,193.64285714,0.98000000,-0.77534909,0,261,0.84746264,0.14790838,0.42743307,0.80250000,0.03807037,0.96192963,0
764,86499,0.30760490,0.00000000,208.91000000,96.87475567,2.15646262,0.70257503,0.51705094,0.79617680,216.56770833,0.96000000,-0.34403542,0,262,0.84702325,0.14779423,0.42484898,0.78250000,0.00443274,0.99556726,0
765,86599,0.20923424,0.00000000,171.40000000,97.13170187,1.76457775,0.54342185,0.45898357,0.74546925,180.75531915,0.94000000,-0.68697976,0,263,0.84682918,0.14754428,0.38015017,0.78000000,0.00242977,0.99757023,0
766,86699,0.28807742,0.00000000,210.48000000,97.40049541,2.16103276,0.69450055,0.50530326,0.89388216,216.30927835,0.97000000,0.32184521,0,264,0.84644378,0.14739501,0.36302953,0.79250000,0.02819606,0.97180394,0
767,86799,0.29691447,0.00000000,205.92000000,97.70400682,2.10761828,0.69603016,0.48938909,0.80182739,211.52061856,0.97000000,-0.30443804,0,265,0.84662347,0.14714349,0.35482614,0.81250000,0.00912069,0.99087931,0
768,86899,0.24279826,0.00000000,182.24000000,97.96250357,1.86026306,0.61141484,0.45549938,0.76215332,186.93298969,0.97000000,-0.57390514,0,266,0.84645443,0.14689032,0.50915457,0.78750000,0.02582432,0.97417568,0
769,86999,0.19042289,0.00000000,185.08000000,98.21151489,1.88458725,0.63621033,0.40863211,0.68706116,189.87628866,0.97000000,-1.08433547,0,267,0.84613751,0.14670399,0.33820574,0.80000000,0.00986628,0.99013372,0
770,87099,0.20452019,0.00000000,142.51000000,98.34441638,1.44892764,0.46052164,0.57679000,1.63271892,178.45512821,0.78000000,5.36402395,1,267,0.84554172,0.14675125,2.93095721,0.63250000,0.00020707,0.99979293,0
771,87199,0.21582533,0.00000000,182.15000000,98.53751568,1.84837661,0.60587027,0.45127022,0.73544003,189.43157895,0.95000000,-0.75026065,0,268,0.84554172,0.14675125,0.37023272,0.79000000,-0.00383723,1.00383723,0
772,87299,0.27884549,0.00000000,207.60000000,98.80710976,2.10094448,0.69702538,0.48290132,0.71481510,220.73118280,0.93000000,-0.88873594,0,269,0.84513089,0.14663050,0.35820370,0.80250000,0.01598431,0.98401569,0
773,87399,0.31555864,0.00000000,226.01000000,99.13935046,2.27973673,0.78379225,0.47501814,0.66415669,230.02040816,0.98000000,-1.23140519,0,270,0.84464644,0.14657219,0.16450342,0.87250000,0.00688231,0.99311769,0
774,87499,0.27181338,0.00000000,218.33000000,99.47771828,2.19484233,0.74015403,0.46177108,0.67131673,225.98437500,0.96000000,-1.17687778,0,271,0.84397796,0.14671127,0.18611699,0.83750000,0.00955166,0.99044834,0
775,87599,0.27875174,0.00000000,217.85000000,99.80028454,2.18297014,0.70567909,0.45889936,0.68426166,223.61855670,0.97000000,-1.08353893,0,272,0.84334084,0.14681446,0.21218101,0.83500000,0.00311822,0.99688178,0
776,87699,0.22884046,0.00000000,196.28000000,100.09263695,1.96110666,0.62298508,0.47159500,0.62247703,213.11538462,0.91000000,-1.49992043,0,273,0.84275599,0.14686043,0.49986106,0.78750000,0.02120831,0.97879169,0
777,87799,0.35793460,0.00890649,217.30000000,100.36738389,2.16505972,0.72702612,0.59320830,0.87525450,223.56185567,0.97000000,0.22626682,0,274,0.84194910,0.14719521,0.26751211,0.83250000,0.00499881,0.99500119,0
778,87899,0.25811578,0.00000000,234.25000000,100.70150999,2.32617321,0.79463915,0.37597638,0.61782238,236.44949495,0.99000000,-1.52613020,0,275,0.84207066,0.14693915,0.16865817,0.86750000,0.03417544,0.96582456,0
779,87999,0.31113373,0.00000000,243.06000000,101.08327138,2.40473551,0.80579308,0.43922982,0.60627618,247.63265306,0.98000000,-1.59531884,0,276,0.84125521,0.14729283,0.23974661,0.86500000,0.00441479,0.99558521,0
780,88099,0.18101139,0.00000000,136.89000000,101.24554198,1.35185909,0.36746525,0.62186485,2.20464262,210.41803279,0.61000000,9.23632977,1,276,0.84040383,0.14770356,4.87008180,0.53000000,0.01200849,0.98799151,0
781,88199,0.29609947,0.00000000,228.41000000,101.54067733,2.24965662,0.76873751,0.44970941,0.76886248,228.68000000,1.00000000,-0.48435770,0,277,0.84040383,0.14770356,0.18896619,0.86750000,0.01563245,0.98436755,0
782,88299,0.27333629,0.00000000,227.26000000,101.85595052,2.23116780,0.73082338,0.44390579,0.67961356,233.69072165,0.97000000,-1.08836447,0,278,0.84014556,0.14749839,0.23669610,0.87000000,0.02250043,0.97749957,0
783,88399,0.31614551,0.00000000,228.00000000,102.17942656,2.23124311,0.70195690,0.57105661,0.95852474,232.13265306,0.98000000,0.80623214,0,279,0.83956811,0.14754638,0.25348824,0.84000000,-0.00415218,1.00415218,0
784,88499,0.30114825,0.00000000,234.56000000,102.53300946,2.28768920,0.78089668,0.46415341,0.67831490,239.21428571,0.98000000,-1.09648321,0,280,0.83999448,0.14745285,0.23775511,0.87250000,0.00523282,0.99476718,0
785,88599,0.31954123,0.00000000,224.27000000,102.87275016,2.18017482,0.75064007,0.48274431,0.83628409,232.34895833,0.96000000,-0.02123968,0,281,0.83941705,0.14750516,0.33304633,0.83500000,0.01420311,0.98579689,0
786,88699,0.24923934,0.00000000,198.03000000,103.14698646,1.91987281,0.66960213,0.47677574,0.80493093,201.67346939,0.98000000,-0.23413876,0,282,0.83940590,0.14724164,0.37887101,0.83250000,0.00735777,0.99264223,0
787,88799,0.29430584,0.00000000,224.02000000,103.42538147,2.16595942,0.77833852,0.44630592,0.70763873,234.03684211,0.95000000,-0.89558175,0,283,0.83928365,0.14699375,0.23700174,0.82750000,0.03040159,0.96959841,0
788,88899,0.31376166,0.00000000,226.77000000,103.76277216,2.18564153,0.73731409,0.50415761,0.72862697,237.08947368,0.95000000,-0.74990093,0,284,0.83881847,0.14694141,0.26091264,0.83750000,0.01816208,0.98183792,0
789,88999,0.23939885,0.00000000,207.31000000,104.04235209,1.99255377,0.68287453,0.41630452,0.75241930,211.14285714,0.98000000,-0.58579848,0,285,0.83843047,0.14682723,0.37064553,0.83000000,-0.00137366,1.00137366,0
790,89099,0.24062671,0.00000000,190.86000000,104.24027007,1.83058233,0.60338405,0.54803289,1.54158849,231.25308642,0.81000000,4.79663197,1,285,0.83812868,0.14665703,3.05067015,0.69000000,0.02906621,0.97093379,0
791,89199,0.26417879,0.00000000,214.48000000,104.55437109,2.05147972,0.73261761,0.40261423,0.57028768,216.55555556,0.99000000,-1.82630861,0,286,0.83812868,0.14665703,0.22807131,0.85750000,0.00366143,0.99633857,0
792,89299,0.28665618,0.00000000,209.52000000,104.82024506,1.99884464,0.67190124,0.49165469,0.81324729,211.57070707,0.99000000,-0.16260974,0,287,0.83719217,0.14725370,0.23816652,0.84000000,0.00952794,0.99047206,0
793,89399,0.27576218,0.00000000,226.14000000,105.10690504,2.15147505,0.70804871,0.44211219,0.80948129,230.18877551,0.98000000,-0.18793824,0,288,0.83710874,0.14700283,0.21374976,0.83250000,0.01827498,0.98172502,0
794,89499,0.34409552,0.01872888,213.22000000,105.39287142,2.02297313,0.66336644,0.57638331,0.89814574,220.86458333,0.96000000,0.41656299,0,289,0.83701281,0.14675554,0.30843245,0.81750000,0.01434464,0.98565536,0
795,89599,0.29367990,0.00000000,244.83000000,105.73376718,2.31567877,0.78678024,0.45646682,0.71882471,247.08585859,0.99000000,-0.80794238,0,290,0.83722435,0.14654466,0.15852056,0.86750000,0.01131027,0.98868973,0
796,89699,0.26840884,0.00000000,229.46000000,106.05824029,2.16353219,0.76880994,0.39606907,0.56155811,238.01562500,0.96000000,-1.87945805,0,291,0.83681607,0.14645603,0.22370146,0.85500000,0.01013164,0.98986836,0
797,89799,0.33124960,0.00000000,233.87000000,106.38750355,2.19839596,0.72224811,0.52976006,0.69534668,238.31122449,0.98000000,-0.95535046,0,292,0.83587017,0.14709103,0.23622663,0.84500000,0.01509974,0.98490026,0
798,89899,0.25637200,0.00000000,238.34000000,106.70143245,2.23363929,0.75850292,0.39258732,0.56254086,240.26262626,0.99000000,-1.85524883,0,293,0.83538892,0.14706818,0.16855136,0.85000000,0.00890701,0.99109299,0
799,89999,0.35939369,0.00000000,255.06000000,107.06347102,2.38234443,0.78851727,0.50855871,0.65071485,259.85714286,0.98000000,-1.24420512,0,294,0.83445770,0.14767890,0.23963960,0.86000000,0.01307374,0.98692626,0
800,90099,0.18504568,0.00000000,168.36000000,107.26158643,1.56928400,0.45619098,0.61909032,2.38374140,221.13698630,0.73000000,10.48541820,1,294,0.83383273,0.14781563,2.18933111,0.62000000,0.01736927,0.98263073,0
801,90199,0.27064660,0.00000000,236.42000000,107.55310736,2.19802121,0.75735369,0.46420938,0.66257929,242.92268041,0.97000000,-1.15856111,0,295,0.83383273,0.14781563,0.22733756,0.87000000,0.02333623,0.97666377,0
802,90299,0.37634748,0.00000000,244.01000000,107.90358734,2.26140877,0.78162239,0.53405705,0.82002741,248.60204082,0.98000000,-0.08941683,0,296,0.83325221,0.14790050,0.22590243,0.87500000,0.00000593,0.99999407,0
803,90399,0.29337874,0.00000000,224.11000000,108.22584869,2.07085074,0.69761797,0.48298280,0.69532383,224.37500000,1.00000000,-0.93384488,0,297,0.83320753,0.14765161,0.19861671,0.86250000,0.00133349,0.99866651,0
804,90499,0.31446449,0.00000000,238.17000000,108.52772551,2.19458938,0.76382710,0.49249527,0.77137497,242.69897959,0.98000000,-0.41572098,0,298,0.83274327,0.14761897,0.20042357,0.85750000,0.01729168,0.98270832,0
805,90599,0.32347290,0.00000000,264.80000000,108.88110252,2.43201410,0.76233715,0.48739946,0.75118514,267.34848485,0.99000000,-0.55186540,0,299,0.83253734,0.14741311,0.17935371,0.87500000,-0.00384654,1.00384654,0
806,90699,0.38825346,0.00000000,281.27000000,109.30335008,2.57349024,0.85031088,0.50018723,0.70526204,281.53000000,1.00000000,-0.86255485,0,300,0.83226526,0.14724075,0.12450160,0.89500000,0.00512678,0.99487322,0
807,90799,0.30431036,0.00000000,268.33000000,109.69336183,2.44608031,0.78307610,0.45071547,0.68519474,270.83838384,0.99000000,-0.99639945,0,301,0.83184191,0.14717709,0.17352084,0.88000000,0.02069118,0.97930882,0
808,90899,0.39304583,0.00000000,274.32000000,110.09879534,2.49154223,0.81784479,0.55481010,0.74908405,276.90909091,0.99000000,-0.55900074,0,302,0.83135471,0.14717452,0.12807723,0.90750000,0.01645696,0.98354304,0
809,90999,0.34745742,0.00000000,265.41000000,110.49790766,2.40195822,0.84499707,0.44582018,0.73751852,267.94949495,0.99000000,-0.63646190,0,303,0.83108229,0.14700609,0.12630245,0.92250000,0.02632716,0.97367284,0
810,91099,0.31415418,0.00948690,211.92000000,110.77207819,1.91278520,0.59101853,0.56653980,1.27092833,248.83928571,0.84000000,2.99708662,0,304,0.83077350,0.14686090,1.67333032,0.74500000,0.00663614,0.99336386,0
811,91199,0.26307732,0.00000000,258.40000000,111.12071595,2.32542388,0.77822717,0.39076091,0.64423795,265.45360825,0.97000000,-1.26353518,0,305,0.83222138,0.14877577,0.17213862,0.88750000,0.01861408,0.98138592,0
812,91299,0.34036093,0.00000000,239.55000000,111.45142701,2.14930673,0.72461691,0.54605275,0.79578982,241.83838384,0.99000000,-0.24049911,0,306,0.83160504,0.14892039,0.17195986,0.87250000,0.01674327,0.98325673,0
813,91399,0.39538817,0.00000000,269.53000000,111.80740176,2.41066612,0.79280153,0.55562798,0.78004080,271.95959596,0.99000000,-0.34600270,0,307,0.83148800,0.14869016,0.13838244,0.87500000,0.02540355,0.97459645,0
814,91499,0.38376012,0.00000000,283.02000000,112.20441587,2.52230105,0.84590314,0.54180906,0.77226818,283.27500000,1.00000000,-0.39772233,0,308,0.83132042,0.14847603,0.14625774,0.89500000,0.02107121,0.97892879,0
815,91599,0.29754345,0.00000000,268.08000000,112.61534932,2.38059974,0.78521911,0.44973141,0.78024740,268.33000000,1.00000000,-0.34316138,0,309,0.83112869,0.14827220,0.23040493,0.89250000,0.03385960,0.96614040,0
816,91699,0.37224846,0.00000000,291.16000000,113.01277149,2.57635055,0.84508460,0.46565139,0.81623572,291.38500000,1.00000000,-0.09947549,0,310,0.83096403,0.14805960,0.13356364,0.88500000,0.02064277,0.97935723,0
817,91799,0.32868303,0.00000000,281.88000000,113.44186016,2.48491260,0.81025463,0.45124842,0.64547730,284.64646465,0.99000000,-1.25447475,0,311,0.83091651,0.14782220,0.12591903,0.90000000,0.02060680,0.97939320,0
818,91899,0.36731028,0.00000000,267.73000000,113.83897293,2.35201811,0.74747494,0.58749785,1.01579541,275.05670103,0.97000000,1.25356873,0,312,0.83032025,0.14795771,0.27837873,0.85000000,0.00675180,0.99324820,0
819,91999,0.32379572,0.00000000,287.47000000,114.23258742,2.51672317,0.81760210,0.44439815,0.81876851,290.21212121,0.99000000,-0.08201779,0,313,0.83091472,0.14809238,0.18743126,0.88000000,-0.00031789,1.00031789,0
820,92099,0.24998739,0.00000000,200.62000000,114.48695174,1.75205412,0.54296266,0.54588581,1.89724453,241.29012346,0.81000000,7.21218818,1,313,0.83087591,0.14785646,1.39783127,0.71000000,0.02567261,0.97432739,0
821,92199,0.18420828,0.00000000,201.83000000,114.74435399,1.75898966,0.50928721,0.51591062,1.16625810,210.63684211,0.95000000,2.26829576,0,314,0.83087591,0.14785646,0.44233156,0.77750000,0.01270902,0.98729098,0
822,92299,0.23537484,0.00000000,221.43000000,114.96456922,1.92601608,0.65373802,0.42674737,0.87136791,233.94148936,0.94000000,0.26489494,0,315,0.83194401,0.14882845,0.34908170,0.79000000,0.00734485,0.99265515,0
823,92399,0.26005896,0.00000000,245.97000000,115.23764167,2.13429366,0.64353340,0.49339595,0.85483354,250.65306122,0.98000000,0.15318418,0,316,0.83206916,0.14860788,0.25896296,0.82750000,-0.00112333,1.00112333,0
824,92499,0.36255276,0.00000000,258.59000000,115.57028448,2.23739500,0.74885887,0.52296126,0.85459800,270.86842105,0.95000000,0.15134924,0,317,0.83214120,0.14837733,0.20891512,0.84750000,0.03109785,0.96890215,0
825,92599,0.31472581,0.00000000,234.72000000,115.88203497,2.02540772,0.67374439,0.51701581,0.91800254,236.97979798,0.99000000,0.57908746,0,318,0.83221205,0.14814774,0.26273005,0.82750000,-0.00097195,1.00097195,0
826,92699,0.25127252,0.00000000,227.04000000,116.16552497,1.95445099,0.60523011,0.47498256,0.87551743,246.25824176,0.91000000,0.29079665,0,319,0.83248183,0.14799210,0.41313495,0.79000000,0.03152186,0.96847814,0
827,92799,0.23616410,0.00000000,214.79000000,116.39586950,1.84520804,0.61138700,0.48556604,0.90882736,219.19387755,0.98000000,0.51570717,0,320,0.83261673,0.14777887,0.37050384,0.79750000,-0.00846910,1.00846910,0
828,92899,0.28876266,0.00000000,261.80000000,116.70019365,2.24333801,0.74445357,0.42009225,0.69176172,269.09793814,0.97000000,-0.95586044,0,321,0.83285489,0.14760855,0.16578218,0.86750000,0.00611971,0.99388029,0
829,92999,0.31360842,0.00000000,279.95000000,117.06043396,2.39144847,0.78529565,0.43275701,0.62709462,293.18421053,0.95000000,-1.39117515,0,322,0.83241535,0.14758798,0.19607076,0.86500000,0.01637523,0.98362477,0
830,93099,0.00860809,0.00366633,55.73000000,117.19551059,0.47549877,0.02949279,0.56310147,3.29348617,92.45000000,0.40000000,nan,0,322,0.83177771,0.14780148,3.64860581,0.35000000,0.01434670,0.98565330,0
831,93199,0.18392268,0.00000000,164.50000000,117.11218462,1.40445126,0.42416526,0.58644266,1.37486866,214.00675676,0.74000000,3.67446226,1,322,0.83177771,0.14780148,1.91031185,0.61250000,0.00315331,0.99684669,0
832,93299,0.24862961,0.00000000,256.70000000,117.39548919,2.18671919,0.69797118,0.44811707,0.80947008,261.41326531,0.98000000,-0.15092967,0,323,0.83177771,0.14780148,0.23008852,0.85250000,0.01003473,0.98996527,0
833,93399,0.23065313,0.00000000,214.96000000,117.67662212,1.82679797,0.58281091,0.45193279,0.81077865,222.80729167,0.96000000,-0.14182424,0,324,0.83170864,0.14757701,0.32705252,0.80750000,0.03143084,0.96856916,0
834,93499,0.24131146,0.00000000,227.49000000,117.90972991,1.92940224,0.65309301,0.46317905,0.70715070,237.52105263,0.95000000,-0.84486484,0,325,0.83164405,0.14735298,0.29659211,0.83250000,0.00941651,0.99058349,0
835,93599,0.26072773,0.00000000,239.60000000,118.16302758,2.02762605,0.64273828,0.47794086,0.83108052,248.91145833,0.96000000,-0.00122529,0,326,0.83126099,0.14728738,0.36962518,0.82500000,0.01014915,0.98985085,0
836,93699,0.31211315,0.00000000,252.43000000,118.48205317,2.13066499,0.69959321,0.48841572,0.68549206,259.75257732,0.97000000,-0.99121292,0,327,0.83126044,0.14706061,0.35766029,0.85750000,0.01180982,0.98819018,0
837,93799,0.30227763,0.00000000,258.53000000,118.78148311,2.17647897,0.70085130,0.45758955,0.71536138,261.15151515,0.99000000,-0.78509742,0,328,0.83081466,0.14705599,0.25046592,0.86750000,0.01278538,0.98721462,0
838,93899,0.27302557,0.00000000,276.05000000,119.14279425,2.31713437,0.73643114,0.44873905,0.72553126,281.21428571,0.98000000,-0.71396835,0,329,0.83046267,0.14696928,0.17596660,0.88750000,0.02972111,0.97027889,0
839,93999,0.26658215,0.00000000,263.00000000,119.48547599,2.20122253,0.70206395,0.47564064,0.75038644,273.05208333,0.96000000,-0.54308727,0,330,0.83014373,0.14685906,0.29383701,0.85500000,0.01233398,0.98766602,0
840,94099,0.08358343,0.00000000,121.44000000,119.60714938,1.01532965,0.27955213,0.56133054,2.82739064,177.64843750,0.64000000,13.61601500,1,330,0.82990204,0.14670141,3.52404017,0.51250000,0.01173247,0.98826753,0
841,94199,0.32882170,0.00000000,267.83000000,119.80174641,2.23549569,0.75144808,0.46103876,0.69996085,270.43939394,0.99000000,-0.88575286,0,331,0.82990204,0.14670141,0.15126327,0.88250000,0.00949210,0.99050790,0
842,94299,0.27057082,0.00000000,289.17000000,120.16745414,2.40630023,0.76907674,0.40628752,0.50890487,289.44500000,1.00000000,-2.18614436,0,332,0.82950947,0.14665299,0.13385137,0.89500000,0.02513031,0.97486969,0
843,94399,0.30992060,0.00000000,258.12000000,120.51039689,2.14174732,0.70507131,0.51136387,0.80652576,267.95312500,0.96000000,-0.14929035,0,333,0.82854379,0.14748465,0.36506886,0.85250000,0.00497446,0.99502554,0
844,94499,0.26333528,0.00000000,271.92000000,120.84396470,2.25007047,0.73323252,0.42156106,0.63441408,279.36597938,0.97000000,-1.31776417,0,334,0.82847767,0.14726731,0.19439038,0.87000000,0.02044894,0.97955106,0
845,94599,0.31210024,0.00000000,289.86000000,121.22250839,2.39119943,0.77132779,0.46787258,0.63979758,292.73737374,0.99000000,-1.27586264,0,335,0.82789664,0.14742893,0.14184831,0.88000000,0.00786373,0.99213627,0
846,94699,0.33413163,0.00000000,259.04000000,121.56415952,2.13088736,0.69781129,0.52001736,0.68870884,264.16326531,0.98000000,-0.93941675,0,336,0.82733515,0.14756636,0.23338764,0.85500000,0.00576225,0.99423775,0
847,94799,0.26028350,0.00000000,252.72000000,121.85214216,2.07384838,0.68127656,0.48829247,0.70845765,262.07291667,0.96000000,-0.80293483,0,337,0.82692257,0.14753990,0.24873221,0.85500000,0.01178670,0.98821330,0
848,94899,0.28752908,0.00000000,266.02000000,122.18069657,2.17729102,0.72892588,0.47309623,0.67954483,270.92346939,0.98000000,-0.99704845,0,338,0.82657105,0.14746145,0.21444074,0.87250000,0.01793566,0.98206434,0
849,94999,0.28916621,0.00000000,259.72000000,122.49768488,2.12023205,0.67205354,0.49333742,0.76229194,269.21875000,0.96000000,-0.43296027,0,339,0.82613606,0.14745952,0.32206196,0.83750000,0.01143122,0.98856878,0
850,95099,0.18621971,0.00000000,167.68000000,122.65717688,1.36694528,0.40724463,0.60027007,2.05526155,243.15909091,0.66000000,8.34666452,1,339,0.82594773,0.14728205,2.69087207,0.57000000,-0.00496945,1.00496945,0
851,95199,0.28615704,0.00000000,286.80000000,122.92925615,2.33300121,0.82176001,0.38811149,0.56298558,289.37878788,0.99000000,-1.78543250,0,340,0.82594773,0.14728205,0.14298493,0.88000000,0.02397654,0.97602346,0
852,95299,0.33665299,0.00000000,267.79000000,123.30069568,2.17205969,0.67789042,0.63259022,1.12475692,277.63020833,0.96000000,2.02757013,0,341,0.82517431,0.14775450,0.28598824,0.83750000,-0.00146619,1.00146619,0
853,95399,0.25938404,0.00000000,276.69000000,123.61467597,2.23836786,0.74571750,0.39833306,0.67567474,279.25757576,0.99000000,-1.01314977,0,342,0.82605285,0.14842634,0.18357291,0.86750000,0.02037382,0.97962618,0
854,95499,0.39461764,0.00000000,327.98000000,124.01174485,2.64480551,0.82965228,0.53730159,0.74386678,331.32323232,0.99000000,-0.55073484,0,343,0.82561315,0.14843145,0.18296732,0.91500000,0.01492796,0.98507204,0
855,95599,0.26940832,0.00000000,317.00000000,124.42483355,2.54743137,0.79677403,0.41495714,0.67834954,322.98469388,0.98000000,-0.99153822,0,344,0.82537482,0.14827999,0.19691092,0.90750000,0.02489914,0.97510086,0
856,95699,0.36982092,0.00000000,336.03000000,124.91732579,2.69031603,0.80717824,0.50558630,0.71733631,339.36363636,0.99000000,-0.72575000,0,345,0.82494742,0.14827573,0.17939161,0.91500000,-0.01081020,1.01081020,0
857,95799,0.39318411,0.00000000,338.85000000,125.34477579,2.70306349,0.85636262,0.51042548,0.77804593,342.10101010,0.99000000,-0.31442612,0,346,0.82463551,0.14817337,0.29083568,0.90250000,0.03116753,0.96883247,0
858,95899,0.35020269,0.00000000,329.81000000,125.82266739,2.62118230,0.83456706,0.46053719,0.68229454,330.06500000,1.00000000,-0.96098550,0,347,0.82450085,0.14797967,0.10748284,0.92000000,-0.01056084,1.01056084,0
859,95999,0.32273724,0.00000000,347.67000000,126.28269483,2.75294222,0.88251644,0.41215439,0.70464073,351.23737374,0.99000000,-0.80729991,0,348,0.82409104,0.14796273,0.12755049,0.93250000,0.02094994,0.97905006,0
860,96099,0.16182821,0.03190439,136.18000000,126.52937560,1.07626988,0.29039615,0.77592134,5.25193679,203.73387097,0.62000000,29.94284220,1,348,0.82374779,0.14788807,3.82186040,0.50500000,-0.01023000,1.01023000,0
861,96199,0.29849512,0.00000000,344.58000000,126.79528469,2.71757329,0.86373882,0.38697511,0.59891985,347.91414141,0.99000000,-1.52025747,0,349,0.82374779,0.14788807,0.12571188,0.91750000,0.01235906,0.98764094,0
862,96299,0.39487817,0.00000000,329.33000000,127.26046683,2.58788216,0.83365373,0.50321977,0.75878838,329.59500000,1.00000000,-0.43407827,0,350,0.82310358,0.14816500,0.12885379,0.92000000,0.00361783,0.99638217,0
863,96399,0.34842332,0.00000000,337.75000000,127.72173520,2.64461006,0.83053926,0.46464191,0.68268803,343.99489796,0.98000000,-0.94756009,0,351,0.82291983,0.14799251,0.14333053,0.91000000,0.00602293,0.99397707,0
864,96499,0.32163808,0.00000000,332.95000000,128.15897465,2.59794421,0.83097297,0.43908867,0.69293357,333.19500000,1.00000000,-0.87576130,0,352,0.82252030,0.14797038,0.13535598,0.92250000,0.02316387,0.97683613,0
865,96599,0.35400525,0.00000000,322.99000000,128.59429408,2.51171715,0.77674449,0.48821759,0.81414558,326.10101010,0.99000000,-0.05412752,0,353,0.82215216,0.14792079,0.18090331,0.90500000,0.00014771,0.99985229,0
866,96699,0.32555622,0.00000000,304.31000000,128.98791655,2.35915050,0.74303278,0.47804981,0.76201081,309.98979592,0.98000000,-0.40700158,0,354,0.82212948,0.14771114,0.26514174,0.86250000,0.01098999,0.98901001,0
867,96799,0.38759712,0.00000000,354.18000000,129.44038723,2.73642239,0.90915597,0.44360395,0.69956726,354.42500000,1.00000000,-0.82957437,0,355,0.82195965,0.14753637,0.16330997,0.92000000,0.01830877,0.98169123,0
868,96899,0.35126260,0.00000000,342.13000000,129.89140378,2.63388018,0.80180148,0.46673088,0.65516638,342.39500000,1.00000000,-1.12868652,0,356,0.82161488,0.14747098,0.13260506,0.90750000,0.01145919,0.98854081,0
869,96999,0.32758030,0.00000000,337.48000000,130.35355770,2.58899927,0.78130242,0.46798682,0.73772984,337.73500000,1.00000000,-0.56543833,0,357,0.82114733,0.14752712,0.16488031,0.90750000,-0.00147856,1.00147856,0
870,97099,0.05875398,0.02571496,82.42000000,130.52527133,0.63145425,0.09637197,0.59661987,5.89179167,141.50000000,0.45000000,nan,0,357,0.82091367,0.14738592,4.72260692,0.39500000,0.01925919,0.98074081,0
871,97199,0.11032629,0.00000000,137.54000000,130.41442430,1.05462677,0.31128475,0.48648960,1.05898766,277.70000000,0.45000000,nan,0,357,0.82091367,0.14738592,4.97498142,0.42750000,0.03156968,0.96843032,0
872,97299,0.34865664,0.00000000,297.52000000,130.66055695,2.27700986,0.77561193,0.49233758,0.81259858,300.30808081,0.99000000,-0.05641712,0,358,0.82091367,0.14738592,0.16843360,0.89000000,-0.00145440,1.00145440,0
873,97399,0.26199380,0.00000000,304.87000000,131.04061849,2.32666054,0.75396310,0.43709613,0.66852258,315.97395833,0.96000000,-1.03524842,0,359,0.82089044,0.14718000,0.22035847,0.85000000,0.02490543,0.97509457,0
874,97499,0.26900533,0.00000000,287.71000000,131.37941718,2.18990976,0.75427964,0.43313308,0.62453813,287.97000000,1.00000000,-1.33108491,0,360,0.82046602,0.14719414,0.23567955,0.88250000,0.03743302,0.96256698,0
875,97599,0.31160428,0.00000000,312.83000000,131.74473770,2.37457665,0.77351294,0.48376658,0.69006631,315.74242424,0.99000000,-0.88126467,0,361,0.81992178,0.14735127,0.16493121,0.89750000,0.02389960,0.97610040,0
876,97699,0.31443932,0.00000000,326.31000000,132.15371365,2.46935466,0.80722507,0.47907853,0.66404216,329.57070707,0.99000000,-1.05576724,0,362,0.81956207,0.14730510,0.14116560,0.89250000,0.01372613,0.98627387,0
877,97799,0.27093451,0.00000000,308.49000000,132.53717052,2.32765209,0.74759369,0.46596024,0.78216565,311.46969697,0.99000000,-0.25091520,0,363,0.81913245,0.14732786,0.18057613,0.90500000,0.01039086,0.98960914,0
878,97899,0.29592055,0.00000000,343.20000000,132.94669033,2.58159652,0.84950618,0.39801324,0.56849751,343.41500000,1.00000000,-1.70271970,0,364,0.81903062,0.14713702,0.13011622,0.92250000,0.03746774,0.96253226,0
879,97999,0.33823445,0.00000000,379.04000000,133.41604290,2.84101247,0.90064616,0.41406871,0.51415776,382.92424242,0.99000000,-2.06199108,0,365,0.81834234,0.14751983,0.09848248,0.93250000,0.01475321,0.98524679,0
880,98099,0.19837577,0.00000000,202.69000000,133.69136738,1.51588820,0.44095142,0.62677354,1.98857545,274.99295775,0.71000000,7.90326889,1,365,0.81750896,0.14817495,1.58627274,0.60500000,-0.00497401,1.00497401,0
881,98199,0.27337633,0.00000000,325.70000000,134.02601683,2.43015780,0.76191241,0.43558507,0.61634176,331.84693878,0.98000000,-1.35763293,0,366,0.81750896,0.14817495,0.13247394,0.88500000,0.00963568,0.99036432,0
882,98299,0.36106294,0.00000000,324.22000000,134.44451988,2.41177875,0.77501450,0.53567720,0.68676988,329.94387755,0.98000000,-0.87761272,0,367,0.81695932,0.14834498,0.17237354,0.89250000,0.02611667,0.97388333,0
883,98399,0.35427259,0.00183300,294.27000000,134.79442120,2.18315254,0.72356214,0.54663909,0.76562948,297.35858586,0.99000000,-0.34373430,0,368,0.81660458,0.14829798,0.18991914,0.88500000,-0.00249627,1.00249627,0
884,98499,0.27230530,0.00000000,307.05000000,135.14601563,2.27209620,0.73421606,0.46692399,0.73118949,310.12626263,0.99000000,-0.57572762,0,369,0.81646606,0.14811963,0.21927371,0.89500000,0.01093614,0.98906386,0
885,98599,0.27754314,0.00000000,341.92000000,135.52801842,2.52287513,0.76350866,0.44529022,0.70279903,348.56122449,0.98000000,-0.76653746,0,370,0.81623496,0.14798485,0.23363275,0.88000000,0.01821008,0.98178992,0
886,98699,0.27381224,0.00000000,312.78000000,135.92084208,2.30113585,0.74257350,0.47315946,0.71205599,313.00000000,1.00000000,-0.70230640,0,371,0.81592837,0.14790181,0.21536898,0.87250000,0.00708963,0.99291037,0
887,98799,0.26686722,0.00000000,298.30000000,136.27724638,2.18890838,0.75686353,0.45316322,0.66243514,298.57500000,1.00000000,-1.03662396,0,372,0.81564840,0.14780022,0.19671125,0.88750000,0.01144061,0.98855939,0
888,98899,0.27081387,0.00000000,303.77000000,136.63521299,2.22336541,0.68414616,0.45687592,0.62700310,312.03092784,0.97000000,-1.27344357,0,373,0.81523653,0.14781450,0.23245718,0.86250000,-0.00674333,1.00674333,0
889,98999,0.29829606,0.00000000,327.05000000,136.99022644,2.38742525,0.71362853,0.47137903,0.71791928,333.18877551,0.98000000,-0.65441738,0,374,0.81473188,0.14793710,0.24143806,0.88250000,0.01296005,0.98703995,0
890,99099,0.14751539,0.03670345,119.81000000,137.18993066,0.87330579,0.23512709,0.60087089,6.55557096,208.20588235,0.51000000,38.83753255,1,374,0.81447303,0.14782345,4.19189343,0.40250000,0.00601602,0.99398398,0
891,99199,0.23609714,0.00000000,283.11000000,137.29761429,2.06201031,0.69232245,0.40997731,0.81079949,293.77604167,0.96000000,-0.02485087,0,375,0.81447303,0.14782345,0.24655532,0.84000000,0.02164398,0.97835602,0
892,99299,0.30342663,0.00000000,314.00000000,137.63913088,2.28142217,0.73904908,0.48079751,0.67049618,316.97474747,0.99000000,-0.97521597,0,376,0.81446323,0.14762581,0.24552728,0.88500000,0.03202124,0.96797876,0
893,99399,0.28439823,0.00000000,311.57000000,137.99894630,2.25787984,0.71230642,0.46782736,0.67607977,317.50510204,0.98000000,-0.93486388,0,377,0.81408034,0.14761568,0.19461309,0.86500000,0.00516038,0.99483962,0
894,99499,0.35386134,0.01744175,303.77000000,138.34128277,2.19586596,0.67729502,0.57432933,0.88181525,312.23195876,0.97000000,0.46141835,0,378,0.81371429,0.14759048,0.26286780,0.86500000,0.03263168,0.96736832,0
895,99599,0.28157606,0.00000000,301.51000000,138.67297088,2.17428470,0.69369309,0.46294324,0.79722062,307.26020408,0.98000000,-0.11309184,0,379,0.81389445,0.14743622,0.24825946,0.87500000,-0.00868420,1.00868420,0
896,99699,0.24220492,0.00000000,299.86000000,139.00324967,2.15725413,0.68941968,0.42471840,0.64561458,305.42857143,0.98000000,-1.14256862,0,380,0.81385046,0.14724356,0.22922615,0.89000000,0.00964056,0.99035944,0
897,99799,0.28900456,0.00000000,288.09000000,139.32278988,2.06785814,0.71254247,0.50621565,0.79973718,291.02525253,0.99000000,-0.09280613,0,381,0.81340773,0.14730222,0.23857636,0.89000000,0.01471492,0.98528508,0
898,99899,0.29558256,0.00000000,273.55000000,139.59001849,1.95959549,0.64671076,0.46322589,0.79341458,276.32323232,0.99000000,-0.13566232,0,382,0.81337185,0.14710994,0.21146350,0.86000000,0.02141271,0.97858729,0
899,99999,0.26213004,0.00000000,312.11000000,139.91403823,2.23076450,0.70641015,0.53074027,0.98958673,317.57142857,0.98000000,1.19974648,0,383,0.81331961,0.14692031,0.17998211,0.89500000,-0.00035334,1.00035334,0
900,100099,0.38847333,0.23374839,174.51000000,140.07857965,1.24573751,0.33380762,1.47686100,14.40492216,223.44078947,0.76000000,92.45419999,1,383,0.81377983,0.14700406,3.58929448,0.61250000,0.08935192,0.91064808,0
901,100199,0.26277851,0.17585207,288.65000000,140.31009856,2.05728349,0.65135139,0.49320826,12.27149319,296.73195876,0.97000000,77.94147811,2,383,0.81377983,0.14700406,0.60098455,0.81250000,0.12942398,0.87057602,0
902,100299,0.25789773,0.20586698,218.85000000,140.52651129,1.55734087,0.48215490,0.86079064,8.57405515,239.28888889,0.90000000,52.78953229,3,383,0.81377983,0.14700406,0.82319520,0.73500000,-0.01482061,1.01482061,1
903,100399,0.09134644,0.00000000,0.18000000,0.04824576,2.64596709,0.13000000,0.97167989,nan,0.00000000,0.00000000,nan,0,0,0.00000000,nan,24.01675501,0.00000000,0.00804636,0.99195364,0
904,100499,0.48876327,0.00000000,0.80000000,0.32290012,2.48248979,0.55981666,0.89295677,nan,0.00000000,0.00000000,nan,0,0,0.00000000,nan,20.09077222,0.00000000,0.01580132,0.98419868,0
905,100599,0.43383792,0.00000000,1.83000000,0.70694696,2.61058788,0.67431723,0.88354765,nan,0.00000000,0.00000000,nan,0,0,0.00000000,nan,18.64791664,0.00000000,0.02059775,0.97940225,0
906,100699,0.40957857,0.00000000,3.93000000,1.29697910,3.05646906,0.75883165,0.63786908,nan,0.00000000,0.00000000,nan,0,0,0.00000000,nan,12.28798064,0.00000000,0.01995154,0.98004846,0
907,100799,0.44325494,0.00000000,5.44000000,2.07760620,2.64939647,0.69065258,0.76257365,nan,0.00000000,0.00000000,nan,0,0,0.00000000,nan,11.77425259,0.00000000,0.00763439,0.99236561,0
908,100899,0.26655419,0.00000000,4.26000000,2.63211117,1.63186459,0.46724897,0.82237520,nan,0.00000000,0.00000000,nan,0,0,0.00000000,nan,12.62325066,0.00000000,0.01980441,0.98019559,0
909,100999,0.33508942,0.00000000,5.75000000,2.93273198,1.95733658,0.54220152,0.82399920,nan,0.00000000,0.00000000,nan,0,0,0.00000000,nan,11.41672045,0.00000000,0.00951730,0.99048270,0
910,101099,0.32545111,0.00000000,3.88000000,3.13680047,1.23270672,0.36773803,1.22882190,nan,0.00000000,0.00000000,nan,0,0,0.00000000,nan,24.57336404,0.00000000,0.00038462,0.99961538,0
911,101199,0.31406012,0.00000000,7.36000000,3.48312855,2.11522824,0.64040880,0.63906080,nan,0.00000000,0.00000000,nan,0,0,0.00000000,nan,10.20361725,0.00000000,0.00994859,0.99005141,0
912,101299,0.35870051,0.00000000,8.04000000,3.95305080,2.04236678,0.61570623,0.71582965,nan,0.00000000,0.00000000,nan,0,0,0.00000000,nan,10.26619289,0.00000000,0.02010540,0.97989460,0
913,101399,0.32853847,0.00000000,9.06000000,4.36882815,2.07578636,0.58882162,0.64991773,nan,0.00000000,0.00000000,nan,0,0,0.00000000,nan,9.08395942,0.00000000,0.00991356,0.99008644,0
914,101499,0.35762323,0.00000000,11.29000000,4.87775428,2.31910303,0.68497895,0.67243731,nan,0.00000000,0.00000000,nan,0,0,0.00000000,nan,7.32589678,0.00000000,-0.00796169,1.00796169,0
915,101599,0.35658854,0.00000000,13.03000000,5.45985417,2.39104644,0.69256342,0.64983892,nan,0.00000000,0.00000000,nan,0,0,0.00000000,nan,7.49823362,0.00000000,0.00381174,0.99618826,0
916,101699,0.27242731,0.00000000,11.53000000,5.95946558,1.93573111,0.55827246,0.61359959,nan,0.00000000,0.00000000,nan,0,0,0.00000000,nan,8.25046017,0.00500000,0.00914683,0.99085317,0
917,101799,0.22653132,0.00000000,13.55000000,6.37829959,2.11968770,0.64695492,0.54994826,nan,0.00000000,0.00000000,nan,0,0,0.00000000,nan,7.61646725,0.01250000,0.01979657,0.98020343,0
918,101899,0.22895580,0.00000000,12.75000000,6.80767361,1.86847016,0.54064462,0.67355165,nan,0.00000000,0.00000000,nan,0,0,0.00000000,nan,9.10172462,0.00750000,0.00337646,0.99662354,0
919,101999,0.26290859,0.00000000,14.97000000,7.28164261,2.05818009,0.63893817,0.53296351,1.41060934,42.00000000,0.02000000,nan,0,0,0.00000000,nan,7.57200316,0.02000000,-0.01041520,1.01041520,0
920,102099,0.25585161,0.00000000,11.60000000,7.55304276,1.53185290,0.46875518,0.82742460,0.73668153,34.00000000,0.01000000,nan,0,0,0.00000000,nan,15.34312181,0.03000000,0.00878896,0.99121104,0
921,102199,0.15185543,0.00000000,16.13000000,7.97406411,2.02630966,0.60726184,0.35814876,0.69685780,39.00000000,0.03000000,nan,0,0,0.00000000,nan,6.05450686,0.07250000,-0.00176447,1.00176447,0
922,102299,0.21414015,0.00000000,18.01000000,8.39921018,2.14226563,0.64067168,0.41747981,1.94070880,47.75000000,0.02000000,nan,0,0,0.00000000,nan,5.20631590,0.06750000,-0.01671726,1.01671726,0
923,102399,0.19213649,0.00000000,17.06000000,8.85867720,1.92573469,0.60862390,0.43503677,0.86869719,51.33333333,0.03000000,nan,0,0,0.00000000,nan,5.98767510,0.04750000,0.00545706,0.99454294,0
924,102499,0.24627701,0.00000000,18.70000000,9.29301419,2.01390007,0.57376715,0.53339775,0.48670758,41.50000000,0.01000000,nan,0,0,0.00000000,nan,5.60695878,0.05250000,-0.00422745,1.00422745,0
925,102599,0.19331655,0.00000000,18.72000000,9.69414693,1.93077352,0.57552543,0.42418640,0.81094896,55.50000000,0.02000000,nan,0,0,0.00000000,nan,4.92172464,0.06500000,-0.00824342,1.00824342,0
926,102699,0.15093757,0.00000000,15.89000000,10.04054856,1.58357347,0.45887398,0.50380742,0.59226164,47.00000000,0.02000000,nan,0,0,0.00000000,nan,5.49391483,0.07000000,0.00243428,0.99756572,0
927,102799,0.19038823,0.00000000,16.34000000,10.26598663,1.59135034,0.46600300,0.55878503,1.56265009,36.00000000,0.01000000,nan,0,0,0.00000000,nan,5.85522304,0.06000000,0.00483839,0.99516161,0
928,102899,0.15211982,0.00000000,17.72000000,10.54086704,1.68134091,0.54556290,0.35201148,1.22944893,50.00000000,0.03000000,nan,0,0,0.00000000,nan,3.85015885,0.07750000,0.00381582,0.99618418,0
929,102999,0.28007534,0.00000000,17.78000000,10.81882042,1.64400216,0.56424352,0.66138242,1.21834159,40.50000000,0.03000000,nan,0,0,0.00000000,nan,4.49768427,0.09250000,0.01243143,0.98756857,0
930,103099,0.15777104,0.00000000,17.22000000,11.01656659,1.56138628,0.51030839,0.65130517,1.13540906,42.75000000,0.08000000,nan,0,0,0.00000000,nan,10.72401931,0.07750000,-0.01310636,1.01310636,0
931,103199,0.22744230,0.00000000,20.51000000,11.33701306,1.80992822,0.61021386,0.44455390,0.57708834,44.50000000,0.01000000,nan,0,0,0.00000000,nan,3.86344514,0.11250000,0.01417253,0.98582747,0
932,103299,0.28881821,0.00000000,22.10000000,11.67861301,1.89351500,0.70085873,0.55001482,1.33993100,46.50000000,0.05000000,nan,0,0,0.00000000,nan,3.33921753,0.12250000,-0.00623958,1.00623958,0
933,103399,0.27347194,0.00000000,21.90000000,11.99970286,1.82489211,0.59886661,0.53530819,1.69448512,46.85714286,0.07000000,nan,0,0,0.00000000,nan,3.45257840,0.12000000,0.01178062,0.98821938,0
934,103499,0.26982459,0.00000000,23.29000000,12.33305846,1.88805279,0.65964078,0.46095190,1.24572067,44.43750000,0.08000000,nan,0,0,0.00000000,nan,2.91166754,0.13250000,0.02335512,0.97664488,0
935,103599,0.34012373,0.00000000,24.15000000,12.67419214,1.90446723,0.67522183,0.54477247,1.99649209,52.30000000,0.05000000,nan,0,0,0.00000000,nan,2.70651754,0.13500000,-0.00776500,1.00776500,0
936,103699,0.29507557,0.00000000,23.77000000,13.03249715,1.82437910,0.63877860,0.56065746,1.40124887,44.50000000,0.03000000,nan,0,0,0.00000000,nan,2.93518200,0.11000000,-0.00033032,1.00033032,0
937,103799,0.28533528,0.00000000,28.88000000,13.39400128,2.15493261,0.75354415,0.42524497,0.83547279,51.35000000,0.10000000,nan,0,0,0.00000000,nan,1.80594077,0.15500000,0.00530568,0.99469432,0
938,103899,0.27713598,0.00000000,30.43000000,13.85020262,2.19576598,0.73212418,0.41028698,0.94021523,52.11764706,0.17000000,nan,0,0,0.00000000,nan,1.77549175,0.17750000,0.00508171,0.99491829,0
939,103999,0.43067127,0.00000000,32.55000000,14.32250241,2.27040155,0.76007253,0.65796394,0.93079267,55.56250000,0.16000000,nan,0,0,0.00000000,nan,1.62002426,0.17500000,0.00011242,0.99988758,0
940,104099,0.23527875,0.00000000,21.64000000,14.65582480,1.47548362,0.46255092,0.69673003,1.61893519,50.33333333,0.09000000,nan,0,0,0.00000000,nan,10.08792960,0.10000000,-0.00936291,1.00936291,0
941,104199,0.24541020,0.00000000,31.27000000,14.99758728,2.08527447,0.70447492,0.38927566,1.03063574,54.53846154,0.13000000,nan,0,0,0.00000000,nan,1.96230280,0.18500000,0.01416465,0.98583535,0
942,104299,0.30728373,0.00000000,31.65000000,15.41800971,2.05329451,0.71343491,0.46199986,0.95326691,57.63333333,0.15000000,nan,0,0,0.00000000,nan,1.68187137,0.17000000,-0.00037559,1.00037559,0
943,104399,0.35736915,0.00000000,37.46000000,15.89263230,2.35797477,0.80893585,0.49172366,0.83222943,55.35714286,0.28000000,nan,0,0,0.00000000,nan,1.13371485,0.26500000,-0.00210893,1.00210893,0
944,104499,0.38603460,0.00000000,38.80000000,16.42344478,2.36296593,0.80204240,0.55939428,0.79181694,56.22727273,0.33000000,nan,0,0,0.00000000,nan,1.23552818,0.31250000,-0.00843847,1.00843847,0
945,104599,0.35863476,0.00000000,34.49000000,16.89721824,2.04133364,0.70439431,0.60545512,0.85733652,54.31666667,0.30000000,nan,0,0,0.00000000,nan,1.52646486,0.31500000,0.00208820,0.99791180,0
946,104699,0.32630189,0.00000000,40.37000000,17.35655315,2.32524372,0.79640068,0.46722705,0.81015487,55.34523810,0.42000000,nan,0,0,0.00000000,nan,1.69468319,0.35000000,-0.01126559,1.01126559,0
947,104799,0.29580969,0.00000000,41.05000000,17.88649145,2.29481216,0.73095936,0.47425683,0.87381700,57.66666667,0.45000000,nan,0,0,0.00000000,nan,1.47804768,0.36500000,0.00379262,0.99620738,0
948,104899,0.37562672,0.00000000,42.87000000,18.42184394,2.32740654,0.74467002,0.56224290,0.99373079,60.29787234,0.47000000,nan,0,0,0.00000000,nan,1.27418881,0.38000000,0.00808765,0.99191235,0
949,104999,0.44002207,0.00000000,48.26000000,18.99006897,2.54043886,0.87238178,0.55540183,0.81304548,58.79838710,0.62000000,nan,0,1,0.81304548,nan,0.74128111,0.45750000,-0.00281496,1.00281496,0
950,105099,0.25999874,0.00000000,35.84000000,19.43279893,1.84195184,0.62363129,0.71186935,0.73483637,59.04166667,0.36000000,nan,0,1,0.81304548,nan,6.52415569,0.30000000,0.00915366,0.99084634,0
951,105199,0.31004324,0.00000000,50.72000000,19.97277463,2.53918985,0.85526490,0.41289337,0.72743362,61.54615385,0.65000000,nan,0,2,0.77023955,0.06053673,0.85922298,0.50000000,0.00086019,0.99913981,0
952,105299,0.36244217,0.00000000,53.63000000,20.63212716,2.59979984,0.85148460,0.50107597,0.78957999,62.89726027,0.73000000,nan,0,3,0.77668636,0.04423836,0.81141848,0.52250000,-0.00884890,1.00884890,0
953,105399,0.39928531,0.00000000,54.54000000,21.28678712,2.56203071,0.82886440,0.55624635,0.87597815,64.33333333,0.75000000,nan,0,4,0.80150931,0.06139546,0.83752689,0.53750000,0.00549461,0.99450539,0
954,105499,0.30894841,0.00000000,49.75000000,21.86912472,2.27376914,0.76137356,0.47469959,0.84362180,63.10769231,0.65000000,nan,0,5,0.80993181,0.05640695,1.50642404,0.46750000,-0.00048742,1.00048742,0
955,105599,0.35681067,0.00000000,58.72000000,22.48739012,2.61011209,0.87725149,0.48066090,0.69759163,66.47468354,0.79000000,nan,0,6,0.79120844,0.06818197,0.77367366,0.55250000,0.01580029,0.98419971,0
956,105699,0.37379880,0.00000000,58.34000000,23.18678798,2.51675861,0.83386304,0.46853376,0.82904915,67.57894737,0.76000000,nan,0,7,0.79661426,0.06386348,0.82332712,0.53500000,0.00064273,0.99935727,0
957,105799,0.43148496,0.00000000,60.15000000,23.82650555,2.52377020,0.81499970,0.61167245,0.91455828,70.35714286,0.77000000,nan,0,8,0.81135726,0.07235153,1.26446460,0.56500000,0.00546724,0.99453276,0
958,105899,0.36428415,0.00000000,65.19000000,24.55498888,2.65608326,0.85165829,0.44912747,0.69343308,74.95569620,0.79000000,nan,0,9,0.79825458,0.07826573,0.80127419,0.59250000,0.01340081,0.98659919,0
959,105999,0.31970943,0.00000000,62.06000000,25.24910283,2.45908617,0.75441181,0.51653050,0.79860639,75.50694444,0.72000000,nan,0,10,0.79828976,0.07378972,0.86466608,0.56000000,-0.00623973,1.00623973,0
960,106099,0.28494407,0.00000000,46.30000000,25.64432852,1.80272957,0.55655710,0.85346619,0.97985401,73.19090909,0.55000000,nan,0,11,0.81479560,0.08886676,7.30026627,0.42250000,0.02344489,0.97655511,0
961,106199,0.31540079,0.00000000,71.49000000,26.29588591,2.71857139,0.80826916,0.42736777,0.65948948,83.44375000,0.80000000,nan,0,12,0.80185342,0.09586117,0.79933640,0.64000000,-0.00477407,1.00477407,0
962,106299,0.39741125,0.00000000,78.34000000,27.12195263,2.88901242,0.90203492,0.48439803,0.69911824,84.37777778,0.90000000,nan,0,13,0.79395071,0.09610135,0.49878579,0.69750000,-0.00895084,1.00895084,0
963,106399,0.38718213,0.00000000,83.29000000,27.99563204,2.97475015,0.91182864,0.44307297,0.70009645,89.12637363,0.91000000,nan,0,14,0.78724684,0.09567778,0.43148743,0.71750000,0.01442719,0.98557281,0
964,106499,0.37434152,0.00000000,70.59000000,28.80430945,2.45096055,0.79691116,0.50584331,0.74145474,79.47590361,0.83000000,nan,0,15,0.78419403,0.09295245,0.84148876,0.60750000,0.01305907,0.98694093,0
965,106599,0.36390363,0.00000000,70.10000000,29.48168400,2.37861210,0.76069089,0.53322828,0.77640253,81.18125000,0.80000000,nan,0,16,0.78370706,0.08982172,0.78264789,0.60750000,0.00144999,0.99855001,0
966,106699,0.36266606,0.00000000,75.04000000,30.13819411,2.48972091,0.75965963,0.53008509,0.76886309,89.94000000,0.75000000,nan,0,17,0.78283389,0.08704399,0.84530192,0.58750000,-0.00160962,1.00160962,0
967,106799,0.39145749,0.00000000,82.35000000,30.88069992,2.66605903,0.83046155,0.54302287,0.69427138,91.69411765,0.85000000,nan,0,18,0.77791375,0.08698684,0.59019668,0.64750000,0.01690880,0.98309120,0
968,106899,0.30091285,0.00000000,69.97000000,31.58459524,2.21528226,0.69714921,0.56193836,0.69089005,84.56666667,0.75000000,nan,0,19,0.77333355,0.08686152,0.99007865,0.57500000,0.00026575,0.99973425,0
969,106999,0.25186882,0.00000000,76.74000000,32.18845441,2.38301269,0.81026131,0.41175379,0.70371941,84.56395349,0.86000000,nan,0,20,0.76985285,0.08596585,0.66124251,0.65250000,-0.01397451,1.01397451,0
970,107099,0.19348479,0.00000000,44.17000000,32.58067385,1.35518765,0.37403630,0.98284125,2.32108233,87.58823529,0.34000000,nan,0,20,0.76985285,0.08596585,8.15633306,0.27750000,0.01853311,0.98146689,0
971,107199,0.22740875,0.00000000,79.50000000,33.05427488,2.40500481,0.75600102,0.36382015,0.75321687,88.28823529,0.85000000,nan,0,21,0.76906066,0.08386776,0.73895535,0.61750000,-0.00194220,1.00194220,0
972,107299,0.27547132,0.00000000,74.28000000,33.72009512,2.20396671,0.72597859,0.44812064,0.73299617,85.15189873,0.79000000,nan,0,22,0.76742136,0.08220692,0.67277674,0.59500000,0.00587950,0.99412050,0
973,107399,0.29765969,0.00000000,75.14000000,34.24271683,2.19337751,0.70114565,0.44277045,0.71282441,87.61250000,0.80000000,nan,0,23,0.76504758,0.08111965,0.77305528,0.59500000,-0.00606800,1.00606800,0
974,107499,0.29441245,0.00000000,79.01000000,34.84595404,2.26659580,0.71466153,0.47994925,0.69068378,90.07228916,0.83000000,nan,0,24,0.76194909,0.08077568,0.56796017,0.63750000,-0.00871124,1.00871124,0
975,107599,0.28739365,0.00000000,81.45000000,35.53970873,2.29350103,0.68564288,0.48873840,0.81957078,93.37951807,0.83000000,nan,0,25,0.76425396,0.07991031,0.66578404,0.61750000,0.01563272,0.98436728,0
976,107699,0.27267560,0.00000000,78.81000000,36.12444744,2.18239193,0.68973812,0.49257847,0.69945268,89.24404762,0.84000000,nan,0,26,0.76176160,0.07932048,0.76235463,0.61250000,-0.00511243,1.00511243,0
977,107799,0.21764184,0.00000000,71.80000000,36.64085800,1.95988655,0.65541625,0.41540923,0.61640866,87.07432432,0.74000000,nan,0,27,0.75637816,0.08265741,0.84041023,0.57000000,0.00408312,0.99591688,0
978,107899,0.24027935,0.00000000,79.61000000,37.15240324,2.14303004,0.69069566,0.40489363,0.66355184,91.83125000,0.80000000,nan,0,28,0.75306293,0.08298760,0.64026300,0.60250000,-0.00329602,1.00329602,0
979,107999,0.25296228,0.00000000,70.74000000,37.65085927,1.87901558,0.61459154,0.54267011,0.71261835,83.00657895,0.76000000,nan,0,29,0.75166829,0.08183756,0.95018549,0.56000000,0.00786653,0.99213347,0
980,108099,0.23502595,0.00000000,58.88000000,37.94296873,1.55110525,0.48448351,0.86143932,1.32725472,92.25471698,0.53000000,nan,0,30,0.77085451,0.13232447,5.98578322,0.41500000,0.01999184,0.98000816,0
981,108199,0.20971611,0.00000000,61.21000000,38.30055950,1.59856663,0.46968883,0.61117839,1.27346645,83.85000000,0.60000000,3.79832952,1,30,0.77085451,0.13232447,1.39775019,0.45750000,0.02713031,0.97286969,0
982,108299,0.23527061,0.00000000,73.28000000,38.65312538,1.89617388,0.63335257,0.48155670,0.90486653,83.55487805,0.82000000,1.01275312,0,31,0.77085451,0.13232447,0.92346762,0.55250000,0.00361956,0.99638044,0
983,108399,0.23640054,0.00000000,77.40000000,39.10540607,1.97955473,0.63450416,0.50033170,0.84210045,89.78125000,0.80000000,0.50581161,0,32,0.77517747,0.13230811,0.75037928,0.60750000,0.00713334,0.99286666,0
984,108499,0.20232130,0.00000000,71.18000000,39.53327588,1.80064633,0.62799006,0.39533124,0.72442727,84.46052632,0.76000000,-0.40431763,0,33,0.77726882,0.13069317,0.74669943,0.58250000,-0.00298282,1.00298282,0
985,108599,0.15937112,0.00000000,68.41000000,39.92463814,1.71403133,0.55016921,0.40928712,0.58995387,78.27160494,0.81000000,-1.44005014,0,34,0.77566756,0.12896335,0.81894380,0.58000000,0.00247902,0.99752098,0
986,108699,0.20443709,0.00000000,62.46000000,40.23106431,1.55296323,0.50313842,0.55731831,0.87086786,75.82432432,0.74000000,0.76884243,0,35,0.77020539,0.13092730,1.07084678,0.52750000,-0.00663414,1.00663414,0
987,108799,0.17352888,0.00000000,68.65000000,40.51662423,1.69466162,0.54597231,0.40998048,0.70936160,81.94000000,0.75000000,-0.48975747,0,36,0.77308146,0.13010494,0.82968094,0.55000000,0.00129952,0.99870048,0
988,108899,0.14267329,0.00000000,62.05000000,40.81774557,1.52052204,0.51808356,0.46362084,0.59255569,77.12328767,0.73000000,-1.38923774,0,37,0.77131147,0.12867184,1.01399827,0.52000000,0.02047799,0.97952201,0
989,108999,0.07250872,0.00000000,52.57000000,40.98669527,1.28265585,0.36027330,0.32740094,0.55899281,72.78070175,0.57000000,-1.59322420,0,38,0.76648023,0.13023115,1.03292905,0.43500000,-0.00331949,1.00331949,0
990,109099,0.04003107,0.01649686,17.34000000,40.94773328,0.42307652,0.06195806,1.30202122,7.24170634,68.10000000,0.05000000,nan,0,38,0.76102003,0.13279568,13.06152089,0.08000000,-0.03113259,1.03113259,0
991,109199,0.00594062,0.01772935,10.49000000,40.61215638,0.25834427,0.01639193,1.13735655,nan,0.00000000,0.00000000,nan,0,38,0.76102003,0.13279568,23.63488612,0.02000000,0.00057923,0.99942077,0
992,109299,0.07436545,0.04091126,20.72000000,40.32919800,0.51385670,0.10300771,0.78507380,6.61349580,74.16666667,0.03000000,nan,0,38,0.76102003,0.13279568,17.50781735,0.06000000,0.00856645,0.99143355,0
993,109399,0.00587517,0.03929410,14.05000000,40.07595116,0.35067805,0.03230174,0.83759232,11.68536802,49.50000000,0.02000000,nan,0,38,0.76102003,0.13279568,18.88900111,0.07750000,0.01887051,0.98112949,0
994,109499,0.02897987,0.03939253,17.48000000,39.81097216,0.43915266,0.06334343,0.73419616,9.42941076,83.10000000,0.05000000,nan,0,38,0.76102003,0.13279568,14.24893507,0.09000000,0.01476105,0.98523895,0
995,109599,0.03641905,0.04403693,20.37000000,39.58251542,0.51472291,0.06586683,0.56690523,3.87020717,77.07142857,0.07000000,nan,0,38,0.76102003,0.13279568,9.74523356,0.14500000,-0.00722991,1.00722991,0
996,109699,0.02801793,0.04153667,19.08000000,39.38133301,0.48446083,0.05839392,0.70308325,4.15403219,87.50000000,0.06000000,nan,0,38,0.76102003,0.13279568,12.06526030,0.12500000,-0.00538762,1.00538762,0
997,109799,0.02190835,0.04107617,17.69000000,39.15924719,0.45169227,0.04901057,0.66125390,4.42066798,59.41666667,0.06000000,nan,0,38,0.76102003,0.13279568,10.54452165,0.12000000,0.00141326,0.99858674,0
998,109899,0.06056294,0.06562742,18.27000000,38.93618063,0.46920264,0.08924617,0.65845889,4.47526845,66.08333333,0.06000000,nan,0,38,0.76102003,0.13279568,11.94136824,0.11250000,-0.01385491,1.01385491,0
999,109999,0.00771207,0.05991425,14.02000000,38.68484242,0.36262743,0.03881816,0.81466291,2.85682879,79.25000000,0.02000000,nan,0,38,0.76102003,0.13279568,17.37150897,0.07750000,0.01599931,0.98400069,0
1000,110099,0.03093987,0.04394761,24.46000000,38.52568037,0.63466049,0.12150234,0.45425115,2.71908305,92.15000000,0.10000000,nan,0,38,0.76102003,0.13279568,11.72726541,0.14000000,0.06158137,0.93841863,0
1001,110199,0.00854910,0.04053720,14.94000000,38.31112714,0.38990334,0.04266761,0.65706536,2.03875993,65.50000000,0.02000000,nan,0,38,0.76102003,0.13279568,14.79754653,0.08250000,0.00449299,0.99550701,0
1002,110299,0.05672494,0.00000000,38.21000000,38.16994747,1.00107585,0.25623995,0.37425968,1.18229590,67.98648649,0.37000000,nan,0,38,0.76102003,0.13279568,6.49087887,0.27000000,0.00499403,0.99500597,0
1003,110399,0.09544179,0.00000000,52.79000000,38.24706591,1.38014049,0.42488299,0.28470151,0.81213853,66.83333333,0.63000000,0.38494095,0,39,0.76102003,0.13279568,1.41997741,0.42000000,0.00243570,0.99756430,0
1004,110499,0.13545807,0.00000000,64.80000000,38.45275331,1.68508356,0.56752155,0.35058681,0.61609424,75.26923077,0.78000000,-1.11382550,0,40,0.76233076,0.13129213,0.70176887,0.55000000,0.00146427,0.99853573,0
1005,110599,0.13345933,0.00000000,64.70000000,38.71323620,1.67122880,0.54905210,0.33678880,0.53399978,79.57971014,0.69000000,-1.70668090,0,41,0.75867485,0.13164445,0.66116665,0.55000000,0.00146363,0.99853637,0
1006,110699,0.17925103,0.00000000,78.16000000,39.03403990,2.00245162,0.67148787,0.37851595,0.48659517,87.06626506,0.83000000,-1.98007901,0,42,0.75319497,0.13464099,0.37769605,0.59750000,0.00187717,0.99812283,0
1007,110799,0.20289356,0.00000000,78.83000000,39.40584739,2.00040803,0.67391385,0.36771211,0.56541677,92.05844156,0.77000000,-1.30332423,0,43,0.74684736,0.13920603,0.42431140,0.60250000,-0.00832676,1.00832676,0
1008,110899,0.22483591,0.00000000,76.81000000,39.78071873,1.93103848,0.65253097,0.48605514,0.65635219,88.86708861,0.79000000,-0.61496404,0,44,0.74262804,0.14029413,0.61913721,0.59000000,-0.00075795,1.00075795,0
1009,110999,0.22376213,0.00000000,77.35000000,40.13547261,1.92752266,0.64901148,0.43676073,0.59120045,87.75000000,0.82000000,-1.07327813,0,45,0.74066723,0.13926192,0.45724767,0.60500000,0.01686247,0.98313753,0
1010,111099,0.14233007,0.00000000,55.76000000,40.32339173,1.38240830,0.43294171,0.65093968,0.86678875,84.97222222,0.54000000,0.92816172,0,46,0.73734574,0.13946169,4.76416714,0.41250000,0.01378369,0.98621631,0
1011,111199,0.16434808,0.00000000,69.62000000,40.57700994,1.71580036,0.59581180,0.40523321,0.85601894,85.49324324,0.74000000,0.83221547,0,47,0.74015972,0.13921782,0.91314049,0.55250000,0.00735445,0.99264555,0
1012,111299,0.17270749,0.00000000,76.91000000,40.85365041,1.88216270,0.67499363,0.35755785,0.63110686,87.88888889,0.81000000,-0.80385191,0,48,0.74262481,0.13872947,0.59359165,0.61250000,-0.00872930,1.00872930,0
1013,111399,0.19097064,0.00000000,71.26000000,41.16377529,1.73096495,0.56845281,0.47510929,0.86095186,84.51973684,0.76000000,0.87309885,0,49,0.74030152,0.13818635,0.98081783,0.57000000,-0.00342223,1.00342223,0
1014,111499,0.21279311,0.00000000,81.25000000,41.49615133,1.95820984,0.67229474,0.42988058,0.61336529,92.21341463,0.82000000,-0.93888581,0,50,0.74276377,0.13782132,0.67600952,0.61500000,0.02943534,0.97056466,0
1015,111599,0.22836081,0.00000000,86.84000000,41.86491517,2.07427066,0.70844461,0.41866235,0.64604637,95.18023256,0.86000000,-0.68393230,0,51,0.74017580,0.13762975,0.46958367,0.65750000,0.01753149,0.98246851,0
1016,111699,0.22120148,0.00000000,92.89000000,42.27973393,2.19678963,0.75107943,0.42464664,0.56251298,99.01648352,0.91000000,-1.28443763,0,52,0.73833013,0.13688259,0.35017768,0.68750000,-0.00097611,1.00097611,0
1017,111799,0.26495982,0.00000000,93.69000000,42.73035655,2.19248977,0.77805125,0.39964890,0.63382180,97.87765957,0.94000000,-0.73435179,0,53,0.73494903,0.13770951,0.38112875,0.70500000,-0.00338140,1.00338140,0
1018,111899,0.31958624,0.00000000,93.89000000,43.16145183,2.17493975,0.74198234,0.54460826,0.67835043,100.90659341,0.91000000,-0.39895475,0,54,0.73304097,0.13708455,0.83528821,0.73000000,-0.00192097,1.00192097,0
1019,111999,0.27130917,0.00000000,92.01000000,43.60211226,2.11019932,0.73543847,0.53858757,0.85294673,99.33146067,0.89000000,0.88917922,0,55,0.73202818,0.13598895,0.54752975,0.69500000,0.00820789,0.99179211,0
1020,112099,0.19278279,0.00000000,76.21000000,43.86494391,1.73601637,0.56719289,0.52528363,0.89506966,106.79545455,0.66000000,1.18522279,0,56,0.73422670,0.13570694,5.53329030,0.53750000,0.01256417,0.98743583,0
1021,112199,0.29362627,0.00000000,111.85000000,44.37852644,2.52069731,0.81983099,0.39911596,0.67397800,115.67708333,0.96000000,-0.46352936,0,57,0.73709889,0.13617453,0.37087746,0.75250000,-0.00061954,1.00061954,0
1022,112299,0.28902878,0.00000000,102.10000000,44.91328707,2.27382713,0.81062502,0.45292679,0.68753512,106.65425532,0.94000000,-0.35837364,0,58,0.73599151,0.13521194,0.43166204,0.71500000,0.00918684,0.99081316,0
1023,112399,0.22620562,0.00000000,100.41000000,45.37395227,2.21328182,0.73754004,0.37381317,0.59951922,107.72222222,0.90000000,-1.01092082,0,59,0.73515605,0.13417157,0.34611627,0.72250000,-0.00734373,1.00734373,0
1024,112499,0.31094038,0.00000000,102.25000000,45.83641011,2.23115578,0.74383312,0.50078052,0.71119977,110.97222222,0.90000000,-0.16140892,0,60,0.73285713,0.13417694,0.62857187,0.70000000,0.02270508,0.97729492,0
1025,112599,0.23463386,0.00000000,101.34000000,46.28588330,2.18962299,0.75368721,0.46476005,0.74651161,105.73157895,0.95000000,0.10532828,0,61,0.73249617,0.13306436,0.53086054,0.73000000,0.00428107,0.99571893,0
1026,112699,0.33963829,0.00000000,103.00000000,46.74030915,2.20389582,0.80145767,0.49301302,0.71227376,107.43684211,0.95000000,-0.15498406,0,62,0.73272593,0.13196304,0.50575223,0.73750000,0.00012124,0.99987876,0
1027,112799,0.25044885,0.00000000,103.81000000,47.16465175,2.20046575,0.72773422,0.43175128,0.71732180,110.07692308,0.91000000,-0.11515625,0,63,0.73239606,0.13090267,0.46433323,0.70250000,0.00627757,0.99372243,0
1028,112899,0.28539278,0.00000000,99.08000000,47.63142599,2.08041603,0.75243449,0.47487248,0.76152404,104.19892473,0.93000000,0.22615142,0,64,0.73215678,0.12985660,0.47232681,0.70000000,0.01315041,0.98684959,0
1029,112999,0.31486134,0.00000000,112.32000000,48.07512815,2.33628582,0.77813397,0.42386744,0.85210698,116.75789474,0.95000000,0.92719388,0,65,0.73261565,0.12887417,0.35602250,0.75500000,0.00551139,0.99448861,0
1030,113099,0.16461940,0.02052012,47.36000000,48.25253058,0.98158790,0.27271742,1.09306554,0.95584261,110.80882353,0.34000000,nan,0,65,0.73445397,0.12871949,14.17800797,0.29500000,0.00578664,0.99421336,0
1031,113199,0.18908527,0.00000000,111.07000000,48.54743668,2.28734973,0.79967923,0.27863161,0.59187422,118.91847826,0.92000000,-1.10767810,0,66,0.73445397,0.12871949,0.61706254,0.74750000,-0.00056433,1.00056433,0
1032,113299,0.25407946,0.00000000,108.50000000,49.03708591,2.21254985,0.72126620,0.43056903,0.78138061,116.52747253,0.91000000,0.38073835,0,67,0.73229368,0.12892563,0.52972641,0.72250000,0.00938207,0.99061793,0
1033,113399,0.26706720,0.00000000,110.99000000,49.51601350,2.24178000,0.76884581,0.44873617,0.66558151,117.52150538,0.93000000,-0.52656018,0,68,0.73302632,0.12808566,0.48938910,0.73000000,0.00613388,0.99386612,0
1034,113499,0.25507072,0.00000000,113.21000000,49.99774038,2.26474207,0.74205215,0.39040659,0.70332966,117.80526316,0.95000000,-0.22533197,0,69,0.73203448,0.12738903,0.33135200,0.74500000,0.00387161,0.99612839,0
1035,113599,0.30943988,0.00000000,121.21000000,50.48367535,2.40086593,0.80321756,0.43230188,0.69207697,124.36597938,0.97000000,-0.31259066,0,70,0.73161847,0.12649609,0.40377636,0.75250000,0.01015801,0.98984199,0
1036,113699,0.27301113,0.00000000,108.47000000,50.98318132,2.12785238,0.73083123,0.47910246,0.72451507,114.65591398,0.93000000,-0.05203137,0,71,0.73105359,0.12566501,0.60559311,0.72000000,-0.01082611,1.01082611,0
1037,113799,0.28494704,0.00000000,117.60000000,51.42375512,2.28669553,0.79731059,0.40047149,0.67742286,124.29255319,0.94000000,-0.42911044,0,72,0.73096150,0.12476658,0.44605232,0.76750000,0.02056575,0.97943425,0
1038,113899,0.27831330,0.00000000,122.51000000,51.90778356,2.35938226,0.74750436,0.45745530,0.66764291,128.36170213,0.94000000,-0.50445234,0,73,0.73021791,0.12404540,0.44605874,0.75250000,0.00878383,0.99121617,0
1039,113999,0.36202015,0.00000000,115.46000000,52.40922425,2.20259558,0.77700251,0.51468108,0.76153468,123.49456522,0.92000000,0.26073222,0,74,0.72936071,0.12339850,0.45730779,0.76000000,0.01454736,0.98545264,0
1040,114099,0.10307730,0.00000000,59.48000000,52.60085413,1.13061171,0.35349728,0.84774077,1.67352152,115.97674419,0.43000000,nan,0,74,0.72979550,0.12260745,9.10625517,0.34250000,-0.01655812,1.01655812,0
1041,114199,0.28461444,0.00000000,132.77000000,53.02184177,2.50478444,0.81361350,0.38280451,0.61423816,134.74489796,0.98000000,-0.94249850,0,75,0.72979550,0.12260745,0.34086656,0.79250000,-0.00240733,1.00240733,0
1042,114299,0.29987089,0.00000000,124.71000000,53.56098109,2.32890636,0.75726903,0.53405029,0.75501586,132.29032258,0.93000000,0.21844912,0,76,0.72825473,0.12250506,0.51445503,0.75750000,0.00681883,0.99318117,0
1043,114399,0.19050453,0.00000000,110.99000000,53.98990115,2.05559214,0.70912398,0.35681859,0.60525805,118.27717391,0.92000000,-1.01334554,0,77,0.72860685,0.12172433,0.62834312,0.71250000,0.00618926,0.99381074,0
1044,114499,0.25302685,0.00000000,129.60000000,54.46701975,2.37945882,0.78912978,0.35842297,0.57188600,134.09375000,0.96000000,-1.27423261,0,78,0.72700492,0.12173517,0.39187349,0.75500000,-0.00558644,1.00558644,0
1045,114599,0.39358777,0.00000000,124.59000000,54.98519946,2.26610524,0.78594828,0.57301826,0.75096098,131.80107527,0.93000000,0.21229519,0,79,0.72501622,0.12221079,0.39887756,0.78250000,0.00841846,0.99158154,0
1046,114699,0.30934527,0.00000000,127.47000000,55.46416737,2.29809805,0.72458756,0.49234360,0.75954088,136.07608696,0.92000000,0.28154345,0,80,0.72534463,0.12145994,0.39774075,0.76500000,0.00037299,0.99962701,0
1047,114799,0.28775030,0.00000000,119.75000000,55.95692384,2.14034086,0.71758958,0.49132978,0.91500334,127.87500000,0.92000000,1.56714166,0,81,0.72577208,0.12074930,0.59498883,0.73250000,0.00395685,0.99604315,0
1048,114899,0.33349873,0.00000000,125.34000000,56.41974677,2.22198908,0.76875081,0.47517634,0.75510002,132.07446809,0.94000000,0.22156991,0,82,0.72810827,0.12182043,0.49437543,0.77500000,0.00485273,0.99514727,0
1049,114999,0.29645065,0.00000000,133.50000000,56.87694117,2.34668349,0.79603376,0.49208643,0.69274760,148.78977273,0.88000000,-0.29470694,0,83,0.72843744,0.12110281,0.74960303,0.74750000,0.00870834,0.99129166,0
1050,115099,0.17516276,0.00000000,75.90000000,57.15250065,1.32765287,0.43069671,0.71011582,1.37895851,128.75961538,0.52000000,5.40540993,1,83,0.72800744,0.12042585,7.27164888,0.42500000,-0.00174537,1.00174537,0
1051,115199,0.30981911,0.00000000,139.94000000,57.54394022,2.43139361,0.84074329,0.42439127,0.78972565,141.19696970,0.99000000,0.51249972,0,84,0.72800744,0.12042585,0.32807301,0.82000000,0.01429578,0.98570422,0
1052,115299,0.28943531,0.00000000,136.80000000,58.10781377,2.35434338,0.76462730,0.40985047,0.69702613,144.25000000,0.94000000,-0.26454855,0,85,0.72874218,0.11988746,0.68149843,0.77500000,-0.00038423,1.00038423,0
1053,115399,0.28291339,0.00000000,157.34000000,58.71294583,2.68035929,0.86866171,0.39880313,0.57440454,161.61855670,0.97000000,-1.29141723,0,86,0.72836905,0.11922135,0.32827375,0.84500000,0.01220427,0.98779573,0
1054,115499,0.27830143,0.00000000,138.69000000,59.29658778,2.33919705,0.75723624,0.48847221,0.83033635,143.26041667,0.96000000,0.86699322,0,87,0.72657877,0.11967519,0.37640226,0.77500000,-0.00202345,1.00202345,0
1055,115599,0.27404723,0.00000000,141.97000000,59.81423339,2.37348530,0.76961797,0.40330792,0.66498485,148.00000000,0.95000000,-0.52542672,0,88,0.72777138,0.11949626,0.53777565,0.79500000,-0.00061428,1.00061428,0
1056,115699,0.28716083,0.00000000,124.64000000,60.30875556,2.06693906,0.73408253,0.47661625,0.73132748,133.15217391,0.92000000,0.03588005,0,89,0.72705790,0.11899590,0.52101758,0.74000000,0.01447939,0.98552061,0
1057,115799,0.34217836,0.00000000,143.74000000,60.77722370,2.36512922,0.80238872,0.48126808,0.70727205,147.70103093,0.97000000,-0.16763050,0,90,0.72710587,0.11831872,0.33525655,0.81000000,0.00438078,0.99561922,0
1058,115899,0.31878509,0.00000000,144.88000000,61.30709629,2.36312445,0.78234739,0.45532605,0.63618283,147.30612245,0.98000000,-0.77081774,0,91,0.72688550,0.11767070,0.27752006,0.80000000,-0.00332425,1.00332425,0
1059,115999,0.34362208,0.00000000,150.28000000,61.85361523,2.42944058,0.82027054,0.46697871,0.65195405,157.04736842,0.95000000,-0.62976323,0,92,0.72588877,0.11740082,0.30898082,0.81750000,0.00950397,0.99049603,0
1060,116099,0.33133546,0.02944199,110.91000000,62.22978789,1.78142695,0.58544601,0.71630264,1.17114835,148.54285714,0.70000000,3.81224054,1,92,0.72508513,0.11700815,2.93939432,0.58250000,0.01502735,0.98497265,0
1061,116199,0.25401002,0.00000000,160.38000000,62.74311541,2.55573367,0.81119863,0.37036376,0.54986134,165.80729167,0.96000000,-1.49753483,0,93,0.72508513,0.11700815,0.35480558,0.78500000,0.00023738,0.99976262,0
1062,116299,0.35439021,0.00000000,160.67000000,63.38604046,2.53511532,0.79570436,0.49610210,0.69748405,164.86597938,0.97000000,-0.21834652,0,94,0.72320100,0.11778046,0.27905605,0.81750000,-0.00744280,1.00744280,0
1063,116399,0.33218788,0.00000000,149.82000000,63.95132215,2.34284545,0.79177602,0.47996584,0.65042515,154.84375000,0.96000000,-0.61874911,0,95,0.72292742,0.11717555,0.34188928,0.77250000,0.01369888,0.98630112,0
1064,116499,0.34411832,0.00000000,155.75000000,64.51888802,2.41454530,0.79738165,0.53463751,0.78373104,158.35204082,0.98000000,0.52716842,0,96,0.72216423,0.11678774,0.39277909,0.78000000,0.00215149,0.99784851,0
1065,116599,0.36099487,0.00000000,153.95000000,65.07276580,2.36626614,0.81031141,0.48081770,0.88061084,159.38541667,0.96000000,1.35640006,0,97,0.72280555,0.11634126,0.50200341,0.75750000,0.00086293,0.99913707,0
1066,116699,0.33081427,0.00000000,149.07000000,65.59766981,2.27283405,0.75340342,0.53276549,0.97186035,157.23404255,0.94000000,2.11770830,0,98,0.72443241,0.11683759,0.47183725,0.75750000,-0.00317493,1.00317493,0
1067,116799,0.22949091,0.00000000,135.09000000,66.07798818,2.04491998,0.64682686,0.46348785,0.79544802,140.66842105,0.95000000,0.57608254,0,99,0.72695719,0.11889066,0.46997738,0.73500000,0.00517261,0.99482739,0
1068,116899,0.21781389,0.00000000,149.45000000,66.50327915,2.24721311,0.74505795,0.33355705,0.61348415,153.34536082,0.97000000,-0.96355759,0,100,0.72764901,0.11848265,0.34260124,0.78000000,0.01169879,0.98830121,0
1069,116999,0.27813282,0.00000000,156.35000000,66.98959413,2.33326073,0.72793952,0.44002268,0.66077087,160.56701031,0.97000000,-0.55504623,0,101,0.72650737,0.11843427,0.43266876,0.77750000,0.00620568,0.99379432,0
1070,117099,0.17634481,0.00000000,118.29000000,67.36267375,1.75511861,0.56600059,0.61396789,1.53135717,155.68493151,0.73000000,6.82500388,1,101,0.72585651,0.11802201,6.02179000,0.58500000,0.00934522,0.99065478,0
1071,117199,0.26811653,0.00000000,166.02000000,67.85459653,2.44602481,0.73969192,0.47262001,0.60535240,170.90206186,0.97000000,-1.02103085,0,102,0.72585651,0.11802201,0.36309187,0.78500000,-0.00536447,1.00536447,0
1072,117299,0.35675933,0.00000000,167.20000000,68.49166517,2.44165009,0.77513906,0.48361749,0.85172698,179.46739130,0.92000000,1.07633808,0,103,0.72467510,0.11804087,0.35311113,0.79750000,0.02424819,0.97575181,0
1073,117399,0.32322798,0.00000000,145.21000000,68.99886811,2.10476876,0.66213167,0.52935200,0.77497282,157.75000000,0.90000000,0.41535469,0,104,0.72590861,0.11812604,0.40698613,0.74000000,-0.00305652,1.00305652,0
1074,117499,0.29112229,0.00000000,138.83000000,69.38057288,2.00056667,0.65469940,0.55135585,0.94018882,153.25280899,0.89000000,1.81733196,0,105,0.72638038,0.11764963,0.66727584,0.75000000,0.00460803,0.99539197,0
1075,117599,0.24605410,0.00000000,130.38000000,69.77706972,1.86838283,0.61937967,0.57121782,0.90729241,141.93888889,0.90000000,1.50407576,0,106,0.72841665,0.11892736,0.64634144,0.71250000,0.01053881,0.98946119,0
1076,117699,0.31110900,0.00000000,150.63000000,70.18312337,2.14604246,0.72764552,0.46935903,0.95103502,163.45604396,0.91000000,1.84681495,0,107,0.73010416,0.11962805,0.53991852,0.76500000,0.01453245,0.98546755,0
1077,117799,0.25442740,0.00000000,161.84000000,70.70740201,2.28921575,0.76057630,0.38003162,0.62100160,167.60937500,0.96000000,-0.91901975,0,108,0.73216893,0.12096294,0.35378402,0.79500000,0.01048426,0.98951574,0
1078,117899,0.31330374,0.00000000,140.61000000,71.19079125,1.97570567,0.66012790,0.55453679,0.89496593,154.32584270,0.89000000,1.35538555,0,109,0.73113961,0.12087065,0.58179247,0.73250000,0.01767760,0.98232240,0
1079,117999,0.23196658,0.00000000,120.62000000,71.49273253,1.68723832,0.57757037,0.51381031,1.04210920,133.80681818,0.88000000,2.55064507,0,110,0.73264260,0.12132876,0.72598792,0.65750000,0.00519474,0.99480526,0
1080,118099,0.10497154,0.00000000,76.62000000,71.57674568,1.07042449,0.31266200,0.73039590,1.56198974,130.00961538,0.52000000,6.64826887,1,110,0.73545593,0.12432316,6.26255979,0.40250000,0.01241283,0.98758717,0
1081,118199,0.22785771,0.00000000,145.80000000,71.84961691,2.02910883,0.63656322,0.42200827,0.79897659,160.35955056,0.89000000,0.51093178,0,111,0.73545593,0.12432316,0.56364993,0.73750000,0.00346809,0.99653191,0
1082,118299,0.23351995,0.00000000,134.69000000,72.27728710,1.86396553,0.59711163,0.52172963,0.91818050,144.47826087,0.92000000,1.47011380,0,112,0.73602819,0.12390354,0.81437938,0.68000000,-0.00856050,1.00856050,0
1083,118399,0.22873708,0.00000000,151.87000000,72.61397280,2.09118325,0.68250302,0.46158893,0.76902465,162.76630435,0.92000000,0.25188925,0,113,0.73765455,0.12453925,0.47313148,0.72750000,0.00388425,0.99611575,0
1084,118499,0.22983548,0.00000000,133.61000000,73.04933518,1.82937636,0.58194308,0.51533874,0.95984565,151.54117647,0.85000000,1.78937750,0,114,0.73793216,0.12401714,1.00165908,0.67750000,0.01371523,0.98628477,0
1085,118599,0.18751769,0.00000000,136.79000000,73.36421948,1.86457798,0.60616849,0.42826735,0.77045646,150.53932584,0.89000000,0.24422229,0,115,0.73987877,0.12520432,0.67615634,0.71500000,-0.00020205,1.00020205,0
1086,118699,0.17380725,0.00000000,153.33000000,73.75750388,2.07893606,0.69824432,0.37800309,0.57589716,169.42696629,0.89000000,-1.31728296,0,116,0.74014467,0.12468658,0.46133015,0.74250000,-0.01128187,1.01128187,0
1087,118799,0.19828415,0.00000000,173.96000000,74.22005135,2.34352592,0.74547148,0.39886299,0.52075761,178.78350515,0.97000000,-1.74270329,0,117,0.73872874,0.12507644,0.39014384,0.78750000,0.00803694,0.99196306,0
1088,118899,0.25051061,0.00000000,158.42000000,74.74407277,2.11965135,0.70044627,0.47177934,0.68016415,161.20918367,0.98000000,-0.44945614,0,118,0.73686574,0.12615599,0.29019069,0.78750000,0.01305991,0.98694009,0
1089,118999,0.32513278,0.00000000,166.58000000,75.20339684,2.21504255,0.76412258,0.44454320,0.56984790,175.67553191,0.94000000,-1.32462519,0,119,0.73638522,0.12572411,0.30010279,0.81750000,0.00666416,0.99333584,0
1090,119099,0.11625042,0.00633626,58.86000000,75.34531132,0.78141829,0.21941594,1.03976435,1.96124635,147.68181818,0.33000000,nan,0,119,0.73498574,0.12611765,11.11776248,0.32250000,-0.01910156,1.01910156,0
1091,119199,0.26648247,0.00000000,171.09000000,75.58525012,2.26305794,0.73754816,0.42567193,0.87372310,176.83854167,0.96000000,1.10006295,0,120,0.73498574,0.12611765,0.31121419,0.81500000,0.00947557,0.99052443,0
1092,119299,0.28032372,0.00000000,190.95000000,76.17439352,2.50683591,0.82564727,0.38929958,0.77554184,196.10824742,0.97000000,0.31214408,0,121,0.73614189,0.12622362,0.23769532,0.82750000,0.00760972,0.99239028,0
1093,119399,0.21842975,0.00000000,148.66000000,76.65760490,1.93921199,0.70065247,0.38933112,0.61790823,161.93888889,0.90000000,-0.94283521,0,122,0.73646751,0.12574761,0.36722778,0.75250000,0.00187235,0.99812765,0
1094,119499,0.35512802,0.00000000,164.23000000,77.09256850,2.13049943,0.72740276,0.57303482,0.74018202,168.76288660,0.97000000,0.03728586,0,123,0.73549571,0.12568610,0.36720209,0.78000000,0.03109893,0.96890107,0
1095,119599,0.24676158,0.00000000,161.39000000,77.50942965,2.08200001,0.65897520,0.42077554,0.77370169,171.00537634,0.93000000,0.30492677,0,124,0.73553381,0.12517064,0.36597442,0.75500000,-0.01214870,1.01214870,0
1096,119699,0.24497273,0.00000000,155.91000000,77.94368017,2.00029892,0.65520610,0.47827497,0.71129294,165.83333333,0.93000000,-0.19684939,0,125,0.73584161,0.12470789,0.56087294,0.73250000,0.01390674,0.98609326,0
1097,119799,0.29176583,0.00000000,170.76000000,78.38614383,2.17851713,0.69909742,0.46970981,0.69835000,184.71428571,0.91000000,-0.30022699,0,126,0.73564523,0.12422343,0.38014075,0.78500000,0.00675743,0.99324257,0
1098,119899,0.21631433,0.00000000,160.03000000,78.80251427,2.03045340,0.65311055,0.47186771,0.68250886,162.68367347,0.98000000,-0.42692341,0,127,0.73534923,0.12377014,0.36116708,0.78250000,0.00429454,0.99570546,0
1099,119999,0.26948141,0.00000000,166.06000000,79.25840387,2.09520991,0.70732246,0.46140636,0.71989958,177.95108696,0.92000000,-0.12186053,0,128,0.73493317,0.12336715,0.44624173,0.77500000,0.01419305,0.98580695,0
1100,120099,0.22236195,0.00304400,116.68000000,79.51585031,1.46707127,0.47504448,0.58303428,0.94516256,155.46527778,0.72000000,1.71170012,0,129,0.73481572,0.12288767,2.31821432,0.58000000,0.02233196,0.97766804,0
1101,120199,0.22786465,0.00000000,182.31000000,79.90520801,2.28130535,0.78684357,0.34611618,0.61421475,188.90625000,0.96000000,-0.98733245,0,130,0.73644631,0.12379980,0.32836474,0.80750000,-0.00676006,1.00676006,0
1102,120299,0.35842395,0.00000000,181.48000000,80.42543030,2.25637783,0.75921586,0.51821365,0.68359812,191.37765957,0.94000000,-0.41934257,0,131,0.73550607,0.12378412,0.34972171,0.78250000,0.00556101,0.99443899,0
1103,120399,0.28857206,0.00000000,186.20000000,80.92657640,2.30049437,0.77905268,0.46962859,0.74354002,189.71428571,0.98000000,0.06832125,0,132,0.73510982,0.12339049,0.29106674,0.83000000,-0.00154519,1.00154519,0
1104,120499,0.28304328,0.00000000,184.28000000,81.47279988,2.26196435,0.70027425,0.46900633,0.71928252,189.44845361,0.97000000,-0.12927969,0,133,0.73517369,0.12292082,0.37114691,0.76000000,0.00289499,0.99710501,0
1105,120599,0.29395862,0.00000000,191.21000000,81.97500256,2.33229074,0.73171189,0.50308385,0.84358406,198.50520833,0.96000000,0.88623233,0,134,0.73505421,0.12246208,0.29557575,0.81500000,-0.00139861,1.00139861,0
1106,120699,0.31733181,0.00000000,195.50000000,82.50503385,2.36900379,0.78483671,0.47288671,0.78565595,197.33333333,0.99000000,0.40692712,0,135,0.73586413,0.12236054,0.31117268,0.80250000,0.00820238,0.99179762,0
1107,120799,0.34897481,0.00000000,182.13000000,83.05812613,2.19280756,0.73115903,0.52118834,0.93750337,192.36170213,0.94000000,1.65004935,0,136,0.73623296,0.12197842,0.36328920,0.81500000,-0.00321894,1.00321894,0
1108,120899,0.27104282,0.00000000,189.90000000,83.57020343,2.27251596,0.73006827,0.44088062,0.79252800,194.79381443,0.97000000,0.44657636,0,137,0.73771289,0.12274521,0.26834927,0.81000000,0.00848045,0.99151955,0
1109,120999,0.25674450,0.00000000,209.06000000,84.10180955,2.48548112,0.78390680,0.39811509,0.65507698,211.07575758,0.99000000,-0.67849445,0,138,0.73811300,0.12238275,0.24780498,0.84750000,0.00758871,0.99241129,0
1110,121099,0.19558144,0.00000000,138.10000000,84.47672792,1.63422586,0.50156563,0.58441116,0.87997691,190.87681159,0.69000000,1.16641258,0,139,0.73751129,0.12213999,3.38443338,0.60750000,0.01820640,0.98179360,0
1111,121199,0.30461683,0.00000000,201.76000000,84.95501478,2.37482010,0.74279571,0.52963745,0.86614925,207.46907216,0.97000000,1.04348441,0,140,0.73853622,0.12229510,0.34986874,0.85250000,0.00159863,0.99840137,0
1112,121299,0.30121409,0.00000000,186.43000000,85.50648943,2.18064593,0.73324202,0.48325175,0.90376397,193.25520833,0.96000000,1.34321260,0,141,0.73944774,0.12233076,0.42307868,0.81750000,0.00324315,0.99675685,0
1113,121399,0.23239187,0.00000000,203.69000000,86.01625155,2.36826743,0.77043792,0.38989134,0.60121946,205.54040404,0.99000000,-1.13627440,0,142,0.74061311,0.12267604,0.24753025,0.81500000,0.00372090,0.99627910,0
1114,121499,0.30864742,0.00000000,219.48000000,86.59409458,2.53456559,0.80824765,0.43918445,0.69516762,227.83333333,0.96000000,-0.36208729,0,143,0.73963146,0.12279867,0.25006778,0.86000000,0.00615857,0.99384143,0
1115,121599,0.37700652,0.00000000,235.70000000,87.26030866,2.70115105,0.84398139,0.48536488,0.72314494,235.89500000,1.00000000,-0.13212976,0,144,0.73932053,0.12242200,0.17419120,0.91750000,-0.00771576,1.00771576,0
1116,121699,0.35371746,0.00000000,198.97000000,87.89542073,2.26410258,0.74357339,0.51793530,0.74835066,204.60824742,0.97000000,0.07493781,0,145,0.73920820,0.12200064,0.32191346,0.81500000,-0.00358501,1.00358501,0
1117,121799,0.31170370,0.00000000,226.87000000,88.44570866,2.56498416,0.84166424,0.41388194,0.64919871,227.17000000,1.00000000,-0.74085810,0,146,0.73927125,0.12157866,0.19356318,0.87000000,-0.00228111,1.00228111,0
1118,121899,0.37543071,0.00000000,210.79000000,89.07378088,2.36673600,0.75978697,0.52778281,0.79343924,211.04000000,1.00000000,0.45132152,0,147,0.73865431,0.12138781,0.23297315,0.85750000,0.00616960,0.99383040,0
1119,121999,0.23639542,0.00000000,213.17000000,89.62222474,2.37850871,0.82376173,0.36266914,0.55256477,215.30303030,0.99000000,-1.54030057,0,148,0.73902700,0.12105574,0.18406474,0.86500000,0.00028703,0.99971297,0
1120,122099,0.24025203,0.03321469,130.69000000,89.92707529,1.45292414,0.44485229,0.83057878,1.21426751,181.54477612,0.67000000,3.91816977,1,148,0.73776712,0.12161300,4.77592016,0.54750000,-0.00009342,1.00009342,0
1121,122199,0.30234394,0.00000000,188.98000000,90.30398657,2.09248686,0.72163687,0.51491622,0.93390952,195.89583333,0.96000000,1.61284072,0,149,0.73776712,0.12161300,0.37831489,0.79000000,0.00438938,0.99561062,0
1122,122299,0.26434109,0.00000000,196.21000000,90.80630004,2.16098386,0.72943969,0.44829899,0.78146906,198.16666667,0.99000000,0.34667806,0,150,0.73908351,0.12226198,0.25467953,0.80750000,-0.00315690,1.00315690,0
1123,122399,0.24040779,0.00000000,198.45000000,91.28372572,2.17415911,0.66303047,0.49765031,0.73296849,207.73157895,0.95000000,-0.05248225,0,151,0.73936608,0.12190015,0.37400734,0.80250000,-0.00024148,1.00024148,0
1124,122499,0.30077411,0.00000000,189.85000000,91.75952149,2.06927214,0.68980127,0.54733080,1.01029623,196.40104167,0.96000000,2.23033194,0,152,0.73932371,0.12149425,0.34504486,0.79000000,0.00535221,0.99464779,0
1125,122599,0.24287608,0.00000000,175.02000000,92.15934989,1.89925497,0.63824434,0.52708665,1.29620745,185.15957447,0.94000000,4.51045827,1,152,0.74110643,0.12306976,0.44581620,0.76750000,0.00029482,0.99970518,0
1126,122699,0.24080711,0.00000000,180.09000000,92.54433235,1.94617802,0.66421095,0.43640072,0.82910233,185.04639175,0.97000000,0.71500834,0,153,0.74110643,0.12306976,0.39061862,0.77500000,0.01978318,0.98021682,0
1127,122799,0.29891316,0.00000000,200.51000000,92.98487203,2.15666835,0.76538571,0.49096289,0.90482534,211.26595745,0.94000000,1.32777141,0,154,0.74168156,0.12287038,0.29205287,0.79750000,0.00788398,0.99211602,0
1128,122899,0.25484272,0.00000000,200.84000000,93.41935841,2.14964200,0.72095270,0.43288215,0.76762299,213.24193548,0.93000000,0.20201097,0,155,0.74274094,0.12317178,0.38321794,0.80500000,0.00485117,0.99514883,0
1129,122999,0.28404734,0.00000000,207.25000000,93.93586779,2.20641577,0.70441408,0.49643173,0.71369364,210.79591837,0.98000000,-0.23787301,0,156,0.74290147,0.12278748,0.23667040,0.82250000,-0.00225739,1.00225739,0
1130,123099,0.13545283,0.00000000,97.73000000,94.10085815,1.03856131,0.30243627,0.56585722,1.33304480,187.11458333,0.48000000,nan,0,156,0.74271424,0.12241309,4.27122271,0.43750000,0.01230675,0.98769325,0
1131,123199,0.25088105,0.00000000,206.70000000,94.44534317,2.18866812,0.67539831,0.45189257,0.73935394,214.24479167,0.96000000,-0.02745049,0,157,0.74271424,0.12241309,0.28398512,0.80000000,0.00314201,0.99685799,0
1132,123299,0.23030648,0.00000000,193.31000000,94.88000140,2.03721826,0.65401561,0.49626183,0.88391297,200.17187500,0.96000000,1.15734850,0,158,0.74269283,0.12202041,0.27288574,0.81750000,-0.01184621,1.01184621,0
1133,123399,0.19119218,0.00000000,193.54000000,95.33816756,2.03017991,0.63927460,0.45565084,0.82711639,202.24736842,0.95000000,0.68383520,0,159,0.74358663,0.12214896,0.35518772,0.80000000,0.01816621,0.98183379,0
1134,123499,0.35232738,0.00000000,229.70000000,95.85850622,2.39670488,0.71690845,0.53368727,0.90402604,229.97000000,1.00000000,1.31139597,0,160,0.74411198,0.12194186,0.21485244,0.83000000,-0.00527803,1.00527803,0
1135,123599,0.23839999,0.00000000,183.86000000,96.28929715,1.90930789,0.59493007,0.53549119,1.04020488,188.51546392,0.97000000,2.41457442,0,161,0.74511144,0.12221344,0.30199983,0.79750000,0.02052183,0.97947817,0
1136,123699,0.25291261,0.00000000,193.64000000,96.69746501,2.00249956,0.64867011,0.47908458,1.04544335,199.00515464,0.97000000,2.40665219,0,162,0.74694432,0.12403082,0.36101507,0.79000000,0.00743366,0.99256634,0
1137,123799,0.33644939,0.00150357,208.53000000,97.13586721,2.14667039,0.69174089,0.59520093,0.93317178,210.55050505,0.99000000,1.46512174,0,163,0.74878691,0.12584953,0.28511309,0.84000000,0.01705997,0.98294003,0
1138,123899,0.20882840,0.00000000,182.39000000,97.59133455,1.86916645,0.58006707,0.51650518,0.86989113,192.31382979,0.94000000,0.94998794,0,164,0.74991810,0.12628900,0.44011787,0.80750000,-0.00000697,1.00000697,0
1139,123999,0.22354655,0.00000000,190.15000000,97.91806775,1.94173706,0.63385879,0.47691458,0.76781589,205.05978261,0.92000000,0.13597127,0,165,0.75064964,0.12624909,0.65971464,0.79500000,0.00350896,0.99649104,0
1140,124099,0.09078104,0.00000000,100.97000000,98.04937642,1.02979001,0.29448741,0.62998648,1.77046741,196.91489362,0.47000000,nan,0,165,0.75075368,0.12587069,5.38175733,0.43000000,0.02466800,0.97533200,0
1141,124199,0.21019258,0.00000000,165.43000000,98.31102518,1.68289641,0.51010589,0.50852955,0.93102007,179.30219780,0.91000000,1.43215542,0,166,0.75075368,0.12587069,0.44167884,0.77750000,-0.00265360,1.00265360,0
1142,124299,0.25921148,0.00000000,190.23000000,98.63622256,1.92877213,0.63823563,0.55029726,1.06401127,194.10204082,0.98000000,2.47232831,0,167,0.75183962,0.12626626,0.52160596,0.80000000,-0.00110227,1.00110227,0
1143,124399,0.24325532,0.00000000,197.22000000,98.96023487,1.99239052,0.63399945,0.49279706,1.22209407,204.64062500,0.96000000,3.65405906,1,167,0.75370891,0.12818215,0.35949249,0.82000000,0.02036428,0.97963572,0
1144,124499,0.25267897,0.00000000,185.52000000,99.38584539,1.86657591,0.60887343,0.52435610,0.92703072,197.07526882,0.93000000,1.35215236,0,168,0.75370891,0.12818215,0.32836930,0.80250000,0.00778416,0.99221584,0
1145,124599,0.19869182,0.00000000,186.63000000,99.76935733,1.87076094,0.57397196,0.51006245,0.87542129,193.38541667,0.96000000,0.93918242,0,169,0.75474059,0.12849548,0.44159036,0.81000000,0.01342844,0.98657156,0
1146,124699,0.24234243,0.00000000,174.48000000,100.10386257,1.74312429,0.60571229,0.50732357,0.98235845,186.04838710,0.93000000,1.76649779,0,170,0.75545468,0.12844838,0.54548734,0.75000000,0.00875633,0.99124367,0
1147,124799,0.28002978,0.00000000,205.59000000,100.46124337,2.04654288,0.71729573,0.50086607,0.88308586,211.24742268,0.97000000,0.97718805,0,171,0.75678941,0.12924478,0.23145273,0.84250000,0.00823562,0.99176438,0
1148,124899,0.25927516,0.00000000,197.98000000,100.84033633,1.96305643,0.66666851,0.54328530,1.31271284,203.39690722,0.97000000,4.29624812,1,171,0.75752798,0.12922551,0.33574963,0.79750000,0.00705640,0.99294360,0
1149,124999,0.24803853,0.00000000,201.77000000,101.25996219,1.99251846,0.71089940,0.45778680,0.76024289,212.78191489,0.94000000,0.02100903,0,172,0.75752798,0.12922551,0.32739061,0.81250000,0.00158757,0.99841243,0
1150,125099,0.22174045,0.00000000,148.99000000,101.47689975,1.46781573,0.49687474,0.51727663,0.95101152,207.77536232,0.69000000,1.50152775,0,173,0.75754377,0.12884727,1.95758098,0.62750000,0.00893738,0.99106262,0
1151,125199,0.31204635,0.00000000,198.60000000,101.84225535,1.94992903,0.70448191,0.50469406,1.02900379,206.05208333,0.96000000,2.09062449,0,174,0.75866208,0.12931147,0.30662033,0.81250000,0.00903271,0.99096729,0
1152,125299,0.21611300,0.00000000,191.48000000,102.21302826,1.87318934,0.59847083,0.52750859,0.81893509,200.21052632,0.95000000,0.44976407,0,175,0.76021577,0.13055584,0.34993427,0.80000000,0.00936850,0.99063150,0
1153,125399,0.22035998,0.00000000,197.94000000,102.59502306,1.92928303,0.65541356,0.41418218,0.79491235,203.28865979,0.97000000,0.26379666,0,176,0.76055131,0.13025579,0.32249930,0.80250000,0.00796971,0.99203029,0
1154,125499,0.22889059,0.00000000,189.11000000,102.96630994,1.83665841,0.60112982,0.43733804,0.94833325,199.67553191,0.94000000,1.44398643,0,177,0.76074654,0.12990892,0.43291580,0.77500000,0.01562003,0.98437997,0
1155,125599,0.24087160,0.00000000,199.05000000,103.36342461,1.92609580,0.65645248,0.50718924,0.77494263,209.71276596,0.94000000,0.10081225,0,178,0.76180635,0.13030443,0.44194467,0.80000000,-0.00785443,1.00785443,0
1156,125699,0.25197711,0.00000000,184.02000000,103.69568116,1.77480197,0.56982146,0.52692591,0.96820512,189.36597938,0.97000000,1.58785350,0,179,0.76188015,0.12993955,0.43887135,0.77500000,0.01232966,0.98767034,0
1157,125799,0.30504241,0.03701678,181.34000000,103.98466714,1.74393371,0.57592924,0.58194396,1.09800228,187.66145833,0.96000000,2.56704190,0,180,0.76303280,0.13048851,0.41766710,0.79000000,0.01005675,0.98994325,0
1158,125899,0.29401494,0.06812629,181.87000000,104.30029728,1.74382569,0.58092298,0.60777779,1.26195167,193.23655914,0.93000000,3.75146217,1,180,0.76489374,0.13249712,0.45444269,0.74000000,0.01363596,0.98636404,0
1159,125999,0.27848227,0.07038876,186.80000000,104.57829025,1.78608194,0.60302493,0.51714579,1.01463718,197.63297872,0.94000000,1.88489707,0,181,0.76489374,0.13249712,0.48374842,0.78000000,0.01012876,0.98987124,0
1160,126099,0.20763764,0.05719732,148.64000000,104.77715528,1.41838295,0.48964199,0.52341229,1.62193547,208.58823529,0.68000000,6.41299767,1,181,0.76627354,0.13342620,1.06670310,0.64250000,0.01815076,0.98184924,0
1161,126199,0.24696898,0.00000000,219.99000000,105.15824260,2.09208878,0.67713936,0.41102815,0.75779413,232.23404255,0.94000000,-0.06355131,0,182,0.76627354,0.13342620,0.30778697,0.81000000,0.00506872,0.99493128,0
1162,126299,0.29970502,0.01004724,192.59000000,105.52412970,1.82496016,0.61748849,0.53665744,0.88921444,199.14583333,0.96000000,0.92431074,0,183,0.76622695,0.13305860,0.32980004,0.77250000,0.01221191,0.98778809,0
1163,126399,0.22692172,0.00000000,216.16000000,105.93104126,2.04069681,0.69629442,0.45356010,0.88330944,218.19191919,0.99000000,0.87524242,0,184,0.76689902,0.13300364,0.27447556,0.81750000,0.01188784,0.98811216,0
1164,126499,0.23236851,0.00000000,187.91000000,106.28931445,1.76793294,0.58705301,0.49767890,0.90016923,192.89175258,0.97000000,0.99789701,0,185,0.76753168,0.13291708,0.30776670,0.79500000,0.01376542,0.98623458,0
1165,126599,0.31892601,0.00000000,232.00000000,106.69656800,2.17456641,0.74412131,0.52142703,0.92556902,234.46969697,0.99000000,1.18362879,0,186,0.76824864,0.13291362,0.25995539,0.87250000,-0.00882227,1.00882227,0
1166,126699,0.33786391,0.00000000,245.92000000,107.17946207,2.29443371,0.76339778,0.51837722,0.88995366,248.47979798,0.99000000,0.90834111,0,187,0.76909445,0.13305488,0.31686199,0.86000000,0.00577220,0.99422780,0
1167,126799,0.34352479,0.00000000,237.93000000,107.71187928,2.20917668,0.71961373,0.53997665,0.92371428,244.36082474,0.97000000,1.15777648,0,188,0.76974075,0.13299072,0.27918295,0.82000000,0.00808456,0.99191544,0
1168,126899,0.25463546,0.00000000,222.62000000,108.14171637,2.05847483,0.70817992,0.47874616,0.84624129,231.05729167,0.96000000,0.56856725,0,189,0.77055976,0.13310919,0.29040651,0.82250000,0.01940399,0.98059601,0
1169,126999,0.27380187,0.00000000,246.13000000,108.60213434,2.26605803,0.74855836,0.43349148,0.70020176,255.38541667,0.96000000,-0.53254367,0,190,0.77096019,0.13286880,0.23374939,0.86000000,-0.00109831,1.00109831,0
1170,127099,0.17831389,0.02006810,121.54000000,108.84536805,1.11658042,0.32647135,0.76432712,1.59977972,189.61016949,0.59000000,6.25256833,1,190,0.77058778,0.13261621,4.43032196,0.52000000,0.00885766,0.99114234,0
1171,127199,0.29467587,0.00000000,242.01000000,109.19247813,2.21650549,0.73853417,0.47004223,0.82437340,242.26000000,1.00000000,0.40557344,0,191,0.77058778,0.13261621,0.20748187,0.86000000,0.01509437,0.98490563,0
1172,127299,0.27397798,0.00000000,259.56000000,109.69974583,2.36603405,0.76960949,0.41850476,0.65084947,264.49489796,0.98000000,-0.90701538,0,192,0.77086938,0.13232401,0.17895750,0.87750000,0.00640335,0.99359665,0
1173,127399,0.27785494,0.00000000,241.25000000,110.20500575,2.18888283,0.74082608,0.48081971,0.73489680,245.95918367,0.98000000,-0.26725534,0,193,0.77024428,0.13226108,0.19716456,0.88500000,0.00145907,0.99854093,0
1174,127499,0.27017506,0.00000000,232.80000000,110.70286787,2.10303205,0.70582386,0.49936989,0.72204275,239.35567010,0.97000000,-0.36393902,0,194,0.77006113,0.13194074,0.27238302,0.83000000,0.02052776,0.97947224,0
1175,127599,0.36404462,0.03944292,217.79000000,111.13324329,1.95989221,0.67561218,0.58759176,1.06527176,224.05154639,0.97000000,2.24437864,0,195,0.76981361,0.13164363,0.38131127,0.83500000,0.00449898,0.99550102,0
1176,127699,0.28847439,0.00000000,221.52000000,111.50688139,1.98657712,0.68405653,0.45298607,0.90692932,233.96276596,0.94000000,1.01957062,0,196,0.77132878,0.13299769,0.41627646,0.81750000,0.01464342,0.98535658,0
1177,127799,0.31858683,0.00000000,236.53000000,111.96034628,2.11285043,0.71537983,0.55146080,1.04401099,254.69565217,0.92000000,2.04489649,0,197,0.77202062,0.13300936,0.40464307,0.82500000,0.00693828,0.99306172,0
1178,127899,0.27536988,0.00000000,220.53000000,112.36279609,1.96267347,0.66956064,0.49392112,0.78729642,226.46907216,0.97000000,0.10363516,0,198,0.77340128,0.13407741,0.27904101,0.82750000,0.00448205,0.99551795,0
1179,127999,0.17701494,0.00000000,211.77000000,112.74735441,1.87835642,0.63190526,0.38181969,0.68186130,223.97340426,0.94000000,-0.68498533,0,199,0.77347146,0.13374033,0.43698696,0.76000000,0.00984338,0.99015662,0
1180,128099,0.08020389,0.00000000,89.57000000,112.80637394,0.79416421,0.19819368,0.66589169,1.96451863,188.47560976,0.41000000,nan,0,199,0.77301111,0.13356015,4.06567579,0.36250000,0.02091627,0.97908373,0
1181,128199,0.14182599,0.00000000,203.48000000,112.98799610,1.80086178,0.56144262,0.30533167,0.60674478,216.52688172,0.93000000,-1.24487981,0,200,0.77301111,0.13356015,0.47324613,0.79250000,-0.01068805,1.01068805,0
1182,128299,0.24324757,0.00000000,202.01000000,113.32640646,1.78262749,0.57333432,0.53225267,0.82584933,209.61458333,0.96000000,0.40129199,0,201,0.77217978,0.13374190,0.39416345,0.75500000,0.01491565,0.98508435,0
1183,128399,0.23883019,0.00000000,207.68000000,113.63969817,1.82752396,0.55448443,0.44845626,0.84824064,223.09782609,0.92000000,0.56791089,0,202,0.77244679,0.13346082,0.44851267,0.76000000,0.00254303,0.99745697,0
1184,128499,0.31374650,0.01680766,201.35000000,113.95468454,1.76686326,0.63312573,0.55064403,0.97942358,212.75000000,0.94000000,1.55065323,0,203,0.77282201,0.13323518,0.45086705,0.77500000,0.04634609,0.95365391,0
1185,128599,0.22334025,0.00000000,222.47000000,114.31364221,1.94615660,0.65573164,0.41587614,0.94010038,222.71500000,1.00000000,1.24359375,0,204,0.77383975,0.13369369,0.21611832,0.85750000,0.00908461,0.99091539,0
1186,128699,0.21588522,0.00000000,226.55000000,114.71177362,1.97505399,0.66309405,0.36564870,0.69487128,233.14432990,0.97000000,-0.59597259,0,205,0.77465475,0.13387104,0.26628222,0.82000000,-0.00802496,1.00802496,0
1187,128799,0.27519130,0.00008685,212.14000000,115.08423292,1.84347125,0.59682411,0.58212542,0.91397494,229.98901099,0.91000000,1.04526934,0,206,0.77426556,0.13365873,0.42862237,0.79250000,0.03056939,0.96943061,0
1188,128899,0.27754537,0.00000000,222.18000000,115.42350192,1.92490298,0.64030435,0.43732414,0.88016937,234.38297872,0.94000000,0.78710317,0,207,0.77494376,0.13368718,0.29150276,0.78500000,0.01525021,0.98474979,0
1189,128999,0.25826594,0.00000000,216.56000000,115.78388535,1.87035314,0.59962165,0.51641947,0.89925847,222.50000000,0.97000000,0.92695319,0,208,0.77545210,0.13356270,0.29090574,0.81000000,0.00620326,0.99379674,0
1190,129099,0.10321157,0.00000000,123.10000000,115.90545779,1.06205153,0.30691947,0.59899943,1.24147564,194.95689655,0.58000000,3.48593807,1,208,0.77604732,0.13351595,3.67004256,0.50750000,0.00187056,0.99812944,0
1191,129199,0.24717443,0.00000000,259.49000000,116.21878803,2.23258747,0.74787020,0.37628981,0.77963265,268.75000000,0.96000000,0.02685314,0,209,0.77604732,0.13351595,0.24862110,0.83000000,0.00115610,0.99884390,0
1192,129299,0.26383227,0.00000000,208.25000000,116.62796374,1.78548982,0.60366002,0.60344632,1.10370048,219.25531915,0.94000000,2.45982508,0,210,0.77606448,0.13319484,0.36058771,0.77750000,0.02473717,0.97526283,0
1193,129399,0.23494994,0.00000000,223.09000000,116.99619046,1.90691224,0.63080617,0.41431180,0.74482531,235.50000000,0.94000000,-0.24334459,0,211,0.77762465,0.13478557,0.31594421,0.81000000,0.01260901,0.98739099,0
1194,129499,0.23936555,0.00000000,228.40000000,117.36461373,1.94613813,0.62899084,0.47365196,0.79493042,238.61578947,0.95000000,0.12983935,0,212,0.77746920,0.13448322,0.38582544,0.78250000,0.00363059,0.99636941,0
1195,129599,0.22842061,0.00000000,239.16000000,117.75206486,2.03102924,0.64521148,0.39573075,0.70014962,250.24210526,0.95000000,-0.57689662,0,213,0.77755157,0.13416952,0.33687544,0.83500000,0.02582981,0.97417019,0
1196,129699,0.30766691,0.01297355,218.73000000,118.14349339,1.85146471,0.61213993,0.57101160,0.92069688,232.61827957,0.93000000,1.07129834,0,214,0.77718818,0.13395774,0.53605229,0.78000000,0.01498772,0.98501228,0
1197,129799,0.24796775,0.00000000,210.66000000,118.44607366,1.77842795,0.60442558,0.46367352,0.84969171,221.86170213,0.94000000,0.53605671,0,215,0.77785878,0.13400248,0.38304190,0.77750000,0.01320502,0.98679498,0
1198,129899,0.24195179,0.00000000,226.12000000,118.80042795,1.90336500,0.64272337,0.48047083,0.75407735,232.31958763,0.97000000,-0.18026431,0,216,0.77819289,0.13377876,0.34530266,0.83000000,0.00562650,0.99437350,0
1199,129999,0.25528710,0.00000000,221.42000000,119.14386949,1.85835748,0.59682422,0.53455901,1.08948560,227.44329897,0.97000000,2.33301252,0,217,0.77808124,0.13347737,0.40942091,0.78250000,0.03861970,0.96138030,0
1200,130099,0.05955322,0.00000000,88.87000000,119.20406155,0.74570499,0.17980428,0.59377549,1.62227742,184.39024390,0.41000000,nan,0,217,0.77951628,0.13483547,6.31239939,0.36750000,-0.01967909,1.01967909,0
1201,130199,0.22918175,0.00000000,246.94000000,119.43793183,2.06752343,0.68941912,0.36918774,0.63828196,253.39690722,0.97000000,-1.04745680,0,218,0.77951628,0.13483547,0.23591910,0.85250000,0.00009566,0.99990434,0
1202,130299,0.28549850,0.00000000,228.85000000,119.84383105,1.90965234,0.62314203,0.53655324,0.93514663,243.38709677,0.93000000,1.15878300,0,219,0.77886842,0.13486409,0.33796080,0.79750000,0.02547641,0.97452359,0
1203,130399,0.21955424,0.00000000,238.26000000,120.21704907,1.98196082,0.65715606,0.40101835,0.75999302,244.52577320,0.97000000,-0.14513794,0,220,0.77958202,0.13496818,0.26264406,0.81750000,0.01927595,0.98072405,0
1204,130499,0.26880485,0.00000000,223.05000000,120.57441848,1.84987506,0.59719710,0.47949077,0.69547972,237.59139785,0.93000000,-0.62386318,0,221,0.77949298,0.13466616,0.40841200,0.78250000,0.01856030,0.98143970,0
1205,130599,0.32730186,0.00483384,230.76000000,120.91497660,1.90833993,0.65580197,0.54565577,1.06641246,241.37894737,0.95000000,2.13639751,0,222,0.77911283,0.13447855,0.37845385,0.79500000,0.03432544,0.96567456,0
1206,130699,0.22165323,0.00000000,226.40000000,121.27723007,1.86675208,0.63148614,0.42933910,0.64814878,244.08695652,0.92000000,-0.97569778,0,223,0.78040697,0.13555241,0.71640410,0.80500000,0.01328275,0.98671725,0
1207,130799,0.19793346,0.00000000,197.33000000,121.58566279,1.62299238,0.54612309,0.49619309,0.85954620,204.82291667,0.96000000,0.58827215,0,224,0.77981388,0.13553645,0.52666047,0.75000000,0.03824102,0.96175898,0
1208,130899,0.23976942,0.00000000,209.60000000,121.84341400,1.72020208,0.58102986,0.50694715,1.01414468,213.74489796,0.98000000,1.72883001,0,225,0.78016983,0.13533711,0.38984252,0.81250000,0.00742194,0.99257806,0
1209,130999,0.24043394,0.00000000,217.51000000,122.12911841,1.78085943,0.56373304,0.46550276,0.97130812,225.60937500,0.96000000,1.39847540,0,226,0.78120972,0.13593260,0.41295265,0.80250000,0.01208684,0.98791316,0
1210,131099,0.14679216,0.00000000,148.83000000,122.30003052,1.21685330,0.37920991,0.60752072,1.44091963,200.68309859,0.71000000,4.83685635,1,226,0.78205086,0.13621839,1.47059103,0.61250000,0.01541039,0.98458961,0
1211,131199,0.17486914,0.00000000,218.53000000,122.54009864,1.78329789,0.59273544,0.42006710,0.90952953,233.27956989,0.93000000,0.93584036,0,227,0.78205086,0.13621839,0.43370276,0.80000000,0.01417695,0.98582305,0
1212,131299,0.18928090,0.00000000,243.79000000,122.92157025,1.98349812,0.64172148,0.37489675,0.72804054,255.42631579,0.95000000,-0.40073422,0,228,0.78261244,0.13617979,0.43724475,0.79750000,0.01621072,0.98378928,0
1213,131399,0.19984412,0.00000000,230.83000000,123.26669937,1.87261905,0.60863157,0.43375278,0.65299369,233.07575758,0.99000000,-0.95182617,0,229,0.78237309,0.13592756,0.32035450,0.81500000,0.00200103,0.99799897,0
1214,131499,0.28762403,0.00000000,255.03000000,123.65387754,2.06249059,0.67765052,0.48381720,0.73358913,259.83163265,0.98000000,-0.35481661,0,230,0.78180812,0.13589835,0.22816106,0.81500000,0.00829224,0.99170776,0
1215,131599,0.19694483,0.00000000,208.87000000,124.03162679,1.68420316,0.53414932,0.45750950,0.70832883,218.54210526,0.95000000,-0.54018293,0,231,0.78159847,0.13563857,0.37436723,0.76750000,0.01270017,0.98729983,0
1216,131699,0.30091355,0.00000000,228.33000000,124.28347806,1.83707168,0.65484452,0.52124058,0.77738270,234.51030928,0.97000000,-0.02878691,0,232,0.78128128,0.13542921,0.35262006,0.81500000,0.01080407,0.98919593,0
1217,131799,0.26188942,0.00000000,237.66000000,124.67696865,1.90645446,0.63430306,0.49936955,0.83926535,252.94623656,0.93000000,0.42920371,0,233,0.78126448,0.13513600,0.31216979,0.78500000,-0.00450110,1.00450110,0
1218,131899,0.25341102,0.00000000,239.00000000,124.99375601,1.91202392,0.67621328,0.42689595,0.79651497,247.94791667,0.96000000,0.11120673,0,234,0.78151341,0.13489797,0.29038935,0.80000000,0.01264272,0.98735728,0
1219,131999,0.15628411,0.00000000,223.71000000,125.34755998,1.78477375,0.53564734,0.38690518,0.75767573,232.11458333,0.96000000,-0.17756095,0,235,0.78157752,0.13461175,0.43312736,0.78750000,0.01250640,0.98749360,0
1220,132099,0.00183793,0.00084538,31.45000000,125.35701830,0.25085749,0.01641097,1.27437134,4.18056275,102.64285714,0.14000000,nan,0,235,0.78147581,0.13433286,6.86156963,0.17500000,0.01370404,0.98629596,0
1221,132199,0.01558724,0.00000000,35.35000000,125.06381702,0.28265780,0.04440914,0.77311642,7.22476888,143.39285714,0.14000000,nan,0,235,0.78147581,0.13433286,10.09452333,0.14000000,0.03256808,0.96743192,0
1222,132299,0.00032689,0.00016939,28.61000000,124.76515635,0.22935663,0.00410296,0.69215321,6.15910344,90.68181818,0.11000000,nan,0,235,0.78147581,0.13433286,9.99884664,0.14500000,0.02692055,0.97307945,0
1223,132399,0.00216889,0.00124930,34.81000000,124.47723813,0.27967826,0.01005847,0.57362981,5.56374128,91.94736842,0.19000000,nan,0,235,0.78147581,0.13433286,7.26993417,0.19500000,0.01818773,0.98181227,0
1224,132499,0.00071759,0.00151665,33.10000000,124.19970735,0.26651137,0.00772141,0.64880600,4.68033437,77.00000000,0.18000000,nan,0,235,0.78147581,0.13433286,5.17936771,0.20500000,0.03072295,0.96927705,0
1225,132599,0.00222296,0.00094484,34.59000000,123.92045265,0.27913069,0.01368593,0.66194020,3.55313192,93.52777778,0.18000000,nan,0,235,0.78147581,0.13433286,6.40239805,0.19500000,0.01107301,0.98892699,0
1226,132699,0.00295440,0.00000000,34.36000000,123.64656671,0.27787386,0.01758143,0.56672942,3.68483751,88.52500000,0.20000000,nan,0,235,0.78147581,0.13433286,5.35687687,0.21000000,0.01858554,0.98141446,0
1227,132799,0.00407054,0.00311617,34.06000000,123.37154764,0.27605775,0.01259395,0.58467684,3.87581835,87.47058824,0.17000000,nan,0,235,0.78147581,0.13433286,4.67007347,0.19500000,0.00607514,0.99392486,0
1228,132899,0.00267521,0.00023389,36.77000000,123.10186929,0.29867551,0.01000000,0.53571039,3.03009345,86.47916667,0.24000000,nan,0,235,0.78147581,0.13433286,4.53633500,0.22250000,0.01492005,0.98507995,0
1229,132999,0.00897056,0.00000000,37.69000000,122.83718793,0.30681792,0.02020203,0.59856013,2.49652797,83.21153846,0.26000000,nan,0,235,0.78147581,0.13433286,4.44403683,0.22500000,0.01010335,0.98989665,0
1230,133099,0.10728849,0.01021700,110.36000000,122.63431438,0.89996292,0.25154185,0.69361926,2.64284439,177.45614035,0.57000000,13.85639094,1,235,0.78147581,0.13433286,3.16802033,0.47250000,0.01366539,0.98633461,0
1231,133199,0.13800824,0.00000000,221.87000000,122.81173857,1.80658281,0.57179395,0.31222494,0.79305575,231.93684211,0.95000000,0.08620333,0,236,0.78147581,0.13433286,0.60979875,0.76000000,0.04321019,0.95678981,0
1232,133299,0.18821400,0.00000000,247.16000000,123.15541042,2.00692657,0.67302743,0.35739211,0.79196858,249.69191919,0.99000000,0.07790966,0,237,0.78152488,0.13404886,0.27884058,0.83000000,0.02594496,0.97405504,0
1233,133399,0.27119651,0.00000000,287.71000000,123.59328745,2.32793593,0.78236484,0.40786502,0.68666316,287.99000000,1.00000000,-0.70948962,0,238,0.78156894,0.13376627,0.17331119,0.88000000,0.00370164,0.99629836,0
1234,133499,0.21731809,0.00000000,239.85000000,124.01923190,1.93403730,0.64953928,0.47875432,0.68877062,248.65625000,0.96000000,-0.69148174,0,239,0.78117018,0.13362545,0.36912719,0.79250000,0.01040367,0.98959633,0
1235,133599,0.18373240,0.00000000,291.93000000,124.43394122,2.34603296,0.73714780,0.30652030,0.64230186,302.97395833,0.96000000,-1.03748475,0,240,0.78078357,0.13347831,0.23823770,0.85250000,0.02002879,0.97997121,0
1236,133699,0.22892035,0.00000000,256.33000000,124.88504219,2.05251593,0.69005354,0.41184991,0.61243979,266.03645833,0.96000000,-1.25669517,0,241,0.78020656,0.13349838,0.20966474,0.86750000,-0.00411256,1.00411256,0
1237,133799,0.27047612,0.00000000,280.84000000,125.36424624,2.24067587,0.70694841,0.46947877,0.72601776,283.67171717,0.99000000,-0.40022182,0,242,0.77951044,0.13365758,0.22858117,0.84000000,0.00580904,0.99419096,0
1238,133899,0.22971981,0.00000000,285.42000000,125.79107881,2.26904995,0.78646654,0.35532548,0.59800019,288.14646465,0.99000000,-1.35874193,0,243,0.77928939,0.13342431,0.16143970,0.90500000,0.03040161,0.96959839,0
1239,133999,0.25378005,0.00000000,269.36000000,126.22607107,2.13385585,0.69971734,0.45394707,0.72662204,271.95959596,0.99000000,-0.38847176,0,244,0.77854335,0.13365528,0.17894937,0.83500000,0.00304140,0.99695860,0
1240,134099,0.00037163,0.00020300,45.20000000,126.33729059,0.35775807,0.00501391,0.59989906,4.56042271,75.90243902,0.41000000,nan,0,244,0.77833055,0.13342140,4.84983145,0.31750000,-0.00201075,1.00201075,0
1241,134199,0.01892384,0.01554875,25.86000000,126.06247681,0.20516152,0.01457351,0.90770204,8.84986582,73.25000000,0.12000000,nan,0,244,0.77833055,0.13342140,7.34777933,0.19500000,0.02561599,0.97438401,0
1242,134299,0.00341925,0.01695519,36.36000000,125.78323456,0.28908804,0.00984497,0.74930937,7.00952964,83.40625000,0.16000000,nan,0,244,0.77833055,0.13342140,4.91317034,0.22000000,0.00214819,0.99785181,0
1243,134399,0.00015593,0.01693738,35.37000000,125.51812417,0.28181735,0.00604466,0.77422097,5.59932660,78.50000000,0.16000000,nan,0,244,0.77833055,0.13342140,5.15214995,0.21750000,0.02276907,0.97723093,0
1244,134499,0.00862842,0.02038150,36.25000000,125.25785459,0.28941475,0.02583933,0.65818062,5.54388437,87.94736842,0.19000000,nan,0,244,0.77833055,0.13342140,4.68323135,0.23750000,0.00376781,0.99623219,0
1245,134599,0.00236033,0.02066881,43.62000000,125.00574779,0.34897001,0.02323751,0.63939988,5.80827949,92.68750000,0.24000000,nan,0,244,0.77833055,0.13342140,3.58967019,0.27000000,0.01492162,0.98507838,0
1246,134699,0.02944953,0.03344124,52.29000000,124.78833876,0.41902168,0.05563365,0.80625799,5.11366782,123.41666667,0.24000000,nan,0,244,0.77833055,0.13342140,5.04580954,0.27500000,0.01288832,0.98711168,0
1247,134799,0.02107568,0.03117524,51.94000000,124.57023061,0.41697981,0.05303821,0.72204266,8.30206293,133.45833333,0.24000000,nan,0,244,0.77833055,0.13342140,4.75981049,0.25500000,-0.00910775,1.00910775,0
1248,134899,0.00540612,0.02194905,44.27000000,124.35812206,0.35596897,0.04450815,0.62960010,5.48178132,112.93181818,0.22000000,nan,0,244,0.77833055,0.13342140,7.34940418,0.22750000,-0.00529392,1.00529392,0
1249,134999,0.06071085,0.03028291,84.24000000,124.14592358,0.67865133,0.13650417,0.70462507,2.58822240,147.02173913,0.46000000,nan,0,244,0.77833055,0.13342140,4.30822445,0.37500000,0.00863129,0.99136871,0
1250,135099,0.15301130,0.00605292,152.78000000,124.10153161,1.23099168,0.36006500,0.51083700,2.39946356,204.00704225,0.71000000,12.15047225,1,244,0.77833055,0.13342140,1.60568619,0.53500000,0.01467146,0.98532854,0
1251,135199,0.20260751,0.00000000,251.04000000,124.36978278,2.01839700,0.68285423,0.36708304,1.15499062,258.07731959,0.97000000,2.82308588,0,245,0.77833055,0.13342140,0.35209955,0.81500000,0.00516022,0.99483978,0
1252,135299,0.22883690,0.00716385,207.46000000,124.68009972,1.66393013,0.49915925,0.55027328,1.16549967,220.61827957,0.93000000,2.85009662,0,246,0.77986794,0.13530479,0.62017243,0.72500000,-0.00147323,1.00147323,0
1253,135399,0.22793079,0.00000000,228.72000000,124.94637030,1.83052834,0.64813147,0.40812737,1.01068894,233.25510204,0.98000000,1.67035124,0,247,0.78143555,0.13724861,0.43256964,0.78250000,-0.00049532,1.00049532,0
1254,135499,0.19869181,0.00000000,248.97000000,125.29473979,1.98725151,0.65806755,0.38677316,0.95511947,258.93750000,0.96000000,1.25418061,0,248,0.78236370,0.13774393,0.43625151,0.78750000,0.00285523,0.99714477,0
1255,135599,0.21493003,0.00000000,251.47000000,125.62178178,2.00176467,0.65576258,0.43827272,0.72739182,258.54123711,0.97000000,-0.40368190,0,249,0.78306030,0.13790183,0.26417112,0.83250000,0.00872378,0.99127622,0
1256,135699,0.22036603,0.00000000,244.28000000,125.98082195,1.93909065,0.56271748,0.51804544,1.06313798,253.41145833,0.96000000,2.03605597,0,250,0.78283673,0.13766873,0.36169100,0.80750000,0.01038506,0.98961494,0
1257,135799,0.24126463,0.00000000,254.28000000,126.33080747,2.01289221,0.69458527,0.39906951,0.88841833,258.98979592,0.98000000,0.75405787,0,251,0.78395793,0.13853101,0.27174131,0.83750000,0.02924050,0.97075950,0
1258,135899,0.22853585,0.00000000,235.08000000,126.64983081,1.85611512,0.63175502,0.46449304,0.73912698,241.84536082,0.97000000,-0.32690459,0,252,0.78437411,0.13841080,0.44899892,0.80750000,0.00616473,0.99383527,0
1259,135999,0.22814820,0.00000000,259.44000000,126.98381889,2.04303341,0.64918212,0.40657864,0.70438781,259.68000000,1.00000000,-0.57762242,0,253,0.78419456,0.13816421,0.26437118,0.83250000,-0.02401086,1.02401086,0
1260,136099,0.02466455,0.01093870,40.85000000,127.08014058,0.32135490,0.03608223,1.01982190,4.27442738,118.32500000,0.20000000,nan,0,253,0.78387912,0.13798106,4.92505109,0.19750000,0.00659726,0.99340274,0
1261,136199,0.00178588,0.01122563,34.60000000,126.81694802,0.27281038,0.01057908,0.50836456,3.47388432,77.52380952,0.21000000,nan,0,253,0.78387912,0.13798106,5.95482013,0.19750000,0.06244984,0.93755016,0
1262,136299,0.00003561,0.01120334,36.01000000,126.55484048,0.28455970,0.00323014,0.43028145,1.88018006,69.57407407,0.27000000,nan,0,253,0.78387912,0.13798106,4.67859222,0.22750000,0.03684683,0.96315317,0
1263,136399,0.00585048,0.01126499,45.41000000,126.31636155,0.35951329,0.01739113,0.50533168,2.43979531,80.10810811,0.37000000,nan,0,253,0.78387912,0.13798106,3.69011898,0.29500000,0.01729935,0.98270065,0
1264,136499,0.00183436,0.01014589,46.08000000,126.09783248,0.36542707,0.01986317,0.54453495,1.81129373,86.43103448,0.29000000,nan,0,253,0.78387912,0.13798106,2.78374194,0.28000000,0.00225215,0.99774785,0
1265,136599,0.00186788,0.00696283,45.32000000,125.86777027,0.36009908,0.01328955,0.57292333,2.11249071,88.20689655,0.29000000,nan,0,253,0.78387912,0.13798106,3.10751932,0.27000000,0.00126624,0.99873376,0
1266,136699,0.00341859,0.00481471,51.73000000,125.65867117,0.41168886,0.01746701,0.53278730,2.48237696,80.03750000,0.40000000,nan,0,253,0.78387912,0.13798106,1.97728549,0.33250000,0.00477616,0.99522384,0
1267,136799,0.00170839,0.00468828,49.55000000,125.45239154,0.39499132,0.01570039,0.58925924,1.76147783,83.31944444,0.36000000,nan,0,253,0.78387912,0.13798106,3.03486790,0.31750000,0.01171798,0.98828202,0
1268,136899,0.00212327,0.00445094,50.47000000,125.25123493,0.40294558,0.01113696,0.54247330,2.16790189,81.93055556,0.36000000,nan,0,253,0.78387912,0.13798106,3.47275946,0.30500000,0.01433762,0.98566238,0
1269,136999,0.00527547,0.00182675,49.32000000,125.04875360,0.39438709,0.03173877,0.62338343,2.21917564,89.51515152,0.33000000,nan,0,253,0.78387912,0.13798106,3.69281732,0.28750000,0.01645112,0.98354888,0
1270,137099,0.15953446,0.00000000,197.18000000,124.98264128,1.57742777,0.44135488,0.38470268,1.09223388,229.20833333,0.84000000,2.23476154,0,254,0.78387912,0.13798106,0.46902025,0.69000000,0.04087071,0.95912929,0
1271,137199,0.19215722,0.00000000,237.89000000,125.31708954,1.89853352,0.58812015,0.37867407,0.84715274,249.04736842,0.95000000,0.44627744,0,255,0.78509311,0.13906064,0.36835191,0.82750000,0.02314169,0.97685831,0
1272,137299,0.26141662,0.00000000,250.34000000,125.61288312,1.99299111,0.70403920,0.47354391,0.81622382,255.09693878,0.98000000,0.22246544,0,256,0.78533648,0.13884103,0.25837361,0.81000000,-0.00407540,1.00407540,0
1273,137399,0.22402647,0.00000000,241.57000000,125.94655086,1.91814447,0.61363275,0.46093751,0.71583695,252.36315789,0.95000000,-0.50237549,0,257,0.78545714,0.13858197,0.26530158,0.80500000,0.02757675,0.97242325,0
1274,137499,0.25215945,0.00000000,246.26000000,126.24774508,1.95060117,0.57395962,0.54850782,1.04977613,257.87894737,0.95000000,1.91206397,0,258,0.78518624,0.13837920,0.67467116,0.77500000,0.00876340,0.99123660,0
1275,137599,0.18254824,0.00000000,267.49000000,126.60022763,2.11287519,0.66912645,0.32683176,0.73665416,270.16161616,0.99000000,-0.35630254,0,259,0.78621178,0.13908862,0.17729080,0.87250000,0.01460054,0.98539946,0
1276,137699,0.26988704,0.00000000,253.36000000,126.95783660,1.99562024,0.62152963,0.54362401,1.00187861,262.90104167,0.96000000,1.55458104,0,260,0.78602044,0.13885295,0.29750982,0.80750000,0.01805902,0.98194098,0
1277,137799,0.22034807,0.00000000,287.12000000,127.33395073,2.25478764,0.77551914,0.32847190,0.57077225,295.10824742,0.97000000,-1.55195623,0,261,0.78685067,0.13922971,0.17072970,0.87000000,0.02803751,0.97196249,0
1278,137899,0.24345025,0.00000000,282.21000000,127.75817800,2.20892309,0.71404715,0.39115888,0.65820866,284.79797980,0.99000000,-0.91554849,0,262,0.78602278,0.13960388,0.19042209,0.86500000,0.00854606,0.99145394,0
1279,137999,0.27438810,0.00000000,266.83000000,128.16357082,2.08206700,0.66204926,0.46528047,0.63955433,274.36082474,0.97000000,-1.04600792,0,263,0.78553494,0.13955975,0.24075009,0.86750000,0.01279940,0.98720060,0
1280,138099,0.17069526,0.00000000,182.24000000,128.37341377,1.41950905,0.41912213,0.51262293,1.10426687,210.94642857,0.84000000,2.28742296,0,264,0.78497988,0.13958371,0.81072321,0.67000000,-0.00488031,1.00488031,0
1281,138199,0.25064764,0.00000000,238.31000000,128.62630601,1.85276190,0.60000532,0.62122501,1.11397946,242.91836735,0.98000000,2.32975721,0,265,0.78618930,0.14069713,0.36734988,0.81750000,-0.00722250,1.00722250,0
1282,138299,0.29737686,0.00000000,272.79000000,128.94930858,2.11542483,0.70849478,0.47725525,1.02337238,273.02500000,1.00000000,1.66315387,0,266,0.78742624,0.14186669,0.26119829,0.81500000,0.01267916,0.98732084,0
1283,138399,0.25374396,0.00000000,288.22000000,129.37175310,2.22801339,0.72555057,0.41944085,0.70948287,293.77040816,0.98000000,-0.55383365,0,267,0.78831326,0.14233586,0.26603823,0.85500000,0.01733068,0.98266932,0
1284,138499,0.19173722,0.00000000,243.01000000,129.71414538,1.87344921,0.56738392,0.47026881,0.89758634,245.35353535,0.99000000,0.77079397,0,268,0.78801801,0.14214995,0.30147011,0.79250000,0.02922864,0.97077136,0
1285,138599,0.19491254,0.00000000,250.09000000,130.03800839,1.92335743,0.62754179,0.40091648,0.80811164,259.29687500,0.96000000,0.13858497,0,269,0.78842685,0.14204128,0.38631629,0.81750000,0.00148325,0.99851675,0
1286,138699,0.26132991,0.00000000,292.90000000,130.39391998,2.24635463,0.71224704,0.44508512,0.76363070,298.58163265,0.98000000,-0.17540649,0,270,0.78850003,0.14178111,0.34976298,0.84000000,0.01557981,0.98442019,0
1287,138799,0.24981127,0.00000000,252.98000000,130.77622776,1.93459465,0.59116778,0.49179014,0.90719521,260.10309278,0.97000000,0.83933536,0,271,0.78840792,0.14152542,0.33163599,0.82500000,0.01357143,0.98642857,0
1288,138899,0.30378199,0.00000000,286.84000000,131.13133155,2.18755653,0.70577444,0.42801477,0.68232337,289.70202020,0.99000000,-0.75309255,0,272,0.78884625,0.14144727,0.18934943,0.85750000,0.02000384,0.97999616,0
1289,138999,0.20730171,0.00000000,261.61000000,131.50708125,1.98947037,0.63177207,0.43033387,0.67066566,264.39898990,0.99000000,-0.83341021,0,273,0.78845462,0.14133371,0.24665449,0.83750000,0.00148798,0.99851202,0
1290,139099,0.00897558,0.00057141,55.44000000,131.56563257,0.42137351,0.04339543,1.01695318,4.58643563,108.56060606,0.33000000,nan,0,273,0.78802316,0.14125368,7.49524194,0.26000000,0.00111106,0.99888894,0
1291,139199,0.18631740,0.00000000,228.00000000,131.53043339,1.73315036,0.52546183,0.47201093,1.11033720,255.87209302,0.86000000,2.28180986,0,274,0.78802316,0.14125368,1.15152326,0.70250000,0.00995843,0.99004157,0
1292,139299,0.16364385,0.00000000,239.80000000,131.84133126,1.81882298,0.60164126,0.43716948,0.79440180,242.41414141,0.99000000,0.03655032,0,275,0.78919949,0.14233293,0.43596775,0.79000000,0.01167636,0.98832364,0
1293,139399,0.26065324,0.00000000,268.18000000,132.17098277,2.02913548,0.62985809,0.44333766,0.76230203,273.37244898,0.98000000,-0.18945414,0,276,0.78921841,0.14207331,0.38205559,0.82750000,0.00734688,0.99265312,0
1294,139499,0.24520418,0.00000000,283.63000000,132.54489335,2.14004789,0.65235110,0.46830538,0.73221932,288.96938776,0.98000000,-0.40121250,0,277,0.78912088,0.14182401,0.23202313,0.81000000,-0.00129938,1.00129938,0
1295,139599,0.23915127,0.00000000,267.80000000,132.88253875,2.01525684,0.62661632,0.45682382,0.74934917,285.66666667,0.93000000,-0.27940694,0,278,0.78891546,0.14160813,0.32082637,0.80000000,-0.00368439,1.00368439,0
1296,139699,0.21514404,0.00000000,243.76000000,133.20514495,1.82997073,0.58205712,0.47886673,0.73347289,246.32828283,0.99000000,-0.39116776,0,279,0.78877314,0.14137220,0.23905252,0.83750000,0.00353991,0.99646009,0
1297,139799,0.18787423,0.00000000,232.78000000,133.46300520,1.74411752,0.50775730,0.47089382,0.74463222,239.06701031,0.97000000,-0.31130481,0,280,0.78857493,0.14115654,0.32528835,0.79250000,-0.00086701,1.00086701,0
1298,139899,0.22234983,0.00000000,235.18000000,133.70337888,1.75885179,0.56345582,0.49268280,0.90194376,239.71938776,0.98000000,0.80555974,0,281,0.78841799,0.14092781,0.28373984,0.84750000,0.00709715,0.99290285,0
1299,139999,0.23203407,0.00000000,262.09000000,134.01424547,1.95569825,0.59511146,0.51637693,1.09069344,274.17368421,0.95000000,2.14338185,0,282,0.78882200,0.14083885,0.30321197,0.80000000,0.02186406,0.97813594,0
1300,140099,0.09890111,0.00000000,135.36000000,134.12045190,1.00925144,0.27134810,0.60375662,1.92676643,199.41269841,0.63000000,8.02125816,1,282,0.78989246,0.14173262,2.70986529,0.53500000,-0.02545384,1.02545384,0
1301,140199,0.22818095,0.00000000,247.28000000,134.32189724,1.84097144,0.53886860,0.47890166,1.00587875,261.43085106,0.94000000,1.52389958,0,283,0.78989246,0.14173262,0.59673715,0.77250000,0.01947019,0.98052981,0
1302,140299,0.22757343,0.00000000,288.02000000,134.64613437,2.13902849,0.68545627,0.45084395,0.87897870,288.27500000,1.00000000,0.62171975,0,284,0.79065567,0.14206246,0.19284448,0.86500000,0.00820855,0.99179145,0
1303,140399,0.23206518,0.00000000,276.49000000,135.02655564,2.04771132,0.64437561,0.45762604,0.85804259,284.34536082,0.97000000,0.47267170,0,285,0.79096666,0.14190806,0.23287651,0.83750000,-0.00062488,1.00062488,0
1304,140499,0.25351703,0.00000000,275.59000000,135.38692173,2.03568130,0.62267758,0.52190958,0.81063540,275.86000000,1.00000000,0.13713128,0,286,0.79120202,0.14171371,0.17183620,0.87000000,0.02133666,0.97866334,0
1305,140599,0.22194650,0.00000000,271.54000000,135.73756156,2.00063733,0.62179576,0.47995697,0.82688315,278.75257732,0.97000000,0.25173746,0,287,0.79126997,0.14146954,0.29279925,0.83000000,0.03724024,0.96275976,0
1306,140699,0.20684107,0.00000000,269.88000000,136.05096600,1.98367278,0.59812748,0.44868681,0.72083946,272.56565657,0.99000000,-0.49954524,0,288,0.79139405,0.14123765,0.21195775,0.85250000,0.02294279,0.97705721,0
1307,140799,0.15833786,0.00000000,219.59000000,136.31624923,1.61086871,0.51281278,0.47936063,0.71790027,225.44845361,0.97000000,-0.51930116,0,289,0.79114907,0.14105266,0.23396496,0.83000000,0.02516965,0.97483035,0
1308,140899,0.21762794,0.00000000,262.60000000,136.57689333,1.92272486,0.57987949,0.50091511,0.78505912,272.64583333,0.96000000,-0.04143078,0,290,0.79089562,0.14087347,0.40657220,0.82000000,0.00678636,0.99321364,0
1309,140999,0.21675608,0.00000000,249.30000000,136.85884642,1.82151351,0.53667989,0.50069860,0.85320229,254.01020408,0.98000000,0.44319723,0,291,0.79087549,0.14062995,0.29728889,0.80250000,0.01928078,0.98071922,0
1310,141099,0.17126178,0.01750506,154.33000000,136.97647674,1.12664925,0.34396874,0.61585163,2.13160780,232.11111111,0.63000000,9.54548320,1,291,0.79108967,0.14043481,4.38284085,0.56000000,0.00412657,0.99587343,0
1311,141199,0.20743901,0.00000000,237.21000000,137.17979428,1.72921765,0.53486519,0.54138011,1.08750929,252.69892473,0.93000000,2.11072750,0,292,0.79108967,0.14043481,0.44752604,0.81750000,0.01229570,0.98770430,0
1312,141299,0.22063463,0.00000000,274.14000000,137.46906398,1.99423064,0.62644106,0.49906792,0.91375591,276.98484848,0.99000000,0.86117109,0,293,0.79210481,0.14126241,0.27480940,0.84500000,0.02547117,0.97452883,0
1313,141399,0.19324663,0.00000000,240.16000000,137.73790373,1.74350193,0.59072890,0.45141296,1.01258319,244.48979592,0.98000000,1.55852910,0,294,0.79252000,0.14119929,0.25869687,0.82500000,0.01338309,0.98661691,0
1314,141499,0.25157151,0.00000000,264.91000000,138.03037529,1.91918488,0.65146558,0.54027153,1.20507568,267.40404040,0.99000000,2.90945069,0,295,0.79326851,0.14154121,0.32142113,0.83500000,0.00733446,0.99266554,0
1315,141599,0.27124814,0.00000000,257.86000000,138.32585027,1.86409900,0.63487139,0.53232663,0.91969158,264.71649485,0.97000000,0.87236305,0,296,0.79466447,0.14332005,0.27684555,0.82250000,0.01470309,0.98529691,0
1316,141699,0.20297455,0.00000000,233.58000000,138.57457781,1.68549655,0.56919922,0.44432814,0.97131682,251.98913043,0.92000000,1.23012908,0,297,0.79508686,0.14326136,0.66479118,0.78250000,0.00160951,0.99839049,0
1317,141799,0.25673094,0.00000000,256.39000000,138.84733953,1.84654158,0.63124739,0.54295912,1.05340692,258.78787879,0.99000000,1.79745449,0,298,0.79568023,0.14338427,0.47584839,0.82750000,-0.00872400,1.00872400,0
1318,141899,0.21245029,0.00000000,244.89000000,139.13036494,1.76021033,0.58533585,0.47637144,0.94420240,261.20430108,0.93000000,1.02597411,0,299,0.79654508,0.14391915,0.44713873,0.78500000,0.00641353,0.99358647,0
1319,141999,0.20462169,0.00000000,248.06000000,139.38042630,1.77975212,0.59230652,0.48919127,1.02226184,248.33500000,1.00000000,1.56479777,0,300,0.79703892,0.14393101,0.40620779,0.84250000,0.00798280,0.99201720,0
1320,142099,0.19685823,0.00176562,196.57000000,139.53433417,1.40863898,0.45185269,0.53892247,1.50702762,232.12195122,0.82000000,4.91579776,1,300,0.79778966,0.14427729,1.08310183,0.70250000,0.02569657,0.97430343,0
1321,142199,0.31190915,0.02167350,265.17000000,139.78892004,1.89690260,0.63303684,0.57030931,1.03870768,280.55851064,0.94000000,1.66982637,0,301,0.79778966,0.14427729,0.34746082,0.81750000,0.01443724,0.98556276,0
1322,142299,0.25449230,0.00000000,309.47000000,140.14668527,2.20820317,0.71838615,0.40611977,0.76608988,309.74000000,1.00000000,-0.22459693,0,302,0.79859005,0.14470445,0.29266019,0.85000000,0.00161988,0.99838012,0
1323,142399,0.22422686,0.01047435,221.65000000,140.43899627,1.57824734,0.49694774,0.55959988,1.11857760,237.30107527,0.93000000,2.21555974,0,303,0.79848244,0.14447598,0.78323992,0.75750000,0.01190125,0.98809875,0
1324,142499,0.22857884,0.00000000,282.29000000,140.70354205,2.00624154,0.68057705,0.42265931,1.00693290,287.91326531,0.98000000,1.42632888,0,304,0.79953886,0.14540408,0.32258527,0.83750000,0.01878927,0.98121073,0
1325,142599,0.27707909,0.00000000,309.39000000,141.10082083,2.19290663,0.72753359,0.47404957,0.79438635,318.08247423,0.97000000,-0.04005979,0,305,0.80022107,0.14565047,0.37500246,0.85750000,0.00157433,0.99842567,0
1326,142699,0.29785182,0.00000000,295.00000000,141.46490295,2.08539338,0.70345558,0.52362066,1.11356100,300.49489796,0.98000000,2.15498727,0,306,0.80020194,0.14541109,0.19889101,0.88000000,0.00469333,0.99530667,0
1327,142799,0.25311134,0.00000000,291.83000000,141.82433699,2.05776721,0.69165180,0.49295969,0.95601768,297.42346939,0.98000000,1.05823419,0,307,0.80122599,0.14627356,0.23959624,0.86500000,0.02947791,0.97052209,0
1328,142899,0.26637297,0.00000000,290.11000000,142.17194586,2.04061360,0.71148972,0.42749749,0.97506136,292.80303030,0.99000000,1.18475443,0,308,0.80173020,0.14630134,0.18241543,0.86500000,0.01383395,0.98616605,0
1329,142999,0.24628649,0.00000000,285.82000000,142.50616121,2.00567076,0.64187368,0.47812030,1.05340269,293.81958763,0.97000000,1.71527256,0,309,0.80229296,0.14639640,0.28752191,0.85000000,-0.01250293,1.01250293,0
1330,143099,0.17143365,0.03075901,145.86000000,142.63093042,1.02264434,0.30809905,0.49262692,1.78271307,232.55833333,0.60000000,6.67057675,1,309,0.80310562,0.14685499,1.76976794,0.51750000,0.01881889,0.98118111,0
1331,143199,0.26683250,0.00000000,280.06000000,142.83562306,1.96067596,0.66540483,0.48732080,1.04959948,288.26288660,0.97000000,1.67848479,0,310,0.80310562,0.14685499,0.33896142,0.81500000,0.01191823,0.98808177,0
1332,143299,0.21608926,0.00000000,266.26000000,143.13900226,1.86011558,0.62393052,0.42459771,0.95564028,278.57894737,0.95000000,1.03025095,0,311,0.80390076,0.14728405,0.28172407,0.82500000,0.01481399,0.98518601,0
1333,143399,0.32991690,0.00236349,305.93000000,143.47768669,2.13225552,0.71048080,0.57763890,0.89732765,311.62755102,0.98000000,0.63095969,0,312,0.80438867,0.14729782,0.22868358,0.88500000,-0.01666249,1.01666249,0
1334,143499,0.25169787,0.00000000,314.99000000,143.85462523,2.18956472,0.74480751,0.40446197,0.73386999,318.03030303,0.99000000,-0.48123814,0,313,0.80468655,0.14715492,0.15072921,0.88000000,0.03137079,0.96862921,0
1335,143599,0.31197252,0.00000000,335.44000000,144.29061361,2.32482824,0.73884997,0.46645458,0.96430979,335.70000000,1.00000000,1.08760820,0,314,0.80446030,0.14697342,0.19879114,0.88750000,-0.00384036,1.00384036,0
1336,143699,0.28014369,0.00000000,290.71000000,144.68345668,2.00935969,0.66231095,0.50603276,0.87513705,293.41414141,0.99000000,0.47728092,0,315,0.80496937,0.14701547,0.17069769,0.86000000,0.02154057,0.97845943,0
1337,143799,0.29176377,0.00000000,328.06000000,145.04811652,2.26170573,0.72809269,0.48475372,0.87553291,328.31000000,1.00000000,0.47904838,0,316,0.80519213,0.14683441,0.14634379,0.88250000,-0.01371125,1.01371125,0
1338,143899,0.28528118,0.00000000,310.98000000,145.46273884,2.13795230,0.69368734,0.50730471,0.90173236,311.27500000,1.00000000,0.65676544,0,317,0.80541472,0.14665455,0.17796837,0.86500000,0.01977540,0.98022460,0
1339,143999,0.25649441,0.00000000,334.62000000,145.83035471,2.29433844,0.70786101,0.47402481,0.76201304,337.84848485,0.99000000,-0.29828598,0,318,0.80571856,0.14652222,0.13728858,0.87000000,0.01538801,0.98461199,0
1340,144099,0.04329025,0.00000000,81.25000000,145.98210243,0.55665170,0.11805997,0.58753515,2.76732808,162.01190476,0.42000000,nan,0,318,0.80558113,0.14631146,5.71733243,0.36500000,-0.02159303,1.02159303,0
1341,144199,0.37198499,0.00000000,364.58000000,146.16221559,2.49421924,0.82324637,0.49272029,0.85399969,368.22222222,0.99000000,0.33092803,0,319,0.80558113,0.14631146,0.15023485,0.92500000,0.01007962,0.98992038,0
1342,144299,0.32027759,0.00000000,340.09000000,146.65210929,2.31909568,0.74643601,0.47439779,0.78025396,340.33500000,1.00000000,-0.17438630,0,320,0.80573291,0.14610638,0.13410294,0.87750000,0.01000542,0.98999458,0
1343,144399,0.29404900,0.00000000,365.81000000,147.11852490,2.48656165,0.73887387,0.49973232,0.78876429,366.10500000,1.00000000,-0.11576990,0,321,0.80565329,0.14588415,0.13737771,0.92250000,0.01878063,0.98121937,0
1344,144499,0.31280450,0.00000000,360.97000000,147.61265857,2.44548944,0.76249539,0.48094494,0.69804803,361.21000000,1.00000000,-0.73838614,0,322,0.80560067,0.14565907,0.09772562,0.92000000,0.00057257,0.99942743,0
1345,144599,0.37306559,0.00000000,359.56000000,148.08265889,2.42810095,0.78709851,0.53537039,0.77351654,362.98484848,0.99000000,-0.21813071,0,323,0.80526666,0.14555547,0.11696037,0.93250000,-0.00129982,1.00129982,0
1346,144699,0.27486833,0.00000000,327.27000000,148.50112942,2.20363815,0.73075923,0.45952945,0.71842429,327.51500000,1.00000000,-0.59683546,0,324,0.80516836,0.14534001,0.15568671,0.91000000,0.00686203,0.99313797,0
1347,144799,0.30634051,0.00000000,354.70000000,148.94304485,2.38132293,0.74336338,0.46627110,0.77847480,358.31313131,0.99000000,-0.18200252,0,325,0.80490063,0.14519485,0.14265634,0.92500000,0.01417476,0.98582524,0
1348,144899,0.32575447,0.00000000,319.17000000,149.40685501,2.13646250,0.71273926,0.60222725,0.82509020,322.13131313,0.99000000,0.13982037,0,326,0.80481932,0.14497802,0.14464734,0.89000000,0.02357106,0.97642894,0
1349,144999,0.24916827,0.00000000,294.68000000,149.73670772,1.96801988,0.65910588,0.48807297,0.91147055,300.22448980,0.98000000,0.73631990,0,327,0.80488150,0.14475916,0.22266646,0.87000000,0.01048451,0.98951549,0
1350,145099,0.15397353,0.00000000,208.06000000,149.88641600,1.38794064,0.41791270,0.54587163,1.64086522,279.38194444,0.72000000,5.77681777,1,327,0.80520746,0.14465711,1.34148475,0.65750000,-0.00562393,1.00562393,0
1351,145199,0.25815082,0.00000000,292.94000000,150.17800344,1.95058473,0.66443231,0.51962244,0.89059315,293.22000000,1.00000000,0.59026268,0,328,0.80520746,0.14465711,0.17404398,0.89750000,0.01645005,0.98354995,0
1352,145299,0.25719003,0.00000000,316.43000000,150.54236531,2.10205082,0.67294833,0.48640550,1.03499203,316.72000000,1.00000000,1.58826374,0,329,0.80546778,0.14451268,0.29410034,0.86250000,0.01885159,0.98114841,0
1353,145399,0.27292722,0.00000000,325.28000000,150.88889620,2.15564228,0.66260637,0.51290745,1.01302928,328.57575758,0.99000000,1.42816389,0,330,0.80616543,0.14484602,0.31450255,0.89000000,0.01041014,0.98958986,0
1354,145499,0.27699601,0.00000000,344.90000000,151.32292321,2.27932463,0.68484650,0.49325772,0.79815406,354.75773196,0.97000000,-0.05954386,0,331,0.80679229,0.14507334,0.22488634,0.90750000,0.00889390,0.99110610,0
1355,145599,0.30399020,0.00000000,339.96000000,151.72832096,2.24053188,0.73595333,0.46919331,0.84985010,340.23500000,1.00000000,0.29742958,0,332,0.80676619,0.14485414,0.13396849,0.91000000,0.00494172,0.99505828,0
1356,145699,0.30231994,0.00000000,335.60000000,152.15810268,2.20570581,0.69091985,0.52419475,0.80587467,335.87500000,1.00000000,-0.00706018,0,333,0.80689596,0.14465449,0.16901453,0.89000000,0.01537068,0.98462932,0
1357,145799,0.26373147,0.00000000,332.41000000,152.53208289,2.17917899,0.69593185,0.52353809,0.93074276,332.68500000,1.00000000,0.85746944,0,334,0.80689289,0.14443648,0.18247926,0.88000000,0.01474641,0.98525359,0
1358,145899,0.22993670,0.00000000,289.44000000,152.88554998,1.89313735,0.63402043,0.43157727,0.82599694,297.36597938,0.97000000,0.12975079,0,335,0.80726370,0.14437858,0.20665897,0.86500000,0.00378676,0.99621324,0
1359,145999,0.29975874,0.00000000,298.38000000,153.21528509,1.94754023,0.63992056,0.59130036,1.07156323,303.95918367,0.98000000,1.83291323,0,336,0.80731962,0.14416591,0.20007980,0.85500000,0.00811378,0.99188622,0
1360,146099,0.11676043,0.00000000,189.49000000,153.32095948,1.23579618,0.33501332,0.49468678,1.28038032,269.30147059,0.68000000,3.26447996,1,336,0.80810606,0.14467060,2.34793323,0.59250000,0.00088585,0.99911415,0
1361,146199,0.23132785,0.00000000,285.87000000,153.57900013,1.86135985,0.58531111,0.49321857,0.90123853,291.64285714,0.98000000,0.64375534,0,337,0.80810606,0.14467060,0.32720730,0.84000000,0.00688670,0.99311330,0
1362,146299,0.20719108,0.00000000,281.63000000,153.87732063,1.83028097,0.55331154,0.49515821,0.92349217,292.17187500,0.96000000,0.79636363,0,338,0.80838242,0.14454421,0.54120454,0.80250000,0.00877849,0.99122151,0
1363,146399,0.22393218,0.00000000,329.72000000,154.18820559,2.13836452,0.65295860,0.41161663,0.86210671,329.92000000,1.00000000,0.36952622,0,339,0.80872298,0.14446534,0.17992414,0.90000000,0.02052335,0.97947665,0
1364,146499,0.29044070,0.00000000,373.30000000,154.62321001,2.41424877,0.79935520,0.39625572,0.61843745,373.58000000,1.00000000,-1.31994869,0,340,0.80888045,0.14428061,0.10807420,0.92250000,0.02605278,0.97394722,0
1365,146599,0.31394584,0.00000000,342.66000000,155.07807065,2.20970918,0.69154184,0.49078306,0.82814340,346.04040404,0.99000000,0.13724333,0,341,0.80832033,0.14443739,0.13665626,0.90500000,0.04726629,0.95273371,0
1366,146699,0.33963333,0.02704669,326.50000000,155.43642519,2.10043652,0.66296786,0.56552490,0.92763580,335.98453608,0.97000000,0.82686205,0,342,0.80837846,0.14422882,0.50474405,0.87250000,0.01891779,0.98108221,0
1367,146799,0.25582917,0.00000000,321.84000000,155.81694190,2.06551551,0.69753455,0.43667625,0.71758670,324.97979798,0.99000000,-0.63221093,0,343,0.80872716,0.14416149,0.15626582,0.88750000,0.00585305,0.99414695,0
1368,146899,0.29388109,0.00000000,327.59000000,156.19639413,2.09743249,0.67228119,0.54691590,1.08794908,330.87373737,0.99000000,1.94041919,0,344,0.80846145,0.14403467,0.32958453,0.86500000,0.01401276,0.98598724,0
1369,146999,0.25656923,0.00000000,379.42000000,156.58660921,2.42294803,0.76280707,0.37319964,0.64780365,383.19191919,0.99000000,-1.11657732,0,345,0.80927391,0.14461181,0.10858070,0.91750000,0.00955639,0.99044361,0
1370,147099,0.24440841,0.00000000,297.51000000,156.91265465,1.89559296,0.58741604,0.47170083,1.19302550,348.30952381,0.84000000,2.65596507,0,346,0.80880588,0.14466290,0.87997651,0.77250000,0.03135191,0.96864809,0
1371,147199,0.28576171,0.00000000,383.24000000,157.37918126,2.43512913,0.74463015,0.47326243,0.63270039,383.48500000,1.00000000,-1.21445309,0,347,0.80991634,0.14592244,0.11789113,0.92750000,0.01548288,0.98451712,0
1372,147299,0.34869216,0.00000000,413.01000000,157.90547253,2.61568237,0.81469062,0.48068049,0.65986128,413.26500000,1.00000000,-1.02412454,0,348,0.80940564,0.14602165,0.09038515,0.91000000,-0.00258557,1.00258557,0
1373,147399,0.31474188,0.00000000,374.19000000,158.40961441,2.36229852,0.78968325,0.49360824,0.69578854,374.50500000,1.00000000,-0.77508988,0,349,0.80897591,0.14603129,0.10551765,0.91750000,0.01253190,0.98746810,0
1374,147499,0.29620435,0.00000000,372.02000000,158.81812156,2.34216617,0.74101444,0.46163214,0.62173619,378.99489796,0.98000000,-1.28070619,0,350,0.80865159,0.14594714,0.16658724,0.92000000,0.01388828,0.98611172,0
1375,147599,0.31436271,0.00000000,428.95000000,159.36395472,2.69167817,0.79271945,0.43826188,0.56635649,429.20500000,1.00000000,-1.65499130,0,351,0.80811755,0.14607996,0.08938038,0.94500000,-0.00361068,1.00361068,0
1376,147699,0.30370883,0.00000000,420.53000000,159.90958813,2.62968147,0.81978787,0.42733321,0.52167949,420.76500000,1.00000000,-1.95129568,0,352,0.80742877,0.14644079,0.10383293,0.94250000,0.01117928,0.98882072,0
1377,147799,0.31335640,0.00000000,430.44000000,160.47309664,2.68224147,0.83176267,0.43058052,0.59160662,430.71000000,1.00000000,-1.46242623,0,353,0.80661698,0.14702305,0.07932379,0.95000000,0.02498247,0.97501753,0
1378,147899,0.35338001,0.00000000,458.83000000,161.08070343,2.84847877,0.90704625,0.40685251,0.49059000,459.08000000,1.00000000,-2.14192035,0,354,0.80600789,0.14725939,0.06354776,0.94750000,0.00478455,0.99521545,0
1379,147999,0.25487312,0.00000000,375.14000000,161.61242656,2.32120654,0.73617802,0.47831427,0.70443635,375.35500000,1.00000000,-0.68025924,0,355,0.80511688,0.14800317,0.13916515,0.90750000,0.02002409,0.97997591,0
1380,148099,0.09445360,0.00000000,129.58000000,161.75717309,0.80115225,0.21722684,0.67635815,1.90432622,231.50000000,0.51000000,7.43450464,1,355,0.80483327,0.14789055,3.77216862,0.46000000,-0.01344430,1.01344430,0
1381,148199,0.23302101,0.00000000,404.89000000,162.00812421,2.49903553,0.76411150,0.35124475,0.66737853,408.73737374,0.99000000,-0.92943558,0,356,0.80483327,0.14789055,0.12239175,0.90500000,0.00731702,0.99268298,0
1382,148299,0.31702091,0.00000000,424.59000000,162.55981283,2.61197636,0.80344605,0.44447261,0.70621477,424.83000000,1.00000000,-0.66435328,0,357,0.80444716,0.14786168,0.07662537,0.96250000,0.02262900,0.97737100,0
1383,148399,0.38833596,0.00000000,440.96000000,163.09957987,2.70346972,0.82442136,0.51504005,0.67843430,441.17000000,1.00000000,-0.85104326,0,358,0.80417200,0.14774536,0.12633303,0.93750000,0.01824239,0.98175761,0
1384,148499,0.27368058,0.00000000,340.18000000,163.55404241,2.07970467,0.64362825,0.49492083,0.86207953,346.66836735,0.98000000,0.39447216,0,359,0.80382078,0.14768788,0.22676567,0.84500000,0.02872386,0.97127614,0
1385,148599,0.36538215,0.00000000,449.63000000,164.05211618,2.74062534,0.84706204,0.48038338,0.74588820,449.89000000,1.00000000,-0.39382732,0,360,0.80398306,0.14751352,0.08422822,0.94250000,-0.00255835,1.00255835,0
1386,148699,0.41204529,0.00000000,438.76000000,164.66211774,2.66477399,0.81623485,0.52575150,0.78722533,442.92424242,0.99000000,-0.11264004,0,361,0.80382168,0.14733974,0.10181118,0.93750000,0.03342733,0.96657267,0
1387,148799,0.32681754,0.00000000,407.91000000,165.17792530,2.46949874,0.79208699,0.49869145,0.77807938,408.16500000,1.00000000,-0.17464152,0,362,0.80377571,0.14713755,0.09354147,0.93500000,0.01184236,0.98815764,0
1388,148899,0.36560001,0.00000000,402.62000000,165.69809910,2.43004280,0.78634721,0.52321246,0.80303356,406.53535354,0.99000000,-0.00456760,0,363,0.80370473,0.14693983,0.12892628,0.91500000,0.02208765,0.97791235,0
1389,148999,0.32178357,0.00000000,464.45000000,166.24170902,2.79401201,0.79342044,0.44340519,0.60468590,464.71000000,1.00000000,-1.35628600,0,364,0.80370288,0.14673673,0.08308009,0.94750000,0.01064699,0.98935301,0
1390,149099,0.20315398,0.00000000,318.12000000,166.60423844,1.90899161,0.59272516,0.44772803,1.16221492,368.53529412,0.85000000,2.44415150,0,365,0.80315613,0.14690530,1.27181606,0.76000000,0.03212435,0.96787565,0
1391,149199,0.30869268,0.00000000,472.62000000,167.15051810,2.82747252,0.82732967,0.44311625,0.53474389,472.82500000,1.00000000,-1.82144533,0,366,0.80413985,0.14790230,0.07660114,0.94250000,0.00968454,0.99031546,0
1392,149299,0.33018735,0.00000000,458.64000000,167.73791988,2.73399690,0.81910017,0.48091711,0.65326028,458.90000000,1.00000000,-1.01195809,0,367,0.80340380,0.14836930,0.07369982,0.94250000,0.03013728,0.96986272,0
1393,149399,0.37983341,0.00000000,481.73000000,168.38598920,2.86093166,0.84619073,0.49032716,0.65497393,481.98000000,1.00000000,-0.99762186,0,368,0.80299468,0.14837361,0.07322928,0.94750000,0.01072688,0.98927312,0
1394,149499,0.33021646,0.00000000,489.34000000,169.01387771,2.89513806,0.84180197,0.45943236,0.63643762,489.60500000,1.00000000,-1.11985222,0,369,0.80259245,0.14837210,0.06925541,0.96000000,0.02165514,0.97834486,0
1395,149599,0.25031974,0.00000000,477.72000000,169.66079093,2.81569981,0.82796200,0.37499505,0.55868770,477.95500000,1.00000000,-1.64027862,0,370,0.80214217,0.14842263,0.08223178,0.94500000,0.01362364,0.98637636,0
1396,149699,0.40542113,0.00000000,504.11000000,170.30708396,2.95991586,0.85680785,0.51830052,0.62370458,504.36000000,1.00000000,-1.19507047,0,371,0.80148419,0.14876077,0.07682837,0.96500000,0.01363700,0.98636300,0
1397,149799,0.39046017,0.00000000,485.29000000,170.95965722,2.83849783,0.88102546,0.49130371,0.75258274,485.56500000,1.00000000,-0.32531772,0,372,0.80100500,0.14884605,0.06705790,0.97000000,0.01729418,0.98270582,0
1398,149899,0.42124019,0.01120194,458.15000000,171.59225433,2.67012827,0.82967569,0.53505184,0.72033623,458.38000000,1.00000000,-0.54174002,0,373,0.80087483,0.14866651,0.08054539,0.95750000,0.01298747,0.98701253,0
1399,149999,0.32654585,0.00000000,530.55000000,172.23976839,3.08044963,0.86128708,0.38804887,0.58850633,530.76500000,1.00000000,-1.42839530,0,374,0.80065891,0.14852511,0.07560897,0.95750000,0.02893034,0.97106966,0
