block_index,step,E_k,W_k,mean_pseudo_count,mean_count_reference,mean_count_ratio,mean_familiarity,mean_surprise,mean_conditional_surprise,mean_conditional_support,conditional_valid_fraction,conditional_z,conditional_run_length,conditional_baseline_n,conditional_baseline_mean,conditional_baseline_std,mean_conditional_leverage,mean_conditional_trust_fraction,mean_gradient_coherence,mean_gradient_novelty,regime_change
0,10099,0.06888213,0.00000000,0.12000000,0.05848351,1.71420958,0.09000000,1.12618325,nan,0.00000000,0.00000000,nan,0,0,0.00000000,nan,31.46102454,0.00000000,0.00582212,0.99417788,0
1,10199,0.12551199,0.00000000,0.59000000,0.20888921,2.72483674,0.38999999,0.40604613,nan,0.00000000,0.00000000,nan,0,0,0.00000000,nan,20.96014072,0.00000000,-0.00568826,1.00568826,0
2,10299,0.23194229,0.00000000,1.49000000,0.53311236,2.81253822,0.71741348,0.37563551,nan,0.00000000,0.00000000,nan,0,0,0.00000000,nan,17.87316835,0.00000000,-0.00103629,1.00103629,0
3,10399,0.26772501,0.00000000,2.42000000,0.94159122,2.58240770,0.63900934,0.45601111,nan,0.00000000,0.00000000,nan,0,0,0.00000000,nan,17.18664939,0.00000000,0.00439451,0.99560549,0
4,10499,0.19065836,0.00000000,3.00000000,1.34786830,2.23985579,0.60658549,0.44567505,nan,0.00000000,0.00000000,nan,0,0,0.00000000,nan,17.70689582,0.00000000,0.00205461,0.99794539,0
5,10599,0.24290877,0.00000000,3.68000000,1.71378716,2.15808981,0.68210665,0.37392914,nan,0.00000000,0.00000000,nan,0,0,0.00000000,nan,14.91121966,0.00000000,0.00295170,0.99704830,0
6,10699,0.18208741,0.00000000,4.35000000,2.02480976,2.13246813,0.58994130,0.48668393,nan,0.00000000,0.00000000,nan,0,0,0.00000000,nan,15.15554539,0.00000000,0.00422899,0.99577101,0
7,10799,0.25819503,0.00000000,5.42000000,2.44698337,2.22382302,0.64584360,0.44464615,nan,0.00000000,0.00000000,nan,0,0,0.00000000,nan,14.40140707,0.00000000,0.00756946,0.99243054,0
8,10899,0.22327730,0.00000000,5.76000000,2.80384090,2.05461768,0.61359652,0.48862283,nan,0.00000000,0.00000000,nan,0,0,0.00000000,nan,13.45338067,0.00000000,-0.00019612,1.00019612,0
9,10999,0.28778443,0.00000000,8.14000000,3.20718693,2.52629792,0.75107844,0.41331745,nan,0.00000000,0.00000000,nan,0,0,0.00000000,nan,10.38689322,0.00000000,-0.00951606,1.00951606,0
10,11099,0.28577532,0.00000000,6.15000000,3.59456922,1.70737997,0.50469551,0.86053637,nan,0.00000000,0.00000000,nan,0,0,0.00000000,nan,18.59717881,0.00000000,0.00097837,0.99902163,0
11,11199,0.15998132,0.00000000,7.47000000,3.88993902,1.92037442,0.58624457,0.40498569,nan,0.00000000,0.00000000,nan,0,0,0.00000000,nan,12.00969805,0.00000000,0.00814101,0.99185899,0
12,11299,0.18361570,0.00000000,8.21000000,4.18057644,1.95843352,0.55183141,0.43916219,nan,0.00000000,0.00000000,nan,0,0,0.00000000,nan,11.89138594,0.00000000,0.01040795,0.98959205,0
13,11399,0.19092740,0.00000000,9.43000000,4.54926399,2.07388090,0.63149620,0.44828723,nan,0.00000000,0.00000000,nan,0,0,0.00000000,nan,11.06901570,0.00000000,0.00253922,0.99746078,0
14,11499,0.20322879,0.00000000,9.40000000,4.91713446,1.91841757,0.54402006,0.56470214,nan,0.00000000,0.00000000,nan,0,0,0.00000000,nan,11.64218455,0.00000000,0.00729531,0.99270469,0
15,11599,0.23028886,0.00000000,9.14000000,5.14942209,1.77241082,0.54260205,0.54547675,nan,0.00000000,0.00000000,nan,0,0,0.00000000,nan,12.49366876,0.00000000,0.01389281,0.98610719,0
16,11699,0.15058378,0.00000000,11.07000000,5.47565416,2.02417509,0.56733425,0.37248042,nan,0.00000000,0.00000000,nan,0,0,0.00000000,nan,11.43401631,0.00000000,0.00163319,0.99836681,0
17,11799,0.19883690,0.00000000,12.32000000,5.84263004,2.11319756,0.63727391,0.39628603,nan,0.00000000,0.00000000,nan,0,0,0.00000000,nan,9.23591314,0.00000000,0.00100736,0.99899264,0
18,11899,0.25242527,0.00000000,13.26000000,6.19890644,2.13972026,0.68248411,0.47538012,nan,0.00000000,0.00000000,nan,0,0,0.00000000,nan,7.73491964,0.00000000,0.00274196,0.99725804,0
19,11999,0.21713152,0.00000000,15.87000000,6.62066568,2.39678080,0.69412902,0.37527724,nan,0.00000000,0.00000000,nan,0,0,0.00000000,nan,7.24170343,0.02250000,0.00642370,0.99357630,0
20,12099,0.10714999,0.00000000,7.25000000,6.87807477,1.05430519,0.26947116,0.71918241,nan,0.00000000,0.00000000,nan,0,0,0.00000000,nan,18.43456913,0.00000000,0.00377182,0.99622818,0
21,12199,0.18072067,0.00000000,11.86000000,6.95294547,1.70187980,0.50680739,0.58837262,nan,0.00000000,0.00000000,nan,0,0,0.00000000,nan,13.30716511,0.01500000,-0.00746394,1.00746394,0
22,12299,0.22084034,0.00000000,16.31000000,7.31334528,2.23169976,0.63945918,0.37779359,nan,0.00000000,0.00000000,nan,0,0,0.00000000,nan,6.99371702,0.02250000,0.00121828,0.99878172,0
23,12399,0.23639297,0.00000000,16.26000000,7.66396346,2.11822808,0.66701258,0.43238363,nan,0.00000000,0.00000000,nan,0,0,0.00000000,nan,7.53968865,0.03250000,0.01039674,0.98960326,0
24,12499,0.26754383,0.00000000,19.27000000,8.08609048,2.38134234,0.70815893,0.48759354,nan,0.00000000,0.00000000,nan,0,0,0.00000000,nan,6.04971103,0.03500000,0.00466053,0.99533947,0
25,12599,0.19511312,0.00000000,18.66000000,8.49635801,2.19238121,0.64831670,0.36385219,nan,0.00000000,0.00000000,nan,0,0,0.00000000,nan,5.94344043,0.03750000,0.00443412,0.99556588,0
26,12699,0.24657564,0.00000000,20.37000000,8.94038817,2.27880127,0.68670202,0.49729694,nan,0.00000000,0.00000000,nan,0,0,0.00000000,nan,5.54704359,0.06000000,0.01316491,0.98683509,0
27,12799,0.25899531,0.00000000,22.47000000,9.40476020,2.39130169,0.73199736,0.46763047,nan,0.00000000,0.00000000,nan,0,0,0.00000000,nan,4.78163985,0.08000000,0.01155848,0.98844152,0
28,12899,0.24414879,0.00000000,22.52000000,9.83438881,2.28771334,0.71779467,0.42712088,nan,0.00000000,0.00000000,nan,0,0,0.00000000,nan,4.61178731,0.09500000,0.01177052,0.98822948,0
29,12999,0.34980889,0.06049710,22.77000000,10.28839688,2.21360046,0.68634613,0.60203732,0.65711849,69.00000000,0.01000000,nan,0,0,0.00000000,nan,5.32410738,0.11000000,-0.00188710,1.00188710,0
30,13099,0.22758877,0.10155205,16.60000000,10.61873861,1.56454721,0.45397340,0.67470761,nan,0.00000000,0.00000000,nan,0,0,0.00000000,nan,11.49328156,0.04750000,0.01177279,0.98822721,0
31,13199,0.15571429,0.09908444,15.43000000,10.76244145,1.43350044,0.40280139,0.58463315,nan,0.00000000,0.00000000,nan,0,0,0.00000000,nan,10.51064618,0.04500000,0.00532637,0.99467363,0
32,13299,0.22747973,0.06942334,23.64000000,10.98122302,2.14728311,0.59988623,0.58668022,nan,0.00000000,0.00000000,nan,0,0,0.00000000,nan,9.10405524,0.11250000,0.00101472,0.99898528,0
33,13399,0.19126132,0.00000000,24.53000000,11.42396197,2.14723457,0.65476845,0.33657223,0.44070155,79.75000000,0.02000000,nan,0,0,0.00000000,nan,5.17764873,0.14750000,0.01440730,0.98559270,0
34,13499,0.17927261,0.00000000,22.84000000,11.78745585,1.93825926,0.59488963,0.41796210,0.68291198,88.00000000,0.02000000,nan,0,0,0.00000000,nan,5.42190137,0.12750000,0.00565154,0.99434846,0
35,13599,0.23491409,0.00000000,23.09000000,12.08433041,1.90985692,0.63975642,0.47664290,nan,0.00000000,0.00000000,nan,0,0,0.00000000,nan,5.61341932,0.12500000,0.00914612,0.99085388,0
36,13699,0.24021245,0.00000000,25.22000000,12.41751017,2.03030702,0.66522624,0.44856624,1.53554853,67.00000000,0.01000000,nan,0,0,0.00000000,nan,4.87545771,0.11000000,0.00934264,0.99065736,0
37,13799,0.24119855,0.00000000,26.87000000,12.80109611,2.10014790,0.65007271,0.48668689,0.81971710,75.00000000,0.02000000,nan,0,0,0.00000000,nan,4.83303355,0.13750000,-0.00044216,1.00044216,0
38,13899,0.18705723,0.00000000,28.61000000,13.15309411,2.17316732,0.64011810,0.44918599,0.64409576,81.25000000,0.02000000,nan,0,0,0.00000000,nan,5.81781249,0.15500000,0.01327084,0.98672916,0
39,13999,0.21148041,0.00000000,23.55000000,13.52751844,1.74218752,0.53417061,0.47271985,0.99281948,71.75000000,0.02000000,nan,0,0,0.00000000,nan,6.14028918,0.12000000,0.01467164,0.98532836,0
40,14099,0.29889050,0.07760785,23.50000000,13.76865354,1.70760686,0.57207232,0.69900038,nan,0.00000000,0.00000000,nan,0,0,0.00000000,nan,7.76435457,0.07000000,-0.00250142,1.00250142,0
41,14199,0.22054571,0.12216715,20.87000000,13.93500980,1.49696385,0.43330037,0.64864325,nan,0.00000000,0.00000000,nan,0,0,0.00000000,nan,8.51062822,0.06000000,0.00715329,0.99284671,0
42,14299,0.13792152,0.12716363,18.33000000,14.08293263,1.30149320,0.33551571,0.57630253,nan,0.00000000,0.00000000,nan,0,0,0.00000000,nan,9.14360122,0.07500000,0.00623639,0.99376361,0
43,14399,0.09218960,0.08553018,17.11000000,14.16197621,1.20807314,0.35044364,0.48941850,0.22315306,71.50000000,0.01000000,nan,0,0,0.00000000,nan,11.11243759,0.09750000,0.01071808,0.98928192,0
44,14499,0.09934443,0.00115172,21.80000000,14.27881378,1.52632690,0.44069297,0.34435303,nan,0.00000000,0.00000000,nan,0,0,0.00000000,nan,6.43340979,0.12250000,0.01071601,0.98928399,0
45,14599,0.16990414,0.00000000,22.92000000,14.46439481,1.58450036,0.46565037,0.50552989,0.74918786,93.50000000,0.01000000,nan,0,0,0.00000000,nan,6.50994873,0.12750000,0.00012080,0.99987920,0
46,14699,0.16969178,0.00000000,22.42000000,14.64857253,1.53069339,0.50539568,0.47415216,0.78077491,73.00000000,0.01000000,nan,0,0,0.00000000,nan,6.67275322,0.11500000,0.00080793,0.99919207,0
47,14799,0.19433455,0.00000000,30.09000000,14.88325341,2.02150173,0.59969122,0.44251161,0.59942858,85.83333333,0.03000000,nan,0,0,0.00000000,nan,4.95107241,0.17000000,0.00217269,0.99782731,0
48,14899,0.24465998,0.00000000,37.56000000,15.26585776,2.45940279,0.74172548,0.37433414,0.99063854,80.00000000,0.06000000,nan,0,0,0.00000000,nan,2.37572695,0.23500000,0.00906621,0.99093379,0
49,14999,0.24778753,0.00000000,34.98000000,15.73329757,2.22585076,0.65001817,0.54244745,0.83671473,72.37500000,0.08000000,nan,0,0,0.00000000,nan,3.95057256,0.23250000,0.00422599,0.99577401,0
50,15099,0.21899297,0.03845961,23.57000000,16.02605873,1.47239410,0.44225949,0.77507898,7.69270374,90.00000000,0.02000000,nan,0,0,0.00000000,nan,10.30335085,0.11500000,0.00037292,0.99962708,0
51,15199,0.17931034,0.00000000,38.25000000,16.25211394,2.35293144,0.73541960,0.38191992,0.50263879,95.75000000,0.02000000,nan,0,0,0.00000000,nan,3.47932587,0.21750000,0.00734080,0.99265920,0
52,15299,0.22892509,0.00000000,37.22000000,16.65555536,2.23369280,0.72896592,0.39225702,0.47865866,85.30000000,0.05000000,nan,0,0,0.00000000,nan,2.99268042,0.22500000,0.01209237,0.98790763,0
53,15399,0.27503547,0.00000000,42.20000000,17.11450088,2.46713952,0.74403479,0.46236711,0.62015866,83.83333333,0.09000000,nan,0,0,0.00000000,nan,3.32521881,0.30000000,0.00973334,0.99026666,0
54,15499,0.24234488,0.00000000,37.84000000,17.53440080,2.15902246,0.64386993,0.53182646,0.66647831,91.75000000,0.06000000,nan,0,0,0.00000000,nan,3.44608191,0.24250000,0.01564990,0.98435010,0
55,15599,0.23859585,0.00000000,43.29000000,17.90482141,2.41546972,0.72377398,0.38461723,0.81854695,76.80769231,0.13000000,nan,0,0,0.00000000,nan,2.79456488,0.33000000,-0.00411755,1.00411755,0
56,15699,0.20970747,0.00000000,39.40000000,18.34138212,2.14768844,0.61628181,0.47019295,0.58883671,87.61538462,0.13000000,nan,0,0,0.00000000,nan,3.50998067,0.30000000,0.00461339,0.99538661,0
57,15799,0.28671066,0.04834415,32.38000000,18.66814822,1.73502016,0.56069039,0.57392541,1.26350279,80.70000000,0.05000000,nan,0,0,0.00000000,nan,5.56474124,0.23750000,0.00563684,0.99436316,0
58,15899,0.16380957,0.02216025,29.88000000,18.88659386,1.58261298,0.49789510,0.43567135,0.67259369,68.00000000,0.02000000,nan,0,0,0.00000000,nan,4.61862145,0.22500000,0.01517538,0.98482462,0
59,15999,0.24782055,0.02100710,36.36000000,19.11303918,1.90261895,0.60589689,0.50427082,0.60264565,81.64285714,0.07000000,nan,0,0,0.00000000,nan,3.88886766,0.26000000,0.00414291,0.99585709,0
60,16099,0.21800575,0.09246727,23.54000000,19.29980146,1.21986704,0.35790144,0.70717721,nan,0.00000000,0.00000000,nan,0,0,0.00000000,nan,9.96313392,0.15000000,-0.00185123,1.00185123,0
61,16199,0.13875558,0.07715106,26.94000000,19.37051904,1.39052055,0.42158273,0.53683279,0.64452014,83.75000000,0.04000000,nan,0,0,0.00000000,nan,8.67433232,0.20250000,0.00406497,0.99593503,0
62,16299,0.17811589,0.00000000,39.63000000,19.58717544,2.02232543,0.62239304,0.37864029,0.60511511,89.54166667,0.12000000,nan,0,0,0.00000000,nan,3.28142429,0.29250000,0.00601738,0.99398262,0
63,16399,0.24356953,0.02204526,37.65000000,19.89296289,1.89209898,0.53675569,0.51971117,1.03042385,92.83333333,0.12000000,nan,0,0,0.00000000,nan,4.02373239,0.28750000,0.00542191,0.99457809,0
64,16499,0.22916400,0.00000000,47.97000000,20.25183642,2.36816001,0.72434906,0.37714921,0.59312718,90.03125000,0.16000000,nan,0,0,0.00000000,nan,2.59703417,0.38000000,0.00500888,0.99499112,0
65,16599,0.20387131,0.00000000,36.53000000,20.58306705,1.77424766,0.58304109,0.49303639,0.61446439,83.68750000,0.08000000,nan,0,0,0.00000000,nan,3.99207419,0.28500000,0.00008984,0.99991016,0
66,16699,0.28280479,0.00000000,51.16000000,20.91377254,2.44411961,0.73814057,0.44465973,0.81234170,88.75000000,0.20000000,nan,0,0,0.00000000,nan,2.44282393,0.43500000,0.01459636,0.98540364,0
67,16799,0.18929439,0.00000000,35.90000000,21.26440822,1.68773213,0.52529722,0.50302689,0.71848697,84.75000000,0.08000000,nan,0,0,0.00000000,nan,3.59428261,0.28000000,0.00004219,0.99995781,0
68,16899,0.21135526,0.00000000,41.52000000,21.52734753,1.92839465,0.59014829,0.49501538,0.70296445,86.19230769,0.13000000,nan,0,0,0.00000000,nan,3.47074471,0.32500000,0.00769934,0.99230066,0
69,16999,0.20680034,0.00000000,40.39000000,21.80968840,1.85173450,0.59832226,0.47794418,0.68892314,84.88888889,0.09000000,nan,0,0,0.00000000,nan,3.43652393,0.31250000,0.01382940,0.98617060,0
70,17099,0.17356143,0.05007140,27.52000000,22.03726538,1.24941372,0.30440958,0.73938295,2.99975761,88.87500000,0.04000000,nan,0,0,0.00000000,nan,12.15504687,0.15500000,-0.00720276,1.00720276,0
71,17199,0.17902010,0.00000000,51.01000000,22.26260598,2.29335317,0.70929656,0.35933849,0.44305625,95.33333333,0.18000000,nan,0,0,0.00000000,nan,2.57706257,0.37750000,0.00717045,0.99282955,0
72,17299,0.21363650,0.00000000,42.92000000,22.56716923,1.90180850,0.61099925,0.51431787,0.81173288,98.90909091,0.11000000,nan,0,0,0.00000000,nan,4.11218454,0.34000000,0.00376180,0.99623820,0
73,17399,0.20051040,0.00000000,41.35000000,22.84371134,1.81040785,0.58121747,0.53282059,0.93673291,82.54166667,0.12000000,nan,0,0,0.00000000,nan,3.76172475,0.33250000,0.00663039,0.99336961,0
74,17499,0.13183081,0.00000000,33.90000000,23.04032075,1.47146619,0.41533401,0.48777480,0.66185104,79.56250000,0.08000000,nan,0,0,0.00000000,nan,6.23327420,0.26500000,0.00246989,0.99753011,0
75,17599,0.18993808,0.02605324,35.70000000,23.20621002,1.53878390,0.40582918,0.56541899,0.92336954,94.72727273,0.11000000,nan,0,0,0.00000000,nan,4.81271259,0.25000000,0.00629176,0.99370824,0
76,17699,0.16023644,0.00000000,40.87000000,23.38530721,1.74762209,0.54114042,0.39155290,0.70259790,86.90000000,0.10000000,nan,0,0,0.00000000,nan,4.26470067,0.32000000,0.00646952,0.99353048,0
77,17799,0.12766527,0.00000000,36.29000000,23.57315786,1.53923987,0.43211487,0.44557867,0.72046773,86.90000000,0.10000000,nan,0,0,0.00000000,nan,4.02448066,0.29500000,0.01000612,0.98999388,0
78,17899,0.14618189,0.00000000,36.87000000,23.71016127,1.55414136,0.46181119,0.42006086,0.60536656,98.50000000,0.07000000,nan,0,0,0.00000000,nan,5.03981270,0.29000000,-0.00264002,1.00264002,0
79,17999,0.25333499,0.00000000,47.09000000,23.99431044,1.96320497,0.64128878,0.51828355,0.86482752,84.55555556,0.18000000,nan,0,0,0.00000000,nan,2.91289756,0.36500000,-0.00469664,1.00469664,0
80,18099,0.08882618,0.01164736,23.47000000,24.12218612,0.97299556,0.23198660,0.59446023,1.23464408,85.00000000,0.01000000,nan,0,0,0.00000000,nan,8.39487672,0.17250000,0.01059230,0.98940770,0
81,18199,0.13843788,0.01641750,30.43000000,24.14057845,1.26042699,0.36568355,0.60684570,0.62594248,97.50000000,0.05000000,nan,0,0,0.00000000,nan,8.98658420,0.22250000,-0.01183653,1.01183653,0
82,18299,0.21498553,0.00000000,49.85000000,24.33308216,2.04806751,0.67309986,0.39140980,0.74626883,90.50000000,0.20000000,nan,0,0,0.00000000,nan,2.57223288,0.36500000,0.00453316,0.99546684,0
83,18399,0.27101406,0.02864586,48.46000000,24.65154904,1.96612725,0.58749488,0.55941406,0.81640839,99.86842105,0.19000000,nan,0,0,0.00000000,nan,2.62652373,0.37500000,-0.00466491,1.00466491,0
84,18499,0.23324166,0.00000000,51.09000000,24.92745660,2.04898037,0.64350624,0.42572035,0.55998710,94.08695652,0.23000000,nan,0,0,0.00000000,nan,2.21791528,0.41250000,0.01258402,0.98741598,0
85,18599,0.20433666,0.00000000,51.03000000,25.27025602,2.02034615,0.62134199,0.43683100,0.57206832,97.69047619,0.21000000,nan,0,0,0.00000000,nan,2.59152185,0.39250000,0.00302750,0.99697250,0
86,18699,0.23836134,0.00000000,49.75000000,25.53374393,1.94825413,0.65831851,0.56339848,0.69559545,92.70000000,0.15000000,nan,0,0,0.00000000,nan,1.97000632,0.39750000,0.01853641,0.98146359,0
87,18799,0.18857684,0.00000000,43.26000000,25.78474965,1.67794206,0.52077082,0.51981598,0.60108239,85.41176471,0.17000000,nan,0,0,0.00000000,nan,3.31093756,0.37500000,0.00680792,0.99319208,0
88,18899,0.25105035,0.00000000,51.30000000,26.02978141,1.97118993,0.63875284,0.44333517,0.91893720,100.15625000,0.16000000,nan,0,0,0.00000000,nan,1.92681203,0.39250000,0.00493320,0.99506680,0
89,18999,0.29918440,0.01059040,55.92000000,26.33462243,2.12372014,0.66774976,0.55477904,0.80501348,89.12903226,0.31000000,nan,0,0,0.00000000,nan,1.63999773,0.45250000,-0.00359614,1.00359614,0
90,19099,0.15509261,0.00000000,41.60000000,26.56788880,1.56563291,0.44891099,0.57007245,0.61955546,104.56250000,0.08000000,nan,0,0,0.00000000,nan,7.12419587,0.28750000,0.01345409,0.98654591,0
91,19199,0.20583871,0.00000000,53.10000000,26.81597553,1.98064703,0.61857268,0.43697068,1.01906715,91.06250000,0.24000000,nan,0,0,0.00000000,nan,2.69071072,0.42250000,0.01777837,0.98222163,0
92,19299,0.14766521,0.00000000,49.03000000,27.06980965,1.81140320,0.55097412,0.38242826,0.52930748,101.52500000,0.20000000,nan,0,0,0.00000000,nan,2.75978607,0.37750000,0.00434962,0.99565038,0
93,19399,0.22030942,0.00000000,50.02000000,27.30139564,1.83203665,0.55256087,0.48343233,0.60945191,106.75000000,0.16000000,nan,0,0,0.00000000,nan,2.67058112,0.36750000,-0.00290690,1.00290690,0
94,19499,0.24949210,0.00000000,54.12000000,27.55407633,1.96366302,0.64421631,0.50531977,0.61280708,89.10869565,0.23000000,nan,0,0,0.00000000,nan,2.01137384,0.44000000,-0.00006694,1.00006694,0
95,19599,0.21961087,0.00000000,52.91000000,27.86041022,1.89980154,0.57243985,0.47320526,0.92046431,98.76315789,0.19000000,nan,0,0,0.00000000,nan,2.54062972,0.39500000,0.00871084,0.99128916,0
96,19699,0.19959023,0.00000000,53.89000000,28.08505429,1.91820781,0.58379894,0.52599048,1.11963168,106.67500000,0.20000000,nan,0,0,0.00000000,nan,3.04963898,0.40500000,0.01557446,0.98442554,0
97,19799,0.22234474,0.00000000,55.85000000,28.38608266,1.96777811,0.61367538,0.45426225,0.77758118,96.38461538,0.26000000,nan,0,0,0.00000000,nan,2.35619176,0.44250000,0.00572276,0.99427724,0
98,19899,0.27820226,0.01226229,54.92000000,28.66451270,1.91633601,0.63512512,0.51997137,1.11331530,93.39130435,0.23000000,nan,0,0,0.00000000,nan,2.72635932,0.44000000,-0.00023722,1.00023722,0
99,19999,0.22119477,0.00000000,58.59000000,28.92907290,2.02509186,0.64966876,0.42419438,0.74475587,98.92307692,0.26000000,nan,0,0,0.00000000,nan,2.36112732,0.45750000,0.00592879,0.99407121,0
100,20099,0.16893083,0.00000000,47.66000000,29.15675774,1.63420303,0.48119699,0.52864689,0.70923737,95.42307692,0.13000000,nan,0,0,0.00000000,nan,5.60448862,0.34000000,0.00776916,0.99223084,0
101,20199,0.20310213,0.00000000,59.42000000,29.42788122,2.01960767,0.64904543,0.38492093,0.58829694,102.24000000,0.25000000,nan,0,0,0.00000000,nan,2.06395672,0.45250000,0.00679823,0.99320177,0
102,20299,0.22419874,0.00000000,55.42000000,29.68915244,1.86669313,0.57345541,0.53813795,0.78941898,104.82608696,0.23000000,nan,0,0,0.00000000,nan,2.73675095,0.42250000,0.00945403,0.99054597,0
103,20399,0.17845041,0.00000000,64.78000000,29.99089608,2.16034450,0.65934657,0.32643333,0.57795077,107.22857143,0.35000000,nan,0,0,0.00000000,nan,1.77250708,0.51500000,0.01522434,0.98477566,0
104,20499,0.23784369,0.00000000,55.58000000,30.27281904,1.83600099,0.58553831,0.59115016,0.85381313,99.38636364,0.22000000,nan,0,0,0.00000000,nan,2.48584150,0.45000000,0.00334647,0.99665353,0
105,20599,0.20566148,0.00000000,57.58000000,30.52497095,1.88646021,0.53626953,0.55736815,0.75232732,105.82142857,0.28000000,nan,0,0,0.00000000,nan,2.37393068,0.43500000,0.00298759,0.99701241,0
106,20699,0.16992013,0.00000000,56.81000000,30.78224814,1.84586613,0.52221663,0.41723821,0.76390562,118.64285714,0.21000000,nan,0,0,0.00000000,nan,2.56988411,0.40750000,0.00448565,0.99551435,0
107,20799,0.16137886,0.00000000,53.46000000,30.98956343,1.72489604,0.52029399,0.47066165,0.78650392,97.15789474,0.19000000,nan,0,0,0.00000000,nan,2.19327959,0.39250000,-0.00312911,1.00312911,0
108,20899,0.21657921,0.00000000,64.96000000,31.25815483,2.07819374,0.63667200,0.43780198,0.71999773,105.98387097,0.31000000,nan,0,0,0.00000000,nan,1.94651449,0.47000000,0.01556621,0.98443379,0
109,20999,0.25912268,0.00000000,69.23000000,31.58567123,2.19185097,0.70946161,0.45802288,0.75381647,103.70000000,0.40000000,nan,0,0,0.00000000,nan,2.00675935,0.54000000,-0.00185274,1.00185274,0
110,21099,0.28210399,0.00000000,64.33000000,31.88325474,2.01703428,0.63573987,0.54357964,1.11155743,100.19230769,0.39000000,nan,0,0,0.00000000,nan,3.96562890,0.46500000,0.00177278,0.99822722,0
111,21199,0.25484029,0.00000000,66.30000000,32.22510440,2.05811493,0.67718620,0.44806791,0.69092801,100.25714286,0.35000000,nan,0,0,0.00000000,nan,1.58495142,0.51250000,-0.00266708,1.00266708,0
112,21299,0.23709757,0.00000000,76.42000000,32.55743345,2.34752746,0.69285386,0.46702606,0.65181830,116.02439024,0.41000000,nan,0,0,0.00000000,nan,1.86697273,0.53750000,-0.00309963,1.00309963,0
113,21399,0.27443001,0.00000000,69.53000000,32.89942574,2.11315273,0.69830361,0.49650110,0.76499080,111.72058824,0.34000000,nan,0,0,0.00000000,nan,1.59016905,0.51000000,0.01310433,0.98689567,0
114,21499,0.25610561,0.00000000,72.34000000,33.22272132,2.17683870,0.68638568,0.43839616,0.82078916,107.27380952,0.42000000,nan,0,0,0.00000000,nan,1.66246865,0.53000000,-0.00867632,1.00867632,0
115,21599,0.30237546,0.01133671,70.25000000,33.57379537,2.09256521,0.70312485,0.53645003,0.81367366,109.51515152,0.33000000,nan,0,0,0.00000000,nan,1.48959152,0.51750000,-0.00401899,1.00401899,0
116,21699,0.27356816,0.00000000,73.32000000,33.90600641,2.16277090,0.67714281,0.48339282,0.84446793,114.14705882,0.34000000,nan,0,0,0.00000000,nan,1.55731795,0.52500000,-0.00257169,1.00257169,0
117,21799,0.26423637,0.00000000,67.06000000,34.21948684,1.96009594,0.62632477,0.49796866,0.84359598,110.74242424,0.33000000,nan,0,0,0.00000000,nan,1.93507592,0.50500000,0.00510019,0.99489981,0
118,21899,0.22076721,0.00000000,74.88000000,34.52331316,2.16922942,0.68106944,0.45209658,0.69515820,119.87500000,0.32000000,nan,0,0,0.00000000,nan,1.13620649,0.52500000,0.00772512,0.99227488,0
119,21999,0.15844761,0.00000000,68.11000000,34.83348527,1.95552487,0.60140625,0.39696934,0.45832122,117.53571429,0.28000000,nan,0,0,0.00000000,nan,1.63750937,0.50250000,0.00219801,0.99780199,0
120,22099,0.27833835,0.00644524,66.05000000,35.09545615,1.88205397,0.66161411,0.56636528,1.37723150,106.40909091,0.22000000,nan,0,0,0.00000000,nan,3.15803300,0.43750000,-0.00325193,1.00325193,0
121,22199,0.21654234,0.00000000,68.47000000,35.36010104,1.93642723,0.59612949,0.42443860,0.71817601,114.37142857,0.35000000,nan,0,0,0.00000000,nan,1.76702804,0.52000000,0.01242813,0.98757187,0
122,22299,0.25203387,0.00000000,78.88000000,35.65355571,2.21185647,0.67107142,0.47615249,1.15848944,123.15853659,0.41000000,nan,0,0,0.00000000,nan,1.65363016,0.54750000,0.00897837,0.99102163,0
123,22399,0.22572409,0.00000000,67.49000000,35.99112978,1.87558344,0.63540125,0.44564471,0.64694443,100.15714286,0.35000000,nan,0,0,0.00000000,nan,1.53503883,0.50250000,0.00650780,0.99349220,0
124,22499,0.23556367,0.00529639,64.44000000,36.22203001,1.77916503,0.57525717,0.54131738,0.84070375,106.91071429,0.28000000,nan,0,0,0.00000000,nan,1.76198847,0.49500000,0.00326929,0.99673071,0
125,22599,0.24225272,0.00000000,72.23000000,36.44967370,1.98105546,0.66995805,0.45894921,0.91280356,106.70731707,0.41000000,nan,0,0,0.00000000,nan,1.97377641,0.54750000,0.01607209,0.98392791,0
126,22699,0.21396110,0.00000000,73.57000000,36.77650627,2.00094012,0.63693958,0.43785247,0.70665963,111.94594595,0.37000000,nan,0,0,0.00000000,nan,1.36875207,0.51750000,-0.00115940,1.00115940,0
127,22799,0.27104899,0.00000000,73.24000000,37.04363090,1.97704834,0.63316585,0.50175890,0.75003882,110.52439024,0.41000000,nan,0,0,0.00000000,nan,1.32560854,0.55500000,-0.00228305,1.00228305,0
128,22899,0.20584198,0.00000000,72.11000000,37.33583148,1.93168402,0.62999674,0.46809201,0.77765936,116.43750000,0.32000000,nan,0,0,0.00000000,nan,1.50585468,0.54750000,0.00570378,0.99429622,0
129,22999,0.26334004,0.00000000,79.15000000,37.61505052,2.10409690,0.69737864,0.51083563,0.94914933,115.89772727,0.44000000,nan,0,0,0.00000000,nan,1.97963965,0.57000000,0.00867492,0.99132508,0
130,23099,0.25451062,0.00000000,88.13000000,37.96724281,2.32105425,0.76961932,0.39948166,1.11754046,118.55555556,0.45000000,nan,0,0,0.00000000,nan,1.77002353,0.60750000,0.00623223,0.99376777,0
131,23199,0.26120225,0.01017314,73.84000000,38.30166786,1.92791136,0.59447292,0.58716487,0.83276834,114.85365854,0.41000000,nan,0,0,0.00000000,nan,2.03410836,0.52500000,0.01106169,0.98893831,0
132,23299,0.20675206,0.00000000,76.64000000,38.59213185,1.98626325,0.64051913,0.36650183,0.77792354,118.30769231,0.39000000,nan,0,0,0.00000000,nan,1.21441284,0.53250000,0.00885681,0.99114319,0
133,23399,0.21786787,0.00000000,79.06000000,38.86861681,2.03393467,0.66977748,0.41165775,0.75428805,115.72619048,0.42000000,nan,0,0,0.00000000,nan,1.22877901,0.56000000,0.00171317,0.99828683,0
134,23499,0.20745953,0.00000000,76.51000000,39.16695685,1.95357059,0.58771875,0.47538152,0.77468943,125.01612903,0.31000000,nan,0,0,0.00000000,nan,1.18059728,0.51000000,-0.00953564,1.00953564,0
135,23599,0.22691214,0.00242928,71.79000000,39.43570487,1.82076091,0.54111023,0.54545615,0.65747894,116.84285714,0.35000000,nan,0,0,0.00000000,nan,1.30856876,0.48750000,0.00321648,0.99678352,0
136,23699,0.26440409,0.00000000,80.21000000,39.68026347,2.02122225,0.67651032,0.47457652,0.79067664,116.35000000,0.40000000,nan,0,0,0.00000000,nan,1.56386833,0.56500000,0.00222052,0.99777948,0
137,23799,0.34238042,0.00084396,92.40000000,40.02126599,2.30860871,0.76373221,0.48622125,0.93810031,120.50000000,0.57000000,nan,0,1,0.93810031,nan,1.21588465,0.63500000,0.00038712,0.99961288,0
138,23899,0.25196841,0.00000000,85.24000000,40.37553089,2.11111053,0.64872841,0.48982883,0.68229975,131.67857143,0.42000000,nan,0,1,0.93810031,nan,1.14727811,0.56500000,0.00549417,0.99450583,0
139,23999,0.27342491,0.00000000,82.47000000,40.69452349,2.02666158,0.69423435,0.47470131,0.76471475,112.23913043,0.46000000,nan,0,1,0.93810031,nan,0.70321133,0.60250000,0.00538723,0.99461277,0
140,24099,0.31434261,0.06897804,75.74000000,40.98021395,1.84855120,0.57831401,0.65147217,1.77809331,125.55357143,0.28000000,nan,0,1,0.93810031,nan,3.45223790,0.46500000,-0.00720226,1.00720226,0
141,24199,0.23248994,0.01998120,86.18000000,41.25698949,2.08914084,0.65589536,0.47807664,0.63832850,126.98863636,0.44000000,nan,0,1,0.93810031,nan,1.42390744,0.57750000,0.00673081,0.99326919,0
142,24299,0.23417996,0.00000000,89.13000000,41.56891823,2.14407159,0.66706055,0.46631035,0.67878917,137.53658537,0.41000000,nan,0,1,0.93810031,nan,1.05897258,0.57750000,0.00214723,0.99785277,0
143,24399,0.25739828,0.00000000,84.10000000,41.87346014,2.00812474,0.66831911,0.45290147,0.76793855,117.79069767,0.43000000,nan,0,1,0.93810031,nan,0.89933041,0.58500000,0.01858275,0.98141725,0
144,24499,0.28197770,0.00000000,82.31000000,42.17484029,1.95169642,0.63542193,0.54785688,0.74696312,120.67073171,0.41000000,nan,0,1,0.93810031,nan,1.19054275,0.54750000,-0.00777212,1.00777212,0
145,24599,0.28409856,0.00962625,85.05000000,42.47677991,2.00272999,0.63181035,0.54047894,1.09415222,120.93877551,0.49000000,nan,0,1,0.93810031,nan,0.94946245,0.59000000,0.00228154,0.99771846,0
146,24699,0.22207179,0.00000000,89.63000000,42.75699210,2.09610486,0.67653982,0.40341625,0.69148129,129.68085106,0.47000000,nan,0,1,0.93810031,nan,1.27376154,0.59750000,0.01101780,0.98898220,0
147,24799,0.24508501,0.00000000,81.31000000,43.07347936,1.88812293,0.60106871,0.48597049,0.98891155,120.57317073,0.41000000,nan,0,1,0.93810031,nan,1.02232237,0.55750000,0.00287241,0.99712759,0
148,24899,0.27742614,0.00601575,82.11000000,43.32472868,1.89545037,0.63647869,0.52954980,0.75535108,113.51041667,0.48000000,nan,0,1,0.93810031,nan,1.36176467,0.57750000,0.01397222,0.98602778,0
149,24999,0.30804187,0.01680363,91.73000000,43.60077828,2.10375838,0.65408692,0.51199361,0.93484341,129.35000000,0.50000000,nan,0,2,0.93647186,0.00230298,1.13547948,0.58750000,-0.00257900,1.00257900,0
150,25099,0.28983105,0.05336900,84.10000000,43.88798539,1.91601130,0.58348142,0.62475516,1.41103490,136.34285714,0.35000000,nan,0,2,0.93647186,0.00230298,3.24243940,0.52250000,0.00859362,0.99140638,0
151,25199,0.21738112,0.06305498,74.10000000,44.13904185,1.67890134,0.49571687,0.55380760,1.07999507,120.55263158,0.38000000,nan,0,2,0.93647186,0.00230298,1.75406576,0.52750000,0.00120613,0.99879387,0
152,25299,0.21250442,0.01952060,79.20000000,44.33155017,1.78629420,0.60046115,0.46933393,0.98895969,118.13095238,0.42000000,nan,0,2,0.93647186,0.00230298,1.52520496,0.55250000,0.00866604,0.99133396,0
153,25399,0.24277890,0.00000000,99.06000000,44.63801818,2.21922240,0.72612040,0.42073507,0.66532273,127.48275862,0.58000000,nan,0,3,0.84608882,0.15655649,0.84601092,0.65750000,0.00634659,0.99365341,0
154,25499,0.24305639,0.00000000,92.16000000,44.95863753,2.04971002,0.61767054,0.52882855,0.80765515,139.66666667,0.45000000,nan,0,3,0.84608882,0.15655649,1.58673697,0.58750000,0.00833657,0.99166343,0
155,25599,0.24425839,0.00000000,100.77000000,45.31010843,2.22435619,0.69939320,0.45243412,0.76557965,133.37037037,0.54000000,nan,0,4,0.82596153,0.13401637,1.01547667,0.64000000,0.00666911,0.99333089,0
156,25699,0.26003398,0.00000000,99.27000000,45.65726025,2.17451047,0.68151494,0.43625742,0.86315265,136.87500000,0.52000000,nan,0,5,0.83339975,0.11724729,1.32503472,0.61750000,0.00742910,0.99257090,0
157,25799,0.26619673,0.00000000,108.68000000,46.00130498,2.36206844,0.74437473,0.44399375,0.65897820,137.19047619,0.63000000,nan,0,6,0.80432949,0.12675970,0.62591588,0.69250000,-0.00127161,1.00127161,0
158,25899,0.29521777,0.00000000,110.87000000,46.43774684,2.38804133,0.78632119,0.48631100,0.70268330,140.18548387,0.62000000,nan,0,7,0.78980861,0.12192625,0.68459767,0.68250000,0.00284091,0.99715909,0
159,25999,0.33633773,0.01029003,103.20000000,46.80275070,2.20507472,0.73527497,0.50873147,0.76447825,133.50000000,0.59000000,nan,0,8,0.78664231,0.11323647,0.90451456,0.69000000,0.01144531,0.98855469,0
160,26099,0.09743019,0.00000000,54.38000000,47.02329960,1.15654524,0.30681916,0.59404310,2.44584931,127.40000000,0.15000000,nan,0,8,0.78664231,0.11323647,5.51750508,0.34000000,-0.00482704,1.00482704,0
161,26199,0.17080234,0.00000000,77.46000000,47.07712080,1.64485951,0.50664145,0.48209045,0.77314403,136.00000000,0.33000000,nan,0,8,0.78664231,0.11323647,3.38810053,0.46750000,0.00682263,0.99317737,0
162,26299,0.28515218,0.00000000,111.00000000,47.39335124,2.34174319,0.79368168,0.46747200,0.70799118,133.77343750,0.64000000,nan,0,9,0.77790330,0.10911929,0.77086785,0.69500000,0.00659878,0.99340122,0
163,26399,0.34490731,0.00000000,125.60000000,47.84430645,2.62535727,0.84164705,0.45882153,0.62987777,150.37857143,0.70000000,nan,0,10,0.76310075,0.11302731,0.36065374,0.73000000,0.01371688,0.98628312,0
164,26499,0.32407698,0.00000000,121.63000000,48.29888405,2.51825277,0.78949090,0.49155134,0.59164812,154.29310345,0.58000000,nan,0,11,0.74751414,0.11903789,0.48666810,0.69000000,0.00184694,0.99815306,0
165,26599,0.27289187,0.00000000,121.55000000,48.72728794,2.49402721,0.74624095,0.41305871,0.61732967,153.31060606,0.66000000,nan,0,12,0.73666544,0.11955822,0.69934935,0.69250000,0.00184074,0.99815926,0
166,26699,0.34381159,0.00000000,118.40000000,49.16806605,2.40799495,0.76091382,0.46639289,0.57983261,145.08208955,0.67000000,nan,0,13,0.72460137,0.12245419,0.43126854,0.70750000,-0.00485027,1.00485027,0
167,26799,0.33638532,0.00000000,122.77000000,49.60538501,2.47518588,0.81030305,0.50691159,0.58495941,147.97857143,0.70000000,nan,0,14,0.71462695,0.12342777,0.40344997,0.71750000,0.02015425,0.97984575,0
168,26899,0.24715748,0.00000000,119.22000000,49.99793987,2.38386996,0.74767185,0.39204946,0.57508692,144.91044776,0.67000000,nan,0,15,0.70532428,0.12427524,0.34039039,0.72250000,-0.00262425,1.00262425,0
169,26999,0.30992966,0.00000000,140.31000000,50.49520139,2.77884611,0.85287034,0.39996767,0.51141769,159.12658228,0.79000000,nan,0,16,0.69320512,0.12947857,0.30348225,0.77750000,0.00330026,0.99669974,0
170,27099,0.15941937,0.00000000,67.71000000,50.78328459,1.33319045,0.36739081,0.74064275,2.20471089,151.94230769,0.26000000,nan,0,16,0.69320512,0.12947857,7.67040630,0.39500000,-0.00090874,1.00090874,0
171,27199,0.26754474,0.00000000,130.47000000,51.08659112,2.55391047,0.80469672,0.38164210,0.53537449,153.32432432,0.74000000,nan,0,17,0.68392096,0.13108100,0.43482824,0.74250000,0.00532472,0.99467528,0
172,27299,0.31640139,0.00000000,130.70000000,51.55671760,2.53535972,0.82646242,0.43760066,0.49425146,153.49324324,0.74000000,nan,0,18,0.67338377,0.13479649,0.41733131,0.74250000,-0.00158384,1.00158384,0
173,27399,0.26281791,0.00000000,129.40000000,52.00954682,2.48828332,0.82766257,0.37344113,0.45923839,149.23684211,0.76000000,nan,0,19,0.66211296,0.13990796,0.37520226,0.75750000,0.00840665,0.99159335,0
174,27499,0.35781476,0.00000000,132.90000000,52.46443259,2.53347125,0.83521015,0.48547245,0.59488719,149.51282051,0.78000000,nan,0,20,0.65875167,0.13700357,0.32145532,0.78750000,0.00099365,0.99900635,0
175,27599,0.27354199,0.00000000,125.54000000,52.89971329,2.37340409,0.77747928,0.44114692,0.57965620,155.73076923,0.65000000,nan,0,21,0.65498522,0.13464542,0.54140332,0.70750000,0.00639337,0.99360663,0
176,27699,0.29487097,0.00000000,116.56000000,53.28197872,2.18771285,0.72462025,0.47478196,0.56412957,148.72580645,0.62000000,nan,0,22,0.65085542,0.13282056,0.58708800,0.69250000,0.00271901,0.99728099,0
177,27799,0.29385649,0.00082962,109.00000000,53.60894533,2.03317064,0.67146939,0.63850625,0.78283524,146.16981132,0.53000000,nan,0,23,0.65659367,0.13265277,0.65071717,0.65500000,-0.00292021,1.00292021,0
178,27899,0.25675645,0.00000000,115.43000000,53.94535284,2.13985928,0.70706488,0.41029411,0.77627805,147.61538462,0.65000000,nan,0,24,0.66158052,0.13201715,0.78028916,0.70250000,0.01088847,0.98911153,0
179,27999,0.26473704,0.00000000,123.40000000,54.31509947,2.27216398,0.72560267,0.45981013,0.70775072,157.94444444,0.63000000,nan,0,25,0.66342733,0.12956700,0.50465375,0.67750000,-0.00474854,1.00474854,0
180,28099,0.07894667,0.00481551,52.29000000,54.49576663,0.95954189,0.20028557,0.61077344,1.86188208,134.58333333,0.12000000,nan,0,25,0.66342733,0.12956700,4.82634920,0.32500000,-0.02136596,1.02136596,0
181,28199,0.31530219,0.00000000,137.43000000,54.71580542,2.51178668,0.75697828,0.43478290,0.65727926,167.18309859,0.71000000,nan,0,26,0.66319086,0.12695494,0.43413068,0.74000000,0.00761299,0.99238701,0
182,28299,0.27356646,0.00000000,122.91000000,55.13497193,2.22943940,0.70255867,0.46509189,0.74127327,159.11111111,0.63000000,nan,0,27,0.66608281,0.12539322,0.82728008,0.67000000,0.00699818,0.99300182,0
183,28399,0.24224642,0.00000000,119.69000000,55.49011044,2.15700120,0.76200029,0.35484808,0.57899748,142.15942029,0.69000000,nan,0,28,0.66297262,0.12414492,0.38140850,0.72500000,0.01026002,0.98973998,0
184,28499,0.31281463,0.00000000,127.85000000,55.85208060,2.28895522,0.74829194,0.47900398,0.52290920,153.01351351,0.74000000,nan,0,29,0.65814284,0.12465155,0.44256331,0.75750000,0.00718984,0.99281016,0
185,28599,0.30111910,0.00000000,129.76000000,56.24052070,2.30699024,0.78876180,0.43411847,0.67303456,157.02307692,0.65000000,nan,0,30,0.65863923,0.12251371,0.42875789,0.70250000,0.01113505,0.98886495,0
186,28699,0.29128707,0.00000000,142.77000000,56.66815404,2.51910027,0.77194985,0.37540498,0.53962173,163.86075949,0.79000000,-0.97146276,0,31,0.65863923,0.12251371,0.27909564,0.79750000,0.00174096,0.99825904,0
187,28799,0.31787243,0.00000000,137.87000000,57.10525676,2.41381017,0.77279776,0.52117923,0.61147462,160.36363636,0.77000000,-0.35414884,0,32,0.65479996,0.12233654,0.40680565,0.75000000,0.02028824,0.97971176,0
188,28899,0.29996988,0.00000000,144.66000000,57.58280819,2.51250200,0.77505720,0.44581069,0.62550201,173.23648649,0.74000000,-0.23172635,0,33,0.65344604,0.12059065,0.48047891,0.75750000,0.00300654,0.99699346,0
189,28999,0.32813550,0.00000000,129.69000000,57.99500175,2.23628830,0.70604150,0.52665946,0.75487086,164.90322581,0.62000000,0.86093656,0,34,0.65259925,0.11879111,0.89219866,0.68000000,0.01158899,0.98841101,0
190,29099,0.15158175,0.04032035,64.69000000,58.20229317,1.11149752,0.27220556,0.87252003,5.04103138,167.60714286,0.14000000,nan,0,34,0.65560724,0.11828501,7.65637336,0.29250000,0.00355847,0.99644153,0
191,29199,0.17968956,0.00000000,100.27000000,58.26554452,1.72019637,0.49988754,0.55048104,0.87656965,164.72826087,0.46000000,nan,0,34,0.65560724,0.11828501,5.69254540,0.55250000,0.00097143,0.99902857,0
192,29299,0.25884625,0.00000000,143.60000000,58.64814135,2.44833675,0.74283330,0.38485357,0.53347654,180.76923077,0.65000000,-1.03251205,0,35,0.65560724,0.11828501,0.47128910,0.72000000,0.00701018,0.99298982,0
193,29399,0.29445682,0.00000000,142.36000000,59.09249403,2.40914054,0.79722982,0.43251370,0.59625712,168.16891892,0.74000000,-0.47200765,0,36,0.65211779,0.11834696,0.36193686,0.76500000,0.00367793,0.99632207,0
194,29499,0.28102340,0.00000000,127.72000000,59.46531419,2.14749144,0.70606472,0.44482855,0.63635759,154.01428571,0.70000000,-0.12142475,0,37,0.65056611,0.11701499,0.48153171,0.73250000,0.00297375,0.99702625,0
195,29599,0.29847792,0.00337936,124.27000000,59.81753496,2.07741349,0.65483160,0.48167798,0.75292518,167.10714286,0.56000000,0.89030606,0,38,0.65018209,0.11540198,0.77307214,0.66750000,0.00012445,0.99987555,0
196,29699,0.28752357,0.00000000,133.80000000,60.17985751,2.22345722,0.71276546,0.50508157,0.70177451,172.16393443,0.61000000,0.42495043,0,39,0.65288586,0.11504554,0.49419666,0.68500000,0.01413028,0.98586972,0
197,29799,0.25580733,0.00000000,135.41000000,60.57034596,2.23598416,0.74029648,0.42333967,0.70434873,170.69230769,0.65000000,0.44124038,0,40,0.65413941,0.11379129,0.52372297,0.69750000,0.00925999,0.99074001,0
198,29899,0.30429152,0.00000000,142.27000000,60.93835708,2.33450518,0.81269483,0.45337491,0.59054099,167.24305556,0.72000000,-0.57594882,0,41,0.65539465,0.11260316,0.40309217,0.74250000,0.01573841,0.98426159,0
199,29999,0.30795036,0.00000000,132.37000000,61.34230947,2.15815529,0.72991017,0.48959340,0.57620948,155.72857143,0.70000000,-0.69507748,0,42,0.65381285,0.11164707,0.57675568,0.72750000,0.00591124,0.99408876,0
200,30099,0.17855032,0.03274973,76.10000000,61.55441951,1.23636967,0.35928649,0.76528457,5.29051920,178.55263158,0.19000000,nan,0,42,0.65196515,0.11092534,7.87949502,0.35000000,-0.00868920,1.00868920,0
201,30199,0.15931954,0.04047676,80.12000000,61.61838745,1.30023799,0.39800343,0.65974127,1.84762933,142.08620690,0.29000000,nan,0,42,0.65196515,0.11092534,5.90177069,0.46250000,0.00967946,0.99032054,0
202,30299,0.22244194,0.00000000,151.74000000,61.88712857,2.45176883,0.79862077,0.32746110,0.47652189,177.39041096,0.73000000,-1.58163378,0,43,0.65196515,0.11092534,0.26123623,0.78250000,0.01511642,0.98488358,0
203,30399,0.29444844,0.00000000,152.16000000,62.33346808,2.44103797,0.81848776,0.42477004,0.65139618,171.26923077,0.78000000,0.03112258,0,44,0.64788508,0.11281529,0.31061342,0.77250000,0.00796481,0.99203519,0
204,30499,0.29051629,0.00000000,161.65000000,62.79634984,2.57419105,0.80338570,0.47349101,0.54049327,187.68831169,0.77000000,-0.96389657,0,45,0.64796487,0.11149703,0.26978503,0.78750000,-0.00080877,1.00080877,0
205,30599,0.30084308,0.00000000,148.96000000,63.26344709,2.35494465,0.77330155,0.46818989,0.65952115,168.23125000,0.80000000,0.12519670,0,46,0.64557662,0.11138097,0.31167666,0.76250000,0.00309046,0.99690954,0
206,30699,0.31907731,0.00000000,162.06000000,63.70060042,2.54424678,0.86614643,0.42581038,0.57811091,175.13855422,0.83000000,-0.61521001,0,47,0.64587976,0.11015564,0.19211082,0.82250000,0.01802806,0.98197194,0
207,30799,0.34460601,0.00000000,156.29000000,64.15749070,2.43610870,0.79859824,0.50016797,0.64420247,173.57407407,0.81000000,-0.00215171,0,48,0.64443787,0.10939923,0.38386327,0.79500000,0.00226289,0.99773711,0
208,30899,0.30268385,0.00000000,145.44000000,64.57694764,2.25233014,0.74800573,0.43333272,0.62946995,168.83108108,0.74000000,-0.13825305,0,49,0.64443296,0.10822916,0.43501420,0.74750000,0.00131724,0.99868276,0
209,30999,0.30520521,0.00000000,162.73000000,65.00466275,2.50353422,0.79187718,0.40790371,0.62780558,185.81578947,0.76000000,-0.15237531,0,50,0.64412760,0.10711717,0.26390267,0.80000000,0.01341486,0.98658514,0
210,31099,0.18859095,0.01934982,84.75000000,65.26865188,1.29844951,0.39837225,0.60487041,1.17553307,143.32258065,0.31000000,nan,0,50,0.64380116,0.10604363,4.06450454,0.47250000,0.01485396,0.98514604,0
211,31199,0.23131108,0.00000000,146.51000000,65.52822952,2.23608675,0.75408145,0.37945230,0.63236120,165.85064935,0.77000000,-0.10787971,0,51,0.64380116,0.10604363,0.29824985,0.75250000,-0.00728025,1.00728025,0
212,31299,0.29829599,0.00000000,141.38000000,65.89106158,2.14579039,0.72275973,0.50845484,0.68159455,173.29411765,0.68000000,0.36210773,0,52,0.64357684,0.10499006,0.63767879,0.69750000,0.01074573,0.98925427,0
213,31399,0.30051792,0.00182616,136.46000000,66.24357676,2.06025554,0.66042299,0.50723684,0.85522705,175.44531250,0.64000000,2.02632937,0,53,0.64430795,0.10408925,0.59931113,0.70250000,0.01821834,0.98178166,0
214,31499,0.27438758,0.00000000,139.17000000,66.57629876,2.09065687,0.70065386,0.45399810,0.63455772,168.71641791,0.67000000,-0.12822341,0,54,0.64828756,0.10707749,0.48767458,0.73250000,0.01455686,0.98544314,0
215,31599,0.25696462,0.00000000,138.38000000,66.90711331,2.06843856,0.69403236,0.47868544,0.58937702,166.17808219,0.73000000,-0.55294921,0,55,0.64803330,0.10607897,0.85141128,0.73250000,0.00643553,0.99356447,0
216,31699,0.25658986,0.00000000,161.12000000,67.27067949,2.39497233,0.75072221,0.39286946,0.55188988,189.00000000,0.75000000,-0.90214930,0,56,0.64696682,0.10538937,0.43377467,0.77750000,0.00671677,0.99328323,0
217,31799,0.35280851,0.00000000,167.16000000,67.72949302,2.46820909,0.80923740,0.52876088,0.56991190,184.68072289,0.83000000,-0.71634322,0,57,0.64526902,0.10519695,0.26382662,0.80750000,0.00570899,0.99429101,0
218,31899,0.30066974,0.00000000,161.89000000,68.16326683,2.37499043,0.77308120,0.45251832,0.59179352,180.96987952,0.83000000,-0.49797918,0,58,0.64394697,0.10473017,0.26492789,0.80750000,0.01295163,0.98704837,0
219,31999,0.24612823,0.00000000,154.75000000,68.56444736,2.25678951,0.71365474,0.44091655,0.51144634,182.76000000,0.75000000,-1.26499624,0,59,0.64304777,0.10403306,0.49097712,0.77500000,0.00518683,0.99481317,0
220,32099,0.21866981,0.00869954,106.67000000,68.83515896,1.54946623,0.48807341,0.65780302,1.67146210,165.64130435,0.46000000,nan,0,59,0.64081724,0.10454577,5.42187291,0.55500000,-0.01226308,1.01226308,0
221,32199,0.26623425,0.00000000,165.11000000,69.15625409,2.38741157,0.73438592,0.41184789,0.62623125,186.03750000,0.80000000,-0.13951773,0,60,0.64081724,0.10454577,0.33956563,0.79750000,0.00763215,0.99236785,0
222,32299,0.33658890,0.00000000,162.68000000,69.57866293,2.33792760,0.74712879,0.51489740,0.79955249,188.33333333,0.78000000,1.53345811,0,61,0.64057414,0.10367310,0.47376112,0.77000000,0.00267677,0.99732323,0
223,32399,0.30319623,0.00000000,165.34000000,70.00910436,2.36170424,0.73994744,0.47755085,0.63449197,187.94230769,0.78000000,-0.08290324,0,62,0.64318034,0.10480127,0.35383479,0.77000000,0.00432285,0.99567715,0
224,32499,0.31345595,0.00000000,172.42000000,70.45311782,2.44738759,0.79764933,0.40720035,0.55868996,193.58433735,0.83000000,-0.81149267,0,63,0.64304020,0.10394455,0.25100918,0.82000000,0.00283190,0.99716810,0
225,32599,0.33359734,0.00000000,171.70000000,70.91351479,2.42154306,0.75604716,0.50947385,0.62041274,188.59036145,0.83000000,-0.20539077,0,64,0.64170131,0.10364912,0.24321500,0.82000000,0.00837448,0.99162552,0
226,32699,0.28443851,0.00000000,160.90000000,71.30877668,2.25616788,0.75157631,0.43006895,0.60309814,184.12337662,0.77000000,-0.37207280,0,65,0.64136868,0.10285765,0.29655130,0.80000000,0.00657241,0.99342759,0
227,32799,0.34285701,0.00000000,171.88000000,71.73967724,2.39590777,0.77096572,0.52820696,0.69613517,188.50000000,0.85000000,0.54184216,0,66,0.64077990,0.10216125,0.29048160,0.80250000,-0.00595848,1.00595848,0
228,32899,0.25418283,0.00000000,157.94000000,72.15867180,2.18898955,0.69448060,0.44556240,0.69358734,187.45333333,0.75000000,0.51149772,0,67,0.64161862,0.10160108,0.39090126,0.77500000,0.01185126,0.98814874,0
229,32999,0.39855725,0.00000000,181.22000000,72.57551151,2.49708069,0.82716337,0.52323706,0.70123317,194.69886364,0.88000000,0.58240111,0,68,0.64239427,0.10102813,0.22188200,0.85000000,0.00447915,0.99552085,0
230,33099,0.16823851,0.00000000,105.83000000,72.82906316,1.45283208,0.41425064,0.57582735,1.06871708,182.85714286,0.42000000,nan,0,68,0.64325955,0.10052491,4.97390533,0.53500000,0.00191441,0.99808559,0
231,33199,0.28573939,0.00000000,183.00000000,73.20686637,2.50016426,0.78744767,0.41146099,0.67917144,200.74117647,0.85000000,0.35724375,0,69,0.64325955,0.10052491,0.22640471,0.81500000,0.00878143,0.99121857,0
232,33299,0.28393536,0.00000000,163.26000000,73.62282716,2.21760221,0.73573471,0.47330768,0.62287862,192.02000000,0.75000000,-0.20927211,0,70,0.64378001,0.09987663,0.37365721,0.78000000,-0.00099607,1.00099607,0
233,33399,0.28687605,0.00000000,197.90000000,74.07107995,2.67166831,0.84317054,0.39639927,0.54006950,213.82954545,0.88000000,-1.04265110,0,71,0.64348142,0.09918171,0.20538858,0.84750000,0.01930155,0.98069845,0
234,33499,0.26454146,0.00000000,176.25000000,74.55316131,2.36400945,0.71877848,0.43899944,0.57188709,200.71250000,0.80000000,-0.70680246,0,72,0.64202491,0.09923257,0.26493934,0.81500000,-0.00069451,1.00069451,0
235,33599,0.31459302,0.00000000,165.41000000,74.97709437,2.20631240,0.73031151,0.52317811,0.61357362,185.51851852,0.81000000,-0.27789121,0,73,0.64105078,0.09887738,0.31883748,0.80250000,0.00822615,0.99177385,0
236,33699,0.30844259,0.00000000,198.23000000,75.40113787,2.62864708,0.83030731,0.43638859,0.57021484,212.80113636,0.88000000,-0.71721123,0,74,0.64067438,0.09824098,0.17302616,0.87000000,0.01876578,0.98123422,0
237,33799,0.29653693,0.00000000,183.94000000,75.92923610,2.42297174,0.78080416,0.43816281,0.58596170,198.98275862,0.87000000,-0.54908669,0,75,0.63972222,0.09790898,0.20358162,0.84500000,-0.00828502,1.00828502,0
238,33899,0.28433240,0.00000000,164.66000000,76.35162383,2.15711306,0.69472849,0.53458380,0.71478415,182.98750000,0.80000000,0.77767144,0,76,0.63900541,0.09744312,0.32811403,0.80250000,0.01184423,0.98815577,0
239,33999,0.28323328,0.00000000,170.51000000,76.71739271,2.22287103,0.72925954,0.45317353,0.61866152,193.70625000,0.80000000,-0.21960064,0,77,0.64000250,0.09718085,0.35913753,0.80000000,0.00491028,0.99508972,0
240,34099,0.17776185,0.00860915,100.58000000,76.90879783,1.30766150,0.37763796,0.64238576,1.81725352,192.17142857,0.35000000,nan,0,77,0.63972535,0.09657002,6.42841626,0.46250000,0.00242555,0.99757445,0
241,34199,0.30977956,0.00000000,161.10000000,77.17764886,2.08754527,0.67628858,0.55779789,0.75282444,193.70138889,0.72000000,1.17116163,0,78,0.63972535,0.09657002,0.71310821,0.74750000,-0.00306431,1.00306431,0
242,34299,0.27587103,0.00000000,181.45000000,77.54302611,2.33979144,0.77593462,0.39659535,0.64197610,201.14880952,0.84000000,0.00827309,0,79,0.64117533,0.09679177,0.39724171,0.82500000,0.01116047,0.98883953,0
243,34399,0.28468815,0.00000000,166.14000000,77.95177655,2.13134666,0.66813698,0.50181803,0.61119313,203.17605634,0.71000000,-0.31187003,0,80,0.64118547,0.09616935,0.49644990,0.76750000,0.00561710,0.99438290,0
244,34499,0.22147757,0.00000000,160.31000000,78.30550829,2.04733144,0.63577735,0.49228028,0.65024385,194.73972603,0.73000000,0.09865636,0,81,0.64081057,0.09561756,0.42685347,0.75500000,0.01416427,0.98583573,0
245,34599,0.33189438,0.00000000,187.09000000,78.69636021,2.37752722,0.78270698,0.49248632,0.77929521,205.40361446,0.83000000,1.45614154,0,82,0.64092703,0.09502385,0.25832374,0.82000000,0.00716055,0.99283945,0
246,34699,0.29631048,0.00000000,191.08000000,79.13814195,2.41456965,0.80851997,0.40015663,0.57089675,215.20987654,0.81000000,-0.74968567,0,83,0.64261444,0.09566369,0.20580379,0.80000000,0.00683334,0.99316666,0
247,34799,0.27055263,0.00000000,175.54000000,79.54037766,2.20669012,0.74311026,0.45743694,0.59425477,199.50000000,0.77000000,-0.49783705,0,84,0.64175037,0.09540391,0.33872551,0.79750000,0.00939130,0.99060870,0
248,34899,0.31290493,0.00000000,181.33000000,79.95193736,2.26795515,0.78355170,0.45081951,0.63535196,204.89375000,0.80000000,-0.06141997,0,85,0.64118495,0.09496894,0.26429662,0.78000000,0.00465319,0.99534681,0
249,34999,0.25505621,0.00000000,183.04000000,80.38584007,2.27737043,0.76853591,0.41528952,0.51798060,200.17241379,0.87000000,-1.30434749,0,86,0.64111633,0.09440408,0.25043154,0.85750000,0.00881540,0.99118460,0
250,35099,0.16147339,0.01061091,101.22000000,80.60293769,1.25577377,0.35104235,0.62925822,3.96462866,201.44827586,0.29000000,nan,0,86,0.63968452,0.09478180,5.91784633,0.47750000,0.00411361,0.99588639,0
251,35199,0.24985329,0.00000000,167.31000000,80.80793154,2.07026427,0.67456666,0.46697637,0.68472658,195.18354430,0.79000000,0.47521848,0,87,0.63968452,0.09478180,1.15022646,0.75500000,0.00227081,0.99772919,0
252,35299,0.28701041,0.00000000,190.30000000,81.21348755,2.34324351,0.75768339,0.43855854,0.66298723,208.93975904,0.83000000,0.24148719,0,88,0.64020224,0.09435278,0.21904039,0.81750000,0.01359492,0.98640508,0
253,35399,0.28518670,0.00000000,194.19000000,81.63926820,2.37846571,0.77655510,0.43759634,0.54309593,206.69318182,0.88000000,-1.03756196,0,89,0.64046116,0.09384040,0.27072533,0.83250000,0.00531580,0.99468420,0
254,35499,0.34437565,0.00000000,184.41000000,82.06548850,2.24699735,0.78504884,0.47670970,0.73615181,205.75882353,0.85000000,1.03099757,0,90,0.63936717,0.09387475,0.22417349,0.81750000,0.01199325,0.98800675,0
255,35599,0.25104839,0.00000000,176.30000000,82.45610349,2.13808998,0.72739344,0.42126528,0.59295534,195.30000000,0.85000000,-0.50571193,0,91,0.64044256,0.09390172,0.29481345,0.82500000,0.01479164,0.98520836,0
256,35699,0.28873662,0.00000000,172.94000000,82.83710173,2.08797871,0.71147449,0.47837401,0.62198208,194.72222222,0.81000000,-0.19183411,0,92,0.63992072,0.09351118,0.35532179,0.79750000,0.00220409,0.99779591,0
257,35799,0.28708613,0.00000000,187.62000000,83.16166696,2.25558079,0.79912841,0.41586759,0.54896391,207.26190476,0.84000000,-0.97577868,0,93,0.63972573,0.09301477,0.25135834,0.83500000,0.00880468,0.99119532,0
258,35899,0.29326885,0.00000000,191.00000000,83.61188170,2.28445916,0.79295854,0.40477602,0.55510458,206.17241379,0.87000000,-0.89955224,0,94,0.63874980,0.09298540,0.18786124,0.83750000,-0.00740943,1.00740943,0
259,35999,0.32980085,0.00000000,199.70000000,84.03177379,2.37641383,0.80886150,0.47517110,0.50238795,217.10465116,0.86000000,-1.45848154,0,95,0.63785996,0.09288565,0.16046237,0.84500000,0.01407143,0.98592857,0
260,36099,0.13542234,0.02586274,84.49000000,84.26813751,1.00264931,0.25820990,0.73580543,3.93940192,173.36538462,0.26000000,nan,0,95,0.63643394,0.09342990,6.72886424,0.40250000,-0.00527268,1.00527268,0
261,36199,0.20990709,0.00000000,167.00000000,84.36737615,1.97886022,0.61608388,0.48813847,0.60169336,207.46527778,0.72000000,-0.37183576,0,96,0.63643394,0.09342990,1.28916752,0.74000000,0.02472013,0.97527987,0
262,36299,0.25644201,0.00000000,183.31000000,84.76306482,2.16261014,0.74440716,0.41155530,0.48270330,203.81707317,0.82000000,-1.64904708,0,97,0.63607205,0.09300447,0.28989338,0.83250000,0.00489916,0.99510084,0
263,36399,0.30708397,0.00000000,184.97000000,85.14022624,2.17253334,0.71699747,0.49388974,0.64784067,205.81764706,0.85000000,0.14229071,0,98,0.63449093,0.09382017,0.30326473,0.82500000,0.01474548,0.98525452,0
264,36499,0.28294023,0.00000000,191.30000000,85.52764328,2.23666990,0.76858259,0.41804059,0.53570251,209.23863636,0.88000000,-1.05977385,0,99,0.63462716,0.09334505,0.31558253,0.84000000,0.01158130,0.98841870,0
265,36599,0.30705332,0.00000000,175.15000000,85.88095880,2.03924142,0.72071533,0.52818162,0.67607001,194.53529412,0.85000000,0.45442056,0,100,0.63362792,0.09339827,0.28072768,0.82250000,0.00269662,0.99730338,0
266,36699,0.24754482,0.00000000,179.51000000,86.23199474,2.08159749,0.68700074,0.42573009,0.58791857,194.18235294,0.85000000,-0.49594348,0,101,0.63405234,0.09302223,0.26865579,0.81500000,0.00199539,0.99800461,0
267,36799,0.28273911,0.00000000,195.70000000,86.61942398,2.25930557,0.76593564,0.48464143,0.48949668,216.74705882,0.85000000,-1.55497273,0,102,0.63359557,0.09266972,0.25643194,0.84750000,0.01675449,0.98324551,0
268,36899,0.28103465,0.00000000,182.27000000,87.01468100,2.09487448,0.72195849,0.52793928,0.60695550,203.55357143,0.84000000,-0.27036872,0,103,0.63218283,0.09330715,0.26154472,0.81500000,0.01230083,0.98769917,0
269,36999,0.27008405,0.00000000,172.33000000,87.34650081,1.97306068,0.65691110,0.50925631,0.64457021,196.16025641,0.78000000,0.13600392,0,104,0.63193791,0.09288190,0.25407111,0.79250000,0.00994569,0.99005431,0
270,37099,0.21349231,0.00000000,128.00000000,87.50921902,1.46240097,0.48685847,0.52679390,0.84492127,202.36538462,0.52000000,2.30274773,0,105,0.63205937,0.09243822,5.80562570,0.57500000,0.02458363,0.97541637,0
271,37199,0.25715205,0.00000000,205.23000000,87.85087942,2.33598810,0.78895552,0.41723026,0.48186357,216.72527473,0.91000000,-1.61408834,0,106,0.63408663,0.09430900,0.16224911,0.85750000,0.00619496,0.99380504,0
272,37299,0.29543996,0.00000000,211.27000000,88.30019659,2.39261974,0.80305165,0.46781640,0.54511509,220.58064516,0.93000000,-0.92126859,0,107,0.63265056,0.09501623,0.14438607,0.88000000,0.00116132,0.99883868,0
273,37399,0.31796084,0.00000000,196.70000000,88.72991013,2.21691257,0.81100309,0.45593957,0.53589928,206.96666667,0.90000000,-1.01040960,0,108,0.63183247,0.09494485,0.16059977,0.86250000,0.01147255,0.98852745,0
274,37499,0.26738561,0.00000000,191.70000000,89.14515565,2.15089848,0.74081994,0.48277036,0.51539162,209.97093023,0.86000000,-1.21698420,0,109,0.63094420,0.09494994,0.36135645,0.84000000,0.00980482,0.99019518,0
275,37599,0.30084126,0.00000000,197.95000000,89.49763412,2.21186305,0.74310378,0.45821425,0.61770113,215.44117647,0.85000000,-0.12803249,0,110,0.62988409,0.09515521,0.18589416,0.83250000,-0.00594539,1.00594539,0
276,37699,0.25179381,0.00000000,187.60000000,89.87619229,2.08743922,0.72073338,0.42050112,0.57825900,203.44767442,0.86000000,-0.54383130,0,111,0.62977333,0.09472484,0.37555799,0.83000000,-0.00194038,1.00194038,0
277,37799,0.24099623,0.00000000,195.38000000,90.23515524,2.16527214,0.73864347,0.40093242,0.47252505,215.88823529,0.85000000,-1.66049813,0,112,0.62930924,0.09441997,0.30740474,0.82750000,0.01592834,0.98407166,0
278,37899,0.27966369,0.00000000,185.83000000,90.60450298,2.05114414,0.69064521,0.46486724,0.62989407,208.56024096,0.83000000,0.02085761,0,113,0.62790938,0.09515403,0.37425514,0.79750000,0.00841469,0.99158531,0
279,37999,0.28897445,0.00000000,206.68000000,90.96900180,2.27196406,0.77804818,0.48620122,0.58696929,220.63736264,0.91000000,-0.43236898,0,114,0.62792694,0.09472847,0.17725064,0.85000000,-0.00067489,1.00067489,0
280,38099,0.21083860,0.00000000,145.58000000,91.20838978,1.59570889,0.47233306,0.48851188,0.78560401,222.49122807,0.57000000,1.67435551,0,115,0.62756767,0.09438637,4.28762310,0.61750000,0.00287839,0.99712161,0
281,38199,0.32203616,0.00000000,200.69000000,91.54017358,2.19205286,0.70858675,0.50701127,0.66250116,228.36250000,0.80000000,0.35280973,0,116,0.62894190,0.09512002,0.40954819,0.81500000,0.01017665,0.98982335,0
282,38299,0.30859542,0.00000000,207.75000000,91.94943477,2.25920315,0.74326227,0.44609596,0.58872255,223.38636364,0.88000000,-0.42750130,0,117,0.62923120,0.09475679,0.20088598,0.84250000,0.01349405,0.98650595,0
283,38399,0.32744283,0.00296842,194.80000000,92.36556060,2.10921180,0.68762031,0.58446283,0.67664346,218.03571429,0.84000000,0.50579957,0,118,0.62888497,0.09442177,0.37013441,0.80000000,0.00469443,0.99530557,0
284,38499,0.25242027,0.00000000,214.50000000,92.74227811,2.31284295,0.77413954,0.38542529,0.53778403,228.03296703,0.91000000,-0.97222206,0,119,0.62928971,0.09412014,0.16566274,0.86000000,0.00702700,0.99297300,0
285,38599,0.34606369,0.00000000,232.81000000,93.18166933,2.49813028,0.81738839,0.53223582,0.67826566,256.61176471,0.85000000,0.52866623,0,120,0.62852075,0.09409512,0.21212940,0.84500000,-0.01674392,1.01674392,0
286,38699,0.27722842,0.00000000,196.05000000,93.63954654,2.09383614,0.68973398,0.47631083,0.55774605,225.85802469,0.81000000,-0.75887514,0,121,0.62893529,0.09380890,0.35669288,0.81250000,0.01637442,0.98362558,0
287,38799,0.26628870,0.00000000,196.99000000,93.97049775,2.09614912,0.68415508,0.47569397,0.55253205,223.43902439,0.82000000,-0.80963253,0,122,0.62834695,0.09364112,0.30334523,0.80250000,0.00794602,0.99205398,0
288,38899,0.26996781,0.00000000,218.50000000,94.36842418,2.31526912,0.75568679,0.41997476,0.53264988,245.33132530,0.83000000,-1.01679039,0,123,0.62772552,0.09350564,0.25011289,0.82250000,0.00019060,0.99980940,0
289,38999,0.35229841,0.00000000,219.83000000,94.81065859,2.31865496,0.75967017,0.50010549,0.68317861,235.76923077,0.91000000,0.60124925,0,124,0.62695254,0.09351540,0.20584642,0.86250000,-0.00291021,1.00291021,0
290,39099,0.21905036,0.00000000,149.87000000,95.07449313,1.57608174,0.53004015,0.49762110,0.86260794,218.50000000,0.54000000,2.52169846,0,125,0.62740598,0.09327125,3.22009050,0.63250000,0.00636717,0.99363283,0
291,39199,0.25307527,0.00000000,189.97000000,95.38822108,1.99167712,0.71348269,0.41224013,0.53349072,209.14705882,0.85000000,-1.00577666,0,126,0.62928760,0.09524667,0.29424923,0.84000000,-0.00380318,1.00380318,0
292,39299,0.26587347,0.00000000,199.37000000,95.71973438,2.08291294,0.66885296,0.46313266,0.52632311,229.50609756,0.82000000,-1.07303219,0,127,0.62852730,0.09524802,0.35747370,0.78750000,0.00732412,0.99267588,0
293,39399,0.26490614,0.00000000,196.46000000,96.06750601,2.04507458,0.67146853,0.46449959,0.68165857,223.85000000,0.80000000,0.56594964,0,128,0.62772255,0.09530181,0.32553884,0.78500000,0.01448705,0.98551295,0
294,39499,0.21501367,0.00000000,197.31000000,96.40254367,2.04670219,0.65319609,0.43843786,0.67064922,215.90000000,0.85000000,0.44721000,0,129,0.62814392,0.09504550,0.28002955,0.81750000,0.00588119,0.99411881,0
295,39599,0.22885266,0.00000000,178.61000000,96.73935685,1.84651371,0.62610201,0.45843643,0.66298235,205.00000000,0.79000000,0.36422021,0,130,0.62847342,0.09474743,0.37954148,0.78500000,0.01910243,0.98089757,0
296,39699,0.22623158,0.00000000,192.45000000,97.02209719,1.98365010,0.63538390,0.47869719,0.68326518,233.50675676,0.74000000,0.57743787,0,131,0.62873887,0.09442800,0.45102263,0.79250000,0.00559534,0.99440466,0
297,39799,0.27038049,0.00000000,223.20000000,97.39309020,2.29182798,0.77569407,0.44705562,0.57961799,247.50000000,0.84000000,-0.52595730,0,132,0.62915510,0.09418468,0.19839992,0.85000000,0.00340142,0.99659858,0
298,39899,0.30016974,0.00000000,202.86000000,97.78149936,2.07470288,0.71601116,0.46474908,0.58473350,217.05294118,0.85000000,-0.46895946,0,133,0.62877982,0.09392352,0.30621590,0.82000000,0.00560252,0.99439748,0
299,39999,0.25144138,0.00000000,215.25000000,98.13929346,2.19323351,0.72384957,0.44867673,0.57509028,231.81818182,0.88000000,-0.56979417,0,134,0.62844865,0.09364499,0.21188787,0.84750000,0.00799666,0.99200334,0
300,40099,0.20672708,0.02458205,140.92000000,98.36459658,1.43242979,0.44120761,0.60745081,1.03783677,217.73076923,0.52000000,4.38714815,1,134,0.62805045,0.09340608,1.87438941,0.61500000,0.01947148,0.98052852,0
301,40199,0.24804651,0.00000000,198.21000000,98.67107881,2.00903005,0.70039261,0.48199801,0.65537033,214.86931818,0.88000000,0.29248501,0,135,0.62805045,0.09340608,0.34602756,0.84250000,0.00234989,0.99765011,0
302,40299,0.25797517,0.00000000,223.99000000,99.02534245,2.26202298,0.73768015,0.39617548,0.57400085,265.79605263,0.76000000,-0.58281184,0,136,0.62825282,0.09308660,0.26723704,0.80750000,0.00522788,0.99477212,0
303,40399,0.19520417,0.00000000,203.51000000,99.40423998,2.04737011,0.65187477,0.41623908,0.61148065,236.70666667,0.75000000,-0.17632612,0,137,0.62785391,0.09285780,0.35032822,0.77750000,0.00989391,0.99010609,0
304,40499,0.26518395,0.00000000,205.77000000,99.74797080,2.06294902,0.69905656,0.45802910,0.67885531,229.02469136,0.81000000,0.55250113,0,138,0.62773440,0.09252636,0.29401531,0.80000000,-0.00099902,1.00099902,0
305,40599,0.25899037,0.00000000,200.16000000,100.09110625,1.99987934,0.63790224,0.52126986,0.62460618,234.59740260,0.77000000,-0.03790906,0,139,0.62810484,0.09229070,0.35498395,0.77500000,-0.00086008,1.00086008,0
306,40699,0.27304167,0.00000000,206.75000000,100.42165218,2.05885491,0.68247941,0.44926974,0.69055631,240.72727273,0.77000000,0.67941751,0,140,0.62807967,0.09195619,0.35388577,0.79750000,0.00942062,0.99057938,0
307,40799,0.28148962,0.00000000,206.81000000,100.77555400,2.05230237,0.70185289,0.47646013,0.79580462,238.82278481,0.79000000,1.82266791,0,141,0.62852593,0.09177683,0.39395085,0.78500000,-0.00191971,1.00191971,0
308,40899,0.28914873,0.00000000,209.77000000,101.12238220,2.07451727,0.70270304,0.45028143,0.69546317,234.54878049,0.82000000,0.71061142,0,142,0.62971230,0.09252717,0.36342266,0.81250000,0.00261067,0.99738933,0
309,40999,0.22567895,0.00000000,191.18000000,101.44295476,1.88468354,0.62691618,0.51843615,0.78844211,215.63580247,0.81000000,1.71352192,0,143,0.63017534,0.09236344,0.27686880,0.80250000,0.00777989,0.99222011,0
310,41099,0.18618725,0.00000000,142.79000000,101.62475097,1.40499436,0.45371401,0.55746092,0.97976180,198.56779661,0.59000000,3.74772398,1,143,0.63128210,0.09298436,1.32020430,0.65750000,-0.01126393,1.01126393,0
311,41199,0.20111971,0.00000000,175.16000000,101.84782830,1.71995452,0.55235745,0.48096719,0.93647365,207.90540541,0.74000000,3.28218165,2,143,0.63128210,0.09298436,0.62672288,0.76000000,0.02717431,0.97282569,0
312,41299,0.20926001,0.00000000,190.91000000,102.08071867,1.87011779,0.58450863,0.42182696,0.74620283,215.80487805,0.82000000,1.23591473,0,144,0.63128210,0.09298436,0.54252710,0.81000000,0.01541980,0.98458020,0
313,41399,0.20427850,0.00000000,189.17000000,102.36508921,1.84795894,0.57997100,0.41005207,0.65834392,217.85000000,0.80000000,0.28194446,0,145,0.63208016,0.09315225,0.35240880,0.80000000,0.00079149,0.99920851,0
314,41499,0.20610730,0.00000000,173.61000000,102.61927575,1.69177637,0.56348078,0.49097738,0.70287542,205.14666667,0.75000000,0.76048674,0,146,0.63226129,0.09285386,0.55880441,0.77750000,0.00055305,0.99944695,0
315,41599,0.22503628,0.00000000,203.06000000,102.88529330,1.97359121,0.60693807,0.47604663,0.65006061,235.08333333,0.78000000,0.18675731,0,147,0.63274495,0.09271749,0.31625422,0.80000000,0.01752269,0.98247731,0
316,41699,0.23292618,0.00000000,215.39000000,103.24477761,2.08638229,0.67337872,0.43490620,0.65563546,244.70000000,0.80000000,0.24643019,0,148,0.63286274,0.09241045,0.41951963,0.80750000,0.01660726,0.98339274,0
317,41799,0.21927575,0.00000000,209.51000000,103.57861686,2.02278083,0.65491093,0.44498264,0.66144001,232.54705882,0.85000000,0.30856559,0,149,0.63301661,0.09211462,0.37107820,0.82500000,0.00998200,0.99001800,0
318,41899,0.32609245,0.01115483,217.98000000,103.89989736,2.09779056,0.69101009,0.52451262,0.72719708,241.86144578,0.83000000,1.02349159,0,150,0.63320737,0.09183242,0.28905805,0.82000000,-0.00035240,1.00035240,0
319,41999,0.23738694,0.00000000,215.43000000,104.27003470,2.06606488,0.68444260,0.45160749,0.64886548,240.50595238,0.84000000,0.16366185,0,151,0.63383397,0.09184491,0.27048826,0.83750000,-0.00297867,1.00297867,0
320,42099,0.24865204,0.00000000,200.21000000,104.54517278,1.91463486,0.62883683,0.47488146,0.75575955,265.73134328,0.67000000,1.33075697,0,152,0.63393351,0.09154642,1.37832600,0.71000000,-0.01044606,1.01044606,0
321,42199,0.25821061,0.00000000,217.38000000,104.90073390,2.07206527,0.67623795,0.49505089,0.84601410,244.35119048,0.84000000,2.30210970,0,153,0.63473500,0.09177629,0.39709466,0.82000000,0.02340532,0.97659468,0
322,42299,0.24470240,0.00000000,212.86000000,105.24847402,2.02233991,0.66396427,0.44876306,0.57347855,242.45000000,0.80000000,-0.67312202,0,154,0.63611591,0.09305499,0.27008221,0.82750000,0.01544698,0.98455302,0
323,42399,0.25864537,0.00000000,235.45000000,105.61949892,2.22913581,0.74935563,0.45682154,0.66167328,255.96590909,0.88000000,0.27952168,0,155,0.63570917,0.09288763,0.22231294,0.84000000,0.01472136,0.98527864,0
324,42499,0.28615681,0.00536667,201.06000000,105.99698652,1.89703714,0.61070705,0.50993523,0.85603862,230.89634146,0.82000000,2.37732653,0,156,0.63587669,0.09260904,0.25654370,0.81250000,0.00737085,0.99262915,0
325,42599,0.28769490,0.00000000,216.58000000,106.29869899,2.03754382,0.69182491,0.46733639,0.65387138,238.80120482,0.83000000,0.17646094,0,157,0.63728798,0.09397774,0.25801866,0.82500000,0.00368016,0.99631984,0
326,42699,0.25843562,0.00000000,207.69000000,106.61344829,1.94805360,0.63856841,0.48374936,0.74320761,238.02500000,0.80000000,1.12946102,0,158,0.63739361,0.09368540,0.25162101,0.81750000,0.01387418,0.98612582,0
327,42799,0.25904095,0.00000000,210.38000000,106.93379838,1.96744749,0.57841347,0.58853844,0.75356900,246.61538462,0.78000000,1.23186080,0,159,0.63806332,0.09376521,0.41211015,0.80500000,0.00661964,0.99338036,0
328,42899,0.25869299,0.00000000,211.68000000,107.23911620,1.97385711,0.66629827,0.47560353,0.72142965,237.49358974,0.78000000,0.87993591,0,160,0.63878977,0.09391580,0.26287262,0.79250000,0.02129534,0.97870466,0
329,42999,0.22841922,0.00000000,219.96000000,107.56927869,2.04477563,0.70415764,0.40955407,0.64809093,233.25274725,0.91000000,0.09360560,0,161,0.63930627,0.09384769,0.21895470,0.86000000,-0.00483195,1.00483195,0
330,43099,0.17280751,0.00000000,150.45000000,107.77932213,1.39580378,0.41281394,0.63406456,1.19203316,210.85714286,0.56000000,5.90736330,1,161,0.63936083,0.09355652,2.70853759,0.64250000,0.01704741,0.98295259,0
331,43199,0.23982078,0.00000000,210.63000000,108.00398522,1.94999407,0.61202221,0.51599547,0.85933326,225.66477273,0.88000000,2.35122510,0,162,0.63936083,0.09355652,0.60060059,0.85250000,0.01127095,0.98872905,0
332,43299,0.27309642,0.00000000,200.06000000,108.32102066,1.84691639,0.61875195,0.52784815,0.94693596,224.51219512,0.82000000,3.22832524,1,162,0.64071868,0.09485329,0.41580053,0.81250000,0.01505010,0.98494990,0
333,43399,0.23538221,0.00000000,222.41000000,108.63101781,2.04740683,0.67799809,0.45546143,0.79758273,252.84756098,0.82000000,1.65375438,0,163,0.64071868,0.09485329,0.30372529,0.82250000,0.00535693,0.99464307,0
334,43499,0.25122242,0.00000000,230.04000000,108.99015008,2.11074239,0.73236877,0.46030585,0.71436727,247.88202247,0.89000000,0.76227011,0,164,0.64168104,0.09535496,0.27862118,0.83250000,0.00796371,0.99203629,0
335,43599,0.22831775,0.00000000,211.75000000,109.31124338,1.93710585,0.60155564,0.43714339,0.79548376,256.20394737,0.76000000,1.61038972,0,165,0.64212425,0.09523130,0.33157450,0.78500000,0.01607443,0.98392557,0
336,43699,0.33859692,0.00410967,238.77000000,109.65855664,2.17739154,0.71510669,0.55405692,0.87625014,267.90963855,0.83000000,2.43704352,0,166,0.64305370,0.09568826,0.21646712,0.83250000,0.00578792,0.99421208,0
337,43799,0.27659603,0.00000000,239.80000000,110.02024568,2.17935665,0.69966002,0.47474798,0.78294371,255.02272727,0.88000000,1.42621734,0,167,0.64445850,0.09709966,0.21426561,0.84750000,0.02132057,0.97867943,0
338,43899,0.31751095,0.00000000,252.49000000,110.45527285,2.28602351,0.75196294,0.51245178,0.91356045,271.55056180,0.89000000,2.75439422,0,168,0.64528775,0.09739808,0.20382433,0.83250000,-0.00541901,1.00541901,0
339,43999,0.25742793,0.00000000,226.11000000,110.81926818,2.04029955,0.65844948,0.43999992,0.79720226,238.07303371,0.89000000,1.51396596,0,169,0.64688461,0.09928734,0.20102397,0.83750000,0.00706478,0.99293522,0
340,44099,0.18306586,0.00000000,179.71000000,111.07887433,1.61777274,0.51163804,0.44217784,0.72575155,236.56818182,0.66000000,0.78240044,0,170,0.64777406,0.09966442,1.08819243,0.69250000,-0.00307820,1.00307820,0
341,44199,0.25950919,0.03122970,180.92000000,111.29407315,1.62558189,0.52586360,0.55417015,1.15610857,227.83593750,0.64000000,5.10177056,1,170,0.64823276,0.09954893,0.41936429,0.74000000,0.01182960,0.98817040,0
342,44299,0.24103630,0.02554947,190.24000000,111.51719630,1.70593878,0.54981404,0.51579679,1.06188671,221.11038961,0.77000000,4.15528272,2,170,0.64823276,0.09954893,0.31626054,0.77500000,0.02332234,0.97667766,0
343,44399,0.23913212,0.00000000,202.38000000,111.75659863,1.81086104,0.61528669,0.48706241,0.81162275,221.33928571,0.84000000,1.64130336,0,171,0.64823276,0.09954893,0.23940407,0.80500000,0.02159677,0.97840323,0
344,44499,0.29436169,0.00000000,210.89000000,112.05009789,1.88220346,0.68856098,0.55493575,0.93761329,227.98235294,0.85000000,2.88312406,0,172,0.64918825,0.10003906,0.28585363,0.81000000,0.00695967,0.99304033,0
345,44599,0.23913617,0.00000000,212.36000000,112.32537230,1.89058092,0.60680460,0.47997498,0.84109205,236.98823529,0.85000000,1.86238068,0,173,0.65086514,0.10214179,0.32886360,0.82250000,0.01749433,0.98250567,0
346,44699,0.23374227,0.00000000,208.25000000,112.61749591,1.84924769,0.65449336,0.46754221,0.80498923,230.40361446,0.83000000,1.48760708,0,174,0.65196472,0.10286622,0.23043608,0.82000000,0.00387753,0.99612247,0
347,44799,0.22767815,0.00000000,194.15000000,112.87897205,1.72008447,0.55830731,0.52682844,0.69801752,219.18589744,0.78000000,0.43763111,0,175,0.65284417,0.10322244,0.23042737,0.77500000,0.01237005,0.98762995,0
348,44899,0.26722917,0.02475819,175.81000000,113.08076342,1.55478172,0.53009537,0.61687204,0.98885794,210.90540541,0.74000000,3.26033237,1,175,0.65310230,0.10298203,0.55056078,0.75000000,0.01233841,0.98766159,0
349,44999,0.23440125,0.01333594,187.64000000,113.26512615,1.65663628,0.53518397,0.46815694,0.86692305,219.20512821,0.78000000,2.07629184,0,176,0.65310230,0.10298203,0.33831467,0.76000000,0.01340787,0.98659213,0
350,45099,0.06426736,0.01356679,90.25000000,113.33570680,0.79632769,0.16933937,0.50347630,3.17399765,175.40740741,0.27000000,nan,0,176,0.65431720,0.10394453,2.80449441,0.46750000,0.00164889,0.99835111,0
351,45199,0.12478575,0.02542365,120.59000000,113.29799897,1.06435645,0.28163014,0.62108040,1.41490414,176.77173913,0.46000000,nan,0,176,0.65431720,0.10394453,2.73202744,0.58250000,-0.00123432,1.00123432,0
352,45299,0.17984459,0.02928707,154.77000000,113.38313873,1.36500842,0.41312619,0.47754416,0.93990487,185.64788732,0.71000000,2.74750082,0,177,0.65431720,0.10394453,0.47966544,0.74750000,0.02053131,0.97946869,0
353,45399,0.23061855,0.00000000,209.05000000,113.57859364,1.84056546,0.58903333,0.44799998,0.65531544,234.91463415,0.82000000,-0.00581248,0,178,0.65593069,0.10584833,0.24024022,0.80750000,0.00816592,0.99183408,0
354,45499,0.23585903,0.00000000,220.05000000,113.87268640,1.93248897,0.58373608,0.49421246,0.92018028,232.52173913,0.92000000,2.50360761,0,179,0.65592723,0.10554891,0.17938281,0.85250000,0.00589634,0.99410366,0
355,45599,0.24750779,0.00000000,214.85000000,114.15321414,1.88209606,0.62461551,0.52362115,0.79719606,238.16867470,0.83000000,1.30538438,0,180,0.65740350,0.10708919,0.32012968,0.81750000,0.00557910,0.99442090,0
356,45699,0.28856541,0.00000000,242.11000000,114.47361092,2.11495492,0.72623326,0.44509057,0.75501431,263.91477273,0.88000000,0.90248942,0,181,0.65818013,0.10729675,0.32587597,0.85000000,0.00798010,0.99201990,0
357,45799,0.34717159,0.00713043,250.07000000,114.85647446,2.17735842,0.71150415,0.53937499,0.83371202,275.36309524,0.84000000,1.63182320,0,182,0.65871512,0.10724011,0.16489337,0.83500000,0.00574069,0.99425931,0
358,45899,0.25993312,0.00000000,225.92000000,115.18925573,1.96129885,0.67352674,0.48965340,0.90983651,244.22727273,0.88000000,2.32215912,0,183,0.65967664,0.10772727,0.24733801,0.85000000,0.02211949,0.97788051,0
359,45999,0.28883135,0.00000000,221.42000000,115.51629930,1.91699304,0.63021864,0.54695128,0.81776757,245.62941176,0.85000000,1.43769095,0,184,0.66104364,0.10901086,0.32168904,0.81250000,0.00568524,0.99431476,0
360,46099,0.14706901,0.00000000,143.88000000,115.63556156,1.24417649,0.33719043,0.53613204,1.22311830,231.56122449,0.49000000,nan,0,184,0.66189540,0.10932485,2.82468340,0.58500000,-0.00452168,1.00452168,0
361,46199,0.21357887,0.00000000,196.76000000,115.83625965,1.69865349,0.54381561,0.52617457,0.93135818,218.33333333,0.81000000,2.46478988,0,185,0.66189540,0.10932485,0.35222933,0.83000000,0.00982213,0.99017787,0
362,46299,0.29741382,0.03043970,205.52000000,116.07570735,1.77065071,0.59132272,0.55801669,0.96597121,227.10714286,0.84000000,2.73090781,0,186,0.66335195,0.11081270,0.27459264,0.80500000,0.01566335,0.98433665,0
363,46399,0.19706799,0.00000000,213.92000000,116.31982055,1.83906016,0.58022006,0.42045016,0.79219448,244.15584416,0.77000000,1.12861386,0,187,0.66497894,0.11271839,0.42180254,0.78250000,0.01254615,0.98745385,0
364,46499,0.25557156,0.00000000,229.58000000,116.62614399,1.96864918,0.62265976,0.51182656,1.03121976,252.06547619,0.84000000,3.24080628,1,187,0.66565924,0.11279925,0.28510285,0.84250000,0.01420032,0.98579968,0
365,46599,0.22794520,0.00000000,215.59000000,116.89440320,1.84427475,0.60665062,0.46262284,0.95346857,238.89534884,0.86000000,2.55151809,0,188,0.66565924,0.11279925,0.25683477,0.84000000,0.01305993,0.98694007,0
366,46699,0.22465110,0.00000000,206.53000000,117.15741358,1.76284483,0.57982736,0.45953888,0.70342363,233.81481481,0.81000000,0.31661892,0,189,0.66719014,0.11443879,0.28528976,0.82750000,0.01418487,0.98581513,0
367,46799,0.18654624,0.00000000,200.40000000,117.38746249,1.70714571,0.50366878,0.47801877,0.76199448,240.23026316,0.76000000,0.82873984,0,190,0.66738185,0.11416446,0.50173505,0.78250000,-0.00113641,1.00113641,0
368,46899,0.30648058,0.00000000,227.83000000,117.65216619,1.93645384,0.65487981,0.48252832,0.73554401,243.94827586,0.87000000,0.59318795,0,191,0.66787981,0.11406873,0.18820807,0.85500000,0.00711089,0.99288911,0
369,46999,0.25767334,0.00914820,215.39000000,117.93566648,1.82633578,0.57905490,0.54724242,0.84306766,223.90425532,0.94000000,1.53533220,0,192,0.66823407,0.11387346,0.19546802,0.87250000,0.00014141,0.99985859,0
370,47099,0.00702927,0.00854405,51.80000000,117.98608700,0.43901764,0.03264260,0.59978986,4.26634658,201.33333333,0.03000000,nan,0,192,0.66914466,0.11427369,9.07667332,0.25250000,0.00943773,0.99056227,0
371,47199,0.25712393,0.00000000,233.15000000,118.04420391,1.97511169,0.64202975,0.53592863,0.92003118,257.81395349,0.86000000,2.19548806,0,193,0.66914466,0.11427369,0.34478176,0.83000000,0.01521345,0.98478655,0
372,47299,0.23414548,0.00000000,206.26000000,118.33103965,1.74316905,0.54993107,0.51928370,0.97659233,236.16875000,0.80000000,2.65298264,0,194,0.67044460,0.11539756,0.40892816,0.80000000,0.00596923,0.99403077,0
373,47399,0.22641612,0.00000000,212.66000000,118.55561838,1.79372181,0.61239611,0.42710194,0.80612163,235.17058824,0.85000000,1.14440212,0,195,0.67202268,0.11717818,0.25479664,0.82250000,0.00454090,0.99545910,0
374,47499,0.18930728,0.00000000,206.59000000,118.79445976,1.73899509,0.56185162,0.45980443,0.76064980,219.65730337,0.89000000,0.74989093,0,196,0.67271036,0.11726963,0.57680638,0.81000000,0.01643879,0.98356121,0
375,47599,0.22953795,0.00000000,223.32000000,119.06796803,1.87562813,0.60303701,0.50864068,0.70753843,249.10119048,0.84000000,0.29349705,0,197,0.67315903,0.11713709,0.39952390,0.82500000,0.01354486,0.98645514,0
376,47699,0.22899403,0.00000000,204.70000000,119.30156166,1.71575363,0.59179639,0.48123690,0.72724651,220.01162791,0.86000000,0.46133248,0,198,0.67333355,0.11686356,0.22343657,0.83250000,0.01143954,0.98856046,0
377,47799,0.22698537,0.00000000,216.04000000,119.56176060,1.80698795,0.60801087,0.48512014,0.79264069,234.98255814,0.86000000,1.02062362,0,199,0.67360584,0.11662953,0.29175042,0.83500000,0.00281947,0.99718053,0
378,47899,0.23895113,0.00000000,210.97000000,119.79779765,1.76102693,0.58204785,0.53225859,0.77091249,228.62068966,0.87000000,0.82911758,0,200,0.67420400,0.11664026,0.26389162,0.84250000,0.01014504,0.98985496,0
379,47999,0.21111613,0.00000000,218.25000000,120.05335109,1.81795460,0.60200348,0.44486112,0.67659280,241.48235294,0.85000000,0.01634742,0,201,0.67468754,0.11654762,0.21249469,0.82750000,0.00259404,0.99740596,0
380,48099,0.09890293,0.00000000,129.74000000,120.16003304,1.07971466,0.30532907,0.56260992,1.07800911,214.15116279,0.43000000,nan,0,201,0.67469702,0.11625596,5.31883551,0.53250000,0.01539426,0.98460574,0
381,48199,0.20907618,0.00000000,221.67000000,120.34560078,1.84199303,0.60246193,0.48242995,0.87298615,240.13793103,0.87000000,1.70562547,0,202,0.67469702,0.11625596,0.22735914,0.84750000,0.00710965,0.99289035,0
382,48299,0.19316028,0.00000000,206.80000000,120.57831514,1.71503377,0.54282847,0.49307456,0.88780751,235.72435897,0.78000000,1.81613087,0,203,0.67567865,0.11680263,0.34444742,0.78750000,0.00231688,0.99768312,0
383,48399,0.26160072,0.00000000,223.28000000,120.85738470,1.84765701,0.59774575,0.52644705,0.74249848,242.79518072,0.83000000,0.55997400,0,204,0.67672362,0.11746056,0.29230789,0.80750000,0.01333041,0.98666959,0
384,48499,0.20729985,0.00000000,212.99000000,121.08406018,1.75903261,0.52205438,0.54337354,0.84573741,246.00000000,0.78000000,1.43859300,0,205,0.67704605,0.11726135,0.48945132,0.78000000,0.00142887,0.99857113,0
385,48599,0.20552623,0.00000000,213.60000000,121.31801535,1.76063355,0.57134452,0.44942304,0.69406404,234.73529412,0.85000000,0.13775398,0,206,0.67786893,0.11756545,0.25955247,0.83250000,0.00570667,0.99429333,0
386,48699,0.21021368,0.00000000,227.85000000,121.58844487,1.87400601,0.66133271,0.46196510,0.78391928,254.28915663,0.83000000,0.90354971,0,207,0.67794755,0.11728378,0.65110451,0.83500000,0.01650887,0.98349113,0
387,48799,0.28202106,0.00000000,240.11000000,121.86832496,1.97023257,0.61846448,0.51949764,0.79583671,268.07058824,0.85000000,1.00125254,0,208,0.67845949,0.11723038,0.25034694,0.85000000,0.02286957,0.97713043,0
388,48899,0.25752435,0.01767501,200.01000000,122.11308863,1.63785801,0.52261263,0.59314160,0.94441238,219.61627907,0.86000000,2.26383342,0,209,0.67902380,0.11722973,0.46682321,0.82000000,-0.00512041,1.00512041,0
389,48999,0.20109217,0.00000000,211.18000000,122.34629111,1.72614246,0.50726178,0.48581976,0.79644954,234.77108434,0.83000000,0.98121587,0,210,0.68029361,0.11837960,0.38630862,0.83250000,-0.00032189,1.00032189,0
390,49099,0.12667059,0.00000000,140.17000000,122.44678982,1.14471926,0.31682577,0.53839014,1.98014988,227.26041667,0.48000000,nan,0,210,0.68084673,0.11836776,3.79460988,0.58000000,-0.01452227,1.01452227,0
391,49199,0.12576071,0.00000000,187.28000000,122.58371725,1.52779414,0.45523431,0.48320326,0.77902685,223.24647887,0.71000000,0.82944988,0,211,0.68084673,0.11836776,0.49662986,0.75500000,0.01664775,0.98335225,0
392,49299,0.11099565,0.00000000,169.06000000,122.72606902,1.37755917,0.37633431,0.45237428,0.80991630,199.27205882,0.68000000,1.08729704,0,212,0.68131204,0.11827887,0.54044495,0.73750000,0.00908133,0.99091867,0
393,49399,0.17924652,0.00000000,188.86000000,122.85994019,1.53718233,0.44328552,0.44627101,0.79800828,205.60344828,0.87000000,0.98108019,0,213,0.68191866,0.11832837,0.27771164,0.82750000,0.01233902,0.98766098,0
394,49499,0.18531396,0.00000000,189.13000000,123.03491044,1.53722176,0.50119886,0.51928340,0.62062232,214.08750000,0.80000000,-0.52267677,0,214,0.68246368,0.11831665,0.41363563,0.81500000,0.01083847,0.98916153,0
395,49599,0.16276549,0.01308236,159.70000000,123.17539375,1.29656210,0.34995888,0.54517877,1.05721967,198.17857143,0.70000000,3.17527260,1,214,0.68217470,0.11811426,0.61202891,0.74000000,0.00582323,0.99417677,0
396,49699,0.07774661,0.00000000,139.85000000,123.23188520,1.13485928,0.28971754,0.47225661,0.74055308,173.00694444,0.72000000,0.49425343,0,215,0.68217470,0.11811426,0.60012120,0.74250000,0.00964865,0.99035135,0
397,49799,0.13807173,0.00000000,166.02000000,123.30481873,1.34642723,0.40121351,0.48265341,0.79887672,201.28082192,0.73000000,0.98749237,0,216,0.68244623,0.11790521,0.71783879,0.74000000,0.00027217,0.99972783,0
398,49899,0.13219565,0.00000000,170.41000000,123.40668168,1.38085415,0.43492862,0.40688416,0.55113545,201.12987013,0.77000000,-1.11834605,0,217,0.68298526,0.11789715,0.48115063,0.77500000,0.02376641,0.97623359,0
399,49999,0.09500174,0.00000000,153.76000000,123.50331140,1.24497066,0.31400030,0.44980099,0.59547857,184.90714286,0.70000000,-0.73665781,0,218,0.68237766,0.11796398,0.34472534,0.75500000,0.00973198,0.99026802,0
400,50099,0.08253835,0.05255154,58.70000000,123.48675962,0.47530113,0.07971077,1.19978617,18.84683601,264.87500000,0.04000000,nan,0,218,0.68197904,0.11783893,7.16139575,0.28500000,0.01778580,0.98221420,0
401,50199,0.08566691,0.08400470,77.94000000,123.34142584,0.63189196,0.14079060,0.83164119,13.20134762,194.53333333,0.15000000,nan,0,218,0.68197904,0.11783893,7.48630894,0.34000000,-0.01690053,1.01690053,0
402,50299,0.24188417,0.15186001,171.96000000,123.28821669,1.39463744,0.37641107,1.03897935,13.05641256,256.71818182,0.55000000,105.01142244,1,218,0.68197904,0.11783893,3.38725644,0.64250000,0.02264792,0.97735208,0
403,50399,0.31620309,0.19246317,228.53000000,123.50802988,1.85020062,0.59366164,0.68849962,11.65030940,269.72077922,0.77000000,93.07900603,2,218,0.68197904,0.11783893,0.97050738,0.78000000,0.01311598,0.98688402,0
404,50499,0.25384289,0.21156880,206.19000000,123.73488751,1.66626309,0.50392747,0.57711087,8.47039973,263.57971014,0.69000000,66.09378387,3,218,0.68197904,0.11783893,1.27856589,0.74250000,-0.01138496,1.01138496,1
405,50599,0.15870319,0.00000000,0.23000000,0.13068920,1.60019578,0.20000000,0.87067122,nan,0.00000000,0.00000000,nan,0,0,0.00000000,nan,23.47034701,0.00000000,0.00303868,0.99696132,0
406,50699,0.35099365,0.00000000,1.70000000,0.53473802,3.16391956,0.69068864,0.60417395,nan,0.00000000,0.00000000,nan,0,0,0.00000000,nan,16.00745156,0.00000000,-0.00731919,1.00731919,0
407,50799,0.27678111,0.00000000,2.26000000,1.21732822,1.89216014,0.55583431,0.60933344,nan,0.00000000,0.00000000,nan,0,0,0.00000000,nan,14.50229228,0.00000000,0.00381384,0.99618616,0
408,50899,0.36348771,0.00000000,3.25000000,1.61027998,2.01584291,0.54094255,0.82619821,nan,0.00000000,0.00000000,nan,0,0,0.00000000,nan,14.49738973,0.00000000,-0.00091773,1.00091773,0
409,50999,0.41569552,0.00000000,4.06000000,2.06657311,1.96340346,0.58881710,0.87310473,nan,0.00000000,0.00000000,nan,0,0,0.00000000,nan,12.26035810,0.00000000,0.01422372,0.98577628,0
410,51099,0.30753707,0.00000000,3.28000000,2.30131160,1.41400962,0.41274738,1.40125304,nan,0.00000000,0.00000000,nan,0,0,0.00000000,nan,23.38956968,0.00000000,0.02080665,0.97919335,0
411,51199,0.38027400,0.00000000,6.65000000,2.75359873,2.41717188,0.72648943,0.61188360,nan,0.00000000,0.00000000,nan,0,0,0.00000000,nan,8.91401090,0.00000000,-0.01605848,1.01605848,0
412,51299,0.61193147,0.00000000,8.54000000,3.39561288,2.51774758,0.78383530,0.83413651,nan,0.00000000,0.00000000,nan,0,0,0.00000000,nan,8.55333857,0.00000000,0.00237587,0.99762413,0
413,51399,0.43756198,0.00000000,7.93000000,3.95495301,2.00183005,0.60103714,0.94327583,nan,0.00000000,0.00000000,nan,0,0,0.00000000,nan,11.58244522,0.00000000,0.01162797,0.98837203,0
414,51499,0.25099842,0.00000000,7.45000000,4.39961009,1.69918795,0.52423651,0.63568658,nan,0.00000000,0.00000000,nan,0,0,0.00000000,nan,10.50129727,0.00000000,0.00324808,0.99675192,0
415,51599,0.29972893,0.00000000,7.89000000,4.66024592,1.69048065,0.52262034,0.72478797,nan,0.00000000,0.00000000,nan,0,0,0.00000000,nan,9.44255876,0.00000000,0.00453225,0.99546775,0
416,51699,0.36814805,0.00000000,10.62000000,5.06423649,2.09586673,0.63332187,0.75631827,nan,0.00000000,0.00000000,nan,0,0,0.00000000,nan,8.67689232,0.00000000,0.00271900,0.99728100,0
417,51799,0.34518920,0.00000000,12.46000000,5.59914280,2.22844916,0.68698463,0.58816274,nan,0.00000000,0.00000000,nan,0,0,0.00000000,nan,7.23002055,0.00750000,-0.00296486,1.00296486,0
418,51899,0.32916016,0.00000000,13.12000000,6.07495603,2.15136940,0.66704977,0.61290704,nan,0.00000000,0.00000000,nan,0,0,0.00000000,nan,6.94212447,0.01000000,-0.00659356,1.00659356,0
419,51999,0.43242102,0.00000000,14.91000000,6.67268317,2.23651302,0.71460047,0.70134208,nan,0.00000000,0.00000000,nan,0,0,0.00000000,nan,7.18134696,0.01000000,0.00746110,0.99253890,0
420,52099,0.13051168,0.00000000,6.36000000,6.87376327,0.92632663,0.25828326,1.11190936,nan,0.00000000,0.00000000,nan,0,0,0.00000000,nan,23.05802810,0.00250000,0.03472834,0.96527166,0
421,52199,0.17457731,0.00000000,14.32000000,7.11543719,2.01095605,0.58890043,0.35911674,nan,0.00000000,0.00000000,nan,0,0,0.00000000,nan,6.96756265,0.01000000,0.00585560,0.99414440,0
422,52299,0.25172055,0.00000000,14.73000000,7.56006520,1.94975701,0.57934699,0.55342529,nan,0.00000000,0.00000000,nan,0,0,0.00000000,nan,7.21450256,0.01000000,-0.00069346,1.00069346,0
423,52399,0.25740740,0.00000000,14.64000000,7.96085035,1.84163180,0.57631210,0.58258576,nan,0.00000000,0.00000000,nan,0,0,0.00000000,nan,7.42979754,0.02750000,-0.01100231,1.01100231,0
424,52499,0.24187527,0.00000000,16.44000000,8.30462485,1.97733709,0.61610503,0.51154691,nan,0.00000000,0.00000000,nan,0,0,0.00000000,nan,7.68358272,0.04750000,-0.00017742,1.00017742,0
425,52599,0.24823848,0.00000000,15.68000000,8.72425409,1.79928065,0.58125945,0.50976677,nan,0.00000000,0.00000000,nan,0,0,0.00000000,nan,6.99077798,0.05000000,-0.01049639,1.01049639,0
426,52699,0.19248154,0.00000000,15.77000000,9.03955872,1.74536071,0.58106453,0.44610958,nan,0.00000000,0.00000000,nan,0,0,0.00000000,nan,6.57420093,0.04000000,0.01113849,0.98886151,0
427,52799,0.18851446,0.00000000,19.12000000,9.39070648,2.03493625,0.59422491,0.42860019,nan,0.00000000,0.00000000,nan,0,0,0.00000000,nan,5.30104739,0.05500000,0.00574178,0.99425822,0
428,52899,0.24763080,0.00000000,19.64000000,9.85554983,1.99572725,0.64778400,0.47481899,nan,0.00000000,0.00000000,nan,0,0,0.00000000,nan,4.68840800,0.04750000,-0.00430188,1.00430188,0
429,52999,0.18466759,0.00000000,23.00000000,10.29743032,2.23411800,0.69155302,0.31982744,nan,0.00000000,0.00000000,nan,0,0,0.00000000,nan,3.74728637,0.08250000,0.00341611,0.99658389,0
430,53099,0.17523274,0.00000000,15.08000000,10.58900629,1.42221659,0.47005975,0.85088490,0.20458958,69.50000000,0.01000000,nan,0,0,0.00000000,nan,13.32612938,0.05750000,0.00258773,0.99741227,0
431,53199,0.10917234,0.00000000,19.06000000,10.89709052,1.75012973,0.54156347,0.25431304,nan,0.00000000,0.00000000,nan,0,0,0.00000000,nan,4.51304606,0.08250000,0.00103891,0.99896109,0
432,53299,0.21601454,0.00000000,26.49000000,11.29822936,2.34326506,0.68706811,0.38409148,0.68290490,73.75000000,0.02000000,nan,0,0,0.00000000,nan,3.53904001,0.17000000,0.00955466,0.99044534,0
433,53399,0.16509813,0.00000000,25.34000000,11.82229677,2.14329721,0.70386534,0.30306987,nan,0.00000000,0.00000000,nan,0,0,0.00000000,nan,3.36434607,0.14250000,0.00664406,0.99335594,0
434,53499,0.22211184,0.00000000,26.42000000,12.31420485,2.14686602,0.69201815,0.42308051,0.47745109,68.00000000,0.01000000,nan,0,0,0.00000000,nan,3.58008365,0.16000000,0.00343101,0.99656899,0
435,53599,0.19212483,0.00000000,28.87000000,12.81300025,2.25432195,0.66671191,0.37536669,nan,0.00000000,0.00000000,nan,0,0,0.00000000,nan,3.61470613,0.17250000,-0.00276052,1.00276052,0
436,53699,0.22751303,0.00000000,27.40000000,13.28204885,2.06239571,0.64893089,0.44920310,0.44238030,74.83333333,0.03000000,nan,0,0,0.00000000,nan,3.77875475,0.17500000,0.00925459,0.99074541,0
437,53799,0.20858721,0.00000000,28.99000000,13.73259030,2.10988880,0.68328348,0.38400974,0.48156301,80.00000000,0.02000000,nan,0,0,0.00000000,nan,3.25775052,0.19750000,0.00744362,0.99255638,0
438,53899,0.24537285,0.00000000,32.11000000,14.29128629,2.25066706,0.70296838,0.46061582,0.34078645,76.66666667,0.03000000,nan,0,0,0.00000000,nan,2.95452599,0.22750000,-0.00462543,1.00462543,0
439,53999,0.20339118,0.00000000,38.49000000,14.85151670,2.59120418,0.84317531,0.30045758,0.41851107,80.70000000,0.05000000,nan,0,0,0.00000000,nan,1.84030471,0.25750000,0.01358010,0.98641990,0
440,54099,0.22830484,0.00000000,31.84000000,15.34730058,2.06897963,0.62870805,0.83598822,0.65556560,70.78571429,0.07000000,nan,0,0,0.00000000,nan,8.24121178,0.20750000,-0.00933087,1.00933087,0
441,54199,0.17457796,0.00000000,45.00000000,16.03251462,2.80432608,0.80557949,0.24896617,0.54119908,81.62500000,0.16000000,nan,0,0,0.00000000,nan,1.79452870,0.36000000,0.00996645,0.99003355,0
442,54299,0.24064186,0.00000000,46.28000000,16.83462020,2.74816925,0.81315139,0.31524512,0.36998927,82.70000000,0.15000000,nan,0,0,0.00000000,nan,1.52309441,0.38750000,0.00878881,0.99121119,0
443,54399,0.21376945,0.00000000,46.56000000,17.62239638,2.64307144,0.79611244,0.31023025,0.37120088,81.47222222,0.18000000,nan,0,0,0.00000000,nan,1.33143517,0.37750000,0.00333630,0.99666370,0
444,54499,0.21629548,0.00000000,46.58000000,18.34928615,2.53890716,0.75454869,0.38233257,0.61013854,81.81818182,0.22000000,nan,0,0,0.00000000,nan,1.68258414,0.40000000,0.00711902,0.99288098,0
445,54599,0.26110213,0.00000000,45.30000000,19.02251729,2.38104199,0.77658638,0.37784239,0.81933556,81.88235294,0.17000000,nan,0,0,0.00000000,nan,1.72636689,0.39000000,0.00139355,0.99860645,0
446,54699,0.22749942,0.00000000,52.14000000,19.76801497,2.63992799,0.76600470,0.40097374,0.57864686,83.84848485,0.33000000,nan,0,0,0.00000000,nan,1.47793885,0.45750000,-0.00695963,1.00695963,0
447,54799,0.24866605,0.00000000,46.15000000,20.43634519,2.25838051,0.72141961,0.43318051,0.58972946,85.45238095,0.21000000,nan,0,0,0.00000000,nan,1.81785193,0.39500000,0.00580770,0.99419230,0
448,54899,0.32061539,0.00000000,52.87000000,21.11258957,2.50498385,0.82792771,0.50802085,0.54049417,81.37037037,0.27000000,nan,0,0,0.00000000,nan,1.36154965,0.45500000,0.00452975,0.99547025,0
449,54999,0.21943452,0.00000000,52.84000000,21.82051354,2.42197187,0.74503558,0.34336341,0.59957044,88.59615385,0.26000000,nan,0,0,0.00000000,nan,1.51615248,0.46750000,-0.00144401,1.00144401,0
450,55099,0.17823065,0.00000000,44.91000000,22.29782514,2.00907338,0.57404615,0.77503669,0.66352813,92.21428571,0.21000000,nan,0,0,0.00000000,nan,7.02806496,0.30750000,-0.00847948,1.00847948,0
451,55199,0.16956563,0.00000000,59.54000000,23.05791289,2.58282406,0.76323977,0.28613949,0.47395130,85.85000000,0.40000000,nan,0,0,0.00000000,nan,1.54896944,0.53250000,0.01423642,0.98576358,0
452,55299,0.27277674,0.00000000,55.12000000,23.71883517,2.32096662,0.70858832,0.43865897,0.64831469,89.06250000,0.32000000,nan,0,0,0.00000000,nan,1.58034610,0.47750000,-0.00696175,1.00696175,0
453,55399,0.16931315,0.00000000,50.14000000,24.36775837,2.05762918,0.64241514,0.40811406,0.97281023,87.88461538,0.26000000,nan,0,0,0.00000000,nan,1.59677213,0.42000000,0.00447929,0.99552071,0
454,55499,0.19454898,0.00000000,57.76000000,24.97760489,2.31321026,0.70698996,0.33940696,0.69399283,92.05714286,0.35000000,nan,0,0,0.00000000,nan,1.69203685,0.50000000,0.01840109,0.98159891,0
455,55599,0.17885891,0.00000000,60.20000000,25.65242654,2.34762522,0.66202084,0.35535608,0.48351497,98.16666667,0.39000000,nan,0,0,0.00000000,nan,1.22294297,0.51250000,-0.00307258,1.00307258,0
456,55699,0.31301343,0.00000000,61.04000000,26.31568937,2.31951769,0.70020686,0.57596285,0.65871011,100.18333333,0.30000000,nan,0,0,0.00000000,nan,1.43556078,0.47250000,0.00281358,0.99718642,0
457,55799,0.20568619,0.00000000,58.96000000,26.92723146,2.18825997,0.68263196,0.39106570,0.71015194,101.86956522,0.23000000,nan,0,0,0.00000000,nan,1.70002875,0.46000000,0.00340104,0.99659896,0
458,55899,0.27762648,0.00000000,69.38000000,27.68414031,2.50788976,0.76684303,0.44535729,0.70101259,98.79545455,0.44000000,nan,0,0,0.00000000,nan,0.85906618,0.55750000,-0.00357992,1.00357992,0
459,55999,0.25034902,0.00000000,65.70000000,28.40741830,2.31387206,0.74191638,0.39820893,0.76568337,98.70833333,0.36000000,nan,0,0,0.00000000,nan,1.48000095,0.53250000,0.01870151,0.98129849,0
460,56099,0.10934000,0.03726428,23.90000000,28.72448841,0.83189788,0.17887757,1.26728248,nan,0.00000000,0.00000000,nan,0,0,0.00000000,nan,13.48881414,0.06000000,-0.00104462,1.00104462,0
461,56199,0.15575046,0.00000000,38.25000000,28.63128089,1.33493269,0.38590628,0.47589173,0.61732258,96.18750000,0.16000000,nan,0,0,0.00000000,nan,6.35120571,0.28750000,0.00005819,0.99994181,0
462,56299,0.18015172,0.00000000,61.62000000,29.08670579,2.11827999,0.70352997,0.31538973,0.62535897,99.62962963,0.27000000,nan,0,0,0.00000000,nan,1.20166096,0.48750000,-0.00101860,1.00101860,0
463,56399,0.20406730,0.00000000,64.71000000,29.68908906,2.18021116,0.67963298,0.38296194,0.78870913,104.95312500,0.32000000,nan,0,0,0.00000000,nan,1.62836293,0.48750000,-0.00609403,1.00609403,0
464,56499,0.24045960,0.00000000,63.94000000,30.24521116,2.11366361,0.65652032,0.42882926,0.70975890,108.69696970,0.33000000,nan,0,0,0.00000000,nan,1.64856779,0.49250000,0.02000559,0.97999441,0
465,56599,0.20459235,0.00000000,65.63000000,30.81981777,2.12924726,0.63859653,0.44091994,0.52967147,110.62121212,0.33000000,nan,0,0,0.00000000,nan,1.94327477,0.49750000,0.00698734,0.99301266,0
466,56699,0.20941108,0.00000000,76.76000000,31.42705337,2.44004789,0.69931813,0.41331047,0.50693070,120.60000000,0.40000000,nan,0,0,0.00000000,nan,1.31298183,0.52750000,0.00137689,0.99862311,0
467,56799,0.18387744,0.00000000,56.28000000,32.04344021,1.75635623,0.51458201,0.43599244,0.77282910,101.29629630,0.27000000,nan,0,0,0.00000000,nan,1.96924299,0.45000000,0.00162207,0.99837793,0
468,56899,0.26461808,0.00000000,63.57000000,32.47203202,1.95736842,0.62847038,0.48809434,1.14761304,98.15151515,0.33000000,nan,0,0,0.00000000,nan,1.68968847,0.49750000,0.00040522,0.99959478,0
469,56999,0.16679360,0.00000000,51.61000000,32.87717726,1.56985442,0.49415341,0.49009922,1.10676548,90.48000000,0.25000000,nan,0,0,0.00000000,nan,2.33108592,0.42250000,-0.01168995,1.01168995,0
470,57099,0.28826533,0.10269148,41.90000000,33.05815434,1.26726277,0.40421195,1.25213622,3.46981228,115.50000000,0.02000000,nan,0,0,0.00000000,nan,11.13364937,0.16000000,0.01386732,0.98613268,0
471,57199,0.13433455,0.15019362,28.79000000,33.16455833,0.86800651,0.22148370,1.07426726,3.86012765,128.37500000,0.04000000,nan,0,0,0.00000000,nan,12.28285006,0.14000000,0.02515484,0.97484516,0
472,57299,0.10845913,0.05668979,52.12000000,33.19952313,1.56944411,0.45189503,0.45761787,0.76293960,103.40476190,0.21000000,nan,0,0,0.00000000,nan,3.36245962,0.38250000,-0.00209381,1.00209381,0
473,57399,0.16948318,0.00000000,53.48000000,33.50221436,1.59612753,0.47681550,0.40667648,1.41542204,95.58620690,0.29000000,nan,0,0,0.00000000,nan,2.05575937,0.43750000,0.00267890,0.99732110,0
474,57499,0.15789659,0.00000000,59.84000000,33.88932211,1.76674932,0.52458878,0.40886736,0.88394174,106.78571429,0.28000000,nan,0,0,0.00000000,nan,1.63669386,0.44000000,0.00306079,0.99693921,0
475,57599,0.12240068,0.00000000,47.05000000,34.11814877,1.37898043,0.43012359,0.44630381,0.76363747,99.13888889,0.18000000,nan,0,0,0.00000000,nan,2.61612131,0.39750000,-0.00258693,1.00258693,0
476,57699,0.17955709,0.00000000,51.95000000,34.33622093,1.51294560,0.43374779,0.57309698,1.15062142,106.44736842,0.19000000,nan,0,0,0.00000000,nan,1.62838879,0.40000000,-0.00305654,1.00305654,0
477,57799,0.23953066,0.00000000,58.43000000,34.60786337,1.68799975,0.50144580,0.53860377,1.37399203,103.66071429,0.28000000,nan,0,0,0.00000000,nan,2.42812135,0.44500000,0.01248497,0.98751503,0
478,57899,0.15371278,0.00000000,59.76000000,34.95830294,1.70946719,0.52313841,0.43959213,0.94691619,111.69230769,0.26000000,nan,0,0,0.00000000,nan,1.74454960,0.46250000,0.01681147,0.98318853,0
479,57999,0.18515614,0.00000000,65.29000000,35.33516224,1.84787999,0.58883025,0.41328531,0.77541234,102.50000000,0.34000000,nan,0,0,0.00000000,nan,0.92557598,0.50000000,0.00181543,0.99818457,0
480,58099,0.06389954,0.03453898,18.14000000,35.42089032,0.51215468,0.08542265,1.40631763,1.75101816,86.00000000,0.01000000,nan,0,0,0.00000000,nan,18.27088069,0.08000000,0.00789590,0.99210410,0
481,58199,0.20835727,0.13418441,34.42000000,35.31256861,0.97477428,0.24143326,1.17117165,6.34165819,139.50000000,0.02000000,nan,0,0,0.00000000,nan,14.00701429,0.15500000,0.00201497,0.99798503,0
482,58299,0.19089991,0.16714507,41.77000000,35.34408331,1.18193640,0.33938915,0.79756619,9.06464736,154.40000000,0.05000000,nan,0,0,0.00000000,nan,10.19644810,0.18500000,0.01308387,0.98691613,0
483,58399,0.13794577,0.19881913,37.21000000,35.41339017,1.05081896,0.25248954,0.83133309,4.34092169,109.78571429,0.07000000,nan,0,0,0.00000000,nan,9.40192111,0.23000000,0.01861697,0.98138303,0
484,58499,0.09012965,0.21719049,27.86000000,35.34386029,0.78834684,0.18629456,0.70674640,nan,0.00000000,0.00000000,nan,0,0,0.00000000,nan,10.87766804,0.18250000,0.01195006,0.98804994,0
485,58599,0.10781274,0.23540153,31.54000000,35.30238290,0.89340897,0.20421333,0.73465636,3.53813443,129.75000000,0.02000000,nan,0,0,0.00000000,nan,9.82453249,0.17000000,0.01688958,0.98311042,0
486,58699,0.08215205,0.20186283,37.54000000,35.24410581,1.06514085,0.25449421,0.52417874,3.87723660,108.33333333,0.06000000,nan,0,0,0.00000000,nan,7.11410535,0.22750000,0.01432325,0.98567675,0
487,58799,0.10345545,0.12998672,46.30000000,35.29678783,1.31131651,0.38480864,0.57623696,0.57756280,120.53846154,0.13000000,nan,0,0,0.00000000,nan,8.02425361,0.29500000,0.01154052,0.98845948,0
488,58899,0.09884666,0.00000000,61.32000000,35.57648392,1.72376174,0.51474960,0.27602403,0.64770532,121.85416667,0.24000000,nan,0,0,0.00000000,nan,1.58376600,0.46500000,0.01057009,0.98942991,0
489,58999,0.19580950,0.00000000,65.78000000,35.92801594,1.83151843,0.55401582,0.45875729,0.94677912,116.01785714,0.28000000,nan,0,0,0.00000000,nan,1.20365951,0.47500000,-0.00454164,1.00454164,0
490,59099,0.14415022,0.00000000,45.78000000,36.14626107,1.26664528,0.32992236,0.71067088,2.96571607,126.36363636,0.11000000,nan,0,0,0.00000000,nan,8.03534813,0.28750000,0.01248273,0.98751727,0
491,59199,0.11065266,0.00000000,39.20000000,36.18073450,1.08342973,0.28796122,0.53549289,0.97431485,104.63636364,0.11000000,nan,0,0,0.00000000,nan,6.00247091,0.30000000,0.02294846,0.97705154,0
492,59299,0.15895175,0.00000000,59.66000000,36.36144884,1.64080797,0.50166324,0.41780580,1.14197572,106.90000000,0.25000000,nan,0,0,0.00000000,nan,1.95936400,0.41750000,0.00682924,0.99317076,0
493,59399,0.18989710,0.00000000,69.43000000,36.67250184,1.89316941,0.55900965,0.40119646,0.95642910,115.43103448,0.29000000,nan,0,0,0.00000000,nan,1.17192107,0.48250000,0.00484311,0.99515689,0
494,59499,0.18187993,0.00000000,65.82000000,37.03734455,1.77745206,0.54151298,0.41469269,0.79908569,116.58620690,0.29000000,nan,0,0,0.00000000,nan,1.36257931,0.46000000,0.02201964,0.97798036,0
495,59599,0.18257870,0.00000000,65.32000000,37.35446627,1.74900217,0.50575169,0.45703913,0.86179709,123.07407407,0.27000000,nan,0,0,0.00000000,nan,0.88918289,0.45500000,-0.00101565,1.00101565,0
496,59699,0.19299906,0.00000000,63.41000000,37.62043500,1.68528820,0.51473397,0.57176445,0.96527559,112.08695652,0.23000000,nan,0,0,0.00000000,nan,1.08701503,0.43500000,0.00210323,0.99789677,0
497,59799,0.17774014,0.00000000,65.18000000,37.90869420,1.71916509,0.54228192,0.40531173,0.68768368,111.15625000,0.32000000,nan,0,0,0.00000000,nan,1.57618169,0.49250000,-0.00283405,1.00283405,0
498,59899,0.27392747,0.00000000,71.72000000,38.23675991,1.87544750,0.55868355,0.55020238,1.28252052,116.67142857,0.35000000,nan,0,0,0.00000000,nan,1.38928503,0.50750000,0.00566739,0.99433261,0
499,59999,0.18609063,0.00000000,66.28000000,38.57071280,1.71835952,0.52692598,0.45382239,0.90482542,109.40000000,0.30000000,nan,0,0,0.00000000,nan,1.21187157,0.47250000,0.00122749,0.99877251,0
500,60099,0.13789941,0.00000000,47.87000000,38.76113506,1.23498453,0.35030787,0.59561432,3.45832705,102.95833333,0.12000000,nan,0,0,0.00000000,nan,4.69676452,0.33500000,-0.00516847,1.00516847,0
501,60199,0.14873426,0.00712015,47.30000000,38.84594867,1.21759630,0.31734527,0.72213386,2.03614475,122.34615385,0.13000000,nan,0,0,0.00000000,nan,5.93140226,0.33250000,0.00008229,0.99991771,0
502,60299,0.16559861,0.00000000,66.93000000,39.05458604,1.71395164,0.47687817,0.44112502,0.88688451,124.75000000,0.28000000,nan,0,0,0.00000000,nan,1.20400347,0.45000000,0.01212525,0.98787475,0
503,60399,0.13770187,0.00000000,62.31000000,39.31596885,1.58501864,0.51728017,0.40056968,0.56795214,108.12962963,0.27000000,nan,0,0,0.00000000,nan,1.58978797,0.48250000,0.00851155,0.99148845,0
504,60499,0.17035641,0.00000000,63.45000000,39.54871463,1.60447745,0.45253391,0.47525141,0.96095074,115.34375000,0.32000000,nan,0,0,0.00000000,nan,1.43037485,0.48250000,-0.00010024,1.00010024,0
505,60599,0.16089926,0.00000000,66.66000000,39.79289169,1.67512827,0.51439322,0.38470911,0.88933693,107.57142857,0.35000000,nan,0,0,0.00000000,nan,0.94182532,0.50500000,0.00480133,0.99519867,0
506,60699,0.20175799,0.00000000,75.99000000,40.11145100,1.89458059,0.65350137,0.42056589,0.60951965,101.00000000,0.50000000,nan,0,1,0.60951965,nan,0.73444443,0.61250000,0.00318676,0.99681324,0
507,60799,0.19171071,0.00000000,62.57000000,40.39850304,1.54891154,0.46879259,0.56733203,0.75875652,99.03571429,0.28000000,nan,0,1,0.60951965,nan,1.40732739,0.50750000,0.01151520,0.98848480,0
508,60899,0.16810140,0.00000000,69.25000000,40.63762977,1.70411023,0.49004721,0.44998022,0.64061383,117.93939394,0.33000000,nan,0,1,0.60951965,nan,0.86724180,0.50250000,-0.00665653,1.00665653,0
509,60999,0.14923041,0.00000000,61.55000000,40.87332350,1.50585447,0.48856907,0.42582683,0.61088347,100.83333333,0.27000000,nan,0,1,0.60951965,nan,1.30329275,0.48500000,-0.01431218,1.01431218,0
510,61099,0.11615775,0.00000000,46.94000000,40.96763079,1.14568931,0.30382369,0.83846254,0.76461321,98.73529412,0.17000000,nan,0,1,0.60951965,nan,6.93913278,0.33500000,0.01725415,0.98274585,0
511,61199,0.16360280,0.00000000,71.99000000,41.17740790,1.74833563,0.56314955,0.35292193,0.63775868,101.13636364,0.33000000,nan,0,1,0.60951965,nan,0.71848058,0.54500000,0.01934440,0.98065560,0
512,61299,0.26930140,0.00000000,78.92000000,41.50208293,1.90178355,0.62858550,0.51219997,1.01351228,113.46666667,0.45000000,nan,0,1,0.60951965,nan,0.93967528,0.60000000,-0.00468306,1.00468306,0
513,61399,0.18788976,0.00000000,81.26000000,41.83463987,1.94209046,0.61730452,0.38835770,0.59901241,115.60869565,0.46000000,nan,0,1,0.60951965,nan,0.63303507,0.61750000,0.00344521,0.99655479,0
514,61499,0.22820645,0.00000000,77.61000000,42.17624333,1.83981196,0.63543878,0.45858663,0.67086571,106.59183673,0.49000000,nan,0,1,0.60951965,nan,0.69293442,0.58750000,0.01276735,0.98723265,0
515,61599,0.31145225,0.00000000,88.01000000,42.57109577,2.06766185,0.69519714,0.50291219,0.68269147,115.90566038,0.53000000,nan,0,2,0.64610556,0.05174029,0.97152179,0.62250000,0.01154560,0.98845440,0
516,61699,0.21434807,0.00000000,72.72000000,42.89262754,1.69529209,0.55838324,0.50944992,0.69314099,105.09782609,0.46000000,nan,0,2,0.64610556,0.05174029,0.86959337,0.60000000,0.00046526,0.99953474,0
517,61799,0.24105472,0.00000000,82.28000000,43.22360599,1.90395649,0.63528146,0.52724569,0.83182184,110.66037736,0.53000000,nan,0,3,0.70801099,0.11329332,1.01891430,0.61750000,0.00743884,0.99256116,0
518,61899,0.19012159,0.00000000,84.30000000,43.55042644,1.93549842,0.61391801,0.40720014,0.63742610,111.66071429,0.56000000,nan,0,4,0.69036476,0.09900744,0.75215172,0.64250000,0.00625164,0.99374836,0
519,61999,0.23292811,0.00000000,76.83000000,43.89474229,1.75053352,0.59814192,0.49131478,0.97122100,110.53260870,0.46000000,nan,0,4,0.69036476,0.09900744,0.92242154,0.59250000,0.00777191,0.99222809,0
520,62099,0.10908820,0.02327809,37.21000000,44.03333582,0.84495792,0.19568256,0.75852881,3.35122134,117.00000000,0.09000000,nan,0,4,0.69036476,0.09900744,9.23743432,0.25750000,0.01545294,0.98454706,0
521,62199,0.06866534,0.00589127,40.12000000,43.93866048,0.91315049,0.20600121,0.67870337,2.15458673,114.00000000,0.08000000,nan,0,4,0.69036476,0.09900744,6.86818263,0.25000000,0.02627169,0.97372831,0
522,62299,0.19066323,0.03473357,55.27000000,43.99333026,1.25640595,0.34938935,0.75728778,4.41947810,124.69230769,0.13000000,nan,0,4,0.69036476,0.09900744,5.59961198,0.34250000,0.01146679,0.98853321,0
523,62399,0.15673059,0.03525810,54.31000000,44.09411731,1.23182146,0.36331503,0.68524305,1.98154670,133.61538462,0.13000000,nan,0,4,0.69036476,0.09900744,8.31182359,0.31500000,-0.00261484,1.00261484,0
524,62499,0.23837097,0.00000000,86.11000000,44.29144421,1.94416763,0.64201398,0.50511777,0.79834186,118.73469388,0.49000000,nan,0,4,0.69036476,0.09900744,1.20258587,0.61250000,0.00318276,0.99681724,0
525,62599,0.24825999,0.00000000,89.78000000,44.65706975,2.01048578,0.72470749,0.42281105,0.64467893,108.35483871,0.62000000,nan,0,5,0.68122760,0.08814360,0.47542785,0.67250000,0.00522202,0.99477798,0
526,62699,0.26147619,0.00000000,80.34000000,44.98304534,1.78593695,0.60896156,0.48414915,0.86719112,108.93396226,0.53000000,nan,0,6,0.71222152,0.10944941,0.85841926,0.63500000,-0.00707894,1.00707894,0
527,62799,0.27424962,0.00000000,91.31000000,45.31768184,2.01482942,0.68462778,0.52533597,0.68833208,116.62264151,0.53000000,nan,0,7,0.70880874,0.10032036,0.72183792,0.64250000,0.01127785,0.98872215,0
528,62899,0.23924706,0.00000000,95.10000000,45.72258741,2.08029525,0.71053968,0.43240438,0.56944558,122.91379310,0.58000000,nan,0,8,0.69138835,0.10513894,0.65756832,0.66500000,-0.00256532,1.00256532,0
529,62999,0.22451869,0.00000000,86.02000000,46.06086709,1.86739289,0.61813404,0.49054679,0.75535709,124.50000000,0.42000000,nan,0,8,0.69138835,0.10513894,0.76209146,0.58750000,0.01069493,0.98930507,0
530,63099,0.13146554,0.00000000,52.12000000,46.23185975,1.12733186,0.34091837,0.85059787,4.58222755,133.30000000,0.10000000,nan,0,8,0.69138835,0.10513894,7.43546816,0.32500000,0.00064105,0.99935895,0
531,63199,0.12949553,0.00000000,60.62000000,46.27500611,1.30963927,0.42456716,0.50889847,0.59930856,112.46969697,0.33000000,nan,0,8,0.69138835,0.10513894,6.33679181,0.46500000,0.00152032,0.99847968,0
532,63299,0.25513634,0.00000000,96.67000000,46.59937163,2.07483368,0.72147299,0.45469995,0.58385140,122.44915254,0.59000000,nan,0,9,0.67943980,0.10467728,0.48893754,0.68250000,0.01463811,0.98536189,0
533,63399,0.25979138,0.00000000,92.28000000,46.92909463,1.96578362,0.68764863,0.46555528,0.82441134,123.12000000,0.50000000,nan,0,10,0.69393695,0.10881878,0.63072067,0.63250000,-0.00647351,1.00647351,0
534,63499,0.30073827,0.00000000,111.28000000,47.36925548,2.34890463,0.76921432,0.49312743,0.61980263,139.25396825,0.63000000,nan,0,11,0.68719747,0.10562670,0.55490589,0.70500000,0.01273359,0.98726641,0
535,63599,0.35965362,0.00000000,110.37000000,47.85775579,2.30598195,0.78731835,0.49804171,0.66683851,135.04411765,0.68000000,nan,0,12,0.68550089,0.10088245,0.49325855,0.71500000,-0.00843337,1.00843337,0
536,63699,0.24228767,0.00000000,107.88000000,48.34184975,2.23185719,0.75108683,0.46150726,0.55508189,135.71666667,0.60000000,nan,0,13,0.67546866,0.10313853,0.38428844,0.70500000,0.00596025,0.99403975,0
537,63799,0.29181751,0.00000000,104.94000000,48.77393240,2.15164529,0.71830000,0.45966615,0.71003179,133.34426230,0.61000000,nan,0,14,0.67793745,0.09952192,0.53467960,0.67000000,0.00155337,0.99844663,0
538,63899,0.30806548,0.00000000,114.18000000,49.22465026,2.31954413,0.80134092,0.46494496,0.75836219,137.54918033,0.61000000,nan,0,15,0.68329910,0.09812415,0.35699801,0.71250000,0.00823859,0.99176141,0
539,63999,0.32948866,0.00000000,111.04000000,49.72503121,2.23378819,0.75372931,0.56019610,0.62352333,138.39682540,0.63000000,nan,0,16,0.67956312,0.09596760,0.62764880,0.67500000,0.01254086,0.98745914,0
540,64099,0.03845213,0.00000000,28.57000000,49.86837558,0.57277820,0.09939384,0.80799346,3.15288949,140.20000000,0.05000000,nan,0,16,0.67956312,0.09596760,13.87772250,0.17000000,0.00384594,0.99615406,0
541,64199,0.27326343,0.00000000,110.76000000,50.00071035,2.21542074,0.75086093,0.42697145,0.67874556,138.09322034,0.59000000,nan,0,17,0.67951502,0.09292044,0.64594768,0.67250000,0.00996296,0.99003704,0
542,64299,0.28265107,0.00000000,110.97000000,50.42515400,2.20050826,0.72393489,0.51141750,0.62645828,141.38524590,0.61000000,nan,0,18,0.67656743,0.09100936,0.45445255,0.67000000,0.01250262,0.98749738,0
543,64399,0.20960549,0.00000000,99.46000000,50.81695617,1.95700603,0.62990860,0.45940973,0.64584675,140.97959184,0.49000000,nan,0,18,0.67656743,0.09100936,0.67185141,0.61750000,0.01514070,0.98485930,0
544,64499,0.25326972,0.00000000,95.41000000,51.17153966,1.86466737,0.61164870,0.54635125,0.94929751,133.02040816,0.49000000,nan,0,18,0.67656743,0.09100936,0.80883219,0.60250000,0.02037155,0.97962845,0
545,64599,0.27194787,0.00000000,121.57000000,51.58620232,2.35705303,0.84428640,0.38509172,0.64109671,138.83333333,0.69000000,nan,0,19,0.67470055,0.08881876,0.47656132,0.70500000,0.00472521,0.99527479,0
546,64699,0.28570988,0.00000000,116.11000000,52.03329586,2.23116717,0.75530709,0.44921276,0.60130291,142.87500000,0.68000000,nan,0,20,0.67103067,0.08799395,0.51473755,0.71500000,-0.00143841,1.00143841,0
547,64799,0.27784925,0.00000000,115.43000000,52.48309613,2.19916629,0.69186640,0.48082580,0.66980307,152.19354839,0.62000000,nan,0,21,0.67097221,0.08576631,0.53192492,0.69500000,-0.00414104,1.00414104,0
548,64899,0.27893435,0.00000000,117.99000000,52.96090807,2.22835600,0.73480917,0.45525334,0.56557882,149.82539683,0.63000000,nan,0,22,0.66618160,0.08666302,0.58413424,0.70500000,0.00505873,0.99494127,0
549,64999,0.26631521,0.00000000,110.94000000,53.35187969,2.07911360,0.69984774,0.53449140,0.73283875,146.21818182,0.55000000,nan,0,23,0.66907974,0.08580370,0.59180230,0.63750000,-0.00759824,1.00759824,0
550,65099,0.26831855,0.00144639,85.58000000,53.62632579,1.59532848,0.54593460,0.61600914,1.33428889,137.10714286,0.42000000,nan,0,23,0.66907974,0.08580370,5.08825676,0.53000000,0.02289467,0.97710533,0
551,65199,0.21336926,0.00000000,91.78000000,53.93988924,1.70186799,0.54250960,0.50762086,0.76282307,136.85869565,0.46000000,nan,0,23,0.66907974,0.08580370,1.15161515,0.60000000,0.00111896,0.99888104,0
552,65299,0.26230692,0.00000000,109.65000000,54.22779197,2.02197343,0.68915531,0.46464276,0.73482699,146.71296296,0.54000000,nan,0,24,0.67181921,0.08498405,0.73524322,0.65250000,0.00786115,0.99213885,0
553,65399,0.26971526,0.00000000,103.55000000,54.56984249,1.89734209,0.62217472,0.49652107,0.69345802,142.87735849,0.53000000,nan,0,25,0.67268476,0.08330720,0.54617587,0.63500000,0.01262147,0.98737853,0
554,65499,0.17787475,0.00000000,108.13000000,54.90178438,1.96909851,0.61998739,0.38442239,0.61906192,149.62931034,0.58000000,nan,0,26,0.67062234,0.08229872,0.63596478,0.65000000,0.01342618,0.98657382,0
555,65599,0.24322730,0.00000000,99.86000000,55.26230817,1.80716623,0.56556693,0.51498880,0.65146690,143.89795918,0.49000000,nan,0,26,0.67062234,0.08229872,0.63828614,0.60750000,0.00269764,0.99730236,0
556,65699,0.28241924,0.00000000,109.38000000,55.54955507,1.96855945,0.59438742,0.49846454,0.77568109,150.45689655,0.58000000,nan,0,27,0.67451341,0.08319475,0.53159109,0.67000000,0.00660108,0.99339892,0
557,65799,0.22990912,0.00000000,99.04000000,55.91424298,1.77152717,0.54456207,0.46639021,0.77266390,141.33333333,0.54000000,nan,0,28,0.67801878,0.08372021,0.91101180,0.62250000,0.00145473,0.99854527,0
558,65899,0.28616013,0.00000000,110.96000000,56.21734725,1.97378202,0.64237978,0.50982453,0.79770747,144.63559322,0.59000000,nan,0,29,0.68214598,0.08516295,0.46343289,0.66750000,0.00304087,0.99695913,0
559,65999,0.33756774,0.00000000,142.15000000,56.67252756,2.50831655,0.78180224,0.46434730,0.59782424,165.81250000,0.72000000,nan,0,30,0.67933525,0.08508607,0.30727782,0.75500000,-0.00192418,1.00192418,0
560,66099,0.03158045,0.00000000,45.90000000,56.90673517,0.80662956,0.15958425,0.44031477,2.01069313,112.94444444,0.09000000,nan,0,30,0.67933525,0.08508607,4.54960984,0.30250000,0.00254745,0.99745255,0
561,66199,0.07232714,0.00728121,49.19000000,56.85492392,0.86520358,0.18047750,0.59864541,2.08426779,110.40000000,0.15000000,nan,0,30,0.67933525,0.08508607,2.98548147,0.35000000,0.02353150,0.97646850,0
562,66299,0.05115652,0.01088354,39.18000000,56.78177207,0.69000014,0.12602205,0.75747938,1.59920932,121.10000000,0.10000000,nan,0,30,0.67933525,0.08508607,6.61730428,0.30500000,0.00254656,0.99745344,0
563,66399,0.21232341,0.00000000,96.60000000,56.80726614,1.70007658,0.51725973,0.57304813,0.78152482,145.19230769,0.52000000,1.20101411,0,31,0.67933525,0.08508607,2.86044800,0.60250000,0.00201287,0.99798713,0
564,66499,0.33006509,0.00000000,120.06000000,57.17131004,2.10013209,0.70420115,0.52633084,0.77490464,147.16417910,0.67000000,1.07738032,0,32,0.68263169,0.08564566,0.57703646,0.71500000,-0.00207693,1.00207693,0
565,66599,0.25409865,0.00000000,126.62000000,57.56733552,2.19932785,0.66727877,0.46454584,0.69233812,161.27941176,0.68000000,0.07950484,0,33,0.68551522,0.08581744,0.54232847,0.72000000,0.01181488,0.98818512,0
566,66699,0.29258409,0.00000000,121.14000000,57.99438345,2.08895633,0.65113900,0.52242253,0.77654940,146.94285714,0.70000000,1.07520841,0,34,0.68572198,0.08447425,0.60219165,0.73000000,0.01551350,0.98448650,0
567,66799,0.30605497,0.00000000,123.14000000,58.38853045,2.10910529,0.68438972,0.51848061,0.84577855,152.61267606,0.71000000,1.85967789,0,35,0.68839337,0.08463034,0.78971629,0.72500000,0.00877463,0.99122537,0
568,66899,0.23107421,0.00000000,109.52000000,58.74411691,1.86447189,0.59426039,0.50707247,0.66932771,149.75423729,0.59000000,-0.26922978,0,36,0.69289009,0.08751775,0.89409028,0.68250000,0.00817214,0.99182786,0
569,66999,0.28828711,0.00000000,124.41000000,59.08130023,2.10557446,0.71275125,0.48602419,0.90823635,148.38356164,0.73000000,2.50152080,0,37,0.69223558,0.08634778,0.48404254,0.72500000,0.01041567,0.98958433,0
570,67099,0.03738399,0.00000000,31.46000000,59.25223801,0.53063817,0.11072338,1.12733450,3.09940460,166.50000000,0.08000000,nan,0,37,0.69807344,0.09224864,14.52483246,0.16500000,-0.03222872,1.03222872,0
571,67199,0.00772090,0.00000000,24.75000000,59.02139155,0.41936173,0.04032150,0.68658144,1.29139768,104.50000000,0.01000000,nan,0,37,0.69807344,0.09224864,12.12442591,0.10500000,0.00602033,0.99397967,0
572,67299,0.02202462,0.00499299,22.56000000,58.81660753,0.38352226,0.04123950,0.56360055,4.35123135,78.00000000,0.01000000,nan,0,37,0.69807344,0.09224864,12.29680750,0.08750000,0.00535708,0.99464292,0
573,67399,0.01030565,0.01033166,19.14000000,58.58556808,0.32671953,0.01640676,0.58038620,11.38436663,111.00000000,0.01000000,nan,0,37,0.69807344,0.09224864,11.88710067,0.10250000,0.00393546,0.99606454,0
574,67499,0.01039257,0.01227902,16.15000000,58.34043420,0.27688864,0.02862303,0.66278074,nan,0.00000000,0.00000000,nan,0,37,0.69807344,0.09224864,14.89441371,0.09750000,0.01324771,0.98675229,0
575,67599,0.00759120,0.01532843,15.82000000,58.09660403,0.27231217,0.01119131,0.75338208,nan,0.00000000,0.00000000,nan,0,37,0.69807344,0.09224864,13.52300879,0.06000000,0.00366042,0.99633958,0
576,67699,0.00552062,0.01397493,23.59000000,57.87010418,0.40767084,0.02160122,0.55359610,nan,0.00000000,0.00000000,nan,0,37,0.69807344,0.09224864,7.94618135,0.11750000,0.01301861,0.98698139,0
577,67799,0.00967219,0.01248539,22.19000000,57.67388250,0.38471393,0.03093212,0.57149815,nan,0.00000000,0.00000000,nan,0,37,0.69807344,0.09224864,9.71816501,0.10500000,0.01075201,0.98924799,0
578,67899,0.00314028,0.00978750,17.67000000,57.46051130,0.30742726,0.01709276,0.62698734,2.04467860,194.50000000,0.01000000,nan,0,37,0.69807344,0.09224864,12.23641264,0.10750000,-0.01929874,1.01929874,0
579,67999,0.01017126,0.01356899,18.23000000,57.22090415,0.31865868,0.02223080,0.63547576,nan,0.00000000,0.00000000,nan,0,37,0.69807344,0.09224864,12.16930270,0.09000000,0.00830347,0.99169653,0
580,68099,0.07093428,0.00000000,54.63000000,57.06423982,0.95740329,0.22971324,0.47731491,0.77907074,157.66666667,0.18000000,nan,0,37,0.69807344,0.09224864,7.90103309,0.32750000,0.01758918,0.98241082,0
581,68199,0.23399980,0.00000000,134.75000000,57.29355509,2.35141927,0.74277222,0.34929205,0.74432717,164.02985075,0.67000000,0.50140287,0,38,0.69807344,0.09224864,0.45939931,0.69250000,0.01692828,0.98307172,0
582,68299,0.25623916,0.00000000,135.64000000,57.74578329,2.34874021,0.72531093,0.44125223,0.79552037,168.49264706,0.68000000,1.05396785,0,39,0.69929064,0.09130234,0.64059333,0.67500000,0.00461782,0.99538218,0
583,68399,0.28555706,0.00000000,128.21000000,58.17238232,2.20404183,0.65628268,0.50034016,0.71541701,172.96551724,0.58000000,0.14943933,0,40,0.70175807,0.09140124,0.77525211,0.65000000,0.00038398,0.99961602,0
584,68499,0.30963250,0.00000000,124.94000000,58.54573947,2.13397332,0.66644021,0.54982692,1.00340287,157.82812500,0.64000000,3.33862760,1,40,0.70209954,0.09024766,0.60193495,0.70750000,0.01475860,0.98524140,0
585,68599,0.27606250,0.00000000,141.52000000,58.95354551,2.40030406,0.72085845,0.42757178,0.75553354,177.40163934,0.61000000,0.59208174,0,41,0.70209954,0.09024766,0.57354707,0.68000000,0.00723811,0.99276189,0
586,68699,0.32039556,0.00000000,137.27000000,59.41463880,2.31054432,0.75408408,0.52107257,0.82878095,170.96721311,0.61000000,1.40083692,0,42,0.70340281,0.08950231,0.74523782,0.69000000,0.02014147,0.97985853,0
587,68799,0.25408079,0.00000000,130.38000000,59.83151596,2.17944984,0.69616912,0.44595547,0.64767714,168.61016949,0.59000000,-0.64876620,0,43,0.70638801,0.09049618,0.57705325,0.69000000,0.00824773,0.99175227,0
588,68899,0.28628956,0.00000000,148.22000000,60.25303131,2.46009176,0.79345971,0.42514707,0.69817861,173.34285714,0.70000000,-0.07616364,0,44,0.70502264,0.08985951,0.44849124,0.72250000,-0.00605771,1.00605771,0
589,68999,0.34743433,0.00000000,149.33000000,60.73504144,2.45889423,0.79544212,0.50053812,0.68209269,174.67605634,0.71000000,-0.25642661,0,45,0.70486709,0.08881448,0.38529253,0.73750000,0.00364493,0.99635507,0
590,69099,0.07477607,0.02262036,40.46000000,60.91751318,0.66419080,0.14408866,1.07322650,4.06685480,154.57142857,0.07000000,nan,0,45,0.70436099,0.08786504,11.65469649,0.20000000,0.01311480,0.98688520,0
591,69199,0.18370833,0.00000000,86.20000000,60.85791834,1.41598029,0.43446617,0.43901905,0.86454107,167.31081081,0.37000000,nan,0,45,0.70436099,0.08786504,4.33443311,0.43250000,0.00652517,0.99347483,0
592,69299,0.28315106,0.00000000,144.82000000,61.20848800,2.36585634,0.73467090,0.49187613,0.69650048,180.71093750,0.64000000,-0.08946126,0,46,0.70436099,0.08786504,0.50270541,0.70250000,0.01177855,0.98822145,0
593,69399,0.36243767,0.00000000,175.37000000,61.74918596,2.84033209,0.84990274,0.45934722,0.70200729,195.37804878,0.82000000,-0.02512140,0,47,0.70419011,0.08689100,0.23124421,0.82000000,0.01023562,0.98976438,0
594,69499,0.40400963,0.00000000,165.89000000,62.32365982,2.66199822,0.84288497,0.53836305,0.67838735,178.68674699,0.83000000,-0.29969439,0,48,0.70414367,0.08594194,0.29069244,0.79500000,0.00011155,0.99988845,0
595,69599,0.32961984,0.00000000,168.81000000,62.90151599,2.68469758,0.75089779,0.48669908,0.64355386,208.10000000,0.70000000,-0.70564518,0,49,0.70360708,0.08510398,0.59398016,0.75750000,0.00704320,0.99295680,0
596,69699,0.35228122,0.00000000,162.34000000,63.38127880,2.56080952,0.81550723,0.47688350,0.84603545,179.92771084,0.83000000,1.69706077,0,50,0.70238150,0.08464867,0.24623274,0.80500000,0.00397498,0.99602502,0
597,69799,0.34444275,0.00000000,173.26000000,63.93638140,2.70968825,0.78406335,0.52891132,0.79324073,198.01234568,0.81000000,1.02062109,0,51,0.70525458,0.08620844,0.36219977,0.79750000,0.00689275,0.99310725,0
598,69899,0.36621373,0.00000000,158.71000000,64.49502294,2.46134555,0.73122670,0.55301552,0.89064921,186.71052632,0.76000000,2.13007467,0,52,0.70697980,0.08622675,0.38276197,0.74750000,0.01584126,0.98415874,0
599,69999,0.30174749,0.00000000,170.69000000,64.99295987,2.62644386,0.79753641,0.43459107,0.61040085,197.42763158,0.76000000,-1.12363773,0,53,0.71051190,0.08909549,0.32369856,0.77500000,-0.00163979,1.00163979,0
600,70099,0.18222890,0.00000000,105.68000000,65.29459035,1.61788875,0.48412357,0.62951713,1.28137032,177.00000000,0.43000000,nan,0,53,0.70862302,0.08929978,5.05624936,0.54250000,0.01872985,0.98127015,0
601,70199,0.32738381,0.00000000,138.90000000,65.66237583,2.11554635,0.72010772,0.57191560,0.88004630,161.78082192,0.73000000,1.91963836,0,54,0.70862302,0.08929978,0.57725531,0.74000000,-0.00318507,1.00318507,0
602,70299,0.29776219,0.00000000,152.30000000,66.05572130,2.30563120,0.70862944,0.48838611,0.75069627,186.50724638,0.69000000,0.42522643,0,55,0.71179752,0.09147772,0.43252583,0.73500000,0.01216752,0.98783248,0
603,70399,0.27953242,0.00000000,144.67000000,66.44587590,2.17681328,0.67564794,0.48838251,0.79122995,185.23437500,0.64000000,0.86722363,0,56,0.71250477,0.09077840,0.46611652,0.72500000,0.00352414,0.99647586,0
604,70499,0.31836256,0.00000000,154.17000000,66.89357298,2.30483865,0.73801678,0.50571436,0.82018175,191.13571429,0.70000000,1.17345721,0,57,0.71391058,0.09056246,0.70576323,0.71000000,0.00855350,0.99144650,0
605,70599,0.37568977,0.00000000,165.80000000,67.34102055,2.46187578,0.79758860,0.53968983,0.76499675,189.09259259,0.81000000,0.54180756,0,58,0.71577499,0.09084732,0.46101106,0.79250000,0.01044012,0.98955988,0
606,70699,0.26152518,0.00000000,158.30000000,67.81478978,2.33417535,0.72390671,0.44442877,0.69229403,189.41095890,0.73000000,-0.26949493,0,59,0.71662364,0.09027854,0.35891470,0.73500000,0.00620293,0.99379707,0
607,70799,0.30664712,0.00000000,173.64000000,68.33936143,2.54161312,0.78989493,0.48775548,0.61995865,197.32051282,0.78000000,-1.07481267,0,60,0.71621127,0.08955292,0.36656045,0.78000000,0.01031639,0.98968361,0
608,70899,0.30913409,0.00000000,165.99000000,68.83014277,2.41211704,0.76083718,0.48475177,0.72192440,190.00000000,0.77000000,0.08161568,0,61,0.71460706,0.08965605,0.62190742,0.76500000,0.01045891,0.98954109,0
609,70999,0.30846573,0.00000000,158.12000000,69.25257725,2.28309046,0.73054672,0.55184183,0.67756161,189.15540541,0.74000000,-0.41800821,0,62,0.71472702,0.08891072,0.55863520,0.75500000,0.00008627,0.99991373,0
610,71099,0.08581352,0.00000000,61.91000000,69.43076625,0.89175431,0.21923110,0.63246795,1.37476622,167.77777778,0.18000000,nan,0,62,0.71412757,0.08830517,7.30973218,0.34250000,-0.01189404,1.01189404,0
611,71199,0.35161862,0.00000000,168.73000000,69.71625432,2.42096718,0.76389208,0.53603947,0.92641169,198.50000000,0.73000000,2.40398300,0,63,0.71412757,0.08830517,0.30767520,0.75250000,0.01498915,0.98501085,0
612,71299,0.34037437,0.00000000,156.96000000,70.13013773,2.23812598,0.73118225,0.54145593,0.81137344,186.45394737,0.76000000,1.02504685,0,64,0.71749716,0.09158243,0.41675418,0.76250000,0.00680782,0.99319218,0
613,71399,0.27168007,0.00000000,159.75000000,70.55505409,2.26423147,0.73158468,0.43601683,0.68230159,184.51875000,0.80000000,-0.40021233,0,65,0.71896398,0.09160736,0.53267006,0.78750000,0.01167348,0.98832652,0
614,71499,0.29913204,0.00000000,142.07000000,70.96551713,2.00236400,0.65137780,0.59554548,0.81402248,180.78571429,0.63000000,1.05076771,0,66,0.71839994,0.09100255,0.56281499,0.68750000,0.01776352,0.98223648,0
615,71599,0.16900220,0.00000000,129.98000000,71.25531197,1.82425657,0.54071069,0.41436814,0.73869563,166.98507463,0.67000000,0.20696348,0,67,0.71984877,0.09106370,0.75473596,0.68500000,0.00872691,0.99127309,0
616,71699,0.23538542,0.00000000,133.41000000,71.53106144,1.86504846,0.59967883,0.50078275,0.89589038,165.77611940,0.67000000,1.94424012,0,68,0.72013007,0.09040052,0.53257322,0.70750000,0.02006933,0.97993067,0
617,71799,0.27166714,0.00000000,131.42000000,71.82348558,1.82982358,0.57515871,0.52877820,0.90524266,173.78333333,0.60000000,1.97926098,0,69,0.72271478,0.09222022,0.83750527,0.66500000,-0.00154275,1.00154275,0
618,71899,0.22893823,0.00000000,135.87000000,72.11266371,1.88419429,0.57705022,0.50605646,0.78758257,175.98484848,0.66000000,0.66095631,0,70,0.72536011,0.09414005,0.52765210,0.70750000,-0.00377444,1.00377444,0
619,71999,0.25825936,0.00000000,132.64000000,72.39013488,1.83221105,0.56576364,0.56529640,0.84347859,182.76724138,0.58000000,1.25043788,0,71,0.72624900,0.09375083,0.65265447,0.64500000,0.00963103,0.99036897,0
620,72099,0.09883945,0.04398381,52.10000000,72.47883016,0.71890672,0.14274023,0.85880529,4.79605429,166.45454545,0.11000000,nan,0,71,0.72790012,0.09411279,8.64828028,0.26000000,0.00402175,0.99597825,0
621,72199,0.15728621,0.00000000,108.03000000,72.47043550,1.49031864,0.46722079,0.49386245,0.83480239,178.61458333,0.48000000,nan,0,71,0.72790012,0.09411279,5.45268241,0.54000000,0.00024553,0.99975447,0
622,72299,0.24530024,0.00000000,143.91000000,72.76386951,1.97767346,0.59911205,0.49140010,0.77692574,185.88888889,0.63000000,0.52092407,0,72,0.72790012,0.09411279,0.54163760,0.69750000,0.01010698,0.98989302,0
623,72399,0.24069350,0.00000000,144.49000000,73.12035703,1.97636445,0.59537868,0.49670076,0.88670899,179.26760563,0.71000000,1.68892993,0,73,0.72858103,0.09362612,0.56473730,0.71250000,0.01197246,0.98802754,0
624,72499,0.22093193,0.00000000,131.33000000,73.40701987,1.78921482,0.56687630,0.50525250,0.80053609,171.44262295,0.61000000,0.73618691,0,74,0.73074717,0.09479783,0.55008022,0.67000000,0.01222047,0.98777953,0
625,72599,0.27252835,0.00000000,144.87000000,73.67623773,1.96618329,0.59963916,0.55207560,0.92082595,195.45967742,0.62000000,2.00153758,0,75,0.73169026,0.09449520,0.96130556,0.69000000,-0.01218796,1.01218796,0
626,72699,0.22974435,0.00000000,138.32000000,74.01006086,1.86914110,0.56007264,0.55532148,0.88847260,179.32539683,0.63000000,1.60084362,0,76,0.73421207,0.09636202,0.75836929,0.68250000,0.00100637,0.99899363,0
627,72799,0.22952491,0.00000000,144.41000000,74.31333215,1.94347311,0.64966825,0.50283290,0.86785780,172.23943662,0.71000000,1.35213606,0,77,0.73624182,0.09733930,0.47440532,0.73000000,0.00848940,0.99151060,0
628,72899,0.23901286,0.00000000,146.35000000,74.62560153,1.96127345,0.63276136,0.49734261,0.77810759,178.26056338,0.71000000,0.41037490,0,78,0.73795111,0.09785316,0.67585190,0.71750000,0.01170288,0.98829712,0
629,72999,0.20675618,0.00000000,125.99000000,74.88974400,1.68235561,0.53063874,0.50002233,0.94116122,162.13846154,0.65000000,2.08272949,0,79,0.73846594,0.09732194,1.14314353,0.68750000,0.01333395,0.98666605,0
630,73099,0.09225953,0.00551175,66.18000000,74.95199681,0.88303761,0.19879231,0.58856148,3.24933183,167.77272727,0.22000000,nan,0,79,0.74103170,0.09934887,6.02066228,0.37000000,0.00683180,0.99316820,0
631,73199,0.17603096,0.00000000,113.60000000,75.05060724,1.51366924,0.42631349,0.49233202,0.82272927,167.75510204,0.49000000,nan,0,79,0.74103170,0.09934887,1.24667024,0.61750000,-0.00467749,1.00467749,0
632,73299,0.12631673,0.00000000,90.04000000,75.18366530,1.19765848,0.36844998,0.46695845,0.80761909,162.17142857,0.35000000,nan,0,79,0.74103170,0.09934887,2.43338136,0.51000000,0.00073790,0.99926210,0
633,73399,0.07045639,0.00000000,62.50000000,75.18174271,0.83131512,0.20575507,0.55044101,0.99237291,135.70454545,0.22000000,nan,0,79,0.74103170,0.09934887,4.08602332,0.41250000,0.00536435,0.99463565,0
634,73499,0.04068488,0.00000000,51.36000000,75.08955046,0.68401760,0.12789011,0.41747093,0.82806255,139.96875000,0.16000000,nan,0,79,0.74103170,0.09934887,2.72688445,0.35250000,0.01040297,0.98959703,0
635,73599,0.03274041,0.00000000,56.49000000,74.99242407,0.75332302,0.11340773,0.47373524,0.82641961,127.20588235,0.17000000,nan,0,79,0.74103170,0.09934887,2.14884526,0.37750000,0.01002658,0.98997342,0
636,73699,0.03798783,0.00000000,54.13000000,74.92128869,0.72248838,0.13695052,0.45187881,0.80172111,128.42857143,0.14000000,nan,0,79,0.74103170,0.09934887,1.34857904,0.38750000,-0.00493077,1.00493077,0
637,73799,0.05752868,0.00000000,63.06000000,74.84843735,0.84251043,0.16434421,0.42707856,0.73970129,119.65789474,0.19000000,nan,0,79,0.74103170,0.09934887,1.42872521,0.40750000,-0.00170960,1.00170960,0
638,73899,0.08735775,0.01402710,68.99000000,74.81522554,0.92214526,0.20801637,0.53936311,0.99903486,145.71428571,0.21000000,nan,0,79,0.74103170,0.09934887,2.10218045,0.44750000,-0.00226105,1.00226105,0
639,73999,0.05740421,0.00000000,64.36000000,74.77665828,0.86070459,0.17571192,0.53181484,0.69891409,154.59375000,0.16000000,nan,0,79,0.74103170,0.09934887,1.15669811,0.40000000,0.00109303,0.99890697,0
640,74099,0.10246979,0.00000000,71.25000000,74.73422914,0.95340445,0.23694213,0.53515660,1.10085557,149.75000000,0.24000000,nan,0,79,0.74103170,0.09934887,5.49104401,0.39750000,0.01604881,0.98395119,0
641,74199,0.05160927,0.00000000,62.27000000,74.70937663,0.83351002,0.13696330,0.49398389,0.96212504,115.37500000,0.20000000,nan,0,79,0.74103170,0.09934887,1.47200649,0.42500000,-0.00593561,1.00593561,0
642,74299,0.10277102,0.00438756,75.15000000,74.67634970,1.00635573,0.21866742,0.46823502,0.97390548,150.45454545,0.22000000,nan,0,79,0.74103170,0.09934887,1.81385617,0.43750000,0.00368031,0.99631969,0
643,74399,0.09188594,0.00000000,86.37000000,74.71585509,1.15600387,0.27736744,0.49062808,0.72788033,135.01250000,0.40000000,nan,0,79,0.74103170,0.09934887,1.31607267,0.52500000,0.00392012,0.99607988,0
644,74499,0.07829730,0.00000000,78.19000000,74.74250540,1.04613499,0.21763124,0.49637748,0.85277866,121.74242424,0.33000000,nan,0,79,0.74103170,0.09934887,0.97397696,0.51750000,-0.00295662,1.00295662,0
645,74599,0.12378799,0.01359513,88.16000000,74.77368430,1.17902728,0.26786785,0.59830191,1.06848852,137.11250000,0.40000000,nan,0,79,0.74103170,0.09934887,0.90621077,0.56250000,0.00479572,0.99520428,0
646,74699,0.11182401,0.00000000,96.26000000,74.85273544,1.28601713,0.36904191,0.48286444,0.79147077,149.17441860,0.43000000,nan,0,79,0.74103170,0.09934887,1.02712201,0.57000000,0.00901188,0.99098812,0
647,74799,0.08647966,0.00000000,91.90000000,74.93674794,1.22640553,0.30778719,0.54516795,0.75591682,151.10256410,0.39000000,nan,0,79,0.74103170,0.09934887,1.16406403,0.55000000,-0.00024556,1.00024556,0
648,74899,0.10978796,0.00000000,95.83000000,75.01406182,1.27753971,0.30501868,0.45479609,0.84165381,161.34210526,0.38000000,nan,0,79,0.74103170,0.09934887,1.01593718,0.55750000,0.00044350,0.99955650,0
649,74999,0.14437028,0.00000000,108.83000000,75.11370559,1.44886064,0.39711885,0.47948648,0.93333576,144.63265306,0.49000000,nan,0,79,0.74103170,0.09934887,0.84366318,0.59500000,0.00491167,0.99508833,0
650,75099,0.14878211,0.01749855,76.22000000,75.14726074,1.01428650,0.30119983,0.68030356,2.31209998,155.93548387,0.31000000,nan,0,79,0.74103170,0.09934887,8.67861302,0.41250000,0.02198688,0.97801312,0
651,75199,0.08829461,0.00000000,95.20000000,75.22700319,1.26550012,0.32079946,0.42870632,0.82098536,139.41111111,0.45000000,nan,0,79,0.74103170,0.09934887,1.14795709,0.57500000,0.00737805,0.99262195,0
652,75299,0.10296614,0.00000000,92.16000000,75.28725003,1.22406897,0.32177915,0.47560841,0.79729276,134.35000000,0.50000000,0.56629785,0,80,0.74103170,0.09934887,1.44300054,0.58000000,0.02250760,0.97749240,0
653,75399,0.09857284,0.00000000,95.34000000,75.37803322,1.26482141,0.35868291,0.43420562,0.95975258,123.31481481,0.54000000,2.20401752,0,81,0.74173497,0.09891828,1.02204085,0.63000000,0.01880898,0.98119102,0
654,75499,0.13637942,0.00000000,102.48000000,75.48212137,1.35771836,0.35513560,0.48961974,0.77718322,142.39534884,0.43000000,nan,0,81,0.74442654,0.10123896,0.72588341,0.59000000,0.00915461,0.99084539,0
655,75599,0.13121373,0.00000000,103.45000000,75.58059987,1.36873437,0.35788130,0.56370006,0.86863059,153.90816327,0.49000000,nan,0,81,0.74442654,0.10123896,0.91310502,0.62000000,-0.00507202,1.00507202,0
656,75699,0.12792524,0.00000000,104.57000000,75.69503213,1.38146347,0.40476257,0.46396511,0.79309352,136.79245283,0.53000000,0.48071394,0,82,0.74442654,0.10123896,0.91445964,0.63000000,0.00791542,0.99208458,0
657,75799,0.11428218,0.00000000,96.36000000,75.79032655,1.27138926,0.34463531,0.49743028,0.68021127,126.40566038,0.53000000,-0.64322802,0,83,0.74502004,0.10075552,0.58959818,0.64250000,0.00333756,0.99666244,0
658,75899,0.14904485,0.00000000,113.79000000,75.91567045,1.49894185,0.44957018,0.46318776,0.74389016,153.50862069,0.58000000,-0.00347691,0,84,0.74423921,0.10039163,0.61548403,0.67500000,-0.00004779,1.00004779,0
659,75999,0.12985295,0.00000000,105.09000000,76.03707029,1.38207004,0.39716932,0.50850775,0.83914573,137.26785714,0.56000000,0.95115135,0,85,0.74423506,0.09978503,0.67224781,0.64750000,-0.00000368,1.00000368,0
660,76099,0.12221523,0.02326906,66.37000000,76.05680020,0.87269479,0.23627889,0.64321726,1.13734636,149.58000000,0.25000000,nan,0,85,0.74535165,0.09972208,8.03859736,0.36500000,0.00293879,0.99706121,0
661,76199,0.13403643,0.00000000,106.05000000,76.10633343,1.39338386,0.37192994,0.47547857,0.76697046,136.13709677,0.62000000,0.21679057,0,86,0.74535165,0.09972208,0.64844669,0.67250000,0.01105308,0.98894692,0
662,76299,0.13421905,0.00000000,96.34000000,76.20877918,1.26413718,0.32902127,0.52106531,0.81631865,125.08928571,0.56000000,0.71313826,0,87,0.74560304,0.09916115,0.69080367,0.63250000,0.00534686,0.99465314,0
663,76399,0.10934567,0.00000000,94.39000000,76.28470219,1.23732588,0.29669681,0.50150056,0.75288765,140.92105263,0.38000000,nan,0,87,0.74641586,0.09887404,0.78238984,0.58000000,0.00844321,0.99155679,0
664,76499,0.12287571,0.00000000,98.97000000,76.37570070,1.29585968,0.34006237,0.51887476,0.75895462,131.72321429,0.56000000,0.12681547,0,88,0.74641586,0.09887404,0.72502136,0.64750000,0.00174174,0.99825826,0
665,76599,0.10056965,0.00000000,96.01000000,76.45265282,1.25581915,0.32158080,0.47438070,0.70032150,119.78947368,0.57000000,-0.47030126,0,89,0.74655834,0.09831325,0.73582748,0.67750000,0.01163957,0.98836043,0
666,76699,0.10610963,0.00000000,93.41000000,76.52359467,1.22068093,0.32968780,0.49831607,0.74773999,120.40566038,0.53000000,0.01738084,0,90,0.74603883,0.09787584,0.72118681,0.62750000,0.00111406,0.99888594,0
667,76799,0.15339045,0.00000000,103.82000000,76.58099276,1.35558535,0.36498545,0.51044747,0.76826124,135.76851852,0.54000000,0.22813875,0,91,0.74605773,0.09732459,0.63510971,0.65000000,-0.00165599,1.00165599,0
668,76899,0.08518433,0.00000000,91.87000000,76.68487763,1.19802543,0.27305648,0.55512353,0.76502214,132.03061224,0.49000000,nan,0,91,0.74630173,0.09681037,0.87168561,0.60500000,0.01214681,0.98785319,0
669,76999,0.12832636,0.00000000,110.73000000,76.77801701,1.44221412,0.37920801,0.48688272,0.86172461,137.01562500,0.64000000,1.19225743,0,92,0.74630173,0.09681037,0.50811334,0.70000000,0.00520647,0.99479353,0
670,77099,0.08905540,0.00000000,78.33000000,76.80603782,1.01985187,0.26746196,0.47199543,1.08754352,170.04411765,0.34000000,nan,0,92,0.74755632,0.09702610,3.73671747,0.42250000,0.02171731,0.97828269,0
671,77199,0.13328652,0.00000000,112.22000000,76.89938841,1.45922872,0.40469538,0.50896200,0.81451658,141.70338983,0.59000000,0.69012625,0,93,0.74755632,0.09702610,0.66699032,0.67250000,-0.00082442,1.00082442,0
672,77299,0.15585614,0.00000000,114.81000000,77.05803531,1.48996943,0.41804334,0.54811634,0.81610398,152.25423729,0.59000000,0.70108399,0,94,0.74827633,0.09674683,0.66423578,0.66000000,0.02232859,0.97767141,0
673,77399,0.14093612,0.00000000,107.03000000,77.17443748,1.38684882,0.39862453,0.49625340,0.74898787,142.74545455,0.55000000,-0.00010394,0,95,0.74899790,0.09647926,0.83043038,0.66000000,-0.00199637,1.00199637,0
674,77499,0.09325679,0.00000000,93.08000000,77.26254861,1.20472834,0.30088461,0.51628361,1.04662568,123.45283019,0.53000000,3.10143090,1,95,0.74899779,0.09596470,1.14950255,0.62000000,-0.00208585,1.00208585,0
675,77599,0.11579850,0.00000000,105.17000000,77.34590791,1.35975884,0.37186819,0.46749218,0.74285096,153.96000000,0.50000000,-0.06405304,0,96,0.74899779,0.09596470,1.18311708,0.61500000,0.01296246,0.98703754,0
676,77699,0.11867195,0.00000000,102.31000000,77.44260777,1.32112124,0.37250670,0.52869123,0.82620724,134.85964912,0.57000000,0.80948243,0,97,0.74893376,0.09546035,0.53093996,0.67250000,0.00763443,0.99236557,0
677,77799,0.08097754,0.00000000,102.46000000,77.52386118,1.32162958,0.32267392,0.44655418,0.61709676,128.54237288,0.59000000,-1.39196137,0,98,0.74973040,0.09528543,0.49339272,0.69250000,0.00753048,0.99246952,0
678,77899,0.16687747,0.00000000,121.22000000,77.65414872,1.56100811,0.48604059,0.52310142,0.76664176,146.56944444,0.72000000,0.19078435,0,99,0.74837699,0.09573515,0.50758033,0.73250000,0.01052623,0.98947377,0
679,77999,0.16334950,0.00000000,126.91000000,77.82965183,1.63064728,0.51099824,0.46505468,0.76966507,147.30821918,0.73000000,0.22152937,0,100,0.74856148,0.09526314,0.37002207,0.73000000,0.01551258,0.98448742,0
680,78099,0.10900322,0.02270976,58.18000000,77.86963996,0.74720232,0.19112722,0.81124156,3.06214448,188.75000000,0.16000000,nan,0,100,0.74877252,0.09480428,9.79391821,0.28000000,-0.00608151,1.00608151,0
681,78199,0.13080273,0.00000000,111.01000000,77.91212233,1.42485901,0.42465700,0.42947641,0.81826956,137.78358209,0.67000000,0.73305808,0,101,0.74877252,0.09480428,0.55504403,0.69500000,-0.00092767,1.00092767,0
682,78299,0.13357683,0.00000000,107.93000000,78.01085969,1.38349466,0.39381797,0.51650048,0.83827881,129.71323529,0.68000000,0.93905825,0,102,0.74946061,0.09458221,0.46699508,0.70750000,0.00072367,0.99927633,0
683,78399,0.12124128,0.00000000,111.86000000,78.14577129,1.43150666,0.41265044,0.53213644,0.75591742,143.22881356,0.59000000,0.05909737,0,103,0.75033138,0.09452281,0.52717272,0.68500000,-0.00127933,1.00127933,0
684,78499,0.18276219,0.00000000,125.70000000,78.26215705,1.60602734,0.51507111,0.48434947,0.65186963,150.42253521,0.71000000,-1.04737459,0,104,0.75038561,0.09405993,0.75684938,0.75000000,0.01206700,0.98793300,0
685,78599,0.13172756,0.00000000,125.17000000,78.44591701,1.59562789,0.47714595,0.41893541,0.60636363,144.12987013,0.77000000,-1.52046366,0,105,0.74943834,0.09409939,0.44669240,0.73500000,0.00757764,0.99242236,0
686,78699,0.19974350,0.00000000,124.94000000,78.60987933,1.58936567,0.51201305,0.58698435,0.78822419,151.99315068,0.73000000,0.42403891,0,106,0.74807572,0.09468110,0.53198512,0.72500000,0.01399162,0.98600838,0
687,78799,0.16012960,0.00000000,132.50000000,78.79483069,1.68163994,0.54475134,0.43864912,0.67634265,153.76760563,0.71000000,-0.76462703,0,107,0.74845448,0.09430981,0.43644832,0.74250000,0.01751968,0.98248032,0
688,78899,0.23883157,0.00000000,149.66000000,79.01158379,1.89420172,0.58966790,0.55098744,0.84498376,169.38888889,0.81000000,1.03273173,0,108,0.74778054,0.09412243,0.35732600,0.80500000,0.01305301,0.98694699,0
689,78999,0.18703882,0.00000000,147.95000000,79.24802380,1.86687011,0.65567261,0.48365669,0.67888860,160.50595238,0.84000000,-0.74130582,0,109,0.74868057,0.09414734,0.34969503,0.80750000,0.02346071,0.97653929,0
690,79099,0.15283996,0.00000000,109.31000000,79.38669681,1.37675881,0.40499517,0.59160023,0.91688487,171.57843137,0.51000000,1.79720196,0,110,0.74804028,0.09394859,3.60224922,0.55250000,0.01808405,0.98191595,0
691,79199,0.25103911,0.00000000,154.89000000,79.58441318,1.94593916,0.63379659,0.47811733,0.69601608,179.83974359,0.78000000,-0.56442093,0,111,0.74957523,0.09489221,0.30838299,0.77250000,0.01190910,0.98809090,0
692,79299,0.21019291,0.00000000,156.70000000,79.88054197,1.96175438,0.67074375,0.43219307,0.61711896,176.36746988,0.83000000,-1.39512167,0,112,0.74909271,0.09459659,0.26067726,0.81250000,0.00100355,0.99899645,0
693,79399,0.23511576,0.00000000,151.30000000,80.14409700,1.88798635,0.66864019,0.48168237,0.66380646,162.92441860,0.86000000,-0.88542464,0,113,0.74791438,0.09499161,0.23758038,0.82250000,0.00398646,0.99601354,0
694,79499,0.28746412,0.00000000,166.60000000,80.40971835,2.07197229,0.68667266,0.61471660,0.73030034,182.84705882,0.85000000,-0.17776868,0,114,0.74717006,0.09489702,0.28164162,0.83000000,0.00167337,0.99832663,0
695,79599,0.20771537,0.00000000,150.72000000,80.67793012,1.86821882,0.65474379,0.42298283,0.73691117,165.96385542,0.83000000,-0.10700571,0,115,0.74702208,0.09448940,0.30866768,0.79750000,0.01557175,0.98442825,0
696,79699,0.22742200,0.00000000,147.56000000,80.90503149,1.82383680,0.59380732,0.50116298,0.78837346,171.03896104,0.77000000,0.44047452,0,116,0.74693416,0.09407878,0.38744393,0.80500000,0.00765388,0.99234612,0
697,79799,0.26358209,0.00000000,157.82000000,81.15196781,1.94473136,0.65138615,0.51971470,0.76356891,177.93125000,0.80000000,0.17363085,0,117,0.74729139,0.09374784,0.26108520,0.78750000,0.01037128,0.98962872,0
698,79899,0.24796919,0.00000000,163.85000000,81.41909091,2.01236094,0.66359777,0.47205410,0.69135662,187.62345679,0.81000000,-0.60065226,0,118,0.74743052,0.09335501,0.28633303,0.81250000,0.00430609,0.99569391,0
699,79999,0.22230967,0.00000000,152.54000000,81.69856566,1.86724634,0.62235706,0.50915437,0.62708537,175.44155844,0.77000000,-1.28756156,0,119,0.74695531,0.09309842,0.26991372,0.80000000,0.01892197,0.98107803,0
700,80099,0.00811378,0.00204399,23.84000000,81.71819848,0.29167667,0.02644752,0.41272700,4.14993635,123.50000000,0.03000000,nan,0,119,0.74594800,0.09335207,5.19721274,0.11000000,-0.01385501,1.01385501,0
701,80199,0.15988944,0.00704942,100.14000000,81.60656837,1.22701842,0.35382340,0.72885553,0.75023339,159.20000000,0.45000000,nan,0,119,0.74594800,0.09335207,3.87105670,0.53250000,0.01684419,0.98315581,0
702,80299,0.28321299,0.00000000,185.17000000,81.82813523,2.26264812,0.71248696,0.47991358,0.73840377,209.14197531,0.81000000,-0.08081488,0,120,0.74594800,0.09335207,0.26695446,0.82500000,0.01598570,0.98401430,0
703,80399,0.27657872,0.00000000,151.95000000,82.12717111,1.85008132,0.64068554,0.49894065,0.71157065,170.45679012,0.81000000,-0.36912554,0,121,0.74588513,0.09296156,0.34113826,0.79000000,0.00538991,0.99461009,0
704,80499,0.25191601,0.00000000,162.05000000,82.40073256,1.96677845,0.64136114,0.50267326,0.71196709,192.30263158,0.76000000,-0.36312127,0,122,0.74560154,0.09262596,0.38997125,0.78500000,0.01639555,0.98360445,0
705,80599,0.22036416,0.00000000,167.09000000,82.67450314,2.02124234,0.66358081,0.44285708,0.69941347,188.95783133,0.83000000,-0.49746520,0,123,0.74532585,0.09229266,0.33027637,0.81750000,0.01564762,0.98435238,0
706,80699,0.18755479,0.00000000,158.03000000,82.91119766,1.90586201,0.66649490,0.44791679,0.85563563,169.04705882,0.85000000,1.20298754,0,124,0.74495258,0.09200681,0.28665394,0.82250000,0.00197505,0.99802495,0
707,80799,0.26311474,0.00000000,167.26000000,83.18202446,2.01069465,0.70229898,0.48904273,0.65976729,186.94512195,0.82000000,-0.93390813,0,125,0.74584519,0.09216955,0.32863518,0.84250000,0.00583152,0.99416848,0
708,80899,0.29836130,0.00000000,177.82000000,83.47092042,2.13016362,0.73303645,0.50677742,0.75682676,186.34408602,0.93000000,0.12668550,0,126,0.74515656,0.09211944,0.22190880,0.84750000,-0.00147973,1.00147973,0
709,80999,0.28718876,0.00000000,171.75000000,83.77498850,2.05004188,0.69647881,0.50761505,0.68620871,196.87974684,0.79000000,-0.64344995,0,127,0.74524918,0.09175612,0.37552825,0.82750000,0.00947228,0.99052772,0
710,81099,0.20525467,0.00000000,136.64000000,83.97654575,1.62685013,0.56738877,0.52575159,0.87873476,180.35245902,0.61000000,1.46327872,0,128,0.74478430,0.09154132,3.19097558,0.67000000,0.00964342,0.99035658,0
711,81199,0.30956705,0.00000000,171.39000000,84.24618288,2.03444868,0.74514820,0.52161029,0.88516606,185.36781609,0.87000000,1.51540861,0,129,0.74583079,0.09194568,0.22020239,0.84000000,0.00854205,0.99145795,0
712,81299,0.25559910,0.00000000,166.44000000,84.51889638,1.96928411,0.70357899,0.46249974,0.70350131,183.40963855,0.83000000,-0.46978156,0,130,0.74691090,0.09240379,0.24668752,0.83500000,-0.00106110,1.00106110,0
713,81399,0.22170257,0.00000000,162.89000000,84.77210478,1.92145647,0.66375103,0.52396681,0.73075620,190.48026316,0.76000000,-0.17173428,0,131,0.74657698,0.09212364,0.50629304,0.78000000,0.00744744,0.99255256,0
714,81499,0.27893546,0.00000000,174.71000000,85.03987194,2.05434460,0.74304877,0.47098384,0.74840860,193.57228916,0.83000000,0.02127268,0,132,0.74645621,0.09177905,0.34567288,0.80750000,0.00442608,0.99557392,0
715,81599,0.26329707,0.00000000,171.02000000,85.32663826,2.00424729,0.73357116,0.46567575,0.68674649,188.84939759,0.83000000,-0.65323936,0,133,0.74647101,0.09142823,0.23954556,0.80750000,0.00904146,0.99095854,0
716,81699,0.17343502,0.00000000,154.28000000,85.57171532,1.80286582,0.56819250,0.46477961,0.83756976,194.54545455,0.66000000,1.00350161,0,134,0.74602195,0.09122836,0.82444270,0.73750000,0.01008199,0.98991801,0
717,81799,0.25267565,0.00000000,167.64000000,85.81499741,1.95344371,0.69560844,0.49529352,0.73020988,189.14375000,0.80000000,-0.18081324,0,135,0.74670514,0.09122819,0.38080730,0.79500000,0.01028348,0.98971652,0
718,81899,0.24853740,0.00000000,180.22000000,86.10230086,2.09310847,0.69199896,0.50337651,0.78863933,204.77439024,0.82000000,0.46267538,0,136,0.74658295,0.09089824,0.23857309,0.84250000,0.01027959,0.98972041,0
719,81999,0.23129775,0.00000000,155.08000000,86.36917443,1.79562655,0.59515365,0.55086355,0.73883997,187.02777778,0.72000000,-0.08884453,0,137,0.74689219,0.09063273,0.50287609,0.75500000,0.00319391,0.99680609,0
720,82099,0.18766226,0.00000000,147.66000000,86.52777305,1.70619869,0.50856473,0.51105252,0.91543626,206.61864407,0.59000000,1.86710956,0,138,0.74683342,0.09030153,3.45508165,0.63750000,-0.00887222,1.00887222,0
721,82199,0.26385902,0.00000000,145.10000000,86.74714856,1.67260889,0.57976851,0.56827808,0.92701614,176.23571429,0.70000000,1.96425273,0,139,0.74805518,0.09110893,0.40068281,0.74250000,0.02617942,0.97382058,0
722,82299,0.22576255,0.00000000,152.77000000,86.94540218,1.75702180,0.64079600,0.47515270,0.70988170,170.63580247,0.81000000,-0.42874388,0,140,0.74934267,0.09203856,0.26746321,0.79250000,0.00086502,0.99913498,0
723,82399,0.21319996,0.00000000,161.46000000,87.16630375,1.85226909,0.63845870,0.48187874,0.71468483,191.50657895,0.76000000,-0.37459848,0,141,0.74906080,0.09176751,0.53947527,0.79000000,0.01875640,0.98124360,0
724,82499,0.28187171,0.00000000,179.86000000,87.43511881,2.05709204,0.76016495,0.45616310,0.65372801,198.87500000,0.84000000,-1.03939434,0,142,0.74881700,0.09148500,0.24182196,0.83000000,0.00395632,0.99604368,0
725,82599,0.25278154,0.00000000,168.04000000,87.71010636,1.91593043,0.68794141,0.50850627,0.78623917,192.78658537,0.82000000,0.41626486,0,143,0.74814736,0.09150859,0.43847210,0.79500000,0.00575739,0.99424261,0
726,82699,0.28330008,0.00000000,192.64000000,87.98698305,2.18936119,0.75927761,0.43290896,0.54123033,206.44886364,0.88000000,-2.27071644,0,144,0.74841374,0.09124143,0.19682697,0.82750000,0.02078286,0.97921714,0
727,82799,0.31125511,0.00000000,180.01000000,88.29606315,2.03871335,0.67120618,0.58305651,0.73972241,202.52439024,0.82000000,-0.07836647,0,145,0.74697496,0.09254659,0.28961353,0.82500000,0.00787770,0.99212230,0
728,82899,0.22628334,0.00000000,155.62000000,88.56234654,1.75735794,0.56240191,0.53408289,0.78891614,193.01428571,0.70000000,0.45530428,0,146,0.74692494,0.09222665,0.48823448,0.73750000,0.00643785,0.99356215,0
729,82999,0.24446057,0.00000000,178.58000000,88.77628820,2.01148788,0.67515914,0.49469345,0.65580484,208.94078947,0.76000000,-0.99384562,0,147,0.74721256,0.09197376,0.38891386,0.77750000,0.01350694,0.98649306,0
730,83099,0.15669208,0.00000000,123.11000000,88.94049557,1.38404370,0.43084305,0.46989192,0.80201632,187.93478261,0.46000000,nan,0,147,0.74659073,0.09196778,2.43860206,0.58250000,0.01746896,0.98253104,0
731,83199,0.28294237,0.00000000,185.33000000,89.18215286,2.07820303,0.72333399,0.46753976,0.78929946,199.72471910,0.89000000,0.46438790,0,148,0.74659073,0.09196778,0.24855404,0.84000000,0.00141237,0.99858763,0
732,83299,0.26550251,0.00000000,184.05000000,89.47360297,2.05712380,0.74352037,0.47144182,0.74997430,205.72093023,0.86000000,0.03374331,0,149,0.74687931,0.09172164,0.35801730,0.81250000,0.01433966,0.98566034,0
733,83399,0.21645338,0.00000000,167.90000000,89.74734482,1.87098456,0.61327278,0.50373484,0.71600718,191.52469136,0.81000000,-0.33795385,0,150,0.74690008,0.09141159,0.44040772,0.80250000,-0.00432422,1.00432422,0
734,83499,0.21150056,0.00000000,158.57000000,89.96195508,1.76271709,0.56545587,0.52001720,0.81709611,187.93333333,0.75000000,0.77246619,0,151,0.74669413,0.09113924,0.54873847,0.73750000,-0.00002121,1.00002121,0
735,83599,0.23750743,0.00000000,165.06000000,90.16904303,1.83055686,0.59775905,0.50118528,0.81215556,200.46575342,0.73000000,0.71411179,0,152,0.74716036,0.09101543,0.55540609,0.75000000,0.02288510,0.97711490,0
736,83699,0.24522431,0.00000000,166.73000000,90.40485250,1.84432032,0.61352229,0.52879482,0.78562891,186.69620253,0.79000000,0.41864599,0,153,0.74758796,0.09086661,0.32998021,0.78750000,-0.00143554,1.00143554,0
737,83799,0.27924672,0.00000000,180.61000000,90.64976074,1.99240472,0.69827420,0.51674368,0.83376145,201.42500000,0.80000000,0.94819468,0,154,0.74783660,0.09061942,0.39727149,0.81750000,-0.00125774,1.00125774,0
738,83899,0.18262632,0.00000000,157.46000000,90.87694707,1.73261690,0.59524542,0.42508534,0.76353719,186.15068493,0.73000000,0.16715986,0,155,0.74839455,0.09058780,0.56390503,0.76500000,0.01125252,0.98874748,0
739,83999,0.15570895,0.00000000,138.75000000,91.05172253,1.52384594,0.45753863,0.50919604,0.86072867,196.75000000,0.52000000,1.24290916,0,156,0.74849225,0.09030139,1.25040078,0.63000000,0.01063846,0.98936154,0
740,84099,0.11768085,0.00000000,102.32000000,91.08852225,1.12324292,0.34455547,0.44871197,0.85758756,194.89285714,0.42000000,nan,0,156,0.74921171,0.09045708,4.87326595,0.49750000,0.00964313,0.99035687,0
741,84199,0.22157582,0.00000000,159.52000000,91.26082196,1.74795883,0.56360589,0.48292162,0.73558939,202.86764706,0.68000000,-0.15059429,0,157,0.74921171,0.09045708,0.67861006,0.73500000,0.01593786,0.98406214,0
742,84299,0.22544668,0.00000000,167.89000000,91.46610366,1.83545929,0.62037967,0.47784913,0.74343160,205.40972222,0.72000000,-0.06313784,0,158,0.74912494,0.09017324,0.77946201,0.74750000,0.01683202,0.98316798,0
743,84399,0.20856690,0.00000000,153.29000000,91.69265472,1.67187525,0.55998149,0.48728553,0.70481918,192.01639344,0.61000000,-0.49250565,0,159,0.74908891,0.08988675,0.60258710,0.70000000,-0.01026269,1.01026269,0
744,84499,0.19530051,0.00000000,165.61000000,91.87103282,1.80256544,0.55981322,0.47429568,0.72432793,192.14285714,0.77000000,-0.27302768,0,160,0.74881048,0.08967060,0.40667028,0.76500000,0.01208831,0.98791169,0
745,84599,0.19681597,0.00000000,166.73000000,92.11137191,1.81021568,0.60222811,0.44372495,0.77830112,204.83088235,0.68000000,0.33155067,0,161,0.74865747,0.08940912,0.52667007,0.72250000,-0.00050294,1.00050294,0
746,84699,0.21050598,0.00000000,160.18000000,92.31583224,1.73520520,0.56913790,0.46386924,0.80993171,180.09868421,0.76000000,0.68517487,0,162,0.74884159,0.08915989,0.45945956,0.76500000,0.01291542,0.98708458,0
747,84799,0.21276344,0.00000000,168.84000000,92.51863208,1.82494305,0.59373344,0.46335904,0.67811199,205.07575758,0.66000000,-0.79884333,0,163,0.74921869,0.08901207,0.52961119,0.74750000,0.00739295,0.99260705,0
748,84899,0.23011316,0.00000000,182.87000000,92.75122941,1.97153087,0.65096383,0.40852620,0.66286008,203.33734940,0.83000000,-0.96638057,0,164,0.74878245,0.08891152,0.37282869,0.78250000,0.01945540,0.98054460,0
749,84999,0.19914053,0.00000000,166.55000000,92.99434475,1.79094122,0.60306497,0.41102693,0.62046997,187.26190476,0.84000000,-1.43757205,0,165,0.74825854,0.08889194,0.34013182,0.80250000,0.00129140,0.99870860,0
750,85099,0.14614301,0.00000000,131.96000000,93.12210240,1.41690244,0.40395962,0.51649662,0.77819421,209.68085106,0.47000000,nan,0,165,0.74748406,0.08917715,3.48806025,0.58000000,0.01953802,0.98046198,0
751,85199,0.20693167,0.00000000,180.91000000,93.35801312,1.93796059,0.66045637,0.43101464,0.62824923,201.13095238,0.84000000,-1.33705582,0,166,0.74748406,0.08917715,0.28593566,0.80000000,0.01570991,0.98429009,0
752,85299,0.21731443,0.00000000,167.86000000,93.58140573,1.79377640,0.61668214,0.48905641,0.62135324,196.28289474,0.76000000,-1.40303092,0,167,0.74676578,0.08938686,0.56900820,0.77750000,0.03475192,0.96524808,0
753,85399,0.22196061,0.00000000,191.26000000,93.82644692,2.03849088,0.63089895,0.43007681,0.64061144,215.40588235,0.85000000,-1.17579848,0,168,0.74601480,0.08964407,0.32057899,0.81750000,0.00765916,0.99234084,0
754,85499,0.29214753,0.00000000,177.90000000,94.09209155,1.89079078,0.63832997,0.60250099,0.94754984,204.11250000,0.80000000,2.25264498,0,169,0.74538740,0.08974447,0.34642162,0.79000000,0.01033764,0.98966236,0
755,85599,0.22226975,0.00000000,198.21000000,94.35220941,2.10076668,0.67916063,0.40825547,0.59985728,219.89411765,0.85000000,-1.61560354,0,170,0.74658363,0.09081829,0.26138622,0.81750000,0.00503159,0.99496841,0
756,85699,0.23947139,0.00000000,180.05000000,94.61177485,1.90295967,0.64436403,0.50691248,0.69141634,201.56024096,0.83000000,-0.59514184,0,171,0.74572053,0.09124580,0.35435802,0.82000000,0.02385298,0.97614702,0
757,85799,0.29748715,0.00000000,223.41000000,94.93633639,2.35344253,0.80007302,0.42488767,0.64637916,238.73626374,0.91000000,-1.08731625,0,172,0.74540297,0.09107176,0.26759375,0.84500000,0.01356742,0.98643258,0
758,85899,0.30593379,0.00000000,217.15000000,95.27050672,2.27919188,0.76485998,0.47364806,0.63805441,224.18421053,0.95000000,-1.17180257,0,173,0.74482725,0.09111845,0.21677316,0.87750000,0.01240811,0.98759189,0
759,85999,0.23091330,0.00000000,196.56000000,95.59614776,2.05617974,0.74631267,0.39716037,0.63294918,211.85795455,0.88000000,-1.21976344,0,174,0.74421006,0.09121513,0.32174840,0.84250000,0.00937015,0.99062985,0
760,86099,0.17853119,0.00000000,115.52000000,95.69850736,1.20699788,0.38083358,0.50086074,0.71072508,225.55813953,0.43000000,nan,0,174,0.74357063,0.09134139,4.32852161,0.52750000,-0.00575907,1.00575907,0
761,86199,0.23504555,0.00000000,205.20000000,95.94825132,2.13870345,0.69909660,0.43317738,0.74921598,234.16666667,0.81000000,0.06180488,0,175,0.74357063,0.09134139,0.48726975,0.81000000,0.01667050,0.98332950,0
762,86299,0.27532210,0.00000000,226.39000000,96.27849769,2.35139689,0.77569680,0.44555217,0.63879996,244.39325843,0.89000000,-1.15067481,0,176,0.74360289,0.09107954,0.47078305,0.86250000,0.00768647,0.99231353,0
763,86399,0.26739186,0.00000000,190.00000000,96.58285848,1.96713119,0.66629480,0.46955462,0.74184375,220.87341772,0.79000000,-0.01276482,0,177,0.74300742,0.09116187,0.42743307,0.80250000,0.03807037,0.96192963,0
764,86499,0.30760490,0.00000000,208.91000000,96.87475567,2.15646262,0.70257503,0.51705094,0.75888893,241.43589744,0.78000000,0.17478146,0,178,0.74300084,0.09090256,0.42484898,0.78250000,0.00443274,0.99556726,0
765,86599,0.20923424,0.00000000,171.40000000,97.13170187,1.76457775,0.54342185,0.45898357,0.77829862,199.35256410,0.78000000,0.38838673,0,179,0.74309010,0.09065324,0.38015017,0.78000000,0.00242977,0.99757023,0
766,86699,0.28807742,0.00000000,210.48000000,97.40049541,2.16103276,0.69450055,0.50530326,0.85336086,243.28750000,0.80000000,1.21714160,0,180,0.74328680,0.09043653,0.36302953,0.79250000,0.02819606,0.97180394,0
767,86799,0.29691447,0.00000000,205.92000000,97.70400682,2.10761828,0.69603016,0.48938909,0.79658155,235.18750000,0.80000000,0.58177514,0,181,0.74389832,0.09055599,0.35482614,0.81250000,0.00912069,0.99087931,0
768,86899,0.24279826,0.00000000,182.24000000,97.96250357,1.86026306,0.61141484,0.45549938,0.70514721,211.30769231,0.78000000,-0.43193524,0,182,0.74418939,0.09038896,0.50915457,0.78750000,0.02582432,0.97417568,0
769,86999,0.19042289,0.00000000,185.08000000,98.21151489,1.88458725,0.63621033,0.40863211,0.63406801,215.07894737,0.76000000,-1.21867739,0,183,0.74397487,0.09018536,0.33820574,0.80000000,0.00986628,0.99013372,0
770,87099,0.20452019,0.00000000,142.51000000,98.34441638,1.44892764,0.46052164,0.57679000,1.09870616,209.50892857,0.56000000,3.93486338,1,183,0.74337429,0.09030348,2.93095721,0.63250000,0.00020707,0.99979293,0
771,87199,0.21582533,0.00000000,182.15000000,98.53751568,1.84837661,0.60587027,0.45127022,0.65739886,213.46000000,0.75000000,-0.95207215,0,184,0.74337429,0.09030348,0.37023272,0.79000000,-0.00383723,1.00383723,0
772,87299,0.27884549,0.00000000,207.60000000,98.80710976,2.10094448,0.69702538,0.48290132,0.70691418,237.72560976,0.82000000,-0.39868386,0,185,0.74290703,0.09027918,0.35820370,0.80250000,0.01598431,0.98401569,0
773,87399,0.31555864,0.00000000,226.01000000,99.13935046,2.27973673,0.78379225,0.47501814,0.63542189,239.54347826,0.92000000,-1.19115935,0,186,0.74271247,0.09007240,0.16450342,0.87250000,0.00688231,0.99311769,0
774,87499,0.27181338,0.00000000,218.33000000,99.47771828,2.19484233,0.74015403,0.46177108,0.64030803,236.34269663,0.89000000,-1.12925403,0,187,0.74213564,0.09017246,0.18611699,0.83750000,0.00955166,0.99044834,0
775,87599,0.27875174,0.00000000,217.85000000,99.80028454,2.18297014,0.70567909,0.45889936,0.65470217,249.14375000,0.80000000,-0.96289178,0,188,0.74159111,0.09023749,0.21218101,0.83500000,0.00311822,0.99688178,0
776,87699,0.22884046,0.00000000,196.28000000,100.09263695,1.96110666,0.62298508,0.47159500,0.57246036,232.09615385,0.78000000,-1.86955166,0,189,0.74112894,0.09021873,0.49986106,0.78750000,0.02120831,0.97879169,0
777,87799,0.35793460,0.00890649,217.30000000,100.36738389,2.16505972,0.72702612,0.59320830,0.86277896,242.33132530,0.83000000,1.34942209,0,190,0.74023651,0.09081106,0.26751211,0.83250000,0.00499881,0.99500119,0
778,87899,0.25811578,0.00000000,234.25000000,100.70150999,2.32617321,0.79463915,0.37597638,0.56964383,246.67582418,0.91000000,-1.88161297,0,191,0.74088147,0.09100577,0.16865817,0.86750000,0.03417544,0.96582456,0
779,87999,0.31113373,0.00000000,243.06000000,101.08327138,2.40473551,0.80579308,0.43922982,0.56271615,265.44767442,0.86000000,-1.93508493,0,192,0.73998494,0.09160775,0.23974661,0.86500000,0.00441479,0.99558521,0
780,88099,0.18101139,0.00000000,136.89000000,101.24554198,1.35185909,0.36746525,0.62186485,1.12289875,267.74390244,0.41000000,nan,0,192,0.73906166,0.09225894,4.87008180,0.53000000,0.01200849,0.98799151,0
781,88199,0.29609947,0.00000000,228.41000000,101.54067733,2.24965662,0.76873751,0.44970941,0.79160245,233.55851064,0.94000000,0.56949270,0,193,0.73906166,0.09225894,0.18896619,0.86750000,0.01563245,0.98436755,0
782,88299,0.27333629,0.00000000,227.26000000,101.85595052,2.23116780,0.73082338,0.44390579,0.65867055,243.99444444,0.90000000,-0.87586108,0,194,0.73933389,0.09209605,0.23669610,0.87000000,0.02250043,0.97749957,0
783,88399,0.31614551,0.00000000,228.00000000,102.17942656,2.23124311,0.70195690,0.57105661,0.90132321,254.61904762,0.84000000,1.76451470,0,195,0.73891810,0.09203953,0.25348824,0.84000000,-0.00415218,1.00415218,0
784,88499,0.30114825,0.00000000,234.56000000,102.53300946,2.28768920,0.78089668,0.46415341,0.63283177,256.34482759,0.87000000,-1.15543630,0,196,0.73975095,0.09253576,0.23775511,0.87250000,0.00523282,0.99476718,0
785,88599,0.31954123,0.00000000,224.27000000,102.87275016,2.18017482,0.75064007,0.48274431,0.82894556,246.63372093,0.86000000,0.96897329,0,197,0.73920544,0.09261361,0.33304633,0.83500000,0.01420311,0.98579689,0
786,88699,0.24923934,0.00000000,198.03000000,103.14698646,1.91987281,0.66960213,0.47677574,0.81122932,217.52941176,0.85000000,0.77289255,0,198,0.73966098,0.09259805,0.37887101,0.83250000,0.00735777,0.99264223,0
787,88799,0.29430584,0.00000000,224.02000000,103.42538147,2.16595942,0.77833852,0.44630592,0.66912369,244.41477273,0.88000000,-0.76645086,0,199,0.74002243,0.09250266,0.23700174,0.82750000,0.03040159,0.96959841,0
788,88899,0.31376166,0.00000000,226.77000000,103.76277216,2.18564153,0.73731409,0.50415761,0.70193398,241.43750000,0.88000000,-0.40833234,0,200,0.73966616,0.09240555,0.26091264,0.83750000,0.01816208,0.98183792,0
789,88999,0.23939885,0.00000000,207.31000000,104.04235209,1.99255377,0.68287453,0.41630452,0.68264918,224.83928571,0.84000000,-0.61628109,0,201,0.73947750,0.09221169,0.37064553,0.83000000,-0.00137366,1.00137366,0
790,89099,0.24062671,0.00000000,190.86000000,104.24027007,1.83058233,0.60338405,0.54803289,0.91779981,253.93382353,0.68000000,1.93992165,0,202,0.73919477,0.09206817,3.05067015,0.69000000,0.02906621,0.97093379,0
791,89199,0.26417879,0.00000000,214.48000000,104.55437109,2.05147972,0.73261761,0.40261423,0.56278716,227.12643678,0.87000000,-1.91264347,0,203,0.74007895,0.09269464,0.22807131,0.85750000,0.00366143,0.99633857,0
792,89299,0.28665618,0.00000000,209.52000000,104.82024506,1.99884464,0.67190124,0.49165469,0.76279038,231.25595238,0.84000000,0.25278868,0,204,0.73920560,0.09329844,0.23816652,0.84000000,0.00952794,0.99047206,0
793,89399,0.27576218,0.00000000,226.14000000,105.10690504,2.15147505,0.70804871,0.44211219,0.73810388,244.35294118,0.85000000,-0.01307787,0,205,0.73932121,0.09308301,0.21374976,0.83250000,0.01827498,0.98172502,0
794,89499,0.34409552,0.01872888,213.22000000,105.39287142,2.02297313,0.66336644,0.57638331,0.88917255,236.13253012,0.83000000,1.61389154,0,206,0.73931527,0.09285462,0.30843245,0.81750000,0.01434464,0.98565536,0
795,89599,0.29367990,0.00000000,244.83000000,105.73376718,2.31567877,0.78678024,0.45646682,0.68990190,253.60638298,0.94000000,-0.53790827,0,207,0.74004273,0.09321447,0.15852056,0.86750000,0.01131027,0.98868973,0
796,89699,0.26840884,0.00000000,229.46000000,106.05824029,2.16353219,0.76880994,0.39606907,0.56328223,254.13793103,0.87000000,-1.89696025,0,208,0.73980051,0.09305323,0.22370146,0.85500000,0.01013164,0.98986836,0
797,89799,0.33124960,0.00000000,233.87000000,106.38750355,2.19839596,0.72224811,0.52976006,0.66019758,253.61931818,0.88000000,-0.84110802,0,209,0.73895186,0.09363159,0.23622663,0.84500000,0.01509974,0.98490026,0
798,89899,0.25637200,0.00000000,238.34000000,106.70143245,2.23363929,0.75850292,0.39258732,0.55899804,251.62903226,0.93000000,-1.91927624,0,210,0.73857504,0.09356496,0.16855136,0.85000000,0.00890701,0.99109299,0
799,89999,0.35939369,0.00000000,255.06000000,107.06347102,2.38234443,0.78851727,0.50855871,0.63559220,279.72413793,0.87000000,-1.08462075,0,211,0.73771992,0.09415984,0.23963960,0.86000000,0.01307374,0.98692626,0
800,90099,0.18504568,0.00000000,168.36000000,107.26158643,1.56928400,0.45619098,0.61909032,0.84742995,258.96296296,0.54000000,1.16981141,0,212,0.73723590,0.09419813,2.18933111,0.62000000,0.01736927,0.98263073,0
801,90199,0.27064660,0.00000000,236.42000000,107.55310736,2.19802121,0.75735369,0.46420938,0.66875793,253.96153846,0.91000000,-0.73184715,0,213,0.73775568,0.09427891,0.22733756,0.87000000,0.02333623,0.97666377,0
802,90299,0.37634748,0.00000000,244.01000000,107.90358734,2.26140877,0.78162239,0.53405705,0.81569534,256.60752688,0.93000000,0.83104401,0,214,0.73743175,0.09417503,0.22590243,0.87500000,0.00000593,0.99999407,0
803,90399,0.29337874,0.00000000,224.11000000,108.22584869,2.07085074,0.69761797,0.48298280,0.68416892,235.17032967,0.91000000,-0.56987449,0,215,0.73779747,0.09410590,0.19861671,0.86250000,0.00133349,0.99866651,0
804,90499,0.31446449,0.00000000,238.17000000,108.52772551,2.19458938,0.76382710,0.49249527,0.77498523,254.63186813,0.91000000,0.39845041,0,216,0.73754803,0.09395698,0.20042357,0.85750000,0.01729168,0.98270832,0
805,90599,0.32347290,0.00000000,264.80000000,108.88110252,2.43201410,0.76233715,0.48739946,0.72951460,292.95348837,0.86000000,-0.08751740,0,217,0.73772135,0.09377282,0.17935371,0.87500000,-0.00384654,1.00384654,0
806,90699,0.38825346,0.00000000,281.27000000,109.30335008,2.57349024,0.85031088,0.50018723,0.69907542,291.41489362,0.94000000,-0.41266870,0,218,0.73768353,0.09355716,0.12450160,0.89500000,0.00512678,0.99487322,0
807,90799,0.30431036,0.00000000,268.33000000,109.69336183,2.44608031,0.78307610,0.45071547,0.64918013,284.34444444,0.90000000,-0.94590090,0,219,0.73750643,0.09337796,0.17352084,0.88000000,0.02069118,0.97930882,0
808,90899,0.39304583,0.00000000,274.32000000,110.09879534,2.49154223,0.81784479,0.55481010,0.73658729,285.07978723,0.94000000,-0.00552545,0,220,0.73710311,0.09335454,0.12807723,0.90750000,0.01645696,0.98354304,0
809,90999,0.34745742,0.00000000,265.41000000,110.49790766,2.40195822,0.84499707,0.44582018,0.73045325,277.43617021,0.94000000,-0.07137038,0,221,0.73710077,0.09314117,0.12630245,0.92250000,0.02632716,0.97367284,0
810,91099,0.31415418,0.00948690,211.92000000,110.77207819,1.91278520,0.59101853,0.56653980,0.89249007,267.82638889,0.72000000,1.67242931,0,222,0.73707069,0.09293032,1.67333032,0.74500000,0.00663614,0.99336386,0
811,91199,0.26307732,0.00000000,258.40000000,111.12071595,2.32542388,0.77822717,0.39076091,0.62510583,272.04395604,0.91000000,-1.20749447,0,223,0.73777078,0.09330474,0.17213862,0.88750000,0.01861408,0.98138592,0
812,91299,0.34036093,0.00000000,239.55000000,111.45142701,2.14930673,0.72461691,0.54605275,0.81802289,251.01086957,0.92000000,0.86464352,0,224,0.73726555,0.09339957,0.17195986,0.87250000,0.01674327,0.98325673,0
813,91399,0.39538817,0.00000000,269.53000000,111.80740176,2.41066612,0.79280153,0.55562798,0.75347892,294.42528736,0.87000000,0.16982880,0,225,0.73762608,0.09334600,0.13838244,0.87500000,0.02540355,0.97459645,0
814,91499,0.38376012,0.00000000,283.02000000,112.20441587,2.52230105,0.84590314,0.54180906,0.77318544,292.44086022,0.93000000,0.38101359,0,226,0.73769653,0.09314340,0.14625774,0.89500000,0.02107121,0.97892879,0
815,91599,0.29754345,0.00000000,268.08000000,112.61534932,2.38059974,0.78521911,0.44973141,0.72432538,281.74731183,0.93000000,-0.14551726,0,227,0.73785357,0.09296616,0.23040493,0.89250000,0.03385960,0.96614040,0
816,91699,0.37224846,0.00000000,291.16000000,113.01277149,2.57635055,0.84508460,0.46565139,0.82068186,302.33510638,0.94000000,0.89352926,0,228,0.73779397,0.09276460,0.13356364,0.88500000,0.02064277,0.97935723,0
817,91799,0.32868303,0.00000000,281.88000000,113.44186016,2.48491260,0.81025463,0.45124842,0.64313866,299.01630435,0.92000000,-1.02476387,0,229,0.73815751,0.09272268,0.12591903,0.90000000,0.02060680,0.97939320,0
818,91899,0.36731028,0.00000000,267.73000000,113.83897293,2.35201811,0.74747494,0.58749785,0.94493886,296.29166667,0.84000000,2.23435706,0,230,0.73774258,0.09273195,0.27837873,0.85000000,0.00675180,0.99324820,0
819,91999,0.32379572,0.00000000,287.47000000,114.23258742,2.51672317,0.81760210,0.44439815,0.80423932,301.40760870,0.92000000,0.70131695,0,231,0.73864344,0.09353243,0.18743126,0.88000000,-0.00031789,1.00031789,0
820,92099,0.24998739,0.00000000,200.62000000,114.48695174,1.75205412,0.54296266,0.54588581,1.22815162,271.68939394,0.66000000,5.23634208,1,231,0.73892740,0.09342862,1.39783127,0.71000000,0.02567261,0.97432739,0
821,92199,0.18420828,0.00000000,201.83000000,114.74435399,1.75898966,0.50928721,0.51591062,1.01181777,244.53333333,0.75000000,2.92084344,0,232,0.73892740,0.09342862,0.44233156,0.77750000,0.01270902,0.98729098,0
822,92299,0.23537484,0.00000000,221.43000000,114.96456922,1.92601608,0.65373802,0.42674737,0.83633999,255.22839506,0.81000000,1.01373847,0,233,0.74010365,0.09493212,0.34908170,0.79000000,0.00734485,0.99265515,0
823,92399,0.26005896,0.00000000,245.97000000,115.23764167,2.13429366,0.64353340,0.49339595,0.79454195,280.91566265,0.83000000,0.56906507,0,234,0.74051669,0.09493688,0.25896296,0.82750000,-0.00112333,1.00112333,0
824,92499,0.36255276,0.00000000,258.59000000,115.57028448,2.23739500,0.74885887,0.52296126,0.82501906,288.37058824,0.85000000,0.88895164,0,235,0.74074756,0.09479874,0.20891512,0.84750000,0.03109785,0.96890215,0
825,92599,0.31472581,0.00000000,234.72000000,115.88203497,2.02540772,0.67374439,0.51701581,0.79267540,258.32758621,0.87000000,0.54423443,0,236,0.74110616,0.09475556,0.26273005,0.82750000,-0.00097195,1.00097195,0
826,92699,0.25127252,0.00000000,227.04000000,116.16552497,1.95445099,0.60523011,0.47498256,0.88738055,279.33108108,0.74000000,1.54371383,0,237,0.74132468,0.09461331,0.41313495,0.79000000,0.03152186,0.96847814,0
827,92799,0.23616410,0.00000000,214.79000000,116.39586950,1.84520804,0.61138700,0.48556604,0.84059915,238.22560976,0.82000000,1.03973180,0,238,0.74194095,0.09488813,0.37050384,0.79750000,-0.00846910,1.00846910,0
828,92899,0.28876266,0.00000000,261.80000000,116.70019365,2.24333801,0.74445357,0.42009225,0.67929234,281.35714286,0.91000000,-0.66449787,0,239,0.74235548,0.09490344,0.16578218,0.86750000,0.00611971,0.99388029,0
829,92999,0.31360842,0.00000000,279.95000000,117.06043396,2.39144847,0.78529565,0.43275701,0.60667207,305.27840909,0.88000000,-1.42860182,0,240,0.74209162,0.09479167,0.19607076,0.86500000,0.01637523,0.98362477,0
830,93099,0.00860809,0.00366633,55.73000000,117.19551059,0.47549877,0.02949279,0.56310147,1.77730263,116.04545455,0.11000000,nan,0,240,0.74152737,0.09499618,3.64860581,0.35000000,0.01434670,0.98565330,0
831,93199,0.18392268,0.00000000,164.50000000,117.11218462,1.40445126,0.42416526,0.58644266,0.81405460,266.17000000,0.50000000,0.76347528,0,241,0.74152737,0.09499618,1.91031185,0.61250000,0.00315331,0.99684669,0
832,93299,0.24862961,0.00000000,256.70000000,117.39548919,2.18671919,0.69797118,0.44811707,0.75882711,283.13529412,0.85000000,0.17909856,0,242,0.74182831,0.09491312,0.23008852,0.85250000,0.01003473,0.98996527,0
833,93399,0.23065313,0.00000000,214.96000000,117.67662212,1.82679797,0.58281091,0.45193279,0.76434471,243.96875000,0.80000000,0.23696804,0,243,0.74189855,0.09472230,0.32705252,0.80750000,0.03143084,0.96856916,0
834,93499,0.24131146,0.00000000,227.49000000,117.90972991,1.92940224,0.65309301,0.46317905,0.67073547,249.19411765,0.85000000,-0.75372801,0,244,0.74199092,0.09453736,0.29659211,0.83250000,0.00941651,0.99058349,0
835,93599,0.26072773,0.00000000,239.60000000,118.16302758,2.02762605,0.64273828,0.47794086,0.80837951,267.16071429,0.84000000,0.70596721,0,245,0.74169889,0.09445285,0.36962518,0.82500000,0.01014915,0.98985085,0
836,93699,0.31211315,0.00000000,252.43000000,118.48205317,2.13066499,0.69959321,0.48841572,0.66269125,278.36627907,0.86000000,-0.84022618,0,246,0.74197106,0.09435532,0.35766029,0.85750000,0.01180982,0.98819018,0
837,93799,0.30227763,0.00000000,258.53000000,118.78148311,2.17647897,0.70085130,0.45758955,0.72886355,280.51136364,0.88000000,-0.13558305,0,247,0.74164878,0.09429813,0.25046592,0.86750000,0.01278538,0.98721462,0
838,93899,0.27302557,0.00000000,276.05000000,119.14279425,2.31713437,0.73643114,0.44873905,0.69292390,294.18478261,0.92000000,-0.51719511,0,248,0.74159702,0.09410979,0.17596660,0.88750000,0.02972111,0.97027889,0
839,93999,0.26658215,0.00000000,263.00000000,119.48547599,2.20122253,0.70206395,0.47564064,0.71201390,294.38823529,0.85000000,-0.31272620,0,249,0.74140076,0.09396994,0.29383701,0.85500000,0.01233398,0.98766602,0
840,94099,0.08358343,0.00000000,121.44000000,119.60714938,1.01532965,0.27955213,0.56133054,1.69115049,226.71052632,0.38000000,nan,0,249,0.74128274,0.09379878,3.52404017,0.51250000,0.01173247,0.98826753,0
841,94199,0.32882170,0.00000000,267.83000000,119.80174641,2.23549569,0.75144808,0.46103876,0.69735315,280.80851064,0.94000000,-0.46833859,0,250,0.74128274,0.09379878,0.15126327,0.88250000,0.00949210,0.99050790,0
842,94299,0.27057082,0.00000000,289.17000000,120.16745414,2.40630023,0.76907674,0.40628752,0.50643727,296.66145833,0.96000000,-2.50577782,0,251,0.74110702,0.09365146,0.13385137,0.89500000,0.02513031,0.97486969,0
843,94399,0.30992060,0.00000000,258.12000000,120.51039689,2.14174732,0.70507131,0.51136387,0.76055683,286.04651163,0.86000000,0.21541430,0,252,0.74017208,0.09463042,0.36506886,0.85250000,0.00497446,0.99502554,0
844,94499,0.26333528,0.00000000,271.92000000,120.84396470,2.25007047,0.73323252,0.42156106,0.61247629,295.74719101,0.89000000,-1.35284358,0,253,0.74025297,0.09445045,0.19439038,0.87000000,0.02044894,0.97955106,0
845,94599,0.31210024,0.00000000,289.86000000,121.22250839,2.39119943,0.77132779,0.46787258,0.63491246,307.39010989,0.91000000,-1.10814408,0,254,0.73974793,0.09460455,0.14184831,0.88000000,0.00786373,0.99213627,0
846,94699,0.33413163,0.00000000,259.04000000,121.56415952,2.13088736,0.69781129,0.52001736,0.69813765,281.12359551,0.89000000,-0.43527906,0,255,0.73933519,0.09464626,0.23338764,0.85500000,0.00576225,0.99423775,0
847,94799,0.26028350,0.00000000,252.72000000,121.85214216,2.07384838,0.68127656,0.48829247,0.69264257,278.49425287,0.87000000,-0.49241832,0,256,0.73917363,0.09449499,0.24873221,0.85500000,0.01178670,0.98821330,0
848,94899,0.28752908,0.00000000,266.02000000,122.18069657,2.17729102,0.72892588,0.47309623,0.68496842,281.89130435,0.92000000,-0.57255919,0,257,0.73899187,0.09435435,0.21444074,0.87250000,0.01793566,0.98206434,0
849,94999,0.28916621,0.00000000,259.72000000,122.49768488,2.12023205,0.67205354,0.49333742,0.65046260,293.13095238,0.84000000,-0.93726955,0,258,0.73878166,0.09423016,0.32206196,0.83750000,0.01143122,0.98856878,0
850,95099,0.18621971,0.00000000,167.68000000,122.65717688,1.36694528,0.40724463,0.60027007,1.42524170,282.42156863,0.51000000,7.29033405,1,258,0.73843934,0.09420725,2.69087207,0.57000000,-0.00496945,1.00496945,0
851,95199,0.28615704,0.00000000,286.80000000,122.92925615,2.33300121,0.82176001,0.38811149,0.54355904,303.64673913,0.92000000,-2.06863364,0,259,0.73843934,0.09420725,0.14298493,0.88000000,0.02397654,0.97602346,0
852,95299,0.33665299,0.00000000,267.79000000,123.30069568,2.17205969,0.67789042,0.63259022,1.03367915,297.37500000,0.84000000,3.12224600,1,259,0.73768691,0.09480107,0.28598824,0.83750000,-0.00146619,1.00146619,0
853,95399,0.25938404,0.00000000,276.69000000,123.61467597,2.23836786,0.74571750,0.39833306,0.63017103,301.07386364,0.88000000,-1.13412099,0,260,0.73768691,0.09480107,0.18357291,0.86750000,0.02037382,0.97962618,0
854,95499,0.39461764,0.00000000,327.98000000,124.01174485,2.64480551,0.82965228,0.53730159,0.74580517,336.12886598,0.97000000,0.08994795,0,261,0.73727338,0.09485253,0.18296732,0.91500000,0.01492796,0.98507204,0
855,95599,0.26940832,0.00000000,317.00000000,124.42483355,2.54743137,0.79677403,0.41495714,0.66996696,334.24193548,0.93000000,-0.71129290,0,262,0.73730607,0.09467142,0.19691092,0.90750000,0.02489914,0.97510086,0
856,95699,0.36982092,0.00000000,336.03000000,124.91732579,2.69031603,0.80717824,0.50558630,0.69349620,351.69148936,0.94000000,-0.46047999,0,263,0.73704905,0.09458142,0.17939161,0.91500000,-0.01081020,1.01081020,0
857,95799,0.39318411,0.00000000,338.85000000,125.34477579,2.70306349,0.85636262,0.51042548,0.75547141,358.22282609,0.92000000,0.19682515,0,264,0.73688345,0.09443894,0.29083568,0.90250000,0.03116753,0.96883247,0
858,95899,0.35020269,0.00000000,329.81000000,125.82266739,2.62118230,0.83456706,0.46053719,0.68393945,335.10714286,0.98000000,-0.56239058,0,265,0.73695386,0.09426617,0.10748284,0.92000000,-0.01056084,1.01056084,0
859,95999,0.32273724,0.00000000,347.67000000,126.28269483,2.75294222,0.88251644,0.41215439,0.70665836,354.85051546,0.97000000,-0.31967527,0,266,0.73675381,0.09414381,0.12755049,0.93250000,0.02094994,0.97905006,0
860,96099,0.16182821,0.03190439,136.18000000,126.52937560,1.07626988,0.29039615,0.77592134,3.66689772,253.14102564,0.39000000,nan,0,266,0.73664067,0.09398413,3.82186040,0.50500000,-0.01023000,1.01023000,0
861,96199,0.29849512,0.00000000,344.58000000,126.79528469,2.71757329,0.86373882,0.38697511,0.58972181,360.48936170,0.94000000,-1.56323046,0,267,0.73664067,0.09398413,0.12571188,0.91750000,0.01235906,0.98764094,0
862,96299,0.39487817,0.00000000,329.33000000,127.26046683,2.58788216,0.83365373,0.50321977,0.74567925,337.88421053,0.95000000,0.10175216,0,268,0.73609041,0.09423722,0.12885379,0.92000000,0.00361783,0.99638217,0
863,96399,0.34842332,0.00000000,337.75000000,127.72173520,2.64461006,0.83053926,0.46464191,0.67703681,355.50000000,0.93000000,-0.62819336,0,269,0.73612619,0.09406240,0.14333053,0.91000000,0.00602293,0.99397707,0
864,96499,0.32163808,0.00000000,332.95000000,128.15897465,2.59794421,0.83097297,0.43908867,0.64733095,346.13829787,0.94000000,-0.94273617,0,270,0.73590652,0.09395585,0.13535598,0.92250000,0.02316387,0.97683613,0
865,96599,0.35400525,0.00000000,322.99000000,128.59429408,2.51171715,0.77674449,0.48821759,0.82132664,340.41935484,0.93000000,0.91283761,0,271,0.73557847,0.09393584,0.18090331,0.90500000,0.00014771,0.99985229,0
866,96699,0.32555622,0.00000000,304.31000000,128.98791655,2.35915050,0.74303278,0.47804981,0.76021940,335.14204545,0.88000000,0.25902971,0,272,0.73589488,0.09390630,0.26514174,0.86250000,0.01098999,0.98901001,0
867,96799,0.38759712,0.00000000,354.18000000,129.44038723,2.73642239,0.90915597,0.44360395,0.70194218,361.69473684,0.95000000,-0.36313736,0,273,0.73598431,0.09374448,0.16330997,0.92000000,0.01830877,0.98169123,0
868,96899,0.35126260,0.00000000,342.13000000,129.89140378,2.63388018,0.80180148,0.46673088,0.64434525,361.12500000,0.92000000,-0.97777314,0,274,0.73585961,0.09359468,0.13260506,0.90750000,0.01145919,0.98854081,0
869,96999,0.32758030,0.00000000,337.48000000,130.35355770,2.58899927,0.78130242,0.46798682,0.72250383,357.38043478,0.92000000,-0.13914163,0,275,0.73552562,0.09358655,0.16488031,0.90750000,-0.00147856,1.00147856,0
870,97099,0.05875398,0.02571496,82.42000000,130.52527133,0.63145425,0.09637197,0.59661987,4.60428275,179.61111111,0.18000000,nan,0,275,0.73547827,0.09341891,4.72260692,0.39500000,0.01925919,0.98074081,0
871,97199,0.11032629,0.00000000,137.54000000,130.41442430,1.05462677,0.31128475,0.48648960,0.72305738,308.68421053,0.38000000,nan,0,275,0.73547827,0.09341891,4.97498142,0.42750000,0.03156968,0.96843032,0
872,97299,0.34865664,0.00000000,297.52000000,130.66055695,2.27700986,0.77561193,0.49233758,0.79182272,311.52150538,0.93000000,0.60313757,0,276,0.73547827,0.09341891,0.16843360,0.89000000,-0.00145440,1.00145440,0
873,97399,0.26199380,0.00000000,304.87000000,131.04061849,2.32666054,0.75396310,0.43709613,0.64006076,333.44252874,0.87000000,-1.02476772,0,277,0.73568241,0.09331056,0.22035847,0.85000000,0.02490543,0.97509457,0
874,97499,0.26900533,0.00000000,287.71000000,131.37941718,2.18990976,0.75427964,0.43313308,0.58272785,308.66292135,0.89000000,-1.63536190,0,278,0.73533721,0.09331840,0.23567955,0.88250000,0.03743302,0.96256698,0
875,97599,0.31160428,0.00000000,312.83000000,131.74473770,2.37457665,0.77351294,0.48376658,0.66944949,323.46315789,0.95000000,-0.69807559,0,279,0.73478825,0.09359840,0.16493121,0.89750000,0.02389960,0.97610040,0
876,97699,0.31443932,0.00000000,326.31000000,132.15371365,2.46935466,0.80722507,0.47907853,0.61790078,346.79670330,0.91000000,-1.24747179,0,280,0.73455406,0.09351176,0.14116560,0.89250000,0.01372613,0.98627387,0
877,97799,0.27093451,0.00000000,308.49000000,132.53717052,2.32765209,0.74759369,0.46596024,0.70706119,326.59340659,0.91000000,-0.28926384,0,281,0.73413745,0.09360399,0.18057613,0.90500000,0.01039086,0.98960914,0
878,97899,0.29592055,0.00000000,343.20000000,132.94669033,2.58159652,0.84950618,0.39801324,0.53205302,356.51063830,0.94000000,-2.16144097,0,282,0.73404109,0.09345065,0.13011622,0.92250000,0.03746774,0.96253226,0
879,97999,0.33823445,0.00000000,379.04000000,133.41604290,2.84101247,0.90064616,0.41406871,0.51640343,386.03571429,0.98000000,-2.30628829,0,283,0.73332482,0.09405649,0.09848248,0.93250000,0.01475321,0.98524679,0
880,98099,0.19837577,0.00000000,202.69000000,133.69136738,1.51588820,0.44095142,0.62677354,1.13751896,338.00000000,0.51000000,4.27304815,1,283,0.73255831,0.09477091,1.58627274,0.60500000,-0.00497401,1.00497401,0
881,98199,0.27337633,0.00000000,325.70000000,134.02601683,2.43015780,0.76191241,0.43558507,0.61642209,344.67741935,0.93000000,-1.22544175,0,284,0.73255831,0.09477091,0.13247394,0.88500000,0.00963568,0.99036432,0
882,98299,0.36106294,0.00000000,324.22000000,134.44451988,2.41177875,0.77501450,0.53567720,0.68528532,340.96236559,0.93000000,-0.49406525,0,285,0.73214938,0.09485399,0.17237354,0.89250000,0.02611667,0.97388333,0
883,98399,0.35427259,0.00183300,294.27000000,134.79442120,2.18315254,0.72356214,0.54663909,0.76425624,310.10326087,0.92000000,0.34067489,0,286,0.73198495,0.09472753,0.18991914,0.88500000,-0.00249627,1.00249627,0
884,98499,0.27230530,0.00000000,307.05000000,135.14601563,2.27209620,0.73421606,0.46692399,0.70442289,317.12631579,0.95000000,-0.29260695,0,287,0.73209778,0.09458045,0.21927371,0.89500000,0.01093614,0.98906386,0
885,98599,0.27754314,0.00000000,341.92000000,135.52801842,2.52287513,0.76350866,0.44529022,0.70588424,370.83707865,0.89000000,-0.27657909,0,288,0.73200136,0.09442908,0.23363275,0.88000000,0.01821008,0.98178992,0
886,98699,0.27381224,0.00000000,312.78000000,135.92084208,2.30113585,0.74257350,0.47315946,0.63420192,331.46022727,0.88000000,-1.03640081,0,289,0.73191067,0.09427699,0.21536898,0.87250000,0.00708963,0.99291037,0
887,98799,0.26686722,0.00000000,298.30000000,136.27724638,2.18890838,0.75686353,0.45316322,0.61446487,313.90659341,0.91000000,-1.24201458,0,290,0.73157258,0.09428852,0.19671125,0.88750000,0.01144061,0.98855939,0
888,98899,0.27081387,0.00000000,303.77000000,136.63521299,2.22336541,0.68414616,0.45687592,0.62177743,330.97159091,0.88000000,-1.15909969,0,291,0.73116876,0.09437612,0.23245718,0.86250000,-0.00674333,1.00674333,0
889,98999,0.29829606,0.00000000,327.05000000,136.99022644,2.38742525,0.71362853,0.47137903,0.60955601,351.98333333,0.90000000,-1.28386346,0,292,0.73079284,0.09443125,0.24143806,0.88250000,0.01296005,0.98703995,0
890,99099,0.14751539,0.03670345,119.81000000,137.18993066,0.87330579,0.23512709,0.60087089,5.31859271,263.54545455,0.22000000,nan,0,292,0.73037765,0.09453547,4.19189343,0.40250000,0.00601602,0.99398398,0
891,99199,0.23609714,0.00000000,283.11000000,137.29761429,2.06201031,0.69232245,0.40997731,0.70735877,321.58333333,0.84000000,-0.24349465,0,293,0.73037765,0.09453547,0.24655532,0.84000000,0.02164398,0.97835602,0
892,99299,0.30342663,0.00000000,314.00000000,137.63913088,2.28142217,0.73904908,0.48079751,0.67124993,344.81250000,0.88000000,-0.62563319,0,294,0.73029909,0.09438303,0.24552728,0.88500000,0.03202124,0.96797876,0
893,99399,0.28439823,0.00000000,311.57000000,137.99894630,2.25787984,0.71230642,0.46782736,0.67481804,340.55113636,0.88000000,-0.58631121,0,295,0.73009824,0.09428475,0.19461309,0.86500000,0.00516038,0.99483962,0
894,99499,0.35386134,0.01744175,303.77000000,138.34128277,2.19586596,0.67729502,0.57432933,0.84791058,332.54022989,0.87000000,1.25292681,0,296,0.72991085,0.09417927,0.26286780,0.86500000,0.03263168,0.96736832,0
895,99599,0.28157606,0.00000000,301.51000000,138.67297088,2.17428470,0.69369309,0.46294324,0.78134017,330.11931818,0.88000000,0.54132841,0,297,0.73030950,0.09426934,0.24825946,0.87500000,-0.00868420,1.00868420,0
896,99699,0.24220492,0.00000000,299.86000000,139.00324967,2.15725413,0.68941968,0.42471840,0.65529818,325.49431818,0.88000000,-0.79849081,0,298,0.73048132,0.09415654,0.22922615,0.89000000,0.00964056,0.99035944,0
897,99799,0.28900456,0.00000000,288.09000000,139.32278988,2.06785814,0.71254247,0.50621565,0.76435052,311.07777778,0.90000000,0.36261373,0,299,0.73022902,0.09409874,0.23857636,0.89000000,0.01471492,0.98528508,0
898,99899,0.29558256,0.00000000,273.55000000,139.59001849,1.95959549,0.64671076,0.46322589,0.78229518,302.00000000,0.86000000,0.55290802,0,300,0.73034314,0.09396144,0.21146350,0.86000000,0.02141271,0.97858729,0
899,99999,0.26213004,0.00000000,312.11000000,139.91403823,2.23076450,0.70641015,0.53074027,0.99346841,332.85869565,0.92000000,2.80177013,0,301,0.73051632,0.09385213,0.17998211,0.89500000,-0.00035334,1.00035334,0
900,100099,0.38847333,0.23374839,174.51000000,140.07857965,1.24573751,0.33380762,1.47686100,13.47515429,261.71153846,0.52000000,134.26712272,1,301,0.73138991,0.09491351,3.58929448,0.61250000,0.08935192,0.91064808,0
901,100199,0.26277851,0.17585207,288.65000000,140.31009856,2.05728349,0.65135139,0.49320826,12.60484293,346.72602740,0.73000000,125.09760270,2,301,0.73138991,0.09491351,0.60098455,0.81250000,0.12942398,0.87057602,0
902,100299,0.25789773,0.20586698,218.85000000,140.52651129,1.55734087,0.48215490,0.86079064,7.78599745,262.30821918,0.73000000,74.32669248,3,301,0.73138991,0.09491351,0.82319520,0.73500000,-0.01482061,1.01482061,1
903,100399,0.09134644,0.00000000,0.18000000,0.04824576,2.64596709,0.13000000,0.97167989,nan,0.00000000,0.00000000,nan,0,0,0.00000000,nan,24.01675501,0.00000000,0.00804636,0.99195364,0
904,100499,0.48876327,0.00000000,0.80000000,0.32290012,2.48248979,0.55981666,0.89295677,nan,0.00000000,0.00000000,nan,0,0,0.00000000,nan,20.09077222,0.00000000,0.01580132,0.98419868,0
905,100599,0.43383792,0.00000000,1.83000000,0.70694696,2.61058788,0.67431723,0.88354765,nan,0.00000000,0.00000000,nan,0,0,0.00000000,nan,18.64791664,0.00000000,0.02059775,0.97940225,0
906,100699,0.40957857,0.00000000,3.93000000,1.29697910,3.05646906,0.75883165,0.63786908,nan,0.00000000,0.00000000,nan,0,0,0.00000000,nan,12.28798064,0.00000000,0.01995154,0.98004846,0
907,100799,0.44325494,0.00000000,5.44000000,2.07760620,2.64939647,0.69065258,0.76257365,nan,0.00000000,0.00000000,nan,0,0,0.00000000,nan,11.77425259,0.00000000,0.00763439,0.99236561,0
908,100899,0.26655419,0.00000000,4.26000000,2.63211117,1.63186459,0.46724897,0.82237520,nan,0.00000000,0.00000000,nan,0,0,0.00000000,nan,12.62325066,0.00000000,0.01980441,0.98019559,0
909,100999,0.33508942,0.00000000,5.75000000,2.93273198,1.95733658,0.54220152,0.82399920,nan,0.00000000,0.00000000,nan,0,0,0.00000000,nan,11.41672045,0.00000000,0.00951730,0.99048270,0
910,101099,0.32545111,0.00000000,3.88000000,3.13680047,1.23270672,0.36773803,1.22882190,nan,0.00000000,0.00000000,nan,0,0,0.00000000,nan,24.57336404,0.00000000,0.00038462,0.99961538,0
911,101199,0.31406012,0.00000000,7.36000000,3.48312855,2.11522824,0.64040880,0.63906080,nan,0.00000000,0.00000000,nan,0,0,0.00000000,nan,10.20361725,0.00000000,0.00994859,0.99005141,0
912,101299,0.35870051,0.00000000,8.04000000,3.95305080,2.04236678,0.61570623,0.71582965,nan,0.00000000,0.00000000,nan,0,0,0.00000000,nan,10.26619289,0.00000000,0.02010540,0.97989460,0
913,101399,0.32853847,0.00000000,9.06000000,4.36882815,2.07578636,0.58882162,0.64991773,nan,0.00000000,0.00000000,nan,0,0,0.00000000,nan,9.08395942,0.00000000,0.00991356,0.99008644,0
914,101499,0.35762323,0.00000000,11.29000000,4.87775428,2.31910303,0.68497895,0.67243731,nan,0.00000000,0.00000000,nan,0,0,0.00000000,nan,7.32589678,0.00000000,-0.00796169,1.00796169,0
915,101599,0.35658854,0.00000000,13.03000000,5.45985417,2.39104644,0.69256342,0.64983892,nan,0.00000000,0.00000000,nan,0,0,0.00000000,nan,7.49823362,0.00000000,0.00381174,0.99618826,0
916,101699,0.27242731,0.00000000,11.53000000,5.95946558,1.93573111,0.55827246,0.61359959,nan,0.00000000,0.00000000,nan,0,0,0.00000000,nan,8.25046017,0.00500000,0.00914683,0.99085317,0
917,101799,0.22653132,0.00000000,13.55000000,6.37829959,2.11968770,0.64695492,0.54994826,nan,0.00000000,0.00000000,nan,0,0,0.00000000,nan,7.61646725,0.01250000,0.01979657,0.98020343,0
918,101899,0.22895580,0.00000000,12.75000000,6.80767361,1.86847016,0.54064462,0.67355165,nan,0.00000000,0.00000000,nan,0,0,0.00000000,nan,9.10172462,0.00750000,0.00337646,0.99662354,0
919,101999,0.26290859,0.00000000,14.97000000,7.28164261,2.05818009,0.63893817,0.53296351,nan,0.00000000,0.00000000,nan,0,0,0.00000000,nan,7.57200316,0.02000000,-0.01041520,1.01041520,0
920,102099,0.25585161,0.00000000,11.60000000,7.55304276,1.53185290,0.46875518,0.82742460,nan,0.00000000,0.00000000,nan,0,0,0.00000000,nan,15.34312181,0.03000000,0.00878896,0.99121104,0
921,102199,0.15185543,0.00000000,16.13000000,7.97406411,2.02630966,0.60726184,0.35814876,nan,0.00000000,0.00000000,nan,0,0,0.00000000,nan,6.05450686,0.07250000,-0.00176447,1.00176447,0
922,102299,0.21414015,0.00000000,18.01000000,8.39921018,2.14226563,0.64067168,0.41747981,nan,0.00000000,0.00000000,nan,0,0,0.00000000,nan,5.20631590,0.06750000,-0.01671726,1.01671726,0
923,102399,0.19213649,0.00000000,17.06000000,8.85867720,1.92573469,0.60862390,0.43503677,nan,0.00000000,0.00000000,nan,0,0,0.00000000,nan,5.98767510,0.04750000,0.00545706,0.99454294,0
924,102499,0.24627701,0.00000000,18.70000000,9.29301419,2.01390007,0.57376715,0.53339775,nan,0.00000000,0.00000000,nan,0,0,0.00000000,nan,5.60695878,0.05250000,-0.00422745,1.00422745,0
925,102599,0.19331655,0.00000000,18.72000000,9.69414693,1.93077352,0.57552543,0.42418640,nan,0.00000000,0.00000000,nan,0,0,0.00000000,nan,4.92172464,0.06500000,-0.00824342,1.00824342,0
926,102699,0.15093757,0.00000000,15.89000000,10.04054856,1.58357347,0.45887398,0.50380742,nan,0.00000000,0.00000000,nan,0,0,0.00000000,nan,5.49391483,0.07000000,0.00243428,0.99756572,0
927,102799,0.19038823,0.00000000,16.34000000,10.26598663,1.59135034,0.46600300,0.55878503,nan,0.00000000,0.00000000,nan,0,0,0.00000000,nan,5.85522304,0.06000000,0.00483839,0.99516161,0
928,102899,0.15211982,0.00000000,17.72000000,10.54086704,1.68134091,0.54556290,0.35201148,nan,0.00000000,0.00000000,nan,0,0,0.00000000,nan,3.85015885,0.07750000,0.00381582,0.99618418,0
929,102999,0.28007534,0.00000000,17.78000000,10.81882042,1.64400216,0.56424352,0.66138242,nan,0.00000000,0.00000000,nan,0,0,0.00000000,nan,4.49768427,0.09250000,0.01243143,0.98756857,0
930,103099,0.15777104,0.00000000,17.22000000,11.01656659,1.56138628,0.51030839,0.65130517,nan,0.00000000,0.00000000,nan,0,0,0.00000000,nan,10.72401931,0.07750000,-0.01310636,1.01310636,0
931,103199,0.22744230,0.00000000,20.51000000,11.33701306,1.80992822,0.61021386,0.44455390,nan,0.00000000,0.00000000,nan,0,0,0.00000000,nan,3.86344514,0.11250000,0.01417253,0.98582747,0
932,103299,0.28881821,0.00000000,22.10000000,11.67861301,1.89351500,0.70085873,0.55001482,nan,0.00000000,0.00000000,nan,0,0,0.00000000,nan,3.33921753,0.12250000,-0.00623958,1.00623958,0
933,103399,0.27347194,0.00000000,21.90000000,11.99970286,1.82489211,0.59886661,0.53530819,nan,0.00000000,0.00000000,nan,0,0,0.00000000,nan,3.45257840,0.12000000,0.01178062,0.98821938,0
934,103499,0.26982459,0.00000000,23.29000000,12.33305846,1.88805279,0.65964078,0.46095190,nan,0.00000000,0.00000000,nan,0,0,0.00000000,nan,2.91166754,0.13250000,0.02335512,0.97664488,0
935,103599,0.34012373,0.00000000,24.15000000,12.67419214,1.90446723,0.67522183,0.54477247,nan,0.00000000,0.00000000,nan,0,0,0.00000000,nan,2.70651754,0.13500000,-0.00776500,1.00776500,0
936,103699,0.29507557,0.00000000,23.77000000,13.03249715,1.82437910,0.63877860,0.56065746,nan,0.00000000,0.00000000,nan,0,0,0.00000000,nan,2.93518200,0.11000000,-0.00033032,1.00033032,0
937,103799,0.28533528,0.00000000,28.88000000,13.39400128,2.15493261,0.75354415,0.42524497,0.42497443,78.00000000,0.01000000,nan,0,0,0.00000000,nan,1.80594077,0.15500000,0.00530568,0.99469432,0
938,103899,0.27713598,0.00000000,30.43000000,13.85020262,2.19576598,0.73212418,0.41028698,nan,0.00000000,0.00000000,nan,0,0,0.00000000,nan,1.77549175,0.17750000,0.00508171,0.99491829,0
939,103999,0.43067127,0.00000000,32.55000000,14.32250241,2.27040155,0.76007253,0.65796394,0.89339993,68.50000000,0.03000000,nan,0,0,0.00000000,nan,1.62002426,0.17500000,0.00011242,0.99988758,0
940,104099,0.23527875,0.00000000,21.64000000,14.65582480,1.47548362,0.46255092,0.69673003,1.14495638,71.50000000,0.01000000,nan,0,0,0.00000000,nan,10.08792960,0.10000000,-0.00936291,1.00936291,0
941,104199,0.24541020,0.00000000,31.27000000,14.99758728,2.08527447,0.70447492,0.38927566,0.62753000,64.25000000,0.02000000,nan,0,0,0.00000000,nan,1.96230280,0.18500000,0.01416465,0.98583535,0
942,104299,0.30728373,0.00000000,31.65000000,15.41800971,2.05329451,0.71343491,0.46199986,0.88851317,66.00000000,0.02000000,nan,0,0,0.00000000,nan,1.68187137,0.17000000,-0.00037559,1.00037559,0
943,104399,0.35736915,0.00000000,37.46000000,15.89263230,2.35797477,0.80893585,0.49172366,0.73304458,67.81250000,0.08000000,nan,0,0,0.00000000,nan,1.13371485,0.26500000,-0.00210893,1.00210893,0
944,104499,0.38603460,0.00000000,38.80000000,16.42344478,2.36296593,0.80204240,0.55939428,0.85351554,76.31250000,0.08000000,nan,0,0,0.00000000,nan,1.23552818,0.31250000,-0.00843847,1.00843847,0
945,104599,0.35863476,0.00000000,34.49000000,16.89721824,2.04133364,0.70439431,0.60545512,0.76526643,68.26923077,0.13000000,nan,0,0,0.00000000,nan,1.52646486,0.31500000,0.00208820,0.99791180,0
946,104699,0.32630189,0.00000000,40.37000000,17.35655315,2.32524372,0.79640068,0.46722705,0.75868224,69.25000000,0.12000000,nan,0,0,0.00000000,nan,1.69468319,0.35000000,-0.01126559,1.01126559,0
947,104799,0.29580969,0.00000000,41.05000000,17.88649145,2.29481216,0.73095936,0.47425683,1.00410552,66.57142857,0.21000000,nan,0,0,0.00000000,nan,1.47804768,0.36500000,0.00379262,0.99620738,0
948,104899,0.37562672,0.00000000,42.87000000,18.42184394,2.32740654,0.74467002,0.56224290,0.86990075,75.26470588,0.17000000,nan,0,0,0.00000000,nan,1.27418881,0.38000000,0.00808765,0.99191235,0
949,104999,0.44002207,0.00000000,48.26000000,18.99006897,2.54043886,0.87238178,0.55540183,0.80225478,73.08333333,0.24000000,nan,0,0,0.00000000,nan,0.74128111,0.45750000,-0.00281496,1.00281496,0
950,105099,0.25999874,0.00000000,35.84000000,19.43279893,1.84195184,0.62363129,0.71186935,0.67613890,73.84615385,0.13000000,nan,0,0,0.00000000,nan,6.52415569,0.30000000,0.00915366,0.99084634,0
951,105199,0.31004324,0.00000000,50.72000000,19.97277463,2.53918985,0.85526490,0.41289337,0.66427837,73.48437500,0.32000000,nan,0,0,0.00000000,nan,0.85922298,0.50000000,0.00086019,0.99913981,0
952,105299,0.36244217,0.00000000,53.63000000,20.63212716,2.59979984,0.85148460,0.50107597,0.65438777,75.63636364,0.33000000,nan,0,0,0.00000000,nan,0.81141848,0.52250000,-0.00884890,1.00884890,0
953,105399,0.39928531,0.00000000,54.54000000,21.28678712,2.56203071,0.82886440,0.55624635,0.75676919,77.63888889,0.36000000,nan,0,0,0.00000000,nan,0.83752689,0.53750000,0.00549461,0.99450539,0
954,105499,0.30894841,0.00000000,49.75000000,21.86912472,2.27376914,0.76137356,0.47469959,0.64808905,78.44230769,0.26000000,nan,0,0,0.00000000,nan,1.50642404,0.46750000,-0.00048742,1.00048742,0
955,105599,0.35681067,0.00000000,58.72000000,22.48739012,2.61011209,0.87725149,0.48066090,0.63765412,80.94285714,0.35000000,nan,0,0,0.00000000,nan,0.77367366,0.55250000,0.01580029,0.98419971,0
956,105699,0.37379880,0.00000000,58.34000000,23.18678798,2.51675861,0.83386304,0.46853376,0.87922165,83.78787879,0.33000000,nan,0,0,0.00000000,nan,0.82332712,0.53500000,0.00064273,0.99935727,0
957,105799,0.43148496,0.00000000,60.15000000,23.82650555,2.52377020,0.81499970,0.61167245,0.84191947,84.52439024,0.41000000,nan,0,0,0.00000000,nan,1.26446460,0.56500000,0.00546724,0.99453276,0
958,105899,0.36428415,0.00000000,65.19000000,24.55498888,2.65608326,0.85165829,0.44912747,0.63996778,87.51162791,0.43000000,nan,0,0,0.00000000,nan,0.80127419,0.59250000,0.01340081,0.98659919,0
959,105999,0.31970943,0.00000000,62.06000000,25.24910283,2.45908617,0.75441181,0.51653050,0.75440929,91.08750000,0.40000000,nan,0,0,0.00000000,nan,0.86466608,0.56000000,-0.00623973,1.00623973,0
960,106099,0.28494407,0.00000000,46.30000000,25.64432852,1.80272957,0.55655710,0.85346619,0.97196170,88.06451613,0.31000000,nan,0,0,0.00000000,nan,7.30026627,0.42250000,0.02344489,0.97655511,0
961,106199,0.31540079,0.00000000,71.49000000,26.29588591,2.71857139,0.80826916,0.42736777,0.67345093,92.18333333,0.60000000,nan,0,1,0.67345093,nan,0.79933640,0.64000000,-0.00477407,1.00477407,0
962,106299,0.39741125,0.00000000,78.34000000,27.12195263,2.88901242,0.90203492,0.48439803,0.66914811,96.18032787,0.61000000,nan,0,2,0.67129952,0.00304255,0.49878579,0.69750000,-0.00895084,1.00895084,0
963,106399,0.38718213,0.00000000,83.29000000,27.99563204,2.97475015,0.91182864,0.44307297,0.64559272,97.91911765,0.68000000,nan,0,3,0.66273058,0.01499695,0.43148743,0.71750000,0.01442719,0.98557281,0
964,106499,0.37434152,0.00000000,70.59000000,28.80430945,2.45096055,0.79691116,0.50584331,0.66121749,94.31914894,0.47000000,nan,0,3,0.66273058,0.01499695,0.84148876,0.60750000,0.01305907,0.98694093,0
965,106599,0.36390363,0.00000000,70.10000000,29.48168400,2.37861210,0.76069089,0.53322828,0.74041673,95.26086957,0.46000000,nan,0,3,0.66273058,0.01499695,0.78264789,0.60750000,0.00144999,0.99855001,0
966,106699,0.36266606,0.00000000,75.04000000,30.13819411,2.48972091,0.75965963,0.53008509,0.71153992,105.74468085,0.47000000,nan,0,3,0.66273058,0.01499695,0.84530192,0.58750000,-0.00160962,1.00160962,0
967,106799,0.39145749,0.00000000,82.35000000,30.88069992,2.66605903,0.83046155,0.54302287,0.63741524,106.00000000,0.56000000,nan,0,4,0.65640175,0.01761123,0.59019668,0.64750000,0.01690880,0.98309120,0
968,106899,0.30091285,0.00000000,69.97000000,31.58459524,2.21528226,0.69714921,0.56193836,0.70886059,103.26923077,0.39000000,nan,0,4,0.65640175,0.01761123,0.99007865,0.57500000,0.00026575,0.99973425,0
969,106999,0.25186882,0.00000000,76.74000000,32.18845441,2.38301269,0.81026131,0.41175379,0.69027862,98.46491228,0.57000000,nan,0,5,0.66317712,0.02149756,0.66124251,0.65250000,-0.01397451,1.01397451,0
970,107099,0.19348479,0.00000000,44.17000000,32.58067385,1.35518765,0.37403630,0.98284125,1.02075232,108.83333333,0.18000000,nan,0,5,0.66317712,0.02149756,8.15633306,0.27750000,0.01853311,0.98146689,0
971,107199,0.22740875,0.00000000,79.50000000,33.05427488,2.40500481,0.75600102,0.36382015,0.75117238,108.95652174,0.46000000,nan,0,5,0.66317712,0.02149756,0.73895535,0.61750000,-0.00194220,1.00194220,0
972,107299,0.27547132,0.00000000,74.28000000,33.72009512,2.20396671,0.72597859,0.44812064,0.74887534,103.67857143,0.42000000,nan,0,5,0.66317712,0.02149756,0.67277674,0.59500000,0.00587950,0.99412050,0
973,107399,0.29765969,0.00000000,75.14000000,34.24271683,2.19337751,0.70114565,0.44277045,0.66815270,104.89000000,0.50000000,nan,0,6,0.66400638,0.01933500,0.77305528,0.59500000,-0.00606800,1.00606800,0
974,107499,0.29441245,0.00000000,79.01000000,34.84595404,2.26659580,0.71466153,0.47994925,0.64773036,106.14814815,0.54000000,nan,0,7,0.66168124,0.01869169,0.56796017,0.63750000,-0.00871124,1.00871124,0
975,107599,0.28739365,0.00000000,81.45000000,35.53970873,2.29350103,0.68564288,0.48873840,0.66191818,113.31132075,0.53000000,nan,0,8,0.66171086,0.01730535,0.66578404,0.61750000,0.01563272,0.98436728,0
976,107699,0.27267560,0.00000000,78.81000000,36.12444744,2.18239193,0.68973812,0.49257847,0.66915239,111.48913043,0.46000000,nan,0,8,0.66171086,0.01730535,0.76235463,0.61250000,-0.00511243,1.00511243,0
977,107799,0.21764184,0.00000000,71.80000000,36.64085800,1.95988655,0.65541625,0.41540923,0.52143299,100.84523810,0.42000000,nan,0,8,0.66171086,0.01730535,0.84041023,0.57000000,0.00408312,0.99591688,0
978,107899,0.24027935,0.00000000,79.61000000,37.15240324,2.14303004,0.69069566,0.40489363,0.59242558,110.17346939,0.49000000,nan,0,8,0.66171086,0.01730535,0.64026300,0.60250000,-0.00329602,1.00329602,0
979,107999,0.25296228,0.00000000,70.74000000,37.65085927,1.87901558,0.61459154,0.54267011,0.59750552,98.79761905,0.42000000,nan,0,8,0.66171086,0.01730535,0.95018549,0.56000000,0.00786653,0.99213347,0
980,108099,0.23502595,0.00000000,58.88000000,37.94296873,1.55110525,0.48448351,0.86143932,0.87252346,108.24193548,0.31000000,nan,0,8,0.66171086,0.01730535,5.98578322,0.41500000,0.01999184,0.98000816,0
981,108199,0.20971611,0.00000000,61.21000000,38.30055950,1.59856663,0.46968883,0.61117839,1.27537128,111.89583333,0.24000000,nan,0,8,0.66171086,0.01730535,1.39775019,0.45750000,0.02713031,0.97286969,0
982,108299,0.23527061,0.00000000,73.28000000,38.65312538,1.89617388,0.63335257,0.48155670,0.86599593,110.33823529,0.34000000,nan,0,8,0.66171086,0.01730535,0.92346762,0.55250000,0.00361956,0.99638044,0
983,108399,0.23640054,0.00000000,77.40000000,39.10540607,1.97955473,0.63450416,0.50033170,0.78108748,105.47058824,0.51000000,nan,0,9,0.67497493,0.04295882,0.75037928,0.60750000,0.00713334,0.99286666,0
984,108499,0.20232130,0.00000000,71.18000000,39.53327588,1.80064633,0.62799006,0.39533124,0.68091211,97.80434783,0.46000000,nan,0,9,0.67497493,0.04295882,0.74669943,0.58250000,-0.00298282,1.00298282,0
985,108599,0.15937112,0.00000000,68.41000000,39.92463814,1.71403133,0.55016921,0.40928712,0.55545735,94.80487805,0.41000000,nan,0,9,0.67497493,0.04295882,0.81894380,0.58000000,0.00247902,0.99752098,0
986,108699,0.20443709,0.00000000,62.46000000,40.23106431,1.55296323,0.50313842,0.55731831,0.67851617,96.51562500,0.32000000,nan,0,9,0.67497493,0.04295882,1.07084678,0.52750000,-0.00663414,1.00663414,0
987,108799,0.17352888,0.00000000,68.65000000,40.51662423,1.69466162,0.54597231,0.40998048,0.64469812,101.75609756,0.41000000,nan,0,9,0.67497493,0.04295882,0.82968094,0.55000000,0.00129952,0.99870048,0
988,108899,0.14267329,0.00000000,62.05000000,40.81774557,1.52052204,0.51808356,0.46362084,0.50676163,91.42647059,0.34000000,nan,0,9,0.67497493,0.04295882,1.01399827,0.52000000,0.02047799,0.97952201,0
989,108999,0.07250872,0.00000000,52.57000000,40.98669527,1.28265585,0.36027330,0.32740094,0.50942581,94.91304348,0.23000000,nan,0,9,0.67497493,0.04295882,1.03292905,0.43500000,-0.00331949,1.00331949,0
990,109099,0.04003107,0.01649686,17.34000000,40.94773328,0.42307652,0.06195806,1.30202122,nan,0.00000000,0.00000000,nan,0,9,0.67497493,0.04295882,13.06152089,0.08000000,-0.03113259,1.03113259,0
991,109199,0.00594062,0.01772935,10.49000000,40.61215638,0.25834427,0.01639193,1.13735655,nan,0.00000000,0.00000000,nan,0,9,0.67497493,0.04295882,23.63488612,0.02000000,0.00057923,0.99942077,0
992,109299,0.07436545,0.04091126,20.72000000,40.32919800,0.51385670,0.10300771,0.78507380,nan,0.00000000,0.00000000,nan,0,9,0.67497493,0.04295882,17.50781735,0.06000000,0.00856645,0.99143355,0
993,109399,0.00587517,0.03929410,14.05000000,40.07595116,0.35067805,0.03230174,0.83759232,nan,0.00000000,0.00000000,nan,0,9,0.67497493,0.04295882,18.88900111,0.07750000,0.01887051,0.98112949,0
994,109499,0.02897987,0.03939253,17.48000000,39.81097216,0.43915266,0.06334343,0.73419616,nan,0.00000000,0.00000000,nan,0,9,0.67497493,0.04295882,14.24893507,0.09000000,0.01476105,0.98523895,0
995,109599,0.03641905,0.04403693,20.37000000,39.58251542,0.51472291,0.06586683,0.56690523,2.52200767,147.50000000,0.01000000,nan,0,9,0.67497493,0.04295882,9.74523356,0.14500000,-0.00722991,1.00722991,0
996,109699,0.02801793,0.04153667,19.08000000,39.38133301,0.48446083,0.05839392,0.70308325,nan,0.00000000,0.00000000,nan,0,9,0.67497493,0.04295882,12.06526030,0.12500000,-0.00538762,1.00538762,0
997,109799,0.02190835,0.04107617,17.69000000,39.15924719,0.45169227,0.04901057,0.66125390,nan,0.00000000,0.00000000,nan,0,9,0.67497493,0.04295882,10.54452165,0.12000000,0.00141326,0.99858674,0
998,109899,0.06056294,0.06562742,18.27000000,38.93618063,0.46920264,0.08924617,0.65845889,nan,0.00000000,0.00000000,nan,0,9,0.67497493,0.04295882,11.94136824,0.11250000,-0.01385491,1.01385491,0
999,109999,0.00771207,0.05991425,14.02000000,38.68484242,0.36262743,0.03881816,0.81466291,nan,0.00000000,0.00000000,nan,0,9,0.67497493,0.04295882,17.37150897,0.07750000,0.01599931,0.98400069,0
1000,110099,0.03093987,0.04394761,24.46000000,38.52568037,0.63466049,0.12150234,0.45425115,2.34891283,116.00000000,0.05000000,nan,0,9,0.67497493,0.04295882,11.72726541,0.14000000,0.06158137,0.93841863,0
1001,110199,0.00854910,0.04053720,14.94000000,38.31112714,0.38990334,0.04266761,0.65706536,nan,0.00000000,0.00000000,nan,0,9,0.67497493,0.04295882,14.79754653,0.08250000,0.00449299,0.99550701,0
1002,110299,0.05672494,0.00000000,38.21000000,38.16994747,1.00107585,0.25623995,0.37425968,1.20757508,87.80000000,0.05000000,nan,0,9,0.67497493,0.04295882,6.49087887,0.27000000,0.00499403,0.99500597,0
1003,110399,0.09544179,0.00000000,52.79000000,38.24706591,1.38014049,0.42488299,0.28470151,0.79566237,85.84375000,0.16000000,nan,0,9,0.67497493,0.04295882,1.41997741,0.42000000,0.00243570,0.99756430,0
1004,110499,0.13545807,0.00000000,64.80000000,38.45275331,1.68508356,0.56752155,0.35058681,0.58776423,94.27777778,0.36000000,nan,0,9,0.67497493,0.04295882,0.70176887,0.55000000,0.00146427,0.99853573,0
1005,110599,0.13345933,0.00000000,64.70000000,38.71323620,1.67122880,0.54905210,0.33678880,0.50730748,95.88157895,0.38000000,nan,0,9,0.67497493,0.04295882,0.66116665,0.55000000,0.00146363,0.99853637,0
1006,110699,0.17925103,0.00000000,78.16000000,39.03403990,2.00245162,0.67148787,0.37851595,0.41714241,107.11458333,0.48000000,nan,0,9,0.67497493,0.04295882,0.37769605,0.59750000,0.00187717,0.99812283,0
1007,110799,0.20289356,0.00000000,78.83000000,39.40584739,2.00040803,0.67391385,0.36771211,0.47049624,106.13000000,0.50000000,nan,0,10,0.65452706,0.07629917,0.42431140,0.60250000,-0.00832676,1.00832676,0
1008,110899,0.22483591,0.00000000,76.81000000,39.78071873,1.93103848,0.65253097,0.48605514,0.61300000,111.18604651,0.43000000,nan,0,10,0.65452706,0.07629917,0.61913721,0.59000000,-0.00075795,1.00075795,0
1009,110999,0.22376213,0.00000000,77.35000000,40.13547261,1.92752266,0.64901148,0.43676073,0.48180923,106.72826087,0.46000000,nan,0,10,0.65452706,0.07629917,0.45724767,0.60500000,0.01686247,0.98313753,0
1010,111099,0.14233007,0.00000000,55.76000000,40.32339173,1.38240830,0.43294171,0.65093968,0.65616950,99.80769231,0.26000000,nan,0,10,0.65452706,0.07629917,4.76416714,0.41250000,0.01378369,0.98621631,0
1011,111199,0.16434808,0.00000000,69.62000000,40.57700994,1.71580036,0.59581180,0.40523321,0.59655938,103.08974359,0.39000000,nan,0,10,0.65452706,0.07629917,0.91314049,0.55250000,0.00735445,0.99264555,0
1012,111299,0.17270749,0.00000000,76.91000000,40.85365041,1.88216270,0.67499363,0.35755785,0.60867175,99.87735849,0.53000000,nan,0,11,0.65035839,0.07369235,0.59359165,0.61250000,-0.00872930,1.00872930,0
1013,111399,0.19097064,0.00000000,71.26000000,41.16377529,1.73096495,0.56845281,0.47510929,0.87858557,101.63414634,0.41000000,nan,0,11,0.65035839,0.07369235,0.98081783,0.57000000,-0.00342223,1.00342223,0
1014,111499,0.21279311,0.00000000,81.25000000,41.49615133,1.95820984,0.67229474,0.42988058,0.50254592,107.86734694,0.49000000,nan,0,11,0.65035839,0.07369235,0.67600952,0.61500000,0.02943534,0.97056466,0
1015,111599,0.22836081,0.00000000,86.84000000,41.86491517,2.07427066,0.70844461,0.41866235,0.63815721,106.97368421,0.57000000,nan,0,12,0.64934163,0.07035112,0.46958367,0.65750000,0.01753149,0.98246851,0
1016,111699,0.22120148,0.00000000,92.89000000,42.27973393,2.19678963,0.75107943,0.42464664,0.48776679,109.42968750,0.64000000,nan,0,13,0.63691279,0.08090134,0.35017768,0.68750000,-0.00097611,1.00097611,0
1017,111799,0.26495982,0.00000000,93.69000000,42.73035655,2.19248977,0.77805125,0.39964890,0.60287439,111.25000000,0.66000000,nan,0,14,0.63448148,0.07825804,0.38112875,0.70500000,-0.00338140,1.00338140,0
1018,111899,0.31958624,0.00000000,93.89000000,43.16145183,2.17493975,0.74198234,0.54460826,0.63347654,112.07638889,0.72000000,nan,0,15,0.63441448,0.07541178,0.83528821,0.73000000,-0.00192097,1.00192097,0
1019,111999,0.27130917,0.00000000,92.01000000,43.60211226,2.11019932,0.73543847,0.53858757,0.60724034,111.29687500,0.64000000,nan,0,16,0.63271610,0.07317076,0.54752975,0.69500000,0.00820789,0.99179211,0
1020,112099,0.19278279,0.00000000,76.21000000,43.86494391,1.73601637,0.56719289,0.52528363,0.58315071,117.82000000,0.50000000,nan,0,17,0.62980049,0.07185994,5.53329030,0.53750000,0.01256417,0.98743583,0
1021,112199,0.29362627,0.00000000,111.85000000,44.37852644,2.52069731,0.81983099,0.39911596,0.68163398,132.19718310,0.71000000,nan,0,18,0.63268013,0.07077681,0.37087746,0.75250000,-0.00061954,1.00061954,0
1022,112299,0.28902878,0.00000000,102.10000000,44.91328707,2.27382713,0.81062502,0.45292679,0.63986821,119.91176471,0.68000000,nan,0,19,0.63305845,0.06880246,0.43166204,0.71500000,0.00918684,0.99081316,0
1023,112399,0.22620562,0.00000000,100.41000000,45.37395227,2.21328182,0.73754004,0.37381317,0.54375347,121.63043478,0.69000000,nan,0,20,0.62859320,0.06988134,0.34611627,0.72250000,-0.00734373,1.00734373,0
1024,112499,0.31094038,0.00000000,102.25000000,45.83641011,2.23115578,0.74383312,0.50078052,0.66447318,126.42307692,0.65000000,nan,0,21,0.63030177,0.06856045,0.62857187,0.70000000,0.02270508,0.97729492,0
1025,112599,0.23463386,0.00000000,101.34000000,46.28588330,2.18962299,0.75368721,0.46476005,0.67967083,120.91304348,0.69000000,nan,0,22,0.63254582,0.06773098,0.53086054,0.73000000,0.00428107,0.99571893,0
1026,112699,0.33963829,0.00000000,103.00000000,46.74030915,2.20389582,0.80145767,0.49301302,0.70778287,122.05072464,0.69000000,nan,0,23,0.63581699,0.06800792,0.50575223,0.73750000,0.00012124,0.99987876,0
1027,112799,0.25044885,0.00000000,103.81000000,47.16465175,2.20046575,0.72773422,0.43175128,0.60699273,129.36290323,0.62000000,nan,0,24,0.63461598,0.06677279,0.46433323,0.70250000,0.00627757,0.99372243,0
1028,112899,0.28539278,0.00000000,99.08000000,47.63142599,2.08041603,0.75243449,0.47487248,0.77037387,115.66666667,0.66000000,nan,0,25,0.64004630,0.07078163,0.47232681,0.70000000,0.01315041,0.98684959,0
1029,112999,0.31486134,0.00000000,112.32000000,48.07512815,2.33628582,0.77813397,0.42386744,0.85678177,131.25657895,0.76000000,nan,0,26,0.64838228,0.08134089,0.35602250,0.75500000,0.00551139,0.99448861,0
1030,113099,0.16461940,0.02052012,47.36000000,48.25253058,0.98158790,0.27271742,1.09306554,0.61841034,130.56250000,0.24000000,nan,0,26,0.64838228,0.08134089,14.17800797,0.29500000,0.00578664,0.99421336,0
1031,113199,0.18908527,0.00000000,111.07000000,48.54743668,2.28734973,0.79967923,0.27863161,0.57404457,129.70270270,0.74000000,nan,0,27,0.64562903,0.08103416,0.61706254,0.74750000,-0.00056433,1.00056433,0
1032,113299,0.25407946,0.00000000,108.50000000,49.03708591,2.21254985,0.72126620,0.43056903,0.73481868,130.02857143,0.70000000,nan,0,28,0.64881437,0.08128610,0.52972641,0.72250000,0.00938207,0.99061793,0
1033,113399,0.26706720,0.00000000,110.99000000,49.51601350,2.24178000,0.76884581,0.44873617,0.62639149,133.06521739,0.69000000,nan,0,29,0.64804117,0.07992989,0.48938910,0.73000000,0.00613388,0.99386612,0
1034,113499,0.25507072,0.00000000,113.21000000,49.99774038,2.26474207,0.74205215,0.39040659,0.69776189,133.93150685,0.73000000,nan,0,30,0.64969853,0.07906257,0.33135200,0.74500000,0.00387161,0.99612839,0
1035,113599,0.30943988,0.00000000,121.21000000,50.48367535,2.40086593,0.80321756,0.43230188,0.70078195,138.63013699,0.73000000,0.64611381,0,31,0.64969853,0.07906257,0.40377636,0.75250000,0.01015801,0.98984199,0
1036,113699,0.27301113,0.00000000,108.47000000,50.98318132,2.12785238,0.73083123,0.47910246,0.65519688,132.40769231,0.65000000,0.04919307,0,32,0.65134638,0.07827327,0.60559311,0.72000000,-0.01082611,1.01082611,0
1037,113799,0.28494704,0.00000000,117.60000000,51.42375512,2.28669553,0.79731059,0.40047149,0.62521103,133.60256410,0.78000000,-0.34096750,0,33,0.65146671,0.07700346,0.44605232,0.76750000,0.02056575,0.97943425,0
1038,113899,0.27831330,0.00000000,122.51000000,51.90778356,2.35938226,0.74750436,0.45745530,0.60700385,146.68055556,0.72000000,-0.57511051,0,34,0.65067108,0.07592841,0.44605874,0.75250000,0.00878383,0.99121617,0
1039,113999,0.36202015,0.00000000,115.46000000,52.40922425,2.20259558,0.77700251,0.51468108,0.67061649,131.92000000,0.75000000,0.28252363,0,35,0.64938675,0.07514324,0.45730779,0.76000000,0.01454736,0.98545264,0
1040,114099,0.10307730,0.00000000,59.48000000,52.60085413,1.13061171,0.35349728,0.84774077,0.67069787,141.42307692,0.26000000,nan,0,35,0.64999332,0.07411687,9.10625517,0.34250000,-0.01655812,1.01655812,0
1041,114199,0.28461444,0.00000000,132.77000000,53.02184177,2.50478444,0.81361350,0.38280451,0.55425938,152.24025974,0.77000000,-1.29166189,0,36,0.64999332,0.07411687,0.34086656,0.79250000,-0.00240733,1.00240733,0
1042,114299,0.29987089,0.00000000,124.71000000,53.56098109,2.32890636,0.75726903,0.53405029,0.71468471,147.27027027,0.74000000,0.90074002,0,37,0.64733404,0.07477260,0.51445503,0.75750000,0.00681883,0.99318117,0
1043,114399,0.19050453,0.00000000,110.99000000,53.98990115,2.05559214,0.70912398,0.35681859,0.52972507,131.93571429,0.70000000,-1.60192542,0,38,0.64915433,0.07455357,0.62834312,0.71250000,0.00618926,0.99381074,0
1044,114499,0.25302685,0.00000000,129.60000000,54.46701975,2.37945882,0.78912978,0.35842297,0.52242925,149.93750000,0.72000000,-1.62504602,0,39,0.64601145,0.07604843,0.39187349,0.75500000,-0.00558644,1.00558644,0
1045,114599,0.39358777,0.00000000,124.59000000,54.98519946,2.26610524,0.78594828,0.57301826,0.71004425,138.79629630,0.81000000,0.86592678,0,40,0.64284268,0.07760653,0.39887756,0.78250000,0.00841846,0.99158154,0
1046,114699,0.30934527,0.00000000,127.47000000,55.46416737,2.29809805,0.72458756,0.49234360,0.76743602,153.02054795,0.73000000,1.58928977,0,41,0.64452272,0.07733851,0.39774075,0.76500000,0.00037299,0.99962701,0
1047,114799,0.28775030,0.00000000,119.75000000,55.95692384,2.14034086,0.71758958,0.49132978,0.81118680,148.73880597,0.67000000,2.07853024,0,42,0.64752060,0.07874131,0.59498883,0.73250000,0.00395685,0.99604315,0
1048,114899,0.33349873,0.00000000,125.34000000,56.41974677,2.22198908,0.76875081,0.47517634,0.75691997,147.83108108,0.74000000,1.29019557,0,43,0.65141742,0.08177253,0.49437543,0.77500000,0.00485273,0.99514727,0
1049,114999,0.29645065,0.00000000,133.50000000,56.87694117,2.34668349,0.79603376,0.49208643,0.66539439,161.45890411,0.73000000,0.13988203,0,44,0.65387097,0.08237957,0.74960303,0.74750000,0.00870834,0.99129166,0
1050,115099,0.17516276,0.00000000,75.90000000,57.15250065,1.32765287,0.43069671,0.71011582,1.01537994,149.60294118,0.34000000,nan,0,44,0.65413286,0.08143457,7.27164888,0.42500000,-0.00174537,1.00174537,0
1051,115199,0.30981911,0.00000000,139.94000000,57.54394022,2.43139361,0.84074329,0.42439127,0.78261240,152.38690476,0.84000000,1.57770271,0,45,0.65413286,0.08143457,0.32807301,0.82000000,0.01429578,0.98570422,0
1052,115299,0.28943531,0.00000000,136.80000000,58.10781377,2.35434338,0.76462730,0.40985047,0.62186689,162.09868421,0.76000000,-0.42441978,0,46,0.65698796,0.08275079,0.68149843,0.77500000,-0.00038423,1.00038423,0
1053,115399,0.28291339,0.00000000,157.34000000,58.71294583,2.68035929,0.86866171,0.39880313,0.54137365,168.49444444,0.90000000,-1.40079292,0,47,0.65622446,0.08198986,0.32827375,0.84500000,0.01220427,0.98779573,0
1054,115499,0.27830143,0.00000000,138.69000000,59.29658778,2.33919705,0.75723624,0.48847221,0.65608119,164.28472222,0.72000000,0.02778015,0,48,0.65378083,0.08280611,0.37640226,0.77500000,-0.00202345,1.00202345,0
1055,115599,0.27404723,0.00000000,141.97000000,59.81423339,2.37348530,0.76961797,0.40330792,0.66023026,162.80625000,0.80000000,0.07814238,0,49,0.65382875,0.08192113,0.53777565,0.79500000,-0.00061428,1.00061428,0
1056,115699,0.28716083,0.00000000,124.64000000,60.30875556,2.06693906,0.73408253,0.47661625,0.60398472,148.16666667,0.72000000,-0.61645033,0,50,0.65395939,0.08106846,0.52101758,0.74000000,0.01447939,0.98552061,0
1057,115799,0.34217836,0.00000000,143.74000000,60.77722370,2.36512922,0.80238872,0.48126808,0.71044409,158.64024390,0.82000000,0.71366713,0,51,0.65295990,0.08054762,0.33525655,0.81000000,0.00438078,0.99561922,0
1058,115899,0.31878509,0.00000000,144.88000000,61.30709629,2.36312445,0.78234739,0.45532605,0.61965895,164.16250000,0.80000000,-0.42958150,0,52,0.65408704,0.08014333,0.27752006,0.80000000,-0.00332425,1.00332425,0
1059,115999,0.34362208,0.00000000,150.28000000,61.85361523,2.42944058,0.82027054,0.46697871,0.65310461,166.71764706,0.85000000,-0.00402976,0,53,0.65342496,0.07949722,0.30898082,0.81750000,0.00950397,0.99049603,0
1060,116099,0.33133546,0.02944199,110.91000000,62.22978789,1.78142695,0.58544601,0.71630264,1.10052878,165.57017544,0.57000000,5.67909105,1,53,0.65341892,0.07872912,2.93939432,0.58250000,0.01502735,0.98497265,0
1061,116199,0.25401002,0.00000000,160.38000000,62.74311541,2.55573367,0.81119863,0.37036376,0.51638824,182.74358974,0.78000000,-1.74053354,0,54,0.65341892,0.07872912,0.35480558,0.78500000,0.00023738,0.99976262,0
1062,116299,0.35439021,0.00000000,160.67000000,63.38604046,2.53511532,0.79570436,0.49610210,0.67418699,180.78048780,0.82000000,0.29066194,0,55,0.65088131,0.08018140,0.27905605,0.81750000,-0.00744280,1.00744280,0
1063,116399,0.33218788,0.00000000,149.82000000,63.95132215,2.34284545,0.79177602,0.47996584,0.63245434,169.41875000,0.80000000,-0.23712288,0,56,0.65130505,0.07949764,0.34188928,0.77250000,0.01369888,0.98630112,0
1064,116499,0.34411832,0.00000000,155.75000000,64.51888802,2.41454530,0.79738165,0.53463751,0.75425077,176.18421053,0.76000000,1.31049186,0,57,0.65096843,0.07881189,0.39277909,0.78000000,0.00215149,0.99784851,0
1065,116599,0.36099487,0.00000000,153.95000000,65.07276580,2.36626614,0.81031141,0.48081770,0.77113161,179.25675676,0.74000000,1.49256156,0,58,0.65278040,0.07929402,0.50200341,0.75750000,0.00086293,0.99913707,0
1066,116699,0.33081427,0.00000000,149.07000000,65.59766981,2.27283405,0.75340342,0.53276549,0.91422859,177.41549296,0.71000000,3.23786002,1,58,0.65482094,0.08011700,0.47183725,0.75750000,-0.00317493,1.00317493,0
1067,116799,0.22949091,0.00000000,135.09000000,66.07798818,2.04491998,0.64682686,0.46348785,0.68967592,169.49230769,0.65000000,0.43505093,0,59,0.65482094,0.08011700,0.46997738,0.73500000,0.00517261,0.99482739,0
1068,116899,0.21781389,0.00000000,149.45000000,66.50327915,2.24721311,0.74505795,0.33355705,0.56275914,165.10843373,0.83000000,-1.16466671,0,60,0.65541170,0.07955286,0.34260124,0.78000000,0.01169879,0.98830121,0
1069,116999,0.27813282,0.00000000,156.35000000,66.98959413,2.33326073,0.72793952,0.44002268,0.61470112,183.54000000,0.75000000,-0.49094440,0,61,0.65386749,0.07977761,0.43266876,0.77750000,0.00620568,0.99379432,0
1070,117099,0.17634481,0.00000000,118.29000000,67.36267375,1.75511861,0.56600059,0.61396789,0.56384149,182.79807692,0.52000000,-1.12760566,0,62,0.65322542,0.07926879,6.02179000,0.58500000,0.00934522,0.99065478,0
1071,117199,0.26811653,0.00000000,166.02000000,67.85459653,2.44602481,0.73969192,0.47262001,0.56278508,189.68354430,0.79000000,-1.12044269,0,63,0.65178375,0.07943170,0.36309187,0.78500000,-0.00536447,1.00536447,0
1072,117299,0.35675933,0.00000000,167.20000000,68.49166517,2.44165009,0.77513906,0.48361749,0.84903689,196.86708861,0.79000000,2.49635409,0,64,0.65037107,0.07958239,0.35311113,0.79750000,0.02424819,0.97575181,0
1073,117399,0.32322798,0.00000000,145.21000000,68.99886811,2.10476876,0.66213167,0.52935200,0.72338701,178.85507246,0.69000000,0.84473499,0,65,0.65347522,0.08276180,0.40698613,0.74000000,-0.00305652,1.00305652,0
1074,117499,0.29112229,0.00000000,138.83000000,69.38057288,2.00056667,0.65469940,0.55135585,0.86898941,171.52083333,0.72000000,2.59707496,0,66,0.65455079,0.08256929,0.66727584,0.75000000,0.00460803,0.99539197,0
1075,117599,0.24605410,0.00000000,130.38000000,69.77706972,1.86838283,0.61937967,0.57121782,0.85030416,159.88571429,0.70000000,2.23637818,0,67,0.65779986,0.08607860,0.64634144,0.71250000,0.01053881,0.98946119,0
1076,117699,0.31110900,0.00000000,150.63000000,70.18312337,2.14604246,0.72764552,0.46935903,0.99550531,176.64473684,0.76000000,3.77904797,1,67,0.66067306,0.08860228,0.53991852,0.76500000,0.01453245,0.98546755,0
1077,117799,0.25442740,0.00000000,161.84000000,70.70740201,2.28921575,0.76057630,0.38003162,0.61144361,183.42405063,0.79000000,-0.55562284,0,68,0.66067306,0.08860228,0.35378402,0.79500000,0.01048426,0.98951574,0
1078,117899,0.31330374,0.00000000,140.61000000,71.19079125,1.97570567,0.66012790,0.55453679,0.80042703,170.95652174,0.69000000,1.59378676,0,69,0.65994909,0.08814099,0.58179247,0.73250000,0.01767760,0.98232240,0
1079,117999,0.23196658,0.00000000,120.62000000,71.49273253,1.68723832,0.57757037,0.51381031,0.99679634,155.72033898,0.59000000,3.75728248,1,69,0.66198501,0.08910997,0.72598792,0.65750000,0.00519474,0.99480526,0
1080,118099,0.10497154,0.00000000,76.62000000,71.57674568,1.07042449,0.31266200,0.73039590,0.76878185,169.53571429,0.28000000,nan,0,69,0.66198501,0.08910997,6.26255979,0.40250000,0.01241283,0.98758717,0
1081,118199,0.22785771,0.00000000,145.80000000,71.84961691,2.02910883,0.63656322,0.42200827,0.76198240,173.68666667,0.75000000,1.12217956,0,70,0.66198501,0.08910997,0.56364993,0.73750000,0.00346809,0.99653191,0
1082,118299,0.23351995,0.00000000,134.69000000,72.27728710,1.86396553,0.59711163,0.52172963,0.79646465,183.14035088,0.57000000,1.49050746,0,71,0.66341354,0.08926565,0.81437938,0.68000000,-0.00856050,1.00856050,0
1083,118399,0.22873708,0.00000000,151.87000000,72.61397280,2.09118325,0.68250302,0.46158893,0.68756514,183.98571429,0.70000000,0.24747043,0,72,0.66528750,0.09002141,0.47313148,0.72750000,0.00388425,0.99611575,0
1084,118499,0.22983548,0.00000000,133.61000000,73.04933518,1.82937636,0.58194308,0.51533874,1.00355105,181.78070175,0.57000000,3.77924331,1,72,0.66559691,0.08942376,1.00165908,0.67750000,0.01371523,0.98628477,0
1085,118599,0.18751769,0.00000000,136.79000000,73.36421948,1.86457798,0.60616849,0.42826735,0.62496692,169.80468750,0.64000000,-0.45435347,0,73,0.66559691,0.08942376,0.67615634,0.71500000,-0.00020205,1.00020205,0
1086,118699,0.17380725,0.00000000,153.33000000,73.75750388,2.07893606,0.69824432,0.37800309,0.55875922,179.46835443,0.79000000,-1.19513902,0,74,0.66504034,0.08892783,0.46133015,0.74250000,-0.01128187,1.01128187,0
1087,118799,0.19828415,0.00000000,173.96000000,74.22005135,2.34352592,0.74547148,0.39886299,0.44543128,202.79487179,0.78000000,-2.44652459,0,75,0.66360411,0.08917663,0.39014384,0.78750000,0.00803694,0.99196306,0
1088,118899,0.25051061,0.00000000,158.42000000,74.74407277,2.11965135,0.70044627,0.47177934,0.63723750,178.35975610,0.82000000,-0.25473869,0,76,0.66069513,0.09208509,0.29019069,0.78750000,0.01305991,0.98694009,0
1089,118999,0.32513278,0.00000000,166.58000000,75.20339684,2.21504255,0.76412258,0.44454320,0.55533013,185.51190476,0.84000000,-1.14804771,0,77,0.66038648,0.09150870,0.30010279,0.81750000,0.00666416,0.99333584,0
1090,119099,0.11625042,0.00633626,58.86000000,75.34531132,0.78141829,0.21941594,1.03976435,1.49457421,185.50000000,0.21000000,nan,0,77,0.65902211,0.09168967,11.11776248,0.32250000,-0.01910156,1.01910156,0
1091,119199,0.26648247,0.00000000,171.09000000,75.58525012,2.26305794,0.73754816,0.42567193,0.73295723,191.79268293,0.82000000,0.80636253,0,78,0.65902211,0.09168967,0.31121419,0.81500000,0.00947557,0.99052443,0
1092,119299,0.28032372,0.00000000,190.95000000,76.17439352,2.50683591,0.82564727,0.38929958,0.73438859,205.53448276,0.87000000,0.81352945,0,79,0.65997000,0.09147620,0.23769532,0.82750000,0.00760972,0.99239028,0
1093,119399,0.21842975,0.00000000,148.66000000,76.65760490,1.93921199,0.70065247,0.38933112,0.54633325,175.78000000,0.75000000,-1.25534441,0,80,0.66091201,0.09127277,0.36722778,0.75250000,0.00187235,0.99812765,0
1094,119499,0.35512802,0.00000000,164.23000000,77.09256850,2.13049943,0.72740276,0.57303482,0.73469479,184.59375000,0.80000000,0.82118293,0,81,0.65947977,0.09159350,0.36720209,0.78000000,0.03109893,0.96890107,0
1095,119599,0.24676158,0.00000000,161.39000000,77.50942965,2.08200001,0.65897520,0.42077554,0.70003677,187.90506329,0.79000000,0.43356125,0,82,0.66040835,0.09140211,0.36597442,0.75500000,-0.01214870,1.01214870,0
1096,119699,0.24497273,0.00000000,155.91000000,77.94368017,2.00029892,0.65520610,0.47827497,0.69406901,195.32608696,0.69000000,0.36482116,0,83,0.66089163,0.09094150,0.56087294,0.73250000,0.01390674,0.98609326,0
1097,119799,0.29176583,0.00000000,170.76000000,78.38614383,2.17851713,0.69909742,0.46970981,0.71139403,200.40259740,0.77000000,0.55387398,0,84,0.66129135,0.09045861,0.38014075,0.78500000,0.00675743,0.99324257,0
1098,119899,0.21631433,0.00000000,160.03000000,78.80251427,2.03045340,0.65311055,0.47186771,0.53806030,187.24342105,0.76000000,-1.37466889,0,85,0.66188781,0.09007806,0.36116708,0.78250000,0.00429454,0.99570546,0
1099,119999,0.26948141,0.00000000,166.06000000,79.25840387,2.09520991,0.70732246,0.46140636,0.71103324,192.24683544,0.79000000,0.55888117,0,86,0.66043102,0.09054200,0.44624173,0.77500000,0.01419305,0.98580695,0
1100,120099,0.22236195,0.00304400,116.68000000,79.51585031,1.46707127,0.47504448,0.58303428,0.76692524,179.37254902,0.51000000,1.17447291,0,87,0.66101942,0.09017307,2.31821432,0.58000000,0.02233196,0.97766804,0
1101,120199,0.22786465,0.00000000,182.31000000,79.90520801,2.28130535,0.78684357,0.34611618,0.56149854,206.15243902,0.82000000,-1.11481116,0,88,0.66223673,0.09036345,0.32836474,0.80750000,-0.00676006,1.00676006,0
1102,120299,0.35842395,0.00000000,181.48000000,80.42543030,2.25637783,0.75921586,0.51821365,0.68446722,207.01973684,0.76000000,0.25834105,0,89,0.66109197,0.09048213,0.34972171,0.78250000,0.00556101,0.99443899,0
1103,120399,0.28857206,0.00000000,186.20000000,80.92657640,2.30049437,0.77905268,0.46962859,0.72981603,199.71022727,0.88000000,0.76067664,0,90,0.66135462,0.09000068,0.29106674,0.83000000,-0.00154519,1.00154519,0
1104,120499,0.28304328,0.00000000,184.28000000,81.47279988,2.26196435,0.70027425,0.46900633,0.65737258,217.72602740,0.73000000,-0.05282363,0,91,0.66211530,0.08978411,0.37114691,0.76000000,0.00289499,0.99710501,0
1105,120599,0.29395862,0.00000000,191.21000000,81.97500256,2.33229074,0.73171189,0.50308385,0.86653074,218.59756098,0.82000000,2.29004728,0,92,0.66206318,0.08928530,0.29557575,0.81500000,-0.00139861,1.00139861,0
1106,120699,0.31733181,0.00000000,195.50000000,82.50503385,2.36900379,0.78483671,0.47288671,0.72839979,219.91250000,0.80000000,0.70210971,0,93,0.66428566,0.09131640,0.31117268,0.80250000,0.00820238,0.99179762,0
1107,120799,0.34897481,0.00000000,182.13000000,83.05812613,2.19280756,0.73115903,0.52118834,0.89471429,202.18604651,0.86000000,2.52289418,0,94,0.66497505,0.09106178,0.36328920,0.81500000,-0.00321894,1.00321894,0
1108,120899,0.27104282,0.00000000,189.90000000,83.57020343,2.27251596,0.73006827,0.44088062,0.77568534,213.51875000,0.80000000,1.15645215,0,95,0.66741909,0.09361931,0.26834927,0.81000000,0.00848045,0.99151955,0
1109,120999,0.25674450,0.00000000,209.06000000,84.10180955,2.48548112,0.78390680,0.39811509,0.59634350,235.54819277,0.83000000,-0.77004801,0,96,0.66855873,0.09378017,0.24780498,0.84750000,0.00758871,0.99241129,0
1110,121099,0.19558144,0.00000000,138.10000000,84.47672792,1.63422586,0.50156563,0.58441116,0.67916826,209.37068966,0.58000000,0.12141757,0,97,0.66780649,0.09357600,3.38443338,0.60750000,0.01820640,0.98179360,0
1111,121199,0.30461683,0.00000000,201.76000000,84.95501478,2.37482010,0.74279571,0.52963745,0.70400111,220.89534884,0.86000000,0.38753624,0,98,0.66792362,0.09309449,0.34986874,0.85250000,0.00159863,0.99840137,0
1112,121299,0.30121409,0.00000000,186.43000000,85.50648943,2.18064593,0.73324202,0.48325175,0.94583175,206.65882353,0.85000000,2.99444161,0,99,0.66829176,0.09268506,0.42307868,0.81750000,0.00324315,0.99675685,0
1113,121399,0.23239187,0.00000000,203.69000000,86.01625155,2.36826743,0.77043792,0.38989134,0.51427765,232.13924051,0.79000000,-1.62779227,0,100,0.67109520,0.09633757,0.24753025,0.81500000,0.00372090,0.99627910,0
1114,121499,0.30864742,0.00000000,219.48000000,86.59409458,2.53456559,0.80824765,0.43918445,0.67920960,236.43956044,0.91000000,0.09969287,0,101,0.66952702,0.09712413,0.25006778,0.86000000,0.00615857,0.99384143,0
1115,121599,0.37700652,0.00000000,235.70000000,87.26030866,2.70115105,0.84398139,0.48536488,0.68171296,245.12234043,0.94000000,0.12510148,0,102,0.66962289,0.09664210,0.17419120,0.91750000,-0.00771576,1.00771576,0
1116,121699,0.35371746,0.00000000,198.97000000,87.89542073,2.26410258,0.74357339,0.51793530,0.64369632,223.00609756,0.82000000,-0.27082373,0,103,0.66974142,0.09616993,0.32191346,0.81500000,-0.00358501,1.00358501,0
1117,121799,0.31170370,0.00000000,226.87000000,88.44570866,2.56498416,0.84166424,0.41388194,0.65405404,241.01111111,0.90000000,-0.16122663,0,104,0.66948855,0.09573175,0.19356318,0.87000000,-0.00228111,1.00228111,0
1118,121899,0.37543071,0.00000000,210.79000000,89.07378088,2.36673600,0.75978697,0.52778281,0.78052661,221.23888889,0.90000000,1.16696989,0,105,0.66934014,0.09527792,0.23297315,0.85750000,0.00616960,0.99383040,0
1119,121999,0.23639542,0.00000000,213.17000000,89.62222474,2.37850871,0.82376173,0.36266914,0.53132222,225.02747253,0.91000000,-1.45725447,0,106,0.67039906,0.09543758,0.18406474,0.86500000,0.00028703,0.99971297,0
1120,122099,0.24025203,0.03321469,130.69000000,89.92707529,1.45292414,0.44485229,0.83057878,0.90566126,212.98039216,0.51000000,2.46591267,0,107,0.66908702,0.09593780,4.77592016,0.54750000,-0.00009342,1.00009342,0
1121,122199,0.30234394,0.00000000,188.98000000,90.30398657,2.09248686,0.72163687,0.51491622,0.82244214,211.21341463,0.82000000,1.53938161,0,108,0.67129799,0.09818498,0.37831489,0.79000000,0.00438938,0.99561062,0
1122,122299,0.26434109,0.00000000,196.21000000,90.80630004,2.16098386,0.72943969,0.44829899,0.78194056,218.72891566,0.83000000,1.10568350,0,109,0.67269747,0.09880141,0.25467953,0.80750000,-0.00315690,1.00315690,0
1123,122399,0.24040779,0.00000000,198.45000000,91.28372572,2.17415911,0.66303047,0.49765031,0.66616875,223.47023810,0.84000000,-0.07614866,0,110,0.67369970,0.09889802,0.37400734,0.80250000,-0.00024148,1.00024148,0
1124,122499,0.30077411,0.00000000,189.85000000,91.75952149,2.06927214,0.68980127,0.54733080,0.90836520,218.10000000,0.80000000,2.38439474,0,111,0.67363124,0.09844593,0.34504486,0.79000000,0.00535221,0.99464779,0
1125,122599,0.24287608,0.00000000,175.02000000,92.15934989,1.89925497,0.63824434,0.52708665,1.33679558,202.57236842,0.76000000,6.57772447,1,111,0.67574596,0.10049822,0.44581620,0.76750000,0.00029482,0.99970518,0
1126,122699,0.24080711,0.00000000,180.09000000,92.54433235,1.94617802,0.66421095,0.43640072,0.80436218,207.59493671,0.79000000,1.27978604,0,112,0.67574596,0.10049822,0.39061862,0.77500000,0.01978318,0.98021682,0
1127,122799,0.29891316,0.00000000,200.51000000,92.98487203,2.15666835,0.76538571,0.49096289,0.92289093,227.25641026,0.78000000,2.44092784,0,113,0.67689432,0.10077996,0.29205287,0.79750000,0.00788398,0.99211602,0
1128,122899,0.25484272,0.00000000,200.84000000,93.41935841,2.14964200,0.72095270,0.43288215,0.71703816,227.92857143,0.84000000,0.36874182,0,114,0.67907128,0.10296330,0.38321794,0.80500000,0.00485117,0.99514883,0
1129,122999,0.28404734,0.00000000,207.25000000,93.93586779,2.20641577,0.70441408,0.49643173,0.65707270,228.89534884,0.86000000,-0.21772434,0,115,0.67940432,0.10256836,0.23667040,0.82250000,-0.00225739,1.00225739,0
1130,123099,0.13545283,0.00000000,97.73000000,94.10085815,1.03856131,0.30243627,0.56585722,0.82399148,217.62500000,0.36000000,nan,0,115,0.67921014,0.10213874,4.27122271,0.43750000,0.01230675,0.98769325,0
1131,123199,0.25088105,0.00000000,206.70000000,94.44534317,2.18866812,0.67539831,0.45189257,0.70683396,232.60714286,0.84000000,0.27045393,0,116,0.67921014,0.10213874,0.28398512,0.80000000,0.00314201,0.99685799,0
1132,123299,0.23030648,0.00000000,193.31000000,94.88000140,2.03721826,0.65401561,0.49626183,0.88129463,214.76190476,0.84000000,1.98421553,0,117,0.67944827,0.10172602,0.27288574,0.81750000,-0.01184621,1.01184621,0
1133,123399,0.19119218,0.00000000,193.54000000,95.33816756,2.03017991,0.63927460,0.45565084,0.69643368,226.83544304,0.79000000,0.14817013,0,118,0.68117345,0.10299125,0.35518772,0.80000000,0.01816621,0.98183379,0
1134,123499,0.35232738,0.00000000,229.70000000,95.85850622,2.39670488,0.71690845,0.53368727,0.91759105,252.36627907,0.86000000,2.30390746,0,119,0.68130278,0.10255979,0.21485244,0.83000000,-0.00527803,1.00527803,0
1135,123599,0.23839999,0.00000000,183.86000000,96.28929715,1.90930789,0.59493007,0.53549119,1.06634047,212.01250000,0.80000000,3.66921770,1,119,0.68328839,0.10439611,0.30199983,0.79750000,0.02052183,0.97947817,0
1136,123699,0.25291261,0.00000000,193.64000000,96.69746501,2.00249956,0.64867011,0.47908458,0.90911521,227.39610390,0.77000000,2.16317263,0,120,0.68328839,0.10439611,0.36101507,0.79000000,0.00743366,0.99256634,0
1137,123799,0.33644939,0.00150357,208.53000000,97.13586721,2.14667039,0.69174089,0.59520093,0.81541303,230.21951220,0.82000000,1.22892692,0,121,0.68517028,0.10598087,0.28511309,0.84000000,0.01705997,0.98294003,0
1138,123899,0.20882840,0.00000000,182.39000000,97.59133455,1.86916645,0.58006707,0.51650518,0.76341546,212.93750000,0.80000000,0.72663328,0,122,0.68624667,0.10620046,0.44011787,0.80750000,-0.00000697,1.00000697,0
1139,123999,0.22354655,0.00000000,190.15000000,97.91806775,1.94173706,0.63385879,0.47691458,0.72969066,230.69736842,0.76000000,0.40391515,0,123,0.68687920,0.10599122,0.65971464,0.79500000,0.00350896,0.99649104,0
1140,124099,0.09078104,0.00000000,100.97000000,98.04937642,1.02979001,0.29448741,0.62998648,0.84412649,236.28571429,0.35000000,nan,0,123,0.68722726,0.10562649,5.38175733,0.43000000,0.02466800,0.97533200,0
1141,124199,0.21019258,0.00000000,165.43000000,98.31102518,1.68289641,0.51010589,0.50852955,0.89162398,196.03205128,0.78000000,1.93508948,0,124,0.68722726,0.10562649,0.44167884,0.77750000,-0.00265360,1.00265360,0
1142,124299,0.25921148,0.00000000,190.23000000,98.63622256,1.92877213,0.63823563,0.55029726,0.99845327,221.28481013,0.79000000,2.89905749,0,125,0.68887562,0.10678562,0.52160596,0.80000000,-0.00110227,1.00110227,0
1143,124399,0.24325532,0.00000000,197.22000000,98.96023487,1.99239052,0.63399945,0.49279706,1.18575193,221.38095238,0.84000000,4.49865008,1,125,0.69135224,0.10989956,0.35949249,0.82000000,0.02036428,0.97963572,0
1144,124499,0.25267897,0.00000000,185.52000000,99.38584539,1.86657591,0.60887343,0.52435610,0.84248706,210.87654321,0.81000000,1.37520849,0,126,0.69135224,0.10989956,0.32836930,0.80250000,0.00778416,0.99221584,0
1145,124599,0.19869182,0.00000000,186.63000000,99.76935733,1.87076094,0.57397196,0.51006245,0.75786830,221.55194805,0.77000000,0.59225762,0,127,0.69255173,0.11028406,0.44159036,0.81000000,0.01342844,0.98657156,0
1146,124699,0.24234243,0.00000000,174.48000000,100.10386257,1.74312429,0.60571229,0.50732357,0.98220840,208.86428571,0.70000000,2.62860621,0,128,0.69306603,0.10999836,0.54548734,0.75000000,0.00875633,0.99124367,0
1147,124799,0.28002978,0.00000000,205.59000000,100.46124337,2.04654288,0.71729573,0.50086607,0.77515646,222.97727273,0.88000000,0.70957787,0,129,0.69532496,0.11250563,0.23145273,0.84250000,0.00823562,0.99176438,0
1148,124899,0.25927516,0.00000000,197.98000000,100.84033633,1.96305643,0.66666851,0.54328530,1.07934712,214.77647059,0.85000000,3.41453991,1,129,0.69594380,0.11228550,0.33574963,0.79750000,0.00705640,0.99294360,0
1149,124999,0.24803853,0.00000000,201.77000000,101.25996219,1.99251846,0.71089940,0.45778680,0.71130238,226.14457831,0.83000000,0.13678144,0,130,0.69594380,0.11228550,0.32739061,0.81250000,0.00158757,0.99841243,0
1150,125099,0.22174045,0.00000000,148.99000000,101.47689975,1.46781573,0.49687474,0.51727663,0.86463644,227.56666667,0.60000000,1.50704621,0,131,0.69606195,0.11185755,1.95758098,0.62750000,0.00893738,0.99106262,0
1151,125199,0.31204635,0.00000000,198.60000000,101.84225535,1.94992903,0.70448191,0.50469406,0.85733423,225.90740741,0.81000000,1.42341271,0,132,0.69734878,0.11239569,0.30662033,0.81250000,0.00903271,0.99096729,0
1152,125299,0.21611300,0.00000000,191.48000000,102.21302826,1.87318934,0.59847083,0.52750859,0.76146908,218.23170732,0.82000000,0.55755695,0,133,0.69856079,0.11282846,0.34993427,0.80000000,0.00936850,0.99063150,0
1153,125399,0.22035998,0.00000000,197.94000000,102.59502306,1.92928303,0.65541356,0.41418218,0.75045003,223.91250000,0.80000000,0.45690108,0,134,0.69903378,0.11253255,0.32249930,0.80250000,0.00796971,0.99203029,0
1154,125499,0.22889059,0.00000000,189.11000000,102.96630994,1.83665841,0.60112982,0.43733804,1.00162773,226.38815789,0.76000000,2.69357634,0,135,0.69941748,0.11219665,0.43291580,0.77500000,0.01562003,0.98437997,0
1155,125599,0.24087160,0.00000000,199.05000000,103.36342461,1.92609580,0.65645248,0.50718924,0.73311217,225.11585366,0.82000000,0.27409474,0,136,0.70165608,0.11476356,0.44194467,0.80000000,-0.00785443,1.00785443,0
1156,125699,0.25197711,0.00000000,184.02000000,103.69568116,1.77480197,0.56982146,0.52692591,0.99705138,214.47368421,0.76000000,2.58079234,0,137,0.70188737,0.11436953,0.43887135,0.77500000,0.01232966,0.98767034,0
1157,125799,0.30504241,0.03701678,181.34000000,103.98466714,1.74393371,0.57592924,0.58194396,1.10289897,209.00000000,0.79000000,3.41764251,1,137,0.70404186,0.11670534,0.41766710,0.79000000,0.01005675,0.98994325,0
1158,125899,0.29401494,0.06812629,181.87000000,104.30029728,1.74382569,0.58092298,0.60777779,1.33531469,222.21126761,0.71000000,5.40911713,2,137,0.70404186,0.11670534,0.45444269,0.74000000,0.01363596,0.98636404,0
1159,125999,0.27848227,0.07038876,186.80000000,104.57829025,1.78608194,0.60302493,0.51714579,1.03794738,221.09333333,0.75000000,2.86109904,0,138,0.70404186,0.11670534,0.48374842,0.78000000,0.01012876,0.98987124,0
1160,126099,0.20763764,0.05719732,148.64000000,104.77715528,1.41838295,0.48964199,0.52341229,1.42519401,229.61016949,0.59000000,6.00433419,1,138,0.70646146,0.11970229,1.06670310,0.64250000,0.01815076,0.98184924,0
1161,126199,0.24696898,0.00000000,219.99000000,105.15824260,2.09208878,0.67713936,0.41102815,0.69723837,251.09146341,0.82000000,-0.07705028,0,139,0.70646146,0.11970229,0.30778697,0.81000000,0.00506872,0.99493128,0
1162,126299,0.29970502,0.01004724,192.59000000,105.52412970,1.82496016,0.61748849,0.53665744,0.81405514,222.93421053,0.76000000,0.90265538,0,140,0.70639511,0.11927036,0.32980004,0.77250000,0.01221191,0.98778809,0
1163,126399,0.22692172,0.00000000,216.16000000,105.93104126,2.04069681,0.69629442,0.45356010,0.81877022,240.67857143,0.84000000,0.93638419,0,141,0.70716411,0.11918837,0.27447556,0.81750000,0.01188784,0.98811216,0
1164,126499,0.23236851,0.00000000,187.91000000,106.28931445,1.76793294,0.58705301,0.49767890,0.84442970,224.62666667,0.75000000,1.14555781,0,142,0.70795564,0.11913328,0.30776670,0.79500000,0.01376542,0.98623458,0
1165,126599,0.31892601,0.00000000,232.00000000,106.69656800,2.17456641,0.74412131,0.52142703,0.84280807,254.37931034,0.87000000,1.12267271,0,143,0.70891673,0.11926124,0.25995539,0.87250000,-0.00882227,1.00882227,0
1166,126699,0.33786391,0.00000000,245.92000000,107.17946207,2.29443371,0.76339778,0.51837722,0.89775361,268.12941176,0.85000000,1.57414384,0,144,0.70985303,0.11936684,0.31686199,0.86000000,0.00577220,0.99422780,0
1167,126799,0.34352479,0.00000000,237.93000000,107.71187928,2.20917668,0.71961373,0.53997665,0.76506279,269.53086420,0.81000000,0.44930124,0,145,0.71115789,0.11997495,0.27918295,0.82000000,0.00808456,0.99191544,0
1168,126899,0.25463546,0.00000000,222.62000000,108.14171637,2.05847483,0.70817992,0.47874616,0.86728650,239.94827586,0.87000000,1.30186394,0,146,0.71152965,0.11964142,0.29040651,0.82250000,0.01940399,0.98059601,0
1169,126999,0.27380187,0.00000000,246.13000000,108.60213434,2.26605803,0.74855836,0.43349148,0.70777234,270.71264368,0.87000000,-0.04022694,0,147,0.71259648,0.11992296,0.23374939,0.86000000,-0.00109831,1.00109831,0
1170,127099,0.17831389,0.02006810,121.54000000,108.84536805,1.11658042,0.32647135,0.76432712,0.96951205,224.23255814,0.43000000,nan,0,147,0.71256366,0.11951223,4.43032196,0.52000000,0.00885766,0.99114234,0
1171,127199,0.29467587,0.00000000,242.01000000,109.19247813,2.21650549,0.73853417,0.47004223,0.78245797,254.38202247,0.89000000,0.58482975,0,148,0.71256366,0.11951223,0.20748187,0.86000000,0.01509437,0.98490563,0
1172,127299,0.27397798,0.00000000,259.56000000,109.69974583,2.36603405,0.76960949,0.41850476,0.62574102,277.29120879,0.91000000,-0.73207254,0,149,0.71303592,0.11924352,0.17895750,0.87750000,0.00640335,0.99359665,0
1173,127399,0.27785494,0.00000000,241.25000000,110.20500575,2.18888283,0.74082608,0.48081971,0.73038026,251.96808511,0.94000000,0.15060449,0,150,0.71245005,0.11905497,0.19716456,0.88500000,0.00145907,0.99854093,0
1174,127499,0.27017506,0.00000000,232.80000000,110.70286787,2.10303205,0.70582386,0.49936989,0.71287513,260.46428571,0.84000000,0.00257491,0,151,0.71256958,0.11866381,0.27238302,0.83000000,0.02052776,0.97947224,0
1175,127599,0.36404462,0.03944292,217.79000000,111.13324329,1.95989221,0.67561218,0.58759176,1.09846999,238.57954545,0.88000000,3.26292538,1,151,0.71257161,0.11826761,0.38131127,0.83500000,0.00449898,0.99550102,0
1176,127699,0.28847439,0.00000000,221.52000000,111.50688139,1.98657712,0.68405653,0.45298607,0.88710439,252.85185185,0.81000000,1.47574458,0,152,0.71257161,0.11826761,0.41627646,0.81750000,0.01464342,0.98535658,0
1177,127799,0.31858683,0.00000000,236.53000000,111.96034628,2.11285043,0.71537983,0.55146080,0.87570683,266.20833333,0.84000000,1.36441829,0,153,0.71371985,0.11872237,0.40464307,0.82500000,0.00693828,0.99306172,0
1178,127899,0.27536988,0.00000000,220.53000000,112.36279609,1.96267347,0.66956064,0.49392112,0.82274387,247.48809524,0.84000000,0.90686236,0,154,0.71477859,0.11905366,0.27904101,0.82750000,0.00448205,0.99551795,0
1179,127999,0.17701494,0.00000000,211.77000000,112.74735441,1.87835642,0.63190526,0.38181969,0.63744672,256.29166667,0.72000000,-0.65583561,0,155,0.71547966,0.11898246,0.43698696,0.76000000,0.00984338,0.99015662,0
1180,128099,0.08020389,0.00000000,89.57000000,112.80637394,0.79416421,0.19819368,0.66589169,0.99889318,237.55769231,0.26000000,nan,0,155,0.71497622,0.11876104,4.06567579,0.36250000,0.02091627,0.97908373,0
1181,128199,0.14182599,0.00000000,203.48000000,112.98799610,1.80086178,0.56144262,0.30533167,0.55639875,243.29870130,0.77000000,-1.33526514,0,156,0.71497622,0.11876104,0.47324613,0.79250000,-0.01068805,1.01068805,0
1182,128299,0.24324757,0.00000000,202.01000000,113.32640646,1.78262749,0.57333432,0.53225267,0.85553600,241.11111111,0.72000000,1.18915492,0,157,0.71395970,0.11905623,0.39416345,0.75500000,0.01491565,0.98508435,0
1183,128399,0.23883019,0.00000000,207.68000000,113.63969817,1.82752396,0.55448443,0.44845626,0.80781645,251.00684932,0.73000000,0.77975371,0,158,0.71486146,0.11921071,0.44851267,0.76000000,0.00254303,0.99745697,0
1184,128499,0.31374650,0.01680766,201.35000000,113.95468454,1.76686326,0.63312573,0.55064403,0.95596949,235.59740260,0.77000000,2.02014975,0,159,0.71544978,0.11906033,0.45086705,0.77500000,0.04634609,0.95365391,0
1185,128599,0.22334025,0.00000000,222.47000000,114.31364221,1.94615660,0.65573164,0.41587614,0.93311901,238.25581395,0.86000000,1.79821755,0,160,0.71696249,0.12020599,0.21611832,0.85750000,0.00908461,0.99091539,0
1186,128699,0.21588522,0.00000000,226.55000000,114.71177362,1.97505399,0.66309405,0.36564870,0.68583269,248.58139535,0.86000000,-0.26834794,0,161,0.71831346,0.12103977,0.26628222,0.82000000,-0.00802496,1.00802496,0
1187,128799,0.27519130,0.00008685,212.14000000,115.08423292,1.84347125,0.59682411,0.58212542,0.85642572,252.44155844,0.77000000,1.14604524,0,162,0.71811172,0.12068808,0.42862237,0.79250000,0.03056939,0.96943061,0
1188,128899,0.27754537,0.00000000,222.18000000,115.42350192,1.92490298,0.64030435,0.43732414,0.88981236,266.12666667,0.75000000,1.41426632,0,163,0.71896551,0.12080246,0.29150276,0.78500000,0.01525021,0.98474979,0
1189,128999,0.25826594,0.00000000,216.56000000,115.78388535,1.87035314,0.59962165,0.51641947,0.90496400,240.24404762,0.84000000,1.52636799,0,164,0.72001365,0.12117023,0.29090574,0.81000000,0.00620326,0.99379674,0
1190,129099,0.10321157,0.00000000,123.10000000,115.90545779,1.06205153,0.30691947,0.59899943,1.18849995,237.48717949,0.39000000,nan,0,164,0.72114140,0.12165823,3.67004256,0.50750000,0.00187056,0.99812944,0
1191,129199,0.24717443,0.00000000,259.49000000,116.21878803,2.23258747,0.74787020,0.37628981,0.70376676,285.84883721,0.86000000,-0.14281513,0,165,0.72114140,0.12165823,0.24862110,0.83000000,0.00115610,0.99884390,0
1192,129299,0.26383227,0.00000000,208.25000000,116.62796374,1.78548982,0.60366002,0.60344632,1.12316001,249.76351351,0.74000000,3.31527467,1,165,0.72103610,0.12129430,0.36058771,0.77750000,0.02473717,0.97526283,0
1193,129399,0.23494994,0.00000000,223.09000000,116.99619046,1.90691224,0.63080617,0.41431180,0.77497779,256.75308642,0.81000000,0.44471747,0,166,0.72103610,0.12129430,0.31594421,0.81000000,0.01260901,0.98739099,0
1194,129499,0.23936555,0.00000000,228.40000000,117.36461373,1.94613813,0.62899084,0.47365196,0.77958377,269.39610390,0.77000000,0.48118499,0,167,0.72136105,0.12099864,0.38582544,0.78250000,0.00363059,0.99636941,0
1195,129599,0.22842061,0.00000000,239.16000000,117.75206486,2.03102924,0.64521148,0.39573075,0.69814518,275.97530864,0.81000000,-0.19520334,0,168,0.72170968,0.12071774,0.33687544,0.83500000,0.02582981,0.97417019,0
1196,129699,0.30766691,0.01297355,218.73000000,118.14349339,1.85146471,0.61213993,0.57101160,0.89090277,255.90506329,0.79000000,1.40677964,0,169,0.72156942,0.12036949,0.53605229,0.78000000,0.01498772,0.98501228,0
1197,129799,0.24796775,0.00000000,210.66000000,118.44607366,1.77842795,0.60442558,0.46367352,0.84489244,257.39726027,0.73000000,1.01330003,0,170,0.72257139,0.12071553,0.38304190,0.77750000,0.01320502,0.98679498,0
1198,129899,0.24195179,0.00000000,226.12000000,118.80042795,1.90336500,0.64272337,0.48047083,0.68857320,254.67857143,0.84000000,-0.28758185,0,171,0.72329093,0.12072294,0.34530266,0.83000000,0.00562650,0.99437350,0
1199,129999,0.25528710,0.00000000,221.42000000,119.14386949,1.85835748,0.59682422,0.53455901,1.03395978,258.94805195,0.77000000,2.58206484,0,172,0.72308790,0.12039662,0.40942091,0.78250000,0.03861970,0.96138030,0
1200,130099,0.05955322,0.00000000,88.87000000,119.20406155,0.74570499,0.17980428,0.59377549,0.74372879,240.53846154,0.26000000,nan,0,172,0.72489529,0.12236195,6.31239939,0.36750000,-0.01967909,1.01967909,0
1201,130199,0.22918175,0.00000000,246.94000000,119.43793183,2.06752343,0.68941912,0.36918774,0.63148710,273.50000000,0.86000000,-0.76337617,0,173,0.72489529,0.12236195,0.23591910,0.85250000,0.00009566,0.99990434,0
1202,130299,0.28549850,0.00000000,228.85000000,119.84383105,1.90965234,0.62314203,0.53655324,0.93718781,266.10625000,0.80000000,1.74149865,0,174,0.72435536,0.12221224,0.33796080,0.79750000,0.02547641,0.97452359,0
1203,130399,0.21955424,0.00000000,238.26000000,120.21704907,1.98196082,0.65715606,0.40101835,0.69478138,267.63414634,0.82000000,-0.25054218,0,175,0.72557854,0.12292204,0.26264406,0.81750000,0.01927595,0.98072405,0
1204,130499,0.26880485,0.00000000,223.05000000,120.57441848,1.84987506,0.59719710,0.47949077,0.69457548,266.60389610,0.77000000,-0.25146401,0,176,0.72540255,0.12259042,0.40841200,0.78250000,0.01856030,0.98143970,0
1205,130599,0.32730186,0.00483384,230.76000000,120.91497660,1.90833993,0.65580197,0.54565577,1.08185840,264.44303797,0.79000000,2.91694683,0,177,0.72522740,0.12226174,0.37845385,0.79500000,0.03432544,0.96567456,0
1206,130699,0.22165323,0.00000000,226.40000000,121.27723007,1.86675208,0.63148614,0.42933910,0.63971167,262.56707317,0.82000000,-0.70122009,0,178,0.72724226,0.12482614,0.71640410,0.80500000,0.01328275,0.98671725,0
1207,130799,0.19793346,0.00000000,197.33000000,121.58566279,1.62299238,0.54612309,0.49619309,0.69810937,247.80434783,0.69000000,-0.22978027,0,179,0.72675052,0.12464580,0.52666047,0.75000000,0.03824102,0.96175898,0
1208,130899,0.23976942,0.00000000,209.60000000,121.84341400,1.72020208,0.58102986,0.50694715,0.88653950,231.07142857,0.84000000,1.28665705,0,180,0.72659051,0.12431361,0.38984252,0.81250000,0.00742194,0.99257806,0
1209,130999,0.24043394,0.00000000,217.51000000,122.12911841,1.78085943,0.56373304,0.46550276,0.97869682,254.39102564,0.78000000,2.01719985,0,181,0.72747912,0.12453783,0.41295265,0.80250000,0.01208684,0.98791316,0
1210,131099,0.14679216,0.00000000,148.83000000,122.30003052,1.21685330,0.37920991,0.60752072,1.06421628,238.29411765,0.51000000,2.67024679,0,182,0.72886706,0.12558735,1.47059103,0.61250000,0.01541039,0.98458961,0
1211,131199,0.17486914,0.00000000,218.53000000,122.54009864,1.78329789,0.59273544,0.42006710,0.83519574,257.60389610,0.77000000,0.81832422,0,183,0.73070964,0.12768301,0.43370276,0.80000000,0.01417695,0.98582305,0
1212,131299,0.18928090,0.00000000,243.79000000,122.92157025,1.98349812,0.64172148,0.37489675,0.73164225,275.43827160,0.81000000,0.00283502,0,184,0.73128060,0.12756579,0.43724475,0.79750000,0.01621072,0.98378928,0
1213,131399,0.19984412,0.00000000,230.83000000,123.26669937,1.87261905,0.60863157,0.43375278,0.61440258,261.98192771,0.83000000,-0.91874665,0,185,0.73128257,0.12721678,0.32035450,0.81500000,0.00200103,0.99799897,0
1214,131499,0.28762403,0.00000000,255.03000000,123.65387754,2.06249059,0.67765052,0.48381720,0.68764403,281.60465116,0.86000000,-0.33820636,0,186,0.73065078,0.12716129,0.22816106,0.81500000,0.00829224,0.99170776,0
1215,131599,0.19694483,0.00000000,208.87000000,124.03162679,1.68420316,0.53414932,0.45750950,0.74400532,238.29878049,0.82000000,0.10709558,0,187,0.73041956,0.12685635,0.37436723,0.76750000,0.01270017,0.98729983,0
1216,131699,0.30091355,0.00000000,228.33000000,124.28347806,1.83707168,0.65484452,0.52124058,0.71020738,254.03703704,0.81000000,-0.16033060,0,188,0.73049222,0.12651878,0.35262006,0.81500000,0.01080407,0.98919593,0
1217,131799,0.26188942,0.00000000,237.66000000,124.67696865,1.90645446,0.63430306,0.49936955,0.73810508,280.49342105,0.76000000,0.06118427,0,189,0.73038432,0.12618871,0.31216979,0.78500000,-0.00450110,1.00450110,0
1218,131899,0.25341102,0.00000000,239.00000000,124.99375601,1.91202392,0.67621328,0.42689595,0.79947587,267.92857143,0.84000000,0.54865756,0,190,0.73042517,0.12585391,0.29038935,0.80000000,0.01264272,0.98735728,0
1219,131999,0.15628411,0.00000000,223.71000000,125.34755998,1.78477375,0.53564734,0.38690518,0.66908789,267.74358974,0.78000000,-0.49116772,0,191,0.73078859,0.12562044,0.43312736,0.78750000,0.01250640,0.98749360,0
1220,132099,0.00183793,0.00084538,31.45000000,125.35701830,0.25085749,0.01641097,1.27437134,2.11138483,110.50000000,0.02000000,nan,0,191,0.73046555,0.12536894,6.86156963,0.17500000,0.01370404,0.98629596,0
1221,132199,0.01558724,0.00000000,35.35000000,125.06381702,0.28265780,0.04440914,0.77311642,nan,0.00000000,0.00000000,nan,0,191,0.73046555,0.12536894,10.09452333,0.14000000,0.03256808,0.96743192,0
1222,132299,0.00032689,0.00016939,28.61000000,124.76515635,0.22935663,0.00410296,0.69215321,2.30186188,105.50000000,0.01000000,nan,0,191,0.73046555,0.12536894,9.99884664,0.14500000,0.02692055,0.97307945,0
1223,132399,0.00216889,0.00124930,34.81000000,124.47723813,0.27967826,0.01005847,0.57362981,3.41966750,116.50000000,0.04000000,nan,0,191,0.73046555,0.12536894,7.26993417,0.19500000,0.01818773,0.98181227,0
1224,132499,0.00071759,0.00151665,33.10000000,124.19970735,0.26651137,0.00772141,0.64880600,3.78935544,133.75000000,0.04000000,nan,0,191,0.73046555,0.12536894,5.17936771,0.20500000,0.03072295,0.96927705,0
1225,132599,0.00222296,0.00094484,34.59000000,123.92045265,0.27913069,0.01368593,0.66194020,3.15941747,142.33333333,0.03000000,nan,0,191,0.73046555,0.12536894,6.40239805,0.19500000,0.01107301,0.98892699,0
1226,132699,0.00295440,0.00000000,34.36000000,123.64656671,0.27787386,0.01758143,0.56672942,1.27596542,109.12500000,0.04000000,nan,0,191,0.73046555,0.12536894,5.35687687,0.21000000,0.01858554,0.98141446,0
1227,132799,0.00407054,0.00311617,34.06000000,123.37154764,0.27605775,0.01259395,0.58467684,3.28045416,117.00000000,0.02000000,nan,0,191,0.73046555,0.12536894,4.67007347,0.19500000,0.00607514,0.99392486,0
1228,132899,0.00267521,0.00023389,36.77000000,123.10186929,0.29867551,0.01000000,0.53571039,2.43575475,177.75000000,0.04000000,nan,0,191,0.73046555,0.12536894,4.53633500,0.22250000,0.01492005,0.98507995,0
1229,132999,0.00897056,0.00000000,37.69000000,122.83718793,0.30681792,0.02020203,0.59856013,2.87189359,154.21428571,0.07000000,nan,0,191,0.73046555,0.12536894,4.44403683,0.22500000,0.01010335,0.98989665,0
1230,133099,0.10728849,0.01021700,110.36000000,122.63431438,0.89996292,0.25154185,0.69361926,1.51762567,218.69117647,0.34000000,nan,0,191,0.73046555,0.12536894,3.16802033,0.47250000,0.01366539,0.98633461,0
1231,133199,0.13800824,0.00000000,221.87000000,122.81173857,1.80658281,0.57179395,0.31222494,0.74633422,272.73239437,0.71000000,0.12657573,0,192,0.73046555,0.12536894,0.60979875,0.76000000,0.04321019,0.95678981,0
1232,133299,0.18821400,0.00000000,247.16000000,123.15541042,2.00692657,0.67302743,0.35739211,0.82460923,273.41071429,0.84000000,0.75221398,0,193,0.73054820,0.12504557,0.27884058,0.83000000,0.02594496,0.97405504,0
1233,133399,0.27119651,0.00000000,287.71000000,123.59328745,2.32793593,0.78236484,0.40786502,0.61999778,300.46153846,0.91000000,-0.88899106,0,194,0.73103557,0.12490315,0.17331119,0.88000000,0.00370164,0.99629836,0
1234,133499,0.21731809,0.00000000,239.85000000,124.01923190,1.93403730,0.64953928,0.47875432,0.65051067,269.46428571,0.84000000,-0.64047105,0,195,0.73046321,0.12483396,0.36912719,0.79250000,0.01040367,0.98959633,0
1235,133599,0.18373240,0.00000000,291.93000000,124.43394122,2.34603296,0.73714780,0.30652030,0.57673767,320.67816092,0.87000000,-1.23003349,0,196,0.73005319,0.12464337,0.23823770,0.85250000,0.02002879,0.97997121,0
1236,133699,0.22892035,0.00000000,256.33000000,124.88504219,2.05251593,0.69005354,0.41184991,0.60552791,277.88068182,0.88000000,-0.99149320,0,197,0.72927097,0.12480475,0.20966474,0.86750000,-0.00411256,1.00411256,0
1237,133799,0.27047612,0.00000000,280.84000000,125.36424624,2.24067587,0.70694841,0.46947877,0.70636970,307.75000000,0.86000000,-0.17847381,0,198,0.72864283,0.12479777,0.22858117,0.84000000,0.00580904,0.99419096,0
1238,133899,0.22971981,0.00000000,285.42000000,125.79107881,2.26904995,0.78646654,0.35532548,0.59658665,294.62105263,0.95000000,-1.05986798,0,199,0.72853034,0.12449068,0.16143970,0.90500000,0.03040161,0.96959839,0
1239,133999,0.25378005,0.00000000,269.36000000,126.22607107,2.13385585,0.69971734,0.45394707,0.73343055,292.98850575,0.87000000,0.04467477,0,200,0.72786731,0.12452767,0.17894937,0.83500000,0.00304140,0.99695860,0
1240,134099,0.00037163,0.00020300,45.20000000,126.33729059,0.35775807,0.00501391,0.59989906,1.12833856,110.00000000,0.02000000,nan,0,200,0.72789512,0.12421502,4.84983145,0.31750000,-0.00201075,1.00201075,0
1241,134199,0.01892384,0.01554875,25.86000000,126.06247681,0.20516152,0.01457351,0.90770204,nan,0.00000000,0.00000000,nan,0,200,0.72789512,0.12421502,7.34777933,0.19500000,0.02561599,0.97438401,0
1242,134299,0.00341925,0.01695519,36.36000000,125.78323456,0.28908804,0.00984497,0.74930937,3.02181344,107.16666667,0.03000000,nan,0,200,0.72789512,0.12421502,4.91317034,0.22000000,0.00214819,0.99785181,0
1243,134399,0.00015593,0.01693738,35.37000000,125.51812417,0.28181735,0.00604466,0.77422097,3.52877891,64.50000000,0.01000000,nan,0,200,0.72789512,0.12421502,5.15214995,0.21750000,0.02276907,0.97723093,0
1244,134499,0.00862842,0.02038150,36.25000000,125.25785459,0.28941475,0.02583933,0.65818062,5.09705927,136.62500000,0.04000000,nan,0,200,0.72789512,0.12421502,4.68323135,0.23750000,0.00376781,0.99623219,0
1245,134599,0.00236033,0.02066881,43.62000000,125.00574779,0.34897001,0.02323751,0.63939988,2.68996269,81.75000000,0.04000000,nan,0,200,0.72789512,0.12421502,3.58967019,0.27000000,0.01492162,0.98507838,0
1246,134699,0.02944953,0.03344124,52.29000000,124.78833876,0.41902168,0.05563365,0.80625799,2.54997974,175.00000000,0.07000000,nan,0,200,0.72789512,0.12421502,5.04580954,0.27500000,0.01288832,0.98711168,0
1247,134799,0.02107568,0.03117524,51.94000000,124.57023061,0.41697981,0.05303821,0.72204266,2.99915313,137.50000000,0.05000000,nan,0,200,0.72789512,0.12421502,4.75981049,0.25500000,-0.00910775,1.00910775,0
1248,134899,0.00540612,0.02194905,44.27000000,124.35812206,0.35596897,0.04450815,0.62960010,2.17992240,93.16666667,0.03000000,nan,0,200,0.72789512,0.12421502,7.34940418,0.22750000,-0.00529392,1.00529392,0
1249,134999,0.06071085,0.03028291,84.24000000,124.14592358,0.67865133,0.13650417,0.70462507,1.73302138,203.10000000,0.20000000,nan,0,200,0.72789512,0.12421502,4.30822445,0.37500000,0.00863129,0.99136871,0
1250,135099,0.15301130,0.00605292,152.78000000,124.10153161,1.23099168,0.36006500,0.51083700,1.79566930,270.69512195,0.41000000,nan,0,200,0.72789512,0.12421502,1.60568619,0.53500000,0.01467146,0.98532854,0
1251,135199,0.20260751,0.00000000,251.04000000,124.36978278,2.01839700,0.68285423,0.36708304,1.09084155,279.84705882,0.85000000,2.92192069,0,201,0.72789512,0.12421502,0.35209955,0.81500000,0.00516022,0.99483978,0
1252,135299,0.22883690,0.00716385,207.46000000,124.68009972,1.66393013,0.49915925,0.55027328,1.04519820,257.31428571,0.70000000,2.49363378,0,202,0.72970083,0.12652113,0.62017243,0.72500000,-0.00147323,1.00147323,0
1253,135399,0.22793079,0.00000000,228.72000000,124.94637030,1.83052834,0.64813147,0.40812737,0.98476111,254.96296296,0.81000000,1.97824063,0,203,0.73126270,0.12814337,0.43256964,0.78250000,-0.00049532,1.00049532,0
1254,135499,0.19869181,0.00000000,248.97000000,125.29473979,1.98725151,0.65806755,0.38677316,0.77047933,288.93750000,0.80000000,0.29419211,0,204,0.73251146,0.12905809,0.43625151,0.78750000,0.00285523,0.99714477,0
1255,135599,0.21493003,0.00000000,251.47000000,125.62178178,2.00176467,0.65576258,0.43827272,0.75192200,272.82758621,0.87000000,0.14929594,0,205,0.73269757,0.12876726,0.26417112,0.83250000,0.00872378,0.99127622,0
1256,135699,0.22036603,0.00000000,244.28000000,125.98082195,1.93909065,0.56271748,0.51804544,1.05311025,284.50625000,0.80000000,2.49356348,0,206,0.73279135,0.12845829,0.36169100,0.80750000,0.01038506,0.98961494,0
1257,135799,0.24126463,0.00000000,254.28000000,126.33080747,2.01289221,0.69458527,0.39906951,0.88743108,275.85057471,0.87000000,1.17690984,0,207,0.73434630,0.13007350,0.27174131,0.83750000,0.02924050,0.97075950,0
1258,135899,0.22853585,0.00000000,235.08000000,126.64983081,1.85611512,0.63175502,0.46449304,0.71141019,261.48170732,0.82000000,-0.18185051,0,208,0.73508584,0.13019292,0.44899892,0.80750000,0.00616473,0.99383527,0
1259,135999,0.22814820,0.00000000,259.44000000,126.98381889,2.04303341,0.64918212,0.40657864,0.66425012,284.58235294,0.85000000,-0.54448183,0,209,0.73497201,0.12988843,0.26437118,0.83250000,-0.02401086,1.02401086,0
1260,136099,0.02466455,0.01093870,40.85000000,127.08014058,0.32135490,0.03608223,1.01982190,2.90972262,148.50000000,0.02000000,nan,0,209,0.73463363,0.12966814,4.92505109,0.19750000,0.00659726,0.99340274,0
1261,136199,0.00178588,0.01122563,34.60000000,126.81694802,0.27281038,0.01057908,0.50836456,4.74329862,135.75000000,0.02000000,nan,0,209,0.73463363,0.12966814,5.95482013,0.19750000,0.06244984,0.93755016,0
1262,136299,0.00003561,0.01120334,36.01000000,126.55484048,0.28455970,0.00323014,0.43028145,1.40928606,102.25000000,0.02000000,nan,0,209,0.73463363,0.12966814,4.67859222,0.22750000,0.03684683,0.96315317,0
1263,136399,0.00585048,0.01126499,45.41000000,126.31636155,0.35951329,0.01739113,0.50533168,1.77193793,128.66666667,0.06000000,nan,0,209,0.73463363,0.12966814,3.69011898,0.29500000,0.01729935,0.98270065,0
1264,136499,0.00183436,0.01014589,46.08000000,126.09783248,0.36542707,0.01986317,0.54453495,1.50958687,111.22222222,0.09000000,nan,0,209,0.73463363,0.12966814,2.78374194,0.28000000,0.00225215,0.99774785,0
1265,136599,0.00186788,0.00696283,45.32000000,125.86777027,0.36009908,0.01328955,0.57292333,0.82589973,124.41666667,0.06000000,nan,0,209,0.73463363,0.12966814,3.10751932,0.27000000,0.00126624,0.99873376,0
1266,136699,0.00341859,0.00481471,51.73000000,125.65867117,0.41168886,0.01746701,0.53278730,1.85922834,125.16666667,0.09000000,nan,0,209,0.73463363,0.12966814,1.97728549,0.33250000,0.00477616,0.99522384,0
1267,136799,0.00170839,0.00468828,49.55000000,125.45239154,0.39499132,0.01570039,0.58925924,1.50393440,123.38888889,0.09000000,nan,0,209,0.73463363,0.12966814,3.03486790,0.31750000,0.01171798,0.98828202,0
1268,136899,0.00212327,0.00445094,50.47000000,125.25123493,0.40294558,0.01113696,0.54247330,1.13238499,109.20000000,0.10000000,nan,0,209,0.73463363,0.12966814,3.47275946,0.30500000,0.01433762,0.98566238,0
1269,136999,0.00527547,0.00182675,49.32000000,125.04875360,0.39438709,0.03173877,0.62338343,1.28379899,116.25000000,0.12000000,nan,0,209,0.73463363,0.12966814,3.69281732,0.28750000,0.01645112,0.98354888,0
1270,137099,0.15953446,0.00000000,197.18000000,124.98264128,1.57742777,0.44135488,0.38470268,0.79530212,278.09166667,0.60000000,0.46787504,0,210,0.73463363,0.12966814,0.46902025,0.69000000,0.04087071,0.95912929,0
1271,137199,0.19215722,0.00000000,237.89000000,125.31708954,1.89853352,0.58812015,0.37867407,0.84055107,259.90340909,0.88000000,0.81613526,0,211,0.73492253,0.12942528,0.36835191,0.82750000,0.02314169,0.97685831,0
1272,137299,0.26141662,0.00000000,250.34000000,125.61288312,1.99299111,0.70403920,0.47354391,0.80861306,275.34523810,0.84000000,0.56595382,0,212,0.73542314,0.12932137,0.25837361,0.81000000,-0.00407540,1.00407540,0
1273,137399,0.22402647,0.00000000,241.57000000,125.94655086,1.91814447,0.61363275,0.46093751,0.69636326,275.82716049,0.81000000,-0.30519994,0,213,0.73576837,0.12911244,0.26530158,0.80500000,0.02757675,0.97242325,0
1274,137499,0.25215945,0.00000000,246.26000000,126.24774508,1.95060117,0.57395962,0.54850782,0.99097232,296.98684211,0.76000000,1.98228141,0,214,0.73558337,0.12883587,0.67467116,0.77500000,0.00876340,0.99123660,0
1275,137599,0.18254824,0.00000000,267.49000000,126.60022763,2.11287519,0.66912645,0.32683176,0.74987072,284.75000000,0.90000000,0.10094527,0,215,0.73677678,0.12971328,0.17729080,0.87250000,0.01460054,0.98539946,0
1276,137699,0.26988704,0.00000000,253.36000000,126.95783660,1.99562024,0.62152963,0.54362401,0.96587561,277.20000000,0.85000000,1.76982244,0,216,0.73683768,0.12941294,0.29750982,0.80750000,0.01805902,0.98194098,0
1277,137799,0.22034807,0.00000000,287.12000000,127.33395073,2.25478764,0.77551914,0.32847190,0.56599121,303.80107527,0.93000000,-1.32186459,0,217,0.73789804,0.13004874,0.17072970,0.87000000,0.02803751,0.97196249,0
1278,137899,0.24345025,0.00000000,282.21000000,127.75817800,2.20892309,0.71404715,0.39115888,0.64780376,299.00537634,0.93000000,-0.68550951,0,218,0.73710584,0.13027110,0.19042209,0.86500000,0.00854606,0.99145394,0
1279,137999,0.27438810,0.00000000,266.83000000,128.16357082,2.08206700,0.66204926,0.46528047,0.63374925,294.14942529,0.87000000,-0.79122255,0,219,0.73669620,0.13011125,0.24075009,0.86750000,0.01279940,0.98720060,0
1280,138099,0.17069526,0.00000000,182.24000000,128.37341377,1.41950905,0.41912213,0.51262293,0.91217733,243.90476190,0.63000000,1.35348383,0,220,0.73622612,0.12999875,0.81072321,0.67000000,-0.00488031,1.00488031,0
1281,138199,0.25064764,0.00000000,238.31000000,128.62630601,1.85276190,0.60000532,0.62122501,1.03764763,270.16875000,0.80000000,2.30816101,0,221,0.73702590,0.13024296,0.36734988,0.81750000,-0.00722250,1.00722250,0
1282,138299,0.29737686,0.00000000,272.79000000,128.94930858,2.11542483,0.70849478,0.47725525,1.02728661,296.27906977,0.86000000,2.19678337,0,222,0.73838618,0.13151066,0.26119829,0.81500000,0.01267916,0.98732084,0
1283,138399,0.25374396,0.00000000,288.22000000,129.37175310,2.22801339,0.72555057,0.41944085,0.65881196,313.90804598,0.87000000,-0.60974804,0,223,0.73968753,0.13263769,0.26603823,0.85500000,0.01733068,0.98266932,0
1284,138499,0.19173722,0.00000000,243.01000000,129.71414538,1.87344921,0.56738392,0.47026881,0.79482518,280.26315789,0.76000000,0.41903033,0,224,0.73932486,0.13244939,0.30147011,0.79250000,0.02922864,0.97077136,0
1285,138599,0.19491254,0.00000000,250.09000000,130.03800839,1.92335743,0.62754179,0.40091648,0.69672830,274.02352941,0.85000000,-0.32407716,0,225,0.73957263,0.13220410,0.38631629,0.81750000,0.00148325,0.99851675,0
1286,138699,0.26132991,0.00000000,292.90000000,130.39391998,2.24635463,0.71224704,0.44508512,0.75580763,319.62500000,0.88000000,0.12449191,0,226,0.73938221,0.13193959,0.34976298,0.84000000,0.01557981,0.98442019,0
1287,138799,0.24981127,0.00000000,252.98000000,130.77622776,1.93459465,0.59116778,0.49179014,0.92086629,289.37195122,0.82000000,1.37797620,0,227,0.73945489,0.13165060,0.33163599,0.82500000,0.01357143,0.98642857,0
1288,138899,0.30378199,0.00000000,286.84000000,131.13133155,2.18755653,0.70577444,0.42801477,0.68658151,313.92045455,0.88000000,-0.40688861,0,228,0.74025406,0.13190970,0.18934943,0.85750000,0.02000384,0.97999616,0
1289,138999,0.20730171,0.00000000,261.61000000,131.50708125,1.98947037,0.63177207,0.43033387,0.60552673,281.63636364,0.88000000,-1.02145647,0,229,0.74001866,0.13166682,0.24665449,0.83750000,0.00148798,0.99851202,0
1290,139099,0.00897558,0.00057141,55.44000000,131.56563257,0.42137351,0.04339543,1.01695318,2.75141377,155.83333333,0.03000000,nan,0,229,0.73943136,0.13167803,7.49524194,0.26000000,0.00111106,0.99888894,0
1291,139199,0.18631740,0.00000000,228.00000000,131.53043339,1.73315036,0.52546183,0.47201093,0.82631231,320.17213115,0.61000000,0.65979839,0,230,0.73943136,0.13167803,1.15152326,0.70250000,0.00995843,0.99004157,0
1292,139299,0.16364385,0.00000000,239.80000000,131.84133126,1.81882298,0.60164126,0.43716948,0.76759783,281.64473684,0.76000000,0.21129697,0,231,0.73980910,0.13151504,0.43596775,0.79000000,0.01167636,0.98832364,0
1293,139399,0.26065324,0.00000000,268.18000000,132.17098277,2.02913548,0.62985809,0.44333766,0.81284935,296.57647059,0.85000000,0.55561631,0,232,0.73992940,0.13124156,0.38205559,0.82750000,0.00734688,0.99265312,0
1294,139499,0.24520418,0.00000000,283.63000000,132.54489335,2.14004789,0.65235110,0.46830538,0.69282099,316.98795181,0.83000000,-0.36188211,0,233,0.74024371,0.13104466,0.23202313,0.81000000,-0.00129938,1.00129938,0
1295,139599,0.23915127,0.00000000,267.80000000,132.88253875,2.01525684,0.62661632,0.45682382,0.78274358,311.43292683,0.82000000,0.32648151,0,234,0.74004018,0.13079883,0.32082637,0.80000000,-0.00368439,1.00368439,0
1296,139699,0.21514404,0.00000000,243.76000000,133.20514495,1.82997073,0.58205712,0.47886673,0.75007013,266.04069767,0.86000000,0.07543188,0,235,0.74022267,0.13054770,0.23905252,0.83750000,0.00353991,0.99646009,0
1297,139799,0.18787423,0.00000000,232.78000000,133.46300520,1.74411752,0.50775730,0.47089382,0.77682758,258.82098765,0.81000000,0.28067091,0,236,0.74026457,0.13027003,0.32528835,0.79250000,-0.00086701,1.00086701,0
1298,139899,0.22234983,0.00000000,235.18000000,133.70337888,1.75885179,0.56345582,0.49268280,0.84848059,258.71511628,0.86000000,0.83114738,0,237,0.74041950,0.13001435,0.28373984,0.84750000,0.00709715,0.99290285,0
1299,139999,0.23203407,0.00000000,262.09000000,134.01424547,1.95569825,0.59511146,0.51637693,1.00593256,303.23750000,0.80000000,2.04002511,0,238,0.74087545,0.12992835,0.30321197,0.80000000,0.02186406,0.97813594,0
1300,140099,0.09890111,0.00000000,135.36000000,134.12045190,1.00925144,0.27134810,0.60375662,0.86878950,261.02564103,0.39000000,nan,0,238,0.74198914,0.13078738,2.70986529,0.53500000,-0.02545384,1.02545384,0
1301,140199,0.22818095,0.00000000,247.28000000,134.32189724,1.84097144,0.53886860,0.47890166,0.95869754,307.49305556,0.72000000,1.65695196,0,239,0.74198914,0.13078738,0.59673715,0.77250000,0.01947019,0.98052981,0
1302,140299,0.22757343,0.00000000,288.02000000,134.64613437,2.13902849,0.68545627,0.45084395,0.68799510,308.90449438,0.89000000,-0.41825030,0,240,0.74289587,0.13126295,0.19284448,0.86500000,0.00820855,0.99179145,0
1303,140399,0.23206518,0.00000000,276.49000000,135.02655564,2.04771132,0.64437561,0.45762604,0.86769876,307.45402299,0.87000000,0.95417791,0,241,0.74266712,0.13103599,0.23287651,0.83750000,-0.00062488,1.00062488,0
1304,140499,0.25351703,0.00000000,275.59000000,135.38692173,2.03568130,0.62267758,0.52190958,0.75209207,287.25531915,0.94000000,0.06798042,0,242,0.74318592,0.13101051,0.17183620,0.87000000,0.02133666,0.97866334,0
1305,140599,0.22194650,0.00000000,271.54000000,135.73756156,2.00063733,0.62179576,0.47995697,0.71295043,302.51807229,0.83000000,-0.23154630,0,243,0.74322272,0.13073967,0.29279925,0.83000000,0.03724024,0.96275976,0
1306,140699,0.20684107,0.00000000,269.88000000,136.05096600,1.98367278,0.59812748,0.44868681,0.70432870,291.63068182,0.88000000,-0.29712090,0,244,0.74309814,0.13048372,0.21195775,0.85250000,0.02294279,0.97705721,0
1307,140799,0.15833786,0.00000000,219.59000000,136.31624923,1.61086871,0.51281278,0.47936063,0.67622791,235.97159091,0.88000000,-0.51222403,0,245,0.74293925,0.13023861,0.23396496,0.83000000,0.02516965,0.97483035,0
1308,140899,0.21762794,0.00000000,262.60000000,136.57689333,1.92272486,0.57987949,0.50091511,0.69846431,304.62345679,0.81000000,-0.33991241,0,246,0.74266696,0.13004132,0.40657220,0.82000000,0.00678636,0.99321364,0
1309,140999,0.21675608,0.00000000,249.30000000,136.85884642,1.82151351,0.53667989,0.50069860,0.74685843,287.87341772,0.79000000,0.03367447,0,247,0.74248728,0.12980625,0.29728889,0.80250000,0.01928078,0.98071922,0
1310,141099,0.17126178,0.01750506,154.33000000,136.97647674,1.12664925,0.34396874,0.61585163,1.21258286,264.81250000,0.48000000,nan,0,247,0.74250497,0.12954245,4.38284085,0.56000000,0.00412657,0.99587343,0
1311,141199,0.20743901,0.00000000,237.21000000,137.17979428,1.72921765,0.53486519,0.54138011,0.95198427,264.01190476,0.84000000,1.61707069,0,248,0.74250497,0.12954245,0.44752604,0.81750000,0.01229570,0.98770430,0
1312,141299,0.22063463,0.00000000,274.14000000,137.46906398,1.99423064,0.62644106,0.49906792,0.90728218,295.92134831,0.89000000,1.26138351,0,249,0.74334965,0.12996248,0.27480940,0.84500000,0.02547117,0.97452883,0
1313,141399,0.19324663,0.00000000,240.16000000,137.73790373,1.74350193,0.59072890,0.45141296,0.96800278,260.38095238,0.84000000,1.72150590,0,250,0.74400801,0.13011560,0.25869687,0.82500000,0.01338309,0.98661691,0
1314,141499,0.25157151,0.00000000,264.91000000,138.03037529,1.91918488,0.65146558,0.54027153,1.06788031,290.15882353,0.85000000,2.47255466,0,251,0.74490399,0.13062454,0.32142113,0.83500000,0.00733446,0.99266554,0
1315,141599,0.27124814,0.00000000,257.86000000,138.32585027,1.86409900,0.63487139,0.53232663,0.84772242,286.77108434,0.83000000,0.76948601,0,252,0.74619075,0.13194739,0.27684555,0.82250000,0.01470309,0.98529691,0
1316,141699,0.20297455,0.00000000,233.58000000,138.57457781,1.68549655,0.56919922,0.44432814,0.96577376,271.05555556,0.81000000,1.66247663,0,253,0.74659365,0.13183951,0.66479118,0.78250000,0.00160951,0.99839049,0
1317,141799,0.25673094,0.00000000,256.39000000,138.84733953,1.84654158,0.63124739,0.54295912,1.08270053,284.04761905,0.84000000,2.53399481,0,254,0.74745998,0.13229725,0.47584839,0.82750000,-0.00872400,1.00872400,0
1318,141899,0.21245029,0.00000000,244.89000000,139.13036494,1.76021033,0.58533585,0.47637144,0.90307717,280.71604938,0.81000000,1.15405131,0,255,0.74877982,0.13370059,0.44713873,0.78500000,0.00641353,0.99358647,0
1319,141999,0.20462169,0.00000000,248.06000000,139.38042630,1.77975212,0.59230652,0.48919127,0.89406208,268.44252874,0.87000000,1.08140316,0,256,0.74938491,0.13378653,0.40620779,0.84250000,0.00798280,0.99201720,0
1320,142099,0.19685823,0.00176562,196.57000000,139.53433417,1.40863898,0.45185269,0.53892247,0.93507950,254.08208955,0.67000000,1.38332038,0,257,0.74995005,0.13382977,1.08310183,0.70250000,0.02569657,0.97430343,0
1321,142199,0.31190915,0.02167350,265.17000000,139.78892004,1.89690260,0.63303684,0.57030931,1.04071647,308.79268293,0.82000000,2.16345070,0,258,0.75067040,0.13406641,0.34746082,0.81750000,0.01443724,0.98556276,0
1322,142299,0.25449230,0.00000000,309.47000000,140.14668527,2.20820317,0.71838615,0.40611977,0.72092937,334.14044944,0.89000000,-0.22860048,0,259,0.75179461,0.13501829,0.29266019,0.85000000,0.00161988,0.99838012,0
1323,142399,0.22422686,0.01047435,221.65000000,140.43899627,1.57824734,0.49694774,0.55959988,1.04511625,264.19178082,0.73000000,2.17734494,0,260,0.75167544,0.13477002,0.78323992,0.75750000,0.01190125,0.98809875,0
1324,142499,0.22857884,0.00000000,282.29000000,140.70354205,2.00624154,0.68057705,0.42265931,0.94880071,307.88823529,0.85000000,1.44396456,0,261,0.75280406,0.13573508,0.32258527,0.83750000,0.01878927,0.98121073,0
1325,142599,0.27707909,0.00000000,309.39000000,141.10082083,2.19290663,0.72753359,0.47404957,0.77006667,341.88372093,0.86000000,0.12139509,0,262,0.75355501,0.13601593,0.37500246,0.85750000,0.00157433,0.99842567,0
1326,142699,0.29785182,0.00000000,295.00000000,141.46490295,2.08539338,0.70345558,0.52362066,1.00431787,318.16111111,0.90000000,1.84665427,0,263,0.75361803,0.13575895,0.19889101,0.88000000,0.00469333,0.99530667,0
1327,142799,0.25311134,0.00000000,291.83000000,141.82433699,2.05776721,0.69165180,0.49295969,0.84692608,315.48863636,0.88000000,0.67719439,0,264,0.75457126,0.13637860,0.23959624,0.86500000,0.02947791,0.97052209,0
1328,142899,0.26637297,0.00000000,290.11000000,142.17194586,2.04061360,0.71148972,0.42749749,0.93822243,305.70108696,0.92000000,1.34545240,0,265,0.75492109,0.13623770,0.18241543,0.86500000,0.01383395,0.98616605,0
1329,142999,0.24628649,0.00000000,285.82000000,142.50616121,2.00567076,0.64187368,0.47812030,1.03421586,319.23214286,0.84000000,2.04187324,0,266,0.75561279,0.13644484,0.28752191,0.85000000,-0.01250293,1.01250293,0
1330,143099,0.17143365,0.03075901,145.86000000,142.63093042,1.02264434,0.30809905,0.49262692,1.14647158,275.89534884,0.43000000,nan,0,266,0.75666017,0.13725431,1.76976794,0.51750000,0.01881889,0.98118111,0
1331,143199,0.26683250,0.00000000,280.06000000,142.83562306,1.96067596,0.66540483,0.48732080,1.00084545,306.92261905,0.84000000,1.77907187,0,267,0.75666017,0.13725431,0.33896142,0.81500000,0.01191823,0.98808177,0
1332,143299,0.21608926,0.00000000,266.26000000,143.13900226,1.86011558,0.62393052,0.42459771,0.96940691,302.91875000,0.80000000,1.53714653,0,268,0.75757472,0.13780872,0.28172407,0.82500000,0.01481399,0.98518601,0
1333,143399,0.32991690,0.00236349,305.93000000,143.47768669,2.13225552,0.71048080,0.57763890,0.88092855,324.76373626,0.91000000,0.88712685,0,269,0.75836514,0.13815770,0.22868358,0.88500000,-0.01666249,1.01666249,0
1334,143499,0.25169787,0.00000000,314.99000000,143.85462523,2.18956472,0.74480751,0.40446197,0.71398337,327.45652174,0.92000000,-0.32466859,0,270,0.75882077,0.13810203,0.15072921,0.88000000,0.03137079,0.96862921,0
1335,143599,0.31197252,0.00000000,335.44000000,144.29061361,2.32482824,0.73884997,0.46645458,0.88022980,356.87222222,0.90000000,0.88179620,0,271,0.75865470,0.13787210,0.19879114,0.88750000,-0.00384036,1.00384036,0
1336,143699,0.28014369,0.00000000,290.71000000,144.68345668,2.00935969,0.66231095,0.50603276,0.87435972,310.15000000,0.90000000,0.83631508,0,272,0.75910332,0.13781457,0.17069769,0.86000000,0.02154057,0.97845943,0
1337,143799,0.29176377,0.00000000,328.06000000,145.04811652,2.26170573,0.72809269,0.48475372,0.84742762,355.83707865,0.89000000,0.63817473,0,273,0.75952706,0.13773746,0.14634379,0.88250000,-0.01371125,1.01371125,0
1338,143899,0.28528118,0.00000000,310.98000000,145.46273884,2.13795230,0.69368734,0.50730471,0.86927870,330.08333333,0.90000000,0.79534930,0,274,0.75984904,0.13758693,0.17796837,0.86500000,0.01977540,0.98022460,0
1339,143999,0.25649441,0.00000000,334.62000000,145.83035471,2.29433844,0.70786101,0.47402481,0.73492265,355.00000000,0.91000000,-0.18419580,0,275,0.76024841,0.13749373,0.13728858,0.87000000,0.01538801,0.98461199,0
1340,144099,0.04329025,0.00000000,81.25000000,145.98210243,0.55665170,0.11805997,0.58753515,1.75589585,269.44444444,0.18000000,nan,0,275,0.76015632,0.13725109,5.71733243,0.36500000,-0.02159303,1.02159303,0
1341,144199,0.37198499,0.00000000,364.58000000,146.16221559,2.49421924,0.82324637,0.49272029,0.86737214,375.45212766,0.94000000,0.78116552,0,276,0.76015632,0.13725109,0.15023485,0.92500000,0.01007962,0.98992038,0
1342,144299,0.32027759,0.00000000,340.09000000,146.65210929,2.31909568,0.74643601,0.47439779,0.78457402,354.68279570,0.93000000,0.17519992,0,277,0.76054478,0.13715324,0.13410294,0.87750000,0.01000542,0.98999458,0
1343,144399,0.29404900,0.00000000,365.81000000,147.11852490,2.48656165,0.73887387,0.49973232,0.76922539,381.93085106,0.94000000,0.06276917,0,278,0.76063153,0.13691216,0.13737771,0.92250000,0.01878063,0.98121937,0
1344,144499,0.31280450,0.00000000,360.97000000,147.61265857,2.44548944,0.76249539,0.48094494,0.69920207,369.61855670,0.97000000,-0.44971300,0,279,0.76066244,0.13666577,0.09772562,0.92000000,0.00057257,0.99942743,0
1345,144599,0.37306559,0.00000000,359.56000000,148.08265889,2.42810095,0.78709851,0.53537039,0.77758655,374.16842105,0.95000000,0.12562814,0,280,0.76044216,0.13646936,0.11696037,0.93250000,-0.00129982,1.00129982,0
1346,144699,0.27486833,0.00000000,327.27000000,148.50112942,2.20363815,0.73075923,0.45952945,0.71472504,344.08064516,0.93000000,-0.33604107,0,281,0.76050339,0.13622843,0.15568671,0.91000000,0.00686203,0.99313797,0
1347,144799,0.30634051,0.00000000,354.70000000,148.94304485,2.38132293,0.74336338,0.46627110,0.78098340,363.77835052,0.97000000,0.15177245,0,282,0.76034047,0.13601237,0.14265634,0.92500000,0.01417476,0.98582524,0
1348,144899,0.32575447,0.00000000,319.17000000,149.40685501,2.13646250,0.71273926,0.60222725,0.82016931,330.30526316,0.95000000,0.44010548,0,283,0.76041368,0.13577570,0.14464734,0.89000000,0.02357106,0.97642894,0
1349,144999,0.24916827,0.00000000,294.68000000,149.73670772,1.96801988,0.65910588,0.48807297,0.90310602,323.12068966,0.87000000,1.05089125,0,284,0.76062483,0.13558129,0.22266646,0.87000000,0.01048451,0.98951549,0
1350,145099,0.15397353,0.00000000,208.06000000,149.88641600,1.38794064,0.41791270,0.54587163,1.07337142,326.56034483,0.58000000,2.30260005,0,285,0.76112652,0.13560536,1.34148475,0.65750000,-0.00562393,1.00562393,0
1351,145199,0.25815082,0.00000000,292.94000000,150.17800344,1.95058473,0.66443231,0.51962244,0.83580301,303.58064516,0.93000000,0.53856435,0,286,0.76222212,0.13662415,0.17404398,0.89750000,0.01645005,0.98354995,0
1352,145299,0.25719003,0.00000000,316.43000000,150.54236531,2.10205082,0.67294833,0.48640550,1.00849043,341.94382022,0.89000000,1.80289112,0,287,0.76247939,0.13645363,0.29410034,0.86250000,0.01885159,0.98114841,0
1353,145399,0.27292722,0.00000000,325.28000000,150.88889620,2.15564228,0.66260637,0.51290745,0.95245416,342.70967742,0.93000000,1.38055399,0,288,0.76333657,0.13698673,0.31450255,0.89000000,0.01041014,0.98958986,0
1354,145499,0.27699601,0.00000000,344.90000000,151.32292321,2.27932463,0.68484650,0.49325772,0.79656680,360.16666667,0.93000000,0.23741463,0,289,0.76399323,0.13720119,0.22488634,0.90750000,0.00889390,0.99110610,0
1355,145599,0.30399020,0.00000000,339.96000000,151.72832096,2.24053188,0.73595333,0.46919331,0.81328171,350.08947368,0.95000000,0.35900961,0,290,0.76410594,0.13697619,0.13396849,0.91000000,0.00494172,0.99505828,0
1356,145699,0.30231994,0.00000000,335.60000000,152.15810268,2.20570581,0.69091985,0.52419475,0.78671727,361.52247191,0.89000000,0.16408448,0,291,0.76427552,0.13676949,0.16901453,0.89000000,0.01537068,0.98462932,0
1357,145799,0.26373147,0.00000000,332.41000000,152.53208289,2.17917899,0.69593185,0.52353809,0.88509592,357.22222222,0.90000000,0.88430825,0,292,0.76435263,0.13653981,0.18247926,0.88000000,0.01474641,0.98525359,0
1358,145899,0.22993670,0.00000000,289.44000000,152.88554998,1.89313735,0.63402043,0.43157727,0.82221901,312.54545455,0.88000000,0.42093709,0,293,0.76476614,0.13648803,0.20665897,0.86500000,0.00378676,0.99621324,0
1359,145999,0.29975874,0.00000000,298.38000000,153.21528509,1.94754023,0.63992056,0.59130036,1.10474061,319.69662921,0.89000000,2.49295464,0,294,0.76496222,0.13629545,0.20007980,0.85500000,0.00811378,0.99188622,0
1360,146099,0.11676043,0.00000000,189.49000000,153.32095948,1.23579618,0.33501332,0.49468678,0.83577611,342.47959184,0.49000000,nan,0,294,0.76611793,0.13749813,2.34793323,0.59250000,0.00088585,0.99911415,0
1361,146199,0.23132785,0.00000000,285.87000000,153.57900013,1.86135985,0.58531111,0.49321857,0.85494509,318.40116279,0.86000000,0.64602446,0,295,0.76611793,0.13749813,0.32720730,0.84000000,0.00688670,0.99311330,0
1362,146299,0.20719108,0.00000000,281.63000000,153.87732063,1.83028097,0.55331154,0.49515821,0.85469749,330.06790123,0.81000000,0.64267254,0,296,0.76641904,0.13736148,0.54120454,0.80250000,0.00877849,0.99122151,0
1363,146399,0.22393218,0.00000000,329.72000000,154.18820559,2.13836452,0.65295860,0.41161663,0.81582023,349.13586957,0.92000000,0.35782950,0,297,0.76671728,0.13722443,0.17992414,0.90000000,0.02052335,0.97947665,0
1364,146499,0.29044070,0.00000000,373.30000000,154.62321001,2.41424877,0.79935520,0.39625572,0.62033385,378.87755102,0.98000000,-1.06952672,0,298,0.76688261,0.13702206,0.10807420,0.92250000,0.02605278,0.97394722,0
1365,146599,0.31394584,0.00000000,342.66000000,155.07807065,2.20970918,0.69154184,0.49078306,0.81766381,358.18085106,0.94000000,0.37410683,0,299,0.76639084,0.13705436,0.13665626,0.90500000,0.04726629,0.95273371,0
1366,146699,0.33963333,0.02704669,326.50000000,155.43642519,2.10043652,0.66296786,0.56552490,0.91988731,355.19101124,0.89000000,1.12033535,0,300,0.76656232,0.13685634,0.50474405,0.87250000,0.01891779,0.98108221,0
1367,146799,0.25582917,0.00000000,321.84000000,155.81694190,2.06551551,0.69753455,0.43667625,0.72934281,339.39673913,0.92000000,-0.27557920,0,301,0.76707340,0.13691376,0.15626582,0.88750000,0.00585305,0.99414695,0
1368,146899,0.29388109,0.00000000,327.59000000,156.19639413,2.09743249,0.67228119,0.54691590,0.92023785,364.98823529,0.85000000,1.12133714,0,302,0.76694805,0.13670268,0.32958453,0.86500000,0.01401276,0.98598724,0
1369,146999,0.25656923,0.00000000,379.42000000,156.58660921,2.42294803,0.76280707,0.37319964,0.65237843,388.73684211,0.95000000,-0.84145260,0,303,0.76745563,0.13676018,0.10858070,0.91750000,0.00955639,0.99044361,0
1370,147099,0.24440841,0.00000000,297.51000000,156.91265465,1.89559296,0.58741604,0.47170083,0.87425887,391.02777778,0.72000000,0.78411199,0,304,0.76707584,0.13669352,0.87997651,0.77250000,0.03135191,0.96864809,0
1371,147199,0.28576171,0.00000000,383.24000000,157.37918126,2.43512913,0.74463015,0.47326243,0.60400660,397.45263158,0.95000000,-1.19629900,0,305,0.76742841,0.13660616,0.11789113,0.92750000,0.01548288,0.98451712,0
1372,147299,0.34869216,0.00000000,413.01000000,157.90547253,2.61568237,0.81469062,0.48068049,0.64373978,418.66326531,0.98000000,-0.90088571,0,306,0.76689261,0.13670194,0.09038515,0.91000000,-0.00258557,1.00258557,0
1373,147399,0.31474188,0.00000000,374.19000000,158.40961441,2.36229852,0.78968325,0.49360824,0.66331910,392.27127660,0.94000000,-0.75495182,0,307,0.76649015,0.13665912,0.10551765,0.91750000,0.01253190,0.98746810,0
1374,147499,0.29620435,0.00000000,372.02000000,158.81812156,2.34216617,0.74101444,0.46163214,0.61467490,393.46236559,0.93000000,-1.10922861,0,308,0.76615408,0.13656264,0.16658724,0.92000000,0.01388828,0.98611172,0
1375,147599,0.31436271,0.00000000,428.95000000,159.36395472,2.69167817,0.79271945,0.43826188,0.57167079,441.62500000,0.96000000,-1.42000764,0,309,0.76566227,0.13661298,0.08938038,0.94500000,-0.00361068,1.00361068,0
1376,147699,0.30370883,0.00000000,420.53000000,159.90958813,2.62968147,0.81978787,0.42733321,0.50051805,428.91752577,0.97000000,-1.93307998,0,310,0.76503446,0.13683677,0.10383293,0.94250000,0.01117928,0.98882072,0
1377,147799,0.31335640,0.00000000,430.44000000,160.47309664,2.68224147,0.83176267,0.43058052,0.57144125,434.85714286,0.98000000,-1.40236965,0,311,0.76418118,0.13743875,0.07932379,0.95000000,0.02498247,0.97501753,0
1378,147899,0.35338001,0.00000000,458.83000000,161.08070343,2.84847877,0.90704625,0.40685251,0.49580698,463.30102041,0.98000000,-1.94516242,0,312,0.76356144,0.13765147,0.06354776,0.94750000,0.00478455,0.99521545,0
1379,147999,0.25487312,0.00000000,375.14000000,161.61242656,2.32120654,0.73617802,0.47831427,0.60601547,384.10000000,0.95000000,-1.13325522,0,313,0.76270325,0.13826346,0.13916515,0.90750000,0.02002409,0.97997591,0
1380,148099,0.09445360,0.00000000,129.58000000,161.75717309,0.80115225,0.21722684,0.67635815,1.36836224,308.74242424,0.33000000,nan,0,313,0.76220265,0.13832552,3.77216862,0.46000000,-0.01344430,1.01344430,0
1381,148199,0.23302101,0.00000000,404.89000000,162.00812421,2.49903553,0.76411150,0.35124475,0.64281212,413.85937500,0.96000000,-0.86311282,0,314,0.76220265,0.13832552,0.12239175,0.90500000,0.00731702,0.99268298,0
1382,148299,0.31702091,0.00000000,424.59000000,162.55981283,2.61197636,0.80344605,0.44447261,0.67068246,426.22222222,0.99000000,-0.65915144,0,315,0.76182243,0.13826863,0.07662537,0.96250000,0.02262900,0.97737100,0
1383,148399,0.38833596,0.00000000,440.96000000,163.09957987,2.70346972,0.82442136,0.51504005,0.65227409,448.20103093,0.97000000,-0.79090800,0,316,0.76153310,0.13814376,0.12633303,0.93750000,0.01824239,0.98175761,0
1384,148499,0.27368058,0.00000000,340.18000000,163.55404241,2.07970467,0.64362825,0.49492083,0.80778602,383.19767442,0.86000000,0.33752196,0,317,0.76118734,0.13806119,0.22676567,0.84500000,0.02872386,0.97127614,0
1385,148599,0.36538215,0.00000000,449.63000000,164.05211618,2.74062534,0.84706204,0.48038338,0.71984873,457.81250000,0.96000000,-0.30090947,0,318,0.76133434,0.13786741,0.08422822,0.94250000,-0.00255835,1.00255835,0
1386,148699,0.41204529,0.00000000,438.76000000,164.66211774,2.66477399,0.81623485,0.52575150,0.75123239,447.78350515,0.97000000,-0.07243065,0,319,0.76120388,0.13766944,0.10181118,0.93750000,0.03342733,0.96657267,0
1387,148799,0.32681754,0.00000000,407.91000000,165.17792530,2.46949874,0.79208699,0.49869145,0.77807938,408.16500000,1.00000000,0.12299946,0,320,0.76117262,0.13745394,0.09354147,0.93500000,0.01184236,0.98815764,0
1388,148899,0.36560001,0.00000000,402.62000000,165.69809910,2.43004280,0.78634721,0.52321246,0.79057485,413.93750000,0.96000000,0.21385208,0,321,0.76122546,0.13724158,0.12892628,0.91500000,0.02208765,0.97791235,0
1389,148999,0.32178357,0.00000000,464.45000000,166.24170902,2.79401201,0.79342044,0.44340519,0.59227139,475.13917526,0.97000000,-1.23357769,0,322,0.76131689,0.13703677,0.08308009,0.94750000,0.01064699,0.98935301,0
1390,149099,0.20315398,0.00000000,318.12000000,166.60423844,1.90899161,0.59272516,0.44772803,0.65208064,427.30434783,0.69000000,-0.79266195,0,323,0.76079190,0.13714707,1.27181606,0.76000000,0.03212435,0.96787565,0
1391,149199,0.30869268,0.00000000,472.62000000,167.15051810,2.82747252,0.82732967,0.44311625,0.51424521,490.21052632,0.95000000,-1.79626939,0,324,0.76045533,0.13706748,0.07660114,0.94250000,0.00968454,0.99031546,0
1392,149299,0.33018735,0.00000000,458.64000000,167.73791988,2.73399690,0.81910017,0.48091711,0.65587418,461.51515152,0.99000000,-0.75486047,0,325,0.75969543,0.13753700,0.07369982,0.94250000,0.03013728,0.96986272,0
1393,149399,0.37983341,0.00000000,481.73000000,168.38598920,2.86093166,0.84619073,0.49032716,0.65513793,486.14141414,0.99000000,-0.75839666,0,326,0.75937598,0.13744529,0.07322928,0.94750000,0.01072688,0.98927312,0
1394,149499,0.33021646,0.00000000,489.34000000,169.01387771,2.89513806,0.84180197,0.45943236,0.63643762,489.60500000,1.00000000,-0.89271273,0,327,0.75905623,0.13735505,0.06925541,0.96000000,0.02165514,0.97834486,0
1395,149599,0.25031974,0.00000000,477.72000000,169.66079093,2.81569981,0.82796200,0.37499505,0.56013218,487.17525773,0.97000000,-1.44597282,0,328,0.75868125,0.13731175,0.08223178,0.94500000,0.01362364,0.98637636,0
1396,149699,0.40542113,0.00000000,504.11000000,170.30708396,2.95991586,0.85680785,0.51830052,0.62360318,511.35204082,0.98000000,-0.97770440,0,329,0.75807592,0.13753926,0.07682837,0.96500000,0.01363700,0.98636300,0
1397,149799,0.39046017,0.00000000,485.29000000,170.95965722,2.83849783,0.88102546,0.49130371,0.75406615,488.96969697,0.99000000,-0.02618371,0,330,0.75766718,0.13752940,0.06705790,0.97000000,0.01729418,0.98270582,0
1398,149899,0.42124019,0.01120194,458.15000000,171.59225433,2.67012827,0.82967569,0.53505184,0.72245147,462.12244898,0.98000000,-0.25636985,0,331,0.75765627,0.13732037,0.08054539,0.95750000,0.01298747,0.98701253,0
1399,149999,0.32654585,0.00000000,530.55000000,172.23976839,3.08044963,0.86128708,0.38804887,0.58653084,534.39898990,0.99000000,-1.24716909,0,332,0.75754991,0.13712581,0.07560897,0.95750000,0.02893034,0.97106966,0
