step,surprise_raw,surprise_clipped,state_action_pseudo_count,familiarity,e_t,block_E_k,W_k,block_completed,warmup_remaining,regime_change,mean_total_var,mean_epistemic_var,gradient_coherence,gradient_novelty,predictor_nll
0,11.32875919,11.32875919,0,0.00000000,0.00000000,nan,0.00000000,0,9999,0,1.00550735,0.00039977,nan,nan,118.77895355
100,5.09076118,5.09076118,0,0.00000000,0.00000000,nan,0.00000000,0,9899,0,1.21116400,0.02078867,0.09885910,0.90114090,65.93543243
200,8.28236580,8.28236580,0,0.00000000,0.00000000,nan,0.00000000,0,9799,0,1.53568029,0.03100478,0.20513468,0.79486532,93.39763641
300,0.33445814,0.33445814,0,0.00000000,0.00000000,nan,0.00000000,0,9699,0,6.93905210,0.13418251,-0.03879325,1.03879325,21.79781914
400,1.07831168,1.07831168,0,0.00000000,0.00000000,nan,0.00000000,0,9599,0,4.98413849,0.08920520,-0.06272799,1.06272799,28.92376900
500,0.65432590,0.65432590,0,0.00000000,0.00000000,nan,0.00000000,0,9499,0,5.08838749,0.09348585,0.01825582,0.98174418,23.33918063
600,0.47295645,0.47295645,0,0.00000000,0.00000000,nan,0.00000000,0,9399,0,15.63534164,0.15409051,-0.00177440,1.00177440,23.38607368
700,0.25407261,0.25407261,0,0.00000000,0.00000000,nan,0.00000000,0,9299,0,32.66314697,0.23551999,0.01820069,0.98179931,25.16422939
800,0.42169231,0.42169231,0,0.00000000,0.00000000,nan,0.00000000,0,9199,0,35.85775757,0.19796829,0.02628427,0.97371573,25.69059372
900,0.29610267,0.29610267,0,0.00000000,0.00000000,nan,0.00000000,0,9099,0,20.73509216,0.14537773,0.03547547,0.96452453,22.79266230
1000,2.53134751,2.53134751,0,0.00000000,0.00000000,nan,0.00000000,0,8999,0,1.05145681,0.00112188,-0.44221680,1.44221680,39.50469360
1100,1.34474170,1.34474170,0,0.00000000,0.00000000,nan,0.00000000,0,8899,0,2.18802762,0.02089183,0.05756831,0.94243169,30.15267181
1200,0.58370751,0.58370751,0,0.00000000,0.00000000,nan,0.00000000,0,8799,0,9.70360565,0.08003460,-0.04958973,1.04958973,24.79753939
1300,0.67806828,0.67806828,0,0.00000000,0.00000000,nan,0.00000000,0,8699,0,23.19192886,0.12611580,0.02311246,0.97688754,27.26353073
1400,0.58961016,0.58961016,0,0.00000000,0.00000000,nan,0.00000000,0,8599,0,34.11996078,0.15526628,-0.03133695,1.03133695,25.97467613
1500,0.24727088,0.24727088,0,0.00000000,0.00000000,nan,0.00000000,0,8499,0,49.74000168,0.33357334,-0.03501130,1.03501130,25.07177353
1600,0.83301997,0.83301997,0,0.00000000,0.00000000,nan,0.00000000,0,8399,0,19.49751663,0.09439632,0.07580528,0.92419472,28.43695641
1700,0.32887205,0.32887205,0,0.00000000,0.00000000,nan,0.00000000,0,8299,0,20.86658287,0.09406984,0.03465571,0.96534429,23.79239337
1800,0.69022447,0.69022447,0,0.00000000,0.00000000,nan,0.00000000,0,8199,0,49.51879501,0.20527259,0.07205028,0.92794972,33.88973961
1900,0.64302039,0.64302039,0,0.00000000,0.00000000,nan,0.00000000,0,8099,0,46.46611023,0.14103025,0.03204360,0.96795640,26.54950428
2000,4.57217503,4.57217503,0,0.00000000,0.00000000,nan,0.00000000,0,7999,0,1.13629603,0.00160241,-0.29437607,1.29437607,58.63038635
2100,0.60977799,0.60977799,0,0.00000000,0.00000000,nan,0.00000000,0,7899,0,30.33478737,0.07925738,0.02553519,0.97446481,27.02333355
2200,0.78315103,0.78315103,0,0.00000000,0.00000000,nan,0.00000000,0,7799,0,11.92873859,0.04773552,-0.01916962,1.01916962,26.52021599
2300,0.52820528,0.52820528,0,0.00000000,0.00000000,nan,0.00000000,0,7699,0,45.60837173,0.12745495,0.08716876,0.91283124,24.74086428
2400,0.35358465,0.35358465,0,0.00000000,0.00000000,nan,0.00000000,0,7599,0,29.72302246,0.07166216,0.11160443,0.88839557,24.05450964
2500,1.05933714,1.05933714,0,0.00000000,0.00000000,nan,0.00000000,0,7499,0,39.17445374,0.10686750,-0.01479541,1.01479541,33.73647499
2600,0.61817157,0.61817157,0,0.00000000,0.00000000,nan,0.00000000,0,7399,0,42.92009735,0.10810247,-0.00256334,1.00256334,27.87125142
2700,0.53378707,0.53378707,0,0.00000000,0.00000000,nan,0.00000000,0,7299,0,28.15949821,0.05899960,0.07592646,0.92407354,24.80970669
2800,0.41690043,0.41690043,0,0.00000000,0.00000000,nan,0.00000000,0,7199,0,46.08696747,0.10739917,-0.11407335,1.11407335,24.21542168
2900,0.39064157,0.39064157,0,0.00000000,0.00000000,nan,0.00000000,0,7099,0,21.50778198,0.03893619,0.12527843,0.87472157,24.18167877
3000,3.95644116,3.95644116,0,0.00000000,0.00000000,nan,0.00000000,0,6999,0,1.16545022,0.00135140,-0.19997191,1.19997191,52.19906998
3100,0.35603321,0.35603321,0,0.00000000,0.00000000,nan,0.00000000,0,6899,0,6.32213783,0.01961034,-0.00979204,1.00979204,21.99608103
3200,0.59963584,0.59963584,0,0.00000000,0.00000000,nan,0.00000000,0,6799,0,16.28628731,0.03109336,0.17158314,0.82841686,25.14508772
3300,1.12029505,1.12029505,0,0.00000000,0.00000000,nan,0.00000000,0,6699,0,9.36725426,0.04981530,0.00986915,0.99013085,30.52862740
3400,0.59924626,0.59924626,0,0.00000000,0.00000000,nan,0.00000000,0,6599,0,13.76021957,0.03149220,0.25114265,0.74885735,26.04576111
3500,0.45059788,0.45059788,0,0.00000000,0.00000000,nan,0.00000000,0,6499,0,17.56297493,0.03478975,0.04591101,0.95408899,24.15919813
3600,0.87358350,0.87358350,0,0.00000000,0.00000000,nan,0.00000000,0,6399,0,10.14637947,0.02503134,0.04405847,0.95594153,27.12481728
3700,0.68536139,0.68536139,0,0.00000000,0.00000000,nan,0.00000000,0,6299,0,25.72743225,0.03975554,-0.04991604,1.04991604,26.19751167
3800,0.79284525,0.79284525,0,0.00000000,0.00000000,nan,0.00000000,0,6199,0,11.06960201,0.02581691,-0.00601871,1.00601871,25.89562654
3900,1.67708302,1.67708302,0,0.00000000,0.00000000,nan,0.00000000,0,6099,0,42.40175247,0.08581904,-0.00831049,1.00831049,41.27292061
4000,2.84905505,2.84905505,0,0.00000000,0.00000000,nan,0.00000000,0,5999,0,1.13078535,0.00060899,0.16231220,0.83768780,42.07053375
4100,0.80070615,0.80070615,0,0.00000000,0.00000000,nan,0.00000000,0,5899,0,43.13656998,0.05070436,0.08853200,0.91146800,29.40898085
4200,0.42940176,0.42940176,0,0.00000000,0.00000000,nan,0.00000000,0,5799,0,6.52029657,0.01561417,0.03253593,0.96746407,22.47333431
4300,0.90846074,0.90846074,0,0.00000000,0.00000000,nan,0.00000000,0,5699,0,13.87500381,0.01808725,0.23235005,0.76764995,27.95813322
4400,0.30733335,0.30733335,0,0.00000000,0.00000000,nan,0.00000000,0,5599,0,34.18574524,0.03545751,-0.06721318,1.06721318,24.02570915
4500,0.57747769,0.57747769,0,0.00000000,0.00000000,nan,0.00000000,0,5499,0,12.54031181,0.01858102,0.06635496,0.93364504,24.53772449
4600,1.01647830,1.01647830,0,0.00000000,0.00000000,nan,0.00000000,0,5399,0,46.02156448,0.05754698,0.00458262,0.99541738,31.12324905
4700,0.45632759,0.45632759,0,0.00000000,0.00000000,nan,0.00000000,0,5299,0,42.95955276,0.03284439,-0.08750295,1.08750295,23.10664463
4800,0.88998753,0.88998753,0,0.00000000,0.00000000,nan,0.00000000,0,5199,0,10.80240059,0.01341687,0.01797836,0.98202164,26.33058643
4900,0.17928219,0.17928219,0,0.00000000,0.00000000,nan,0.00000000,0,5099,0,27.49265289,0.02171489,0.10530570,0.89469430,20.38529129
5000,5.98622131,5.98622131,0,0.00000000,0.00000000,nan,0.00000000,0,4999,0,1.16266060,0.00070728,-0.10778348,1.10778348,70.30012703
5100,1.36268330,1.36268330,0,0.00000000,0.00000000,nan,0.00000000,0,4899,0,10.24252796,0.01493437,0.02061754,0.97938246,31.85682297
5200,0.93274659,0.93274659,0,0.00000000,0.00000000,nan,0.00000000,0,4799,0,27.50086021,0.02051137,-0.21783202,1.21783202,28.75678873
5300,0.73775184,0.73775184,0,0.00000000,0.00000000,nan,0.00000000,0,4699,0,28.12506866,0.02969497,0.11845749,0.88154251,28.03721285
5400,0.43392298,0.43392298,0,0.00000000,0.00000000,nan,0.00000000,0,4599,0,48.48484802,0.04993118,0.08346019,0.91653981,21.89522934
5500,0.35890526,0.35890526,0,0.00000000,0.00000000,nan,0.00000000,0,4499,0,17.65787506,0.01836693,0.01868775,0.98131225,21.75938288
5600,0.80434769,0.80434769,0,0.00000000,0.00000000,nan,0.00000000,0,4399,0,17.18774605,0.01755435,-0.12706166,1.12706166,26.50916417
5700,0.46633613,0.46633613,0,0.00000000,0.00000000,nan,0.00000000,0,4299,0,25.55950165,0.03508068,0.10925842,0.89074158,24.19762802
5800,0.74737763,0.74737763,0,0.00000000,0.00000000,nan,0.00000000,0,4199,0,27.25758553,0.02697187,-0.01067303,1.01067303,29.52825737
5900,0.14954337,0.14954337,0,0.00000000,0.00000000,nan,0.00000000,0,4099,0,24.42459869,0.03493239,-0.11520446,1.11520446,20.20484225
6000,3.36305237,3.36305237,0,0.00000000,0.00000000,nan,0.00000000,0,3999,0,1.18285930,0.00085803,-0.22731866,1.22731866,46.87806606
6100,0.42387235,0.42387235,0,0.00000000,0.00000000,nan,0.00000000,0,3899,0,20.70020103,0.01768215,-0.29106229,1.29106229,21.56848907
6200,1.04070425,1.04070425,0,0.00000000,0.00000000,nan,0.00000000,0,3799,0,5.52028942,0.00831561,0.06139419,0.93860581,26.18870735
6300,0.44599241,0.44599241,0,0.00000000,0.00000000,nan,0.00000000,0,3699,0,31.80027008,0.01957297,0.05338402,0.94661598,21.69177866
6400,0.35998064,0.35998064,0,0.00000000,0.00000000,nan,0.00000000,0,3599,0,21.80013657,0.01374066,-0.08710578,1.08710578,20.53944397
6500,0.78870416,0.78870416,0,0.00000000,0.00000000,nan,0.00000000,0,3499,0,41.24646759,0.03838302,-0.03642628,1.03642628,24.30394459
6600,0.73280770,0.73280770,0,0.00000000,0.00000000,nan,0.00000000,0,3399,0,8.37521839,0.01348944,0.14864217,0.85135783,23.58063602
6700,0.92454082,0.92454082,0,0.00000000,0.00000000,nan,0.00000000,0,3299,0,26.03636360,0.01754383,0.13601096,0.86398904,25.34489098
6800,1.00771070,1.00771070,0,0.00000000,0.00000000,nan,0.00000000,0,3199,0,27.40213966,0.02394581,-0.26707211,1.26707211,24.00316143
6900,0.15531303,0.15531303,0,0.00000000,0.00000000,nan,0.00000000,0,3099,0,23.97368050,0.02600173,0.28351043,0.71648957,18.05672709
7000,4.57045412,4.57045412,0,0.00000000,0.00000000,nan,0.00000000,0,2999,0,1.19495237,0.00123503,-0.19715910,1.19715910,nan
7100,1.30018854,1.30018854,0,0.00000000,0.00000000,nan,0.00000000,0,2899,0,3.19898224,0.00801900,-0.02493607,1.02493607,28.08463287
7200,1.51429641,1.51429641,0,0.00000000,0.00000000,nan,0.00000000,0,2799,0,24.75762177,0.02369779,-0.09823560,1.09823560,32.10314751
7300,0.37330404,0.37330404,0,0.00000000,0.00000000,nan,0.00000000,0,2699,0,28.35284042,0.03017203,0.00491760,0.99508240,21.62361336
7400,0.64207101,0.64207101,0,0.00000000,0.00000000,nan,0.00000000,0,2599,0,21.12275696,0.01962649,-0.12378711,1.12378711,23.56217702
7500,1.06583023,1.06583023,0,0.00000000,0.00000000,nan,0.00000000,0,2499,0,18.24019623,0.02740183,-0.08915877,1.08915877,26.52842712
7600,1.03206539,1.03206539,0,0.00000000,0.00000000,nan,0.00000000,0,2399,0,17.45726776,0.01967872,-0.03727157,1.03727157,25.10470676
7700,0.58839273,0.58839273,0,0.00000000,0.00000000,nan,0.00000000,0,2299,0,31.99401855,0.02759450,-0.11091006,1.11091006,23.04987717
7800,0.55199635,0.55199635,0,0.00000000,0.00000000,nan,0.00000000,0,2199,0,15.66125107,0.02714757,0.02514768,0.97485232,20.43371868
7900,1.10475600,1.10475600,0,0.00000000,0.00000000,nan,0.00000000,0,2099,0,40.40230560,0.03044657,-0.24747297,1.24747297,23.85854721
8000,3.19762421,3.19762421,0,0.00000000,0.00000000,nan,0.00000000,0,1999,0,1.21966195,0.00174435,-0.07075951,1.07075951,44.98953724
8100,1.50067914,1.50067914,0,0.00000000,0.00000000,nan,0.00000000,0,1899,0,36.82145309,0.02498840,0.10970699,0.89029301,30.24746799
8200,0.22841194,0.22841194,0,0.00000000,0.00000000,nan,0.00000000,0,1799,0,16.17858124,0.01391299,0.00676314,0.99323686,17.10284424
8300,1.20606923,1.20606923,0,0.00000000,0.00000000,nan,0.00000000,0,1699,0,9.60147476,0.01392139,0.11312535,0.88687465,25.33731127
8400,0.61043811,0.61043811,0,0.00000000,0.00000000,nan,0.00000000,0,1599,0,14.19170666,0.01769671,0.01468227,0.98531773,20.63169003
8500,0.88067681,0.88067681,0,0.00000000,0.00000000,nan,0.00000000,0,1499,0,17.83986473,0.01742510,-0.16730043,1.16730043,21.37981462
8600,0.30720463,0.30720463,0,0.00000000,0.00000000,nan,0.00000000,0,1399,0,17.83622551,0.02061970,0.16862340,0.83137660,15.59677537
8700,1.37044299,1.37044299,0,0.00000000,0.00000000,nan,0.00000000,0,1299,0,18.91243744,0.01538505,0.06049282,0.93950718,25.58909702
8800,0.43498099,0.43498099,0,0.00000000,0.00000000,nan,0.00000000,0,1199,0,12.91356277,0.01318453,-0.12737813,1.12737813,14.76866754
8900,0.69425720,0.69425720,0,0.00000000,0.00000000,nan,0.00000000,0,1099,0,11.67778492,0.02095732,0.12733072,0.87266928,18.28976917
9000,2.75048661,2.75048661,0,0.00000000,0.00000000,nan,0.00000000,0,999,0,1.15119398,0.00100455,-0.18082412,1.18082412,40.38797379
9100,0.52530915,0.52530915,0,0.00000000,0.00000000,nan,0.00000000,0,899,0,7.71931124,0.01536409,0.04992087,0.95007913,19.70534420
9200,0.37212291,0.37212291,0,0.00000000,0.00000000,nan,0.00000000,0,799,0,15.29738998,0.01763079,0.13785484,0.86214516,19.18745565
9300,0.54591060,0.54591060,0,0.00000000,0.00000000,nan,0.00000000,0,699,0,27.60264206,0.02423725,0.25020927,0.74979073,20.34447161
9400,0.78962696,0.78962696,0,0.00000000,0.00000000,nan,0.00000000,0,599,0,41.75418091,0.02615148,0.06998185,0.93001815,21.04543177
9500,0.46716875,0.46716875,0,0.00000000,0.00000000,nan,0.00000000,0,499,0,22.14057159,0.01182268,0.04011078,0.95988922,17.76095963
9600,0.41584170,0.41584170,0,0.00000000,0.00000000,nan,0.00000000,0,399,0,9.44282532,0.00924923,0.24813358,0.75186642,17.70235777
9700,0.45541763,0.45541763,0,0.00000000,0.00000000,nan,0.00000000,0,299,0,19.84135628,0.03260072,0.20335283,0.79664717,23.11956062
9800,1.54687250,1.54687250,0,0.00000000,0.00000000,nan,0.00000000,0,199,0,10.11554623,0.01193548,-0.15784402,1.15784402,28.09595070
9900,0.51009613,0.51009613,0,0.00000000,0.00000000,nan,0.00000000,0,99,0,13.19357586,0.00825815,0.05479323,0.94520677,17.10443544
10000,4.47497654,4.47497654,0,0.00000000,0.00000000,nan,0.00000000,0,0,0,1.26327181,0.00144022,0.07618851,0.92381149,56.67754364
10100,1.55539191,1.55539191,0,0.00000000,0.00000000,nan,0.00000000,0,0,0,10.46473694,0.01218830,0.21552307,0.78447693,30.71928406
10200,0.65609956,0.65609956,0,0.00000000,0.00000000,nan,0.00000000,0,0,0,27.56585121,0.02183123,-0.28067394,1.28067394,22.88776474
10300,0.57885045,0.57885045,0,0.00000000,0.00000000,nan,0.00000000,0,0,0,17.73140717,0.01992613,-0.11535476,1.11535476,18.84231186
10400,1.55958140,1.55958140,1,0.09516258,0.00012790,nan,0.00000000,0,0,0,33.39286804,0.01687307,0.14103120,0.85896880,32.50653076
10500,0.61662823,0.61662823,0,0.00000000,0.00000000,nan,0.00000000,0,0,0,22.81785774,0.01801268,-0.19620164,1.19620164,20.02597427
10600,0.61607689,0.61607689,0,0.00000000,0.00000000,nan,0.00000000,0,0,0,39.02374649,0.02247958,-0.01997835,1.01997835,21.05384827
10700,0.20463441,0.20463441,4,0.32967995,0.00241740,nan,0.00000000,0,0,0,15.76914120,0.01969461,0.03244305,0.96755695,14.41571474
10800,0.65382504,0.65382504,1,0.09516258,0.00005362,nan,0.00000000,0,0,0,19.75149345,0.01939616,-0.09332230,1.09332230,18.45908737
10900,0.87780875,0.87780875,4,0.32967995,0.01036979,nan,0.00000000,0,0,0,16.48666191,0.01980224,-0.11068433,1.11068433,20.73612595
11000,2.63533521,2.63533521,10,0.63212056,0.42076105,nan,0.00000000,0,0,0,1.41756666,0.00196349,-0.24139979,1.24139979,39.07989120
11100,0.45717472,0.45717472,10,0.63212056,0.07299311,nan,0.00000000,0,0,0,21.73882103,0.01791388,0.03949510,0.96050490,20.25338936
11200,0.36664581,0.36664581,25,0.91791500,0.26028947,nan,0.00000000,0,0,0,13.37261581,0.01024014,-0.09090778,1.09090778,17.94815191
11300,1.51319635,1.51319635,8,0.55067104,0.13914392,nan,0.00000000,0,0,0,37.11412048,0.01925234,0.01728384,0.98271616,35.09381790
11400,0.89356065,0.89356065,9,0.59343034,0.11081614,nan,0.00000000,0,0,0,15.56538582,0.01452055,0.10487930,0.89512070,24.65815862
11500,0.34315211,0.34315211,23,0.89974116,0.22488320,nan,0.00000000,0,0,0,17.37527084,0.02636116,0.18012312,0.81987688,18.78945796
11600,0.47344816,0.47344816,2,0.18126925,0.00051117,nan,0.00000000,0,0,0,18.95598984,0.01312197,0.20016647,0.79983353,18.28893852
11700,0.63801146,0.63801146,22,0.88919684,0.39885967,nan,0.00000000,0,0,0,16.73842621,0.01313889,0.02315359,0.97684641,17.26997948
11800,1.25589418,1.25589418,10,0.63212056,0.20051770,nan,0.00000000,0,0,0,17.36476707,0.01411283,-0.12227582,1.12227582,23.32252121
11900,1.03189456,1.03189456,28,0.93918994,0.80287706,nan,0.00000000,0,0,0,13.37392807,0.01246238,-0.11525563,1.11525563,21.23004532
12000,4.11811829,4.11811829,38,0.97762923,3.76179847,nan,0.00000000,0,0,0,1.46568310,0.00187302,-0.10332449,1.10332449,53.94004822
12100,0.59783906,0.59783906,34,0.96662673,0.52193868,nan,0.00000000,0,0,0,6.67204094,0.00755918,-0.23102269,1.23102269,18.73694706
12200,1.59805691,1.59805691,5,0.39346934,0.03830327,nan,0.00000000,0,0,0,6.17992926,0.00797376,0.31927000,0.68073000,28.59919103
12300,0.36245486,0.36245486,13,0.72746821,0.10151027,nan,0.00000000,0,0,0,18.76240349,0.01349522,0.08452635,0.91547365,17.72491519
12400,0.48339134,0.48339134,5,0.39346934,0.01158624,nan,0.00000000,0,0,0,15.42656612,0.01938235,-0.10060888,1.10060888,19.41865768
12500,1.02194452,1.02194452,23,0.89974116,0.66972678,nan,0.00000000,0,0,0,10.91270924,0.01346917,0.21600000,0.78400000,21.99524069
12600,0.33632258,0.33632258,29,0.94497678,0.26818876,nan,0.00000000,0,0,0,7.37272215,0.00939755,0.23311143,0.76688857,15.20355320
12700,0.69212967,0.69212967,9,0.59343034,0.08583540,nan,0.00000000,0,0,0,13.88676834,0.02292021,0.05473226,0.94526774,21.83212217
12800,0.54591757,0.54591757,10,0.63212056,0.08716191,nan,0.00000000,0,0,0,19.18706703,0.02451849,0.09544167,0.90455833,19.70604197
12900,0.62512088,0.62512088,3,0.25918178,0.00282086,nan,0.00000000,0,0,0,21.27666283,0.01185786,-0.01902439,1.01902439,18.74069786
13000,3.06594181,3.06594181,32,0.95923780,2.59578691,nan,0.00000000,0,0,0,1.93539155,0.00289220,0.04603677,0.95396323,42.79400253
13100,0.72417253,0.72417253,20,0.86466472,0.40479300,nan,0.00000000,0,0,0,11.29223633,0.00989346,-0.25576467,1.25576467,20.88214048
13200,0.93173534,0.93173534,16,0.79810348,0.37803272,nan,0.00000000,0,0,0,14.30087948,0.01513393,0.05356649,0.94643351,23.09215864
13300,0.55241996,0.55241996,16,0.79810348,0.22413320,nan,0.00000000,0,0,0,14.01354980,0.01022999,-0.06547230,1.06547230,18.46915627
13400,0.71908545,0.71908545,31,0.95495080,0.59800455,nan,0.00000000,0,0,0,9.35998344,0.00694438,-0.23942296,1.23942296,19.03351307
13500,1.04675186,1.04675186,6,0.45118836,0.04337858,nan,0.00000000,0,0,0,7.05130243,0.01323275,-0.29098321,1.29098321,23.20719274
13600,0.71262670,0.71262670,28,0.93918994,0.55446714,nan,0.00000000,0,0,0,13.02222252,0.01770713,-0.04521963,1.04521963,19.37528324
13700,0.37695482,0.37695482,15,0.77686984,0.13730373,nan,0.00000000,0,0,0,21.45378304,0.02141568,-0.01356825,1.01356825,nan
13800,0.42718509,0.42718509,50,0.99326205,0.41578753,nan,0.00000000,0,0,0,15.83415413,0.01974793,0.06371486,0.93628514,15.47402318
13900,0.55727792,0.55727792,36,0.97267628,0.49882146,nan,0.00000000,0,0,0,18.53951073,0.01423534,-0.11831823,1.11831823,16.53032239
14000,2.87297821,2.87297821,65,0.99849656,2.85573974,nan,0.00000000,0,0,0,1.74612665,0.00381648,0.06578520,0.93421480,39.25793457
14100,0.37963796,0.37963796,43,0.98643144,0.35944898,nan,0.00000000,0,0,0,24.91470337,0.01362640,-0.24957019,1.24957019,18.46796799
14200,0.40995610,0.40995610,10,0.63212056,0.06545412,nan,0.00000000,0,0,0,15.09492302,0.02208972,0.09176063,0.90823937,16.07871882
14300,0.62880230,0.62880230,27,0.93279449,0.47605596,nan,0.00000000,0,0,0,17.19543076,0.01900954,0.08089495,0.91910505,15.44586722
14400,0.70280224,0.70280224,33,0.96311683,0.60471262,nan,0.00000000,0,0,0,14.56238842,0.01825756,0.00499320,0.99500680,19.09382629
14500,0.38433367,0.38433367,18,0.83470111,0.18656596,nan,0.00000000,0,0,0,13.61797047,0.02019357,0.07088034,0.92911966,13.56443055
14600,0.61452574,0.61452574,11,0.66712892,0.12172482,nan,0.00000000,0,0,0,16.28102493,0.01158911,-0.14937685,1.14937685,17.64272165
14700,0.70976365,0.70976365,17,0.81731648,0.31671947,nan,0.00000000,0,0,0,11.42474365,0.01407674,-0.07344794,1.07344794,14.95658665
14800,0.49216339,0.49216339,58,0.99697245,0.48623020,nan,0.00000000,0,0,0,11.77869701,0.01115554,0.05038576,0.94961424,13.65477705
14900,0.29277131,0.29277131,33,0.96311683,0.25190942,nan,0.00000000,0,0,0,22.19297028,0.02722729,0.02851446,0.97148554,20.79782073
15000,2.70421600,2.70421600,42,0.98500442,2.54562309,nan,0.00000000,0,0,0,1.73937082,0.00333050,-0.11561301,1.11561301,38.81739902
15100,0.76718575,0.76718575,30,0.95021293,0.62543801,nan,0.00000000,0,0,0,23.55932236,0.01551507,0.12999352,0.87000648,20.61913223
15200,1.09716177,1.09716177,14,0.75340304,0.35349244,nan,0.00000000,0,0,0,12.26194954,0.01445181,-0.16918379,1.16918379,19.85057449
15300,0.72051388,0.72051388,35,0.96980262,0.63734672,nan,0.00000000,0,0,0,17.90410233,0.02143326,0.04739136,0.95260864,16.98027738
15400,1.02439702,1.02439702,24,0.90928205,0.70026556,nan,0.00000000,0,0,0,17.68307495,0.02722105,-0.08532794,1.08532794,24.29038525
15500,1.51609814,1.51609814,17,0.81731648,0.67653198,nan,0.00000000,0,0,0,11.32210255,0.01305842,-0.05116118,1.05116118,22.60407448
15600,0.70418984,0.70418984,26,0.92572642,0.51715460,nan,0.00000000,0,0,0,14.10771656,0.02029934,0.02766553,0.97233447,19.43357468
15700,0.64655066,0.64655066,58,0.99697245,0.63875627,nan,0.00000000,0,0,0,15.47351265,0.01989100,-0.03438890,1.03438890,17.33168936
15800,0.69271511,0.69271511,68,0.99888622,0.68963414,nan,0.00000000,0,0,0,17.58782005,0.01851648,-0.06538802,1.06538802,17.75279045
15900,0.87225705,0.87225705,37,0.97527647,0.78914259,nan,0.00000000,0,0,0,13.33948040,0.01749752,0.00483071,0.99516929,16.15256023
16000,3.23262548,3.23262548,54,0.99548342,3.17461830,nan,0.00000000,0,0,0,2.23971105,0.00603719,0.00384957,0.99615043,41.58686256
16100,0.74300903,0.74300903,64,0.99833844,0.73808312,nan,0.02326384,0,0,0,12.66094494,0.02236138,-0.12278248,1.12278248,15.88825035
16200,0.46951735,0.46951735,63,0.99816370,0.46607813,nan,0.00000000,0,0,0,13.65802002,0.02146970,0.04670203,0.95329797,13.90222359
16300,0.83676159,0.83676159,38,0.97762923,0.76436087,nan,0.00000000,0,0,0,15.17515373,0.02057471,0.24736812,0.75263188,15.99110813
16400,0.50939995,0.50939995,41,0.98342732,0.47646169,nan,0.00000000,0,0,0,19.10286522,0.03078953,0.12186335,0.87813665,14.03714434
16500,0.36944640,0.36944640,58,0.99697245,0.36499260,nan,0.00000000,0,0,0,15.19316101,0.02077143,0.00724290,0.99275710,10.67641106
16600,0.48732683,0.48732683,24,0.90928205,0.33313080,nan,0.00000000,0,0,0,17.36534882,0.01822043,0.10379845,0.89620155,14.23144118
16700,0.35538673,0.35538673,85,0.99979653,0.35509758,nan,0.00000000,0,0,0,12.40888214,0.01483916,0.14369386,0.85630614,10.16520818
16800,0.50916600,0.50916600,13,0.72746821,0.14259867,nan,0.00000000,0,0,0,15.33733749,0.01663269,0.17797208,0.82202792,13.77431615
16900,0.68515199,0.68515199,28,0.93918994,0.53309014,nan,0.00000000,0,0,0,16.72487450,0.01425754,-0.25528430,1.25528430,13.61166763
17000,3.26575303,3.26575303,36,0.97267628,2.92318724,nan,0.00000000,0,0,0,1.97183013,0.00572034,-0.06298608,1.06298608,41.88700294
17100,1.47050154,1.47050154,7,0.50341470,0.09444284,nan,0.24449233,0,0,0,8.67140007,0.01820337,-0.24335185,1.24335185,25.90823269
17200,1.03767550,1.03767550,14,0.75340304,0.33432667,nan,0.21305115,0,0,0,15.21486378,0.01526999,0.04731214,0.95268786,17.47480774
17300,0.38112405,0.38112405,57,0.99665403,0.37604868,nan,0.05877887,0,0,0,20.67124176,0.02022156,0.08593960,0.91406040,12.85799074
17400,1.97591567,1.97591567,39,0.97975809,1.82072282,nan,0.00000000,0,0,0,16.22273064,0.02263739,-0.11281350,1.11281350,24.89792252
17500,0.65737736,0.65737736,39,0.97975809,0.60574547,nan,0.00000000,0,0,0,13.49033737,0.01862738,0.10384083,0.89615917,15.46443272
17600,0.79970270,0.79970270,47,0.99090472,0.77100316,nan,0.00000000,0,0,0,13.54849243,0.01987431,0.06250089,0.93749911,14.94035085
17700,1.36847067,1.36847067,52,0.99448344,1.33852260,nan,0.00000000,0,0,0,14.76719189,0.01718166,-0.07865790,1.07865790,21.09847546
17800,0.56570709,0.56570709,150,0.99999969,0.56570640,nan,0.00000000,0,0,0,11.61027527,0.01411934,-0.16572089,1.16572089,13.00727177
17900,0.20656258,0.20656258,121,0.99999444,0.20655799,nan,0.00000000,0,0,0,14.82719612,0.02107998,-0.04493063,1.04493063,10.02517557
18000,3.55253553,3.55253553,70,0.99908812,3.53959528,nan,0.00000000,0,0,0,1.98159325,0.00481144,-0.02549526,1.02549526,45.15602620
18100,0.26143250,0.26143250,12,0.69880579,0.06234269,nan,0.23059238,0,0,0,9.84599113,0.01587197,0.22290539,0.77709461,14.69052378
18200,0.41998467,0.41998467,138,0.99999898,0.41998296,nan,0.33349143,0,0,0,32.47942734,0.03354614,0.01133619,0.98866381,37.40832186
18300,0.97106618,0.97106618,56,0.99630214,0.95678217,nan,0.19490539,0,0,0,14.13677692,0.01860765,0.11610989,0.88389011,19.52602577
18400,1.71522522,1.71522522,7,0.50341470,0.11016020,nan,0.05111763,0,0,0,17.34572411,0.02817726,0.02495883,0.97504117,25.93864346
18500,1.06411123,1.06411123,33,0.96311683,0.91559396,nan,0.00000000,0,0,0,16.25573730,0.01930674,0.05425963,0.94574037,18.36311817
18600,0.86893356,0.86893356,13,0.72746821,0.24335633,nan,0.00000000,0,0,0,16.75981903,0.01673542,0.06123830,0.93876170,16.97057629
18700,0.59769434,0.59769434,36,0.97267628,0.53499834,nan,0.00000000,0,0,0,15.21859741,0.02228245,-0.11390408,1.11390408,12.49463511
18800,0.37374231,0.37374231,32,0.95923780,0.31642982,nan,0.00000000,0,0,0,24.53073883,0.01989773,-0.05023107,1.05023107,12.51259470
18900,0.67220968,0.67220968,60,0.99752125,0.66556946,nan,0.00000000,0,0,0,16.57700920,0.02021131,-0.13950894,1.13950894,16.78458818
19000,0.91236377,0.91236377,78,0.99959027,0.91086938,nan,0.00000000,0,0,0,2.16984892,0.00261932,-0.05649372,1.05649372,21.26785374
19100,0.46887419,0.46887419,55,0.99591323,0.46125632,nan,0.36358297,0,0,0,21.21772003,0.02168028,-0.02492067,1.02492067,14.71564255
19200,0.53444076,0.53444076,100,0.99995460,0.53434371,nan,0.19501672,0,0,0,18.53186798,0.01166002,0.12967208,0.87032792,13.72761822
19300,0.57074863,0.57074863,21,0.87754357,0.33846957,nan,0.00000000,0,0,0,18.92017365,0.02054352,0.13181091,0.86818909,16.92992067
19400,0.80556309,0.80556309,134,0.99999848,0.80555821,nan,0.00000000,0,0,0,15.76467896,0.02077711,0.12913408,0.87086592,15.32740339
19500,0.40928626,0.40928626,43,0.98643144,0.38752060,nan,0.00000000,0,0,0,12.70553970,0.02258337,-0.07192446,1.07192446,11.26349115
19600,0.83167821,0.83167821,46,0.98994816,0.79873946,nan,0.00000000,0,0,0,12.70314598,0.01743262,0.14842425,0.85157575,14.59169102
19700,0.90013558,0.90013558,75,0.99944692,0.89814582,nan,0.00000000,0,0,0,14.74981022,0.01305634,-0.02214589,1.02214589,14.89332898
19800,0.31105539,0.31105539,174,0.99999997,0.31105536,nan,0.00000000,0,0,0,16.54978180,0.01593840,0.00565939,0.99434061,9.99557877
19900,0.83621317,0.83621317,20,0.86466472,0.46742071,nan,0.00000000,0,0,0,12.80195808,0.01855803,-0.02457122,1.02457122,14.22944164
20000,2.01938677,2.01938677,72,0.99925341,2.01336294,nan,0.00000000,0,0,0,2.09725714,0.00392923,-0.05491472,1.05491472,30.86475716
20100,0.92639023,0.92639023,41,0.98342732,0.86648899,nan,0.38854227,0,0,0,7.38682556,0.01087252,-0.22408890,1.22408890,22.15739822
20200,0.33220971,0.33220971,107,0.99997746,0.33217975,nan,0.40912249,0,0,0,19.16903877,0.01828807,-0.03624796,1.03624796,11.62039852
20300,0.48487684,0.48487684,17,0.81731648,0.21636771,nan,0.21507985,0,0,0,16.28316498,0.02795684,0.01818624,0.98181376,13.96773529
20400,0.72325635,0.72325635,168,0.99999995,0.72325620,nan,0.05541189,0,0,0,17.52236176,0.01314667,0.05597289,0.94402711,16.29503512
20500,1.46808493,1.46808493,34,0.96662673,1.28170000,nan,0.00000000,0,0,0,15.08759594,0.02627695,-0.03125195,1.03125195,21.65630468
20600,1.16249597,1.16249597,143,0.99999938,1.16249311,nan,0.00000000,0,0,0,17.28071404,0.01935455,0.13372526,0.86627474,19.42037710
20700,1.03819990,1.03819990,13,0.72746821,0.29076160,nan,0.00000000,0,0,0,20.23313713,0.02389346,-0.09063588,1.09063588,18.86263275
20800,0.54475582,0.54475582,61,0.99775713,0.53988497,nan,0.00000000,0,0,0,17.24152946,0.02181319,-0.03279074,1.03279074,11.64304829
20900,0.30758023,0.30758023,38,0.97762923,0.28096688,nan,0.00000000,0,0,0,16.42206001,0.03026179,0.06507524,0.93492476,10.33289075
21000,2.02624273,2.02624273,60,0.99752125,2.00622709,nan,0.00000000,0,0,0,2.25671339,0.00488049,-0.03801256,1.03801256,31.67505646
21100,0.84865105,0.84865105,24,0.90928205,0.58012772,nan,0.24950984,0,0,0,6.62069654,0.01326085,0.17436652,0.82563348,21.10657024
21200,0.30183321,0.30183321,68,0.99888622,0.30049076,nan,0.21043740,0,0,0,8.88893032,0.01097517,-0.13459675,1.13459675,14.98075414
21300,0.59562784,0.59562784,121,0.99999444,0.59561460,nan,0.00000000,0,0,0,26.98366547,0.02236036,-0.28382648,1.28382648,18.16197944
21400,0.77746534,0.77746534,134,0.99999848,0.77746063,nan,0.00000000,0,0,0,13.96714878,0.01180443,0.09341883,0.90658117,18.01027203
21500,0.36212966,0.36212966,27,0.93279449,0.27416245,nan,0.00000000,0,0,0,8.47036457,0.00929805,0.33504791,0.66495209,13.02778912
21600,0.69802201,0.69802201,28,0.93918994,0.54310380,nan,0.25102665,0,0,0,12.91459084,0.02714587,-0.21924448,1.21924448,nan
21700,0.30199903,0.30199903,78,0.99959027,0.30150438,nan,0.23734383,0,0,0,16.02840996,0.02156336,-0.04836975,1.04836975,12.29895115
21800,0.70695180,0.70695180,87,0.99983341,0.70648084,nan,0.12445524,0,0,0,18.89352226,0.01788789,0.01538400,0.98461600,14.72286630
21900,0.72867692,0.72867692,187,0.99999999,0.72867689,nan,0.00000000,0,0,0,19.36695862,0.01510436,0.07888980,0.92111020,15.80623603
22000,1.85233927,1.85233927,69,0.99899221,1.84488351,nan,0.00000000,0,0,0,2.47332883,0.00394823,0.02698223,0.97301777,30.16947412
22100,0.58762348,0.58762348,53,0.99500841,0.57597832,nan,0.33124672,0,0,0,9.47803688,0.01330901,0.10005354,0.89994646,19.02661610
22200,0.52240431,0.52240431,123,0.99999545,0.52239480,nan,0.15880977,0,0,0,9.39141464,0.01179411,-0.23060273,1.23060273,17.08359814
22300,0.23740053,0.23740053,81,0.99969646,0.23711242,nan,0.00000000,0,0,0,17.59480667,0.02503291,0.01974610,0.98025390,15.22416162
22400,0.46744972,0.46744972,21,0.87754357,0.27721049,nan,0.01627608,0,0,0,12.97441864,0.02096196,0.05083464,0.94916536,17.46514511
22500,0.83045173,0.83045173,71,0.99917490,0.82771428,nan,0.00000000,0,0,0,18.09508324,0.01206086,0.06146895,0.93853105,16.40783286
22600,0.87400895,0.87400895,2,0.18126925,0.00094365,nan,0.00000000,0,0,0,19.77727890,0.01064981,-0.13693051,1.13693051,17.27445316
22700,0.94041419,0.94041419,43,0.98643144,0.89040338,nan,0.00000000,0,0,0,25.46955109,0.02789969,-0.07655364,1.07655364,17.71177292
22800,0.58239967,0.58239967,58,0.99697245,0.57537864,nan,0.00000000,0,0,0,21.18743134,0.01600228,-0.11576315,1.11576315,13.96875811
22900,0.16190681,0.16190681,62,0.99797057,0.16059649,nan,0.00000000,0,0,0,17.32692337,0.02370143,0.03100692,0.96899308,9.49524975
23000,1.77386856,1.77386856,109,0.99998154,1.77373759,nan,0.00000000,0,0,0,2.89687181,0.00483702,0.08677681,0.91322319,27.49020863
23100,0.54045928,0.54045928,93,0.99990858,0.54026166,nan,0.00292575,0,0,0,14.99632263,0.02745334,-0.01611104,1.01611104,14.82304160
23200,0.16506508,0.16506508,24,0.90928205,0.11283652,nan,0.00000000,0,0,0,17.57473373,0.02087259,0.04281176,0.95718824,9.41727320
23300,0.38390982,0.38390982,42,0.98500442,0.36139484,nan,0.00000000,0,0,0,18.17236900,0.03140150,-0.03610708,1.03610708,12.29391074
23400,0.58694726,0.58694726,176,0.99999998,0.58694721,nan,0.00000000,0,0,0,19.61658096,0.02916589,0.09184853,0.90815147,11.08342965
23500,0.21425667,0.21425667,150,0.99999969,0.21425641,nan,0.00000000,0,0,0,17.40950966,0.01521396,-0.06367923,1.06367923,7.90152264
23600,0.51452410,0.51452410,44,0.98772266,0.48971769,nan,0.00000000,0,0,0,16.19595337,0.01992061,-0.04465489,1.04465489,10.54106760
23700,0.54224372,0.54224372,180,0.99999998,0.54224369,nan,0.00000000,0,0,0,15.00244141,0.03084522,-0.04702062,1.04702062,10.61865234
23800,0.89157349,0.89157349,52,0.99448344,0.87206200,nan,0.00000000,0,0,0,19.70835686,0.03143858,0.14365305,0.85634695,16.63036652
23900,0.70308864,0.70308864,161,0.99999990,0.70308835,nan,0.00000000,0,0,0,18.56205177,0.03549897,0.06035656,0.93964344,12.26427078
24000,1.92718101,1.92718101,182,0.99999999,1.92718091,nan,0.00000000,0,0,0,2.30220294,0.00425936,0.17047759,0.82952241,30.02165031
24100,0.64066911,0.64066911,51,0.99390325,0.62518742,nan,0.13970735,0,0,0,22.43772316,0.03881927,0.05065068,0.94934932,15.21590686
24200,0.60626197,0.60626197,120,0.99999386,0.60624707,nan,0.00000000,0,0,0,17.28450012,0.02525295,0.08311671,0.91688329,11.14624329
24300,1.36966395,1.36966395,11,0.66712892,0.27130206,nan,0.00000000,0,0,0,17.97223282,0.02520139,-0.06685297,1.06685297,20.76401329
24400,0.39476210,0.39476210,133,0.99999833,0.39475945,nan,0.00000000,0,0,0,19.10600471,0.02356528,-0.07032661,1.07032661,9.40678596
24500,0.52942491,0.52942491,54,0.99548342,0.51992475,nan,0.00000000,0,0,0,17.93729782,0.02592165,-0.06125501,1.06125501,13.41235600
24600,0.40030912,0.40030912,66,0.99863963,0.39813529,nan,0.00000000,0,0,0,17.74700928,0.02665772,0.12122466,0.87877534,10.36381006
24700,0.41244817,0.41244817,86,0.99981589,0.41214452,nan,0.00000000,0,0,0,15.59606457,0.02832810,-0.00854646,1.00854646,10.72508303
24800,0.42037684,0.42037684,33,0.96311683,0.36170513,nan,0.00000000,0,0,0,19.77575684,0.02255045,0.14970479,0.85029521,9.73814106
24900,0.63194382,0.63194382,120,0.99999386,0.63192829,nan,0.00000000,0,0,0,24.70343208,0.03139437,-0.06658753,1.06658753,12.04448395
25000,2.77857351,2.77857351,139,0.99999908,2.77856330,nan,0.00000000,0,0,0,3.14474273,0.00788942,0.04224524,0.95775476,36.13483810
25100,0.94789654,0.94789654,180,0.99999998,0.94789648,nan,0.07514620,0,0,0,17.70626640,0.02641564,-0.09533589,1.09533589,17.83923197
25200,0.60909450,0.60909450,65,0.99849656,0.60543981,nan,0.00000000,0,0,0,17.37842751,0.01719059,0.02058049,0.97941951,11.37115002
25300,0.90070587,0.90070587,114,0.99998880,0.90066554,nan,0.00000000,0,0,0,15.06265640,0.02236950,0.14531657,0.85468343,15.22444797
25400,0.35490733,0.35490733,209,1.00000000,0.35490733,nan,0.00000000,0,0,0,22.27353668,0.02892869,0.02618532,0.97381468,9.78607130
25500,0.82365102,0.82365102,126,0.99999663,0.82363991,nan,0.00000000,0,0,0,15.26117992,0.04198433,0.03497463,0.96502537,15.32845998
25600,0.70307231,0.70307231,49,0.99255342,0.68236312,nan,0.00000000,0,0,0,19.84203529,0.01688225,-0.12942025,1.12942025,13.59813023
25700,0.29297104,0.29297104,128,0.99999724,0.29296781,nan,0.00000000,0,0,0,16.89805412,0.02843930,0.02203808,0.97796192,10.66325498
25800,0.67648113,0.67648113,95,0.99992515,0.67627861,nan,0.00000000,0,0,0,20.82626915,0.04865478,-0.02881682,1.02881682,11.82941182
25900,0.72044349,0.72044349,114,0.99998880,0.72041122,nan,0.00000000,0,0,0,19.12805939,0.03638889,0.01540259,0.98459741,13.20927270
26000,1.31859207,1.31859207,231,1.00000000,1.31859207,nan,0.00000000,0,0,0,3.11738515,0.00855976,-0.03252413,1.03252413,23.39098040
26100,0.54326230,0.54326230,60,0.99752125,0.53789585,nan,0.32229111,0,0,0,19.68772888,0.03602304,0.05144137,0.94855863,18.39572144
26200,1.21969390,1.21969390,249,1.00000000,1.21969390,nan,0.22130803,0,0,0,19.28006935,0.03105270,0.03164986,0.96835014,18.97359848
26300,0.68046367,0.68046367,84,0.99977513,0.67985182,nan,0.02282640,0,0,0,28.89374542,0.04495900,-0.00215412,1.00215412,11.86527252
26400,0.27133477,0.27133477,15,0.77686984,0.09883221,nan,0.00000000,0,0,0,17.28069687,0.02032470,0.00235399,0.99764601,9.26951337
26500,0.88634181,0.88634181,58,0.99697245,0.87565666,nan,0.00000000,0,0,0,21.47277451,0.03256866,-0.08528864,1.08528864,14.21989695
26600,0.42791122,0.42791122,70,0.99908812,0.42635254,nan,0.00000000,0,0,0,16.44914627,0.02480303,0.01119717,0.98880283,9.36723919
26700,0.51263404,0.51263404,159,0.99999988,0.51263378,nan,0.00000000,0,0,0,20.22125244,0.03588058,0.07767936,0.92232064,9.86622238
26800,0.53246439,0.53246439,89,0.99986361,0.53217396,nan,0.00000000,0,0,0,16.34936714,0.02961246,0.10945571,0.89054429,10.27564144
26900,0.95801950,0.95801950,78,0.99959027,0.95645032,nan,0.00000000,0,0,0,20.05057526,0.02405289,-0.04162603,1.04162603,15.60625362
27000,2.82006288,2.82006288,78,0.99959027,2.81544380,nan,0.00000000,0,0,0,3.49971819,0.01117329,0.03116904,0.96883096,36.65865860
27100,0.61100096,0.61100096,37,0.97527647,0.55278071,nan,0.08279791,0,0,0,18.56565666,0.03191220,-0.00174393,1.00174393,10.35311572
27200,0.95828128,0.95828128,130,0.99999774,0.95827261,nan,0.00000000,0,0,0,14.30770397,0.03361068,0.02336855,0.97663145,15.99385333
27300,0.53475952,0.53475952,186,0.99999999,0.53475950,nan,0.00000000,0,0,0,18.31809807,0.04007232,-0.00731807,1.00731807,9.71537654
27400,0.46709961,0.46709961,126,0.99999663,0.46709331,nan,0.00000000,0,0,0,15.82007980,0.02449275,0.05261362,0.94738638,10.38818741
27500,1.12721717,1.12721717,274,1.00000000,1.12721717,nan,0.00000000,0,0,0,16.07998276,0.02372187,0.00146923,0.99853077,15.67702794
27600,0.59947532,0.59947532,146,0.99999954,0.59947423,nan,0.00000000,0,0,0,19.51851082,0.02771330,-0.01793533,1.01793533,11.43856168
27700,0.48111904,0.48111904,149,0.99999966,0.48111839,nan,0.00000000,0,0,0,18.38693619,0.02881360,-0.14085001,1.14085001,8.74104214
27800,0.83219707,0.83219707,73,0.99932446,0.82995062,nan,0.00000000,0,0,0,18.94545555,0.02476788,0.02742934,0.97257066,12.14615599
27900,0.55746818,0.55746818,61,0.99775713,0.55248367,nan,0.00000000,0,0,0,15.95239925,0.04712410,-0.01138697,1.01138697,13.84347010
28000,2.62721586,2.62721586,67,0.99876909,2.61430424,nan,0.00000000,0,0,0,2.96868181,0.00935462,0.18813556,0.81186444,nan
28100,0.41661620,0.41661620,60,0.99752125,0.41250078,nan,0.08656087,0,0,0,19.54881096,0.03009511,0.00897853,0.99102147,10.82095687
28200,0.65919548,0.65919548,33,0.96311683,0.56719202,nan,0.00000000,0,0,0,22.90184021,0.02899809,-0.21604945,1.21604945,12.12512612
28300,0.66757518,0.66757518,24,0.90928205,0.45634642,nan,0.00000000,0,0,0,14.56134033,0.04713343,-0.07721348,1.07721348,12.61230882
28400,0.33104965,0.33104965,114,0.99998880,0.33103483,nan,0.00000000,0,0,0,14.83342457,0.02947393,0.02726983,0.97273017,7.78892342
28500,0.77747464,0.77747464,162,0.99999991,0.77747436,nan,0.00000000,0,0,0,14.22822380,0.04745772,0.11841674,0.88158326,12.71037292
28600,0.34209824,0.34209824,82,0.99972535,0.34172256,nan,0.00000000,0,0,0,17.30046844,0.02994402,0.04672321,0.95327679,7.52807220
28700,0.76385778,0.76385778,44,0.98772266,0.72703041,nan,0.00000000,0,0,0,13.70671940,0.03267131,0.06939274,0.93060726,13.26678816
28800,0.46533120,0.46533120,183,0.99999999,0.46533118,nan,0.00000000,0,0,0,24.25179672,0.04399830,0.05198043,0.94801957,8.82277298
28900,0.58483928,0.58483928,73,0.99932446,0.58326056,nan,0.00000000,0,0,0,19.82520485,0.03141160,0.06765249,0.93234751,11.09016418
29000,2.84783983,2.84783983,145,0.99999950,2.84783409,nan,0.00000000,0,0,0,3.10376453,0.00738648,0.15927703,0.84072297,35.24863688
29100,0.44710499,0.44710499,18,0.83470111,0.21703685,nan,0.04121307,0,0,0,14.99786377,0.02873420,-0.04247602,1.04247602,11.68179011
29200,0.41464499,0.41464499,105,0.99997246,0.41459932,nan,0.00000000,0,0,0,14.55365181,0.02886764,0.10582684,0.89417316,9.94633875
29300,0.43308455,0.43308455,66,0.99863963,0.43073273,nan,0.00000000,0,0,0,14.96223068,0.04274023,0.16632590,0.83367410,10.22669315
29400,0.61192197,0.61192197,141,0.99999925,0.61192012,nan,0.00000000,0,0,0,17.28464508,0.03510930,-0.01976018,1.01976018,9.89096260
29500,0.41393864,0.41393864,143,0.99999938,0.41393762,nan,0.00000000,0,0,0,25.62711906,0.02774708,-0.07054834,1.07054834,8.37715101
29600,0.70214528,0.70214528,295,1.00000000,0.70214528,nan,0.00000000,0,0,0,14.82380486,0.04334211,0.00597342,0.99402658,12.40591335
29700,1.13512063,1.13512063,150,0.99999969,1.13511924,nan,0.00000000,0,0,0,19.69402122,0.04699789,0.15510884,0.84489116,17.95034456
29800,0.39381886,0.39381886,129,0.99999750,0.39381492,nan,0.00000000,0,0,0,23.47117996,0.03896438,0.00171593,0.99828407,8.97143014
29900,0.30317163,0.30317163,41,0.98342732,0.28356828,nan,0.00000000,0,0,0,16.16806984,0.04242611,-0.18842216,1.18842216,6.58987083
30000,2.24779415,2.24779415,329,1.00000000,2.24779415,nan,0.00000000,0,0,0,4.49726963,0.01098953,0.23256640,0.76743360,29.76400661
30100,0.82841045,0.82841045,29,0.94497678,0.66058714,nan,0.00000000,0,0,0,11.22623825,0.06089921,0.11191684,0.88808316,15.48046732
30200,0.32185635,0.32185635,216,1.00000000,0.32185635,nan,0.00000000,0,0,0,24.07959366,0.03264406,-0.08578198,1.08578198,8.42545382
30300,0.85044080,0.85044080,141,0.99999925,0.85043824,nan,0.00000000,0,0,0,16.99111748,0.03491158,-0.14213705,1.14213705,13.44974995
30400,0.46376044,0.46376044,79,0.99962926,0.46307307,nan,0.00000000,0,0,0,28.66619873,0.04094449,-0.05306240,1.05306240,8.49362004
30500,0.62887293,0.62887293,209,1.00000000,0.62887293,nan,0.00000000,0,0,0,17.93528366,0.02706363,-0.17927286,1.17927286,11.97957420
30600,0.39323139,0.39323139,102,0.99996283,0.39317293,nan,0.00000000,0,0,0,14.88112259,0.03382184,-0.11161666,1.11161666,7.46484137
30700,0.28137466,0.28137466,106,0.99997508,0.28134662,nan,0.00000000,0,0,0,15.26039314,0.05870941,-0.05066492,1.05066492,7.10609472
30800,0.64670962,0.64670962,91,0.99988833,0.64642081,nan,0.00000000,0,0,0,22.66575050,0.05965092,0.01261261,0.98738739,10.80002928
30900,0.37862468,0.37862468,50,0.99326205,0.36852274,nan,0.00000000,0,0,0,13.95549011,0.04614961,-0.08834645,1.08834645,9.80995107
31000,2.63952732,2.63952732,198,1.00000000,2.63952729,nan,0.00000000,0,0,0,3.15356731,0.01006708,0.07097288,0.92902712,33.79424667
31100,0.45030892,0.45030892,289,1.00000000,0.45030892,nan,0.16743871,0,0,0,6.96992350,0.03113056,-0.10815165,1.10815165,12.56161823
31200,2.29498291,2.29498291,47,0.99090472,2.21262110,nan,0.48791532,0,0,0,20.31233978,0.03500118,0.09756330,0.90243670,50.60790126
31300,0.56108648,0.56108648,70,0.99908812,0.55904269,nan,0.57828250,0,0,0,14.79796982,0.02603433,0.04433250,0.95566750,12.95129776
31400,0.66408569,0.66408569,18,0.83470111,0.32236515,nan,0.36655611,0,0,0,14.30126572,0.02476333,0.04808071,0.95191929,16.09547567
31500,0.51545221,0.51545221,142,0.99999932,0.51545080,nan,0.12540847,0,0,0,13.56336308,0.03202933,0.06280107,0.93719893,12.07737198
31600,0.87031174,0.87031174,71,0.99917490,0.86744290,nan,0.00000000,0,0,0,21.79968643,0.02090670,-0.07113964,1.07113964,15.35856565
31700,0.92267704,0.92267704,81,0.99969646,0.92155728,nan,0.00000000,0,0,0,15.44568253,0.03307547,-0.05657340,1.05657340,16.25630684
31800,0.45292583,0.45292583,167,0.99999994,0.45292573,nan,0.00000000,0,0,0,13.81014156,0.02456160,0.08519983,0.91480017,9.24484837
31900,1.00718176,1.00718176,119,0.99999321,1.00715441,nan,0.00000000,0,0,0,15.69976807,0.04347559,-0.03532816,1.03532816,14.19984388
32000,1.94515467,1.94515467,199,1.00000000,1.94515465,nan,0.00000000,0,0,0,2.48755360,0.01138979,-0.01344318,1.01344318,29.86254501
32100,0.79325807,0.79325807,188,0.99999999,0.79325805,nan,0.46332987,0,0,0,3.59874392,0.01114655,-0.06831910,1.06831910,17.75888379
32200,1.31968522,1.31968522,79,0.99962926,1.31772925,nan,0.98614066,0,0,0,7.06395102,0.03206910,0.02116841,0.97883159,25.20688772
32300,0.51336104,0.51336104,149,0.99999966,0.51336034,nan,1.11895625,0,0,0,14.58187199,0.02530687,0.05734650,0.94265350,18.04076449
32400,0.34516126,0.34516126,247,1.00000000,0.34516126,nan,1.03791359,0,0,0,17.61448479,0.04566734,0.15051753,0.84948247,10.95873127
32500,0.76594585,0.76594585,104,0.99996957,0.76585262,nan,0.74590267,0,0,0,17.98139572,0.02913393,-0.04344681,1.04344681,14.83241749
32600,0.75246119,0.75246119,267,1.00000000,0.75246119,nan,0.46933956,0,0,0,22.88655853,0.05201390,0.08650070,0.91349930,13.58640862
32700,0.36116838,0.36116838,182,0.99999999,0.36116837,nan,0.21645064,0,0,0,17.31031036,0.02970735,-0.01147253,1.01147253,7.74876142
32800,0.38237655,0.38237655,52,0.99448344,0.37400850,nan,0.05264329,0,0,0,13.40889931,0.03195231,-0.11170328,1.11170328,11.17864819
32900,0.39270774,0.39270774,65,0.99849656,0.39035141,nan,0.00000000,0,0,0,11.52528572,0.07111942,0.02759045,0.97240955,8.02109981
33000,1.34324455,1.34324455,169,0.99999995,1.34324431,nan,0.00000000,0,0,0,3.19724441,0.00777146,0.06034996,0.93965004,23.69498634
33100,0.97843957,0.97843957,9,0.59343034,0.12134252,nan,0.00000000,0,0,0,14.62994003,0.07005035,-0.06817141,1.06817141,18.80112505
33200,0.63036704,0.63036704,124,0.99999588,0.63035666,nan,0.00000000,0,0,0,14.01116562,0.07010584,0.03593321,0.96406679,13.12940566
33300,0.20432578,0.20432578,42,0.98500442,0.19234278,nan,0.00000000,0,0,0,15.66234303,0.03646163,0.03906082,0.96093918,8.26857865
33400,0.48090947,0.48090947,65,0.99849656,0.47802391,nan,0.00000000,0,0,0,15.46199226,0.02260153,-0.11503517,1.11503517,9.85421829
33500,0.48759434,0.48759434,242,1.00000000,0.48759434,nan,0.00000000,0,0,0,18.00854874,0.07265568,-0.00713053,1.00713053,9.40161152
33600,0.55340683,0.55340683,70,0.99908812,0.55139103,nan,0.00000000,0,0,0,22.97652435,0.05676502,-0.02095711,1.02095711,9.86072540
33700,0.74738526,0.74738526,118,0.99999250,0.74736283,nan,0.00000000,0,0,0,19.61322975,0.03281897,0.07088987,0.92911013,13.16259232
33800,0.61176288,0.61176288,161,0.99999990,0.61176263,nan,0.00000000,0,0,0,18.51571655,0.03096164,0.07838354,0.92161646,10.17402172
33900,0.67092460,0.67092460,162,0.99999991,0.67092436,nan,0.00000000,0,0,0,21.49367523,0.02733765,0.20055177,0.79944823,10.00053287
34000,0.94755787,0.94755787,314,1.00000000,0.94755787,nan,0.00000000,0,0,0,3.21429849,0.00867330,0.06541213,0.93458787,19.10761452
34100,0.89536351,0.89536351,206,1.00000000,0.89536351,nan,0.00000000,0,0,0,16.72265625,0.05204012,-0.16466050,1.16466050,12.98877525
34200,0.55492663,0.55492663,157,0.99999985,0.55492630,nan,0.00000000,0,0,0,15.98416805,0.03665642,0.21024811,0.78975189,9.35756493
34300,0.86897016,0.86897016,33,0.96311683,0.74768859,nan,0.00000000,0,0,0,22.69710350,0.04321903,-0.12654283,1.12654283,14.99312615
34400,0.77779377,0.77779377,64,0.99833844,0.77263724,nan,0.00000000,0,0,0,19.38870239,0.02014754,0.14185060,0.85814940,12.41091824
34500,0.50954896,0.50954896,185,0.99999999,0.50954894,nan,0.00000000,0,0,0,11.90019321,0.05374692,-0.05627722,1.05627722,9.27747536
34600,0.18410648,0.18410648,44,0.98772266,0.17523028,nan,0.00000000,0,0,0,14.64296436,0.06118133,0.20239583,0.79760417,6.34280109
34700,1.24475729,1.24475729,255,1.00000000,1.24475729,nan,0.00000000,0,0,0,18.37927818,0.05437036,0.02208599,0.97791401,18.92586136
34800,1.43467474,1.43467474,110,0.99998330,1.43457890,nan,0.00000000,0,0,0,19.47553635,0.05099669,-0.11414374,1.11414374,20.32658672
34900,0.46702650,0.46702650,147,0.99999959,0.46702573,nan,0.00000000,0,0,0,19.66950226,0.03654398,0.06911176,0.93088824,8.22917767
35000,1.95159674,1.95159674,123,0.99999545,1.95156120,nan,0.00000000,0,0,0,4.00274420,0.01942015,-0.01825491,1.01825491,28.08903249
35100,0.42972353,0.42972353,66,0.99863963,0.42738997,nan,0.00000000,0,0,0,10.72937107,0.02608158,0.00157118,0.99842882,8.43589902
35200,0.90490174,0.90490174,196,1.00000000,0.90490173,nan,0.00000000,0,0,0,11.98836231,0.02438204,0.03864043,0.96135957,11.80284958
35300,0.51000369,0.51000369,46,0.98994816,0.48980491,nan,0.00000000,0,0,0,13.82352066,0.03582382,0.15685671,0.84314329,11.37151146
35400,0.42650649,0.42650649,248,1.00000000,0.42650649,nan,0.00000000,0,0,0,14.99998283,0.03137233,-0.07747549,1.07747549,8.65466290
35500,0.57572150,0.57572150,109,0.99998154,0.57567900,nan,0.00000000,0,0,0,15.78959274,0.02532653,0.07966313,0.92033687,8.22388363
35600,0.68092448,0.68092448,118,0.99999250,0.68090404,nan,0.00000000,0,0,0,12.00098801,0.06594719,-0.13095168,1.13095168,9.18956327
35700,0.30592230,0.30592230,75,0.99944692,0.30524606,nan,0.00000000,0,0,0,19.49645042,0.05809871,-0.04769557,1.04769557,5.29025920
35800,0.51703817,0.51703817,22,0.88919684,0.32323192,nan,0.00000000,0,0,0,13.20048904,0.05466034,-0.15831069,1.15831069,8.62360420
35900,0.36852965,0.36852965,236,1.00000000,0.36852965,nan,0.00000000,0,0,0,13.61277676,0.02663770,0.18860420,0.81139580,4.71822580
36000,1.35858595,1.35858595,249,1.00000000,1.35858595,nan,0.00000000,0,0,0,4.25973845,0.01529263,-0.07909455,1.07909455,23.28309949
36100,0.46216330,0.46216330,296,1.00000000,0.46216330,nan,0.04933494,0,0,0,16.02200890,0.04184990,-0.09027282,1.09027282,8.57607365
36200,0.65634894,0.65634894,193,1.00000000,0.65634893,nan,0.00000000,0,0,0,18.37552643,0.05085594,-0.03998719,1.03998719,12.01202869
36300,0.41848025,0.41848025,21,0.87754357,0.24817025,nan,0.00000000,0,0,0,10.67154026,0.03259536,-0.12724515,1.12724515,8.78455663
36400,0.34260622,0.34260622,78,0.99959027,0.34204505,nan,0.00000000,0,0,0,11.39471626,0.04138377,0.03181241,0.96818759,5.63040654
36500,1.92384589,1.92384589,25,0.91791500,1.36577812,nan,0.00000000,0,0,0,11.50160885,0.02152235,0.11300556,0.88699444,23.94491386
36600,1.04386377,1.04386377,151,0.99999972,1.04386262,nan,0.00000000,0,0,0,14.17208958,0.04456397,-0.15894745,1.15894745,12.53079391
36700,0.98970890,0.98970890,328,1.00000000,0.98970890,nan,0.00000000,0,0,0,19.41105461,0.05776734,-0.14100419,1.14100419,14.71323967
36800,0.83200336,0.83200336,70,0.99908812,0.82897275,nan,0.00000000,0,0,0,11.82407761,0.02177007,0.13207667,0.86792333,9.29845778
36900,0.74386668,0.74386668,61,0.99775713,0.73721552,nan,0.00000000,0,0,0,13.04535294,0.02751116,-0.03032155,1.03032155,9.38559659
37000,1.31444633,1.31444633,167,0.99999994,1.31444604,nan,0.00000000,0,0,0,5.20942259,0.02022559,-0.08999050,1.08999050,22.64939308
37100,1.61663938,1.61663938,53,0.99500841,1.58460182,nan,0.35689088,0,0,0,13.96743679,0.04133557,0.25167210,0.74832790,27.15165043
37200,0.58221108,0.58221108,12,0.69880579,0.13883739,nan,0.35754062,0,0,0,9.90099049,0.09742148,0.12755119,0.87244881,13.04093552
37300,0.53966850,0.53966850,303,1.00000000,0.53966850,nan,0.18022186,0,0,0,15.11157894,0.03476630,0.06515857,0.93484143,9.15543950
37400,0.33591491,0.33591491,132,0.99999815,0.33591242,nan,0.00000000,0,0,0,19.21356201,0.03230233,-0.09005219,1.09005219,8.04780102
37500,0.33081886,0.33081886,101,0.99995892,0.33076451,nan,0.00000000,0,0,0,21.20188141,0.08119289,0.13084244,0.86915756,5.82443666
37600,0.68921399,0.68921399,274,1.00000000,0.68921399,nan,0.00000000,0,0,0,15.53499699,0.04772082,0.12699971,0.87300029,11.69324303
37700,1.13376749,1.13376749,189,0.99999999,1.13376746,nan,0.00000000,0,0,0,12.84644222,0.05052418,-0.05824169,1.05824169,12.30734539
37800,0.58576310,0.58576310,18,0.83470111,0.28434525,nan,0.00000000,0,0,0,9.92158127,0.03302662,-0.01006491,1.01006491,6.55559063
37900,0.69862032,0.69862032,82,0.99972535,0.69785312,nan,0.00000000,0,0,0,13.85468292,0.02100234,-0.06965016,1.06965016,8.73066270
38000,1.32337713,1.32337713,212,1.00000000,1.32337713,nan,0.00000000,0,0,0,3.67950773,0.00876909,0.06251165,0.93748835,22.77536678
38100,0.39913362,0.39913362,173,0.99999997,0.39913357,nan,0.03786027,0,0,0,11.85635471,0.02494145,-0.15533405,1.15533405,6.79922295
38200,0.19033970,0.19033970,37,0.97527647,0.17220286,nan,0.00000000,0,0,0,8.09210491,0.02633860,0.00588515,0.99411485,5.05702241
38300,0.65607148,0.65607148,210,1.00000000,0.65607148,nan,0.00000000,0,0,0,13.87929821,0.03663303,0.12106918,0.87893082,7.45203285
38400,0.47875759,0.47875759,377,1.00000000,0.47875759,nan,0.00000000,0,0,0,15.60405445,0.02727229,0.00905543,0.99094457,4.37689551
38500,0.99559760,0.99559760,69,0.99899221,0.99159027,nan,0.00000000,0,0,0,11.40570259,0.03308381,-0.03928353,1.03928353,15.40120077
38600,0.63990980,0.63990980,398,1.00000000,0.63990980,nan,0.00000000,0,0,0,14.61598015,0.08715899,0.17664533,0.82335467,8.64878476
38700,1.14647424,1.14647424,294,1.00000000,1.14647424,nan,0.00000000,0,0,0,16.16008759,0.05170813,0.08372320,0.91627680,13.90287757
38800,0.52307791,0.52307791,55,0.99591323,0.51457938,nan,0.00000000,0,0,0,10.14659500,0.05288735,-0.18267350,1.18267350,6.15823662
38900,0.68213189,0.68213189,168,0.99999995,0.68213175,nan,0.00000000,0,0,0,8.91631508,0.02845661,-0.23154923,1.23154923,7.60791779
39000,2.41764545,2.41764545,268,1.00000000,2.41764545,nan,0.00000000,0,0,0,4.36402321,0.01192391,0.13849887,0.86150113,31.53434658
39100,0.94157666,0.94157666,86,0.99981589,0.94088345,nan,0.08424098,0,0,0,13.24666214,0.05740584,0.20258543,0.79741457,22.21570444
39200,0.83579326,0.83579326,150,0.99999969,0.83579223,nan,0.00000000,0,0,0,13.06623173,0.03808774,-0.09679399,1.09679399,8.64376163
39300,0.58473086,0.58473086,40,0.98168436,0.54305461,nan,0.00000000,0,0,0,15.28924561,0.05551923,0.28793213,0.71206787,11.50576528
39400,0.31793734,0.31793734,143,0.99999938,0.31793656,nan,0.00000000,0,0,0,12.63011360,0.02369661,0.02954792,0.97045208,5.18309832
39500,1.18699074,1.18699074,176,0.99999998,1.18699063,nan,0.00000000,0,0,0,14.70528793,0.03172960,-0.24092713,1.24092713,9.99098396
39600,0.31723639,0.31723639,13,0.72746821,0.08884624,nan,0.00000000,0,0,0,12.42396927,0.03926813,0.00038323,0.99961677,5.53915675
39700,0.36644295,0.36644295,338,1.00000000,0.36644295,nan,0.00000000,0,0,0,14.38896561,0.03620813,0.03264647,0.96735353,7.04163504
39800,0.58119607,0.58119607,98,0.99994455,0.58106717,nan,0.00000000,0,0,0,8.63310528,0.01709747,-0.18930340,1.18930340,6.24802987
39900,0.56032580,0.56032580,323,1.00000000,0.56032580,nan,0.00000000,0,0,0,12.68237305,0.06879672,-0.03963782,1.03963782,8.64692421
40000,1.69858217,1.69858217,206,1.00000000,1.69858216,nan,0.00000000,0,0,0,4.98572636,0.01767398,0.12974744,0.87025256,25.73734220
40100,0.28662953,0.28662953,212,1.00000000,0.28662953,nan,0.10697253,0,0,0,10.94802284,0.03533029,0.07628151,0.92371849,4.76538229
40200,0.96141273,0.96141273,75,0.99944692,0.95928752,nan,0.04864882,0,0,0,14.88167000,0.05665066,-0.04058204,1.04058204,12.30745888
40300,0.46385437,0.46385437,225,1.00000000,0.46385437,nan,0.00000000,0,0,0,10.72404003,0.02332490,0.07994373,0.92005627,4.71941328
40400,0.27858275,0.27858275,90,0.99987659,0.27844526,nan,0.00000000,0,0,0,12.64668751,0.07016390,-0.16633621,1.16633621,6.72235322
40500,0.57410347,0.57410347,502,1.00000000,0.57410347,nan,0.00000000,0,0,0,12.87765026,0.05813425,-0.06616967,1.06616967,8.06139457
40600,1.04271829,1.04271829,109,0.99998154,1.04264131,nan,0.00000000,0,0,0,14.87363338,0.11508695,0.14633702,0.85366298,14.01339563
40700,0.29372543,0.29372543,152,0.99999975,0.29372514,nan,0.00000000,0,0,0,15.24135971,0.03476575,-0.08032412,1.08032412,7.45827305
40800,0.88070560,0.88070560,311,1.00000000,0.88070560,nan,0.00000000,0,0,0,17.00580788,0.09649801,0.10265437,0.89734563,12.06637987
40900,0.94283825,0.94283825,163,0.99999992,0.94283794,nan,0.00000000,0,0,0,11.26735783,0.02410019,0.18667877,0.81332123,10.21975390
41000,1.10064924,1.10064924,207,1.00000000,1.10064923,nan,0.00000000,0,0,0,4.09889126,0.02370039,0.11232310,0.88767690,20.85344315
41100,0.20395391,0.20395391,462,1.00000000,0.20395391,nan,0.14818016,0,0,0,11.60247612,0.13073295,0.00490144,0.99509856,5.44682586
41200,0.51478702,0.51478702,292,1.00000000,0.51478702,nan,0.00000000,0,0,0,16.63769722,0.08375913,0.06956533,0.93043467,5.38465786
41300,0.46789584,0.46789584,287,1.00000000,0.46789584,nan,0.00000000,0,0,0,15.55119705,0.08126035,-0.08389362,1.08389362,6.98811769
41400,0.60751200,0.60751200,177,0.99999998,0.60751195,nan,0.00000000,0,0,0,17.08508682,0.11568916,-0.11372040,1.11372040,8.01958215
41500,0.74231380,0.74231380,155,0.99999981,0.74231325,nan,0.00000000,0,0,0,9.34512901,0.03307354,0.08021409,0.91978591,11.10222085
41600,0.55080748,0.55080748,202,1.00000000,0.55080747,nan,0.00000000,0,0,0,11.22756100,0.04676845,0.09375299,0.90624701,6.01131701
41700,0.74927491,0.74927491,124,0.99999588,0.74926257,nan,0.00000000,0,0,0,12.72663498,0.12245003,0.00594713,0.99405287,8.75252628
41800,0.45058933,0.45058933,363,1.00000000,0.45058933,nan,0.00000000,0,0,0,10.87335205,0.04899195,-0.13599733,1.13599733,4.21406686
41900,0.57436860,0.57436860,332,1.00000000,0.57436860,nan,0.00000000,0,0,0,9.38144112,0.05962024,0.06939174,0.93060826,7.67709196
42000,1.61677217,1.61677217,101,0.99995892,1.61650653,nan,0.00000000,0,0,0,2.76165605,0.02225195,-0.16373519,1.16373519,25.19326305
42100,0.34102881,0.34102881,416,1.00000000,0.34102881,nan,0.01057967,0,0,0,14.54741764,0.05120432,0.02517544,0.97482456,4.32972360
42200,0.88058352,0.88058352,261,1.00000000,0.88058352,nan,0.00000000,0,0,0,13.22263908,0.02836032,-0.16864362,1.16864362,21.41244507
42300,0.46846116,0.46846116,293,1.00000000,0.46846116,nan,0.00000000,0,0,0,13.37336349,0.07076716,0.05855554,0.94144446,9.80707884
42400,0.53511870,0.53511870,221,1.00000000,0.53511870,nan,0.00000000,0,0,0,13.07420349,0.07609527,0.23737640,0.76262360,6.14261138
42500,1.07036173,1.07036173,212,1.00000000,1.07036173,nan,0.00000000,0,0,0,11.75788021,0.15095288,0.06489514,0.93510486,13.40169525
42600,1.02249146,1.02249146,355,1.00000000,1.02249146,nan,0.00000000,0,0,0,13.93653393,0.15042083,0.27456709,0.72543291,12.42492708
42700,0.28545725,0.28545725,369,1.00000000,0.28545725,nan,0.00000000,0,0,0,12.86622810,0.12565608,-0.06988927,1.06988927,4.47275767
42800,0.45385918,0.45385918,241,1.00000000,0.45385918,nan,0.00000000,0,0,0,10.91631699,0.08749020,0.03818672,0.96181328,7.17453098
42900,0.27753982,0.27753982,310,1.00000000,0.27753982,nan,0.00000000,0,0,0,8.85094357,0.02914017,0.20990303,0.79009697,3.29980469
43000,1.79797411,1.79797411,101,0.99995892,1.79767869,nan,0.00000000,0,0,0,2.75987625,0.02647002,-0.04814182,1.04814182,26.72831472
43100,1.02405882,1.02405882,59,0.99726056,1.01288343,nan,0.20544814,0,0,0,5.94017649,0.02167351,-0.07718261,1.07718261,14.01826986
43200,0.21100128,0.21100128,310,1.00000000,0.21100128,nan,0.27805273,0,0,0,10.11413670,0.09079173,-0.04284356,1.04284356,3.08381701
43300,0.34644774,0.34644774,219,1.00000000,0.34644774,nan,0.05586478,0,0,0,8.54288292,0.02610332,-0.18031086,1.18031086,3.02313312
43400,0.74086487,0.74086487,251,1.00000000,0.74086487,nan,0.00000000,0,0,0,14.24259472,0.14573812,-0.35240566,1.35240566,9.19004854
43500,0.57580334,0.57580334,171,0.99999996,0.57580325,nan,0.00000000,0,0,0,7.88176966,0.05011685,0.12481436,0.87518564,6.79228258
43600,0.41200623,0.41200623,215,1.00000000,0.41200623,nan,0.00000000,0,0,0,8.38198662,0.03944573,0.16430144,0.83569856,7.39953518
43700,0.39254868,0.39254868,419,1.00000000,0.39254868,nan,0.00000000,0,0,0,12.95863628,0.08463067,0.12088127,0.87911873,4.38136566
43800,0.85566717,0.85566717,156,0.99999983,0.85566660,nan,0.00000000,0,0,0,12.74484730,0.07798089,0.05181850,0.94818150,7.09426427
43900,0.48028257,0.48028257,361,1.00000000,0.48028257,nan,0.00000000,0,0,0,11.08847332,0.02859451,-0.05907315,1.05907315,7.32059240
44000,0.84668946,0.84668946,174,0.99999997,0.84668937,nan,0.00000000,0,0,0,2.24886918,0.01885987,-0.09303084,1.09303084,19.08445168
44100,0.58744168,0.58744168,126,0.99999663,0.58743376,nan,0.54559012,0,0,0,9.18515682,0.08607483,-0.19199127,1.19199127,16.95066865
44200,0.48782846,0.48782846,205,1.00000000,0.48782846,nan,0.63775020,0,0,0,12.67871571,0.11616325,-0.08851430,1.08851430,7.52386093
44300,0.83339596,0.83339596,613,1.00000000,0.83339596,nan,0.46148485,0,0,0,15.82629204,0.13041796,-0.08915371,1.08915371,8.91114569
44400,0.49845177,0.49845177,44,0.98772266,0.47442024,nan,0.27376449,0,0,0,11.48365593,0.10931262,0.09661760,0.90338240,4.22297764
44500,0.52846539,0.52846539,481,1.00000000,0.52846539,nan,0.04503036,0,0,0,11.62013626,0.08624131,0.25935269,0.74064731,4.31221193
44600,0.85818696,0.85818696,157,0.99999985,0.85818644,nan,0.00000000,0,0,0,9.55244064,0.02649450,0.03493508,0.96506492,8.01728678
44700,0.60618156,0.60618156,94,0.99991728,0.60598100,nan,0.00000000,0,0,0,9.26432133,0.09809373,0.11631801,0.88368199,5.78466431
44800,0.57787347,0.57787347,258,1.00000000,0.57787347,nan,0.00000000,0,0,0,9.91551399,0.11450186,-0.14719262,1.14719262,6.78627312
44900,0.62145877,0.62145877,117,0.99999171,0.62143815,nan,0.00000000,0,0,0,8.90452290,0.11071142,0.03680611,0.96319389,6.45585461
45000,0.90258110,0.90258110,202,1.00000000,0.90258109,nan,0.00000000,0,0,0,3.21160865,0.01088501,0.03515963,0.96484037,18.79113054
45100,1.22987390,1.22987390,170,0.99999996,1.22987369,nan,0.11542893,0,0,0,8.90846443,0.07317853,-0.02845601,1.02845601,22.74992085
45200,2.15811253,2.15811253,73,0.99932446,2.15228688,nan,0.44896415,0,0,0,6.30425835,0.10589231,0.01130978,0.98869022,28.16475550
45300,0.34894773,0.34894773,346,1.00000000,0.34894773,nan,0.41985737,0,0,0,10.87243748,0.05039325,0.12003959,0.87996041,4.42928672
45400,0.41886315,0.41886315,205,1.00000000,0.41886315,nan,0.14317684,0,0,0,13.48370361,0.15361281,-0.01901715,1.01901715,6.23279142
45500,0.50613797,0.50613797,316,1.00000000,0.50613797,nan,0.00000000,0,0,0,8.72039413,0.07727725,0.08059509,0.91940491,6.39297104
45600,0.81277096,0.81277096,85,0.99979653,0.81210967,nan,0.00000000,0,0,0,11.67603683,0.08974808,0.19988481,0.80011519,11.77330232
45700,0.45517716,0.45517716,376,1.00000000,0.45517716,nan,0.00000000,0,0,0,11.06136894,0.06585120,-0.16278353,1.16278353,nan
45800,0.23288605,0.23288605,217,1.00000000,0.23288605,nan,0.00000000,0,0,0,10.12077045,0.06870651,-0.08970676,1.08970676,1.25041720
45900,0.61082023,0.61082023,358,1.00000000,0.61082023,nan,0.00000000,0,0,0,9.93661118,0.03841823,0.17565813,0.82434187,nan
46000,2.92377090,2.92377090,95,0.99992515,2.92289560,nan,0.00000000,0,0,0,2.99690032,0.03762598,0.06264707,0.93735293,35.77539444
46100,0.41882929,0.41882929,42,0.98500442,0.39426640,nan,0.18362167,0,0,0,14.68149471,0.18049288,0.01415243,0.98584757,14.12562180
46200,0.37144247,0.37144247,296,1.00000000,0.37144247,nan,0.07317351,0,0,0,9.31168747,0.11796657,-0.17664948,1.17664948,4.18916416
46300,0.28587428,0.28587428,156,0.99999983,0.28587409,nan,0.00000000,0,0,0,13.12764359,0.12968089,-0.15992097,1.15992097,9.23093677
46400,0.44453514,0.44453514,443,1.00000000,0.44453514,nan,0.00000000,0,0,0,8.42034531,0.03323444,-0.00786992,1.00786992,6.30374893
46500,0.75600314,0.75600314,210,1.00000000,0.75600314,nan,0.00000000,0,0,0,10.00368786,0.14110783,-0.05626228,1.05626228,10.60487747
46600,0.55284381,0.55284381,201,1.00000000,0.55284381,nan,0.00000000,0,0,0,9.58582592,0.14126393,0.03136043,0.96863957,7.48244333
46700,0.75927001,0.75927001,253,1.00000000,0.75927001,nan,0.00000000,0,0,0,11.33794212,0.14400595,-0.08687021,1.08687021,9.26004601
46800,0.49309316,0.49309316,394,1.00000000,0.49309316,nan,0.00000000,0,0,0,12.91244507,0.35171556,0.01543424,0.98456576,7.35636485
46900,0.64603895,0.64603895,195,1.00000000,0.64603894,nan,0.00000000,0,0,0,10.66446400,0.05337314,0.00100595,0.99899405,7.18914938
47000,1.86212206,1.86212206,301,1.00000000,1.86212206,nan,0.00000000,0,0,0,3.46432137,0.05186913,0.03395709,0.96604291,28.26272964
47100,0.40023211,0.40023211,106,0.99997508,0.40019222,nan,0.00000000,0,0,0,9.73632431,0.06522171,-0.23596157,1.23596157,7.70040536
47200,0.41813666,0.41813666,203,1.00000000,0.41813665,nan,0.00000000,0,0,0,11.69648361,0.22848004,0.00134411,0.99865589,4.75845973
47300,0.27295801,0.27295801,449,1.00000000,0.27295801,nan,0.00000000,0,0,0,11.09066105,0.12080291,0.06726500,0.93273500,7.65396976
47400,0.82334447,0.82334447,40,0.98168436,0.76466121,nan,0.00000000,0,0,0,9.22191620,0.13365714,-0.09735605,1.09735605,9.70423305
47500,1.26600838,1.26600838,427,1.00000000,1.26600838,nan,0.00000000,0,0,0,8.11303902,0.02478365,0.29031837,0.70968163,12.33754508
47600,0.96151137,0.96151137,262,1.00000000,0.96151137,nan,0.00000000,0,0,0,9.63157654,0.05883335,0.06389523,0.93610477,9.37353778
47700,0.46442249,0.46442249,72,0.99925341,0.46303712,nan,0.00000000,0,0,0,11.14433670,0.19591948,0.17961837,0.82038163,8.39660740
47800,0.57466257,0.57466257,207,1.00000000,0.57466256,nan,0.00000000,0,0,0,9.89590740,0.06089006,-0.12890389,1.12890389,6.56549084
47900,0.65564704,0.65564704,325,1.00000000,0.65564704,nan,0.00000000,0,0,0,8.03073311,0.09942439,0.09337746,0.90662254,8.11527455
48000,1.58945251,1.58945251,287,1.00000000,1.58945251,nan,0.00000000,0,0,0,4.23321724,0.08287018,-0.11594381,1.11594381,25.01049868
48100,0.58689964,0.58689964,322,1.00000000,0.58689964,nan,0.00000000,0,0,0,5.84015560,0.04466666,0.09400639,0.90599361,11.87766806
48200,0.86874187,0.86874187,41,0.98342732,0.81256823,nan,0.16444437,0,0,0,13.20588207,0.05263786,0.01063349,0.98936651,39.68034363
48300,0.77620178,0.77620178,105,0.99997246,0.77611629,nan,0.31699562,0,0,0,10.73431015,0.08655450,-0.05718133,1.05718133,9.17610669
48400,0.33468023,0.33468023,497,1.00000000,0.33468023,nan,0.20999392,0,0,0,10.23698711,0.04094615,-0.21554601,1.21554601,5.12245321
48500,0.81763959,0.81763959,212,1.00000000,0.81763959,nan,0.03300741,0,0,0,10.26991558,0.11754971,-0.12250792,1.12250792,6.95858479
48600,0.74586558,0.74586558,176,0.99999998,0.74586552,nan,0.03609076,0,0,0,12.75272274,0.17929326,0.10633504,0.89366496,9.97762287
48700,0.70605141,0.70605141,280,1.00000000,0.70605141,nan,0.00000000,0,0,0,8.21805000,0.03779293,0.11892305,0.88107695,7.48397779
48800,0.56147218,0.56147218,513,1.00000000,0.56147218,nan,0.00000000,0,0,0,8.32958412,0.08140235,0.03897911,0.96102089,5.10006195
48900,0.33613274,0.33613274,256,1.00000000,0.33613274,nan,0.00000000,0,0,0,8.36826420,0.08985958,-0.01974498,1.01974498,5.28193251
49000,1.91478729,1.91478729,179,0.99999998,1.91478716,nan,0.00000000,0,0,0,4.32643986,0.02968190,-0.13340158,1.13340158,25.92654228
49100,0.47105911,0.47105911,227,1.00000000,0.47105911,nan,0.00000000,0,0,0,11.91457844,0.15165254,0.17067811,0.82932189,5.65116787
49200,0.73826110,0.73826110,319,1.00000000,0.73826110,nan,0.00000000,0,0,0,14.86670589,0.30416691,-0.30848538,1.30848538,9.22056230
49300,0.37443674,0.37443674,453,1.00000000,0.37443674,nan,0.00000000,0,0,0,9.35865498,0.15931924,0.01000638,0.98999362,7.09957790
49400,0.25186661,0.25186661,241,1.00000000,0.25186661,nan,0.00000000,0,0,0,8.78447819,0.10983910,0.10499260,0.89500740,2.10219598
49500,0.55818731,0.55818731,513,1.00000000,0.55818731,nan,0.00000000,0,0,0,7.67305660,0.03430984,-0.26236142,1.26236142,6.12116737
49600,0.36503723,0.36503723,273,1.00000000,0.36503723,nan,0.00000000,0,0,0,10.05963516,0.06221832,0.01996969,0.98003031,2.48098063
49700,1.06242323,1.06242323,179,0.99999998,1.06242316,nan,0.00000000,0,0,0,8.85360050,0.16155778,0.17355643,0.82644357,10.65893873
49800,0.72565013,0.72565013,214,1.00000000,0.72565013,nan,0.00000000,0,0,0,10.39849472,0.19996208,0.17255600,0.82744400,9.50124788
49900,0.54186010,0.54186010,303,1.00000000,0.54186010,nan,0.00000000,0,0,0,6.67547798,0.05682472,-0.02446493,1.02446493,2.86158792
50000,2.08738923,2.08738923,342,1.00000000,2.08738923,nan,0.00000000,0,0,0,4.66667080,0.05282013,0.02974291,0.97025709,29.54061254
50100,2.72939682,2.72939682,312,1.00000000,2.72939682,nan,0.88126078,0,0,0,7.61162138,0.22632450,0.00851103,0.99148897,40.66540909
50200,0.86920106,0.86920106,191,0.99999999,0.86920105,nan,1.21620221,0,0,0,9.89388466,0.03909074,0.07319527,0.92680473,13.41809432
50300,0.53243089,0.53243089,100,0.99995460,0.53233420,nan,1.36904101,0,0,0,20.73367691,0.12363222,0.20138446,0.79861554,17.75144768
50400,0.84281760,0.84281760,67,0.99876909,0.83867552,nan,1.43876182,0,0,0,13.96781349,0.13604338,-0.09029930,1.09029930,12.43286061
50500,0.80130607,0.80130607,318,1.00000000,0.80130607,nan,1.41984704,0,0,0,11.92967701,0.21478844,0.09483167,0.90516833,10.60716756
50600,0.58253026,0.58253026,623,1.00000000,0.58253026,nan,1.33339647,0,0,0,11.21808720,0.09622439,-0.10643787,1.10643787,8.53418684
50700,1.23340631,1.23340631,425,1.00000000,1.23340631,nan,1.24698771,0,0,0,12.06896591,0.03609304,0.24941712,0.75058288,14.34701475
50800,0.77672982,0.77672982,677,1.00000000,0.77672982,nan,1.14266019,0,0,0,12.18707657,0.02727093,0.20032862,0.79967138,8.42220386
50900,0.51047498,0.51047498,237,1.00000000,0.51047498,nan,1.03897921,0,0,0,14.67771530,0.03603188,0.08420357,0.91579643,6.90145334
51000,1.18131638,1.18131638,553,1.00000000,1.18131638,nan,1.12295165,0,0,0,2.92115307,0.00805141,-0.02165705,1.02165705,22.30567551
51100,0.36438569,0.36438569,544,1.00000000,0.36438569,nan,1.22832834,0,0,0,12.72457314,0.07065426,0.04696635,0.95303365,9.49336529
51200,0.24711858,0.24711858,326,1.00000000,0.24711858,nan,0.99258198,0,0,0,12.30351925,0.02711069,0.10756983,0.89243017,7.19981178
51300,0.40916097,0.40916097,105,0.99997246,0.40911591,nan,1.02806408,0,0,0,12.41047287,0.10817847,0.11172242,0.88827758,9.78994489
51400,0.47724235,0.47724235,329,1.00000000,0.47724235,nan,1.02899597,0,0,0,12.46823120,0.09321880,0.03881610,0.96118390,9.05380738
51500,0.55497921,0.55497921,180,0.99999998,0.55497917,nan,1.00792659,0,0,0,12.71144485,0.04157184,-0.15641609,1.15641609,8.05872281
51600,1.06014311,1.06014311,268,1.00000000,1.06014311,nan,0.92643298,0,0,0,11.20169353,0.12032451,0.12448734,0.87551266,13.26834059
51700,0.78381187,0.78381187,132,0.99999815,0.78380607,nan,0.99888445,0,0,0,12.77843475,0.05953185,0.15511647,0.84488353,11.29564985
51800,0.40618610,0.40618610,538,1.00000000,0.40618610,nan,0.94050370,0,0,0,12.53183937,0.01427322,0.09628558,0.90371442,7.77660100
51900,0.42129534,0.42129534,417,1.00000000,0.42129534,nan,0.80929497,0,0,0,13.31237030,0.04870794,0.23767852,0.76232148,nan
52000,1.21121681,1.21121681,190,0.99999999,1.21121678,nan,0.75151285,0,0,0,4.85617113,0.03307121,-0.10837038,1.10837038,22.84501791
52100,0.77992415,0.77992415,179,0.99999998,0.77992410,nan,0.87693068,0,0,0,11.62034607,0.06319705,0.10234175,0.89765825,11.48138682
52200,0.30092049,0.30092049,599,1.00000000,0.30092049,nan,0.81830408,0,0,0,13.12595940,0.09392077,0.09323168,0.90676832,6.29833730
52300,0.78987765,0.78987765,229,1.00000000,0.78987765,nan,0.65459482,0,0,0,14.02379799,0.10112224,-0.05845277,1.05845277,16.47647667
52400,0.40278077,0.40278077,465,1.00000000,0.40278077,nan,0.52716374,0,0,0,11.48045540,0.05030620,0.04356470,0.95643530,4.83598264
52500,1.17352712,1.17352712,16,0.79810348,0.47613483,nan,0.56982402,0,0,0,13.03603268,0.10793643,0.08540913,0.91459087,21.47775459
52600,1.06020081,1.06020081,436,1.00000000,1.06020081,nan,0.58795509,0,0,0,10.98940372,0.02243676,0.32958673,0.67041327,15.72815847
52700,0.76513320,0.76513320,478,1.00000000,0.76513320,nan,0.56301387,0,0,0,12.65151501,0.03178801,0.02223884,0.97776116,10.79228878
52800,0.46934092,0.46934092,400,1.00000000,0.46934092,nan,0.57091744,0,0,0,11.06521416,0.03668965,-0.03930035,1.03930035,8.74751244
52900,0.44959879,0.44959879,340,1.00000000,0.44959879,nan,0.65805175,0,0,0,11.13599777,0.16015524,0.23233744,0.76766256,10.35630465
53000,1.08911800,1.08911800,259,1.00000000,1.08911800,nan,0.46185307,0,0,0,4.66522503,0.03553218,-0.08195445,1.08195445,22.58482361
53100,1.03995943,1.03995943,158,0.99999986,1.03995886,nan,0.72520919,0,0,0,9.68382549,0.02092596,0.25186792,0.74813208,14.27216053
53200,1.04037726,1.04037726,538,1.00000000,1.04037726,nan,0.66241993,0,0,0,11.69931412,0.02991027,0.06379601,0.93620399,13.41370042
53300,0.92266232,0.92266232,311,1.00000000,0.92266232,nan,0.64967330,0,0,0,14.48518562,0.15485761,0.03939471,0.96060529,18.25169067
53400,0.31505272,0.31505272,456,1.00000000,0.31505272,nan,0.56230984,0,0,0,12.13048172,0.09858928,0.22164099,0.77835901,8.99212611
53500,0.44295973,0.44295973,563,1.00000000,0.44295973,nan,0.47480135,0,0,0,13.99747944,0.03749516,0.04515098,0.95484902,9.78002129
53600,1.07238817,1.07238817,549,1.00000000,1.07238817,nan,0.44369538,0,0,0,13.53942490,0.03154546,-0.03238843,1.03238843,15.39699141
53700,0.65721726,0.65721726,445,1.00000000,0.65721726,nan,0.39174741,0,0,0,13.02963638,0.08067248,-0.01145590,1.01145590,9.81499920
53800,0.29483408,0.29483408,49,0.99255342,0.28614966,nan,0.28660389,0,0,0,13.35298443,0.03760060,0.06373228,0.93626772,8.95432917
53900,0.74630314,0.74630314,146,0.99999954,0.74630178,nan,0.16716900,0,0,0,11.71626282,0.05625937,0.12008528,0.87991472,10.26864166
54000,0.56147778,0.56147778,399,1.00000000,0.56147778,nan,0.03074024,0,0,0,4.63417625,0.02928744,-0.02142843,1.02142843,17.24504662
54100,1.39186859,1.39186859,436,1.00000000,1.39186859,nan,0.14031445,0,0,0,11.76326466,0.08032212,0.01484367,0.98515633,17.73830922
54200,0.68839240,0.68839240,644,1.00000000,0.68839240,nan,0.10328759,0,0,0,11.02136230,0.20655581,-0.07423314,1.07423314,13.91215515
54300,0.77342880,0.77342880,72,0.99925341,0.77112166,nan,0.00000000,0,0,0,14.92624569,0.08405079,0.07212609,0.92787391,12.37684059
54400,0.70399976,0.70399976,302,1.00000000,0.70399976,nan,0.00000000,0,0,0,12.37991524,0.02739200,-0.01633966,1.01633966,10.98555374
54500,0.93182206,0.93182206,234,1.00000000,0.93182206,nan,0.00000000,0,0,0,12.79634285,0.11413351,0.03828988,0.96171012,13.80976391
54600,1.44281828,1.44281828,218,1.00000000,1.44281828,nan,0.00000000,0,0,0,11.69101334,0.03044068,0.06236862,0.93763138,16.17567039
54700,0.30487883,0.30487883,347,1.00000000,0.30487883,nan,0.05689375,0,0,0,11.26590347,0.02798616,-0.08516334,1.08516334,6.33478880
54800,0.89030457,0.89030457,628,1.00000000,0.89030457,nan,0.00000000,0,0,0,11.60657215,0.04955047,-0.15049901,1.15049901,9.04107165
54900,0.70456004,0.70456004,599,1.00000000,0.70456004,nan,0.00000000,0,0,0,12.30031872,0.01859584,0.16730345,0.83269655,nan
55000,0.68957412,0.68957412,423,1.00000000,0.68957412,nan,0.06597581,0,0,0,5.01024723,0.02440199,0.02872460,0.97127540,18.54420471
55100,0.44068715,0.44068715,540,1.00000000,0.44068715,nan,0.09321678,0,0,0,12.92516613,0.04466482,-0.01083445,1.01083445,7.32610877
55200,0.72407752,0.72407752,206,1.00000000,0.72407752,nan,0.00000000,0,0,0,13.28621101,0.02714595,-0.15958624,1.15958624,9.87776852
55300,0.48544869,0.48544869,481,1.00000000,0.48544869,nan,0.00000000,0,0,0,11.40682793,0.07783745,-0.08326499,1.08326499,7.32058811
55400,0.48395666,0.48395666,129,0.99999750,0.48395183,nan,0.00000000,0,0,0,11.99707794,0.07399946,0.13158842,0.86841158,9.44317436
55500,0.40715098,0.40715098,130,0.99999774,0.40714730,nan,0.00000000,0,0,0,10.82641792,0.03903194,0.03815733,0.96184267,6.74778128
55600,0.52719855,0.52719855,276,1.00000000,0.52719855,nan,0.00000000,0,0,0,9.07542801,0.03349260,0.02448135,0.97551865,7.16155624
55700,0.47875696,0.47875696,373,1.00000000,0.47875696,nan,0.00000000,0,0,0,11.64018822,0.02561144,-0.00797341,1.00797341,4.97966671
55800,1.11562681,1.11562681,122,0.99999497,1.11560436,nan,0.00000000,0,0,0,11.23492050,0.05103759,0.07599522,0.92400478,14.04366302
55900,1.08522046,1.08522046,107,0.99997746,1.08512259,nan,0.00000000,0,0,0,13.47910213,0.04887937,-0.40974101,1.40974101,15.09354472
56000,0.52289939,0.52289939,631,1.00000000,0.52289939,nan,0.00000000,0,0,0,3.51681089,0.01270841,-0.22360421,1.22360421,16.24511504
56100,1.47840106,1.47840106,83,0.99975148,1.47693198,nan,0.05519699,0,0,0,9.91987991,0.07381064,0.04944570,0.95055430,25.57268143
56200,0.48981571,0.48981571,143,0.99999938,0.48981451,nan,0.05332167,0,0,0,12.76311398,0.05760076,-0.21774328,1.21774328,16.52739143
56300,0.65643430,0.65643430,233,1.00000000,0.65643430,nan,0.18948829,0,0,0,7.96416283,0.03562617,0.21701863,0.78298137,16.11868143
56400,1.23473275,1.23473275,566,1.00000000,1.23473275,nan,0.03924696,0,0,0,7.64029264,0.06296125,-0.07314447,1.07314447,21.54822922
56500,0.55627322,0.55627322,152,0.99999975,0.55627266,nan,0.00000000,0,0,0,7.73597145,0.08696061,-0.03861862,1.03861862,13.30852056
56600,0.83193058,0.83193058,41,0.98342732,0.77813719,nan,0.00000000,0,0,0,10.67924500,0.07259564,-0.09846419,1.09846419,16.28852463
56700,1.59816980,1.59816980,281,1.00000000,1.59816980,nan,0.00000000,0,0,0,9.68141842,0.01885778,0.16810612,0.83189388,23.60559527
56800,0.34786355,0.34786355,87,0.99983341,0.34763182,nan,0.00000000,0,0,0,8.02834988,0.06082583,-0.04578469,1.04578469,10.42632985
56900,0.39184776,0.39184776,74,0.99938875,0.39089057,nan,0.00000000,0,0,0,8.25433159,0.04532536,-0.09581074,1.09581074,9.36833509
57000,1.08327353,1.08327353,406,1.00000000,1.08327353,nan,0.00000000,0,0,0,4.20626926,0.01707041,-0.25538617,1.25538617,18.34186935
57100,0.53571779,0.53571779,589,1.00000000,0.53571779,nan,0.00000000,0,0,0,7.53828096,0.04085837,-0.15636350,1.15636350,9.36888885
57200,0.38107231,0.38107231,623,1.00000000,0.38107231,nan,0.00000000,0,0,0,6.47379732,0.02524934,-0.13467037,1.13467037,7.10776186
57300,0.94511384,0.94511384,145,0.99999950,0.94511193,nan,0.00000000,0,0,0,7.90507841,0.04767916,-0.16084380,1.16084380,11.83066686
57400,0.47471470,0.47471470,358,1.00000000,0.47471470,nan,0.02037176,0,0,0,6.41975975,0.02509598,0.03824731,0.96175269,8.11113739
57500,0.72573471,0.72573471,393,1.00000000,0.72573471,nan,0.04008087,0,0,0,11.80146503,0.05121288,0.15676372,0.84323628,11.38462639
57600,0.73385936,0.73385936,217,1.00000000,0.73385936,nan,0.28831357,0,0,0,6.38148451,0.01280543,-0.16491208,1.16491208,11.75803185
57700,0.76264477,0.76264477,118,0.99999250,0.76262187,nan,0.49348252,0,0,0,6.41915131,0.07226629,0.12664388,0.87335612,13.93446827
57800,0.60046279,0.60046279,558,1.00000000,0.60046279,nan,0.42700371,0,0,0,10.67768383,0.06199519,0.06813011,0.93186989,8.62771797
57900,0.49657929,0.49657929,355,1.00000000,0.49657929,nan,0.31827937,0,0,0,9.99364376,0.09298930,0.24007300,0.75992700,7.18430376
58000,1.85733652,1.85733652,307,1.00000000,1.85733652,nan,0.19198418,0,0,0,3.59629703,0.02381187,0.00955724,0.99044276,26.92522494
58100,0.91108203,0.91108203,484,1.00000000,0.91108203,nan,0.28480713,0,0,0,7.15016508,0.02506068,-0.10363794,1.10363794,14.69327497
58200,1.07571685,1.07571685,54,0.99548342,1.05641387,nan,0.32403126,0,0,0,8.07490063,0.10790795,-0.09814873,1.09814873,16.66905308
58300,0.54609025,0.54609025,547,1.00000000,0.54609025,nan,0.26831519,0,0,0,11.38355637,0.05211869,0.01577820,0.98422180,10.96230952
58400,0.58937621,0.58937621,399,1.00000000,0.58937621,nan,0.03625750,0,0,0,11.39860249,0.04717541,-0.23103109,1.23103109,7.05989742
58500,0.41947901,0.41947901,361,1.00000000,0.41947901,nan,0.00000000,0,0,0,10.73786354,0.05561528,0.14035842,0.85964158,5.78726268
58600,0.74381769,0.74381769,673,1.00000000,0.74381769,nan,0.00000000,0,0,0,11.40366936,0.26123822,0.21926009,0.78073991,9.27727636
58700,0.56669772,0.56669772,373,1.00000000,0.56669772,nan,0.00000000,0,0,0,12.95199299,0.03119135,-0.12944033,1.12944033,8.29452610
58800,0.37997317,0.37997317,118,0.99999250,0.37996177,nan,0.00000000,0,0,0,9.97896194,0.08162863,0.17326816,0.82673184,7.96744061
58900,0.68391597,0.68391597,367,1.00000000,0.68391597,nan,0.00000000,0,0,0,10.31808090,0.05329160,-0.40294278,1.40294278,6.15317941
59000,0.74287349,0.74287349,481,1.00000000,0.74287349,nan,0.00000000,0,0,0,3.74797153,0.01286906,-0.01604017,1.01604017,15.87386918
59100,0.30071720,0.30071720,573,1.00000000,0.30071720,nan,0.02186263,0,0,0,9.43888283,0.03210878,-0.08988743,1.08988743,3.36185515
59200,1.08754027,1.08754027,133,0.99999833,1.08753298,nan,0.00000000,0,0,0,8.01981068,0.08279593,0.15960503,0.84039497,12.50816679
59300,0.29300964,0.29300964,296,1.00000000,0.29300964,nan,0.00000000,0,0,0,8.57319260,0.05746860,-0.01200665,1.01200665,2.95799601
59400,0.60300934,0.60300934,861,1.00000000,0.60300934,nan,0.00000000,0,0,0,7.60145760,0.03026588,-0.02634616,1.02634616,6.48864079
59500,0.80682033,0.80682033,154,0.99999979,0.80681967,nan,0.06695094,0,0,0,7.69041252,0.03397287,0.40268915,0.59731085,8.23529609
59600,0.36401612,0.36401612,131,0.99999795,0.36401314,nan,0.02254841,0,0,0,9.39300823,0.23664969,-0.12707969,1.12707969,5.01674038
59700,0.37026039,0.37026039,493,1.00000000,0.37026039,nan,0.00000000,0,0,0,9.56907272,0.03369094,-0.02709659,1.02709659,5.34825691
59800,0.33705437,0.33705437,336,1.00000000,0.33705437,nan,0.00000000,0,0,0,8.96039486,0.06763466,-0.16803359,1.16803359,3.80154443
59900,0.58861363,0.58861363,455,1.00000000,0.58861363,nan,0.00000000,0,0,0,7.90234709,0.12574789,0.12872086,0.87127914,4.67846553
60000,0.43824494,0.43824494,326,1.00000000,0.43824494,nan,0.00000000,0,0,0,3.72678971,0.02935242,0.04279829,0.95720171,14.13920148
60100,2.70784664,2.70784664,108,0.99997960,2.70762569,nan,0.13423986,0,0,0,8.66384029,0.17488571,-0.02461351,1.02461351,32.58485031
60200,0.30008623,0.30008623,408,1.00000000,0.30008623,nan,0.10926403,0,0,0,7.26141548,0.03639708,0.05108619,0.94891381,5.12176736
60300,0.42685780,0.42685780,282,1.00000000,0.42685780,nan,0.04200457,0,0,0,8.52887630,0.08171289,-0.21700911,1.21700911,6.56112564
60400,1.44378030,1.44378030,207,1.00000000,1.44378030,nan,0.00000000,0,0,0,9.50171566,0.04244073,0.08085358,0.91914642,16.15933061
60500,0.45448431,0.45448431,479,1.00000000,0.45448431,nan,0.00000000,0,0,0,8.93782902,0.09056506,-0.14230963,1.14230963,6.50952244
60600,0.72602779,0.72602779,199,1.00000000,0.72602778,nan,0.00000000,0,0,0,7.09265709,0.10760805,0.00396927,0.99603073,9.82567310
60700,0.70157796,0.70157796,46,0.98994816,0.67379185,nan,0.00000000,0,0,0,7.97216129,0.12186621,0.00651068,0.99348932,4.20114017
60800,1.43144262,1.43144262,61,0.99775713,1.41864361,nan,0.00000000,0,0,0,6.46797180,0.10505780,0.17185050,0.82814950,11.63619137
60900,0.21512565,0.21512565,87,0.99983341,0.21498234,nan,0.00000000,0,0,0,5.69728279,0.09913727,-0.07203766,1.07203766,3.39027405
61000,0.57736057,0.57736057,625,1.00000000,0.57736057,nan,0.00000000,0,0,0,3.67863035,0.03802947,-0.17583092,1.17583092,13.97420756
61100,0.55583310,0.55583310,79,0.99962926,0.55500927,nan,0.24014815,0,0,0,9.42770386,0.15088470,-0.14471285,1.14471285,11.84140831
61200,0.53106731,0.53106731,457,1.00000000,0.53106731,nan,0.04808987,0,0,0,7.57860565,0.06206542,0.23513267,0.76486733,6.68013906
61300,0.63256532,0.63256532,84,0.99977513,0.63199654,nan,0.00000000,0,0,0,7.41337395,0.13854750,0.12196443,0.87803557,6.89692895
61400,0.90781337,0.90781337,187,0.99999999,0.90781334,nan,0.00000000,0,0,0,6.08840942,0.06041839,-0.25460172,1.25460172,9.63811321
61500,0.41452879,0.41452879,237,1.00000000,0.41452879,nan,0.00000000,0,0,0,7.05648804,0.11685525,0.12295501,0.87704499,4.72704136
61600,0.53659976,0.53659976,151,0.99999972,0.53659916,nan,0.00000000,0,0,0,6.72032452,0.11243919,-0.06889718,1.06889718,5.87322730
61700,0.74272561,0.74272561,131,0.99999795,0.74271953,nan,0.00000000,0,0,0,7.31111670,0.04810482,0.08462033,0.91537967,9.28574848
61800,0.67891663,0.67891663,316,1.00000000,0.67891663,nan,0.00000000,0,0,0,8.97417259,0.07128833,-0.12200690,1.12200690,8.49363931
61900,0.79016680,0.79016680,96,0.99993227,0.78995275,nan,0.00000000,0,0,0,6.54791117,0.12946577,0.10255723,0.89744277,8.74129868
62000,0.89596242,0.89596242,352,1.00000000,0.89596242,nan,0.00000000,0,0,0,4.24748755,0.02343126,-0.05582125,1.05582125,17.18576495
62100,1.03834593,1.03834593,791,1.00000000,1.03834593,nan,0.09665228,0,0,0,7.37074280,0.06355953,-0.02672601,1.02672601,13.61047006
62200,0.45791686,0.45791686,316,1.00000000,0.45791686,nan,0.00000000,0,0,0,9.38448048,0.09944310,0.08771506,0.91228494,6.72234344
62300,0.52236462,0.52236462,141,0.99999925,0.52236304,nan,0.00000000,0,0,0,6.98361444,0.19536072,0.13364930,0.86635070,8.89243770
62400,0.67632431,0.67632431,200,1.00000000,0.67632430,nan,0.00000000,0,0,0,7.35692930,0.03092125,0.07476186,0.92523814,5.74512410
62500,0.47333601,0.47333601,378,1.00000000,0.47333601,nan,0.00000000,0,0,0,6.57572985,0.07825919,-0.06056599,1.06056599,4.86252618
62600,0.29012406,0.29012406,164,0.99999992,0.29012397,nan,0.00000000,0,0,0,7.41776705,0.06534651,-0.10336822,1.10336822,2.99595308
62700,0.33512163,0.33512163,389,1.00000000,0.33512163,nan,0.00000000,0,0,0,8.26513481,0.08084371,-0.00719728,1.00719728,4.89906430
62800,0.57769406,0.57769406,100,0.99995460,0.57758916,nan,0.00000000,0,0,0,7.09188795,0.17108402,0.11199401,0.88800599,8.56866344
62900,0.86617237,0.86617237,666,1.00000000,0.86617237,nan,0.00000000,0,0,0,7.93274593,0.05255008,-0.14970066,1.14970066,17.01648617
63000,1.74362183,1.74362183,357,1.00000000,1.74362183,nan,0.00000000,0,0,0,3.34394860,0.02699883,-0.02175877,1.02175877,26.07119656
63100,0.62224448,0.62224448,145,0.99999950,0.62224322,nan,0.18477392,0,0,0,6.34995651,0.14328666,0.14419745,0.85580255,6.97316233
63200,0.57847667,0.57847667,148,0.99999963,0.57847580,nan,0.00000000,0,0,0,7.33992004,0.03692220,-0.03011149,1.03011149,5.94905925
63300,1.41793036,1.41793036,128,0.99999724,1.41791471,nan,0.00000000,0,0,0,7.59948730,0.16152589,-0.30726381,1.30726381,12.66053772
63400,0.62343371,0.62343371,48,0.99177025,0.60316286,nan,0.00000000,0,0,0,7.29134607,0.11056881,-0.21655814,1.21655814,4.30307490
63500,0.74118787,0.74118787,382,1.00000000,0.74118787,nan,0.00000000,0,0,0,8.18360901,0.19850236,0.37367172,0.62632828,8.81939936
63600,0.49888670,0.49888670,191,0.99999999,0.49888669,nan,0.00000000,0,0,0,6.03125238,0.03550224,0.14175364,0.85824636,4.80412348
63700,0.64179087,0.64179087,295,1.00000000,0.64179087,nan,0.00000000,0,0,0,6.83081388,0.26936889,-0.19071133,1.19071133,9.33721304
63800,0.71226609,0.71226609,286,1.00000000,0.71226609,nan,0.00000000,0,0,0,7.20456123,0.03476230,0.09591958,0.90408042,7.55631328
63900,0.73179692,0.73179692,207,1.00000000,0.73179692,nan,0.03720230,0,0,0,8.58364010,0.12332829,0.01918848,0.98081152,12.32241440
64000,1.13807166,1.13807166,460,1.00000000,1.13807166,nan,0.00000000,0,0,0,3.66607499,0.02774256,0.03827104,0.96172896,21.34772809
64100,1.03283072,1.03283072,25,0.91791500,0.73322796,nan,0.12518150,0,0,0,8.34573746,0.09031568,-0.00439246,1.00439246,18.30863508
64200,0.33956969,0.33956969,365,1.00000000,0.33956969,nan,0.00000000,0,0,0,9.08635426,0.09991799,0.22264736,0.77735264,3.93664996
64300,0.35041487,0.35041487,296,1.00000000,0.35041487,nan,0.00000000,0,0,0,6.71295500,0.14350867,0.08483601,0.91516399,3.03172954
64400,0.79766303,0.79766303,89,0.99986361,0.79722795,nan,0.00000000,0,0,0,8.08088017,0.18773270,-0.10257802,1.10257802,9.35825825
64500,0.48131263,0.48131263,409,1.00000000,0.48131263,nan,0.00000000,0,0,0,8.69459438,0.09348185,-0.08379223,1.08379223,7.29136777
64600,0.73896271,0.73896271,33,0.96311683,0.63582619,nan,0.00000000,0,0,0,5.83093023,0.03457306,-0.24742410,1.24742410,2.47251741
64700,0.48941538,0.48941538,454,1.00000000,0.48941538,nan,0.00000000,0,0,0,7.29587030,0.07614896,-0.02248766,1.02248766,3.98316622
64800,0.83730066,0.83730066,96,0.99993227,0.83707384,nan,0.00000000,0,0,0,6.24775505,0.07134394,-0.05526466,1.05526466,6.22598827
64900,1.42733109,1.42733109,197,1.00000000,1.42733107,nan,0.00000000,0,0,0,5.94272900,0.08797702,0.32753500,0.67246500,14.95447922
65000,1.12132382,1.12132382,376,1.00000000,1.12132382,nan,0.00000000,0,0,0,3.35553360,0.03472791,0.10189517,0.89810483,20.67504549
65100,1.67916942,1.67916942,369,1.00000000,1.67916942,nan,0.35577142,0,0,0,7.06529045,0.19337392,0.26915463,0.73084537,35.21056604
65200,0.54403841,0.54403841,37,0.97527647,0.49219881,nan,0.61009763,0,0,0,5.80438614,0.18958145,-0.00683768,1.00683768,8.46474247
65300,0.85514599,0.85514599,268,1.00000000,0.85514599,nan,0.38892092,0,0,0,6.31568480,0.08434339,0.06075439,0.93924561,9.64049816
65400,0.37051725,0.37051725,173,0.99999997,0.37051721,nan,0.10695045,0,0,0,13.24413490,0.09973575,0.02834410,0.97165590,5.86542058
65500,0.46397659,0.46397659,562,1.00000000,0.46397659,nan,0.00000000,0,0,0,8.13113785,0.04563067,-0.20000300,1.20000300,5.62089479
65600,0.28154570,0.28154570,389,1.00000000,0.28154570,nan,0.00000000,0,0,0,8.11572647,0.15723668,-0.16910259,1.16910259,3.64914068
65700,0.55282617,0.55282617,152,0.99999975,0.55282561,nan,0.00000000,0,0,0,10.22637558,0.10784790,-0.06823588,1.06823588,8.07435799
65800,0.29922119,0.29922119,302,1.00000000,0.29922119,nan,0.00000000,0,0,0,6.40150118,0.14884798,0.17433911,0.82566089,2.80674106
65900,0.63952053,0.63952053,568,1.00000000,0.63952053,nan,0.00000000,0,0,0,11.12330627,0.12742196,0.02255184,0.97744816,6.16037774
66000,0.64329177,0.64329177,683,1.00000000,0.64329177,nan,0.00000000,0,0,0,4.21066093,0.03343948,-0.00985817,1.00985817,15.27144718
66100,1.07125938,1.07125938,45,0.98889100,1.02444428,nan,0.03100491,0,0,0,6.14203405,0.03594951,-0.13533743,1.13533743,9.48801649
66200,0.40770832,0.40770832,452,1.00000000,0.40770832,nan,0.00000000,0,0,0,9.55851936,0.05842242,-0.04494318,1.04494318,5.88935864
66300,0.55109602,0.55109602,171,0.99999996,0.55109594,nan,0.00000000,0,0,0,7.52066898,0.04219902,-0.26546783,1.26546783,3.08428017
66400,0.33105394,0.33105394,176,0.99999998,0.33105391,nan,0.00000000,0,0,0,5.10954857,0.14669864,-0.18045694,1.18045694,3.56146526
66500,0.88458335,0.88458335,333,1.00000000,0.88458335,nan,0.00000000,0,0,0,6.44453859,0.09993598,0.35674084,0.64325916,7.01365972
66600,0.72648817,0.72648817,159,0.99999988,0.72648781,nan,0.00000000,0,0,0,6.82098913,0.05973609,-0.07180309,1.07180309,5.99854771
66700,0.75603241,0.75603241,238,1.00000000,0.75603241,nan,0.00000000,0,0,0,8.62964249,0.16154465,-0.13796078,1.13796078,6.71844816
66800,0.99745244,0.99745244,172,0.99999997,0.99745230,nan,0.00000000,0,0,0,9.47893906,0.05855544,-0.11035961,1.11035961,9.44947815
66900,0.35694990,0.35694990,490,1.00000000,0.35694990,nan,0.00000000,0,0,0,7.06763458,0.04313740,0.00126056,0.99873944,3.34526698
67000,1.36956239,1.36956239,390,1.00000000,1.36956239,nan,0.00000000,0,0,0,3.80789447,0.05280582,0.05181410,0.94818590,22.42800522
67100,0.54693145,0.54693145,277,1.00000000,0.54693145,nan,0.00000000,0,0,0,6.29106188,0.04129425,-0.10285870,1.10285870,3.22166983
67200,0.61634696,0.61634696,187,0.99999999,0.61634694,nan,0.00000000,0,0,0,6.34465170,0.03532474,-0.06157775,1.06157775,3.98631090
67300,0.59111840,0.59111840,373,1.00000000,0.59111840,nan,0.00000000,0,0,0,7.06560755,0.06778559,-0.09976357,1.09976357,7.44063330
67400,0.30853465,0.30853465,223,1.00000000,0.30853465,nan,0.00000000,0,0,0,6.45290565,0.03460640,-0.09524258,1.09524258,-0.68799218
67500,0.57813030,0.57813030,508,1.00000000,0.57813030,nan,0.00000000,0,0,0,7.85062313,0.03524460,0.17184530,0.82815470,5.32923841
67600,1.21392953,1.21392953,24,0.90928205,0.82982773,nan,0.00000000,0,0,0,6.55490875,0.03006127,0.29928839,0.70071161,10.17906249
67700,0.44612134,0.44612134,241,1.00000000,0.44612133,nan,0.00000000,0,0,0,8.82313251,0.06488380,-0.00461999,1.00461999,3.96501350
67800,0.93052948,0.93052948,291,1.00000000,0.93052948,nan,0.00000000,0,0,0,7.89712334,0.03991990,0.21654176,0.78345824,7.96881456
67900,0.57342082,0.57342082,259,1.00000000,0.57342082,nan,0.00000000,0,0,0,8.36484337,0.04554344,0.06534237,0.93465763,5.83649039
68000,0.61013424,0.61013424,293,1.00000000,0.61013424,nan,0.00000000,0,0,0,4.61757517,0.08836840,-0.09441400,1.09441400,15.34722614
68100,1.23174798,1.23174798,182,0.99999999,1.23174792,nan,0.00000000,0,0,0,6.98893547,0.09347182,0.06152760,0.93847240,7.89833021
68200,0.65133542,0.65133542,174,0.99999997,0.65133535,nan,0.00000000,0,0,0,7.78211641,0.18191412,-0.15888478,1.15888478,4.07125354
68300,1.10818911,1.10818911,196,1.00000000,1.10818909,nan,0.00000000,0,0,0,6.89060020,0.13157569,0.12036594,0.87963406,10.10079575
68400,0.38318893,0.38318893,158,0.99999986,0.38318872,nan,0.00000000,0,0,0,10.01003647,0.06685803,-0.08166808,1.08166808,3.37742098
68500,0.44871983,0.44871983,219,1.00000000,0.44871983,nan,0.00000000,0,0,0,7.13572598,0.10269503,0.33906296,0.66093704,3.76075679
68600,0.91499966,0.91499966,77,0.99954717,0.91334344,nan,0.00000000,0,0,0,8.49507523,0.03092651,-0.24500029,1.24500029,10.85955524
68700,0.32957003,0.32957003,137,0.99999888,0.32956855,nan,0.00000000,0,0,0,6.20335817,0.17670949,0.12042707,0.87957293,0.71968818
68800,0.48946890,0.48946890,175,0.99999997,0.48946885,nan,0.00000000,0,0,0,5.64300680,0.06257309,0.39860198,0.60139802,2.78661754
68900,0.42896152,0.42896152,146,0.99999954,0.42896073,nan,0.00000000,0,0,0,9.21111870,0.08498088,-0.11519437,1.11519437,3.87240996
69000,0.86531520,0.86531520,508,1.00000000,0.86531520,nan,0.00000000,0,0,0,4.25227022,0.07174155,-0.01953161,1.01953161,16.50637102
69100,0.31434149,0.31434149,170,0.99999996,0.31434143,nan,0.00000000,0,0,0,8.78807449,0.13744295,0.10571983,0.89428017,1.47746962
69200,0.62801397,0.62801397,182,0.99999999,0.62801394,nan,0.00000000,0,0,0,6.00844479,0.07534719,0.11837028,0.88162972,2.04134329
69300,0.16322049,0.16322049,212,1.00000000,0.16322049,nan,0.00000000,0,0,0,7.17807436,0.07502966,0.06285215,0.93714785,0.36270005
69400,0.49181047,0.49181047,188,0.99999999,0.49181046,nan,0.00000000,0,0,0,7.82371283,0.02783284,0.03950259,0.96049741,2.94304383
69500,0.26634514,0.26634514,68,0.99888622,0.26516053,nan,0.00000000,0,0,0,9.58636856,0.04538925,-0.18965092,1.18965092,0.92724459
69600,0.64225447,0.64225447,80,0.99966454,0.64139310,nan,0.00000000,0,0,0,6.84143066,0.03999759,-0.04619876,1.04619876,3.90578288
69700,0.40292370,0.40292370,124,0.99999588,0.40291707,nan,0.00000000,0,0,0,6.31567192,0.05597362,-0.21562804,1.21562804,5.33890923
69800,0.52297801,0.52297801,165,0.99999993,0.52297787,nan,0.00000000,0,0,0,6.45447445,0.05200998,0.32426842,0.67573158,0.39622831
69900,0.43460679,0.43460679,373,1.00000000,0.43460679,nan,0.00000000,0,0,0,6.55347681,0.02099924,-0.17326981,1.17326981,0.30963576
70000,0.74067038,0.74067038,254,1.00000000,0.74067038,nan,0.00000000,0,0,0,4.21179008,0.06155584,-0.16073767,1.16073767,15.85103035
70100,0.35823780,0.35823780,683,1.00000000,0.35823780,nan,0.17443360,0,0,0,6.16711283,0.18353884,0.02610731,0.97389269,4.34121146
70200,0.31957749,0.31957749,168,0.99999995,0.31957742,nan,0.00000000,0,0,0,8.45155811,0.08537417,0.03945246,0.96054754,3.67629814
70300,1.15509641,1.15509641,459,1.00000000,1.15509641,nan,0.00000000,0,0,0,7.26846838,0.09893362,-0.18879265,1.18879265,8.76351833
70400,0.95109737,0.95109737,237,1.00000000,0.95109737,nan,0.00000000,0,0,0,8.21284962,0.03508810,-0.09888824,1.09888824,5.51339293
70500,0.35583556,0.35583556,211,1.00000000,0.35583556,nan,0.00000000,0,0,0,8.31856155,0.14336450,0.02607919,0.97392081,3.04560560
70600,0.74695569,0.74695569,557,1.00000000,0.74695569,nan,0.00000000,0,0,0,8.18704700,0.09610633,0.02769126,0.97230874,4.43428326
70700,0.82446015,0.82446015,264,1.00000000,0.82446015,nan,0.00000000,0,0,0,8.20127487,0.06426431,0.19237272,0.80762728,5.56768290
70800,0.54050976,0.54050976,94,0.99991728,0.54033093,nan,0.00000000,0,0,0,7.96751928,0.12813208,-0.23313653,1.23313653,4.04598363
70900,0.62080294,0.62080294,25,0.91791500,0.44072089,nan,0.00000000,0,0,0,7.42860079,0.16285644,0.17863682,0.82136318,3.81334347
71000,0.79594511,0.79594511,344,1.00000000,0.79594511,nan,0.00000000,0,0,0,4.12901878,0.02219142,-0.01802868,1.01802868,16.28058863
71100,0.31301641,0.31301641,478,1.00000000,0.31301641,nan,0.00000000,0,0,0,7.46185637,0.18562986,-0.07667484,1.07667484,3.20982809
71200,1.63800347,1.63800347,11,0.66712892,0.32445456,nan,0.00000000,0,0,0,7.39067078,0.12325096,-0.25384275,1.25384275,16.72691758
71300,0.69414932,0.69414932,161,0.99999990,0.69414903,nan,0.00000000,0,0,0,8.06686878,0.10251239,0.07141513,0.92858487,6.15790272
71400,0.42529801,0.42529801,357,1.00000000,0.42529801,nan,0.00000000,0,0,0,8.43785477,0.03665730,-0.07607328,1.07607328,0.17363214
71500,0.60612541,0.60612541,42,0.98500442,0.57057826,nan,0.00000000,0,0,0,7.33291626,0.20500582,0.24727522,0.75272478,6.37024200
71600,0.26882425,0.26882425,407,1.00000000,0.26882425,nan,0.00000000,0,0,0,7.77580452,0.06322403,0.18254149,0.81745851,-0.62177289
71700,0.69818318,0.69818318,232,1.00000000,0.69818318,nan,0.00000000,0,0,0,5.94051552,0.09889369,0.04037683,0.95962317,4.55651259
71800,0.60728163,0.60728163,258,1.00000000,0.60728163,nan,0.00000000,0,0,0,6.35712242,0.03799529,0.06584399,0.93415601,4.80555594
71900,0.58187085,0.58187085,590,1.00000000,0.58187085,nan,0.00000000,0,0,0,6.16706991,0.05368208,-0.13637940,1.13637940,0.92464926
72000,1.48014021,1.48014021,354,1.00000000,1.48014021,nan,0.00000000,0,0,0,3.94981813,0.04766642,-0.06663574,1.06663574,22.46323824
72100,0.52799225,0.52799225,348,1.00000000,0.52799225,nan,0.00000000,0,0,0,6.32683849,0.02863534,0.20545235,0.79454765,2.28487992
72200,0.61252242,0.61252242,433,1.00000000,0.61252242,nan,0.00000000,0,0,0,6.80530643,0.03133123,0.25258975,0.74741025,4.02537576
72300,0.29759607,0.29759607,431,1.00000000,0.29759607,nan,0.00000000,0,0,0,6.76920128,0.04575094,-0.15459195,1.15459195,-0.08254925
72400,0.56607831,0.56607831,198,1.00000000,0.56607830,nan,0.00000000,0,0,0,5.88837814,0.03460078,-0.27329427,1.27329427,1.22037727
72500,1.46196961,1.46196961,460,1.00000000,1.46196961,nan,0.00000000,0,0,0,6.20783997,0.04268684,0.37335000,0.62665000,19.85700989
72600,0.81642872,0.81642872,233,1.00000000,0.81642872,nan,0.00000000,0,0,0,5.87163353,0.07828050,0.15166845,0.84833155,4.34685286
72700,0.48879158,0.48879158,186,0.99999999,0.48879157,nan,0.00000000,0,0,0,6.37932062,0.12201229,0.21982746,0.78017254,2.35646784
72800,0.46950203,0.46950203,230,1.00000000,0.46950203,nan,0.00000000,0,0,0,6.23590088,0.09783199,0.01063793,0.98936207,2.23553615
72900,1.19210124,1.19210124,509,1.00000000,1.19210124,nan,0.00000000,0,0,0,7.86207151,0.24632560,-0.03662631,1.03662631,10.50547647
73000,1.13923693,1.13923693,285,1.00000000,1.13923693,nan,0.01123879,0,0,0,4.55705786,0.06694118,-0.02625297,1.02625297,19.64220556
73100,0.53798771,0.53798771,338,1.00000000,0.53798771,nan,0.05961349,0,0,0,6.17114353,0.05252521,0.26374477,0.73625523,2.30483246
73200,0.69002640,0.69002640,353,1.00000000,0.69002640,nan,0.00000000,0,0,0,6.48596764,0.14552100,-0.08401629,1.08401629,4.75999816
73300,1.24309015,1.24309015,310,1.00000000,1.24309015,nan,0.00000000,0,0,0,7.27752447,0.10528581,0.37088622,0.62911378,8.82366025
73400,0.75506163,0.75506163,62,0.99797057,0.74895088,nan,0.00000000,0,0,0,7.05092192,0.09878018,-0.18909348,1.18909348,9.32989788
73500,0.39583465,0.39583465,587,1.00000000,0.39583465,nan,0.00000000,0,0,0,6.38425255,0.02916037,0.23264678,0.76735322,2.34809812
73600,0.79524368,0.79524368,326,1.00000000,0.79524368,nan,0.00000000,0,0,0,6.70594072,0.01904341,-0.36242533,1.36242533,8.13185596
73700,0.45215172,0.45215172,207,1.00000000,0.45215171,nan,0.00000000,0,0,0,7.35654116,0.06743660,0.15753433,0.84246567,3.40616934
73800,0.82933831,0.82933831,67,0.99876909,0.82526248,nan,0.00000000,0,0,0,6.61777782,0.11177325,0.05597586,0.94402414,4.42656243
73900,0.89947468,0.89947468,53,0.99500841,0.88164945,nan,0.00000000,0,0,0,6.75433540,0.02602626,-0.14257693,1.14257693,6.84710002
74000,0.92892098,0.92892098,396,1.00000000,0.92892098,nan,0.00000000,0,0,0,4.58598661,0.08405010,-0.22695339,1.22695339,20.61702728
74100,0.55154580,0.55154580,238,1.00000000,0.55154580,nan,0.00302665,0,0,0,5.96238613,0.05087918,-0.15832924,1.15832924,5.16945648
74200,0.51880443,0.51880443,165,0.99999993,0.51880429,nan,0.00000000,0,0,0,6.83003712,0.02306347,0.07585469,0.92414531,3.54581201
74300,0.91458511,0.91458511,215,1.00000000,0.91458511,nan,0.00000000,0,0,0,7.39040899,0.13044813,-0.14496008,1.14496008,7.52966714
74400,0.63021404,0.63021404,210,1.00000000,0.63021403,nan,0.00000000,0,0,0,7.74678373,0.07625517,-0.09467894,1.09467894,3.45506676
74500,0.52821082,0.52821082,27,0.93279449,0.39989979,nan,0.00000000,0,0,0,7.78846312,0.03599485,0.00605242,0.99394758,2.90008706
74600,0.38624060,0.38624060,795,1.00000000,0.38624060,nan,0.00000000,0,0,0,7.01310539,0.05166582,0.01690091,0.98309909,-0.19048935
74700,0.73672169,0.73672169,228,1.00000000,0.73672169,nan,0.00000000,0,0,0,6.78501606,0.04040572,0.25166772,0.74833228,5.29511175
74800,0.68485928,0.68485928,334,1.00000000,0.68485928,nan,0.00000000,0,0,0,8.12134647,0.06581389,-0.35197157,1.35197157,6.96174879
74900,0.51797318,0.51797318,212,1.00000000,0.51797318,nan,0.00000000,0,0,0,6.55073738,0.06038575,0.00023749,0.99976251,5.14339523
75000,1.21916914,1.21916914,480,1.00000000,1.21916914,nan,0.00000000,0,0,0,3.76243043,0.06690584,-0.22362424,1.22362424,20.56125069
75100,0.29396856,0.29396856,516,1.00000000,0.29396856,nan,0.00000000,0,0,0,6.31146431,0.01777533,0.29497978,0.70502022,-0.43921936
75200,0.40082324,0.40082324,174,0.99999997,0.40082319,nan,0.00000000,0,0,0,5.82884789,0.04154662,0.09961721,0.90038279,1.05549975
75300,1.04421341,1.04421341,187,0.99999999,1.04421338,nan,0.00000000,0,0,0,6.25497961,0.07526632,-0.00655948,1.00655948,6.73912585
75400,0.69116688,0.69116688,216,1.00000000,0.69116688,nan,0.05228905,0,0,0,5.83178902,0.13202077,0.19057930,0.80942070,4.69590330
75500,0.66927052,0.66927052,569,1.00000000,0.66927052,nan,0.00211493,0,0,0,5.94896460,0.23905876,0.13427706,0.86572294,4.08058643
75600,0.49033037,0.49033037,689,1.00000000,0.49033037,nan,0.00000000,0,0,0,7.05161285,0.08694012,0.10694532,0.89305468,0.29884382
75700,0.32455459,0.32455459,174,0.99999997,0.32455456,nan,0.00000000,0,0,0,7.65669250,0.05426588,-0.26392631,1.26392631,1.89883002
75800,0.25354224,0.25354224,105,0.99997246,0.25351432,nan,0.00000000,0,0,0,6.89791346,0.09831635,-0.23546677,1.23546677,2.47684381
75900,0.73147720,0.73147720,422,1.00000000,0.73147720,nan,0.00000000,0,0,0,6.81377125,0.05255553,-0.34010970,1.34010970,6.39506512
76000,1.29897523,1.29897523,410,1.00000000,1.29897523,nan,0.00000000,0,0,0,4.10682678,0.04516916,-0.22872588,1.22872588,20.77960269
76100,0.88798344,0.88798344,71,0.99917490,0.88505635,nan,0.00000000,0,0,0,5.78747702,0.10739908,-0.13292159,1.13292159,7.55332077
76200,0.61027390,0.61027390,214,1.00000000,0.61027390,nan,0.00000000,0,0,0,6.84640694,0.11594788,-0.03560358,1.03560358,3.98802137
76300,0.66419411,0.66419411,156,0.99999983,0.66419366,nan,0.00000000,0,0,0,6.90089655,0.25314248,0.33479055,0.66520945,5.35181355
76400,0.35475942,0.35475942,804,1.00000000,0.35475942,nan,0.00000000,0,0,0,6.43777132,0.07182038,0.03540523,0.96459477,-0.08614031
76500,0.41223904,0.41223904,391,1.00000000,0.41223904,nan,0.00000000,0,0,0,6.60288572,0.10005774,-0.15997455,1.15997455,3.83909199
76600,0.47378671,0.47378671,412,1.00000000,0.47378671,nan,0.00000000,0,0,0,6.13833427,0.04249532,0.24938786,0.75061214,5.12905698
76700,0.64622176,0.64622176,551,1.00000000,0.64622176,nan,0.00000000,0,0,0,6.53534985,0.05571268,0.02315924,0.97684076,4.40183838
76800,1.04940176,1.04940176,234,1.00000000,1.04940176,nan,0.00000000,0,0,0,6.78468943,0.02845897,-0.16025934,1.16025934,5.10702133
76900,0.27032566,0.27032566,492,1.00000000,0.27032566,nan,0.00000000,0,0,0,6.16697979,0.04186207,0.10315283,0.89684717,0.55999196
77000,0.95402282,0.95402282,415,1.00000000,0.95402282,nan,0.00000000,0,0,0,3.96266437,0.08108836,-0.04015421,1.04015421,17.57275724
77100,0.70095432,0.70095432,464,1.00000000,0.70095432,nan,0.00000000,0,0,0,5.28897810,0.03865357,0.05240493,0.94759507,2.38620389
77200,0.51020253,0.51020253,569,1.00000000,0.51020253,nan,0.04260707,0,0,0,6.54000044,0.04820756,-0.11160987,1.11160987,2.35572918
77300,1.20368481,1.20368481,864,1.00000000,1.20368481,nan,0.00000000,0,0,0,6.74286461,0.13234308,-0.22991572,1.22991572,8.08532588
77400,0.37844500,0.37844500,103,0.99996637,0.37839409,nan,0.00000000,0,0,0,6.17936945,0.08341032,0.01330847,0.98669153,1.22668383
77500,0.51547742,0.51547742,616,1.00000000,0.51547742,nan,0.00000000,0,0,0,6.82176685,0.08815194,0.10516450,0.89483550,3.00211568
77600,0.61359358,0.61359358,188,0.99999999,0.61359356,nan,0.00000000,0,0,0,6.04014778,0.04194681,-0.22519123,1.22519123,1.37930954
77700,0.97019225,0.97019225,194,1.00000000,0.97019224,nan,0.00000000,0,0,0,6.43635798,0.04551588,0.16146483,0.83853517,7.58113956
77800,0.45320967,0.45320967,136,0.99999876,0.45320742,nan,0.00000000,0,0,0,6.92716455,0.08139301,0.34790587,0.65209413,3.35668540
77900,1.05657601,1.05657601,362,1.00000000,1.05657601,nan,0.00000000,0,0,0,6.23348427,0.01448821,0.00280373,0.99719627,6.45431924
78000,1.31832910,1.31832910,261,1.00000000,1.31832910,nan,0.00000000,0,0,0,3.40731573,0.04862832,-0.05252251,1.05252251,20.54139455
78100,0.28490502,0.28490502,247,1.00000000,0.28490502,nan,0.02028880,0,0,0,6.59880590,0.05462344,-0.03583498,1.03583498,1.52687053
78200,0.23616794,0.23616794,444,1.00000000,0.23616794,nan,0.00000000,0,0,0,5.93386793,0.03798988,0.13119074,0.86880926,-1.43791286
78300,0.24390976,0.24390976,347,1.00000000,0.24390976,nan,0.00000000,0,0,0,7.90650272,0.12087408,0.08188757,0.91811243,2.12493369
78400,0.65378529,0.65378529,556,1.00000000,0.65378529,nan,0.00000000,0,0,0,7.05910301,0.05979036,0.29078087,0.70921913,2.39413828
78500,0.84147090,0.84147090,129,0.99999750,0.84146249,nan,0.00000000,0,0,0,9.23693466,0.31901884,-0.34210579,1.34210579,10.08571196
78600,0.81566119,0.81566119,489,1.00000000,0.81566119,nan,0.00000000,0,0,0,6.85054445,0.05677401,0.31125274,0.68874726,5.58191556
78700,0.60552770,0.60552770,302,1.00000000,0.60552770,nan,0.00000000,0,0,0,5.81691122,0.19173422,-0.04240294,1.04240294,4.57004344
78800,0.46455076,0.46455076,510,1.00000000,0.46455076,nan,0.00000000,0,0,0,6.72167492,0.11670004,0.16916330,0.83083670,1.51280379
78900,0.39806786,0.39806786,956,1.00000000,0.39806786,nan,0.00000000,0,0,0,6.57768869,0.09867806,0.09541229,0.90458771,1.12992140
79000,1.22346735,1.22346735,477,1.00000000,1.22346735,nan,0.00000000,0,0,0,3.60542464,0.04401197,-0.08246099,1.08246099,20.74763362
79100,0.70492637,0.70492637,672,1.00000000,0.70492637,nan,0.00000000,0,0,0,5.98811626,0.05928714,-0.05057906,1.05057906,2.48558658
79200,1.03392076,1.03392076,398,1.00000000,1.03392076,nan,0.00000000,0,0,0,6.96584702,0.07142034,0.13847710,0.86152290,4.97385240
79300,0.98649555,0.98649555,103,0.99996637,0.98636285,nan,0.00000000,0,0,0,5.98001623,0.27597946,0.19221272,0.80778728,7.68318295
79400,0.39560995,0.39560995,812,1.00000000,0.39560995,nan,0.00000000,0,0,0,6.36282349,0.04678191,0.06287522,0.93712478,-0.23564333
79500,0.58789510,0.58789510,756,1.00000000,0.58789510,nan,0.00000000,0,0,0,6.15447903,0.02201427,0.44689720,0.55310280,0.28599282
79600,0.46705607,0.46705607,546,1.00000000,0.46705607,nan,0.00000000,0,0,0,6.71172142,0.12070455,0.23660255,0.76339745,-0.05139284
79700,0.48856279,0.48856279,799,1.00000000,0.48856279,nan,0.00000000,0,0,0,6.63945627,0.10513045,-0.29182138,1.29182138,-1.01729870
79800,0.35926932,0.35926932,484,1.00000000,0.35926932,nan,0.00000000,0,0,0,5.63174391,0.08164687,-0.04413079,1.04413079,-0.75236070
79900,0.85238594,0.85238594,139,0.99999908,0.85238280,nan,0.00000000,0,0,0,6.23245430,0.25648272,-0.07855757,1.07855757,4.39710108
80000,1.37842607,1.37842607,572,1.00000000,1.37842607,nan,0.00000000,0,0,0,4.06906652,0.03396186,-0.02406202,1.02406202,20.60847092
80100,0.26241079,0.26241079,628,1.00000000,0.26241079,nan,0.00000000,0,0,0,5.91221523,0.13249938,0.28458164,0.71541836,-0.69843462
80200,0.40590513,0.40590513,422,1.00000000,0.40590513,nan,0.00000000,0,0,0,5.96270084,0.07704338,0.21797519,0.78202481,-1.03494706
80300,0.21887159,0.21887159,730,1.00000000,0.21887159,nan,0.00000000,0,0,0,6.19913864,0.05266953,0.10707711,0.89292289,-1.69474113
80400,0.56007504,0.56007504,323,1.00000000,0.56007504,nan,0.00000000,0,0,0,6.08640862,0.11544511,-0.16553264,1.16553264,3.62691486
80500,0.62777591,0.62777591,83,0.99975148,0.62715209,nan,0.00497281,0,0,0,5.91995955,0.17452727,-0.03480024,1.03480024,5.42838917
80600,0.62848413,0.62848413,311,1.00000000,0.62848413,nan,0.00000000,0,0,0,6.57538176,0.16542731,0.28480346,0.71519654,2.69628056
80700,0.40514019,0.40514019,418,1.00000000,0.40514019,nan,0.00000000,0,0,0,6.34101343,0.05333163,0.32608342,0.67391658,2.16706908
80800,0.37795219,0.37795219,428,1.00000000,0.37795219,nan,0.00000000,0,0,0,6.55756378,0.04180671,-0.13970150,1.13970150,-1.03535175
80900,0.41852668,0.41852668,872,1.00000000,0.41852668,nan,0.00000000,0,0,0,7.10278320,0.21832615,-0.17093154,1.17093154,-1.52091281
81000,1.23759866,1.23759866,371,1.00000000,1.23759866,nan,0.00000000,0,0,0,3.80195880,0.04661118,-0.19818708,1.19818708,19.64154689
81100,0.49386325,0.49386325,321,1.00000000,0.49386325,nan,0.05935250,0,0,0,5.33646011,0.14224769,-0.09791154,1.09791154,3.05527583
81200,0.61516905,0.61516905,830,1.00000000,0.61516905,nan,0.00000000,0,0,0,5.67220116,0.08364633,-0.10295612,1.10295612,2.91208998
81300,0.79200709,0.79200709,926,1.00000000,0.79200709,nan,0.00101041,0,0,0,6.36063194,0.06341481,0.06993147,0.93006853,3.15467938
81400,0.55678612,0.55678612,62,0.99797057,0.55228003,nan,0.00000000,0,0,0,6.17371941,0.13787411,0.26289911,0.73710089,3.24882905
81500,0.18753634,0.18753634,173,0.99999997,0.18753632,nan,0.00000000,0,0,0,6.38630867,0.09033928,0.18048535,0.81951465,-1.44790301
81600,0.43028271,0.43028271,560,1.00000000,0.43028271,nan,0.00000000,0,0,0,6.46468687,0.08302229,0.06915551,0.93084449,1.54420400
81700,0.31316197,0.31316197,754,1.00000000,0.31316197,nan,0.00000000,0,0,0,6.48288631,0.03665345,-0.28837729,1.28837729,0.52542377
81800,0.88812047,0.88812047,290,1.00000000,0.88812047,nan,0.00000000,0,0,0,5.58069468,0.13867877,0.18591996,0.81408004,5.39990312
81900,0.33191970,0.33191970,725,1.00000000,0.33191970,nan,0.00000000,0,0,0,6.51777649,0.15109375,0.25336665,0.74663335,-0.89558101
82000,1.15460920,1.15460920,650,1.00000000,1.15460920,nan,0.00000000,0,0,0,3.61845899,0.03224706,-0.06478667,1.06478667,18.50424194
82100,1.30382943,1.30382943,125,0.99999627,1.30381000,nan,0.00000000,0,0,0,5.71577024,0.04845452,0.25666995,0.74333005,7.70035982
82200,0.52083516,0.52083516,621,1.00000000,0.52083516,nan,0.09544565,0,0,0,6.35382748,0.35329729,-0.13698486,1.13698486,3.33825052
82300,1.57786262,1.57786262,44,0.98772266,1.50179017,nan,0.00000000,0,0,0,5.88187790,0.05493355,0.14928839,0.85071161,9.40135193
82400,0.82577151,0.82577151,889,1.00000000,0.82577151,nan,0.00000000,0,0,0,7.02669334,0.08623657,-0.10591547,1.10591547,6.34282287
82500,0.93991482,0.93991482,499,1.00000000,0.93991482,nan,0.00000000,0,0,0,6.13372231,0.06138321,-0.14779477,1.14779477,6.13528619
82600,0.42958412,0.42958412,368,1.00000000,0.42958412,nan,0.00000000,0,0,0,6.79565763,0.04491097,-0.12427404,1.12427404,2.41843420
82700,0.28614011,0.28614011,446,1.00000000,0.28614011,nan,0.00000000,0,0,0,5.89322138,0.09761915,0.16196162,0.83803838,-2.06232905
82800,0.36514968,0.36514968,633,1.00000000,0.36514968,nan,0.00000000,0,0,0,5.62617731,0.06887314,-0.05722510,1.05722510,-0.58140628
82900,0.51453608,0.51453608,454,1.00000000,0.51453608,nan,0.00000000,0,0,0,5.37127113,0.05424810,-0.20976437,1.20976437,2.19822335
83000,1.21938574,1.21938574,277,1.00000000,1.21938574,nan,0.00000000,0,0,0,4.01786804,0.04475426,-0.12382903,1.12382903,18.85583433
83100,0.37513420,0.37513420,492,1.00000000,0.37513420,nan,0.00000000,0,0,0,6.02105761,0.25631088,-0.13197892,1.13197892,2.39036322
83200,0.44045070,0.44045070,398,1.00000000,0.44045070,nan,0.00000000,0,0,0,5.68409443,0.09437451,0.42338437,0.57661563,3.72555602
83300,0.54430550,0.54430550,182,0.99999999,0.54430548,nan,0.00000000,0,0,0,6.59987068,0.02410364,-0.17015895,1.17015895,4.07525166
83400,0.93660802,0.93660802,370,1.00000000,0.93660802,nan,0.00000000,0,0,0,5.30757332,0.10024255,0.01445106,0.98554894,4.83700514
83500,0.96517837,0.96517837,937,1.00000000,0.96517837,nan,0.00000000,0,0,0,6.13267422,0.02878510,0.53061302,0.46938698,6.21011696
83600,0.33808339,0.33808339,721,1.00000000,0.33808339,nan,0.00000000,0,0,0,5.62667179,0.11738820,-0.14990152,1.14990152,-4.27573454
83700,0.43442726,0.43442726,552,1.00000000,0.43442726,nan,0.00000000,0,0,0,5.72312260,0.08875701,0.06521825,0.93478175,-1.61755610
83800,0.44542959,0.44542959,560,1.00000000,0.44542959,nan,0.00000000,0,0,0,5.52676439,0.16096920,0.26503528,0.73496472,0.17734418
83900,0.42426401,0.42426401,628,1.00000000,0.42426401,nan,0.00000000,0,0,0,6.02222204,0.04270311,-0.02192627,1.02192627,-0.34659495
84000,1.19076419,1.19076419,495,1.00000000,1.19076419,nan,0.00000000,0,0,0,3.21742964,0.03972514,-0.13934449,1.13934449,20.46376562
84100,0.53479737,0.53479737,241,1.00000000,0.53479737,nan,0.00000000,0,0,0,5.38832760,0.03560308,0.45687244,0.54312756,0.01262516
84200,0.39684397,0.39684397,568,1.00000000,0.39684397,nan,0.00000000,0,0,0,5.66463280,0.08327864,-0.24189731,1.24189731,-1.64826280
84300,0.91095948,0.91095948,732,1.00000000,0.91095948,nan,0.00000000,0,0,0,5.24255276,0.09400671,0.34201552,0.65798448,7.22070861
84400,0.44234529,0.44234529,227,1.00000000,0.44234529,nan,0.00000000,0,0,0,6.35823584,0.22746314,-0.04251315,1.04251315,1.98054123
84500,0.55460191,0.55460191,239,1.00000000,0.55460191,nan,0.00000000,0,0,0,6.32367945,0.03210742,0.13199685,0.86800315,0.85618389
84600,0.68769062,0.68769062,538,1.00000000,0.68769062,nan,0.00000000,0,0,0,5.72700739,0.06810173,-0.22311577,1.22311577,2.75815860
84700,0.67917269,0.67917269,335,1.00000000,0.67917269,nan,0.01189354,0,0,0,6.81010246,0.05221472,0.21784216,0.78215784,10.39948578
84800,0.72514766,0.72514766,360,1.00000000,0.72514766,nan,0.00000000,0,0,0,7.79504204,0.02812009,-0.26504051,1.26504051,4.90717649
84900,0.91672969,0.91672969,185,0.99999999,0.91672965,nan,0.00000000,0,0,0,5.64195967,0.14762244,-0.00329222,1.00329222,4.79096198
85000,1.11105883,1.11105883,698,1.00000000,1.11105883,nan,0.00000000,0,0,0,2.92823601,0.04852104,-0.21850319,1.21850319,17.72188695
85100,1.29795241,1.29795241,450,1.00000000,1.29795241,nan,0.02210092,0,0,0,7.05027485,0.02102476,0.21460677,0.78539323,9.80376720
85200,0.55073422,0.55073422,530,1.00000000,0.55073422,nan,0.00000000,0,0,0,6.49382496,0.05971238,0.21712661,0.78287339,1.98468453
85300,0.44405901,0.44405901,818,1.00000000,0.44405901,nan,0.00000000,0,0,0,7.66141748,0.16547649,-0.02184186,1.02184186,1.69532590
85400,0.55988687,0.55988687,511,1.00000000,0.55988687,nan,0.00000000,0,0,0,5.82385492,0.03638503,-0.06317837,1.06317837,1.96150323
85500,0.37501749,0.37501749,403,1.00000000,0.37501749,nan,0.00000000,0,0,0,7.80727720,0.04052363,-0.05238261,1.05238261,0.79813677
85600,0.31015188,0.31015188,216,1.00000000,0.31015187,nan,0.00000000,0,0,0,7.34886360,0.04673745,-0.06901627,1.06901627,-0.44192529
85700,0.53917146,0.53917146,726,1.00000000,0.53917146,nan,0.00000000,0,0,0,6.09527588,0.04584839,0.03552804,0.96447196,0.40907609
85800,0.68381256,0.68381256,567,1.00000000,0.68381256,nan,0.00000000,0,0,0,5.81774044,0.05868163,0.37275499,0.62724501,3.46778846
85900,1.07955527,1.07955527,397,1.00000000,1.07955527,nan,0.00000000,0,0,0,6.41660452,0.05539115,0.28305055,0.71694945,3.59914080
86000,0.87321419,0.87321419,516,1.00000000,0.87321419,nan,0.00000000,0,0,0,2.91390133,0.08338730,-0.13505991,1.13505991,15.42903442
86100,0.69239193,0.69239193,156,0.99999983,0.69239147,nan,0.00000000,0,0,0,5.19491768,0.03863966,-0.34076142,1.34076142,5.55793778
86200,0.86150426,0.86150426,585,1.00000000,0.86150426,nan,0.00000000,0,0,0,5.33856058,0.04508222,-0.35289729,1.35289729,2.35575962
86300,0.60936004,0.60936004,267,1.00000000,0.60936004,nan,0.00000000,0,0,0,5.79697227,0.20476395,-0.19321329,1.19321329,-0.00764164
86400,0.51584941,0.51584941,211,1.00000000,0.51584941,nan,0.00985262,0,0,0,5.63114929,0.07679092,0.37592404,0.62407596,1.74630966
86500,0.13556588,0.13556588,815,1.00000000,0.13556588,nan,0.00000000,0,0,0,6.08479261,0.09155944,-0.09191463,1.09191463,0.09629190
86600,0.56989706,0.56989706,563,1.00000000,0.56989706,nan,0.00000000,0,0,0,5.53379393,0.03003226,0.16067105,0.83932895,0.71375486
86700,0.79192573,0.79192573,751,1.00000000,0.79192573,nan,0.00000000,0,0,0,6.03532076,0.04335202,-0.08004726,1.08004726,0.14963949
86800,0.23583879,0.23583879,662,1.00000000,0.23583879,nan,0.00000000,0,0,0,5.32949257,0.03207331,0.27014941,0.72985059,-2.19642210
86900,0.55277187,0.55277187,214,1.00000000,0.55277187,nan,0.00000000,0,0,0,6.28458643,0.03618717,-0.09438339,1.09438339,3.18393660
87000,1.19431746,1.19431746,288,1.00000000,1.19431746,nan,0.00000000,0,0,0,2.98533249,0.04001167,-0.19635310,1.19635310,17.71376546
87100,1.81286860,1.81286860,318,1.00000000,1.81286860,nan,0.00000000,0,0,0,5.30918741,0.05836430,0.24244943,0.75755057,19.79863644
87200,0.49421012,0.49421012,242,1.00000000,0.49421012,nan,0.00000000,0,0,0,5.78854132,0.05203957,0.07090346,0.92909654,-0.36045685
87300,0.93132466,0.93132466,98,0.99994455,0.93111810,nan,0.00000000,0,0,0,5.87615204,0.12278286,0.05399462,0.94600538,7.33520762
87400,0.29224947,0.29224947,658,1.00000000,0.29224947,nan,0.00000000,0,0,0,5.77754688,0.03396818,0.06644232,0.93355768,0.03290629
87500,0.42559394,0.42559394,301,1.00000000,0.42559394,nan,0.00000000,0,0,0,6.21787071,0.02939896,-0.03748834,1.03748834,1.33456135
87600,0.63491333,0.63491333,405,1.00000000,0.63491333,nan,0.00000000,0,0,0,6.24011230,0.14426532,0.02158757,0.97841243,-1.06761193
87700,0.82257551,0.82257551,645,1.00000000,0.82257551,nan,0.00000000,0,0,0,6.86092186,0.12026368,0.14022941,0.85977059,0.97312593
87800,0.78069335,0.78069335,563,1.00000000,0.78069335,nan,0.00000000,0,0,0,6.44668007,0.05122344,0.15328441,0.84671559,2.31325316
87900,0.66950595,0.66950595,633,1.00000000,0.66950595,nan,0.00000000,0,0,0,6.32596111,0.15495732,0.31381305,0.68618695,-0.23307447
88000,1.48419619,1.48419619,564,1.00000000,1.48419619,nan,0.00000000,0,0,0,3.95479369,0.04581398,0.09995482,0.90004518,19.67691231
88100,0.61018056,0.61018056,408,1.00000000,0.61018056,nan,0.07466013,0,0,0,6.15554714,0.03246454,0.03481134,0.96518866,3.36028981
88200,0.56158233,0.56158233,601,1.00000000,0.56158233,nan,0.00000000,0,0,0,6.51983404,0.01739608,0.09174414,0.90825586,2.94889814
88300,0.43376991,0.43376991,456,1.00000000,0.43376991,nan,0.00000000,0,0,0,6.98663187,0.02803700,0.04143996,0.95856004,0.46176267
88400,0.62239784,0.62239784,239,1.00000000,0.62239784,nan,0.00000000,0,0,0,6.92047787,0.03179241,0.25225318,0.74774682,3.59329610
88500,0.63948417,0.63948417,579,1.00000000,0.63948417,nan,0.00000000,0,0,0,7.93575048,0.03391143,0.20899810,0.79100190,3.11614974
88600,0.79962289,0.79962289,550,1.00000000,0.79962289,nan,0.00000000,0,0,0,6.12516212,0.08135598,-0.41337676,1.41337676,3.64854348
88700,0.44073090,0.44073090,586,1.00000000,0.44073090,nan,0.01030390,0,0,0,6.96299887,0.09454884,0.05356716,0.94643284,1.12765250
88800,0.42233247,0.42233247,207,1.00000000,0.42233246,nan,0.00000000,0,0,0,7.53523922,0.03958525,0.26713275,0.73286725,2.44429398
88900,1.08265412,1.08265412,146,0.99999954,1.08265214,nan,0.00000000,0,0,0,6.50084639,0.03634046,-0.12579948,1.12579948,5.50968176
89000,1.33816719,1.33816719,555,1.00000000,1.33816719,nan,0.00000000,0,0,0,3.82107067,0.04232270,0.04752910,0.95247090,19.41368421
89100,0.38647842,0.38647842,349,1.00000000,0.38647842,nan,0.00000000,0,0,0,6.00574970,0.07891212,-0.00667102,1.00667102,-1.37354676
89200,0.25281087,0.25281087,170,0.99999996,0.25281082,nan,0.00000000,0,0,0,6.50207329,0.06082278,0.00158537,0.99841463,0.27017697
89300,0.88174433,0.88174433,373,1.00000000,0.88174433,nan,0.00000000,0,0,0,5.95946312,0.15968511,0.18014018,0.81985982,6.01773047
89400,0.28247339,0.28247339,788,1.00000000,0.28247339,nan,0.00000000,0,0,0,7.20149136,0.02790274,-0.18235184,1.18235184,-3.09198213
89500,0.63143224,0.63143224,1019,1.00000000,0.63143224,nan,0.00000000,0,0,0,7.57138062,0.05118321,0.27816823,0.72183177,2.79367948
89600,1.11727703,1.11727703,756,1.00000000,1.11727703,nan,0.00000000,0,0,0,6.84715939,0.12716839,0.14821915,0.85178085,5.79748678
89700,0.57189536,0.57189536,614,1.00000000,0.57189536,nan,0.00000000,0,0,0,7.69238615,0.10814868,0.25085222,0.74914778,3.04637361
89800,0.60961223,0.60961223,295,1.00000000,0.60961223,nan,0.00000000,0,0,0,6.61770105,0.02047841,-0.08507570,1.08507570,2.53105700
89900,0.51620030,0.51620030,1090,1.00000000,0.51620030,nan,0.00000000,0,0,0,7.44056940,0.06128807,-0.12280170,1.12280170,1.31176126
90000,0.91490978,0.91490978,515,1.00000000,0.91490978,nan,0.00000000,0,0,0,4.16283846,0.06206556,-0.12849901,1.12849901,16.32454014
90100,0.37995037,0.37995037,462,1.00000000,0.37995037,nan,0.05771330,0,0,0,6.58075809,0.04652760,0.18042712,0.81957288,3.41992834
90200,0.32224023,0.32224023,5,0.39346934,0.00772366,nan,0.03287026,0,0,0,6.79216003,0.10630006,0.26208043,0.73791957,0.81956875
90300,1.05370820,1.05370820,46,0.98994816,1.01197592,nan,0.00000000,0,0,0,6.51022243,0.12951785,-0.00714794,1.00714794,10.97866249
90400,0.51878178,0.51878178,813,1.00000000,0.51878178,nan,0.00000000,0,0,0,7.92171907,0.14315422,-0.22054847,1.22054847,1.67544198
90500,0.48003975,0.48003975,171,0.99999996,0.48003967,nan,0.00000000,0,0,0,6.98163795,0.06812429,-0.06184358,1.06184358,1.03287240
90600,1.46496344,1.46496344,597,1.00000000,1.46496344,nan,0.00000000,0,0,0,8.80099392,0.04691432,-0.04827490,1.04827490,12.08199724
90700,0.24216318,0.24216318,504,1.00000000,0.24216318,nan,0.00000000,0,0,0,7.18329191,0.12225580,0.21335254,0.78664746,-1.81982279
90800,0.25309241,0.25309241,262,1.00000000,0.25309241,nan,0.00000000,0,0,0,8.27787018,0.14473431,0.12602826,0.87397174,2.35096771
90900,0.47763729,0.47763729,231,1.00000000,0.47763729,nan,0.00000000,0,0,0,6.98849249,0.08179250,-0.00932916,1.00932916,2.94270164
91000,0.89866364,0.89866364,532,1.00000000,0.89866364,nan,0.00000000,0,0,0,3.03600430,0.10405172,-0.21566459,1.21566459,16.65363240
91100,0.70541519,0.70541519,615,1.00000000,0.70541519,nan,0.00000000,0,0,0,6.70573378,0.01715003,0.36236689,0.63763311,3.78425129
91200,0.96041036,0.96041036,467,1.00000000,0.96041036,nan,0.00000000,0,0,0,6.38968658,0.11335044,-0.21499377,1.21499377,7.83119551
91300,0.43460035,0.43460035,320,1.00000000,0.43460035,nan,0.00000000,0,0,0,6.61230516,0.02943781,0.09710802,0.90289198,-1.39393028
91400,0.29583851,0.29583851,212,1.00000000,0.29583850,nan,0.00000000,0,0,0,5.44222784,0.11348537,-0.31729164,1.31729164,-1.64291732
91500,0.19893941,0.19893941,612,1.00000000,0.19893941,nan,0.00000000,0,0,0,5.52636051,0.05961587,-0.29351551,1.29351551,-2.76794958
91600,1.39547300,1.39547300,423,1.00000000,1.39547300,nan,0.00000000,0,0,0,7.42850733,0.26721621,-0.37452645,1.37452645,11.32295736
91700,0.90099484,0.90099484,786,1.00000000,0.90099484,nan,0.00000000,0,0,0,6.06655693,0.18210959,-0.39521703,1.39521703,2.82262808
91800,0.40211603,0.40211603,92,0.99989896,0.40195354,nan,0.00430150,0,0,0,4.96763611,0.06253584,-0.05630956,1.05630956,-0.48100475
91900,0.26794839,0.26794839,636,1.00000000,0.26794839,nan,0.00000000,0,0,0,6.09779549,0.02952345,-0.09184948,1.09184948,-0.45208412
92000,1.18915653,1.18915653,527,1.00000000,1.18915653,nan,0.00000000,0,0,0,3.31568122,0.06717338,-0.13995843,1.13995843,17.97454325
92100,0.81356883,0.81356883,226,1.00000000,0.81356883,nan,0.23005498,0,0,0,5.75300598,0.20202623,0.13129764,0.86870236,17.84252612
92200,0.30904561,0.30904561,440,1.00000000,0.30904561,nan,0.21306771,0,0,0,6.33373833,0.05625506,0.22803192,0.77196808,-1.96467155
92300,1.15463579,1.15463579,1089,1.00000000,1.15463579,nan,0.00000000,0,0,0,6.60676193,0.01940415,0.29016742,0.70983258,5.98882222
92400,0.18271813,0.18271813,1223,1.00000000,0.18271813,nan,0.00000000,0,0,0,6.72910786,0.02406685,0.02660441,0.97339559,-3.09925742
92500,1.75953805,1.75953805,825,1.00000000,1.75953805,nan,0.00000000,0,0,0,6.18180180,0.04448722,0.32265310,0.67734690,13.61069107
92600,0.67799747,0.67799747,589,1.00000000,0.67799747,nan,0.00000000,0,0,0,6.25395012,0.10191560,0.38713994,0.61286006,1.85194282
92700,0.73971373,0.73971373,178,0.99999998,0.73971367,nan,0.00000000,0,0,0,6.69427395,0.09070776,0.17703255,0.82296745,2.67561680
92800,0.23342830,0.23342830,1176,1.00000000,0.23342830,nan,0.00000000,0,0,0,5.93815804,0.09880964,-0.05254280,1.05254280,-2.87510550
92900,0.51777005,0.51777005,384,1.00000000,0.51777005,nan,0.00000000,0,0,0,6.49333715,0.03939466,-0.19116095,1.19116095,3.30420788
93000,1.74942613,1.74942613,572,1.00000000,1.74942613,nan,0.00000000,0,0,0,3.29384613,0.09740521,-0.36975168,1.36975168,24.54240513
93100,1.41812575,1.41812575,321,1.00000000,1.41812575,nan,0.45725341,0,0,0,4.59431028,0.30807239,0.35164872,0.64835128,23.52933025
93200,0.13858622,0.13858622,471,1.00000000,0.13858622,nan,0.26695218,0,0,0,5.00178862,0.06037805,0.33894434,0.66105566,-2.49793440
93300,0.19657211,0.19657211,579,1.00000000,0.19657211,nan,0.00000000,0,0,0,6.28914833,0.06023617,-0.02516491,1.02516491,-0.74242274
93400,0.65182829,0.65182829,295,1.00000000,0.65182829,nan,0.00000000,0,0,0,7.70813847,0.02480217,0.11446092,0.88553908,3.30046773
93500,0.37357044,0.37357044,944,1.00000000,0.37357044,nan,0.00000000,0,0,0,6.52518463,0.06708031,0.15172957,0.84827043,-0.95880830
93600,0.77947724,0.77947724,419,1.00000000,0.77947724,nan,0.00000000,0,0,0,5.44750786,0.04228206,-0.39021315,1.39021315,3.19122744
93700,0.31271541,0.31271541,363,1.00000000,0.31271541,nan,0.00000000,0,0,0,6.30301857,0.07852009,0.07206729,0.92793271,0.08219070
93800,0.65542549,0.65542549,203,1.00000000,0.65542548,nan,0.00000000,0,0,0,6.51794291,0.05415587,0.39550582,0.60449418,3.74797599
93900,0.52212310,0.52212310,342,1.00000000,0.52212310,nan,0.00000000,0,0,0,5.06965303,0.05649726,0.00234976,0.99765024,3.93069736
94000,1.09264266,1.09264266,302,1.00000000,1.09264266,nan,0.00000000,0,0,0,3.36560702,0.10972999,-0.40485775,1.40485775,18.37091827
94100,1.08984709,1.08984709,1068,1.00000000,1.08984709,nan,0.00000000,0,0,0,6.98169231,0.04203101,-0.12954998,1.12954998,9.72921054
94200,0.54971433,0.54971433,394,1.00000000,0.54971433,nan,0.00000000,0,0,0,4.94061708,0.03894917,-0.04291266,1.04291266,-1.33218177
94300,0.35869986,0.35869986,549,1.00000000,0.35869986,nan,0.00000000,0,0,0,8.50017452,0.06809294,0.42466857,0.57533143,-1.41359401
94400,0.65096027,0.65096027,242,1.00000000,0.65096027,nan,0.00000000,0,0,0,4.99694490,0.06402579,0.44004809,0.55995191,5.65889613
94500,0.22454736,0.22454736,221,1.00000000,0.22454736,nan,0.00000000,0,0,0,8.65917206,0.06106373,0.13262776,0.86737224,0.05415090
94600,0.23283213,0.23283213,220,1.00000000,0.23283213,nan,0.00000000,0,0,0,5.15333652,0.01710775,0.08667975,0.91332025,-1.54675364
94700,0.51025742,0.51025742,485,1.00000000,0.51025742,nan,0.00000000,0,0,0,5.34282541,0.16435106,0.27126062,0.72873938,1.00433868
94800,1.05323195,1.05323195,617,1.00000000,1.05323195,nan,0.00000000,0,0,0,7.92786217,0.04018437,0.24105048,0.75894952,5.58964568
94900,0.69331449,0.69331449,551,1.00000000,0.69331449,nan,0.00000000,0,0,0,5.60457134,0.10362777,-0.14771136,1.14771136,1.64115712
95000,0.91306603,0.91306603,473,1.00000000,0.91306603,nan,0.00000000,0,0,0,3.77828932,0.09984781,-0.30702302,1.30702302,16.60219955
95100,0.88292694,0.88292694,360,1.00000000,0.88292694,nan,0.30557102,0,0,0,5.69105005,0.02417156,-0.04648564,1.04648564,6.09853625
95200,0.63389945,0.63389945,159,0.99999988,0.63389913,nan,0.25747863,0,0,0,4.92634392,0.11194566,0.23214411,0.76785589,4.87094527
95300,0.48998430,0.48998430,578,1.00000000,0.48998430,nan,0.15433562,0,0,0,5.92684364,0.02641766,0.16782134,0.83217866,-1.62589796
95400,0.44147414,0.44147414,213,1.00000000,0.44147414,nan,0.00000000,0,0,0,6.86031389,0.05273386,0.19594187,0.80405813,4.66146326
95500,0.54009509,0.54009509,496,1.00000000,0.54009509,nan,0.00000000,0,0,0,6.68958044,0.11942533,-0.29566922,1.29566922,3.01478672
95600,0.63201326,0.63201326,587,1.00000000,0.63201326,nan,0.00000000,0,0,0,7.48990631,0.16911703,-0.29289222,1.29289222,4.72145589
95700,0.81142730,0.81142730,587,1.00000000,0.81142730,nan,0.00000000,0,0,0,7.03101540,0.13872761,-0.30208661,1.30208661,3.46445808
95800,0.88737911,0.88737911,232,1.00000000,0.88737911,nan,0.00000000,0,0,0,8.37886715,0.27911103,-0.18237512,1.18237512,5.82014910
95900,1.23702896,1.23702896,190,0.99999999,1.23702893,nan,0.00000000,0,0,0,8.47057629,0.18075103,0.28644675,0.71355325,12.98877207
96000,1.27173412,1.27173412,327,1.00000000,1.27173412,nan,0.00000000,0,0,0,4.42003727,0.07247882,-0.08270351,1.08270351,18.23474503
96100,0.42045626,0.42045626,290,1.00000000,0.42045626,nan,0.10208834,0,0,0,6.40784645,0.09129626,-0.18618342,1.18618342,-0.28953332
96200,0.23435672,0.23435672,130,0.99999774,0.23435460,nan,0.04218112,0,0,0,7.96350288,0.04317404,0.09849831,0.90150169,nan
96300,0.52717131,0.52717131,421,1.00000000,0.52717131,nan,0.00000000,0,0,0,7.83011389,0.07118148,0.00305452,0.99694548,6.03555799
96400,0.34877923,0.34877923,756,1.00000000,0.34877923,nan,0.00000000,0,0,0,7.44605160,0.03630203,0.02833469,0.97166531,0.75093691
96500,2.33656096,2.33656096,411,1.00000000,2.33656096,nan,0.00000000,0,0,0,6.92721844,0.10613573,-0.07596962,1.07596962,21.14120483
96600,0.37595290,0.37595290,378,1.00000000,0.37595290,nan,0.00000000,0,0,0,6.91415310,0.05191751,-0.23873181,1.23873181,1.97748259
96700,1.11273301,1.11273301,214,1.00000000,1.11273300,nan,0.00000000,0,0,0,6.38742256,0.12508020,0.25936761,0.74063239,7.24724007
96800,0.22131783,0.22131783,689,1.00000000,0.22131783,nan,0.00000000,0,0,0,6.83358192,0.07635656,0.10866248,0.89133752,-3.12633258
96900,0.29354805,0.29354805,211,1.00000000,0.29354805,nan,0.00000000,0,0,0,5.80175591,0.06728991,-0.07872499,1.07872499,-2.19242716
97000,1.14218664,1.14218664,625,1.00000000,1.14218664,nan,0.00000000,0,0,0,5.10339546,0.10453455,0.17253159,0.82746841,19.03063536
97100,0.49454519,0.49454519,625,1.00000000,0.49454519,nan,0.00000000,0,0,0,6.33970451,0.05903546,-0.11671815,1.11671815,2.50152665
97200,0.49311516,0.49311516,764,1.00000000,0.49311516,nan,0.00000000,0,0,0,6.04684401,0.06629643,-0.24684685,1.24684685,0.56971586
97300,0.43914711,0.43914711,366,1.00000000,0.43914711,nan,0.00000000,0,0,0,7.54651070,0.07433192,0.14940675,0.85059325,0.24619105
97400,0.40821981,0.40821981,785,1.00000000,0.40821981,nan,0.00000000,0,0,0,7.91436243,0.11458138,0.28505572,0.71494428,-3.03245848
97500,0.49805391,0.49805391,259,1.00000000,0.49805391,nan,0.00000000,0,0,0,6.81668282,0.10964920,0.06544465,0.93455535,1.32992363
97600,1.08273637,1.08273637,30,0.95021293,0.88268648,nan,0.00000000,0,0,0,6.63997221,0.06840712,0.31127572,0.68872428,5.76482403
97700,1.33347678,1.33347678,55,0.99591323,1.31181159,nan,0.00000000,0,0,0,6.22176456,0.15994638,0.01104541,0.98895459,9.70384693
97800,0.55079103,0.55079103,345,1.00000000,0.55079103,nan,0.00000000,0,0,0,6.96037292,0.11751432,-0.04971794,1.04971794,3.66065216
97900,0.26580551,0.26580551,184,0.99999999,0.26580550,nan,0.00000000,0,0,0,6.09198570,0.05327694,0.07658137,0.92341863,-3.78646386
98000,0.75430745,0.75430745,615,1.00000000,0.75430745,nan,0.00000000,0,0,0,4.18831396,0.06211535,-0.12019177,1.12019177,15.31206751
98100,1.16689610,1.16689610,369,1.00000000,1.16689610,nan,0.00000000,0,0,0,6.39470816,0.06293833,0.13070589,0.86929411,8.84680843
98200,0.31574237,0.31574237,605,1.00000000,0.31574237,nan,0.00000000,0,0,0,5.62930870,0.05657991,0.03120972,0.96879028,-0.23239954
98300,0.85372996,0.85372996,604,1.00000000,0.85372996,nan,0.00000000,0,0,0,6.07168818,0.03779713,0.34832470,0.65167530,4.47973895
98400,0.65432250,0.65432250,977,1.00000000,0.65432250,nan,0.00000000,0,0,0,6.47893763,0.03883834,0.30666413,0.69333587,-0.17186389
98500,0.75816447,0.75816447,984,1.00000000,0.75816447,nan,0.00000000,0,0,0,5.88950396,0.04709043,0.44980119,0.55019881,2.38282021
98600,0.94728494,0.94728494,217,1.00000000,0.94728494,nan,0.00000000,0,0,0,5.57802200,0.10532457,-0.05300816,1.05300816,6.68338740
98700,0.64295381,0.64295381,843,1.00000000,0.64295381,nan,0.00000000,0,0,0,6.18630314,0.10625535,0.08921885,0.91078115,1.55677140
98800,0.48396710,0.48396710,235,1.00000000,0.48396710,nan,0.00000000,0,0,0,7.27843571,0.06630855,0.07274074,0.92725926,2.26901865
98900,1.04778528,1.04778528,188,0.99999999,1.04778525,nan,0.00000000,0,0,0,6.15503263,0.06900670,-0.49954456,1.49954456,6.04031664
99000,0.57380503,0.57380503,588,1.00000000,0.57380503,nan,0.00000000,0,0,0,6.12687111,0.11017076,-0.25498050,1.25498050,13.57748032
99100,0.71338642,0.71338642,742,1.00000000,0.71338642,nan,0.23566825,0,0,0,7.12358665,0.04044564,0.39891893,0.60108107,1.20821500
99200,1.43876517,1.43876517,133,0.99999833,1.43875553,nan,0.07518438,0,0,0,7.16021919,0.12761569,-0.35038242,1.35038242,9.38814068
99300,0.58288711,0.58288711,278,1.00000000,0.58288711,nan,0.00901868,0,0,0,6.24753618,0.03686264,-0.16214215,1.16214215,3.27234817
99400,0.30296147,0.30296147,1306,1.00000000,0.30296147,nan,0.00000000,0,0,0,6.51685953,0.05047917,0.32856746,0.67143254,-3.20819324
99500,0.65103304,0.65103304,288,1.00000000,0.65103304,nan,0.00000000,0,0,0,6.49375391,0.05307982,0.23228856,0.76771144,3.58765316
99600,0.56821567,0.56821567,789,1.00000000,0.56821567,nan,0.08136828,0,0,0,6.29066229,0.09346863,0.17579608,0.82420392,-1.25122660
99700,0.79728043,0.79728043,408,1.00000000,0.79728043,nan,0.00000000,0,0,0,6.49232817,0.03775556,0.17526742,0.82473258,1.34937918
99800,0.50843316,0.50843316,382,1.00000000,0.50843316,nan,0.00000000,0,0,0,5.80786371,0.11716305,0.04283776,0.95716224,-0.79725516
99900,0.67941880,0.67941880,499,1.00000000,0.67941880,nan,0.00000000,0,0,0,5.76378965,0.15088826,0.22717759,0.77282241,6.23675593
100000,2.71039963,2.71039963,573,1.00000000,2.71039963,nan,0.00000000,0,0,0,5.84018230,0.06993495,-0.05866284,1.05866284,37.37639923
100100,1.20298529,1.20298529,393,1.00000000,1.20298529,nan,0.92105650,0,0,0,7.01598454,0.25080931,-0.05333434,1.05333434,18.00188446
100200,1.21264696,1.21264696,481,1.00000000,1.21264696,nan,1.31776027,0,0,0,7.40739107,0.11275378,0.27026820,0.72973180,16.40330219
100300,1.44575965,1.44575965,304,1.00000000,1.44575965,nan,1.44695869,0,0,0,10.44953442,0.13179649,-0.28807973,1.28807973,17.07763267
100400,0.17717814,0.17717814,405,1.00000000,0.17717814,nan,1.59644930,0,0,0,11.37839890,0.15168960,0.22031361,0.77968639,6.08689499
100500,0.58071488,0.58071488,520,1.00000000,0.58071488,nan,1.63202656,0,0,0,12.50793171,0.32395312,-0.10018440,1.10018440,7.69797738
100600,0.71049458,0.71049458,405,1.00000000,0.71049458,nan,1.50930599,0,0,0,11.96808720,0.11205014,-0.02609031,1.02609031,8.32522376
100700,0.81282300,0.81282300,997,1.00000000,0.81282300,nan,1.33596116,0,0,0,11.60476494,0.11265298,0.08543049,0.91456951,10.40649954
100800,1.78211761,1.78211761,908,1.00000000,1.78211761,nan,1.22712349,0,0,0,9.95822239,0.13451903,-0.10297033,1.10297033,17.84021791
100900,1.17905474,1.17905474,738,1.00000000,1.17905474,nan,1.08803039,0,0,0,9.53625393,0.05560088,-0.02272396,1.02272396,10.85471249
101000,1.05964732,1.05964732,476,1.00000000,1.05964732,nan,1.11594786,0,0,0,6.58645725,0.14411193,0.06432294,0.93567706,18.08892250
101100,0.56860226,0.56860226,1141,1.00000000,0.56860226,nan,1.14406746,0,0,0,9.23408890,0.21341524,0.09829208,0.90170792,5.70493205
101200,0.68697143,0.68697143,634,1.00000000,0.68697143,nan,1.00167973,0,0,0,12.20799923,0.21034805,0.26957339,0.73042661,7.50275731
101300,1.10552168,1.10552168,431,1.00000000,1.10552168,nan,0.88199117,0,0,0,10.11658287,0.27981371,0.22355750,0.77644250,10.51136434
101400,0.18433526,0.18433526,157,0.99999985,0.18433515,nan,0.86237785,0,0,0,9.63670349,0.05844712,0.20019276,0.79980724,1.89346428
101500,0.72243601,0.72243601,609,1.00000000,0.72243601,nan,0.72152466,0,0,0,9.50248432,0.17208703,0.08506990,0.91493010,7.87845540
101600,0.54819804,0.54819804,510,1.00000000,0.54819804,nan,0.56919543,0,0,0,8.41890430,0.09452560,-0.14642040,1.14642040,2.07544661
101700,0.37328753,0.37328753,630,1.00000000,0.37328753,nan,0.46879510,0,0,0,8.67696953,0.15334553,-0.19619687,1.19619687,1.22571882
101800,0.36033577,0.36033577,730,1.00000000,0.36033577,nan,0.42756993,0,0,0,8.14180374,0.06395924,0.05598178,0.94401822,-0.09604239
101900,1.22457719,1.22457719,563,1.00000000,1.22457719,nan,0.25567720,0,0,0,9.80387497,0.06531110,0.02332167,0.97667833,11.62415473
102000,1.36376047,1.36376047,443,1.00000000,1.36376047,nan,0.17440328,0,0,0,6.65941334,0.06780788,-0.33563859,1.33563859,22.76706505
102100,0.41095445,0.41095445,201,1.00000000,0.41095444,nan,0.20939160,0,0,0,10.94828796,0.08240110,-0.03845242,1.03845242,3.37697077
102200,0.34794205,0.34794205,56,0.99630214,0.34282396,nan,0.05128863,0,0,0,8.71776867,0.09197739,-0.07893595,1.07893595,1.98714153
102300,0.35570279,0.35570279,943,1.00000000,0.35570279,nan,0.00000000,0,0,0,8.05872631,0.07657406,0.03239253,0.96760747,1.37708612
102400,0.54438281,0.54438281,325,1.00000000,0.54438281,nan,0.00000000,0,0,0,8.07741833,0.07254837,0.22451240,0.77548760,-0.54401040
102500,0.44352922,0.44352922,361,1.00000000,0.44352922,nan,0.00000000,0,0,0,6.73559475,0.15082373,0.36691322,0.63308678,2.84575558
102600,0.77519560,0.77519560,254,1.00000000,0.77519560,nan,0.00000000,0,0,0,6.45717525,0.08546022,-0.53209286,1.53209286,3.80295479
102700,0.66582304,0.66582304,891,1.00000000,0.66582304,nan,0.00000000,0,0,0,6.09264278,0.05658716,0.32269401,0.67730599,1.00124256
102800,0.48885331,0.48885331,723,1.00000000,0.48885331,nan,0.00000000,0,0,0,7.99122190,0.08503481,-0.05135831,1.05135831,0.65162075
102900,0.96105003,0.96105003,545,1.00000000,0.96105003,nan,0.00000000,0,0,0,5.25976276,0.09927858,0.19570290,0.80429710,2.87297487
103000,1.98596954,1.98596954,537,1.00000000,1.98596954,nan,0.00000000,0,0,0,6.49799109,0.14115933,0.29296582,0.70703418,27.97548103
103100,0.56351107,0.56351107,224,1.00000000,0.56351107,nan,0.11235494,0,0,0,4.28158283,0.07323232,-0.26287855,1.26287855,2.67635846
103200,0.45789549,0.45789549,586,1.00000000,0.45789549,nan,0.00000000,0,0,0,4.79692841,0.05010234,0.38616615,0.61383385,0.91820580
103300,0.38723975,0.38723975,654,1.00000000,0.38723975,nan,0.00000000,0,0,0,4.34080744,0.10339692,-0.04277706,1.04277706,-1.57440692
103400,0.51183593,0.51183593,131,0.99999795,0.51183175,nan,0.00000000,0,0,0,4.70729208,0.15140462,0.13232484,0.86767516,2.13676444
103500,0.73367965,0.73367965,344,1.00000000,0.73367965,nan,0.00000000,0,0,0,4.59299088,0.08628197,-0.00835448,1.00835448,3.91224706
103600,0.74944198,0.74944198,207,1.00000000,0.74944198,nan,0.00000000,0,0,0,4.43385315,0.08050738,-0.09819346,1.09819346,4.56864047
103700,0.48690975,0.48690975,105,0.99997246,0.48685612,nan,0.00000000,0,0,0,3.85530376,0.16653095,-0.10911608,1.10911608,-1.35270421
103800,0.80763251,0.80763251,475,1.00000000,0.80763251,nan,0.00000000,0,0,0,5.76860571,0.07502797,-0.23346181,1.23346181,4.40854025
103900,0.29669946,0.29669946,854,1.00000000,0.29669946,nan,0.00000000,0,0,0,5.71083450,0.11467573,-0.08518571,1.08518571,-0.75379145
104000,1.39589930,1.39589930,563,1.00000000,1.39589930,nan,0.00000000,0,0,0,3.74859452,0.09256895,0.03436522,0.96563478,21.60233053
104100,0.55352330,0.55352330,688,1.00000000,0.55352330,nan,0.00000000,0,0,0,4.00370598,0.10683315,-0.24880090,1.24880090,-1.87071423
104200,0.64508617,0.64508617,543,1.00000000,0.64508617,nan,0.00000000,0,0,0,4.49179220,0.17522335,0.14900431,0.85099569,2.41626415
104300,0.80223864,0.80223864,598,1.00000000,0.80223864,nan,0.00000000,0,0,0,3.57636690,0.08185043,0.61287162,0.38712838,2.79184651
104400,0.93397820,0.93397820,377,1.00000000,0.93397820,nan,0.00000000,0,0,0,3.52036762,0.06004985,0.23544297,0.76455703,6.46467233
104500,0.71462858,0.71462858,542,1.00000000,0.71462858,nan,0.00000000,0,0,0,3.81273389,0.06096647,-0.20280435,1.20280435,-1.01146054
104600,0.88527435,0.88527435,108,0.99997960,0.88520212,nan,0.00000000,0,0,0,3.60060620,0.06358539,-0.30100729,1.30100729,4.28611962
104700,0.79881585,0.79881585,228,1.00000000,0.79881585,nan,0.00000000,0,0,0,4.04426050,0.08572112,-0.26767632,1.26767632,0.91305342
104800,0.65965253,0.65965253,368,1.00000000,0.65965253,nan,0.00000000,0,0,0,3.84452653,0.06739584,0.10025168,0.89974832,-2.01752496
104900,0.61443174,0.61443174,468,1.00000000,0.61443174,nan,0.00000000,0,0,0,3.88862443,0.07767262,0.11953472,0.88046528,2.85547264
105000,1.61300981,1.61300981,347,1.00000000,1.61300981,nan,0.00000000,0,0,0,4.95399857,0.10521308,0.07339990,0.92660010,21.08039284
105100,0.63873649,0.63873649,595,1.00000000,0.63873649,nan,0.00000000,0,0,0,3.50004244,0.08595809,0.21950963,0.78049037,1.54690942
105200,0.59866738,0.59866738,470,1.00000000,0.59866738,nan,0.00000000,0,0,0,3.44171524,0.04409780,0.52680902,0.47319098,-3.79720658
105300,0.52879333,0.52879333,124,0.99999588,0.52878462,nan,0.00000000,0,0,0,3.77113771,0.06415872,0.25253971,0.74746029,-0.11000641
105400,0.65595871,0.65595871,287,1.00000000,0.65595871,nan,0.00000000,0,0,0,3.43053484,0.06888689,0.32712165,0.67287835,-0.65923800
105500,0.68396336,0.68396336,88,0.99984927,0.68355107,nan,0.00000000,0,0,0,3.71378446,0.07174734,0.33177623,0.66822377,1.77414140
105600,0.35702449,0.35702449,302,1.00000000,0.35702449,nan,0.00000000,0,0,0,3.86704850,0.07848394,0.49773166,0.50226834,-1.16877862
105700,0.59638536,0.59638536,112,0.99998633,0.59635274,nan,0.00000000,0,0,0,4.11348915,0.10323018,0.23538408,0.76461592,-1.43036608
105800,0.30059341,0.30059341,128,0.99999724,0.30059009,nan,0.00000000,0,0,0,4.50969267,0.12948881,-0.13301082,1.13301082,-2.25008464
105900,0.41456610,0.41456610,396,1.00000000,0.41456610,nan,0.00000000,0,0,0,3.86205387,0.10678466,-0.27382381,1.27382381,-2.72901702
106000,1.61470461,1.61470461,945,1.00000000,1.61470461,nan,0.00000000,0,0,0,3.56969666,0.11169343,-0.04038252,1.04038252,24.98938179
106100,0.56384587,0.56384587,343,1.00000000,0.56384587,nan,0.00000000,0,0,0,3.31452203,0.03619158,-0.09850202,1.09850202,-3.19746906
106200,0.46167719,0.46167719,579,1.00000000,0.46167719,nan,0.00000000,0,0,0,4.01070738,0.08350677,-0.11704364,1.11704364,-0.16003446
106300,0.46078354,0.46078354,1182,1.00000000,0.46078354,nan,0.00000000,0,0,0,3.26736879,0.05684622,-0.04021613,1.04021613,-4.69303664
106400,0.36631066,0.36631066,398,1.00000000,0.36631066,nan,0.00000000,0,0,0,3.27117515,0.08883917,-0.11728925,1.11728925,-2.58650374
106500,0.56482303,0.56482303,584,1.00000000,0.56482303,nan,0.00000000,0,0,0,3.69822097,0.02896389,0.10160119,0.89839881,2.49490279
106600,1.00738287,1.00738287,155,0.99999981,1.00738212,nan,0.00000000,0,0,0,3.39857864,0.04752881,-0.03795031,1.03795031,7.35173726
106700,0.53192985,0.53192985,399,1.00000000,0.53192985,nan,0.00000000,0,0,0,3.51328921,0.22893861,0.33543049,0.66456951,-0.11470993
106800,0.78532815,0.78532815,97,0.99993872,0.78513566,nan,0.00000000,0,0,0,3.31516695,0.07679033,0.09449613,0.90550387,0.51093813
106900,0.46042961,0.46042961,235,1.00000000,0.46042961,nan,0.00000000,0,0,0,3.42404222,0.04909921,0.42063194,0.57936806,-3.80536681
107000,1.39839232,1.39839232,562,1.00000000,1.39839232,nan,0.00000000,0,0,0,3.52145791,0.11493424,0.02033358,0.97966642,21.23172989
107100,0.67563182,0.67563182,259,1.00000000,0.67563182,nan,0.03370803,0,0,0,3.10852385,0.03951696,0.16751825,0.83248175,-0.93274684
107200,0.34976134,0.34976134,566,1.00000000,0.34976134,nan,0.00000000,0,0,0,3.23956943,0.04830710,0.00943652,0.99056348,-5.15503367
107300,0.56813753,0.56813753,465,1.00000000,0.56813753,nan,0.00000000,0,0,0,3.92436385,0.07317694,-0.46326276,1.46326276,0.15043495
107400,0.62611169,0.62611169,582,1.00000000,0.62611169,nan,0.00000000,0,0,0,4.05064487,0.08580977,-0.05403114,1.05403114,0.40017629
107500,0.42863861,0.42863861,354,1.00000000,0.42863861,nan,0.00000000,0,0,0,3.36321998,0.07780903,-0.14097072,1.14097072,-2.64130739
107600,0.71907419,0.71907419,596,1.00000000,0.71907419,nan,0.00000000,0,0,0,3.06294084,0.01763070,-0.42040161,1.42040161,0.31783624
107700,2.68527389,2.68527389,556,1.00000000,2.68527389,nan,0.00000000,0,0,0,2.90196180,0.13529195,-0.15634852,1.15634852,19.90620308
107800,0.48342454,0.48342454,1026,1.00000000,0.48342454,nan,0.00000000,0,0,0,3.28781652,0.04328518,0.08596095,0.91403905,-3.64483150
107900,0.69801879,0.69801879,676,1.00000000,0.69801879,nan,0.00000000,0,0,0,3.60249925,0.06765906,0.39876220,0.60123780,-0.15062292
108000,1.25117731,1.25117731,732,1.00000000,1.25117731,nan,0.00000000,0,0,0,3.29829955,0.14870669,-0.10880547,1.10880547,21.22016843
108100,0.73109013,0.73109013,453,1.00000000,0.73109013,nan,0.03012915,0,0,0,3.45969892,0.03851661,0.09004174,0.90995826,4.22474957
108200,0.93570858,0.93570858,556,1.00000000,0.93570858,nan,0.00000000,0,0,0,2.95094514,0.08094504,-0.32330115,1.32330115,1.52336419
108300,0.58287269,0.58287269,488,1.00000000,0.58287269,nan,0.00000000,0,0,0,2.93616915,0.05690857,-0.42900798,1.42900798,-1.83900499
108400,0.29812652,0.29812652,196,1.00000000,0.29812652,nan,0.00000000,0,0,0,2.73493457,0.05345223,-0.16324563,1.16324563,-3.95462558
108500,0.98874271,0.98874271,712,1.00000000,0.98874271,nan,0.00000000,0,0,0,3.18449378,0.14043413,-0.14407398,1.14407398,2.30369492
108600,0.56266618,0.56266618,549,1.00000000,0.56266618,nan,0.00000000,0,0,0,2.93597126,0.07009746,0.18832123,0.81167877,-1.63962641
108700,0.39485994,0.39485994,655,1.00000000,0.39485994,nan,0.00000000,0,0,0,2.86046147,0.06080231,-0.15973710,1.15973710,-4.27515268
108800,0.29552114,0.29552114,542,1.00000000,0.29552114,nan,0.00000000,0,0,0,2.74654698,0.05421248,-0.07204781,1.07204781,-3.62143719
108900,0.50895053,0.50895053,533,1.00000000,0.50895053,nan,0.00000000,0,0,0,3.02934480,0.07165162,-0.20356487,1.20356487,-2.62757224
109000,1.17285419,1.17285419,741,1.00000000,1.17285419,nan,0.00000000,0,0,0,3.32205248,0.08306963,-0.08733274,1.08733274,21.44922066
109100,0.64454150,0.64454150,569,1.00000000,0.64454150,nan,0.06994127,0,0,0,3.19804168,0.09324162,-0.21145508,1.21145508,nan
109200,0.61493009,0.61493009,727,1.00000000,0.61493009,nan,0.00000000,0,0,0,3.59788346,0.04888509,0.33093770,0.66906230,2.25636122
109300,0.58877134,0.58877134,381,1.00000000,0.58877134,nan,0.00000000,0,0,0,2.91145229,0.10082082,-0.08264442,1.08264442,-4.76406527
109400,0.15008634,0.15008634,220,1.00000000,0.15008634,nan,0.00000000,0,0,0,2.88063312,0.03946351,-0.06931344,1.06931344,-6.94087728
109500,0.52479416,0.52479416,591,1.00000000,0.52479416,nan,0.00000000,0,0,0,2.94722319,0.03225689,-0.12520367,1.12520367,-3.09456718
109600,0.82368416,0.82368416,214,1.00000000,0.82368415,nan,0.00000000,0,0,0,3.06669831,0.02805751,0.31945391,0.68054609,0.28937414
109700,0.39411244,0.39411244,297,1.00000000,0.39411244,nan,0.00000000,0,0,0,3.32274961,0.05327472,0.03334355,0.96665645,-3.40202940
109800,0.26159692,0.26159692,617,1.00000000,0.26159692,nan,0.00000000,0,0,0,3.35041809,0.03550112,-0.37549810,1.37549810,-5.89456403
109900,0.27569211,0.27569211,348,1.00000000,0.27569211,nan,0.00000000,0,0,0,3.95330429,0.14964597,-0.21125949,1.21125949,-2.14815652
110000,1.29680467,1.29680467,537,1.00000000,1.29680467,nan,0.00000000,0,0,0,3.37960768,0.13066819,-0.20445638,1.20445638,22.18028895
110100,0.75799853,0.75799853,555,1.00000000,0.75799853,nan,0.50422212,0,0,0,3.30094814,0.09270058,0.40256861,0.59743139,9.30809116
110200,0.57297462,0.57297462,335,1.00000000,0.57297462,nan,0.37376401,0,0,0,3.48357487,0.04504247,0.28875523,0.71124477,3.08437467
110300,1.10613430,1.10613430,490,1.00000000,1.10613430,nan,0.20184376,0,0,0,3.45071578,0.04321308,-0.59270475,1.59270475,5.07969081
110400,0.27319396,0.27319396,154,0.99999979,0.27319373,nan,0.03432973,0,0,0,3.52487922,0.03615070,-0.15891695,1.15891695,-2.66075134
110500,0.47664711,0.47664711,507,1.00000000,0.47664711,nan,0.00000000,0,0,0,3.64031386,0.07854833,0.28090674,0.71909326,-0.59206327
110600,0.58571368,0.58571368,348,1.00000000,0.58571368,nan,0.00000000,0,0,0,3.45087552,0.05114318,-0.34871738,1.34871738,-0.61635693
110700,0.39719036,0.39719036,511,1.00000000,0.39719036,nan,0.00000000,0,0,0,3.46128845,0.10827982,0.25861551,0.74138449,-1.71466765
110800,0.29988110,0.29988110,685,1.00000000,0.29988110,nan,0.05408638,0,0,0,4.61064339,0.10363821,0.01385867,0.98614133,-0.34957234
110900,0.24428087,0.24428087,60,0.99752125,0.24186782,nan,0.00000000,0,0,0,4.29309273,0.09808486,0.25889613,0.74110387,-2.24783699
111000,0.79012835,0.79012835,668,1.00000000,0.79012835,nan,0.00000000,0,0,0,5.69763613,0.15662153,-0.08602303,1.08602303,16.63886147
111100,0.47986162,0.47986162,228,1.00000000,0.47986162,nan,0.00000000,0,0,0,4.13047361,0.10490832,0.15774184,0.84225816,0.54989461
111200,0.60817546,0.60817546,479,1.00000000,0.60817546,nan,0.00000000,0,0,0,4.26734829,0.03129454,0.10294131,0.89705869,-0.96792424
111300,1.05346131,1.05346131,566,1.00000000,1.05346131,nan,0.00000000,0,0,0,4.70648813,0.16025758,0.27393497,0.72606503,5.41234565
111400,0.82937074,0.82937074,101,0.99995892,0.82923446,nan,0.00000000,0,0,0,4.61457682,0.20936039,-0.39527795,1.39527795,4.54050549
111500,1.64608598,1.64608598,529,1.00000000,1.64608598,nan,0.00000000,0,0,0,4.65630007,0.04910353,0.17775590,0.82224410,12.38137404
111600,0.63417631,0.63417631,820,1.00000000,0.63417631,nan,0.00000000,0,0,0,5.61949396,0.07494772,-0.04668728,1.04668728,2.75506216
111700,0.36631522,0.36631522,418,1.00000000,0.36631522,nan,0.00000000,0,0,0,4.25196266,0.02345935,0.07020827,0.92979173,-2.44624740
111800,0.55417645,0.55417645,48,0.99177025,0.53615749,nan,0.00000000,0,0,0,4.48159599,0.03778546,-0.18334335,1.18334335,-2.06278902
111900,0.44487095,0.44487095,666,1.00000000,0.44487095,nan,0.00000000,0,0,0,3.54272556,0.05991962,0.00587732,0.99412268,-0.35492116
112000,1.71640158,1.71640158,213,1.00000000,1.71640157,nan,0.00000000,0,0,0,3.28081441,0.12483883,-0.08762549,1.08762549,25.77696800
112100,0.30464748,0.30464748,282,1.00000000,0.30464748,nan,0.04089488,0,0,0,3.96582460,0.10578544,-0.15724675,1.15724675,-0.85859299
112200,0.72488660,0.72488660,213,1.00000000,0.72488659,nan,0.00000000,0,0,0,3.58614182,0.09162974,0.16258090,0.83741910,0.39247902
112300,1.05724800,1.05724800,123,0.99999545,1.05722875,nan,0.00000000,0,0,0,4.07527447,0.13759910,-0.35193267,1.35193267,5.23067927
112400,0.44159949,0.44159949,635,1.00000000,0.44159949,nan,0.00000000,0,0,0,4.28999710,0.07453685,-0.29549510,1.29549510,-2.55548096
112500,0.46796179,0.46796179,154,0.99999979,0.46796140,nan,0.00000000,0,0,0,6.91005468,0.05205116,-0.13026214,1.13026214,1.09606302
112600,0.28899133,0.28899133,471,1.00000000,0.28899133,nan,0.00000000,0,0,0,3.92657804,0.06534255,-0.30686853,1.30686853,0.50978573
112700,0.47955841,0.47955841,537,1.00000000,0.47955841,nan,0.00000000,0,0,0,4.03267574,0.14848450,0.30262525,0.69737475,0.96494493
112800,0.52383924,0.52383924,1100,1.00000000,0.52383924,nan,0.00000000,0,0,0,3.63155460,0.03590742,-0.30916423,1.30916423,-3.20566380
112900,0.91670078,0.91670078,753,1.00000000,0.91670078,nan,0.00000000,0,0,0,5.28579521,0.05223477,-0.36775857,1.36775857,5.31297239
113000,0.98399574,0.98399574,932,1.00000000,0.98399574,nan,0.00000000,0,0,0,4.80742502,0.13301975,-0.09335244,1.09335244,15.82169008
113100,1.63021970,1.63021970,425,1.00000000,1.63021970,nan,0.00000000,0,0,0,4.84062529,0.08686863,0.38917121,0.61082879,10.85919984
113200,0.93484855,0.93484855,552,1.00000000,0.93484855,nan,0.00000000,0,0,0,3.98913789,0.04808864,0.60605240,0.39394760,2.50897121
113300,1.03884590,1.03884590,688,1.00000000,1.03884590,nan,0.00000000,0,0,0,3.76924682,0.09737824,-0.34081450,1.34081450,2.48492985
113400,0.51373792,0.51373792,441,1.00000000,0.51373792,nan,0.00000000,0,0,0,5.95498753,0.09756560,0.00818524,0.99181476,0.12436426
113500,0.22738081,0.22738081,740,1.00000000,0.22738081,nan,0.00000000,0,0,0,5.46034241,0.03817715,0.10773716,0.89226284,-2.44766903
113600,1.17496681,1.17496681,272,1.00000000,1.17496681,nan,0.00000000,0,0,0,4.58969164,0.09270744,-0.03350314,1.03350314,4.79185367
113700,1.36870027,1.36870027,203,1.00000000,1.36870026,nan,0.00000000,0,0,0,4.09925652,0.08034871,-0.49847867,1.49847867,8.14473572
113800,0.99714810,0.99714810,973,1.00000000,0.99714810,nan,0.00000000,0,0,0,6.48933220,0.04253784,0.25137241,0.74862759,6.76277542
113900,0.49174806,0.49174806,343,1.00000000,0.49174806,nan,0.00000000,0,0,0,4.73062325,0.03573466,-0.17755118,1.17755118,0.09057816
114000,1.29907358,1.29907358,733,1.00000000,1.29907358,nan,0.00000000,0,0,0,2.54930758,0.06724779,-0.21647324,1.21647324,21.52239132
114100,0.30550539,0.30550539,911,1.00000000,0.30550539,nan,0.00000000,0,0,0,4.64965630,0.09072574,0.23178899,0.76821101,0.56118234
114200,0.46884707,0.46884707,156,0.99999983,0.46884675,nan,0.00000000,0,0,0,4.05056429,0.02548572,0.49935158,0.50064842,-2.00013169
114300,0.24013492,0.24013492,975,1.00000000,0.24013492,nan,0.00000000,0,0,0,3.90451145,0.04651199,-0.19191833,1.19191833,nan
114400,0.31323692,0.31323692,148,0.99999963,0.31323645,nan,0.00000000,0,0,0,4.07837009,0.07419270,-0.29863078,1.29863078,-5.60734367
114500,0.73549110,0.73549110,177,0.99999998,0.73549104,nan,0.00000000,0,0,0,4.51631403,0.10565570,0.52682205,0.47317795,0.35172180
114600,0.89567482,0.89567482,572,1.00000000,0.89567482,nan,0.00000000,0,0,0,4.84861231,0.10259119,0.28943460,0.71056540,8.16920137
114700,0.89718342,0.89718342,654,1.00000000,0.89718342,nan,0.00000000,0,0,0,4.27382421,0.06399685,0.02895793,0.97104207,3.51471907
114800,0.69944596,0.69944596,97,0.99993872,0.69927452,nan,0.00000000,0,0,0,4.89846659,0.09177563,-0.14874713,1.14874713,2.33569043
114900,0.82759547,0.82759547,69,0.99899221,0.82426436,nan,0.00000000,0,0,0,4.09723854,0.09967276,0.39580024,0.60419976,5.29896275
115000,1.16729677,1.16729677,417,1.00000000,1.16729677,nan,0.00000000,0,0,0,6.92267036,0.18505491,-0.12820747,1.12820747,20.26615206
115100,0.67448741,0.67448741,398,1.00000000,0.67448741,nan,0.03162528,0,0,0,6.31446981,0.17973250,0.00618679,0.99381321,5.64479232
115200,0.25790423,0.25790423,1031,1.00000000,0.25790423,nan,0.00000000,0,0,0,4.46588802,0.13446246,0.33897997,0.66102003,-4.18735427
115300,0.97040200,0.97040200,331,1.00000000,0.97040200,nan,0.00000000,0,0,0,4.92326880,0.04774795,0.14749541,0.85250459,5.77592534
115400,0.67941856,0.67941856,555,1.00000000,0.67941856,nan,0.00000000,0,0,0,4.55263758,0.06238319,-0.11950294,1.11950294,-0.31058514
115500,0.22463782,0.22463782,1594,1.00000000,0.22463782,nan,0.00000000,0,0,0,5.53876257,0.03428779,-0.27674175,1.27674175,-0.85166669
115600,0.29743767,0.29743767,66,0.99863963,0.29582247,nan,0.00000000,0,0,0,6.84200954,0.11632691,0.12299423,0.87700577,-0.65543771
115700,1.19744575,1.19744575,226,1.00000000,1.19744575,nan,0.00000000,0,0,0,6.58167362,0.08719094,0.52408156,0.47591844,4.82952499
115800,0.99756241,0.99756241,751,1.00000000,0.99756241,nan,0.00000000,0,0,0,5.73500872,0.08339833,-0.34871466,1.34871466,3.74852300
115900,0.53839409,0.53839409,957,1.00000000,0.53839409,nan,0.00000000,0,0,0,7.30417728,0.04096220,-0.45074363,1.45074363,1.97195542
116000,0.65075493,0.65075493,750,1.00000000,0.65075493,nan,0.00000000,0,0,0,5.47248077,0.08907064,-0.03263009,1.03263009,14.65980320
116100,0.64083982,0.64083982,329,1.00000000,0.64083982,nan,0.15529596,0,0,0,5.68388557,0.11707481,-0.09647872,1.09647872,2.27594550
116200,0.35051164,0.35051164,610,1.00000000,0.35051164,nan,0.00000000,0,0,0,5.07356119,0.08105470,0.10378605,0.89621395,-1.63212636
116300,0.29551819,0.29551819,356,1.00000000,0.29551819,nan,0.00000000,0,0,0,6.85016680,0.05653144,0.28851404,0.71148596,-1.30249770
116400,0.50153232,0.50153232,720,1.00000000,0.50153232,nan,0.00000000,0,0,0,6.53208351,0.07273018,-0.07160182,1.07160182,-3.01651297
116500,1.61693144,1.61693144,31,0.95495080,1.34466961,nan,0.00000000,0,0,0,6.96656799,0.08120244,0.22610839,0.77389161,13.06245565
116600,0.48551431,0.48551431,503,1.00000000,0.48551431,nan,0.00000000,0,0,0,6.25438929,0.08366743,-0.42017355,1.42017355,2.49036527
116700,0.90202057,0.90202057,226,1.00000000,0.90202057,nan,0.00000000,0,0,0,7.57484436,0.23624781,0.01337777,0.98662223,5.05871665
116800,0.43253082,0.43253082,834,1.00000000,0.43253082,nan,0.00000000,0,0,0,6.37522268,0.05208606,-0.04940752,1.04940752,-1.28414273
116900,0.38582543,0.38582543,508,1.00000000,0.38582543,nan,0.00000000,0,0,0,7.02738619,0.05506760,0.42499800,0.57500200,0.94270623
117000,0.86476731,0.86476731,1075,1.00000000,0.86476731,nan,0.00000000,0,0,0,4.31366301,0.13181655,0.04461586,0.95538414,17.28995776
117100,0.78187609,0.78187609,250,1.00000000,0.78187609,nan,0.00000000,0,0,0,7.54650879,0.11277506,0.15400520,0.84599480,5.12609657
117200,0.70846194,0.70846194,270,1.00000000,0.70846194,nan,0.00000000,0,0,0,6.10200500,0.03890465,0.12570440,0.87429560,2.95891019
117300,0.37223536,0.37223536,226,1.00000000,0.37223536,nan,0.00000000,0,0,0,7.67911291,0.08277179,-0.17310138,1.17310138,-0.53385234
117400,0.49463511,0.49463511,426,1.00000000,0.49463511,nan,0.00000000,0,0,0,6.44160604,0.09392688,0.11955870,0.88044130,-1.34013510
117500,1.01601744,1.01601744,623,1.00000000,1.01601744,nan,0.00000000,0,0,0,5.40448666,0.10402724,-0.39271234,1.39271234,2.86601051
117600,0.56461650,0.56461650,493,1.00000000,0.56461650,nan,0.00000000,0,0,0,5.51092291,0.04825569,0.50344912,0.49655088,2.99924016
117700,1.72230053,1.72230053,287,1.00000000,1.72230053,nan,0.00000000,0,0,0,7.53068352,0.11516783,-0.32182133,1.32182133,16.00474834
117800,0.53247273,0.53247273,444,1.00000000,0.53247273,nan,0.00000000,0,0,0,7.89597082,0.05904295,-0.18344279,1.18344279,2.21421927
117900,0.36668247,0.36668247,978,1.00000000,0.36668247,nan,0.00000000,0,0,0,6.72783136,0.08287533,0.30150990,0.69849010,0.13284212
118000,0.53637254,0.53637254,861,1.00000000,0.53637254,nan,0.00000000,0,0,0,3.96070099,0.13395315,-0.15081740,1.15081740,13.88291041
118100,0.39990738,0.39990738,299,1.00000000,0.39990738,nan,0.00000000,0,0,0,7.93033361,0.06641445,0.16576098,0.83423902,1.67650600
118200,0.58819062,0.58819062,547,1.00000000,0.58819062,nan,0.00000000,0,0,0,7.80650520,0.06567662,-0.39911051,1.39911051,1.55474774
118300,0.71875405,0.71875405,332,1.00000000,0.71875405,nan,0.00000000,0,0,0,7.06647015,0.05538544,-0.21446464,1.21446464,4.17403585
118400,1.25808060,1.25808060,349,1.00000000,1.25808060,nan,0.00000000,0,0,0,9.41952133,0.08118323,-0.25262277,1.25262277,11.14963102
118500,0.50573814,0.50573814,495,1.00000000,0.50573814,nan,0.00000000,0,0,0,7.20993280,0.03948300,0.34575684,0.65424316,0.74732248
118600,0.57787877,0.57787877,189,0.99999999,0.57787876,nan,0.00000000,0,0,0,7.48911858,0.09516292,0.10212693,0.89787307,2.98316770
118700,0.60246867,0.60246867,1248,1.00000000,0.60246867,nan,0.00000000,0,0,0,9.48020935,0.10028015,-0.12767494,1.12767494,0.66513038
118800,0.64906013,0.64906013,270,1.00000000,0.64906013,nan,0.00000000,0,0,0,8.97007370,0.28782934,-0.18593064,1.18593064,1.94604182
118900,0.62231398,0.62231398,391,1.00000000,0.62231398,nan,0.00000000,0,0,0,7.49910069,0.05054225,-0.08955964,1.08955964,4.31097299
119000,1.08113396,1.08113396,700,1.00000000,1.08113396,nan,0.00000000,0,0,0,4.29810619,0.15184543,0.07243872,0.92756128,18.66765928
119100,0.73293996,0.73293996,104,0.99996957,0.73285074,nan,0.00000000,0,0,0,6.38418102,0.08101514,-0.47414196,1.47414196,4.33995215
119200,1.03955221,1.03955221,163,0.99999992,1.03955187,nan,0.00000000,0,0,0,8.26721001,0.21512820,0.02029761,0.97970239,8.13727331
119300,0.21636207,0.21636207,485,1.00000000,0.21636207,nan,0.00000000,0,0,0,6.28351784,0.04493745,-0.02472571,1.02472571,-1.66566360
119400,0.60645777,0.60645777,450,1.00000000,0.60645777,nan,0.00000000,0,0,0,6.10328913,0.04284646,0.39732122,0.60267878,2.61240548
119500,0.51055527,0.51055527,894,1.00000000,0.51055527,nan,0.00000000,0,0,0,7.45475245,0.06842164,0.43620906,0.56379094,nan
119600,0.60689104,0.60689104,355,1.00000000,0.60689104,nan,0.00000000,0,0,0,7.21455908,0.10537939,0.27087588,0.72912412,5.03173816
119700,0.30961749,0.30961749,566,1.00000000,0.30961749,nan,0.00000000,0,0,0,8.57346630,0.19102834,-0.25985847,1.25985847,-2.53948363
119800,0.52543235,0.52543235,517,1.00000000,0.52543235,nan,0.00000000,0,0,0,6.27448463,0.14317936,-0.12485726,1.12485726,4.98250217
119900,0.54442996,0.54442996,856,1.00000000,0.54442996,nan,0.00000000,0,0,0,5.27005816,0.11867733,-0.19992977,1.19992977,0.82661113
120000,0.86695170,0.86695170,705,1.00000000,0.86695170,nan,0.00000000,0,0,0,4.40078735,0.12805046,0.04349969,0.95650031,17.31967878
120100,0.57135797,0.57135797,944,1.00000000,0.57135797,nan,0.00000000,0,0,0,7.68817997,0.10991239,-0.38324950,1.38324950,1.66421700
120200,0.60444134,0.60444134,573,1.00000000,0.60444134,nan,0.00000000,0,0,0,6.20281410,0.07770062,-0.05787603,1.05787603,-0.37278986
120300,0.36282980,0.36282980,163,0.99999992,0.36282968,nan,0.00000000,0,0,0,6.69505215,0.08228721,-0.32439153,1.32439153,0.07834548
120400,0.83896929,0.83896929,605,1.00000000,0.83896929,nan,0.00000000,0,0,0,8.71416378,0.06959759,0.09152250,0.90847750,2.53064775
120500,0.34188378,0.34188378,201,1.00000000,0.34188378,nan,0.00000000,0,0,0,7.85309410,0.12585278,-0.26767882,1.26767882,-1.54271889
120600,0.80150121,0.80150121,230,1.00000000,0.80150121,nan,0.00000000,0,0,0,6.46608973,0.06434829,0.36652902,0.63347098,5.65961091
120700,0.57213044,0.57213044,203,1.00000000,0.57213044,nan,0.00000000,0,0,0,5.38573265,0.16663277,0.04986454,0.95013546,1.17697251
120800,0.23668368,0.23668368,1032,1.00000000,0.23668368,nan,0.00000000,0,0,0,7.46200991,0.09730131,0.26672884,0.73327116,-3.55195522
120900,0.48703352,0.48703352,492,1.00000000,0.48703352,nan,0.00000000,0,0,0,7.67459679,0.11822188,-0.13291619,1.13291619,4.59027600
121000,1.09825599,1.09825599,690,1.00000000,1.09825599,nan,0.00000000,0,0,0,2.93597770,0.05359175,-0.16713233,1.16713233,19.59696274
121100,0.53843594,0.53843594,957,1.00000000,0.53843594,nan,0.00000000,0,0,0,7.16128635,0.08801655,-0.27200499,1.27200499,2.87843966
121200,0.52681333,0.52681333,1138,1.00000000,0.52681333,nan,0.00000000,0,0,0,8.48866940,0.12551826,-0.36784417,1.36784417,0.25480998
121300,0.86216086,0.86216086,114,0.99998880,0.86212225,nan,0.00000000,0,0,0,6.60931969,0.08564254,0.11935830,0.88064170,6.03805447
121400,0.56330383,0.56330383,64,0.99833844,0.55956930,nan,0.00000000,0,0,0,7.82239771,0.11080045,-0.10135958,1.10135958,3.81449056
121500,0.74798703,0.74798703,196,1.00000000,0.74798702,nan,0.00000000,0,0,0,6.24666500,0.05400435,0.09881453,0.90118547,3.42616630
121600,0.43100643,0.43100643,999,1.00000000,0.43100643,nan,0.00000000,0,0,0,8.51457882,0.04385872,0.14197491,0.85802509,1.44111478
121700,0.55599523,0.55599523,950,1.00000000,0.55599523,nan,0.00000000,0,0,0,6.91017485,0.24204063,0.13996258,0.86003742,3.39270978
121800,0.34211075,0.34211075,1109,1.00000000,0.34211075,nan,0.00000000,0,0,0,8.02898312,0.08393386,0.23279708,0.76720292,-0.83959556
121900,0.49203640,0.49203640,428,1.00000000,0.49203640,nan,0.00000000,0,0,0,7.85181522,0.09989930,0.05294952,0.94705048,-1.45308296
122000,0.99483585,0.99483585,841,1.00000000,0.99483585,nan,0.00000000,0,0,0,4.06128263,0.08432061,-0.10575090,1.10575090,16.55865733
122100,0.61512130,0.61512130,384,1.00000000,0.61512130,nan,0.00000000,0,0,0,5.45370483,0.08785412,-0.22160501,1.22160501,6.63501456
122200,1.06370032,1.06370032,817,1.00000000,1.06370032,nan,0.00000000,0,0,0,8.08008671,0.10755315,-0.34900748,1.34900748,4.52776901
122300,1.69501054,1.69501054,320,1.00000000,1.69501054,nan,0.00000000,0,0,0,6.12342596,0.12996989,0.45803465,0.54196535,16.44831800
122400,0.36310360,0.36310360,147,0.99999959,0.36310300,nan,0.00000000,0,0,0,6.87282038,0.27051121,-0.26906319,1.26906319,0.58479198
122500,0.77895910,0.77895910,449,1.00000000,0.77895910,nan,0.00000000,0,0,0,7.10713863,0.04552173,-0.42284917,1.42284917,1.96985944
122600,0.22245701,0.22245701,569,1.00000000,0.22245701,nan,0.00000000,0,0,0,7.38356686,0.09960106,-0.01677238,1.01677238,-1.72680271
122700,0.50781709,0.50781709,266,1.00000000,0.50781709,nan,0.00000000,0,0,0,6.59179115,0.10130295,0.49518431,0.50481569,1.91435846
122800,0.68542773,0.68542773,61,0.99775713,0.67929909,nan,0.00000000,0,0,0,7.26437902,0.06540658,-0.30890159,1.30890159,7.08531586
122900,0.59095311,0.59095311,995,1.00000000,0.59095311,nan,0.00000000,0,0,0,8.25512886,0.18918680,0.41986884,0.58013116,1.33238587
123000,0.74951160,0.74951160,1154,1.00000000,0.74951160,nan,0.00000000,0,0,0,4.97047949,0.11550771,-0.32779346,1.32779346,14.19663353
123100,0.46975803,0.46975803,292,1.00000000,0.46975803,nan,0.02190782,0,0,0,5.58831263,0.26277664,-0.01488608,1.01488608,9.58683300
123200,0.55786937,0.55786937,255,1.00000000,0.55786937,nan,0.00000000,0,0,0,6.74789858,0.04691820,-0.15865798,1.15865798,0.95473194
123300,0.48443359,0.48443359,673,1.00000000,0.48443359,nan,0.00000000,0,0,0,5.96623325,0.08659518,0.39499645,0.60500355,-3.26616740
123400,0.45544678,0.45544678,846,1.00000000,0.45544678,nan,0.00000000,0,0,0,6.76359987,0.08553639,0.24425783,0.75574217,2.55511133
123500,0.47196028,0.47196028,271,1.00000000,0.47196028,nan,0.00000000,0,0,0,6.04306412,0.16448569,-0.00428147,1.00428147,2.42808469
123600,0.90633285,0.90633285,357,1.00000000,0.90633285,nan,0.00000000,0,0,0,7.39490080,0.05321468,-0.53598604,1.53598604,7.64861584
123700,1.37928820,1.37928820,145,0.99999950,1.37928541,nan,0.00000000,0,0,0,7.15959406,0.10260093,-0.45621912,1.45621912,11.74210930
123800,1.03708422,1.03708422,769,1.00000000,1.03708422,nan,0.00000000,0,0,0,5.75690889,0.09096327,0.08511775,0.91488225,7.66915703
123900,0.86330104,0.86330104,170,0.99999996,0.86330090,nan,0.00000000,0,0,0,5.65674973,0.10738451,0.25303385,0.74696615,3.97869023
124000,0.99994540,0.99994540,794,1.00000000,0.99994540,nan,0.00000000,0,0,0,3.18009067,0.07364115,-0.00532535,1.00532535,18.23875491
124100,0.63749403,0.63749403,432,1.00000000,0.63749403,nan,0.00000000,0,0,0,6.25277615,0.05542219,-0.17944771,1.17944771,3.87280989
124200,0.29301414,0.29301414,979,1.00000000,0.29301414,nan,0.00000000,0,0,0,6.58634949,0.06877514,0.37026632,0.62973368,-2.70141249
124300,0.57176787,0.57176787,259,1.00000000,0.57176787,nan,0.00000000,0,0,0,7.50152397,0.20567283,-0.19383987,1.19383987,2.39129907
124400,0.51942170,0.51942170,106,0.99997508,0.51936993,nan,0.00000000,0,0,0,8.00117874,0.04693934,-0.48219984,1.48219984,0.44478030
124500,1.06351471,1.06351471,970,1.00000000,1.06351471,nan,0.00000000,0,0,0,5.86727810,0.04946274,-0.15835394,1.15835394,1.31593847
124600,0.71132147,0.71132147,39,0.97975809,0.65545269,nan,0.00000000,0,0,0,6.59211397,0.11355101,-0.03315957,1.03315957,4.13035893
124700,0.79060739,0.79060739,727,1.00000000,0.79060739,nan,0.00000000,0,0,0,6.41568422,0.07935029,-0.11801146,1.11801146,1.16225553
124800,0.76248211,0.76248211,363,1.00000000,0.76248211,nan,0.00000000,0,0,0,5.42332840,0.06681861,0.51194115,0.48805885,1.85497272
124900,1.27184129,1.27184129,937,1.00000000,1.27184129,nan,0.00000000,0,0,0,7.13360262,0.13252181,0.14721384,0.85278616,8.09174919
125000,0.94652343,0.94652343,1058,1.00000000,0.94652343,nan,0.00000000,0,0,0,4.50167274,0.22136687,-0.06560742,1.06560742,15.23283720
125100,0.30281341,0.30281341,1219,1.00000000,0.30281341,nan,0.00000000,0,0,0,5.88803482,0.13966370,0.02377744,0.97622256,-5.34274673
125200,0.42522585,0.42522585,570,1.00000000,0.42522585,nan,0.00000000,0,0,0,6.15715981,0.04483949,0.11955535,0.88044465,0.96041942
125300,0.48613182,0.48613182,112,0.99998633,0.48610523,nan,0.00000000,0,0,0,5.72005272,0.09303629,0.07744958,0.92255042,2.14332473
125400,0.21162735,0.21162735,151,0.99999972,0.21162711,nan,0.00000000,0,0,0,6.80325222,0.10439046,0.01193644,0.98806356,-0.65179332
125500,0.21476819,0.21476819,1612,1.00000000,0.21476819,nan,0.00000000,0,0,0,5.94353819,0.05367874,0.04853728,0.95146272,-6.13512659
125600,0.47266409,0.47266409,483,1.00000000,0.47266409,nan,0.00000000,0,0,0,7.17164087,0.11907744,-0.27417657,1.27417657,-0.19446552
125700,0.51476616,0.51476616,931,1.00000000,0.51476616,nan,0.00000000,0,0,0,6.09800959,0.13728830,0.14757255,0.85242745,0.56831455
125800,0.94996846,0.94996846,567,1.00000000,0.94996846,nan,0.00000000,0,0,0,5.29917908,0.08636837,-0.03471603,1.03471603,3.44006181
125900,0.57016259,0.57016259,728,1.00000000,0.57016259,nan,0.00000000,0,0,0,4.79848051,0.14014660,-0.16465677,1.16465677,-0.48289716
126000,1.94494331,1.94494331,714,1.00000000,1.94494331,nan,0.00000000,0,0,0,5.05561352,0.21342616,0.14764422,0.85235578,30.52390099
126100,0.47848335,0.47848335,486,1.00000000,0.47848335,nan,0.00000000,0,0,0,4.83816767,0.12183809,0.28074449,0.71925551,-1.23313975
126200,0.28001890,0.28001890,300,1.00000000,0.28001890,nan,0.00000000,0,0,0,5.11252546,0.07081156,-0.07878357,1.07878357,-1.28065073
126300,0.84645623,0.84645623,835,1.00000000,0.84645623,nan,0.00000000,0,0,0,5.54488182,0.17790948,-0.35037086,1.35037086,7.25029159
126400,0.33638033,0.33638033,508,1.00000000,0.33638033,nan,0.00000000,0,0,0,5.62172651,0.07795528,0.10251451,0.89748549,-0.54535882
126500,0.27673158,0.27673158,296,1.00000000,0.27673158,nan,0.00000000,0,0,0,6.75238228,0.07755987,-0.24617588,1.24617588,0.50047880
126600,0.57963073,0.57963073,227,1.00000000,0.57963073,nan,0.00000000,0,0,0,6.03132915,0.15870816,0.17627710,0.82372290,1.22392744
126700,1.02012742,1.02012742,413,1.00000000,1.02012742,nan,0.00000000,0,0,0,7.03830624,0.16049522,-0.48897774,1.48897774,4.75889236
126800,0.69786173,0.69786173,532,1.00000000,0.69786173,nan,0.00000000,0,0,0,5.36486626,0.05564933,0.26159716,0.73840284,2.79170497
126900,0.31068480,0.31068480,624,1.00000000,0.31068480,nan,0.00000000,0,0,0,6.93159962,0.06880827,-0.12853016,1.12853016,2.70198488
127000,0.92547524,0.92547524,505,1.00000000,0.92547524,nan,0.00000000,0,0,0,3.20073366,0.09871427,-0.33399736,1.33399736,16.89218585
127100,0.32128307,0.32128307,654,1.00000000,0.32128307,nan,0.00000000,0,0,0,4.54799461,0.03562120,0.25657927,0.74342073,-1.51421626
127200,0.41842532,0.41842532,209,1.00000000,0.41842532,nan,0.00000000,0,0,0,5.60924387,0.12227437,0.11767879,0.88232121,-0.81712669
127300,0.29203850,0.29203850,356,1.00000000,0.29203850,nan,0.00000000,0,0,0,6.39378595,0.06721386,-0.09726363,1.09726363,-2.59557068
127400,0.91555816,0.91555816,572,1.00000000,0.91555816,nan,0.00000000,0,0,0,5.87793303,0.10815629,0.04897089,0.95102911,2.73854315
127500,0.75585663,0.75585663,380,1.00000000,0.75585663,nan,0.00000000,0,0,0,5.31207848,0.06027689,0.23127638,0.76872362,3.62482905
127600,0.61808372,0.61808372,643,1.00000000,0.61808372,nan,0.00000000,0,0,0,6.51472902,0.06230453,0.12911850,0.87088150,3.44808483
127700,0.65447181,0.65447181,218,1.00000000,0.65447181,nan,0.00000000,0,0,0,7.07906866,0.23611559,-0.12872266,1.12872266,3.45327276
127800,0.33614165,0.33614165,705,1.00000000,0.33614165,nan,0.00000000,0,0,0,5.89570284,0.06615147,0.05364130,0.94635870,-3.71792603
127900,1.25264335,1.25264335,509,1.00000000,1.25264335,nan,0.00000000,0,0,0,7.61162138,0.06108177,-0.48828611,1.48828611,6.26592350
128000,0.60004717,0.60004717,1081,1.00000000,0.60004717,nan,0.00000000,0,0,0,4.54254580,0.19282095,-0.17274807,1.17274807,13.98399234
128100,0.40695274,0.40695274,818,1.00000000,0.40695274,nan,0.00000000,0,0,0,6.61613321,0.09459558,-0.32255580,1.32255580,-4.31323671
128200,0.40711904,0.40711904,958,1.00000000,0.40711904,nan,0.00000000,0,0,0,6.43193769,0.06651955,0.54977258,0.45022742,-2.32062912
128300,0.26284635,0.26284635,215,1.00000000,0.26284635,nan,0.00000000,0,0,0,5.85540247,0.10097281,0.49468458,0.50531542,-3.80037224
128400,0.51834446,0.51834446,1437,1.00000000,0.51834446,nan,0.00000000,0,0,0,4.79261112,0.13796203,0.08184946,0.91815054,-0.81309354
128500,0.26575038,0.26575038,379,1.00000000,0.26575038,nan,0.00000000,0,0,0,5.45926571,0.05033700,-0.01975606,1.01975606,-5.41943109
128600,0.44444451,0.44444451,529,1.00000000,0.44444451,nan,0.00000000,0,0,0,4.59297419,0.11347209,-0.09732321,1.09732321,-3.96626139
128700,0.51146615,0.51146615,981,1.00000000,0.51146615,nan,0.00000000,0,0,0,4.91292477,0.02647970,0.18087706,0.81912294,-2.71057481
128800,1.00544310,1.00544310,1139,1.00000000,1.00544310,nan,0.00000000,0,0,0,5.80312157,0.38745153,0.30566053,0.69433947,6.28634405
128900,0.61054051,0.61054051,713,1.00000000,0.61054051,nan,0.00000000,0,0,0,5.51544619,0.14668486,-0.07441069,1.07441069,0.08825552
129000,1.17961884,1.17961884,763,1.00000000,1.17961884,nan,0.00000000,0,0,0,3.11366081,0.14655007,-0.14547718,1.14547718,18.73576450
129100,1.22398043,1.22398043,528,1.00000000,1.22398043,nan,0.02361604,0,0,0,5.20274639,0.09022072,0.58350624,0.41649376,7.55542405
129200,1.45190740,1.45190740,731,1.00000000,1.45190740,nan,0.00000000,0,0,0,5.59067440,0.07941648,0.29840332,0.70159668,10.34496689
129300,0.41290122,0.41290122,369,1.00000000,0.41290122,nan,0.11484076,0,0,0,4.75009727,0.09793349,-0.08656259,1.08656259,-1.96611802
129400,0.26571944,0.26571944,752,1.00000000,0.26571944,nan,0.00000000,0,0,0,4.73690033,0.05552332,-0.26435083,1.26435083,-3.87970734
129500,0.12024767,0.12024767,519,1.00000000,0.12024767,nan,0.00000000,0,0,0,5.83827209,0.23975746,-0.15177703,1.15177703,-3.09572462
129600,0.55524093,0.55524093,517,1.00000000,0.55524093,nan,0.00000000,0,0,0,5.25699806,0.04434624,0.16424139,0.83575861,-2.17376932
129700,0.63938820,0.63938820,740,1.00000000,0.63938820,nan,0.00000000,0,0,0,5.69829750,0.05984261,0.17837502,0.82162498,1.53382762
129800,0.39599997,0.39599997,914,1.00000000,0.39599997,nan,0.00000000,0,0,0,5.92929173,0.15877335,-0.08245917,1.08245917,-3.41582310
129900,0.26029235,0.26029235,709,1.00000000,0.26029235,nan,0.00000000,0,0,0,4.59960079,0.06041227,0.29186572,0.70813428,-4.51830733
130000,0.71053004,0.71053004,1184,1.00000000,0.71053004,nan,0.00000000,0,0,0,4.29365015,0.12384771,0.21219684,0.78780316,14.47446823
130100,0.44072133,0.44072133,863,1.00000000,0.44072133,nan,0.00000000,0,0,0,5.20992184,0.06241370,0.02523995,0.97476005,0.27856497
130200,0.45091099,0.45091099,1220,1.00000000,0.45091099,nan,0.00000000,0,0,0,5.95765924,0.03503408,-0.00651860,1.00651860,0.31239454
130300,0.98712987,0.98712987,383,1.00000000,0.98712987,nan,0.00000000,0,0,0,4.72498178,0.45448202,-0.24412841,1.24412841,7.54352105
130400,0.27413464,0.27413464,1087,1.00000000,0.27413464,nan,0.00000000,0,0,0,5.63483524,0.07662247,0.22599322,0.77400678,-1.75529083
130500,0.97498214,0.97498214,218,1.00000000,0.97498214,nan,0.00000000,0,0,0,4.37894821,0.05910362,0.04680501,0.95319499,3.37812632
130600,0.34182081,0.34182081,187,0.99999999,0.34182080,nan,0.00000000,0,0,0,4.59557295,0.10797378,0.34509360,0.65490640,-2.60222369
130700,0.40532181,0.40532181,899,1.00000000,0.40532181,nan,0.00000000,0,0,0,5.30993748,0.11789792,-0.27042405,1.27042405,-1.21368428
130800,0.40083641,0.40083641,366,1.00000000,0.40083641,nan,0.00000000,0,0,0,5.15123653,0.07840504,-0.27784897,1.27784897,-1.70941612
130900,0.42170107,0.42170107,1470,1.00000000,0.42170107,nan,0.00000000,0,0,0,4.06124735,0.04819907,0.44844482,0.55155518,-4.11926079
131000,1.04156733,1.04156733,729,1.00000000,1.04156733,nan,0.00000000,0,0,0,3.45001125,0.08239730,-0.00469267,1.00469267,18.20932150
131100,1.09670198,1.09670198,518,1.00000000,1.09670198,nan,0.00000000,0,0,0,5.14490318,0.08803055,-0.40841348,1.40841348,4.97471258
131200,0.46227837,0.46227837,759,1.00000000,0.46227837,nan,0.00000000,0,0,0,4.42193174,0.07666944,0.38108137,0.61891863,0.46837220
131300,0.79813462,0.79813462,1161,1.00000000,0.79813462,nan,0.00000000,0,0,0,5.85106850,0.07680385,-0.17204780,1.17204780,2.90221198
131400,1.23600602,1.23600602,730,1.00000000,1.23600602,nan,0.00000000,0,0,0,5.25532389,0.02239070,-0.48203031,1.48203031,nan
131500,0.91126412,0.91126412,526,1.00000000,0.91126412,nan,0.00000000,0,0,0,4.53091764,0.20675042,0.42030033,0.57969967,3.01337163
131600,0.27847609,0.27847609,1530,1.00000000,0.27847609,nan,0.00000000,0,0,0,4.21100521,0.08971068,-0.18522610,1.18522610,-5.04661479
131700,1.37821603,1.37821603,529,1.00000000,1.37821603,nan,0.00000000,0,0,0,4.58187771,0.10256919,-0.01396371,1.01396371,9.27209695
131800,1.24143589,1.24143589,607,1.00000000,1.24143589,nan,0.00000000,0,0,0,6.41008186,0.22505917,-0.33464335,1.33464335,19.66724650
131900,0.35387048,0.35387048,478,1.00000000,0.35387048,nan,0.00000000,0,0,0,4.23847866,0.01554313,-0.02773138,1.02773138,-4.75508165
132000,1.48026025,1.48026025,1006,1.00000000,1.48026025,nan,0.00000000,0,0,0,3.38724232,0.16969500,-0.24365786,1.24365786,21.15661716
132100,0.43769109,0.43769109,1155,1.00000000,0.43769109,nan,0.00000000,0,0,0,4.67367363,0.08059482,0.28642618,0.71357382,-1.75811458
132200,0.57317483,0.57317483,1418,1.00000000,0.57317483,nan,0.00000000,0,0,0,5.25016832,0.22636525,-0.30452406,1.30452406,3.37480640
132300,0.91034210,0.91034210,299,1.00000000,0.91034210,nan,0.00000000,0,0,0,4.39489841,0.08651158,-0.10627376,1.10627376,2.51794806
132400,0.35366800,0.35366800,789,1.00000000,0.35366800,nan,0.00000000,0,0,0,3.97499847,0.07904904,0.11748782,0.88251218,-6.49776852
132500,0.58322245,0.58322245,1232,1.00000000,0.58322245,nan,0.00000000,0,0,0,4.37324429,0.11260198,-0.22342814,1.22342814,-4.24456239
132600,0.53102493,0.53102493,570,1.00000000,0.53102493,nan,0.00000000,0,0,0,4.06909418,0.04900533,0.15189123,0.84810877,-1.67177975
132700,0.44463003,0.44463003,561,1.00000000,0.44463003,nan,0.00000000,0,0,0,4.13943958,0.06517312,0.39353206,0.60646794,-2.69008124
132800,0.23611158,0.23611158,1135,1.00000000,0.23611158,nan,0.00000000,0,0,0,4.16630316,0.08514997,0.22627304,0.77372696,-4.16994405
132900,0.50099003,0.50099003,1875,1.00000000,0.50099003,nan,0.00000000,0,0,0,4.07924175,0.03089505,0.04926308,0.95073692,-4.13042847
133000,1.36710882,1.36710882,144,0.99999944,1.36710577,nan,0.00000000,0,0,0,2.93236732,0.10862759,-0.18584081,1.18584081,20.63178492
133100,1.05241537,1.05241537,592,1.00000000,1.05241537,nan,0.05189755,0,0,0,5.57973814,0.05144739,0.38013333,0.61986667,4.50059231
133200,0.24567260,0.24567260,1031,1.00000000,0.24567260,nan,0.00000000,0,0,0,4.97328711,0.07447709,0.33307333,0.66692667,-5.83574104
133300,0.38731369,0.38731369,951,1.00000000,0.38731369,nan,0.00000000,0,0,0,5.52032185,0.10101400,0.15562299,0.84437701,-3.20188761
133400,0.38917154,0.38917154,271,1.00000000,0.38917154,nan,0.00000000,0,0,0,5.32688284,0.06158186,-0.30195524,1.30195524,-1.29851741
133500,1.38388669,1.38388669,373,1.00000000,1.38388669,nan,0.00000000,0,0,0,4.70386982,0.18918115,-0.15310273,1.15310273,8.18202734
133600,0.80352098,0.80352098,229,1.00000000,0.80352098,nan,0.00000000,0,0,0,4.87922096,0.05724139,-0.25548840,1.25548840,0.55339247
133700,0.31541595,0.31541595,1743,1.00000000,0.31541595,nan,0.00000000,0,0,0,3.78719616,0.10139004,0.35419746,0.64580254,-6.05643082
133800,0.50151539,0.50151539,994,1.00000000,0.50151539,nan,0.00000000,0,0,0,3.81686497,0.10839196,-0.30826844,1.30826844,-5.44791949
133900,0.31626189,0.31626189,1090,1.00000000,0.31626189,nan,0.00000000,0,0,0,4.97972202,0.10598766,0.12869149,0.87130851,0.15038943
134000,1.25017881,1.25017881,614,1.00000000,1.25017881,nan,0.00000000,0,0,0,3.38576412,0.23818333,-0.28596125,1.28596125,18.94752407
134100,0.13765995,0.13765995,1008,1.00000000,0.13765995,nan,0.02385269,0,0,0,3.88375950,0.02807628,-0.17280979,1.17280979,-8.62337589
134200,0.87410080,0.87410080,481,1.00000000,0.87410080,nan,0.00000000,0,0,0,4.93079376,0.13246113,0.33480592,0.66519408,3.96909110
134300,1.37953496,1.37953496,790,1.00000000,1.37953496,nan,0.00000000,0,0,0,5.77964735,0.14846286,0.19553070,0.80446930,6.55173445
134400,0.90047878,0.90047878,276,1.00000000,0.90047878,nan,0.00000000,0,0,0,4.80939436,0.04643495,0.24382928,0.75617072,0.79835048
134500,0.54682851,0.54682851,1787,1.00000000,0.54682851,nan,0.00000000,0,0,0,4.35022593,0.07911308,0.05448248,0.94551752,-4.81816807
134600,0.47734091,0.47734091,977,1.00000000,0.47734091,nan,0.00000000,0,0,0,4.25732517,0.08775399,-0.31874325,1.31874325,-6.43653715
134700,0.13310820,0.13310820,682,1.00000000,0.13310820,nan,0.04453745,0,0,0,5.69113255,0.10807518,-0.10657894,1.10657894,-2.82358214
134800,1.26256621,1.26256621,1009,1.00000000,1.26256621,nan,0.00000000,0,0,0,4.36670160,0.22722928,-0.46911933,1.46911933,5.77440727
134900,2.42753315,2.42753315,584,1.00000000,2.42753315,nan,0.00000000,0,0,0,5.29895353,0.12828036,0.16117704,0.83882296,15.35883045
135000,1.57740259,1.57740259,671,1.00000000,1.57740259,nan,0.00000000,0,0,0,3.27098393,0.13395742,0.01607425,0.98392575,22.56337166
135100,0.39296967,0.39296967,796,1.00000000,0.39296967,nan,0.00000000,0,0,0,5.11205149,0.13610150,0.35715601,0.64284399,-6.11863756
135200,1.11384988,1.11384988,963,1.00000000,1.11384988,nan,0.00000000,0,0,0,4.16718483,0.07420120,-0.45683109,1.45683109,2.55754876
135300,0.45546824,0.45546824,1185,1.00000000,0.45546824,nan,0.00000000,0,0,0,5.06376171,0.10470173,0.24881131,0.75118869,-5.10326052
135400,0.49295866,0.49295866,1980,1.00000000,0.49295866,nan,0.00000000,0,0,0,4.57684708,0.06037053,0.39606943,0.60393057,-4.62810057
135500,0.51782727,0.51782727,1356,1.00000000,0.51782727,nan,0.00000000,0,0,0,5.33555412,0.10939217,-0.10921091,1.10921091,1.50305764
135600,0.29595688,0.29595688,1492,1.00000000,0.29595688,nan,0.00000000,0,0,0,5.58309650,0.18667085,0.26956531,0.73043469,-2.24614429
135700,0.59187728,0.59187728,564,1.00000000,0.59187728,nan,0.00000000,0,0,0,4.72315311,0.14550048,-0.26632040,1.26632040,-1.49350280
135800,0.86875045,0.86875045,1115,1.00000000,0.86875045,nan,0.00000000,0,0,0,4.47398901,0.11147121,-0.00990366,1.00990366,1.72844283
135900,0.26253524,0.26253524,1049,1.00000000,0.26253524,nan,0.00000000,0,0,0,5.45227718,0.09552765,-0.37722910,1.37722910,-11.77955532
136000,1.34814739,1.34814739,872,1.00000000,1.34814739,nan,0.00000000,0,0,0,3.05313921,0.11260767,-0.12760355,1.12760355,17.03274028
136100,0.57457709,0.57457709,922,1.00000000,0.57457709,nan,0.00000000,0,0,0,4.33736229,0.09827110,0.40180911,0.59819089,-1.74387544
136200,1.55812883,1.55812883,795,1.00000000,1.55812883,nan,0.00000000,0,0,0,4.34449720,0.06312314,-0.62319620,1.62319620,7.56622334
136300,0.93165314,0.93165314,802,1.00000000,0.93165314,nan,0.00000000,0,0,0,4.47668648,0.18698710,0.39790039,0.60209961,6.80790726
136400,0.26668382,0.26668382,806,1.00000000,0.26668382,nan,0.00000000,0,0,0,4.63391495,0.03251463,0.40598567,0.59401433,-5.78453646
136500,0.29241392,0.29241392,578,1.00000000,0.29241392,nan,0.00000000,0,0,0,5.50405884,0.13809784,0.31330976,0.68669024,-5.82344071
136600,0.62573385,0.62573385,618,1.00000000,0.62573385,nan,0.00000000,0,0,0,5.88775063,0.08349371,-0.16108777,1.16108777,-2.57661206
136700,0.81509793,0.81509793,745,1.00000000,0.81509793,nan,0.00000000,0,0,0,4.80210304,0.04235227,-0.07976478,1.07976478,-0.50620778
136800,0.28769028,0.28769028,1093,1.00000000,0.28769028,nan,0.00000000,0,0,0,4.35023451,0.07410078,0.20014895,0.79985105,-5.98542309
136900,0.65742534,0.65742534,227,1.00000000,0.65742534,nan,0.00000000,0,0,0,6.10068512,0.10756035,-0.58107220,1.58107220,nan
137000,1.13643181,1.13643181,146,0.99999954,1.13642974,nan,0.00000000,0,0,0,3.40833735,0.14646117,-0.01927949,1.01927949,22.38113785
137100,0.95830685,0.95830685,291,1.00000000,0.95830685,nan,0.00000000,0,0,0,5.28834772,0.23334435,0.19993312,0.80006688,4.02751398
137200,0.62456495,0.62456495,902,1.00000000,0.62456495,nan,0.00000000,0,0,0,3.99786210,0.06882871,0.12394978,0.87605022,-2.52572032
137300,0.32349613,0.32349613,646,1.00000000,0.32349613,nan,0.00000000,0,0,0,4.19673538,0.03438610,0.13547803,0.86452197,-4.86885953
137400,0.68426585,0.68426585,1356,1.00000000,0.68426585,nan,0.00000000,0,0,0,4.78869390,0.14809939,0.11027438,0.88972562,1.52853993
137500,0.45566776,0.45566776,609,1.00000000,0.45566776,nan,0.00000000,0,0,0,5.40720034,0.09392916,-0.41767940,1.41767940,-3.38436449
137600,0.45505878,0.45505878,1122,1.00000000,0.45505878,nan,0.00000000,0,0,0,5.17427492,0.06529684,0.06248100,0.93751900,0.70695460
137700,0.99445289,0.99445289,1405,1.00000000,0.99445289,nan,0.00000000,0,0,0,5.01932812,0.04877304,0.19431452,0.80568548,3.47584229
137800,0.28409863,0.28409863,1353,1.00000000,0.28409863,nan,0.00000000,0,0,0,5.31946325,0.06813957,-0.39850265,1.39850265,-8.33705012
137900,0.71129006,0.71129006,643,1.00000000,0.71129006,nan,0.00000000,0,0,0,4.86635113,0.08279440,0.61626065,0.38373935,0.39705426
138000,0.78186846,0.78186846,767,1.00000000,0.78186846,nan,0.00000000,0,0,0,3.90693927,0.23835248,0.18718805,0.81281195,12.71133995
138100,0.56500322,0.56500322,461,1.00000000,0.56500322,nan,0.00000000,0,0,0,5.34160614,0.05395456,-0.26357376,1.26357376,-0.80044737
138200,1.34917009,1.34917009,966,1.00000000,1.34917009,nan,0.00000000,0,0,0,4.65284872,0.12614505,0.49852293,0.50147707,6.33964268
138300,0.35316390,0.35316390,788,1.00000000,0.35316390,nan,0.00000000,0,0,0,4.62286282,0.06823441,0.31582517,0.68417483,-2.91399964
138400,0.58124411,0.58124411,1458,1.00000000,0.58124411,nan,0.00000000,0,0,0,3.81713820,0.06935862,-0.30034442,1.30034442,-0.12775691
138500,0.48109362,0.48109362,587,1.00000000,0.48109362,nan,0.00000000,0,0,0,4.90094757,0.04725913,0.08278244,0.91721756,-3.29431397
138600,0.83804011,0.83804011,776,1.00000000,0.83804011,nan,0.00000000,0,0,0,4.17484808,0.04330300,0.50344717,0.49655283,2.60359240
138700,0.23651160,0.23651160,1395,1.00000000,0.23651160,nan,0.00000000,0,0,0,4.13079262,0.06630213,0.10751314,0.89248686,-5.67062235
138800,0.51563329,0.51563329,625,1.00000000,0.51563329,nan,0.00000000,0,0,0,4.17493343,0.08055852,-0.29452784,1.29452784,0.50598559
138900,0.32604906,0.32604906,1657,1.00000000,0.32604906,nan,0.00000000,0,0,0,3.78424549,0.10657361,0.08416912,0.91583088,-5.74509287
139000,1.15899134,1.15899134,780,1.00000000,1.15899134,nan,0.00000000,0,0,0,4.15655899,0.14346892,-0.05085970,1.05085970,19.16773510
139100,0.21566193,0.21566193,595,1.00000000,0.21566193,nan,0.00000000,0,0,0,4.85580635,0.05763874,0.07558543,0.92441457,-5.68567324
139200,0.44131476,0.44131476,1427,1.00000000,0.44131476,nan,0.00000000,0,0,0,5.51640224,0.03097393,-0.32589591,1.32589591,-3.73538971
139300,0.38032532,0.38032532,942,1.00000000,0.38032532,nan,0.00000000,0,0,0,5.24792290,0.04615542,0.23847025,0.76152975,-3.83171908
139400,0.97011405,0.97011405,477,1.00000000,0.97011405,nan,0.00000000,0,0,0,3.97288227,0.06984289,-0.21960587,1.21960587,4.20847797
139500,1.12121367,1.12121367,605,1.00000000,1.12121367,nan,0.00000000,0,0,0,4.16833544,0.13321926,0.24053922,0.75946078,5.55358044
139600,0.32796940,0.32796940,468,1.00000000,0.32796940,nan,0.00000000,0,0,0,5.23616695,0.16267112,-0.25390520,1.25390520,-5.69528627
139700,0.64865756,0.64865756,288,1.00000000,0.64865756,nan,0.00000000,0,0,0,4.49585342,0.07443454,0.05565021,0.94434979,-1.04418027
139800,0.25718027,0.25718027,1476,1.00000000,0.25718027,nan,0.00000000,0,0,0,4.05876732,0.13282187,-0.03378965,1.03378965,-4.92842311
139900,1.27130330,1.27130330,445,1.00000000,1.27130330,nan,0.00000000,0,0,0,4.93457603,0.05442437,-0.41616497,1.41616497,6.54854088
140000,0.61676848,0.61676848,985,1.00000000,0.61676848,nan,0.00000000,0,0,0,3.93280363,0.15473995,0.12713311,0.87286689,13.22360738
140100,0.55109513,0.55109513,716,1.00000000,0.55109513,nan,0.03814746,0,0,0,5.29194689,0.11233226,0.23244309,0.76755691,0.83526413
140200,0.98763204,0.98763204,1031,1.00000000,0.98763204,nan,0.00000000,0,0,0,4.46123600,0.10953134,0.02933898,0.97066102,2.68052143
140300,0.28267255,0.28267255,1631,1.00000000,0.28267255,nan,0.00000000,0,0,0,4.19095421,0.06360321,-0.58224853,1.58224853,-7.75554498
140400,0.43195713,0.43195713,726,1.00000000,0.43195713,nan,0.00000000,0,0,0,3.65772915,0.05314253,0.02544357,0.97455643,-2.91837104
140500,0.57929480,0.57929480,664,1.00000000,0.57929480,nan,0.00000000,0,0,0,4.45638657,0.11610343,0.42799932,0.57200068,3.72039717
140600,0.36659569,0.36659569,1545,1.00000000,0.36659569,nan,0.00000000,0,0,0,4.72637701,0.10033319,0.02739082,0.97260918,-2.79723284
140700,0.81966871,0.81966871,846,1.00000000,0.81966871,nan,0.00000000,0,0,0,4.45366716,0.08287369,-0.41050130,1.41050130,0.03764725
140800,0.44495928,0.44495928,782,1.00000000,0.44495928,nan,0.02507506,0,0,0,4.77923870,0.09394644,0.04264071,0.95735929,-3.30068064
140900,0.46292654,0.46292654,634,1.00000000,0.46292654,nan,0.00000000,0,0,0,4.19886971,0.11569296,0.04397730,0.95602270,-5.54292238
141000,1.02145362,1.02145362,605,1.00000000,1.02145362,nan,0.00000000,0,0,0,4.82449770,0.16100684,0.16263088,0.83736912,19.30434990
141100,0.53949696,0.53949696,1273,1.00000000,0.53949696,nan,0.00000000,0,0,0,4.30649424,0.04928793,-0.07507740,1.07507740,-1.45625496
141200,0.18988641,0.18988641,954,1.00000000,0.18988641,nan,0.00000000,0,0,0,4.53908253,0.08350448,-0.29443425,1.29443425,-8.54140822
141300,0.39272431,0.39272431,806,1.00000000,0.39272431,nan,0.00000000,0,0,0,4.21324062,0.11437567,-0.08192086,1.08192086,-3.87764997
141400,0.78863567,0.78863567,666,1.00000000,0.78863567,nan,0.01534077,0,0,0,4.22386074,0.04703414,0.22755326,0.77244674,1.13180371
141500,0.73058546,0.73058546,976,1.00000000,0.73058546,nan,0.00000000,0,0,0,4.33690834,0.07777710,0.02647467,0.97352533,-1.41859182
141600,0.37969387,0.37969387,803,1.00000000,0.37969387,nan,0.00000000,0,0,0,3.69793034,0.03342403,0.31968630,0.68031370,-5.44134407
141700,0.31427753,0.31427753,526,1.00000000,0.31427753,nan,0.00000000,0,0,0,4.40875483,0.05078212,-0.22214275,1.22214275,-7.22877192
141800,0.48674822,0.48674822,958,1.00000000,0.48674822,nan,0.00000000,0,0,0,4.33374882,0.09131685,0.57333054,0.42666946,-2.52973270
141900,0.43048298,0.43048298,1020,1.00000000,0.43048298,nan,0.00000000,0,0,0,3.49841690,0.06539783,0.04760538,0.95239462,-2.85866022
142000,0.83799314,0.83799314,403,1.00000000,0.83799314,nan,0.00000000,0,0,0,4.46536493,0.18551338,0.04622095,0.95377905,15.84921424
142100,0.37447420,0.37447420,897,1.00000000,0.37447420,nan,0.00000000,0,0,0,4.22795296,0.10568415,-0.46206978,1.46206978,-4.55625415
142200,0.29933843,0.29933843,437,1.00000000,0.29933843,nan,0.00000000,0,0,0,4.77993488,0.04120458,-0.17351463,1.17351463,-6.58818769
142300,0.22898033,0.22898033,497,1.00000000,0.22898033,nan,0.00000000,0,0,0,4.08392668,0.13814534,0.08277986,0.91722014,-8.60766792
142400,1.31045246,1.31045246,1964,1.00000000,1.31045246,nan,0.00000000,0,0,0,3.55482697,0.02729605,0.19014705,0.80985295,2.46853089
142500,0.24843727,0.24843727,1608,1.00000000,0.24843727,nan,0.00000000,0,0,0,4.11870861,0.06731224,-0.41718087,1.41718087,-9.10578028
142600,0.22532146,0.22532146,786,1.00000000,0.22532146,nan,0.00000000,0,0,0,4.67516518,0.05090334,0.16736951,0.83263049,-7.82961702
142700,0.44728661,0.44728661,1118,1.00000000,0.44728661,nan,0.00000000,0,0,0,4.02746344,0.14295904,-0.01804690,1.01804690,-4.59227212
142800,0.70275033,0.70275033,524,1.00000000,0.70275033,nan,0.00000000,0,0,0,4.24153614,0.06437647,0.12328912,0.87671088,3.43951201
142900,0.26292032,0.26292032,850,1.00000000,0.26292032,nan,0.02355221,0,0,0,4.02417755,0.08240255,-0.27645314,1.27645314,-3.81517449
143000,0.75668490,0.75668490,569,1.00000000,0.75668490,nan,0.00000000,0,0,0,5.58831596,0.22938377,0.09269051,0.90730949,15.91833186
143100,0.52517271,0.52517271,52,0.99448344,0.51367966,nan,0.00000000,0,0,0,4.61050510,0.16708349,-0.15400791,1.15400791,0.34692802
143200,0.87497038,0.87497038,275,1.00000000,0.87497038,nan,0.00000000,0,0,0,4.21690893,0.04955667,0.28960378,0.71039622,-1.42469017
143300,0.65317124,0.65317124,355,1.00000000,0.65317124,nan,0.00000000,0,0,0,5.40554857,0.05758376,0.43327491,0.56672509,0.40349444
143400,0.61797947,0.61797947,1745,1.00000000,0.61797947,nan,0.00000000,0,0,0,4.45467567,0.06861021,-0.37556828,1.37556828,-0.27471456
143500,0.48798391,0.48798391,1347,1.00000000,0.48798391,nan,0.00000000,0,0,0,4.46972656,0.09553340,0.24488285,0.75511715,-5.09949915
143600,0.18643335,0.18643335,450,1.00000000,0.18643335,nan,0.00000000,0,0,0,4.21207333,0.06979594,0.48133482,0.51866518,-10.96570142
143700,0.43147209,0.43147209,1179,1.00000000,0.43147209,nan,0.00000000,0,0,0,4.65331221,0.09108005,-0.04374581,1.04374581,-3.62944539
143800,0.84347451,0.84347451,853,1.00000000,0.84347451,nan,0.00000000,0,0,0,4.23254919,0.07479199,0.13099279,0.86900721,1.09009266
143900,0.58440286,0.58440286,1653,1.00000000,0.58440286,nan,0.00000000,0,0,0,3.81260777,0.08683094,-0.13004101,1.13004101,-4.51322848
144000,0.54199350,0.54199350,801,1.00000000,0.54199350,nan,0.00000000,0,0,0,3.67047286,0.09628645,0.05425894,0.94574106,13.12374115
144100,0.55307579,0.55307579,98,0.99994455,0.55295312,nan,0.00000000,0,0,0,3.83640718,0.10418643,0.28210157,0.71789843,-4.69396639
144200,0.13463002,0.13463002,905,1.00000000,0.13463002,nan,0.00000000,0,0,0,4.17382193,0.02510385,0.15879895,0.84120105,-7.07729324
144300,0.71696270,0.71696270,269,1.00000000,0.71696270,nan,0.00000000,0,0,0,4.46414232,0.18514819,0.24971465,0.75028535,2.54548001
144400,0.92727363,0.92727363,901,1.00000000,0.92727363,nan,0.00000000,0,0,0,3.44853139,0.11236097,0.22462327,0.77537673,6.66827170
144500,0.33582401,0.33582401,893,1.00000000,0.33582401,nan,0.00000000,0,0,0,3.18849540,0.07335971,-0.11984558,1.11984558,-6.51948404
144600,0.96411747,0.96411747,396,1.00000000,0.96411747,nan,0.00000000,0,0,0,3.48030186,0.05613721,0.66171968,0.33828032,-2.38891784
144700,0.47206816,0.47206816,1664,1.00000000,0.47206816,nan,0.00000000,0,0,0,3.84662294,0.03032361,-0.33022207,1.33022207,-5.38198245
144800,1.45371675,1.45371675,1507,1.00000000,1.45371675,nan,0.00000000,0,0,0,3.68013096,0.07283076,-0.52614188,1.52614188,5.67861875
144900,0.62000483,0.62000483,785,1.00000000,0.62000483,nan,0.00000000,0,0,0,4.06463289,0.20719676,0.32406107,0.67593893,-1.94246233
145000,0.81390667,0.81390667,430,1.00000000,0.81390667,nan,0.00000000,0,0,0,4.24837303,0.20152944,-0.11144674,1.11144674,14.06122732
145100,0.48817813,0.48817813,1764,1.00000000,0.48817813,nan,0.00000000,0,0,0,4.51674271,0.18856846,-0.28154355,1.28154355,nan
145200,0.34741628,0.34741628,1801,1.00000000,0.34741628,nan,0.00000000,0,0,0,3.79663086,0.02647332,0.48137532,0.51862468,-7.67960796
145300,1.23537767,1.23537767,749,1.00000000,1.23537767,nan,0.00000000,0,0,0,4.06905031,0.19869167,0.23801603,0.76198397,2.83884112
145400,0.60741234,0.60741234,804,1.00000000,0.60741234,nan,0.00000000,0,0,0,3.90087247,0.08574753,0.60158130,0.39841870,-1.23789175
145500,0.55969566,0.55969566,696,1.00000000,0.55969566,nan,0.00000000,0,0,0,4.25621748,0.03124679,0.01386326,0.98613674,-3.23253632
145600,0.81982517,0.81982517,983,1.00000000,0.81982517,nan,0.00000000,0,0,0,4.03431940,0.08038031,-0.26650762,1.26650762,0.14297661
145700,2.05061579,2.05061579,530,1.00000000,2.05061579,nan,0.00000000,0,0,0,4.03414488,0.06378638,-0.20463645,1.20463645,14.16964078
145800,0.96238625,0.96238625,1305,1.00000000,0.96238625,nan,0.00000000,0,0,0,3.70923781,0.07944071,-0.65147424,1.65147424,0.72661126
145900,0.76724094,0.76724094,322,1.00000000,0.76724094,nan,0.00000000,0,0,0,4.11747694,0.19819576,0.24065511,0.75934489,1.53558820
146000,1.06161451,1.06161451,412,1.00000000,1.06161451,nan,0.00000000,0,0,0,4.48797083,0.23031038,-0.09945010,1.09945010,15.66474128
146100,0.26840875,0.26840875,939,1.00000000,0.26840875,nan,0.08639534,0,0,0,3.57701874,0.05840645,0.38792884,0.61207116,-7.45728598
146200,0.41951215,0.41951215,917,1.00000000,0.41951215,nan,0.00000000,0,0,0,3.65667939,0.05105405,0.24716727,0.75283273,-5.41660937
146300,0.28956068,0.28956068,2059,1.00000000,0.28956068,nan,0.00000000,0,0,0,3.30887389,0.05892815,-0.05581180,1.05581180,-9.68537140
146400,0.39814785,0.39814785,1192,1.00000000,0.39814785,nan,0.00000000,0,0,0,4.55948210,0.08362685,-0.12423857,1.12423857,-0.49655080
146500,0.39483461,0.39483461,1454,1.00000000,0.39483461,nan,0.00000000,0,0,0,3.66324520,0.05684980,0.31637533,0.68362467,-6.54496223
146600,0.68392104,0.68392104,978,1.00000000,0.68392104,nan,0.00000000,0,0,0,4.95872545,0.05286142,-0.00147095,1.00147095,2.69484758
146700,0.72520959,0.72520959,644,1.00000000,0.72520959,nan,0.00000000,0,0,0,4.12034702,0.06845310,0.50362057,0.49637943,-2.21494345
146800,1.19273436,1.19273436,81,0.99969646,1.19128685,nan,0.00000000,0,0,0,4.87240124,0.20860481,-0.58420234,1.58420234,6.08443777
146900,0.93101650,0.93101650,1044,1.00000000,0.93101650,nan,0.00000000,0,0,0,4.60877800,0.20731828,0.15699541,0.84300459,0.82221969
147000,0.81839597,0.81839597,434,1.00000000,0.81839597,nan,0.00000000,0,0,0,4.03049755,0.10388799,0.09437653,0.90562347,15.48279929
147100,0.51794255,0.51794255,918,1.00000000,0.51794255,nan,0.00000000,0,0,0,3.93903565,0.14771502,0.25843142,0.74156858,-0.23859245
147200,0.80884141,0.80884141,445,1.00000000,0.80884141,nan,0.00000000,0,0,0,4.93050528,0.11282423,0.13125039,0.86874961,2.89980066
147300,0.47679350,0.47679350,473,1.00000000,0.47679350,nan,0.00000000,0,0,0,4.61844206,0.20671292,0.03090338,0.96909662,-6.35145569
147400,0.59320939,0.59320939,1004,1.00000000,0.59320939,nan,0.00000000,0,0,0,4.28646898,0.06676296,-0.07761474,1.07761474,-3.09622943
147500,0.61363560,0.61363560,1644,1.00000000,0.61363560,nan,0.00000000,0,0,0,4.11072493,0.03586351,0.29408500,0.70591500,-4.03010297
147600,0.93917876,0.93917876,1043,1.00000000,0.93917876,nan,0.00000000,0,0,0,4.37805796,0.05539588,0.14085555,0.85914445,1.66135716
147700,0.48166525,0.48166525,923,1.00000000,0.48166525,nan,0.00000000,0,0,0,3.84404588,0.03146328,-0.37130644,1.37130644,-2.37795377
147800,0.69723558,0.69723558,1095,1.00000000,0.69723558,nan,0.00000000,0,0,0,4.72952032,0.06801404,-0.01545740,1.01545740,0.74620512
147900,0.28495806,0.28495806,2148,1.00000000,0.28495806,nan,0.00000000,0,0,0,3.46827412,0.09663658,0.21475305,0.78524695,-5.37556732
148000,0.84759074,0.84759074,436,1.00000000,0.84759074,nan,0.00000000,0,0,0,4.50128603,0.16793384,0.07803631,0.92196369,14.75406424
148100,0.16372108,0.16372108,875,1.00000000,0.16372108,nan,0.00000000,0,0,0,3.97148728,0.02372614,0.09516963,0.90483037,-8.44380713
148200,0.36316448,0.36316448,980,1.00000000,0.36316448,nan,0.00000000,0,0,0,3.37200260,0.04113468,0.40994078,0.59005922,-8.19366900
148300,1.13455224,1.13455224,392,1.00000000,1.13455224,nan,0.00000000,0,0,0,5.00571060,0.09243397,-0.24793358,1.24793358,3.37825304
148400,0.25629631,0.25629631,968,1.00000000,0.25629631,nan,0.00000000,0,0,0,4.86037922,0.07715635,0.06036973,0.93963027,0.39880753
148500,0.17401445,0.17401445,1205,1.00000000,0.17401445,nan,0.00000000,0,0,0,3.64718246,0.08239338,-0.12510999,1.12510999,-5.70638776
148600,1.67989588,1.67989588,392,1.00000000,1.67989588,nan,0.00000000,0,0,0,4.13001060,0.24862330,-0.25663879,1.25663879,11.00265153
148700,0.60639209,0.60639209,588,1.00000000,0.60639209,nan,0.00000000,0,0,0,3.87077618,0.05596949,0.23412907,0.76587093,-2.13343604
148800,0.15224622,0.15224622,1098,1.00000000,0.15224622,nan,0.00000000,0,0,0,4.04565144,0.06067311,0.03567223,0.96432777,-7.26072311
148900,0.26164579,0.26164579,671,1.00000000,0.26164579,nan,0.00000000,0,0,0,5.50304556,0.21935102,0.24119027,0.75880973,-1.39674675
149000,1.06292129,1.06292129,289,1.00000000,1.06292129,nan,0.00000000,0,0,0,4.59737444,0.24189001,-0.11208875,1.11208875,15.72473836
149100,0.26362485,0.26362485,1191,1.00000000,0.26362485,nan,0.00000000,0,0,0,4.35568810,0.05486803,-0.05194053,1.05194053,-3.13023552
149200,0.46708095,0.46708095,2067,1.00000000,0.46708095,nan,0.00000000,0,0,0,3.99683881,0.08343145,-0.35796311,1.35796311,-5.06350899
149300,0.34780926,0.34780926,734,1.00000000,0.34780926,nan,0.00000000,0,0,0,4.07706356,0.05117581,0.32208832,0.67791168,-2.49007678
149400,0.48421371,0.48421371,650,1.00000000,0.48421371,nan,0.00000000,0,0,0,3.98719740,0.11413913,0.30719324,0.69280676,-5.65849876
149500,0.80464172,0.80464172,1104,1.00000000,0.80464172,nan,0.00000000,0,0,0,4.00123262,0.07692114,-0.46038316,1.46038316,-4.03926945
149600,0.26017213,0.26017213,740,1.00000000,0.26017213,nan,0.00000000,0,0,0,4.26446438,0.17357486,-0.12302412,1.12302412,-4.47099757
149700,1.81357408,1.81357408,809,1.00000000,1.81357408,nan,0.00000000,0,0,0,4.73470879,0.11952657,-0.18506325,1.18506325,12.75294914
149800,0.47703356,0.47703356,1240,1.00000000,0.47703356,nan,0.04857006,0,0,0,3.88051319,0.07550446,-0.48352398,1.48352398,-5.26204999
149900,0.39516756,0.39516756,1679,1.00000000,0.39516756,nan,0.00000000,0,0,0,3.50118208,0.05146186,-0.09780328,1.09780328,-7.15426254
