step,surprise_raw,surprise_clipped,state_action_pseudo_count,familiarity,e_t,block_E_k,W_k,block_completed,warmup_remaining,regime_change,mean_total_var,mean_epistemic_var,raw_residual_mse,raw_delta_state_mse,raw_reward_sq_error,mean_total_var_raw,mean_epistemic_var_raw,gradient_coherence,gradient_novelty,predictor_nll
0,11.24195766,11.24195766,0,0.00000000,0.00000000,nan,0.00000000,0,9999,0,1.00550735,0.00039977,11.29679966,11.94522476,0.27356997,1.00550735,0.00039977,nan,nan,117.99497604
100,0.65440953,0.65440953,0,0.00000000,0.00000000,nan,0.00000000,0,9899,0,1.02723944,0.00473520,24.10471153,25.47724533,0.77164304,34.99879837,0.20316990,0.06246233,0.93753767,22.84403610
200,1.06604433,1.06604433,0,0.00000000,0.00000000,nan,0.00000000,0,9799,0,1.00866306,0.00201327,16.25896454,17.20151520,0.23563980,30.41934586,0.10399587,0.25326946,0.74673054,26.17444134
300,0.78592563,0.78592563,0,0.00000000,0.00000000,nan,0.00000000,0,9699,0,0.98640430,0.00336266,17.83340263,18.87963676,0.04742550,28.56918716,0.11642446,-0.07413387,1.07413387,23.63166618
400,0.97231412,0.97231412,0,0.00000000,0.00000000,nan,0.00000000,0,9599,0,0.99191403,0.00259406,21.81448746,23.08442688,0.22549678,29.05733299,0.10879543,-0.12267232,1.12267232,25.19973564
500,0.50686687,0.50686687,0,0.00000000,0.00000000,nan,0.00000000,0,9499,0,0.98479092,0.00224920,18.62076569,19.71056366,0.09417612,28.43020821,0.11315209,-0.15684030,1.15684030,20.87842687
600,0.67342645,0.67342645,0,0.00000000,0.00000000,nan,0.00000000,0,9399,0,0.97460240,0.00397746,27.68081665,29.30410767,0.08486526,28.67332649,0.11503223,-0.22585545,1.22585545,22.37397156
700,0.68852794,0.68852794,0,0.00000000,0.00000000,nan,0.00000000,0,9299,0,1.00320983,0.00731254,29.56991577,31.30730057,0.03436376,29.90094757,0.25181451,0.14822404,0.85177596,22.97599792
800,0.75144112,0.75144112,0,0.00000000,0.00000000,nan,0.00000000,0,9199,0,1.06856728,0.02268556,42.26243591,44.74274063,0.09722012,31.84623528,1.07603705,0.18910687,0.81089313,23.91352005
900,0.59144092,0.59144092,0,0.00000000,0.00000000,nan,0.00000000,0,9099,0,0.95791900,0.01159129,29.44639778,31.17741203,0.01922034,29.17941666,0.64012653,-0.10332641,1.10332641,21.26610374
1000,0.19248582,0.19248582,0,0.00000000,0.00000000,nan,0.00000000,0,8999,0,0.94376016,0.00287941,3.38392901,3.58298087,0.00004839,28.07039642,0.09430136,-0.25113817,1.25113817,17.71974907
1100,0.61978233,0.61978233,0,0.00000000,0.00000000,nan,0.00000000,0,8899,0,0.91902137,0.01000926,2.33436203,2.45619297,0.26323554,26.83967781,0.45248353,0.06421314,0.93578686,21.36848831
1200,0.68086964,0.68086964,0,0.00000000,0.00000000,nan,0.00000000,0,8799,0,0.83921963,0.01529277,7.20526028,7.62758064,0.02581706,23.18754959,0.46452394,-0.12367777,1.12367777,20.84350650
1300,0.97476673,0.97476673,0,0.00000000,0.00000000,nan,0.00000000,0,8699,0,0.75021005,0.03107134,14.89788437,15.76647758,0.13179708,20.60856819,1.21308076,-0.04238226,1.04238226,22.75497691
1400,0.86008239,0.86008239,0,0.00000000,0.00000000,nan,0.00000000,0,8599,0,0.71288848,0.03847749,27.80749512,29.44287491,0.00600376,18.11413574,1.83854234,0.08312714,0.91687286,23.06527805
1500,0.54371226,0.54371226,0,0.00000000,0.00000000,nan,0.00000000,0,8499,0,0.79581070,0.04161954,13.57867146,14.37741566,0.00003329,17.58821869,2.17030883,0.21950808,0.78049192,19.79582644
1600,0.71402848,0.71402848,0,0.00000000,0.00000000,nan,0.00000000,0,8399,0,0.74931818,0.03532569,8.20020866,8.66365242,0.32167792,16.57517242,1.46350288,-0.03502609,1.03502609,21.04618136
1700,0.53541791,0.53541791,0,0.00000000,0.00000000,nan,0.00000000,0,8299,0,0.50807571,0.03240298,2.17492819,2.30201221,0.01449752,9.21961498,1.39526999,0.06867621,0.93132379,13.21098073
1800,1.04462981,1.04462981,0,0.00000000,0.00000000,nan,0.00000000,0,8199,0,0.35794482,0.05132705,2.70415878,2.86037755,0.04843604,7.04514980,2.12394166,0.04109627,0.95890373,18.38855457
1900,0.29879040,0.29879040,0,0.00000000,0.00000000,nan,0.00000000,0,8099,0,0.45549569,0.07474354,1.53578639,1.61965835,0.10996453,8.42891121,4.27146578,0.01041476,0.98958524,25.38050747
2000,0.35883561,0.35883561,0,0.00000000,0.00000000,nan,0.00000000,0,7999,0,0.70379090,0.01583062,1.20499086,1.25492167,0.35616785,13.82013988,0.38521445,-0.09020982,1.09020982,15.87538433
2100,0.60704786,0.60704786,0,0.00000000,0.00000000,nan,0.00000000,0,7899,0,0.56293797,0.04578745,4.68048239,4.93718100,0.31660920,9.42132950,2.46830940,-0.08835847,1.08835847,16.88217258
2200,0.99703288,0.99703288,0,0.00000000,0.00000000,nan,0.00000000,0,7799,0,0.42539066,0.04659717,3.00755000,3.18441200,0.00089310,7.01718807,2.20449519,0.02770935,0.97229065,19.93837325
2300,0.60163701,0.60163701,0,0.00000000,0.00000000,nan,0.00000000,0,7699,0,0.38013920,0.04836638,0.89335334,0.92655480,0.32892799,4.78561401,1.04192686,-0.00871517,1.00871517,11.80927348
2400,0.24177557,0.24177557,0,0.00000000,0.00000000,nan,0.00000000,0,7599,0,0.55351651,0.03295266,1.05545485,1.11749864,0.00071102,7.84579277,1.23294687,0.03294886,0.96705114,11.48285413
2500,0.88552094,0.88552094,0,0.00000000,0.00000000,nan,0.00000000,0,7499,0,0.43748459,0.07718118,0.90645367,0.91350973,0.78649962,7.71812344,2.77849317,-0.02111592,1.02111592,19.86701298
2600,0.44498572,0.44498572,0,0.00000000,0.00000000,nan,0.00000000,0,7399,0,0.48753610,0.04180761,1.43870354,1.51083016,0.21255136,8.42554855,1.75417805,0.00305585,0.99694415,12.81802591
2700,0.36739486,0.36739486,0,0.00000000,0.00000000,nan,0.00000000,0,7299,0,0.41747496,0.03976595,1.09601843,1.15572321,0.08103694,6.22326469,1.23594999,0.03374912,0.96625088,9.72603846
2800,0.51867402,0.51867402,0,0.00000000,0.00000000,nan,0.00000000,0,7199,0,0.28126347,0.03567702,0.69614017,0.73653591,0.00941259,4.78829765,1.25976765,0.02536027,0.97463973,9.40079244
2900,0.44189274,0.44189274,0,0.00000000,0.00000000,nan,0.00000000,0,7099,0,0.42865583,0.04455542,2.72003913,2.87903833,0.01704877,6.77776861,1.77361727,-0.02926609,1.02926609,12.29878044
3000,0.72243923,0.72243923,0,0.00000000,0.00000000,nan,0.00000000,0,6999,0,0.42857468,0.03005941,1.08622360,1.10188329,0.82000959,7.31443787,0.89856189,-0.08324371,1.08324371,14.87542280
3100,0.17833191,0.17833191,0,0.00000000,0.00000000,nan,0.00000000,0,6899,0,0.39423236,0.01843100,0.57540101,0.60858929,0.01119979,5.46039915,0.65847534,-0.08771464,1.08771464,7.67242114
3200,0.42025152,0.42025152,0,0.00000000,0.00000000,nan,0.00000000,0,6799,0,0.35347012,0.02847526,0.55554813,0.58669144,0.02611183,3.40339184,0.93651593,0.13328052,0.86671948,8.30643725
3300,0.89245254,0.89245254,0,0.00000000,0.00000000,nan,0.00000000,0,6699,0,0.37251148,0.03216067,0.85470182,0.86328465,0.70879459,4.37951469,1.27965593,0.05423937,0.94576063,13.73985545
3400,0.22594275,0.22594275,0,0.00000000,0.00000000,nan,0.00000000,0,6599,0,0.36034536,0.02551239,0.41454485,0.43743733,0.02537207,4.57535028,0.56415200,-0.06141063,1.06141063,7.43329509
3500,0.19907528,0.19907528,0,0.00000000,0.00000000,nan,0.00000000,0,6499,0,0.37318209,0.02534611,0.29391220,0.29887122,0.20960933,5.19879961,0.62104768,0.02955036,0.97044964,8.42246167
3600,0.12647015,0.12647015,0,0.00000000,0.00000000,nan,0.00000000,0,6399,0,0.36792788,0.02486522,0.39102942,0.40980828,0.07178868,4.38728905,0.49316373,-0.05016542,1.05016542,6.58319187
3700,1.04577613,1.04577613,0,0.00000000,0.00000000,nan,0.00000000,0,6299,0,0.24219887,0.03525884,1.92028892,2.03301287,0.00397978,3.04495883,1.41486251,-0.06540299,1.06540299,14.76831722
3800,0.28707492,0.28707492,0,0.00000000,0.00000000,nan,0.00000000,0,6199,0,0.22970465,0.02465508,0.27151591,0.28739783,0.00152291,2.89285398,0.50362140,-0.00626005,1.00626005,4.48398173
3900,1.40406847,1.40406847,0,0.00000000,0.00000000,nan,0.00000000,0,6099,0,0.20079657,0.05656203,0.73619723,0.73193127,0.80871856,2.77661514,1.45100510,-0.04031823,1.04031823,13.83735132
4000,0.22873269,0.22873269,0,0.00000000,0.00000000,nan,0.00000000,0,5999,0,0.42138121,0.01734587,0.45868412,0.47006962,0.26513070,8.04752922,0.72074628,0.01172329,0.98827671,9.40447235
4100,0.60986626,0.60986626,0,0.00000000,0.00000000,nan,0.00000000,0,5899,0,0.40694350,0.02451118,2.55837917,2.68008995,0.48929188,4.98367548,0.57303822,0.03857006,0.96142994,12.30102754
4200,0.15257277,0.15257277,0,0.00000000,0.00000000,nan,0.00000000,0,5799,0,0.35933030,0.02122173,0.24266370,0.24044082,0.28045246,3.86091232,0.60149354,-0.04486080,1.04486080,5.58556628
4300,0.21324497,0.21324497,0,0.00000000,0.00000000,nan,0.00000000,0,5699,0,0.43746993,0.02510274,0.46146503,0.47836280,0.17420278,4.24867582,0.44724268,0.05269980,0.94730020,7.58308327
4400,0.08415493,0.08415493,0,0.00000000,0.00000000,nan,0.00000000,0,5599,0,0.33628184,0.02084788,0.43252823,0.45684937,0.01906867,3.23212481,0.44964662,-0.03877340,1.03877340,4.78044033
4500,0.90666324,0.90666324,0,0.00000000,0.00000000,nan,0.00000000,0,5499,0,0.30066246,0.01923361,3.32725906,3.51308560,0.16820925,3.21116543,0.75465322,0.10455363,0.89544637,11.43327236
4600,0.48463762,0.48463762,0,0.00000000,0.00000000,nan,0.00000000,0,5399,0,0.19756062,0.03072237,0.57595962,0.60220242,0.12983169,2.33536935,0.93009782,-0.00565826,1.00565826,5.13654608
4700,0.26728663,0.26728663,0,0.00000000,0.00000000,nan,0.00000000,0,5299,0,0.20768280,0.03459053,0.32324564,0.34126994,0.01683240,2.43599439,0.85106725,0.02093715,0.97906285,3.39892960
4800,0.46804067,0.46804067,0,0.00000000,0.00000000,nan,0.00000000,0,5199,0,0.23080617,0.02103528,0.24362023,0.25712442,0.01404849,3.44390655,0.58805275,0.00792720,0.99207280,6.00772917
4900,0.10381598,0.10381598,0,0.00000000,0.00000000,nan,0.00000000,0,5099,0,0.16904527,0.02231035,0.06422000,0.06532101,0.04550299,2.07893467,0.52950305,-0.02861650,1.02861650,-0.64484000
5000,0.31157956,0.31157956,0,0.00000000,0.00000000,nan,0.00000000,0,4999,0,0.33952868,0.01781995,0.75475669,0.78803819,0.18897121,5.59562969,0.61298871,-0.04366341,1.04366341,7.98772895
5100,1.75885904,1.75885904,0,0.00000000,0.00000000,nan,0.00000000,0,4899,0,0.38592488,0.03676435,5.77453089,6.01181078,1.74077094,3.90562177,0.83467877,-0.03900004,1.03900004,25.51759656
5200,1.50386655,1.50386655,0,0.00000000,0.00000000,nan,0.00000000,0,4799,0,0.46452618,0.02555622,4.78949928,5.02174139,0.84137762,4.54103851,0.59871632,-0.08811856,1.08811856,20.65456247
5300,1.31795812,1.31795812,0,0.00000000,0.00000000,nan,0.00000000,0,4699,0,0.46904004,0.02685104,3.99497557,4.22460651,0.09125024,4.90197611,0.97004807,0.05797904,0.94202096,19.11652565
5400,0.34383357,0.34383357,0,0.00000000,0.00000000,nan,0.00000000,0,4599,0,0.39833471,0.02870109,0.46781561,0.48503470,0.17509148,2.96947598,0.57640201,0.01339325,0.98660675,6.38362789
5500,0.18040885,0.18040885,0,0.00000000,0.00000000,nan,0.00000000,0,4499,0,0.37444931,0.02179696,0.43623504,0.45909250,0.04765806,3.71036100,0.65150225,0.00780629,0.99219371,6.54924345
5600,0.24856520,0.24856520,0,0.00000000,0.00000000,nan,0.00000000,0,4399,0,0.39507875,0.02330203,1.00257480,1.05817115,0.05743818,4.33670235,0.65467852,-0.02676454,1.02676454,6.76211707
5700,0.19290665,0.19290665,0,0.00000000,0.00000000,nan,0.00000000,0,4299,0,0.27027458,0.02086908,0.14697473,0.15535313,0.00454222,3.44798064,0.91592717,-0.01552589,1.01552589,4.09166765
5800,0.64677781,0.64677781,0,0.00000000,0.00000000,nan,0.00000000,0,4199,0,0.24862991,0.02158424,0.91923547,0.96375835,0.16234483,2.56316113,0.54481578,0.04459615,0.95540385,6.69707727
5900,0.22539932,0.22539932,0,0.00000000,0.00000000,nan,0.00000000,0,4099,0,0.30198157,0.01540359,0.21926019,0.22839946,0.06389260,3.37299347,0.54748207,-0.03219834,1.03219834,4.86546914
6000,0.23027264,0.23027264,0,0.00000000,0.00000000,nan,0.00000000,0,3999,0,0.34001932,0.01416702,0.33357975,0.34002090,0.22408035,5.11391020,0.27021626,-0.04760683,1.04760683,7.08220923
6100,0.46364757,0.46364757,0,0.00000000,0.00000000,nan,0.00000000,0,3899,0,0.20734231,0.01510004,1.16822875,1.23588467,0.01807746,2.19781327,0.57970959,-0.02879987,1.02879987,4.65740172
6200,1.43307853,1.43307853,0,0.00000000,0.00000000,nan,0.00000000,0,3799,0,0.23425430,0.02680621,3.19681311,3.36956143,0.26009417,2.93513250,1.08365297,-0.01007090,1.01007090,15.97914314
6300,0.28159049,0.28159049,0,0.00000000,0.00000000,nan,0.00000000,0,3699,0,0.18562013,0.01816658,0.22301255,0.23478472,0.02288564,2.05459118,0.65530109,-0.01142793,1.01142793,1.74890313
6400,0.47464001,0.47464001,0,0.00000000,0.00000000,nan,0.00000000,0,3599,0,0.19796483,0.02195478,0.87044060,0.92138648,0.00436048,2.31783891,0.68685925,0.03076097,0.96923903,3.86167252
6500,1.04433775,1.04433775,0,0.00000000,0.00000000,nan,0.00000000,0,3499,0,0.15823196,0.02230625,5.29626465,5.60776281,0.00079039,1.80134141,0.54633540,0.00418996,0.99581004,13.17048776
6600,0.12227670,0.12227670,0,0.00000000,0.00000000,nan,0.00000000,0,3399,0,0.26286519,0.01929274,0.27596569,0.29202580,0.00294392,3.79604554,0.66109991,0.04168407,0.95831593,3.14363456
6700,0.72148806,0.72148806,0,0.00000000,0.00000000,nan,0.00000000,0,3299,0,0.23721960,0.01815092,0.31788754,0.33572206,0.01470079,3.31451082,0.60515350,0.05090480,0.94909520,7.95596609
6800,1.43815255,1.43815255,0,0.00000000,0.00000000,nan,0.00000000,0,3199,0,0.16133092,0.01513677,1.31568909,1.38814569,0.08392569,2.08956099,0.54454774,0.08655558,0.91344442,13.71365213
6900,0.17026696,0.17026696,0,0.00000000,0.00000000,nan,0.00000000,0,3099,0,0.16790329,0.02090556,0.63198358,0.66893250,0.00385160,1.87778342,0.37583855,0.06028928,0.93971072,-0.12377461
7000,0.25419223,0.25419223,0,0.00000000,0.00000000,nan,0.00000000,0,2999,0,0.23693591,0.01416193,0.64728844,0.68410003,0.02149142,3.27042866,0.35120389,-0.01720041,1.01720041,nan
7100,0.62832493,0.62832493,0,0.00000000,0.00000000,nan,0.00000000,0,2899,0,0.30894193,0.01528242,0.96997285,1.01570797,0.19247520,4.01227522,0.57459873,0.04160706,0.95839294,9.47034788
7200,0.71001500,0.71001500,0,0.00000000,0.00000000,nan,0.00000000,0,2799,0,0.29898551,0.04273152,0.56447381,0.59457964,0.05267457,2.61412358,0.79220885,0.05464585,0.94535415,9.48742056
7300,0.23227650,0.23227650,0,0.00000000,0.00000000,nan,0.00000000,0,2699,0,0.20030135,0.02806984,0.33222395,0.35161573,0.00256370,2.17482471,0.75411773,0.03049646,0.96950354,3.31139860
7400,0.27468756,0.27468756,0,0.00000000,0.00000000,nan,0.00000000,0,2599,0,0.23815520,0.02627143,0.35014978,0.36990175,0.01436661,2.46370220,0.81003320,0.06072462,0.93927538,3.29041179
7500,0.31264579,0.31264579,0,0.00000000,0.00000000,nan,0.00000000,0,2499,0,0.22638886,0.01865044,0.65673304,0.68866485,0.11389247,2.57365036,0.49978936,0.01044041,0.98955959,3.13680649
7600,0.51671958,0.51671958,0,0.00000000,0.00000000,nan,0.00000000,0,2399,0,0.14773734,0.02017730,0.19689696,0.20630464,0.03696644,1.50951028,0.50151676,0.01876048,0.98123952,1.81963873
7700,0.45427546,0.45427546,0,0.00000000,0.00000000,nan,0.00000000,0,2299,0,0.16643991,0.02563020,0.44814047,0.47312814,0.02334948,1.88569582,0.82648957,-0.02198989,1.02198989,2.19512049
7800,0.12631011,0.12631011,0,0.00000000,0.00000000,nan,0.00000000,0,2199,0,0.18037771,0.01974481,0.32313573,0.34196073,0.00311096,2.25016904,0.51678598,-0.00171715,1.00171715,-0.84413939
7900,1.38866055,1.38866055,0,0.00000000,0.00000000,nan,0.00000000,0,2099,0,0.19129388,0.02275899,2.03206658,2.14867496,0.04972448,1.72465837,0.46425173,-0.05045478,1.05045478,15.72239780
8000,0.53055352,0.53055352,0,0.00000000,0.00000000,nan,0.00000000,0,1999,0,0.35813153,0.01415062,1.03293121,1.05227077,0.70415676,5.76096916,0.44259068,0.07446680,0.92553320,10.58319259
8100,1.67242563,1.67242563,0,0.00000000,0.00000000,nan,0.00000000,0,1899,0,0.22947550,0.02161204,2.88462496,3.00460482,0.84496373,2.45782804,0.72815198,-0.05647634,1.05647634,17.71168995
8200,0.08527689,0.08527689,0,0.00000000,0.00000000,nan,0.00000000,0,1799,0,0.25325927,0.00783318,0.39378124,0.41681862,0.00214599,3.51227665,0.18665025,-0.01984816,1.01984816,2.66531205
8300,0.10248128,0.10248128,0,0.00000000,0.00000000,nan,0.00000000,0,1699,0,0.16285168,0.02210595,0.17830189,0.18826830,0.00887261,1.72134125,0.35143223,-0.03740821,1.03740821,-0.38726200
8400,0.32246745,0.32246745,0,0.00000000,0.00000000,nan,0.00000000,0,1599,0,0.15594234,0.01741813,0.64984673,0.68352801,0.07726602,1.86440027,0.49382338,-0.07301164,1.07301164,2.26026386
8500,0.56152320,0.56152320,0,0.00000000,0.00000000,nan,0.00000000,0,1499,0,0.12625065,0.01871325,0.33997691,0.35887572,0.01869671,1.71225488,0.53137273,0.00096853,0.99903147,1.41956091
8600,0.63316607,0.63316607,0,0.00000000,0.00000000,nan,0.00000000,0,1399,0,0.15499040,0.01773333,0.34810308,0.36656001,0.03433567,1.57432175,0.41126394,0.04621843,0.95378157,4.88767107
8700,0.20083705,0.20083705,0,0.00000000,0.00000000,nan,0.00000000,0,1299,0,0.11136111,0.02367468,0.40409601,0.42762065,0.00417726,1.40930581,0.54236865,0.01459511,0.98540489,1.61790180
8800,0.74006122,0.74006122,0,0.00000000,0.00000000,nan,0.00000000,0,1199,0,0.10951861,0.01727282,0.42291811,0.44661137,0.02013254,1.58966863,0.50491744,-0.01973581,1.01973581,0.95716981
8900,0.42958313,0.42958313,0,0.00000000,0.00000000,nan,0.00000000,0,1099,0,0.10458590,0.01144924,0.33250910,0.35032979,0.02955765,1.53886104,0.41540834,-0.00026033,1.00026033,-1.25388825
9000,0.22260076,0.22260076,0,0.00000000,0.00000000,nan,0.00000000,0,999,0,0.28078324,0.01110942,0.48258960,0.51073241,0.00416180,5.15090609,0.24387115,-0.03117109,1.03117109,6.48064137
9100,0.25934938,0.25934938,0,0.00000000,0.00000000,nan,0.00000000,0,899,0,0.23985717,0.01871086,0.17303671,0.17534170,0.13385235,2.60212445,0.36819580,-0.05072797,1.05072797,2.70786309
9200,0.95317894,0.95317894,0,0.00000000,0.00000000,nan,0.00000000,0,799,0,0.24849044,0.01583216,3.94562268,4.16441107,0.22621368,2.01570225,0.27786845,-0.14779791,1.14779791,9.60858560
9300,0.46113682,0.46113682,0,0.00000000,0.00000000,nan,0.00000000,0,699,0,0.22899991,0.02071259,1.54312909,1.63224769,0.02811110,2.01926184,0.66009587,-0.00108975,1.00108975,8.08043734
9400,0.49773946,0.49773946,0,0.00000000,0.00000000,nan,0.00000000,0,599,0,0.20780002,0.03235951,0.58809090,0.61512780,0.12846418,1.76351571,0.83181340,-0.08020625,1.08020625,4.88163090
9500,0.42930061,0.42930061,0,0.00000000,0.00000000,nan,0.00000000,0,499,0,0.21185163,0.01871832,0.33253393,0.34886467,0.05491139,1.74492097,0.41945526,0.03013656,0.96986344,1.62658358
9600,0.24197602,0.24197602,0,0.00000000,0.00000000,nan,0.00000000,0,399,0,0.28695706,0.01295158,0.37162584,0.39193913,0.02629971,2.46238661,0.28046897,0.06435887,0.93564113,2.48574382
9700,0.64236903,0.64236903,0,0.00000000,0.00000000,nan,0.00000000,0,299,0,0.28454626,0.02875787,1.21052635,1.26787674,0.23556943,2.48157382,0.85265541,-0.03432215,1.03432215,9.60918245
9800,0.73732066,0.73732066,0,0.00000000,0.00000000,nan,0.00000000,0,199,0,0.20270883,0.01926859,0.58378899,0.60970271,0.14325380,2.18404031,0.71283382,0.02683773,0.97316227,8.52433672
9900,0.15686214,0.15686214,0,0.00000000,0.00000000,nan,0.00000000,0,99,0,0.17313874,0.01993784,0.18834209,0.19940649,0.00024761,2.05007339,0.59689552,-0.01420840,1.01420840,-0.15403241
10000,0.16008933,0.16008933,0,0.00000000,0.00000000,nan,0.00000000,0,0,0,0.33173978,0.01875896,0.44550160,0.47044352,0.02148843,4.66844702,0.37529460,-0.02830673,1.02830673,5.82633702
10100,1.17873788,1.17873788,0,0.00000000,0.00000000,nan,0.00000000,0,0,0,0.25678992,0.02386345,1.10205412,1.11563838,0.87112069,2.71551895,0.79480582,-0.03518845,1.03518845,11.95683575
10200,0.46127754,0.46127754,0,0.00000000,0.00000000,nan,0.00000000,0,0,0,0.26252323,0.01821467,0.30618066,0.32123277,0.05029459,2.07230377,0.43296134,0.00253214,0.99746786,4.58764191
10300,0.17810112,0.17810112,0,0.00000000,0.00000000,nan,0.00000000,0,0,0,0.28540272,0.01690469,0.43331337,0.45556712,0.05499919,2.95754194,0.40317944,0.02399173,0.97600827,3.20653009
10400,1.29538429,1.29538429,1,0.09516258,0.00010623,nan,0.00000000,0,0,0,0.23548473,0.02405665,0.55671263,0.55836445,0.52863109,1.86171448,0.65126026,-0.02420638,1.02420638,12.24612681
10500,0.61241591,0.61241591,0,0.00000000,0.00000000,nan,0.00000000,0,0,0,0.14967631,0.02431830,0.81423712,0.85844260,0.06274530,0.95614880,0.25006971,-0.08670858,1.08670858,5.39875507
10600,0.74850154,0.74850154,0,0.00000000,0.00000000,nan,0.00000000,0,0,0,0.12587112,0.02371271,0.69539380,0.73042899,0.09979659,1.28740585,0.68058717,-0.06158683,1.06158683,6.09814286
10700,0.25396335,0.25396335,4,0.32967995,0.00300014,nan,0.00000000,0,0,0,0.20900570,0.01523601,0.28177950,0.29835087,0.00006604,2.40944171,0.45926523,-0.02835723,1.02835723,1.66859552
10800,0.53599524,0.53599524,1,0.09516258,0.00004396,nan,0.00000000,0,0,0,0.13105978,0.01801993,0.49275315,0.52173817,0.00000804,1.45227909,0.54981476,-0.06707347,1.06707347,1.70007855
10900,0.45836592,0.45836592,4,0.32967995,0.00541480,nan,0.00000000,0,0,0,0.16099237,0.02079966,0.27187645,0.28570154,0.03685001,1.98712671,0.57714570,0.04125286,0.95874714,3.26808882
11000,0.25095350,0.25095350,10,0.63212056,0.04006756,nan,0.00000000,0,0,0,0.37892705,0.01377889,1.37511992,1.45508909,0.01564505,6.04817581,0.39335087,0.04713500,0.95286500,8.62597942
11100,0.35106939,0.35106939,10,0.63212056,0.05605220,nan,0.00000000,0,0,0,0.27806315,0.01438624,1.23319066,1.30195308,0.06423134,2.66623330,0.19299346,0.06387598,0.93612402,4.17510923
11200,0.31460714,0.31460714,25,0.91791500,0.22334614,nan,0.00000000,0,0,0,0.27717274,0.01430497,0.50526059,0.52012873,0.25250229,2.59983397,0.31791005,-0.14287678,1.14287678,4.36911877
11300,0.45425022,0.45425022,8,0.55067104,0.04176996,nan,0.00000000,0,0,0,0.22616717,0.03096076,0.57352120,0.58058405,0.45345300,2.33967900,0.99769020,-0.04004114,1.04004114,5.77541685
11400,0.55841881,0.55841881,9,0.59343034,0.06925307,nan,0.00000000,0,0,0,0.19404279,0.01636142,0.33298671,0.35235226,0.00377305,1.54803896,0.38687736,-0.01086479,1.01086479,6.39038197
11500,0.99103779,0.99103779,23,0.89974116,0.64947219,nan,0.00000000,0,0,0,0.23375566,0.01731019,4.10528183,4.34514236,0.02765843,2.15465736,0.56892860,-0.07577912,1.07577912,13.35799726
11600,0.25052744,0.25052744,2,0.18126925,0.00027049,nan,0.00000000,0,0,0,0.15187536,0.01051271,0.15481143,0.16329426,0.01060324,1.72155178,0.33458045,0.00115744,0.99884256,-2.16328738
11700,0.49965328,0.49965328,22,0.88919684,0.31236358,nan,0.00000000,0,0,0,0.16077438,0.01554807,0.29491499,0.30364642,0.14648025,1.57646799,0.28098282,0.02543624,0.97456376,1.98680785
11800,0.76299125,0.76299125,10,0.63212056,0.12182017,nan,0.00000000,0,0,0,0.11977931,0.02104545,0.59036011,0.62445676,0.01071717,1.21860147,0.38939041,-0.02781691,1.02781691,5.59011348
11900,0.61230654,0.61230654,28,0.93918994,0.47641192,nan,0.00000000,0,0,0,0.17441653,0.01835125,0.59358919,0.62831795,0.00320100,2.00601983,0.53687006,0.07414344,0.92585656,3.79635203
12000,0.12555437,0.12555437,38,0.97762923,0.11469079,nan,0.00000000,0,0,0,0.31769323,0.01671956,0.58918941,0.62251192,0.02270660,3.73882794,0.47550637,-0.15775853,1.15775853,4.49363883
12100,0.10192192,0.10192192,34,0.96662673,0.08898213,nan,0.00000000,0,0,0,0.22896893,0.01275114,0.05092157,0.05217419,0.02962709,2.38751888,0.29943740,-0.00124866,1.00124866,1.44222122
12200,0.20331365,0.20331365,5,0.39346934,0.00487315,nan,0.00000000,0,0,0,0.19979645,0.02848958,0.15464088,0.16218202,0.02644134,1.48335993,0.68696159,0.03017226,0.96982774,-0.41788411
12300,0.72752756,0.72752756,13,0.72746821,0.20375371,nan,0.00000000,0,0,0,0.19966598,0.02278599,1.03490853,1.08245754,0.22657564,1.19132018,0.28136370,0.04141351,0.95858649,5.11428968
12400,0.50724512,0.50724512,5,0.39346934,0.01215798,nan,0.00000000,0,0,0,0.28581581,0.03435121,0.30488852,0.32262453,0.00337614,3.42232680,1.58845925,-0.01539965,1.01539965,10.50628290
12500,0.65171313,0.65171313,23,0.89974116,0.42709729,nan,0.00000000,0,0,0,0.23839408,0.01869546,0.33960086,0.35955563,0.00036928,1.88474250,0.44337100,0.00729481,0.99270519,6.21221972
12600,0.29057285,0.29057285,29,0.94497678,0.23170723,nan,0.00000000,0,0,0,0.26797307,0.01017346,0.74152845,0.77997071,0.08800995,2.81709003,0.22655259,0.00840765,0.99159235,2.73955011
12700,0.22513495,0.22513495,9,0.59343034,0.02792042,nan,0.00000000,0,0,0,0.19449179,0.02646793,0.32056797,0.33410874,0.09037462,1.81684899,0.69576049,0.04657862,0.95342138,2.03020529
12800,0.22013026,0.22013026,10,0.63212056,0.03514628,nan,0.00000000,0,0,0,0.20227769,0.02541425,0.19119032,0.20239785,0.00066229,1.87525427,0.66281742,-0.06364927,1.06364927,-0.44297918
12900,0.34719864,0.34719864,3,0.25918178,0.00156674,nan,0.00000000,0,0,0,0.15227053,0.02395579,0.57835335,0.61151659,0.01457774,1.54327559,0.38913336,-0.10014194,1.10014194,1.16051683
13000,1.13529098,1.13529098,32,0.95923780,0.96119680,nan,0.00000000,0,0,0,0.28872845,0.02641409,1.84030771,1.89504802,0.90971923,3.11682343,0.44713041,0.05434538,0.94565462,13.84680049
13100,0.89095759,0.89095759,20,0.86466472,0.49802138,nan,0.00000000,0,0,0,0.17940301,0.01911143,1.58934987,1.67063653,0.20747499,1.50991035,0.44642353,-0.13613596,1.13613596,5.68474889
13200,2.11991167,2.11991167,16,0.79810348,0.86011117,nan,0.00000000,0,0,0,0.24107678,0.02256546,3.28280258,3.40464902,1.21141279,2.27205563,0.54233521,0.09764965,0.90235035,24.04812813
13300,0.21202303,0.21202303,16,0.79810348,0.08602405,nan,0.00000000,0,0,0,0.21942632,0.01257862,0.22783083,0.22473195,0.28051180,1.99776888,0.20693660,-0.01549886,1.01549886,0.14383122
13400,0.24307074,0.24307074,31,0.95495080,0.20214205,nan,0.00000000,0,0,0,0.23374087,0.01205480,0.22626665,0.21450129,0.42627785,2.12844205,0.26271901,0.01087112,0.98912888,1.29723008
13500,0.25420234,0.25420234,6,0.45118836,0.01053443,nan,0.00000000,0,0,0,0.33302444,0.02215275,0.41729459,0.44159710,0.00415164,3.18406725,0.41286790,0.03757610,0.96242390,4.29259642
13600,0.33783960,0.33783960,28,0.93918994,0.26285987,nan,0.00000000,0,0,0,0.24890263,0.00989567,0.28383005,0.29581001,0.08017086,2.81474733,0.20409885,-0.00413903,1.00413903,5.35475779
13700,0.29543480,0.29543480,15,0.77686984,0.10761051,nan,0.00000000,0,0,0,0.16855697,0.01991364,0.31046692,0.32854530,0.00313469,1.41979361,0.38739270,-0.03687120,1.03687120,nan
13800,0.24137422,0.24137422,50,0.99326205,0.23493421,nan,0.00000000,0,0,0,0.19351815,0.01049020,0.25703797,0.27065808,0.02549600,1.99383330,0.25713977,-0.00929898,1.00929898,0.83320820
13900,0.12191729,0.12191729,36,0.97267628,0.10912860,nan,0.00000000,0,0,0,0.16307558,0.01150322,0.30497694,0.32271639,0.00340661,1.55085695,0.34013435,0.05258065,0.94741935,-3.55562019
14000,0.61161613,0.61161613,65,0.99849656,0.60794631,nan,0.00000000,0,0,0,0.30116606,0.01663978,1.47439265,1.53439152,0.45441321,3.56273150,0.44438738,0.06880759,0.93119241,9.18815327
14100,0.21042563,0.21042563,43,0.98643144,0.19923529,nan,0.00000000,0,0,0,0.19180530,0.01393053,0.31121773,0.32952121,0.00005854,2.50149822,0.45912594,0.00386900,0.99613100,0.32043892
14200,0.57450604,0.57450604,10,0.63212056,0.09172638,nan,0.00000000,0,0,0,0.16332330,0.01169793,0.28669417,0.30317503,0.00651899,1.45760214,0.24197499,0.02586143,0.97413857,0.94181581
14300,0.17854042,0.17854042,27,0.93279449,0.13517004,nan,0.00000000,0,0,0,0.11610806,0.01823687,0.26252884,0.27693218,0.01767209,1.24554336,0.38457724,0.03694956,0.96305044,-2.86543846
14400,0.17702490,0.17702490,33,0.96311683,0.15231766,nan,0.00000000,0,0,0,0.13228910,0.01383705,0.26402745,0.27909154,0.00793827,1.53097045,0.32687518,-0.07203406,1.07203406,-4.37838912
14500,0.29028064,0.29028064,18,0.83470111,0.14091007,nan,0.00000000,0,0,0,0.15718262,0.00826938,0.51497853,0.54450190,0.01308056,1.98461473,0.29441968,-0.07231200,1.07231200,-1.08742444
14600,1.09984899,1.09984899,11,0.66712892,0.21785730,nan,0.00000000,0,0,0,0.11062805,0.01621670,0.39983070,0.42241797,0.01584682,1.48177242,0.62559044,-0.00094913,1.00094913,8.09573650
14700,0.52141142,0.52141142,17,0.81731648,0.23267062,nan,0.00000000,0,0,0,0.16994689,0.01324573,0.46006277,0.48588192,0.02113702,1.83530295,0.46479988,0.02174308,0.97825692,1.82992475
14800,0.27637303,0.27637303,58,0.99697245,0.27304126,nan,0.00000000,0,0,0,0.13531308,0.01273983,0.13897602,0.13904251,0.13784553,1.63459289,0.29393044,-0.00932107,1.00932107,-1.63526160
14900,0.62040317,0.62040317,33,0.96311683,0.53381393,nan,0.00000000,0,0,0,0.11901079,0.01784202,0.23640415,0.24737628,0.04987797,1.29435861,0.42444271,-0.02571553,1.02571553,1.04254111
15000,0.09757280,0.09757280,42,0.98500442,0.09185049,nan,0.00000000,0,0,0,0.30744073,0.01295329,0.48826873,0.51688772,0.00174542,3.81543565,0.19719838,-0.05381817,1.05381817,4.02672464
15100,1.28994405,1.28994405,30,0.95021293,1.05160979,nan,0.00000000,0,0,0,0.15684173,0.02611166,0.79894143,0.83867443,0.12348034,1.75514829,0.49453366,0.01817981,0.98182019,11.68516731
15200,0.33017981,0.33017981,14,0.75340304,0.10638000,nan,0.00000000,0,0,0,0.11989840,0.01113721,0.31333065,0.32870901,0.05189877,1.41289091,0.29475406,-0.07951974,1.07951974,-4.52757645
15300,0.53952831,0.53952831,35,0.96980262,0.47725188,nan,0.00000000,0,0,0,0.15518516,0.01503506,0.24486168,0.25528601,0.06764755,1.65778375,0.30371884,0.03548929,0.96451071,0.90396086
15400,0.73103088,0.73103088,24,0.90928205,0.49972398,nan,0.00000000,0,0,0,0.14195064,0.03226950,1.21398211,1.28120041,0.07126848,1.51069665,0.82596028,-0.13772435,1.13772435,9.69107145
15500,1.34119892,1.34119892,17,0.81731648,0.59848630,nan,0.00000000,0,0,0,0.12966034,0.01302996,0.92267239,0.97613007,0.01388968,1.44228411,0.41320780,0.04820760,0.95179240,10.37785530
15600,0.51602292,0.51602292,26,0.92572642,0.37896546,nan,0.00000000,0,0,0,0.17790072,0.02138310,0.54913723,0.58041108,0.01748151,1.75006151,0.59837323,0.00743314,0.99256686,2.77921726
15700,0.12966582,0.12966582,58,0.99697245,0.12810266,nan,0.00000000,0,0,0,0.13405068,0.01553679,0.23280865,0.24633338,0.00288832,1.57053566,0.38170993,0.08509356,0.91490644,-2.49733007
15800,0.15656520,0.15656520,68,0.99888622,0.15586885,nan,0.00000000,0,0,0,0.13830346,0.01408784,0.22039935,0.23297492,0.00661474,1.52231002,0.37711087,0.07958806,0.92041194,-3.08008675
15900,0.31879663,0.31879663,37,0.97527647,0.28841957,nan,0.00000000,0,0,0,0.11689104,0.01174014,0.52819228,0.55922776,0.00058776,1.10124505,0.20653994,-0.11636249,1.11636249,-3.23204494
16000,1.76776016,1.76776016,54,0.99548342,1.73603895,nan,0.00000000,0,0,0,0.25111994,0.01665461,1.65690124,1.67435145,1.36024499,2.94550800,0.43521541,0.08977620,0.91022380,18.92058372
16100,0.10967893,0.10967893,64,0.99833844,0.10895180,nan,0.00000000,0,0,0,0.12591678,0.01709842,0.15052402,0.15927160,0.00181533,1.37931025,0.46299350,0.00173391,0.99826609,-3.86799399
16200,0.63009137,0.63009137,63,0.99816370,0.62547594,nan,0.00000000,0,0,0,0.12003463,0.00884362,0.29240215,0.29874313,0.18460579,1.52103555,0.24600580,0.02623905,0.97376095,1.52111682
16300,0.71183127,0.71183127,38,0.97762923,0.65024013,nan,0.00000000,0,0,0,0.16088973,0.01375984,0.18343721,0.18318172,0.18778041,1.55630982,0.26775998,-0.06990605,1.06990605,2.70168014
16400,0.55346978,0.55346978,41,0.98342732,0.51768192,nan,0.00000000,0,0,0,0.13210899,0.01418257,0.83627850,0.88526362,0.00353121,1.62621939,0.33370751,0.06895303,0.93104697,2.36000725
16500,0.57085931,0.57085931,58,0.99697245,0.56397741,nan,0.00000000,0,0,0,0.11429332,0.01351994,0.28490543,0.30017078,0.02539450,1.36486244,0.41457942,-0.00173642,1.00173642,-0.35441577
16600,0.14486009,0.14486009,24,0.90928205,0.09902463,nan,0.00000000,0,0,0,0.10317566,0.01400895,0.16669624,0.17613837,0.00618010,1.33688653,0.47153649,-0.04811211,1.04811211,-6.42844359
16700,0.20760761,0.20760761,85,0.99979653,0.20743870,nan,0.00000000,0,0,0,0.12762980,0.01390372,0.09590400,0.10043734,0.01883728,1.55492866,0.25724566,-0.02906998,1.02906998,-3.17643352
16800,0.34221473,0.34221473,13,0.72746821,0.09584176,nan,0.00000000,0,0,0,0.09594639,0.02407701,0.34053004,0.36029580,0.00451190,1.09590364,0.55576009,-0.03915652,1.03915652,-0.77071450
16900,0.17663080,0.17663080,28,0.93918994,0.13742956,nan,0.00000000,0,0,0,0.09082057,0.01254967,0.12137756,0.12838012,0.00233410,1.25492918,0.35619658,0.00303465,0.99696535,-6.12294888
17000,0.32702535,0.32702535,36,0.97267628,0.29272157,nan,0.00000000,0,0,0,0.27894968,0.01315626,1.15066338,1.21820199,0.00250655,3.59871578,0.27652153,0.09428961,0.90571039,5.70798993
17100,0.67190605,0.67190605,7,0.50341470,0.04315311,nan,0.09882315,0,0,0,0.29629204,0.03367636,0.71839458,0.71327120,0.80549222,2.44334459,0.77648658,0.10635199,0.89364801,9.99643481
17200,0.80848849,0.80848849,14,0.75340304,0.26048535,nan,0.04946900,0,0,0,0.23649618,0.01361014,1.44553137,1.52519989,0.09116638,2.05945969,0.33800092,0.04300391,0.95699609,5.67635965
17300,0.21327044,0.21327044,57,0.99665403,0.21043035,nan,0.00000000,0,0,0,0.09903244,0.01498268,0.03644950,0.03785702,0.01252165,0.96080559,0.32073319,0.00861394,0.99138606,-5.07459104
17400,0.97363257,0.97363257,39,0.97975809,0.89716129,nan,0.00000000,0,0,0,0.10036521,0.01779125,0.83063626,0.87351495,0.10169766,0.95434690,0.40442699,0.01177059,0.98822941,4.37950468
17500,0.19047439,0.19047439,39,0.97975809,0.17551411,nan,0.00000000,0,0,0,0.14870885,0.01528714,0.29586267,0.31309590,0.00289753,1.59663951,0.59495533,-0.04930888,1.04930888,-1.92227221
17600,0.40945470,0.40945470,47,0.99090472,0.39476029,nan,0.00000000,0,0,0,0.13918827,0.01247092,0.28309572,0.29765707,0.03555258,1.40903330,0.31113020,-0.02964867,1.02964867,-0.24281176
17700,1.19331992,1.19331992,52,0.99448344,1.16720491,nan,0.00000000,0,0,0,0.10297430,0.01279068,0.63350421,0.67068011,0.00151394,1.00545740,0.31298625,0.02093780,0.97906220,5.81753618
17800,0.40093794,0.40093794,150,0.99999969,0.40093745,nan,0.00000000,0,0,0,0.14609128,0.01079510,0.23168357,0.24522692,0.00144667,1.76683843,0.19858496,0.08386640,0.91613360,1.36644781
17900,0.44852006,0.44852006,121,0.99999444,0.44851009,nan,0.00000000,0,0,0,0.11419524,0.01038760,0.18637083,0.19648021,0.01451150,1.10832095,0.17210156,-0.02813413,1.02813413,-1.95135371
18000,1.16115451,1.16115451,70,0.99908812,1.15692495,nan,0.00000000,0,0,0,0.30277833,0.01943430,1.54252851,1.56754720,1.11720872,3.16094494,0.32182762,0.10922500,0.89077500,14.79276911
18100,0.10181621,0.10181621,12,0.69880579,0.02427968,nan,0.04791153,0,0,0,0.26002973,0.01543145,0.17691471,0.18441650,0.04938426,2.26982999,0.37316394,0.02658493,0.97341507,0.51101196
18200,0.20304273,0.20304273,138,0.99999898,0.20304191,nan,0.08885193,0,0,0,0.15745513,0.01829635,0.38060579,0.40296966,0.00041973,1.66569376,0.58261871,0.03150459,0.96849541,0.95819390
18300,0.18500115,0.18500115,56,0.99630214,0.18227985,nan,0.00000000,0,0,0,0.11551175,0.01373705,0.07365769,0.07657985,0.02398089,1.22040474,0.39923510,-0.00128542,1.00128542,-2.86334735
18400,2.39881206,2.39881206,7,0.50341470,0.15406351,nan,0.00000000,0,0,0,0.12533033,0.02382271,0.96151376,1.00597084,0.20574337,1.34061384,0.68962508,0.00910188,0.99089812,32.61279154
18500,0.51745766,0.51745766,33,0.96311683,0.44523646,nan,0.00000000,0,0,0,0.09641223,0.01311446,0.32868129,0.34386021,0.07063950,1.07482767,0.29717323,0.02912184,0.97087816,-2.09637934
18600,0.58351427,0.58351427,13,0.72746821,0.16342088,nan,0.00000000,0,0,0,0.11219968,0.01797551,0.67001402,0.69973552,0.16474833,1.63734221,0.68801713,0.01514324,0.98485676,2.75089782
18700,0.32422748,0.32422748,36,0.97267628,0.29021718,nan,0.00000000,0,0,0,0.10842090,0.01544025,0.23644002,0.25011337,0.00399314,1.28463137,0.32354987,0.05068368,0.94931632,-2.75760818
18800,0.16766705,0.16766705,32,0.95923780,0.14195570,nan,0.00000000,0,0,0,0.11225080,0.02340236,0.14447579,0.15283038,0.00244769,1.34082556,0.50319958,0.05014829,0.94985171,-2.11111653
18900,0.40712062,0.40712062,60,0.99752125,0.40309899,nan,0.00000000,0,0,0,0.12046988,0.01505874,0.36814001,0.38928056,0.00875075,1.53579736,0.40516794,-0.05488874,1.05488874,0.90222979
19000,0.14449137,0.14449137,78,0.99959027,0.14425471,nan,0.00000000,0,0,0,0.32710093,0.00810254,0.25743625,0.27257299,0.00011111,3.88570189,0.21322250,0.08915717,0.91084283,4.90609288
19100,0.24846530,0.24846530,55,0.99591323,0.24442845,nan,0.06108871,0,0,0,0.15671675,0.01626026,0.27139914,0.28673163,0.01074671,1.79321039,0.35767654,-0.00713904,1.00713904,-0.47796763
19200,0.20095837,0.20095837,100,0.99995460,0.20092188,nan,0.00000000,0,0,0,0.14397098,0.01324416,0.15760241,0.16510075,0.03013076,1.35104549,0.22558792,-0.11451652,1.11451652,-3.52177080
19300,0.36905172,0.36905172,21,0.87754357,0.21885778,nan,0.00000000,0,0,0,0.09854369,0.01600324,0.36365399,0.38368735,0.02308665,1.17564595,0.53877711,0.04944869,0.95055131,-2.58680046
19400,0.20562840,0.20562840,134,0.99999848,0.20562715,nan,0.00000000,0,0,0,0.12390169,0.01822173,0.09325273,0.09575200,0.05076512,1.20509636,0.30120194,-0.00731117,1.00731117,-4.02222474
19500,0.69455457,0.69455457,43,0.98643144,0.65761846,nan,0.00000000,0,0,0,0.14118041,0.01123292,0.41157091,0.42618126,0.16319489,1.58775795,0.27499130,0.09487195,0.90512805,2.54823366
19600,0.54804218,0.54804218,46,0.98994816,0.52633688,nan,0.00000000,0,0,0,0.12838306,0.01295576,0.42786634,0.44610995,0.11772584,1.55013216,0.32363838,0.07840761,0.92159239,2.22433682
19700,0.23947829,0.23947829,75,0.99944692,0.23894892,nan,0.00000000,0,0,0,0.13707218,0.01307827,0.08066485,0.08431988,0.01852924,1.32584429,0.15851535,0.03141250,0.96858750,-3.50089669
19800,0.14111060,0.14111060,174,0.99999997,0.14111058,nan,0.00000000,0,0,0,0.09169861,0.01488499,0.16470650,0.17432073,0.00126468,1.13937604,0.33419156,0.01435078,0.98564922,-6.44930792
19900,1.26088572,1.26088572,20,0.86466472,0.70480127,nan,0.00000000,0,0,0,0.10947306,0.02241827,0.31307513,0.33117855,0.00531720,1.24557567,0.41384581,-0.05088974,1.05088974,9.71879292
20000,0.45476988,0.45476988,72,0.99925341,0.45341330,nan,0.00000000,0,0,0,0.25749752,0.01117185,1.55683887,1.64668858,0.02939526,3.22139049,0.22979045,0.10413606,0.89586394,5.98066292
20100,0.83078903,0.83078903,41,0.98342732,0.77706945,nan,0.07483099,0,0,0,0.22673075,0.03005004,0.75160706,0.76614916,0.50439060,2.24694324,0.76203597,0.05842357,0.94157643,8.18988085
20200,0.40982231,0.40982231,107,0.99997746,0.40978536,nan,0.05996196,0,0,0,0.13416028,0.01224690,0.43192986,0.45488811,0.04163956,1.25322509,0.17084830,-0.04957667,1.04957667,-0.21384799
20300,0.13144408,0.13144408,17,0.81731648,0.05865460,nan,0.00000000,0,0,0,0.14711109,0.02703286,0.14624664,0.15249529,0.04001971,1.80287552,0.54293466,0.03663567,0.96336433,-0.70217144
20400,0.60121864,0.60121864,168,0.99999995,0.60121852,nan,0.00000000,0,0,0,0.14344250,0.01214981,0.45003578,0.47402930,0.04214628,1.11184323,0.23784859,-0.00660912,1.00660912,0.47751540
20500,0.76899141,0.76899141,34,0.96662673,0.67136190,nan,0.00000000,0,0,0,0.13599819,0.01979316,0.45884377,0.47417086,0.19828247,1.12301779,0.30267489,0.00773152,0.99226848,6.39738099
20600,0.51744854,0.51744854,143,0.99999938,0.51744727,nan,0.00000000,0,0,0,0.15283321,0.01840877,0.90082526,0.95307487,0.01258249,1.54056418,0.49374315,0.02453747,0.97546253,3.83335002
20700,0.85232121,0.85232121,13,0.72746821,0.23870382,nan,0.00000000,0,0,0,0.09961934,0.01546167,0.68392533,0.72373664,0.00713179,0.82136834,0.25080743,0.09944205,0.90055795,1.67966127
20800,0.50154054,0.50154054,61,0.99775713,0.49705610,nan,0.02057644,0,0,0,0.13235933,0.01468832,0.84713483,0.89636648,0.01019675,1.82173979,0.48753229,0.04281462,0.95718538,0.62903137
20900,0.54960012,0.54960012,38,0.97762923,0.50204602,nan,0.00000000,0,0,0,0.13170376,0.01522989,0.25946429,0.26704073,0.13066499,1.61109316,0.29117048,0.06705211,0.93294789,0.52139154
21000,0.76929450,0.76929450,60,0.99752125,0.76169525,nan,0.00000000,0,0,0,0.34545073,0.01358471,2.45671177,2.56075835,0.68791515,4.07748652,0.30683252,-0.01392637,1.01392637,10.61565399
21100,1.10281134,1.10281134,24,0.90928205,0.75386866,nan,0.07293449,0,0,0,0.28910795,0.02057760,2.22280359,2.35290718,0.01104226,2.55064464,0.43184742,0.01268399,0.98731601,13.71563339
21200,0.22275183,0.22275183,68,0.99888622,0.22176110,nan,0.14519924,0,0,0,0.33640167,0.01041034,0.91568923,0.95448256,0.25620201,3.60180926,0.27834570,-0.11256569,1.11256569,4.89330816
21300,0.26220840,0.26220840,121,0.99999444,0.26220257,nan,0.08054478,0,0,0,0.19815932,0.01131608,0.13758773,0.14350474,0.03699876,1.51877844,0.32373300,-0.08285373,1.08285373,-0.77829692
21400,1.05509329,1.05509329,134,0.99999848,1.05508689,nan,0.01867579,0,0,0,0.26650855,0.00794273,1.79112864,1.87102914,0.43281686,2.21528673,0.19246984,-0.00590406,1.00590406,9.28752756
21500,0.32961357,0.32961357,27,0.93279449,0.24954505,nan,0.05412518,0,0,0,0.19295546,0.01404849,0.71414888,0.75586861,0.00491287,1.91682863,0.24486709,0.04092369,0.95907631,0.41447727
21600,0.83676445,0.83676445,28,0.93918994,0.65105390,nan,0.02842201,0,0,0,0.15607627,0.01282567,2.91747570,3.08905315,0.00065417,1.62692726,0.47380102,-0.11461190,1.11461190,nan
21700,0.22963913,0.22963913,78,0.99959027,0.22926299,nan,0.00000000,0,0,0,0.14523126,0.01061715,0.18125089,0.19024147,0.02841063,1.57586479,0.19919464,0.04945718,0.95054282,-2.00184298
21800,0.23121950,0.23121950,87,0.99983341,0.23106547,nan,0.00000000,0,0,0,0.11754523,0.01499430,0.11253259,0.11324352,0.10044678,1.57370818,0.34651527,-0.06011469,1.06011469,-2.09305215
21900,0.45172298,0.45172298,187,0.99999999,0.45172297,nan,0.00000000,0,0,0,0.19643627,0.00804204,0.61874884,0.65385067,0.02201781,1.65433347,0.18234789,0.00129882,0.99870118,1.22838220
22000,0.36232281,0.36232281,69,0.99899221,0.36086444,nan,0.00000000,0,0,0,0.40082943,0.01801241,0.72542560,0.72711855,0.69664603,4.06647968,0.34147894,-0.17760755,1.17760755,8.30730319
22100,0.27865905,0.27865905,53,0.99500841,0.27313675,nan,0.15145425,0,0,0,0.21332797,0.01795661,0.42971548,0.45124549,0.06370569,1.69842255,0.41999319,0.08366013,0.91633987,2.32201353
22200,0.99284053,0.99284053,123,0.99999545,0.99282245,nan,0.16405694,0,0,0,0.24054636,0.01199737,1.65093124,1.74302804,0.08528656,1.85111940,0.38281727,-0.17137333,1.17137333,9.46851397
22300,0.43718401,0.43718401,81,0.99969646,0.43665344,nan,0.02330977,0,0,0,0.20219952,0.01439656,0.41063103,0.43471837,0.00114668,1.54362977,0.37642288,-0.08346484,1.08346484,0.03301251
22400,0.74282193,0.74282193,21,0.87754357,0.44051376,nan,0.00000000,0,0,0,0.15143865,0.01928851,0.34691426,0.36462727,0.04579311,1.13716555,0.33934703,-0.00502736,1.00502736,9.29589057
22500,0.70825100,0.70825100,71,0.99917490,0.70591637,nan,0.00000000,0,0,0,0.15142660,0.02337849,1.40625834,1.48882961,0.00254776,1.61545300,0.62182456,0.12694089,0.87305911,6.46341705
22600,0.63927376,0.63927376,2,0.18126925,0.00069021,nan,0.00000000,0,0,0,0.14578554,0.02220226,1.22430086,1.29386270,0.04175008,1.74814844,0.82727081,0.04630987,0.95369013,5.53969250
22700,1.33609581,1.33609581,43,0.98643144,1.26504282,nan,0.00000000,0,0,0,0.12322351,0.03521137,2.00220609,2.11941981,0.00958151,1.23570991,0.54676694,-0.05495884,1.05495884,19.55584208
22800,0.39989915,0.39989915,58,0.99697245,0.39507824,nan,0.00000000,0,0,0,0.18699515,0.02832287,0.50873113,0.53864324,0.00022476,1.96882713,0.83625931,-0.05951071,1.05951071,-0.03941905
22900,0.26072711,0.26072711,62,0.99797057,0.25861703,nan,0.00000000,0,0,0,0.13602422,0.00734510,0.71279883,0.75472319,0.00008515,2.15350676,0.25318977,-0.06823209,1.06823209,-1.59796441
23000,0.21219444,0.21219444,109,0.99998154,0.21217878,nan,0.00000000,0,0,0,0.31482297,0.01262935,0.33932093,0.35154572,0.13149904,3.18596530,0.27580917,0.08737055,0.91262945,3.52913809
23100,0.40014362,0.40014362,93,0.99990858,0.39999731,nan,0.00000000,0,0,0,0.12094092,0.01453420,0.58175284,0.61588877,0.00144230,1.18423033,0.35411516,0.01911026,0.98088974,0.55157483
23200,0.23320824,0.23320824,24,0.90928205,0.15941837,nan,0.00000000,0,0,0,0.14516576,0.01544371,0.32426909,0.33872345,0.07854490,1.59947503,0.43066409,0.10798085,0.89201915,-2.92914875
23300,0.17055719,0.17055719,42,0.98500442,0.16055460,nan,0.00000000,0,0,0,0.11922957,0.01618789,0.14885361,0.15717697,0.00735670,1.26673484,0.36641014,0.05721710,0.94278290,-2.90557975
23400,0.16180599,0.16180599,176,0.99999998,0.16180597,nan,0.00000000,0,0,0,0.13093311,0.01384125,0.31642956,0.33463484,0.00693977,1.57558298,0.37311375,-0.04964457,1.04964457,-2.27136211
23500,0.13434201,0.13434201,150,0.99999969,0.13434185,nan,0.00000000,0,0,0,0.14038689,0.01020326,0.17335418,0.18241130,0.01938305,1.77291298,0.26997972,-0.03593380,1.03593380,-3.50972605
23600,0.11797685,0.11797685,44,0.98772266,0.11228891,nan,0.00000000,0,0,0,0.09781764,0.01595601,0.08061352,0.08520710,0.00252284,1.48153651,0.48048189,0.02317320,0.97682680,-4.67742586
23700,0.32243583,0.32243583,180,0.99999998,0.32243581,nan,0.00000000,0,0,0,0.08423948,0.00780778,0.13928504,0.14747536,0.00004966,0.90126634,0.22418724,-0.00409295,1.00409295,-6.45308987
23800,0.31405911,0.31405911,52,0.99448344,0.30718613,nan,0.07043178,0,0,0,0.09685351,0.01620391,0.30652109,0.31571737,0.15018480,0.95425129,0.32944649,-0.11443366,1.11443366,-2.10892358
23900,0.27537772,0.27537772,161,0.99999990,0.27537761,nan,0.00000000,0,0,0,0.16514526,0.01613165,0.47217047,0.49977708,0.00285885,1.58668387,0.51359892,0.03717361,0.96282639,-0.37750140
24000,0.15240730,0.15240730,182,0.99999999,0.15240730,nan,0.00000000,0,0,0,0.34547719,0.01535824,0.52537155,0.54636443,0.16849218,3.68024397,0.36059749,0.13845621,0.86154379,5.20465469
24100,0.47700316,0.47700316,51,0.99390325,0.46547644,nan,0.03376701,0,0,0,0.17780031,0.01241846,0.30212635,0.31980363,0.00161254,1.42220211,0.23904091,0.00093104,0.99906896,0.67094558
24200,0.16127600,0.16127600,120,0.99999386,0.16127203,nan,0.00000000,0,0,0,0.13436793,0.01161497,0.24283507,0.25485218,0.03854416,1.21263552,0.16140431,-0.08298715,1.08298715,-4.26970544
24300,1.59828198,1.59828198,11,0.66712892,0.31658655,nan,0.00000000,0,0,0,0.11546084,0.01185498,0.46299124,0.48319823,0.11947307,0.93123299,0.31459391,-0.03114373,1.03114373,12.88962460
24400,0.46298224,0.46298224,133,0.99999833,0.46297914,nan,0.00000000,0,0,0,0.10738656,0.00698498,0.19585079,0.20611474,0.02136336,1.01489091,0.20716473,0.06355166,0.93644834,-2.18851233
24500,0.51762760,0.51762760,54,0.99548342,0.50833913,nan,0.04144464,0,0,0,0.16702141,0.01604278,0.26967713,0.28536341,0.00301082,1.68707657,0.25634387,-0.02697468,1.02697468,1.98915319
24600,0.20638102,0.20638102,66,0.99863963,0.20526030,nan,0.00000000,0,0,0,0.15634070,0.00923185,0.17819415,0.18861599,0.00102277,1.51365137,0.07887891,0.06436798,0.93563202,-2.59701473
24700,0.08150441,0.08150441,86,0.99981589,0.08144441,nan,0.00000000,0,0,0,0.13981265,0.01897223,0.04412568,0.04666228,0.00100346,1.70456743,0.40467110,0.00741876,0.99258124,-2.19802793
24800,0.30765885,0.30765885,33,0.96311683,0.26471912,nan,0.00000000,0,0,0,0.13476823,0.00970977,0.09190381,0.09594271,0.02324242,1.04517317,0.29271531,0.00478894,0.99521106,-3.89065409
24900,0.26877356,0.26877356,120,0.99999386,0.26876695,nan,0.00000000,0,0,0,0.08642525,0.00961187,0.24735601,0.26190513,0.00002099,1.08983743,0.29643747,0.02939243,0.97060757,-4.99898205
25000,0.85076231,0.85076231,139,0.99999908,0.85075918,nan,0.00000000,0,0,0,0.35715234,0.02004533,0.95414448,0.93830431,1.22342789,3.49276257,0.50775850,0.07493670,0.92506330,11.31033707
25100,0.56038761,0.56038761,180,0.99999998,0.56038758,nan,0.00000000,0,0,0,0.14861262,0.01704384,0.18971908,0.19243988,0.14346562,1.84937835,0.51924586,-0.00236488,1.00236488,3.03940594
25200,0.40116799,0.40116799,65,0.99849656,0.39876090,nan,0.00000000,0,0,0,0.12526900,0.01143476,0.34609479,0.36594865,0.00857927,1.19439960,0.24044596,0.01719192,0.98280808,-1.83663263
25300,0.36792859,0.36792859,114,0.99998880,0.36791212,nan,0.00000000,0,0,0,0.17778105,0.01417110,0.05660300,0.04709559,0.21822904,1.62778819,0.30286664,-0.03589339,1.03589339,0.70788768
25400,0.17718171,0.17718171,209,1.00000000,0.17718171,nan,0.00000000,0,0,0,0.09066034,0.01274534,0.12201866,0.12877177,0.00721573,1.25650764,0.26136965,-0.05842182,1.05842182,-5.99986005
25500,1.27207327,1.27207327,126,0.99999663,1.27205611,nan,0.00000000,0,0,0,0.12782684,0.01876191,3.97501278,4.20812225,0.01215412,1.52540004,0.51297832,-0.08954715,1.08954715,10.40066129
25600,0.64990699,0.64990699,49,0.99255342,0.63076381,nan,0.00000000,0,0,0,0.15121835,0.01477841,0.48422050,0.51270407,0.00000049,1.28508198,0.49102741,-0.00243036,1.00243036,2.58242267
25700,0.15711270,0.15711270,128,0.99999724,0.15711097,nan,0.00000000,0,0,0,0.12839833,0.02177376,0.11329702,0.11971332,0.00421999,1.48673582,0.45256102,-0.05700899,1.05700899,-2.91452625
25800,0.24728192,0.24728192,95,0.99992515,0.24720789,nan,0.00000000,0,0,0,0.14031780,0.01475315,0.23309986,0.24535176,0.02481734,1.04494071,0.38776603,-0.06772377,1.06772377,-3.73302015
25900,0.55719757,0.55719757,114,0.99998880,0.55717262,nan,0.00000000,0,0,0,0.12728941,0.01525196,0.51929301,0.54220641,0.12976469,1.57188165,0.54457718,0.02045784,0.97954216,2.49497096
26000,0.09571150,0.09571150,231,1.00000000,0.09571150,nan,0.00000000,0,0,0,0.39909232,0.01073833,0.07458785,0.07132476,0.13006058,3.53688860,0.28096721,-0.01872573,1.01872573,3.80506134
26100,0.36989513,0.36989513,60,0.99752125,0.36624123,nan,0.13835177,0,0,0,0.21323173,0.01296339,0.13113087,0.13880941,0.00059552,1.21716857,0.33683735,-0.01206566,1.01206566,-1.61087698
26200,0.46790540,0.46790540,249,1.00000000,0.46790540,nan,0.02821525,0,0,0,0.24067749,0.02079803,0.55152160,0.58352834,0.00740697,1.22435844,0.36759722,-0.00680372,1.00680372,1.08425426
26300,0.40415803,0.40415803,84,0.99977513,0.40379462,nan,0.00000000,0,0,0,0.09352758,0.01917463,0.32077673,0.33692652,0.04623060,1.27539015,0.63966072,-0.13514258,1.13514258,2.20128560
26400,0.15543045,0.15543045,15,0.77686984,0.05661469,nan,0.00000000,0,0,0,0.15638329,0.00982142,0.10192434,0.10687804,0.01771137,1.52936602,0.40521023,0.04153971,0.95846029,-3.38181257
26500,0.73054749,0.73054749,58,0.99697245,0.72174049,nan,0.00000000,0,0,0,0.12010915,0.01498888,0.15421718,0.16264740,0.01090335,1.03684306,0.25077435,0.03785234,0.96214766,-0.78086805
26600,0.61206788,0.61206788,70,0.99908812,0.60983840,nan,0.00000000,0,0,0,0.11107852,0.00943109,0.36044133,0.37937158,0.03862635,0.77638638,0.16555680,0.01751306,0.98248694,-1.57059612
26700,0.22667864,0.22667864,159,0.99999988,0.22667853,nan,0.00000000,0,0,0,0.10295267,0.01264636,0.21349603,0.22405326,0.03402296,1.31091917,0.32702413,-0.00356986,1.00356986,-3.49432118
26800,0.16900569,0.16900569,89,0.99986361,0.16891351,nan,0.00000000,0,0,0,0.08653066,0.01298731,0.19601981,0.20741387,0.00232116,1.14732122,0.29731169,-0.00335787,1.00335787,-4.62937570
26900,0.74901843,0.74901843,78,0.99959027,0.74779159,nan,0.00000000,0,0,0,0.18821934,0.01464294,0.59118092,0.62554222,0.00703771,1.07024717,0.26326931,-0.13162964,1.13162964,3.69092584
27000,0.95269841,0.95269841,78,0.99959027,0.95113795,nan,0.00000000,0,0,0,0.32202122,0.01606265,0.84343499,0.82714617,1.12034464,2.92913675,0.35069147,0.14479197,0.85520803,10.80401707
27100,0.70685256,0.70685256,37,0.97527647,0.63949893,nan,0.00000000,0,0,0,0.18627010,0.02239947,2.70215821,2.86072493,0.00652632,1.85628378,0.53391391,-0.09652547,1.09652547,4.93775932
27200,0.77052712,0.77052712,130,0.99999774,0.77052016,nan,0.00000000,0,0,0,0.10780122,0.00777152,0.20849402,0.21994908,0.01375796,0.86656117,0.20679457,-0.00564553,1.00564553,-1.32467550
27300,0.36535424,0.36535424,186,0.99999999,0.36535423,nan,0.00000000,0,0,0,0.17213045,0.01350203,0.26688725,0.28142780,0.01969745,1.44398749,0.28540015,-0.01984157,1.01984157,-0.06616696
27400,0.59829819,0.59829819,126,0.99999663,0.59829012,nan,0.00000000,0,0,0,0.15029402,0.01704066,0.64330029,0.68104160,0.00169767,1.58310592,0.40339708,-0.00957440,1.00957440,2.14728773
27500,0.91502124,0.91502124,274,1.00000000,0.91502124,nan,0.00000000,0,0,0,0.16501306,0.00938860,0.38264135,0.40399522,0.01962554,1.45576131,0.25485006,0.11601050,0.88398950,3.75045198
27600,0.81097579,0.81097579,146,0.99999954,0.81097431,nan,0.00000000,0,0,0,0.07786241,0.01330258,1.13150823,1.19478858,0.05574268,0.99420428,0.29645476,-0.04659310,1.04659310,0.32128301
27700,0.21844612,0.21844612,149,0.99999966,0.21844583,nan,0.00000000,0,0,0,0.10582309,0.00908325,0.14286867,0.15124965,0.00039222,1.29203653,0.16496682,0.04449843,0.95550157,-3.08488786
27800,0.21293446,0.21293446,73,0.99932446,0.21235967,nan,0.00000000,0,0,0,0.12984292,0.01999779,0.12565835,0.13286188,0.00319832,1.26294899,0.31523091,-0.06393349,1.06393349,-2.97073817
27900,0.16751926,0.16751926,61,0.99775713,0.16602141,nan,0.00000000,0,0,0,0.10201716,0.01276598,0.34989661,0.37047774,0.00001753,1.34265971,0.39960167,0.09028176,0.90971824,-4.01839924
28000,0.34902051,0.34902051,67,0.99876909,0.34730523,nan,0.00000000,0,0,0,0.35945398,0.02163521,0.92536896,0.97372574,0.10330305,3.30621696,0.41410622,0.03320853,0.96679147,nan
28100,0.26269218,0.26269218,60,0.99752125,0.26009726,nan,0.00000000,0,0,0,0.13503782,0.01305210,0.30722222,0.32441431,0.01495684,1.21036041,0.28011325,0.02462259,0.97537741,-3.16533609
28200,0.32463321,0.32463321,33,0.96311683,0.27932438,nan,0.00000000,0,0,0,0.13454086,0.01435133,0.32991531,0.34813294,0.02021548,1.11504507,0.20775060,-0.00036174,1.00036174,-3.41866627
28300,0.70500696,0.70500696,24,0.90928205,0.48193433,nan,0.00000000,0,0,0,0.11165693,0.01981927,0.67735708,0.71633577,0.01471918,1.27766037,0.51403755,-0.13841911,1.13841911,2.28668876
28400,0.20427901,0.20427901,114,0.99998880,0.20426986,nan,0.00384835,0,0,0,0.14812271,0.00863252,0.11983193,0.12667024,0.00358062,1.06413102,0.16701816,0.00231426,0.99768574,-4.06485287
28500,0.70368791,0.70368791,162,0.99999991,0.70368765,nan,0.00000000,0,0,0,0.07981528,0.01143874,2.14012361,2.26480508,0.02054070,1.07611847,0.30889878,-0.11438149,1.11438149,-1.63401324
28600,0.31640530,0.31640530,82,0.99972535,0.31605783,nan,0.00000000,0,0,0,0.17738278,0.01288713,0.33034149,0.34972700,0.00078761,1.35784245,0.25713849,0.05217646,0.94782354,-2.51480357
28700,0.46384737,0.46384737,44,0.98772266,0.44148420,nan,0.00000000,0,0,0,0.18262035,0.01500316,0.29360583,0.30818331,0.04578869,1.30968213,0.28718886,0.10110166,0.89889834,3.07963872
28800,0.31538105,0.31538105,183,0.99999999,0.31538104,nan,0.00000000,0,0,0,0.09088872,0.01011376,0.49958166,0.52869815,0.00460218,1.00263560,0.25936913,-0.05298612,1.05298612,-6.15524149
28900,0.05541166,0.05541166,73,0.99932446,0.05526208,nan,0.00000000,0,0,0,0.11237480,0.01817973,0.09995519,0.10574321,0.00155868,1.28184080,0.56976211,-0.00253287,1.00253287,-2.26436573
29000,0.54152691,0.54152691,145,0.99999950,0.54152582,nan,0.00000000,0,0,0,0.29672885,0.01623937,0.77659506,0.79010016,0.54700828,2.75222445,0.32203040,0.18641995,0.81358005,6.50025050
29100,0.69149143,0.69149143,18,0.83470111,0.33566864,nan,0.00000000,0,0,0,0.10679951,0.00805458,0.65651059,0.69483483,0.00499903,0.69423521,0.18302087,0.11337605,0.88662395,-3.33627784
29200,0.27222377,0.27222377,105,0.99997246,0.27219379,nan,0.00000000,0,0,0,0.16423944,0.01194340,0.19259733,0.20388155,0.00076558,1.23165083,0.45056322,0.00805001,0.99194999,-3.17866307
29300,0.31774703,0.31774703,66,0.99863963,0.31602154,nan,0.00000000,0,0,0,0.10216625,0.01479401,0.30233842,0.31960627,0.00878459,1.20827484,0.46193817,-0.04922700,1.04922700,-3.35598660
29400,0.34473196,0.34473196,141,0.99999925,0.34473092,nan,0.00000000,0,0,0,0.13697585,0.01144423,0.49799830,0.52516896,0.03609660,1.25471222,0.26128325,0.06929928,0.93070072,-2.31066865
29500,0.07586381,0.07586381,143,0.99999938,0.07586362,nan,0.00000000,0,0,0,0.09033731,0.00487707,0.04479552,0.04726951,0.00273768,1.20863092,0.12328969,-0.05858179,1.05858179,-6.67338276
29600,0.65715122,0.65715122,295,1.00000000,0.65715122,nan,0.00000000,0,0,0,0.08321348,0.01580019,1.07166338,1.13468051,0.00037435,1.29718578,0.40961897,-0.01885819,1.01885819,-0.82322839
29700,1.17086887,1.17086887,150,0.99999969,1.17086744,nan,0.00000000,0,0,0,0.09639472,0.01373077,0.64025581,0.67676824,0.01954494,1.17894304,0.37726408,0.06912607,0.93087393,2.58099842
29800,0.11642391,0.11642391,129,0.99999750,0.11642275,nan,0.00000000,0,0,0,0.09559720,0.01089147,0.16924581,0.17894715,0.00432276,1.19609976,0.27010137,0.01062628,0.98937372,-4.34240929
29900,0.28497171,0.28497171,41,0.98342732,0.26654518,nan,0.00000000,0,0,0,0.06922367,0.00846117,0.13304564,0.14006917,0.01364559,0.56930149,0.07780139,-0.09465045,1.09465045,-9.31238136
30000,1.56286812,1.56286812,329,1.00000000,1.56286812,nan,0.00000000,0,0,0,0.31716090,0.02217645,1.66065574,1.71879649,0.67226547,2.65123320,0.43368495,0.25308031,0.74691969,19.49084473
30100,0.44775566,0.44775566,29,0.94497678,0.35704720,nan,0.00000000,0,0,0,0.19257535,0.01737837,0.41013563,0.42695752,0.12416371,1.05347908,0.28933227,-0.09239355,1.09239355,1.31561625
30200,0.08988234,0.08988234,216,1.00000000,0.08988234,nan,0.00000000,0,0,0,0.09767991,0.00843429,0.19157612,0.20279972,0.00077494,1.44888496,0.31412932,0.03531206,0.96468794,-5.68649594
30300,1.11080658,1.11080658,141,0.99999925,1.11080324,nan,0.00000000,0,0,0,0.09913174,0.01077111,0.17634942,0.18528657,0.02441789,0.91308904,0.22825643,0.06180832,0.93819168,2.64988780
30400,0.15752248,0.15752248,79,0.99962926,0.15728901,nan,0.00000000,0,0,0,0.06546573,0.00974937,0.13725644,0.14529513,0.00059885,0.82169032,0.19184367,-0.10206104,1.10206104,-8.87610102
30500,0.27357623,0.27357623,209,1.00000000,0.27357623,nan,0.00000000,0,0,0,0.07692119,0.01334289,0.12194826,0.12748747,0.02778174,1.23633492,0.38060135,0.03528438,0.96471562,-3.24229860
30600,0.11244554,0.11244554,102,0.99996283,0.11242882,nan,0.00000000,0,0,0,0.05718259,0.00517904,0.04972426,0.05246098,0.00320010,0.93469322,0.17075835,-0.03325250,1.03325250,-10.62566948
30700,0.19405992,0.19405992,106,0.99997508,0.19404058,nan,0.00000000,0,0,0,0.08912373,0.01213286,0.37243664,0.39405870,0.00486174,0.99564278,0.20896822,0.01783219,0.98216781,-6.33300471
30800,0.30183479,0.30183479,91,0.99988833,0.30170000,nan,0.00000000,0,0,0,0.08326773,0.01777370,0.06092278,0.06199180,0.04274955,1.33085442,0.49577582,-0.03585521,1.03585521,-3.19117920
30900,0.17270085,0.17270085,50,0.99326205,0.16809309,nan,0.00000000,0,0,0,0.06877901,0.00863905,0.16269171,0.17112583,0.01931167,0.91068798,0.21556036,0.00246445,0.99753555,-7.23819470
31000,1.02788842,1.02788842,198,1.00000000,1.02788841,nan,0.00000000,0,0,0,0.29311934,0.01689482,0.85743767,0.82505256,1.40798414,3.12005663,0.33671796,0.16323311,0.83676689,12.00098372
31100,0.23209766,0.23209766,289,1.00000000,0.23209766,nan,0.11017046,0,0,0,0.23015121,0.01585772,0.29020628,0.30724201,0.00059833,2.66492057,0.31264725,-0.12923539,1.12923539,2.31805037
31200,0.68220681,0.68220681,47,0.99090472,0.65772393,nan,0.17482156,0,0,0,0.25403491,0.03080099,0.29845381,0.31133780,0.07942569,1.82865012,0.53758579,-0.16951638,1.16951638,7.77266407
31300,0.32511970,0.32511970,70,0.99908812,0.32393544,nan,0.02441853,0,0,0,0.10200632,0.01149223,0.18434221,0.19411775,0.01815797,1.09544659,0.24172157,0.07964704,0.92035296,-2.35517883
31400,1.17358172,1.17358172,18,0.83470111,0.56968830,nan,0.00000000,0,0,0,0.15715505,0.01276252,0.26556209,0.28104603,0.00233505,1.04106450,0.31762478,0.12545924,0.87454076,3.18492055
31500,0.79778707,0.79778707,142,0.99999932,0.79778490,nan,0.00000000,0,0,0,0.07378928,0.01365659,1.12334955,1.18917918,0.00424467,0.79967862,0.15919478,0.10065078,0.89934922,-0.19319630
31600,0.33856884,0.33856884,71,0.99917490,0.33745280,nan,0.00000000,0,0,0,0.06348797,0.01380250,0.14863627,0.15649073,0.01511039,0.74143261,0.29534110,-0.07292852,1.07292852,-6.39643073
31700,0.91281152,0.91281152,81,0.99969646,0.91170373,nan,0.00000000,0,0,0,0.10456172,0.01404358,0.28256652,0.29912817,0.00101838,1.21655977,0.23499554,-0.04974545,1.04974545,5.04148755
31800,0.24883747,0.24883747,167,0.99999994,0.24883742,nan,0.00000000,0,0,0,0.11781258,0.01283834,0.32814392,0.34725371,0.00327755,1.47710681,0.33702257,0.13407220,0.86592780,-2.93728158
31900,0.85339171,0.85339171,119,0.99999321,0.85336853,nan,0.00000000,0,0,0,0.15468475,0.00835604,0.45612177,0.48269776,0.00432985,0.83854765,0.12243173,-0.03858649,1.03858649,0.08592534
32000,0.36635998,0.36635998,199,1.00000000,0.36635998,nan,0.00000000,0,0,0,0.40042740,0.02151241,1.01618087,1.05925119,0.28398639,4.32061958,0.27721658,-0.03889158,1.03889158,7.89616299
32100,0.20347923,0.20347923,188,0.99999999,0.20347922,nan,0.24904175,0,0,0,0.34524223,0.02071651,0.90588135,0.95500690,0.07074665,3.67026854,0.42452243,-0.04137326,1.04137326,5.76327976
32200,0.53995800,0.53995800,79,0.99962926,0.53915770,nan,0.50724265,0,0,0,0.49353954,0.01873635,1.82090235,1.90777457,0.34407467,3.80605531,0.68862283,0.14265088,0.85734912,9.91880620
32300,0.20019138,0.20019138,149,0.99999966,0.20019111,nan,0.53056287,0,0,0,0.48544252,0.01985630,0.26296777,0.24791084,0.51893526,3.26276183,0.36240652,0.13942544,0.86057456,5.65809393
32400,0.23721899,0.23721899,247,1.00000000,0.23721899,nan,0.43720216,0,0,0,0.13772219,0.01068572,0.42969525,0.45497137,0.00000152,1.46801221,0.32575598,-0.04060883,1.04060883,-3.08842559
32500,1.25411165,1.25411165,104,0.99996957,1.25395899,nan,0.24020501,0,0,0,0.17870227,0.00843298,2.17861176,2.30168438,0.08637659,1.27481794,0.27536398,-0.09144657,1.09144657,6.46311641
32600,0.39329889,0.39329889,267,1.00000000,0.39329889,nan,0.10410521,0,0,0,0.18376611,0.01657834,0.77554184,0.82064557,0.00877898,1.47856641,0.67347509,0.09668874,0.90331126,3.38914227
32700,0.37378693,0.37378693,182,0.99999999,0.37378691,nan,0.00561211,0,0,0,0.08646616,0.00964222,0.21566671,0.22490253,0.05865762,1.20876825,0.31342760,0.04757153,0.95242847,-3.71106100
32800,0.38997707,0.38997707,52,0.99448344,0.38144268,nan,0.00000000,0,0,0,0.08635721,0.01733385,0.18367736,0.19086125,0.06155097,1.40084076,0.64986855,-0.11395223,1.11395223,-1.33065262
32900,0.15643208,0.15643208,65,0.99849656,0.15549345,nan,0.00000000,0,0,0,0.10212081,0.01289839,0.13197947,0.13883542,0.01542835,1.50348639,0.39740479,0.02679598,0.97320402,-3.38846159
33000,0.15738404,0.15738404,169,0.99999995,0.15738401,nan,0.00000000,0,0,0,0.49884039,0.02178105,0.90759778,0.96041805,0.00965408,4.28842497,0.36035699,-0.02181818,1.02181818,6.93583266
33100,1.94585800,1.94585800,9,0.59343034,0.24131823,nan,0.00000000,0,0,0,0.08875853,0.02642705,2.60178971,2.75439548,0.00749179,1.33127666,0.53320819,-0.02295339,1.02295339,21.78278303
33200,0.47713688,0.47713688,124,0.99999588,0.47712902,nan,0.00000000,0,0,0,0.12174818,0.02023107,0.26229894,0.27632326,0.02388526,1.47470045,0.32633597,0.13690636,0.86309364,-0.66192919
33300,0.20485312,0.20485312,42,0.98500442,0.19283919,nan,0.00000000,0,0,0,0.13413620,0.01974137,0.25727683,0.27231956,0.00155014,1.58374953,0.51289511,0.03032440,0.96967560,-2.19912547
33400,0.37114170,0.37114170,65,0.99849656,0.36891477,nan,0.00000000,0,0,0,0.17956324,0.01395102,0.17445330,0.17902598,0.09671799,1.95403206,0.28500113,0.18190962,0.81809038,0.90968142
33500,0.27571228,0.27571228,242,1.00000000,0.27571228,nan,0.00000000,0,0,0,0.10692448,0.01548708,0.23095843,0.24445413,0.00153196,0.93333679,0.29609129,-0.07765761,1.07765761,-5.25794754
33600,0.10646009,0.10646009,70,0.99908812,0.10607231,nan,0.00000000,0,0,0,0.08058763,0.01151108,0.08050969,0.08499855,0.00419900,0.88335872,0.17423099,-0.03485399,1.03485399,-6.49395990
33700,0.24163389,0.24163389,118,0.99999250,0.24162664,nan,0.00000000,0,0,0,0.10995696,0.01875415,0.20661372,0.21876495,0.00004278,0.97084838,0.23080762,0.00891742,0.99108258,-4.65867603
33800,0.42838618,0.42838618,161,0.99999990,0.42838601,nan,0.00000000,0,0,0,0.08762535,0.01115075,0.25675708,0.27185953,0.00001548,1.18910694,0.31743473,-0.06574420,1.06574420,-3.80083156
33900,0.38015616,0.38015616,162,0.99999991,0.38015602,nan,0.00000000,0,0,0,0.10454404,0.01583123,0.33507049,0.35388359,0.01524816,1.22003794,0.37569872,0.04206106,0.95793894,-3.32987481
34000,0.14984745,0.14984745,314,1.00000000,0.14984745,nan,0.00000000,0,0,0,0.42346948,0.01480587,0.21136449,0.20530361,0.31439966,3.69162202,0.38307157,0.18566809,0.81433191,5.31772645
34100,0.47467470,0.47467470,206,1.00000000,0.47467470,nan,0.03273367,0,0,0,0.20422795,0.01798765,0.66520345,0.70414615,0.00317757,1.13844872,0.42815936,-0.08378290,1.08378290,0.69151115
34200,0.51773959,0.51773959,157,0.99999985,0.51773928,nan,0.00000000,0,0,0,0.07468535,0.01520689,0.62165308,0.65818220,0.00065813,1.12809587,0.53069413,0.13679914,0.86320086,-4.32249784
34300,0.22374895,0.22374895,33,0.96311683,0.19252047,nan,0.00000000,0,0,0,0.06395715,0.00963309,0.10442862,0.10778852,0.04731039,0.71352214,0.24069582,-0.01792685,1.01792685,-8.60377991
34400,0.54983974,0.54983974,64,0.99833844,0.54619447,nan,0.00000000,0,0,0,0.12386870,0.02288660,0.56514460,0.59812814,0.00442402,1.43228185,0.52430183,0.08198689,0.91801311,0.47040987
34500,0.54346144,0.54346144,185,0.99999999,0.54346142,nan,0.00000000,0,0,0,0.14665538,0.00718530,0.45412219,0.47833225,0.04255048,1.06850159,0.12306971,-0.00496121,1.00496121,-1.38400245
34600,0.29854563,0.29854563,44,0.98772266,0.28415205,nan,0.00000000,0,0,0,0.08170804,0.01411738,0.17811094,0.18741782,0.01989409,0.79078364,0.26379129,0.07612953,0.92387047,-6.42440462
34700,1.28782737,1.28782737,255,1.00000000,1.28782737,nan,0.00000000,0,0,0,0.17015953,0.01407566,0.67285001,0.69916475,0.22550008,1.18387330,0.27472311,-0.05746690,1.05746690,9.40237343
34800,1.05402792,1.05402792,110,0.99998330,1.05395750,nan,0.00000000,0,0,0,0.14727896,0.01457417,0.52546495,0.54826927,0.13779193,1.29960275,0.49673986,-0.04883370,1.04883370,5.13794428
34900,0.35257083,0.35257083,147,0.99999959,0.35257025,nan,0.02657515,0,0,0,0.07764390,0.00945667,0.25086352,0.26490536,0.01215201,0.91292530,0.19713360,0.12819451,0.87180549,-5.32871809
35000,0.48192978,0.48192978,123,0.99999545,0.48192100,nan,0.00000000,0,0,0,0.35034823,0.01381844,0.48778826,0.47145614,0.76543432,3.10877085,0.45339811,0.09377844,0.90622156,7.35614872
35100,0.42751220,0.42751220,66,0.99863963,0.42519065,nan,0.00000000,0,0,0,0.08008201,0.01320942,0.21661562,0.22901970,0.00574617,0.99037719,0.22186773,-0.01880160,1.01880160,-3.93763748
35200,0.52707988,0.52707988,196,1.00000000,0.52707987,nan,0.00000000,0,0,0,0.10989367,0.00921140,0.47186762,0.49918365,0.00749516,1.54455495,0.37451708,0.04880088,0.95119912,-0.54783796
35300,0.16183740,0.16183740,46,0.98994816,0.15542780,nan,0.00000000,0,0,0,0.07323341,0.01027333,0.19131169,0.20256306,0.00003838,1.01342726,0.25478971,0.03551408,0.96448592,-6.12957859
35400,0.19508225,0.19508225,248,1.00000000,0.19508225,nan,0.00000000,0,0,0,0.08398805,0.01253675,0.19950831,0.20944864,0.03052301,1.42115319,0.29830050,-0.02950824,1.02950824,-5.45508132
35500,0.62769818,0.62769818,109,0.99998154,0.62765184,nan,0.00000000,0,0,0,0.09933669,0.00874917,0.21904911,0.22597370,0.10133091,1.41381049,0.27713341,0.20453615,0.79546385,-0.77908082
35600,0.66016459,0.66016459,118,0.99999250,0.66014478,nan,0.00000000,0,0,0,0.06956299,0.01545784,0.13376294,0.13615780,0.09305028,1.01165259,0.30905241,0.10179796,0.89820204,-0.84797776
35700,0.11233307,0.11233307,75,0.99944692,0.11208476,nan,0.00000000,0,0,0,0.07834412,0.01335831,0.20752734,0.21972647,0.00014219,1.08877242,0.32253048,0.05666823,0.94333177,-7.39082591
35800,0.26150542,0.26150542,22,0.88919684,0.16348291,nan,0.00000000,0,0,0,0.08911428,0.01148482,0.16495954,0.17404495,0.01050770,1.07844532,0.35070041,0.08013601,0.91986399,-5.30861356
35900,0.12058564,0.12058564,236,1.00000000,0.12058564,nan,0.00000000,0,0,0,0.08494464,0.00678653,0.15359920,0.16261435,0.00034201,0.73071110,0.13936287,0.12006454,0.87993546,-9.45376952
36000,0.54584140,0.54584140,249,1.00000000,0.54584140,nan,0.00000000,0,0,0,0.36469042,0.01768337,0.55297601,0.54235852,0.73347366,2.81150484,0.39359358,0.07789393,0.92210607,6.17204014
36100,0.22953327,0.22953327,296,1.00000000,0.22953327,nan,0.00000000,0,0,0,0.15471607,0.00871284,0.10095091,0.10678022,0.00185258,1.21432745,0.18752615,-0.01593574,1.01593574,-3.83936016
36200,0.34687811,0.34687811,193,1.00000000,0.34687811,nan,0.00000000,0,0,0,0.18961255,0.01248690,0.40475956,0.42829034,0.00473611,1.22958732,0.39478225,-0.06273666,1.06273666,-2.17091036
36300,0.68251723,0.68251723,21,0.87754357,0.40475142,nan,0.00000000,0,0,0,0.06727179,0.01304648,0.24352081,0.25784537,0.00000346,0.74842137,0.26757386,-0.09528813,1.09528813,0.69490445
36400,0.16893809,0.16893809,78,0.99959027,0.16866138,nan,0.00000000,0,0,0,0.09478423,0.01046182,0.16630177,0.17576930,0.00535382,1.29695749,0.21646479,0.03349201,0.96650799,-5.98005899
36500,2.79559183,2.79559183,25,0.91791500,1.98464865,nan,0.00000000,0,0,0,0.07620088,0.03255542,1.08214962,1.12115836,0.41900009,1.24557960,0.85128951,-0.08880391,1.08880391,57.41774940
36600,0.55610198,0.55610198,151,0.99999972,0.55610136,nan,0.00000000,0,0,0,0.17986301,0.01373218,0.57825649,0.61185962,0.00700491,1.33666778,0.26278692,0.04577795,0.95422205,1.05381274
36700,0.17862619,0.17862619,328,1.00000000,0.17862619,nan,0.00000000,0,0,0,0.13495708,0.01024268,0.17302966,0.18320334,0.00007743,1.07188201,0.27869913,-0.06633339,1.06633339,-6.24238706
36800,0.62980723,0.62980723,70,0.99908812,0.62751313,nan,0.00000000,0,0,0,0.08310370,0.01550449,0.54318726,0.57391632,0.02079230,1.04218340,0.27203020,0.13373214,0.86626786,-2.10470907
36900,0.71622092,0.71622092,61,0.99775713,0.70981695,nan,0.00000000,0,0,0,0.06392897,0.00939998,0.27527595,0.29145831,0.00017598,0.92206264,0.15445851,-0.06888475,1.06888475,-4.11992717
37000,0.50375783,0.50375783,167,0.99999994,0.50375772,nan,0.00000000,0,0,0,0.37525070,0.02404424,0.69316262,0.70156324,0.55035156,2.91380143,0.39331776,0.14386667,0.85613333,7.23401070
37100,0.31666532,0.31666532,53,0.99500841,0.31038985,nan,0.12113947,0,0,0,0.13387957,0.02055757,0.27205199,0.28753397,0.00885879,1.68586802,0.51809967,0.00119440,0.99880560,0.44421613
37200,0.43341795,0.43341795,12,0.69880579,0.10335533,nan,0.00000000,0,0,0,0.10936011,0.01471912,0.63406825,0.66912144,0.03816514,0.89777017,0.12904963,0.10558298,0.89441702,-4.50302553
37300,0.29472384,0.29472384,303,1.00000000,0.29472384,nan,0.00000000,0,0,0,0.11793271,0.00915378,0.10142950,0.10281926,0.07780343,0.89864796,0.24953943,0.10146310,0.89853690,-5.80772758
37400,0.15640527,0.15640527,132,0.99999815,0.15640411,nan,0.00000000,0,0,0,0.05961195,0.00882479,0.06924533,0.07326498,0.00091142,0.75802469,0.27799225,-0.10944875,1.10944875,-8.84773731
37500,0.35626939,0.35626939,101,0.99995892,0.35621085,nan,0.00000000,0,0,0,0.16315001,0.00966856,0.86485416,0.91511965,0.01034123,1.21253848,0.25543642,0.04515113,0.95484887,-2.26759052
37600,0.72957528,0.72957528,274,1.00000000,0.72957528,nan,0.00000000,0,0,0,0.11860759,0.00909249,1.01530218,1.07470775,0.00540819,0.99474525,0.14323306,0.10729786,0.89270214,-0.92000157
37700,1.29720604,1.29720604,189,0.99999999,1.29720601,nan,0.00000000,0,0,0,0.14545125,0.01237002,0.62576556,0.66257453,0.00001320,1.04774487,0.26546848,-0.15101957,1.15101957,4.76394232
37800,0.25838959,0.25838959,18,0.83470111,0.12542930,nan,0.00000000,0,0,0,0.07286406,0.01140987,0.09836911,0.10408687,0.00116727,1.13137794,0.44430670,0.03264881,0.96735119,-6.62626147
37900,0.21651286,0.21651286,82,0.99972535,0.21627509,nan,0.00000000,0,0,0,0.06622490,0.01203479,0.13677320,0.14429976,0.00882188,0.80356842,0.27502286,-0.00783169,1.00783169,-8.24040097
38000,0.31430456,0.31430456,212,1.00000000,0.31430456,nan,0.00000000,0,0,0,0.38492066,0.01330166,0.30872828,0.29684851,0.51068449,3.11185694,0.26423222,0.01836077,0.98163923,6.64913583
38100,0.51372415,0.51372415,173,0.99999997,0.51372409,nan,0.01593210,0,0,0,0.08331814,0.00797893,0.17742075,0.18447733,0.05745922,1.06919920,0.22977135,-0.18665112,1.18665112,-2.43020868
38200,0.22650892,0.22650892,37,0.97527647,0.20492564,nan,0.00000000,0,0,0,0.07418338,0.01368080,0.18607104,0.19694713,0.00117747,0.80933243,0.19415803,-0.01802602,1.01802602,-4.51685158
38300,0.24807845,0.24807845,210,1.00000000,0.24807845,nan,0.00000000,0,0,0,0.18863460,0.00998497,0.25523117,0.26997492,0.00458741,1.35944963,0.18916112,-0.03378689,1.03378689,-2.69540038
38400,0.43739495,0.43739495,377,1.00000000,0.43739495,nan,0.00000000,0,0,0,0.07948233,0.00839530,0.11241652,0.11827486,0.01282492,0.94677615,0.12067042,0.06336976,0.93663024,-6.13626003
38500,1.34983635,1.34983635,69,0.99899221,1.34440319,nan,0.00000000,0,0,0,0.09580466,0.00980986,1.85736799,1.96553755,0.01848737,0.97156864,0.22858626,-0.08241434,1.08241434,7.60398662
38600,0.27736652,0.27736652,398,1.00000000,0.27736652,nan,0.00000000,0,0,0,0.05321699,0.00567738,0.14259526,0.15065917,0.00550899,0.54799151,0.08298305,0.17491454,0.82508546,-9.34077930
38700,1.09571850,1.09571850,294,1.00000000,1.09571850,nan,0.00000000,0,0,0,0.18350501,0.01239371,0.84766239,0.89621180,0.02232262,1.27517843,0.29977861,0.00595341,0.99404659,6.65385818
38800,0.17747658,0.17747658,55,0.99591323,0.17459310,nan,0.00000000,0,0,0,0.07973481,0.00814160,0.40721601,0.43115208,0.00030356,1.09676754,0.30118644,0.05091863,0.94908137,-6.05792680
38900,0.44380328,0.44380328,168,0.99999995,0.44380319,nan,0.00000000,0,0,0,0.04464873,0.00597749,0.23606396,0.24985044,0.00169390,0.71147442,0.22537388,-0.02715930,1.02715930,-8.45534515
39000,2.05360723,2.05360723,268,1.00000000,2.05360723,nan,0.00000000,0,0,0,0.38067994,0.01980470,1.40142953,1.37674510,1.82106519,2.79353523,0.42513704,0.25232434,0.74767566,24.36871243
39100,0.44036245,0.44036245,86,0.99981589,0.44003825,nan,0.00000000,0,0,0,0.11599252,0.01609240,0.52229095,0.55126703,0.02969806,0.98858237,0.40352345,0.02077529,0.97922471,-1.74849832
39200,0.48001331,0.48001331,150,0.99999969,0.48001272,nan,0.00000000,0,0,0,0.11413458,0.01317368,0.60668314,0.63939482,0.05058597,1.31315434,0.42414868,0.13639614,0.86360386,-0.40419722
39300,0.16458267,0.16458267,40,0.98168436,0.15285216,nan,0.00000000,0,0,0,0.06795100,0.01039036,0.14547898,0.15278564,0.02126558,1.04766059,0.27781677,-0.05485350,1.05485350,-6.84632778
39400,0.28120220,0.28120220,143,0.99999938,0.28120150,nan,0.00000000,0,0,0,0.08506986,0.00744987,0.21138805,0.22255516,0.02154713,1.12155175,0.13994595,0.10540492,0.89459508,-5.36304402
39500,0.49195158,0.49195158,176,0.99999998,0.49195154,nan,0.02747306,0,0,0,0.08656163,0.01181339,0.15212224,0.15930875,0.02995165,0.93416679,0.32044971,-0.07545434,1.07545434,-7.40472507
39600,0.21756552,0.21756552,13,0.72746821,0.06093210,nan,0.00000000,0,0,0,0.06155376,0.00888452,0.13057262,0.13689567,0.02308040,0.84414601,0.30034569,0.12100425,0.87899575,-9.13166253
39700,0.13362569,0.13362569,338,1.00000000,0.13362569,nan,0.00000000,0,0,0,0.14757626,0.00742068,0.17079282,0.18083277,0.00011364,1.33429229,0.21996863,0.00986045,0.99013955,-5.04981405
39800,1.07383966,1.07383966,98,0.99994455,1.07360150,nan,0.00000000,0,0,0,0.09903468,0.00873453,2.14044547,2.26635408,0.00000041,1.50770366,0.31043127,-0.02290964,1.02290964,3.87700574
39900,1.50115979,1.50115979,323,1.00000000,1.50115979,nan,0.00000000,0,0,0,0.17457640,0.00773948,2.91797876,3.08951354,0.00188677,1.27170885,0.28759184,-0.13699814,1.13699814,8.34528675
40000,1.69127321,1.69127321,206,1.00000000,1.69127320,nan,0.00000000,0,0,0,0.36803466,0.01918906,1.18596876,1.19490361,1.03407407,3.07904983,0.52864897,0.24553050,0.75446950,19.39910380
40100,0.26518327,0.26518327,212,1.00000000,0.26518327,nan,0.00000000,0,0,0,0.06464062,0.01374359,0.11632058,0.12292870,0.00398235,0.86596531,0.32852781,-0.02854195,1.02854195,-8.22376299
40200,0.42894259,0.42894259,75,0.99944692,0.42799441,nan,0.01101979,0,0,0,0.05712955,0.01478706,0.13877553,0.14380555,0.05326546,0.77075404,0.37498227,0.05392931,0.94607069,-5.08704364
40300,0.48700967,0.48700967,225,1.00000000,0.48700967,nan,0.00000000,0,0,0,0.07468646,0.00967979,1.48875737,1.57621217,0.00202559,1.15825641,0.20199329,0.04849811,0.95150189,-5.53706002
40400,0.21253115,0.21253115,90,0.99987659,0.21242626,nan,0.00000000,0,0,0,0.13871337,0.01144508,0.25420702,0.26795945,0.02041566,1.15682650,0.18736543,0.10099793,0.89900207,-4.38220435
40500,0.26969218,0.26969218,502,1.00000000,0.26969218,nan,0.00000000,0,0,0,0.18711136,0.01226759,0.24843934,0.26276115,0.00496876,1.20861006,0.34767500,-0.05079239,1.05079239,-3.60768160
40600,0.70274448,0.70274448,109,0.99998154,0.70269260,nan,0.00000000,0,0,0,0.29010519,0.01757583,1.59705281,1.68918777,0.03075874,1.98777819,0.49793115,0.03270356,0.96729644,4.11932723
40700,0.26102224,0.26102224,152,0.99999975,0.26102198,nan,0.00000000,0,0,0,0.05741391,0.00450692,0.10159858,0.10719653,0.00643340,0.70425677,0.14435929,0.23339871,0.76660129,-8.98425007
40800,0.66363978,0.66363978,311,1.00000000,0.66363978,nan,0.00000000,0,0,0,0.23985243,0.00924861,0.21759492,0.22745329,0.05000271,1.42882216,0.20100579,0.20903945,0.79096055,0.78188300
40900,0.32752076,0.32752076,163,0.99999992,0.32752065,nan,0.00000000,0,0,0,0.06142898,0.01421700,0.06662092,0.06908069,0.02480481,0.78251988,0.38338253,-0.06382156,1.06382156,-5.35617097
41000,1.03564131,1.03564131,207,1.00000000,1.03564131,nan,0.00000000,0,0,0,0.39465740,0.01450970,0.82800448,0.81913227,0.97883290,3.69341874,0.33639717,0.26987956,0.73012044,13.60269038
41100,0.24041557,0.24041557,462,1.00000000,0.24041557,nan,0.02239505,0,0,0,0.06617796,0.01152910,0.15189020,0.16082437,0.00000940,0.69301414,0.20784886,-0.09386142,1.09386142,-8.01575917
41200,0.17420761,0.17420761,292,1.00000000,0.17420761,nan,0.00000000,0,0,0,0.07548796,0.01209275,0.20590264,0.21783221,0.00310000,0.84072417,0.24096754,-0.07069915,1.07069915,-7.72685671
41300,0.51596320,0.51596320,287,1.00000000,0.51596320,nan,0.00000000,0,0,0,0.19545703,0.00840641,0.41192159,0.43499255,0.01971604,1.20990229,0.22767854,-0.02008188,1.02008188,-0.56245291
41400,0.42525733,0.42525733,177,0.99999998,0.42525729,nan,0.00000000,0,0,0,0.15591289,0.01513249,0.26133013,0.27646697,0.00400382,0.89915138,0.30313599,0.00755873,0.99244127,-1.59464595
41500,0.17377865,0.17377865,155,0.99999981,0.17377852,nan,0.00000000,0,0,0,0.07419062,0.01587258,0.11803459,0.12491778,0.00102046,1.25424302,0.51735336,-0.12553289,1.12553289,-6.37452809
41600,0.35010698,0.35010698,202,1.00000000,0.35010698,nan,0.00000000,0,0,0,0.13915920,0.01050042,0.20009618,0.20958722,0.03874860,1.03418350,0.23485041,-0.02307747,1.02307747,-2.80300206
41700,0.14352053,0.14352053,124,0.99999588,0.14351817,nan,0.00000000,0,0,0,0.05181423,0.01271503,0.11376919,0.11931077,0.01956225,0.68602902,0.28210074,-0.01550100,1.01550100,-8.24496126
41800,0.33991674,0.33991674,363,1.00000000,0.33991674,nan,0.00000000,0,0,0,0.15970868,0.01092660,0.07245652,0.07527117,0.02460734,1.10294580,0.19096307,0.06302900,0.93697100,-2.60597134
41900,0.70980299,0.70980299,332,1.00000000,0.70980299,nan,0.00000000,0,0,0,0.12512670,0.01384827,1.37370658,1.45442259,0.00153521,1.35647917,0.35417435,0.04859638,0.95140362,1.86425774
42000,0.14642429,0.14642429,101,0.99995892,0.14640023,nan,0.00000000,0,0,0,0.42880869,0.01799894,0.44766203,0.46717599,0.11592492,3.67525768,0.36027485,0.07567679,0.92432321,5.54401541
42100,0.11329889,0.11329889,416,1.00000000,0.11329889,nan,0.00000000,0,0,0,0.05549441,0.00648798,0.06153003,0.06510283,0.00079245,0.72789788,0.08873632,0.09513305,0.90486695,-10.09053481
42200,1.77118909,1.77118909,261,1.00000000,1.77118909,nan,0.00000000,0,0,0,0.10968813,0.01362010,3.30967331,3.50203490,0.03952867,1.00485742,0.35718024,-0.06641250,1.06641250,42.02270889
42300,0.30545321,0.30545321,293,1.00000000,0.30545321,nan,0.00000000,0,0,0,0.11936963,0.01588843,0.14716978,0.15567853,0.00252127,1.16368639,0.43966925,0.05124675,0.94875325,-0.15785853
42400,0.20732240,0.20732240,221,1.00000000,0.20732240,nan,0.00000000,0,0,0,0.11516990,0.01176625,0.11680576,0.12367064,0.00010315,0.83048153,0.18978593,-0.06891425,1.06891425,-5.78227341
42500,0.97765231,0.97765231,212,1.00000000,0.97765231,nan,0.00000000,0,0,0,0.12250785,0.01191220,0.39097923,0.40731797,0.11322085,0.81588924,0.23092318,-0.05812310,1.05812310,2.41149417
42600,0.44570160,0.44570160,355,1.00000000,0.44570160,nan,0.00000000,0,0,0,0.20426701,0.01177689,0.94981259,1.00567055,0.00022811,1.32358027,0.27502453,0.04166012,0.95833988,0.36968744
42700,0.35100037,0.35100037,369,1.00000000,0.35100037,nan,0.00000000,0,0,0,0.13060600,0.00983640,0.09422500,0.09887042,0.01525283,1.15378058,0.20405306,-0.13542086,1.13542086,-3.64473779
42800,0.22343190,0.22343190,241,1.00000000,0.22343190,nan,0.00000000,0,0,0,0.05490007,0.01313372,0.03614943,0.03818074,0.00161712,0.67581284,0.18491642,0.09029314,0.90970686,-7.22767854
42900,0.27073690,0.27073690,310,1.00000000,0.27073690,nan,0.00000000,0,0,0,0.07382851,0.00813186,0.53103459,0.56221038,0.00104599,1.10557377,0.28511968,-0.00531218,1.00531218,-6.93448317
43000,0.18852660,0.18852660,101,0.99995892,0.18849562,nan,0.00000000,0,0,0,0.32048395,0.02165790,0.38997456,0.41282067,0.00159124,3.08503819,0.70171326,0.06128378,0.93871622,5.50866826
43100,0.21238524,0.21238524,59,0.99726056,0.21006751,nan,0.00000000,0,0,0,0.28171763,0.02033059,0.27457735,0.28969097,0.01764589,2.09252286,0.37015140,0.08876921,0.91123079,1.18882406
43200,0.08444969,0.08444969,310,1.00000000,0.08444969,nan,0.00000000,0,0,0,0.05716953,0.00741238,0.07990459,0.08460485,0.00000029,0.91863400,0.18237212,-0.02082173,1.02082173,-9.89385662
43300,0.19505030,0.19505030,219,1.00000000,0.19505030,nan,0.00000000,0,0,0,0.06300083,0.00631295,0.18921262,0.20023048,0.00190859,0.77654690,0.14347690,-0.12062021,1.12062021,-9.35160446
43400,0.66117191,0.66117191,251,1.00000000,0.66117191,nan,0.00000000,0,0,0,0.19832633,0.00776130,0.41065514,0.43472531,0.00146192,1.16136956,0.14709228,-0.10276274,1.10276274,-0.12534436
43500,0.22171934,0.22171934,171,0.99999996,0.22171931,nan,0.00000000,0,0,0,0.07850508,0.01498260,0.08775638,0.09290864,0.00016788,0.98287189,0.24775158,0.02075338,0.97924662,-2.26217175
43600,0.26184168,0.26184168,215,1.00000000,0.26184168,nan,0.00000000,0,0,0,0.06924000,0.00912390,0.11424475,0.12087839,0.00147302,0.97363716,0.21486951,0.07957313,0.92042687,-7.56619120
43700,0.16248415,0.16248415,419,1.00000000,0.16248415,nan,0.00000000,0,0,0,0.04764898,0.01020866,0.11935973,0.12616548,0.00366211,0.85789055,0.36619830,-0.07588644,1.07588644,-8.52964818
43800,0.28656471,0.28656471,156,0.99999983,0.28656452,nan,0.00000000,0,0,0,0.06561763,0.00909076,0.11244084,0.11638960,0.04531179,0.75362396,0.17321122,-0.01390093,1.01390093,-7.70487118
43900,0.29025799,0.29025799,361,1.00000000,0.29025799,nan,0.00000000,0,0,0,0.04656411,0.00803602,0.06618171,0.07003754,0.00063249,0.80117810,0.19006518,0.00339722,0.99660278,-7.31383181
44000,0.11360721,0.11360721,174,0.99999997,0.11360719,nan,0.00000000,0,0,0,0.44688368,0.02455802,0.21761411,0.21898371,0.19433108,4.26957417,0.45279419,0.11087848,0.88912152,5.98747794
44100,0.34893084,0.34893084,126,0.99999663,0.34892613,nan,0.09403473,0,0,0,0.40342009,0.02577458,0.36684319,0.36631155,0.37588114,2.40636826,0.48263878,-0.04344406,1.04344406,4.94865179
44200,0.30614612,0.30614612,205,1.00000000,0.30614611,nan,0.07711432,0,0,0,0.06914179,0.00689074,0.17862132,0.18549216,0.06181720,0.74781775,0.12469927,0.06172890,0.93827110,-8.77487373
44300,0.87624037,0.87624037,613,1.00000000,0.87624037,nan,0.00000000,0,0,0,0.07235651,0.00663600,0.80481267,0.85135126,0.01365669,0.83991772,0.16818868,-0.02798345,1.02798345,-0.88656366
44400,0.24806458,0.24806458,44,0.98772266,0.23610480,nan,0.00000000,0,0,0,0.06123342,0.01003078,0.07437083,0.07762598,0.01903323,0.63173032,0.22341762,0.05495757,0.94504243,-8.21475744
44500,0.73739171,0.73739171,481,1.00000000,0.73739171,nan,0.00000000,0,0,0,0.06495357,0.01493316,0.10430470,0.11043803,0.00003809,0.55747521,0.09502075,0.18402560,0.81597440,-3.80666333
44600,0.47130129,0.47130129,157,0.99999985,0.47130100,nan,0.00000000,0,0,0,0.08170493,0.00982711,0.19629258,0.20768614,0.00260207,0.88966775,0.23768981,0.18705157,0.81294843,-4.93626642
44700,0.47656366,0.47656366,94,0.99991728,0.47640599,nan,0.00000000,0,0,0,0.13826151,0.01288324,0.28805026,0.30481440,0.00305999,0.70054233,0.22794062,-0.08706940,1.08706940,-4.54630391
44800,0.64706951,0.64706951,258,1.00000000,0.64706951,nan,0.00000000,0,0,0,0.10662687,0.00762382,0.31225261,0.32949457,0.01913917,0.91638875,0.21567100,-0.18304663,1.18304663,-2.79291743
44900,0.15568891,0.15568891,117,0.99999171,0.15568375,nan,0.00000000,0,0,0,0.04418235,0.01492689,0.04805868,0.05078868,0.00164858,0.50634235,0.23652622,0.06858156,0.93141844,-9.20801477
45000,0.37826192,0.37826192,202,1.00000000,0.37826192,nan,0.00000000,0,0,0,0.43275911,0.01369478,0.26430410,0.24436420,0.60328275,3.68066120,0.17852534,0.09652306,0.90347694,7.46638966
45100,0.22687551,0.22687551,170,0.99999996,0.22687548,nan,0.00000000,0,0,0,0.27048561,0.02417137,0.21889901,0.23135321,0.00717753,1.75746799,0.47903076,0.06979696,0.93020304,2.61997101
45200,0.76731384,0.76731384,73,0.99932446,0.76524254,nan,0.03585818,0,0,0,0.21379456,0.02079352,1.30001736,1.33849585,0.64588517,1.68849695,0.35522664,0.01821074,0.98178926,6.56583405
45300,0.22001582,0.22001582,346,1.00000000,0.22001582,nan,0.00000000,0,0,0,0.06782912,0.00810917,0.11744947,0.12414298,0.00365969,0.74533916,0.20908281,0.05362406,0.94637594,-8.22600635
45400,0.12389646,0.12389646,205,1.00000000,0.12389646,nan,0.00000000,0,0,0,0.05721847,0.00754619,0.13647665,0.14445628,0.00082261,0.63984287,0.15370387,-0.07832966,1.07832966,-11.05377388
45500,0.23255293,0.23255293,316,1.00000000,0.23255293,nan,0.00000000,0,0,0,0.15644419,0.00862936,0.16160446,0.16836895,0.04660800,1.72870862,0.16343102,0.13069504,0.86930496,-2.09675439
45600,0.52436638,0.52436638,85,0.99979653,0.52393974,nan,0.00000000,0,0,0,0.05944073,0.01224082,0.26793975,0.28154540,0.03664416,0.76854628,0.33455741,0.15752007,0.84247993,-4.34394217
45700,0.52332771,0.52332771,376,1.00000000,0.52332771,nan,0.00000000,0,0,0,0.09998935,0.00970486,0.55314070,0.58551562,0.00276680,0.96663976,0.22917649,-0.11695704,1.11695704,nan
45800,0.35984871,0.35984871,217,1.00000000,0.35984871,nan,0.00000000,0,0,0,0.04823183,0.00706317,0.12068180,0.12578785,0.03387889,0.59186286,0.20789003,0.13847615,0.86152385,-9.99568832
45900,0.07448187,0.07448187,358,1.00000000,0.07448187,nan,0.00000000,0,0,0,0.05900252,0.01825809,0.02239641,0.02337363,0.00578366,0.94421047,0.35702443,-0.02593512,1.02593512,nan
46000,0.34753546,0.34753546,95,0.99992515,0.34743142,nan,0.00000000,0,0,0,0.39118576,0.02112151,0.53852808,0.52939862,0.69372815,2.96712756,0.31904352,-0.04024776,1.04024776,6.46965615
46100,0.32705808,0.32705808,42,0.98500442,0.30787725,nan,0.12889352,0,0,0,0.26542133,0.03186261,0.40135849,0.42154700,0.05815405,1.50217676,0.49923897,0.03414559,0.96585441,1.10354078
46200,0.57281744,0.57281744,296,1.00000000,0.57281744,nan,0.05064828,0,0,0,0.05652016,0.00796409,0.09671407,0.09980587,0.04415353,0.75263256,0.13228883,0.08986647,0.91013353,-5.47782040
46300,0.24580070,0.24580070,156,0.99999983,0.24580054,nan,0.00000000,0,0,0,0.06357127,0.01001553,0.13882804,0.14625171,0.01262584,0.77848983,0.27659756,0.01094039,0.98905961,-6.60544109
46400,0.40030608,0.40030608,443,1.00000000,0.40030608,nan,0.00000000,0,0,0,0.05953573,0.00780176,0.44454023,0.47039074,0.00508193,0.86936325,0.20085987,0.06656265,0.93343735,-6.48916547
46500,0.45671558,0.45671558,210,1.00000000,0.45671558,nan,0.00000000,0,0,0,0.06289110,0.01268405,0.17296284,0.18028554,0.04847694,0.72286481,0.36771864,0.07661598,0.92338402,-5.05120277
46600,0.65886319,0.65886319,201,1.00000000,0.65886318,nan,0.00000000,0,0,0,0.12817974,0.01026890,0.91154027,0.96459043,0.00968608,0.82405162,0.17478275,0.08574365,0.91425635,0.06124155
46700,0.71845138,0.71845138,253,1.00000000,0.71845138,nan,0.00000000,0,0,0,0.16991694,0.00868096,0.47738802,0.50543743,0.00054700,1.25031173,0.34467769,0.11596961,0.88403039,1.39236768
46800,0.50845629,0.50845629,394,1.00000000,0.50845629,nan,0.00000000,0,0,0,0.12809603,0.00864263,0.26475069,0.27986458,0.00781465,0.84705764,0.15740432,0.07250690,0.92749310,-2.75285053
46900,0.20514309,0.20514309,195,1.00000000,0.20514309,nan,0.00000000,0,0,0,0.05584104,0.01149208,0.14491755,0.15302645,0.00706633,0.69454128,0.23577833,-0.05848959,1.05848959,-10.25476217
47000,0.12883161,0.12883161,301,1.00000000,0.12883161,nan,0.00000000,0,0,0,0.44617563,0.02845691,0.42397377,0.44876239,0.00256774,3.31949425,0.65352184,0.10904206,0.89095794,5.53610611
47100,0.38898313,0.38898313,106,0.99997508,0.38894436,nan,0.00000000,0,0,0,0.11572952,0.01028008,0.10668939,0.11023283,0.04645081,1.08920383,0.19844407,-0.17215261,1.17215261,-2.98176248
47200,0.17154285,0.17154285,203,1.00000000,0.17154285,nan,0.00000000,0,0,0,0.14184660,0.00763096,0.15477154,0.16317463,0.01191892,1.10907006,0.18399313,0.07113224,0.92886776,-5.68474611
47300,0.22436360,0.22436360,449,1.00000000,0.22436360,nan,0.00000000,0,0,0,0.05913715,0.01250031,0.10415962,0.11027661,0.00017063,0.76752669,0.19880885,-0.03968823,1.03968823,-9.20488644
47400,0.40019330,0.40019330,40,0.98168436,0.37166983,nan,0.00000000,0,0,0,0.05705208,0.01261860,0.16999796,0.17692503,0.05223786,0.78107905,0.36458048,-0.08345179,1.08345179,-4.78470635
47500,0.58987230,0.58987230,427,1.00000000,0.58987230,nan,0.00000000,0,0,0,0.08260813,0.00725364,0.33012593,0.34510246,0.07552490,1.05112267,0.15834859,0.24894746,0.75105254,-4.66525126
47600,1.18864012,1.18864012,262,1.00000000,1.18864012,nan,0.00000000,0,0,0,0.05227971,0.00852731,1.89685011,2.00782943,0.01020554,0.90553188,0.17234415,0.00685816,0.99314184,7.95360923
47700,0.58545864,0.58545864,72,0.99925341,0.58371221,nan,0.00000000,0,0,0,0.09181779,0.01217073,0.20541213,0.21694824,0.00929849,1.15629411,0.47464329,-0.04039262,1.04039262,-1.91027346
47800,0.53742790,0.53742790,207,1.00000000,0.53742790,nan,0.00000000,0,0,0,0.08097973,0.01176229,0.44746071,0.47344264,0.00576705,0.69098955,0.17990427,-0.16889611,1.16889611,-3.76536667
47900,0.59545898,0.59545898,325,1.00000000,0.59545898,nan,0.00000000,0,0,0,0.10717211,0.01074162,0.16059048,0.16986005,0.00300775,0.79499853,0.20510560,0.04073353,0.95926647,-2.80328214
48000,0.38804364,0.38804364,287,1.00000000,0.38804364,nan,0.00000000,0,0,0,0.30157459,0.02015207,0.59046191,0.61866808,0.11095606,2.50879622,0.42167106,0.12190045,0.87809955,5.31248800
48100,0.49435344,0.49435344,322,1.00000000,0.49435344,nan,0.00000000,0,0,0,0.18031456,0.00956053,0.73037702,0.77307844,0.00445333,2.13028288,0.31318188,-0.07732103,1.07732103,2.72765203
48200,0.97013885,0.97013885,41,0.98342732,0.90740879,nan,0.05039023,0,0,0,0.27799767,0.03023886,0.97946656,1.03708220,0.00000004,2.33102965,0.76220471,-0.05689004,1.05689004,13.16082573
48300,1.48747158,1.48747158,105,0.99997246,1.48730775,nan,0.12794507,0,0,0,0.08780140,0.00864194,2.07863331,2.20025444,0.01107504,1.05269146,0.21451378,-0.02011304,1.02011304,5.18604481
48400,0.86203891,0.86203891,497,1.00000000,0.86203891,nan,0.04389101,0,0,0,0.08424775,0.01560110,0.21301764,0.22409898,0.02463504,1.09733498,0.35013995,-0.08279125,1.08279125,1.63063145
48500,0.41744438,0.41744438,212,1.00000000,0.41744438,nan,0.00000000,0,0,0,0.11669135,0.00893097,0.28455290,0.30125967,0.00053812,0.77899498,0.15295728,0.03225389,0.96774611,-6.13471222
48600,0.24105825,0.24105825,176,0.99999998,0.24105822,nan,0.00219428,0,0,0,0.07059129,0.01620543,0.21741016,0.22996651,0.00395257,0.76483452,0.30430615,0.01170445,0.98829555,-4.45263788
48700,0.25650966,0.25650966,280,1.00000000,0.25650966,nan,0.00000000,0,0,0,0.07500810,0.01422361,0.75538200,0.79933691,0.00814907,1.32586527,0.38274518,0.04115177,0.95884823,-4.98097962
48800,0.18535599,0.18535599,513,1.00000000,0.18535599,nan,0.00000000,0,0,0,0.09086278,0.00964239,0.37351459,0.39519837,0.00489032,1.01156843,0.11851159,0.10321347,0.89678653,-6.90932667
48900,0.37870687,0.37870687,256,1.00000000,0.37870687,nan,0.00000000,0,0,0,0.08136366,0.01112420,0.31203252,0.32825312,0.03628182,1.03369796,0.14402801,0.27858753,0.72141247,-3.58359500
49000,0.51252598,0.51252598,179,0.99999998,0.51252594,nan,0.00000000,0,0,0,0.41840008,0.01940663,0.69259953,0.67466748,0.99744552,2.82883596,0.29301304,0.07015595,0.92984405,8.21672249
49100,0.43235838,0.43235838,227,1.00000000,0.43235838,nan,0.00000000,0,0,0,0.17206043,0.00798004,0.48008388,0.50827956,0.00075773,0.99555808,0.13050269,0.01138726,0.98861274,-2.12335110
49200,0.43952891,0.43952891,319,1.00000000,0.43952891,nan,0.00000000,0,0,0,0.19094910,0.01271606,0.27043647,0.28604329,0.00512038,1.16964769,0.16580120,-0.02364463,1.02364463,-1.16568768
49300,0.44549078,0.44549078,453,1.00000000,0.44549078,nan,0.00000000,0,0,0,0.10005065,0.01047359,0.12542830,0.12874171,0.06910024,1.15108216,0.18218869,0.23761005,0.76238995,-2.37970233
49400,0.29595634,0.29595634,241,1.00000000,0.29595634,nan,0.00000000,0,0,0,0.06302461,0.00650634,0.16043228,0.16920547,0.01128809,0.61043286,0.12645414,0.03112257,0.96887743,-8.87260520
49500,0.19889124,0.19889124,513,1.00000000,0.19889124,nan,0.00000000,0,0,0,0.11313280,0.01423271,0.30751377,0.32438436,0.02071384,1.54860175,0.32007349,0.01349346,0.98650654,-3.34382043
49600,0.09912579,0.09912579,273,1.00000000,0.09912579,nan,0.00000000,0,0,0,0.05378332,0.00650826,0.07522772,0.07964920,0.00006277,0.79998863,0.16590327,-0.03990800,1.03990800,-11.44800854
49700,0.50554913,0.50554913,179,0.99999998,0.50554910,nan,0.00000000,0,0,0,0.07961026,0.01140703,0.21175691,0.22392343,0.00492606,0.84882152,0.24933086,0.05492060,0.94507940,0.36651023
49800,0.51612151,0.51612151,214,1.00000000,0.51612151,nan,0.00000000,0,0,0,0.13585514,0.01317624,0.08761239,0.08931524,0.05866425,1.21301317,0.40658197,0.02491981,0.97508019,-2.26949498
49900,0.28149426,0.28149426,303,1.00000000,0.28149426,nan,0.00000000,0,0,0,0.08909725,0.01147208,0.18696605,0.19729325,0.01140362,0.67638767,0.24956863,0.00917596,0.99082404,-9.18192577
50000,5.49240732,5.49240732,342,1.00000000,5.49240732,nan,0.00000000,0,0,0,0.34147730,0.01644296,10.53507519,11.15460873,0.00300590,2.79402184,0.38778961,0.05983282,0.94016718,61.20731862
50100,2.45141172,2.45141172,312,1.00000000,2.45141172,nan,0.86905086,0,0,0,0.18330230,0.01670010,7.80475426,8.24174595,0.37590498,2.22155428,0.38478780,0.06099684,0.93900316,23.51191330
50200,0.88970268,0.88970268,191,0.99999999,0.88970266,nan,1.13206476,0,0,0,0.17046121,0.02156659,5.89933681,6.24319172,0.05379902,2.00857496,0.26391318,0.00963070,0.99036930,5.81332668
50300,0.78648335,0.78648335,100,0.99995460,0.78634053,nan,1.23975551,0,0,0,0.16429742,0.02730298,0.69448406,0.73533362,0.00004055,1.80653250,0.46888053,-0.10048540,1.10048540,2.75886981
50400,1.28408301,1.28408301,0,0.00000000,0.00000000,nan,0.00000000,0,0,0,1.01810980,0.00809313,21.59287262,22.84866142,0.24442220,30.58808136,0.22423942,nan,nan,28.50664234
50500,0.69166255,0.69166255,1,0.09516258,0.00005672,nan,0.00000000,0,0,0,1.00244725,0.00324566,15.39085197,16.29120827,0.08483140,30.61521149,0.08985513,-0.33059787,1.33059787,22.63916779
50600,0.64537865,0.64537865,7,0.50341470,0.04144939,nan,0.00000000,0,0,0,0.97485352,0.00476076,18.72586060,19.82631874,0.01811703,30.54906273,0.12204970,0.33624129,0.66375871,22.32197094
50700,0.79014736,0.79014736,4,0.32967995,0.00933422,nan,0.00000000,0,0,0,0.93640739,0.00377173,8.12344742,8.57293606,0.48212856,29.77908707,0.10286960,0.31494707,0.68505293,23.00229263
50800,0.74719489,0.74719489,13,0.72746821,0.20926180,nan,0.00000000,0,0,0,0.86763835,0.00663434,26.33692360,27.88515663,0.01695725,28.63348770,0.19727705,0.05034801,0.94965199,22.28230476
50900,0.75599033,0.75599033,8,0.55067104,0.06951606,nan,0.00000000,0,0,0,0.74647129,0.01174823,14.39145565,15.21563530,0.38038293,25.27812958,0.31766060,-0.21023772,1.21023772,20.06706301
51000,0.52622104,0.52622104,14,0.75340304,0.16954214,nan,0.00000000,0,0,0,0.81984299,0.00515404,6.94251966,7.33714390,0.23391017,26.22142410,0.14024915,0.19498240,0.80501760,19.37045956
51100,0.38330036,0.38330036,11,0.66712892,0.07592386,nan,0.00000000,0,0,0,0.81829017,0.01093655,13.64850903,14.44374752,0.12944904,22.68960190,0.26246813,0.06978236,0.93021764,18.25051753
51200,0.54001021,0.54001021,12,0.69880579,0.12877393,nan,0.00000000,0,0,0,0.61614299,0.01449528,13.41128349,14.19463253,0.09436262,18.43635750,0.70071983,0.02481957,0.97518043,17.08384260
51300,0.78247923,0.78247923,1,0.09516258,0.00006417,nan,0.00000000,0,0,0,0.54708683,0.03437041,22.89974785,24.24136162,0.09231613,15.83011246,1.15773451,0.16345350,0.83654650,18.35311556
51400,0.39326212,0.39326212,14,0.75340304,0.12670437,nan,0.00000000,0,0,0,0.50781000,0.02361533,4.86722708,5.15168476,0.03144016,15.02595329,0.91640061,-0.04045712,1.04045712,13.42480350
51500,0.37473106,0.37473106,10,0.63212056,0.05983005,nan,0.00000000,0,0,0,0.53574282,0.01922346,5.93481445,6.28390932,0.00020072,13.57001877,0.65173244,0.06434452,0.93565548,13.69697221
51600,1.74552512,1.74552512,4,0.32967995,0.02062036,nan,0.00000000,0,0,0,0.32408017,0.04856294,6.66667986,7.04450321,0.24368669,7.28193903,1.65493321,0.01106205,0.98893795,23.64240313
51700,0.87331873,0.87331873,4,0.32967995,0.01031675,nan,0.00000000,0,0,0,0.39750612,0.03868150,4.76399994,5.03191662,0.20942162,8.76192284,1.89768815,0.07157437,0.92842563,16.91142146
51800,0.44842148,0.44842148,24,0.90928205,0.30653557,nan,0.00000000,0,0,0,0.35733017,0.01911557,1.16628194,1.23099148,0.06622023,6.38398075,0.75845528,0.18185646,0.81814354,9.46866703
51900,0.34851462,0.34851462,15,0.77686984,0.12694454,nan,0.00000000,0,0,0,0.37516418,0.03134249,0.66184551,0.70077717,0.00000721,7.17595673,1.00500464,-0.14255095,1.14255095,nan
52000,0.62564218,0.62564218,3,0.25918178,0.00282321,nan,0.00000000,0,0,0,0.60562092,0.01594237,4.17159081,4.41591406,0.01809750,13.94970322,0.50519866,-0.20788919,1.20788919,17.75719881
52100,0.51472861,0.51472861,10,0.63212056,0.08218224,nan,0.00000000,0,0,0,0.28263679,0.03846555,1.06504536,1.12267828,0.08528635,3.29016256,0.77535313,-0.06417909,1.06417909,8.30211401
52200,0.26257524,0.26257524,41,0.98342732,0.24559688,nan,0.00000000,0,0,0,0.26637745,0.03091476,0.99566144,1.05083752,0.05766742,3.88627958,1.11847448,0.00545457,0.99454543,7.27912092
52300,0.35225046,0.35225046,4,0.32967995,0.00416123,nan,0.00000000,0,0,0,0.18106087,0.04027131,0.43736976,0.46306020,0.00063244,2.84709215,1.20096743,-0.03987791,1.03987791,4.05287963
52400,0.38855812,0.38855812,29,0.94497678,0.30984218,nan,0.00000000,0,0,0,0.24810924,0.02758407,0.52797043,0.55771679,0.02228275,4.30656767,0.84090966,-0.16633041,1.16633041,7.10936387
52500,1.22534895,1.22534895,0,0.00000000,0.00000000,nan,0.00000000,0,0,0,0.27924928,0.03677778,4.26817894,4.50665998,0.21400383,4.70780373,1.05794084,0.16608152,0.83391848,17.45059705
52600,0.54059714,0.54059714,25,0.91791500,0.38378113,nan,0.00000000,0,0,0,0.22379330,0.04769983,0.79261684,0.83608705,0.05362337,3.12269211,0.95624107,-0.07580447,1.07580447,9.26630330
52700,0.41669166,0.41669166,40,0.98168436,0.38699228,nan,0.00000000,0,0,0,0.15097433,0.02031113,0.31849310,0.33261582,0.07840697,2.00907683,0.50591183,-0.00302106,1.00302106,1.27573347
52800,0.09599736,0.09599736,54,0.99548342,0.09427476,nan,0.00000000,0,0,0,0.24693984,0.01761553,0.33014446,0.34858894,0.01658864,3.63517928,0.64526874,-0.08208913,1.08208913,2.96734338
52900,0.30400217,0.30400217,18,0.83470111,0.14757087,nan,0.00000000,0,0,0,0.20780598,0.03358283,0.53256339,0.56370872,0.00309251,3.03548694,0.81232572,-0.02787643,1.02787643,4.42416215
53000,0.37121972,0.37121972,13,0.72746821,0.10396499,nan,0.00000000,0,0,0,0.46568283,0.01741202,3.65441084,3.86839199,0.01673158,9.95092297,0.48723781,-0.16122980,1.16122980,12.64872336
53100,0.40992069,0.40992069,20,0.86466472,0.22913466,nan,0.00000000,0,0,0,0.19824611,0.03108244,1.47590256,1.56225085,0.00798136,2.49488544,1.09351790,-0.01968654,1.01968654,7.46564919
53200,0.32293516,0.32293516,53,0.99500841,0.31653544,nan,0.00000000,0,0,0,0.20738383,0.01812850,0.16119593,0.16486755,0.09877831,2.45856428,0.62695062,-0.08092615,1.08092615,4.20208963
53300,0.60198569,0.60198569,21,0.87754357,0.35699401,nan,0.00000000,0,0,0,0.23814753,0.03483478,1.31860864,1.38744485,0.14839320,3.05710697,1.26206625,-0.05918204,1.05918204,9.71884251
53400,0.23271950,0.23271950,40,0.98168436,0.21613259,nan,0.00000000,0,0,0,0.21281752,0.02268237,0.34475020,0.35887665,0.10460049,2.61251569,0.65745950,0.03886749,0.96113251,2.86958346
53500,0.31670034,0.31670034,54,0.99548342,0.31101738,nan,0.00000000,0,0,0,0.21875140,0.02923008,0.69228876,0.73076242,0.03823669,3.10287976,1.08679640,-0.05242197,1.05242197,4.17042115
53600,0.88749194,0.88749194,40,0.98168436,0.82423662,nan,0.00000000,0,0,0,0.24430180,0.01876803,0.75911468,0.80222064,0.02631448,3.36195397,0.51199663,0.16792970,0.83207030,10.06442865
53700,0.22510147,0.22510147,25,0.91791500,0.15980421,nan,0.00000000,0,0,0,0.24927002,0.03345706,0.59707791,0.62890279,0.05605494,3.48311353,0.80989772,-0.10386771,1.10386771,4.31363707
53800,0.52604997,0.52604997,2,0.18126925,0.00056797,nan,0.00000000,0,0,0,0.18573958,0.02632159,0.88608468,0.92816097,0.17078809,2.48968911,0.70445567,0.01093788,0.98906212,5.41777452
53900,0.20982057,0.20982057,8,0.55067104,0.01929377,nan,0.00000000,0,0,0,0.15033250,0.02116913,0.15550007,0.16458173,0.00111194,1.74259365,0.49771392,0.04185234,0.95814766,-0.29709651
54000,0.19299267,0.19299267,50,0.99326205,0.18784351,nan,0.00000000,0,0,0,0.49844563,0.01013429,1.81981802,1.92588699,0.01664708,11.02845383,0.23850648,-0.14375499,1.14375499,11.93754768
54100,0.65068310,0.65068310,33,0.96311683,0.55986771,nan,0.00000000,0,0,0,0.15099953,0.02429504,0.38470104,0.39938119,0.13513890,1.82126176,0.60949981,0.06251265,0.93748735,5.65673224
54200,0.56063402,0.56063402,52,0.99448344,0.54836492,nan,0.00000000,0,0,0,0.18498139,0.01597745,2.20525408,2.33224130,0.04646904,2.67915606,0.58055067,0.06599377,0.93400623,8.55793476
54300,0.79216665,0.79216665,15,0.77686984,0.28854237,nan,0.00000000,0,0,0,0.18346699,0.01385720,1.30234170,1.37883973,0.00187613,2.61613297,0.46382749,-0.06435270,1.06435270,7.77597094
54400,0.22184509,0.22184509,25,0.91791500,0.15749243,nan,0.00000000,0,0,0,0.13905197,0.02047900,0.29319763,0.31016603,0.00473505,1.83082533,0.42194560,0.00751650,0.99248350,-0.59663561
54500,0.94224262,0.94224262,31,0.95495080,0.78358611,nan,0.00000000,0,0,0,0.14470859,0.01981941,1.99277472,2.10903287,0.01638591,1.78418303,0.44448662,-0.04577310,1.04577310,6.39448007
54600,1.36905694,1.36905694,20,0.86466472,0.76526608,nan,0.00000000,0,0,0,0.16204068,0.02902745,2.94991493,3.12237716,0.01805843,2.74071956,0.92537147,0.00767276,0.99232724,15.24500418
54700,0.29653719,0.29653719,35,0.96980262,0.26230863,nan,0.00000000,0,0,0,0.23201855,0.02600943,0.81879276,0.86446589,0.04234976,3.31401944,0.67236841,0.01632974,0.98367026,4.57424672
54800,0.21889623,0.21889623,81,0.99969646,0.21863057,nan,0.00000000,0,0,0,0.15727451,0.01589396,0.39849499,0.42171991,0.00367088,2.25392318,0.63237768,-0.07630213,1.07630213,0.06784415
54900,0.27478877,0.27478877,55,0.99591323,0.27032423,nan,0.00000000,0,0,0,0.14055012,0.02103000,0.15378128,0.16215481,0.01143135,2.04528737,0.71328425,0.09484413,0.90515587,nan
55000,0.21388142,0.21388142,40,0.98168436,0.19863718,nan,0.00000000,0,0,0,0.48623812,0.01022645,2.27762341,2.41148233,0.00201737,10.14153576,0.25234640,-0.19410035,1.19410035,11.39281654
55100,0.47402394,0.47402394,46,0.98994816,0.45525014,nan,0.09192438,0,0,0,0.23909044,0.01627412,0.90296429,0.95437759,0.02893787,3.12909651,0.54872960,-0.11005790,1.11005790,5.13468075
55200,0.30880189,0.30880189,15,0.77686984,0.11247940,nan,0.00000000,0,0,0,0.17756629,0.02612463,0.63992131,0.67633373,0.02090968,1.96427321,0.54582798,0.07766256,0.92233744,6.22201908
55300,0.12064440,0.12064440,35,0.96980262,0.10671871,nan,0.00000000,0,0,0,0.14908858,0.01453860,0.24153113,0.25430134,0.02443730,1.85228181,0.48376524,0.03553097,0.96446903,-3.36038593
55400,0.53548169,0.53548169,15,0.77686984,0.19504628,nan,0.00000000,0,0,0,0.09931400,0.01660754,0.42179886,0.44434816,0.03846153,1.43353987,0.59840655,-0.01986101,1.01986101,-1.24269223
55500,0.19432418,0.19432418,26,0.92572642,0.14271101,nan,0.00000000,0,0,0,0.13795282,0.02148136,0.10435963,0.11041517,0.00141533,1.61467302,0.29306328,0.01369502,0.98630498,2.05176449
55600,0.40563142,0.40563142,31,0.95495080,0.33733047,nan,0.00000000,0,0,0,0.15083975,0.03027857,1.07402766,1.13707507,0.00222354,2.40766191,0.78337997,0.02265840,0.97734160,4.54782915
55700,0.17983831,0.17983831,53,0.99500841,0.17627439,nan,0.00000000,0,0,0,0.11672314,0.01026370,0.11908838,0.12590757,0.00316207,1.61772597,0.27746657,-0.05573121,1.05573121,-3.29467742
55800,1.77788627,1.77788627,6,0.45118836,0.07367761,nan,0.00000000,0,0,0,0.11876319,0.02621439,1.28876007,1.35639715,0.13892885,2.86948252,1.75546229,0.10659039,0.89340961,15.40895939
55900,0.71327269,0.71327269,17,0.81731648,0.31828532,nan,0.00000000,0,0,0,0.13565284,0.02237011,0.30708626,0.32480118,0.00593304,2.43810749,1.05603790,-0.10848316,1.10848316,4.82013768
56000,0.29008266,0.29008266,91,0.99988833,0.28995312,nan,0.00000000,0,0,0,0.56969732,0.00916579,1.44560134,1.50560987,0.42545813,12.89467525,0.21241520,-0.05083708,1.05083708,13.43351173
56100,1.73784637,1.73784637,8,0.55067104,0.15980130,nan,0.32304177,0,0,0,0.43026426,0.02108457,5.24553013,5.43121052,2.08895588,7.23452187,0.57423931,0.07909943,0.92090057,24.01230202
56200,0.31216389,0.31216389,18,0.83470111,0.15153279,nan,0.47521277,0,0,0,0.35666469,0.02260483,1.07559192,1.13709104,0.03010699,4.79481506,0.78565145,-0.00831850,1.00831850,7.61374128
56300,0.66603279,0.66603279,49,0.99255342,0.64641461,nan,0.65289070,0,0,0,0.49103054,0.01331734,4.52092743,4.74847841,0.65256339,6.15458679,0.40528670,0.14249886,0.85750114,13.86688900
56400,1.40418303,1.40418303,97,0.99993872,1.40383885,nan,0.66025378,0,0,0,0.31815815,0.02318208,3.58896470,3.76909232,0.52680242,2.30616379,0.52615047,-0.14295927,1.14295927,16.53569221
56500,0.49798930,0.49798930,23,0.89974116,0.32635506,nan,0.71585500,0,0,0,0.28899354,0.01209548,1.83243310,1.94012654,0.00164565,2.68873692,0.46617678,-0.11154690,1.11154690,6.47243768
56600,1.09255397,1.09255397,8,0.55067104,0.10046432,nan,0.73611117,0,0,0,0.29858625,0.02594026,1.21522367,1.28058815,0.10402689,2.29337430,0.48195553,0.12421678,0.87578322,14.20477104
56700,1.14361000,1.14361000,39,0.97975809,1.05378831,nan,0.67046767,0,0,0,0.22432961,0.01645965,0.29856330,0.25846973,0.98015463,1.59826636,0.59900105,0.01117294,0.98882706,8.77701759
56800,0.14671630,0.14671630,17,0.81731648,0.06546955,nan,0.62710386,0,0,0,0.27907950,0.01309822,0.19534105,0.20672584,0.00179992,2.46982765,0.36135307,0.04536313,0.95463687,2.11070234
56900,0.13125719,0.13125719,13,0.72746821,0.03676031,nan,0.57729533,0,0,0,0.27335957,0.01039403,0.20600989,0.21812770,0.00000713,2.39216185,0.23752610,0.00409982,0.99590018,2.05867815
57000,0.46004507,0.46004507,73,0.99932446,0.45880322,nan,0.54658062,0,0,0,0.33765036,0.01715866,2.07021880,2.18886662,0.05321174,4.35077667,0.40245634,-0.03664958,1.03664958,8.18682575
57100,0.12018372,0.12018372,98,0.99994455,0.12015707,nan,0.46234876,0,0,0,0.22849856,0.01413519,0.17051837,0.18045487,0.00159785,2.39729667,0.40586430,0.01584804,0.98415196,4.29752588
57200,0.10083642,0.10083642,121,0.99999444,0.10083418,nan,0.35976286,0,0,0,0.17225900,0.01296296,0.26859194,0.28363246,0.01290380,1.91274512,0.34445021,0.12065290,0.87934710,-1.56342451
57300,0.46569088,0.46569088,41,0.98342732,0.43557888,nan,0.28393475,0,0,0,0.13406107,0.03217724,0.29367667,0.30854702,0.04088105,1.64814544,0.88236529,0.01803395,0.98196605,10.92492437
57400,0.37871143,0.37871143,69,0.99899221,0.37718710,nan,0.29535790,0,0,0,0.21889064,0.01525266,0.82119703,0.85439152,0.25689101,2.82545376,0.49681562,-0.04401917,1.04401917,4.48519814
57500,0.78490043,0.78490043,71,0.99917490,0.78231313,nan,0.27698159,0,0,0,0.12193140,0.01371110,0.19459850,0.19877282,0.12363492,0.83924133,0.28746068,-0.01788649,1.01788649,4.00526071
57600,0.12861599,0.12861599,65,0.99849656,0.12784427,nan,0.36569648,0,0,0,0.26832974,0.01037072,0.21336213,0.21289845,0.22124474,3.33121848,0.32411280,0.06941669,0.93058331,3.40518665
57700,0.41965574,0.41965574,13,0.72746821,0.11753014,nan,0.40269264,0,0,0,0.22275917,0.02554223,0.33259776,0.34817100,0.06785253,3.09354663,1.17689514,-0.00110423,1.00110423,5.93046541
57800,0.18938705,0.18938705,141,0.99999925,0.18938648,nan,0.26617981,0,0,0,0.16760135,0.01400190,0.42901546,0.45376095,0.00834194,1.88268256,0.32819843,-0.16517792,1.16517792,-0.43888326
57900,0.24805371,0.24805371,55,0.99591323,0.24402355,nan,0.17719549,0,0,0,0.14157876,0.00886742,0.35695153,0.37780195,0.00249395,1.55216527,0.22428615,0.11803185,0.88196815,-0.22421425
58000,1.62768507,1.62768507,87,0.99983341,1.62660074,nan,0.07684544,0,0,0,0.36092520,0.01165682,1.60524499,1.65684938,0.72797030,6.12548494,0.29343367,0.10289518,0.89710482,21.41463788
58100,0.53885502,0.53885502,97,0.99993872,0.53872294,nan,0.21357814,0,0,0,0.22026156,0.01345385,0.24562165,0.25981519,0.00433133,2.42985821,0.47773668,0.02624475,0.97375525,5.25285292
58200,1.05754483,1.05754483,6,0.45118836,0.04382585,nan,0.38025495,0,0,0,0.26832056,0.02222362,1.10196543,1.14156926,0.42870128,3.08112383,0.79952306,0.09296590,0.90703410,11.61662149
58300,0.55044854,0.55044854,111,0.99998489,0.55041526,nan,0.28828941,0,0,0,0.13773517,0.01678246,0.60506260,0.63919169,0.02486862,1.30049241,0.44178873,0.02684462,0.97315538,3.07139778
58400,0.21766829,0.21766829,94,0.99991728,0.21759628,nan,0.07440506,0,0,0,0.14584582,0.01312394,0.17402416,0.18267924,0.02688781,1.44798875,0.24725884,-0.05479204,1.05479204,-0.57058644
58500,0.22615348,0.22615348,49,0.99255342,0.21949207,nan,0.00000000,0,0,0,0.14078653,0.02109078,0.33173481,0.34845588,0.04747711,2.01390934,0.84768558,-0.05550743,1.05550743,1.47876310
58600,0.17569524,0.17569524,122,0.99999497,0.17569171,nan,0.00000000,0,0,0,0.12846236,0.02514165,0.23588793,0.24938101,0.00650563,1.86336350,0.67366666,-0.09132108,1.09132108,-0.11010014
58700,0.38869309,0.38869309,56,0.99630214,0.38297557,nan,0.00000000,0,0,0,0.12566964,0.01413625,0.09184919,0.08061043,0.28290820,1.46684647,0.29187766,-0.06288008,1.06288008,-2.42091686
58800,0.96249890,0.96249890,7,0.50341470,0.06181641,nan,0.00000000,0,0,0,0.09620354,0.01507403,0.16140585,0.16533315,0.09464135,1.10924780,0.38233042,-0.08656931,1.08656931,8.10609055
58900,0.24061579,0.24061579,75,0.99944692,0.24008390,nan,0.00000000,0,0,0,0.08025166,0.01387735,0.09595876,0.09835581,0.05520903,1.09429598,0.47465420,0.03674310,0.96325690,-4.64604272
59000,0.15675622,0.15675622,98,0.99994455,0.15672146,nan,0.00000000,0,0,0,0.32904473,0.01479544,0.48067883,0.50291812,0.10261022,5.93437004,0.40327892,-0.06608115,1.06608115,6.92858076
59100,0.12559190,0.12559190,148,0.99999963,0.12559172,nan,0.09326701,0,0,0,0.18071052,0.00695032,0.31975719,0.33851883,0.00080952,2.27145386,0.17167191,-0.13234201,1.13234201,0.02772333
59200,0.89235187,0.89235187,41,0.98342732,0.83465158,nan,0.00000000,0,0,0,0.08578385,0.01799208,0.28632042,0.30171490,0.02461434,1.20277190,0.72986531,-0.04320294,1.04320294,5.00242054
59300,0.25720063,0.25720063,62,0.99797057,0.25511909,nan,0.00000000,0,0,0,0.10524643,0.01777176,0.52147222,0.55209005,0.00096942,1.60355878,0.55842423,-0.06106459,1.06106459,-3.36211443
59400,0.29746988,0.29746988,192,1.00000000,0.29746988,nan,0.00000000,0,0,0,0.12335711,0.01103157,0.86500400,0.91588086,0.00009760,1.72581041,0.33357704,0.05446959,0.94553041,-1.06307699
59500,0.23598674,0.23598674,30,0.95021293,0.19238506,nan,0.01064867,0,0,0,0.13731785,0.01721213,0.46813625,0.49502754,0.01098469,2.08529329,0.46886995,-0.03191663,1.03191663,-0.73020798
59600,0.57943559,0.57943559,6,0.45118836,0.02401246,nan,0.02703358,0,0,0,0.12498948,0.02905608,1.29621780,1.37233579,0.00221461,1.85112894,0.88960904,0.12700051,0.87299949,6.65075332
59700,0.37135765,0.37135765,60,0.99752125,0.36768930,nan,0.00390643,0,0,0,0.13967103,0.01480926,0.26101500,0.27625367,0.00195728,1.57380152,0.35137984,-0.08366342,1.08366342,-0.62842743
59800,0.19888262,0.19888262,60,0.99752125,0.19691802,nan,0.02213310,0,0,0,0.23428304,0.01569156,0.19715695,0.20761433,0.01938128,2.59707427,0.54536039,0.00103516,0.99896484,-0.63146466
59900,0.11056785,0.11056785,94,0.99991728,0.11053126,nan,0.00243288,0,0,0,0.12799485,0.01313620,0.20277347,0.21465938,0.00071264,1.67948616,0.50563037,-0.13198986,1.13198986,-3.44584815
60000,0.52331722,0.52331722,82,0.99972535,0.52274253,nan,0.00000000,0,0,0,0.42610407,0.00979119,2.53378177,2.66526580,0.29855773,6.98272133,0.24953741,0.02615816,0.97384184,12.03614934
60100,2.30882525,2.30882525,10,0.63212056,0.36863004,nan,0.22280010,0,0,0,0.34710115,0.03109020,5.28313637,5.59389877,0.00017062,3.49688745,0.55931008,0.17834127,0.82165873,27.23938942
60200,0.26672542,0.26672542,92,0.99989896,0.26661764,nan,0.11633047,0,0,0,0.16477942,0.01128745,0.40329295,0.42570937,0.02221405,1.33017385,0.30790681,-0.02839995,1.02839995,-0.98249539
60300,0.15219750,0.15219750,41,0.98342732,0.14235627,nan,0.04377931,0,0,0,0.15007773,0.01789682,0.22086565,0.23368213,0.00298545,1.16053224,0.44885343,-0.07653179,1.07653179,-3.16130173
60400,0.99948066,0.99948066,26,0.92572642,0.73401517,nan,0.00000000,0,0,0,0.18295892,0.01465154,0.32586914,0.33271909,0.20942050,1.54633355,0.43683279,0.02738032,0.97261968,6.33957464
60500,0.35303834,0.35303834,129,0.99999750,0.35303481,nan,0.00000000,0,0,0,0.11232826,0.01331302,0.20346393,0.21254677,0.04905584,1.07991660,0.45804602,0.07639019,0.92360981,-1.09598859
60600,0.59159201,0.59159201,54,0.99548342,0.58097631,nan,0.00000000,0,0,0,0.15520425,0.01141600,0.85534436,0.90361172,0.03479954,1.52176988,0.29623708,-0.06410454,1.06410454,1.17652714
60700,0.62092108,0.62092108,15,0.77686984,0.22616711,nan,0.00000000,0,0,0,0.09224455,0.01401007,0.12717053,0.12255231,0.20568044,1.40048039,0.52618968,0.09811842,0.90188158,0.84116936
60800,0.58475024,0.58475024,22,0.88919684,0.36556285,nan,0.01184986,0,0,0,0.14691581,0.01756817,0.44234318,0.45369878,0.24929844,1.96903992,0.51679122,-0.06544597,1.06544597,3.70417873
60900,0.26042217,0.26042217,18,0.83470111,0.12641596,nan,0.01186783,0,0,0,0.11860047,0.00789510,0.36331046,0.38462135,0.00102527,1.43834329,0.34753805,0.00976612,0.99023388,-3.89948952
61000,0.09033459,0.09033459,156,0.99999983,0.09033453,nan,0.02799196,0,0,0,0.46403420,0.01286045,0.31011841,0.32404318,0.07339702,7.00378609,0.32774922,0.03221324,0.96778676,8.56401539
61100,1.11483550,1.11483550,10,0.63212056,0.17799609,nan,0.18337066,0,0,0,0.15194334,0.01827444,1.52412355,1.60601199,0.13201943,1.46578848,0.52287972,-0.14110959,1.14110959,11.01537561
61200,0.20969358,0.20969358,151,0.99999972,0.20969335,nan,0.06420833,0,0,0,0.13726185,0.01298354,0.12703699,0.13191262,0.04415117,1.28132892,0.38315931,0.15756701,0.84243299,-4.40223408
61300,0.94761586,0.94761586,21,0.87754357,0.56196217,nan,0.00000000,0,0,0,0.09888880,0.01742515,0.72074246,0.76309872,0.00068725,1.30177212,0.57001185,0.15500621,0.84499379,7.65802590
61400,0.43050006,0.43050006,29,0.94497678,0.34328732,nan,0.00000000,0,0,0,0.13692495,0.01289879,0.52844739,0.55773973,0.03047850,1.66728723,0.37660819,-0.18011570,1.18011570,0.32294947
61500,0.11155438,0.11155438,57,0.99665403,0.11006883,nan,0.00976235,0,0,0,0.13680045,0.01271793,0.13321598,0.13982910,0.02079305,2.11941957,0.35101992,0.08908107,0.91091893,-2.08540565
61600,0.25589207,0.25589207,39,0.97975809,0.23579373,nan,0.00000000,0,0,0,0.11178941,0.01062057,0.30393860,0.31851244,0.05618292,1.58005095,0.29236659,-0.14149130,1.14149130,-2.31564893
61700,0.65619087,0.65619087,24,0.90928205,0.44856424,nan,0.00000000,0,0,0,0.12853219,0.01301361,0.53120494,0.56083608,0.02747536,1.20989561,0.39391813,0.09829793,0.90170207,2.27221159
61800,0.35504511,0.35504511,65,0.99849656,0.35291477,nan,0.00000000,0,0,0,0.21807165,0.01219324,0.63123679,0.66826564,0.00174702,1.45266700,0.21117581,-0.02460248,1.02460248,-2.11548885
61900,0.59658104,0.59658104,42,0.98500442,0.56159363,nan,0.00000000,0,0,0,0.11160997,0.01193449,1.52195466,1.60989237,0.02701430,1.11966968,0.27161649,-0.09313299,1.09313299,0.24361539
62000,1.03133547,1.03133547,117,0.99999171,1.03130126,nan,0.00000000,0,0,0,0.45547497,0.01064992,0.72698414,0.72086781,0.83096129,6.32511806,0.35277596,0.07277321,0.92722679,16.50471306
62100,0.85106570,0.85106570,259,1.00000000,0.85106570,nan,0.03836484,0,0,0,0.21249630,0.01465225,1.52746642,1.61331856,0.06798136,1.53059089,0.22716798,-0.00634816,1.00634816,4.34530151
62200,0.15659137,0.15659137,76,0.99949955,0.15627814,nan,0.00000000,0,0,0,0.14860751,0.01690983,0.10973228,0.11533314,0.01451759,1.15429628,0.34218574,0.13995921,0.86004079,-4.92886066
62300,0.62618917,0.62618917,38,0.97762923,0.57200821,nan,0.00000000,0,0,0,0.22738014,0.02001435,0.48040846,0.50581318,0.04852807,1.81402075,0.61951530,0.02920750,0.97079250,5.43635726
62400,0.71447349,0.71447349,36,0.97267628,0.63952778,nan,0.00000000,0,0,0,0.12165333,0.01457434,1.14014566,1.20698905,0.00380785,1.40720105,0.44072562,-0.06665979,1.06665979,2.33278570
62500,0.33030266,0.33030266,115,0.99998987,0.33028927,nan,0.00000000,0,0,0,0.17778149,0.01310734,0.18192671,0.19196580,0.01126226,1.98020279,0.29375342,0.18760933,0.81239067,0.53209981
62600,0.43090406,0.43090406,40,0.98168436,0.40019170,nan,0.00000000,0,0,0,0.09162611,0.01133366,0.34029898,0.35874608,0.02669829,1.12391710,0.31862038,-0.18702443,1.18702443,-3.19402373
62700,0.26777336,0.26777336,95,0.99992515,0.26769320,nan,0.00000000,0,0,0,0.16763826,0.01150620,0.36733505,0.38677493,0.03685683,1.52863455,0.37726766,0.10550147,0.89449853,-2.32161427
62800,0.55805564,0.55805564,26,0.92572642,0.40983415,nan,0.00000000,0,0,0,0.11187470,0.01584114,1.14651954,1.21071041,0.05527505,1.62023592,0.60333079,-0.16834403,1.16834403,3.33726954
62900,0.95798808,0.95798808,200,1.00000000,0.95798808,nan,0.00000000,0,0,0,0.13638264,0.02005086,0.53629041,0.56554741,0.03892200,1.35852873,0.66893792,0.04432955,0.95567045,4.88031030
63000,1.04547000,1.04547000,136,0.99999876,1.04546481,nan,0.00000000,0,0,0,0.40602198,0.01338836,1.37810373,1.40628505,0.89902174,5.28956175,0.23086283,0.08140951,0.91859049,14.76529789
63100,0.29288745,0.29288745,78,0.99959027,0.29240772,nan,0.21076061,0,0,0,0.13155332,0.01550064,0.48705509,0.51330918,0.04073454,1.20208788,0.34364837,-0.04461475,1.04461475,-2.39737141
63200,0.56191450,0.56191450,62,0.99797057,0.55736690,nan,0.04076560,0,0,0,0.14136797,0.01871317,0.27242169,0.28346741,0.08464410,1.49020135,0.88407964,-0.04626715,1.04626715,1.84537768
63300,0.36609352,0.36609352,48,0.99177025,0.35419004,nan,0.00000000,0,0,0,0.18792336,0.03506580,0.46914947,0.48116112,0.26495156,3.44669533,2.00186753,-0.12055147,1.12055147,-2.17973232
63400,0.31772351,0.31772351,24,0.90928205,0.21719200,nan,0.00000000,0,0,0,0.10054334,0.01257718,0.33788913,0.35517007,0.04411238,1.11997426,0.33316660,-0.07513680,1.07513680,-1.69025475
63500,0.65959096,0.65959096,94,0.99991728,0.65937273,nan,0.00000000,0,0,0,0.11207247,0.01141423,0.47196737,0.49565467,0.06928302,0.98879540,0.32480294,0.12174044,0.87825956,-0.99184275
63600,0.14671002,0.14671002,50,0.99326205,0.14279571,nan,0.00015199,0,0,0,0.13189502,0.01298122,0.10954948,0.11258775,0.05789897,1.67168725,0.31394032,0.03189588,0.96810412,-3.53097141
63700,0.69390279,0.69390279,52,0.99448344,0.67871719,nan,0.00000000,0,0,0,0.12417409,0.01889806,1.89793825,2.00621700,0.05719922,1.17778003,0.28029454,-0.07222308,1.07222308,4.56121039
63800,0.70645928,0.70645928,99,0.99994983,0.70631751,nan,0.00000000,0,0,0,0.09349201,0.00839036,0.32930183,0.33902034,0.16408736,1.06945837,0.19504611,0.17953709,0.82046291,-1.26050794
63900,1.10477126,1.10477126,29,0.94497678,0.88096147,nan,0.01879447,0,0,0,0.23704937,0.01799678,1.19772494,1.26330233,0.08291162,1.42341912,0.48765802,0.00191005,0.99808995,7.33286715
64000,0.84895200,0.84895200,143,0.99999938,0.84894990,nan,0.00000000,0,0,0,0.39134705,0.01453253,0.67794925,0.65335894,1.09598494,5.16608095,0.33090958,0.07853519,0.92146481,13.67905394
64100,1.02308595,1.02308595,7,0.50341470,0.06570761,nan,0.35761802,0,0,0,0.42885351,0.02983479,3.82848406,4.05159712,0.03555459,3.52736664,0.73805118,-0.09859560,1.09859560,15.90158113
64200,0.14959255,0.14959255,67,0.99876909,0.14885737,nan,0.22590396,0,0,0,0.26595086,0.01006155,0.22083166,0.23223482,0.02697795,1.77198660,0.22649588,-0.04902513,1.04902513,-0.24274182
64300,0.33541027,0.33541027,82,0.99972535,0.33504193,nan,0.06972171,0,0,0,0.09325216,0.01084797,0.12272739,0.12495376,0.08487927,0.85102260,0.20442009,-0.13612333,1.13612333,-5.62796609
64400,0.28681430,0.28681430,36,0.97267628,0.25672851,nan,0.00865797,0,0,0,0.18458493,0.00937611,0.26426327,0.27068952,0.15501674,1.34410810,0.24740601,0.00679505,0.99320495,-2.32103801
64500,0.32947603,0.32947603,99,0.99994983,0.32940991,nan,0.00000000,0,0,0,0.25810301,0.01147886,0.41320214,0.43462309,0.04904528,1.38538694,0.21701671,-0.02513828,1.02513828,-0.05256775
64600,0.80661923,0.80661923,25,0.91791500,0.57263573,nan,0.00000000,0,0,0,0.06113294,0.00729816,0.11854652,0.12538929,0.00221925,0.83419067,0.29532295,-0.16115916,1.16115916,-4.97987485
64700,0.67268258,0.67268258,161,0.99999990,0.67268231,nan,0.00000000,0,0,0,0.19936129,0.01197168,1.78085601,1.87024915,0.26117483,1.77524436,0.21243446,-0.08212519,1.08212519,5.19633039
64800,0.20159307,0.20159307,19,0.85043138,0.10544663,nan,0.00000000,0,0,0,0.08115938,0.00724077,0.61668038,0.65284461,0.00188794,0.88873112,0.19796497,0.06596677,0.93403323,-7.50861526
64900,0.74394447,0.74394447,34,0.96662673,0.64949486,nan,0.00000000,0,0,0,0.09549023,0.01734061,1.13813102,1.20284963,0.03791120,1.30691719,0.36499196,0.18825728,0.81174272,0.11337056
65000,0.68950057,0.68950057,147,0.99999959,0.68949943,nan,0.00000000,0,0,0,0.44198596,0.01612253,0.58973247,0.58999580,0.58525723,5.87207127,0.40636259,0.15861189,0.84138811,13.39359117
65100,0.40417391,0.40417391,124,0.99999588,0.40416725,nan,0.15709483,0,0,0,0.13549887,0.02939972,0.29465571,0.31134009,0.01102140,1.48099756,0.60667920,0.03790822,0.96209178,2.80399412
65200,0.18116024,0.18116024,23,0.89974116,0.11872256,nan,0.00000000,0,0,0,0.09201947,0.00972784,0.44071969,0.46597180,0.01143372,1.01116991,0.27124181,0.01459764,0.98540236,-5.65939522
65300,0.68605310,0.68605310,88,0.99984927,0.68563955,nan,0.00000000,0,0,0,0.09101432,0.01235931,0.83985698,0.88812447,0.01930892,1.19941986,0.36853778,0.07821897,0.92178103,2.46557850
65400,0.41210163,0.41210163,29,0.94497678,0.32861613,nan,0.00000000,0,0,0,0.09709476,0.01827023,0.33212024,0.35140488,0.00428172,1.02347791,0.55746466,-0.10006700,1.10006700,-0.35609746
65500,0.41113496,0.41113496,143,0.99999938,0.41113395,nan,0.00000000,0,0,0,0.12615868,0.01013906,0.39346129,0.41262996,0.06759370,1.34566259,0.28603521,-0.01551118,1.01551118,-1.70909882
65600,0.23282453,0.23282453,91,0.99988833,0.23272056,nan,0.00000000,0,0,0,0.08552436,0.01196943,0.15434414,0.16335300,0.00119340,0.86434799,0.21264969,-0.03910504,1.03910504,-6.13259904
65700,0.51926690,0.51926690,43,0.98643144,0.49165252,nan,0.00000000,0,0,0,0.23512857,0.00764377,0.19835648,0.20755044,0.04205915,1.28591037,0.21443754,-0.14138971,1.14138971,0.42632586
65800,0.19763726,0.19763726,81,0.99969646,0.19739741,nan,0.00000000,0,0,0,0.11355582,0.01201377,0.16639405,0.17578723,0.00670985,1.57626486,0.41821173,0.14685029,0.85314971,-2.81810901
65900,0.37818897,0.37818897,146,0.99999954,0.37818828,nan,0.00000000,0,0,0,0.16326450,0.01289251,0.52346754,0.55297118,0.02190526,1.54281640,0.40182674,-0.01684815,1.01684815,0.01472244
66000,0.36072329,0.36072329,193,1.00000000,0.36072328,nan,0.00000000,0,0,0,0.45992687,0.01880810,0.40027797,0.39520049,0.48659429,6.28497124,0.62268543,0.07450923,0.92549077,10.38727283
66100,0.52675921,0.52675921,14,0.75340304,0.16971554,nan,0.00000000,0,0,0,0.08644780,0.01640039,0.33018813,0.34772283,0.03209805,0.91301376,0.29923594,-0.18438643,1.18438643,-2.13721687
66200,0.30797261,0.30797261,104,0.99996957,0.30793512,nan,0.00000000,0,0,0,0.19603866,0.01463321,0.36032924,0.38137910,0.00248140,1.57356751,0.35158280,-0.10331343,1.10331343,-1.42818145
66300,0.68127716,0.68127716,44,0.98772266,0.64843119,nan,0.00000000,0,0,0,0.11793893,0.01147221,1.34105384,1.41993129,0.00013979,1.20482075,0.39297983,-0.14464250,1.14464250,2.80567241
66400,0.14372537,0.14372537,95,0.99992515,0.14368234,nan,0.00000000,0,0,0,0.08288722,0.01085721,0.12863681,0.13557288,0.01072370,1.14151239,0.35362086,0.02013639,0.97986361,-2.72721601
66500,0.65988636,0.65988636,80,0.99966454,0.65900134,nan,0.00000000,0,0,0,0.15504755,0.01519219,0.57681954,0.60474259,0.10212719,1.47740209,0.27781501,0.05321530,0.94678470,1.27808559
66600,0.33647934,0.33647934,48,0.99177025,0.32553876,nan,0.00000000,0,0,0,0.06641769,0.01182522,0.30748755,0.32466754,0.01542795,0.78583473,0.27722004,0.07307466,0.92692534,-6.93757113
66700,0.48216975,0.48216975,84,0.99977513,0.48173620,nan,0.00000000,0,0,0,0.16305318,0.01574772,0.39493045,0.41803908,0.00208307,0.97030789,0.27494621,0.03360317,0.96639683,1.26472449
66800,0.54477692,0.54477692,23,0.89974116,0.35701712,nan,0.00000000,0,0,0,0.18735732,0.01231532,0.43349478,0.45892063,0.00125540,1.28439820,0.49886623,-0.03171903,1.03171903,2.48337317
66900,0.06576499,0.06576499,155,0.99999981,0.06576494,nan,0.00000000,0,0,0,0.07935658,0.01056275,0.04418640,0.04671199,0.00125126,0.96115327,0.19285817,0.04570677,0.95429323,-8.21856689
67000,0.42241564,0.42241564,91,0.99988833,0.42222700,nan,0.01059678,0,0,0,0.41746959,0.02018720,1.40952814,1.48734081,0.08671036,5.82447433,0.64778614,-0.02432315,1.02432315,9.52079153
67100,0.09106159,0.09106159,159,0.99999988,0.09106155,nan,0.00000000,0,0,0,0.07899660,0.00697801,0.11960708,0.12662423,0.00031530,1.11277449,0.24091774,0.01143192,0.98856808,-7.69237502
67200,0.19430931,0.19430931,82,0.99972535,0.19409593,nan,0.00000000,0,0,0,0.08982595,0.01011944,0.70043266,0.74153352,0.00171812,1.25830805,0.18147832,0.01976155,0.98023845,-5.63509765
67300,0.69521403,0.69521403,127,0.99999695,0.69520555,nan,0.00000000,0,0,0,0.08813761,0.01005549,1.12855232,1.19167852,0.05540554,1.12682724,0.33653477,-0.16317804,1.16317804,-1.14586878
67400,0.33216318,0.33216318,64,0.99833844,0.32996105,nan,0.00000000,0,0,0,0.08524686,0.00936247,1.86778307,1.97715175,0.00851426,1.24865746,0.20480837,-0.06030116,1.06030116,-5.01484919
67500,0.72460473,0.72460473,181,0.99999999,0.72460469,nan,0.00000000,0,0,0,0.12859067,0.00915719,0.57181621,0.60423774,0.02065068,1.01554596,0.11696703,0.01109111,0.98890889,-0.64738520
67600,1.95985818,1.95985818,8,0.55067104,0.18021610,nan,0.00000000,0,0,0,0.08901267,0.01143188,0.58073485,0.59742069,0.29707536,1.06202364,0.29298961,-0.09741209,1.09741209,12.15951633
67700,0.39018455,0.39018455,74,0.99938875,0.38923142,nan,0.00000000,0,0,0,0.22187908,0.01062909,0.49488747,0.52358449,0.00703821,1.12673473,0.21912417,0.08978731,0.91021269,-2.64300617
67800,0.61597240,0.61597240,108,0.99997960,0.61592214,nan,0.00000000,0,0,0,0.06971951,0.00895631,0.33562386,0.35345921,0.03242286,0.96433091,0.32839358,0.15722843,0.84277157,-3.11413369
67900,0.31040367,0.31040367,95,0.99992515,0.31031075,nan,0.00000000,0,0,0,0.13173218,0.00822966,0.19070673,0.20135343,0.00971290,1.25287271,0.13571364,0.02739337,0.97260663,-2.94813102
68000,0.11827806,0.11827806,85,0.99979653,0.11818183,nan,0.00000000,0,0,0,0.42300093,0.01536339,0.34404969,0.36153370,0.04682129,5.45919228,0.52254844,0.16936384,0.83063616,7.04032528
68100,0.61810058,0.61810058,63,0.99816370,0.61357299,nan,0.04502602,0,0,0,0.07120192,0.01163049,0.19593829,0.20738606,0.00132613,1.09559846,0.43880239,0.00373044,0.99626956,-0.89502442
68200,0.42222515,0.42222515,92,0.99989896,0.42205453,nan,0.00000000,0,0,0,0.07088052,0.01877275,0.47232738,0.49954891,0.00956172,0.90555120,0.33093655,0.05602387,0.94397613,-0.83652113
68300,0.64561504,0.64561504,36,0.97267628,0.57789234,nan,0.00000000,0,0,0,0.23666495,0.01360985,1.10925567,1.16882932,0.09650381,2.11612415,0.29662547,0.13561631,0.86438369,4.12810802
68400,0.23565276,0.23565276,38,0.97762923,0.21526293,nan,0.00000000,0,0,0,0.24085958,0.01674565,0.32471988,0.34372121,0.00169726,2.03365993,0.42254692,-0.02664239,1.02664239,1.36321807
68500,0.25034273,0.25034273,80,0.99966454,0.25000697,nan,0.00000000,0,0,0,0.09106465,0.01495822,0.14096291,0.14880060,0.00772257,1.10188639,0.36348787,-0.07090838,1.07090838,-4.14244127
68600,1.24877906,1.24877906,49,0.99255342,1.21199593,nan,0.00000000,0,0,0,0.23843686,0.01683762,1.27324939,1.34773338,0.00702281,1.53775847,0.31906402,0.04881595,0.95118405,10.58866334
68700,0.21075779,0.21075779,45,0.98889100,0.20154747,nan,0.00000000,0,0,0,0.05776801,0.00627790,0.14019431,0.14802681,0.00704175,0.84958774,0.22423536,0.14153449,0.85846551,-7.82312608
68800,0.34670573,0.34670573,61,0.99775713,0.34360572,nan,0.00000000,0,0,0,0.07022674,0.01260185,0.14723156,0.15553248,0.00611602,0.91310143,0.23070233,-0.10206743,1.10206743,-5.30453587
68900,1.53646946,1.53646946,49,0.99255342,1.49121233,nan,0.00000000,0,0,0,0.10460044,0.01228774,0.56641328,0.59890598,0.01403871,1.15494370,0.43558618,-0.06247560,1.06247560,8.48485918
69000,0.37319544,0.37319544,208,1.00000000,0.37319544,nan,0.00000000,0,0,0,0.37656790,0.00901788,1.55284059,1.64267170,0.02571133,5.01751804,0.28047842,-0.12081141,1.12081141,8.88291287
69100,0.73969275,0.73969275,57,0.99665403,0.72984238,nan,0.00000000,0,0,0,0.12346739,0.00838901,0.33095467,0.35033387,0.00150797,0.92673278,0.22930953,0.09836356,0.90163644,-1.27824742
69200,0.51841992,0.51841992,129,0.99999750,0.51841474,nan,0.00000000,0,0,0,0.07059085,0.01106242,0.18463197,0.19456850,0.01571116,1.02653933,0.33146238,0.07514233,0.92485767,-2.38319512
69300,0.16124706,0.16124706,89,0.99986361,0.16115911,nan,0.00000000,0,0,0,0.05640750,0.00968319,0.07282427,0.07683584,0.00462748,0.77414918,0.24957010,0.06653121,0.93346879,-8.20359433
69400,0.60868919,0.60868919,51,0.99390325,0.59398029,nan,0.00000000,0,0,0,0.16760042,0.01413102,1.54628623,1.63603282,0.02059477,1.46376860,0.34660780,-0.01063591,1.01063591,0.90011156
69500,2.43160009,2.43160009,13,0.72746821,0.68100174,nan,0.00000000,0,0,0,0.05956446,0.00959514,2.94365025,3.11635661,0.00764101,0.56831783,0.21002218,-0.11998887,1.11998887,25.55513215
69600,0.30260667,0.30260667,22,0.88919684,0.18917779,nan,0.00000000,0,0,0,0.06829049,0.01504274,0.20611902,0.21640944,0.03118191,1.27279174,0.63480449,0.12794812,0.87205188,-5.83594275
69700,0.35094804,0.35094804,59,0.99726056,0.34711820,nan,0.00000000,0,0,0,0.05801990,0.00950229,0.12616737,0.13341671,0.00292880,0.75847965,0.22643214,0.01810211,0.98189789,-8.38161786
69800,0.23050448,0.23050448,105,0.99997246,0.23047909,nan,0.00000000,0,0,0,0.06058256,0.00957339,0.09008139,0.09333142,0.03483089,0.77431977,0.15773354,-0.04470733,1.04470733,-8.28499158
69900,0.35768467,0.35768467,122,0.99999497,0.35767747,nan,0.00000000,0,0,0,0.06273995,0.01845423,0.12729539,0.13445613,0.00556279,1.00448251,0.41939241,-0.03529129,1.03529129,-3.18133736
70000,0.05453388,0.05453388,80,0.99966454,0.05446074,nan,0.00000000,0,0,0,0.43656978,0.01600848,0.24848022,0.26301274,0.00142732,5.42246628,0.35279402,0.10398251,0.89601749,6.54993916
70100,0.24212882,0.24212882,196,1.00000000,0.24212882,nan,0.02325779,0,0,0,0.09171852,0.00787062,0.14792854,0.15642895,0.00342131,1.12418187,0.17729266,0.11002589,0.88997411,-5.36788578
70200,0.53076482,0.53076482,60,0.99752125,0.52552181,nan,0.00000000,0,0,0,0.25343129,0.00856281,1.11047590,1.17312348,0.04546405,1.50022924,0.23669736,0.09313379,0.90686621,0.88910178
70300,0.22869094,0.22869094,136,0.99999876,0.22868980,nan,0.00000000,0,0,0,0.07857566,0.01158439,0.10107830,0.10601633,0.01713188,1.05141747,0.13498978,0.12795292,0.87204708,-5.44956207
70400,0.86481357,0.86481357,117,0.99999171,0.86478488,nan,0.00000000,0,0,0,0.05217353,0.00948867,0.26984930,0.28400177,0.02925698,0.72287506,0.31458998,0.21849915,0.78150085,-2.15998284
70500,0.18220088,0.18220088,90,0.99987659,0.18211095,nan,0.00000000,0,0,0,0.21074288,0.01227790,0.15924339,0.16860574,0.00008324,1.34387016,0.22489683,-0.16096364,1.16096364,-2.68539357
70600,0.19189587,0.19189587,237,1.00000000,0.19189587,nan,0.00000000,0,0,0,0.06751877,0.01182640,0.11766219,0.12452295,0.00102931,0.86386329,0.25115791,0.01755173,0.98244827,-6.40240558
70700,0.60728610,0.60728610,67,0.99876909,0.60430155,nan,0.00000000,0,0,0,0.07067842,0.01069153,0.32528007,0.34369192,0.01227913,0.72551733,0.30429637,0.08095841,0.91904159,-5.10374419
70800,0.50033355,0.50033355,34,0.96662673,0.43681227,nan,0.04007716,0,0,0,0.05918107,0.00847197,0.36216080,0.38309863,0.00621782,0.71718925,0.19094083,-0.09148868,1.09148868,-5.08466474
70900,0.25987351,0.25987351,6,0.45118836,0.01076945,nan,0.00000000,0,0,0,0.06751738,0.01369716,0.19058906,0.20127793,0.00887836,1.00598037,0.33944324,0.11212478,0.88787522,-6.06038851
71000,0.64825928,0.64825928,143,0.99999938,0.64825768,nan,0.00000000,0,0,0,0.39572233,0.00901325,1.32701731,1.38414931,0.35577247,5.09760475,0.31876534,-0.01796304,1.01796304,11.46926188
71100,0.26774064,0.26774064,158,0.99999986,0.26774049,nan,0.00000000,0,0,0,0.08656824,0.01177016,0.21697372,0.22775133,0.03375437,0.96933818,0.15074328,0.01689443,0.98310557,-5.31279516
71200,3.03983760,3.03983760,5,0.39346934,0.07286081,nan,0.00000000,0,0,0,0.12470806,0.01795701,1.12423205,1.18254185,0.13296737,1.33063972,0.35918888,-0.07482115,1.07482115,24.68267504
71300,0.40856680,0.40856680,65,0.99849656,0.40611532,nan,0.00000000,0,0,0,0.09973845,0.00867800,0.32201037,0.33989793,0.01792182,1.33190894,0.32308611,0.10513523,0.89486477,-1.43041003
71400,0.26882121,0.26882121,118,0.99999250,0.26881314,nan,0.00000000,0,0,0,0.05700157,0.00950106,0.16210143,0.17128351,0.00600598,0.82141739,0.25848711,-0.03010009,1.03010009,-6.92305317
71500,0.66335511,0.66335511,22,0.88919684,0.41470352,nan,0.00000000,0,0,0,0.24505912,0.01350559,1.29477370,1.37070823,0.00388589,1.46421182,0.31259581,-0.00817297,1.00817297,1.74054301
71600,0.34626728,0.34626728,141,0.99999925,0.34626624,nan,0.00000000,0,0,0,0.06234621,0.01238499,0.16189815,0.17109679,0.00552145,0.72259969,0.26010191,0.12492391,0.87507609,-6.65970159
71700,0.37264189,0.37264189,100,0.99995460,0.37257422,nan,0.00000000,0,0,0,0.08611926,0.00913564,0.72793281,0.76926851,0.02522785,1.33954370,0.31604576,0.03478760,0.96521240,-2.98765540
71800,0.39917028,0.39917028,129,0.99999750,0.39916629,nan,0.00000000,0,0,0,0.18598300,0.00682065,0.18152910,0.18773322,0.07605919,1.09090567,0.16085711,-0.11741413,1.11741413,-2.02226937
71900,0.09797218,0.09797218,171,0.99999996,0.09797217,nan,0.00000000,0,0,0,0.05682339,0.01102282,0.06918214,0.07271963,0.00904481,0.72198611,0.25044379,-0.04054819,1.04054819,-9.38933840
72000,0.18503667,0.18503667,102,0.99996283,0.18500916,nan,0.00000000,0,0,0,0.34849072,0.01949766,0.70597720,0.74715275,0.00599367,3.44739437,0.51422042,-0.05434325,1.05434325,5.30040336
72100,0.27270553,0.27270553,164,0.99999992,0.27270544,nan,0.00000000,0,0,0,0.10966833,0.00737717,0.10558543,0.11154845,0.00421410,1.27115273,0.21187517,0.19500802,0.80499198,-5.07673931
72200,0.65251893,0.65251893,183,0.99999999,0.65251890,nan,0.00000000,0,0,0,0.13745765,0.00791305,0.54991317,0.58079505,0.02492048,1.36214089,0.24463034,0.11953710,0.88046290,0.94534924
72300,0.30620882,0.30620882,174,0.99999997,0.30620879,nan,0.00000000,0,0,0,0.16612130,0.00957419,0.50912976,0.53809875,0.01665812,0.98093861,0.21435229,-0.01477947,1.01477947,-3.33565847
72400,0.48709658,0.48709658,69,0.99899221,0.48513599,nan,0.00000000,0,0,0,0.04465359,0.01130018,0.05720257,0.06051630,0.00086923,0.73201615,0.32298675,-0.02430412,1.02430412,-5.44617200
72500,0.79620218,0.79620218,142,0.99999932,0.79620001,nan,0.00252009,0,0,0,0.11219985,0.01260092,0.43767488,0.45579842,0.12957430,0.85984296,0.30593717,0.09158688,0.90841312,6.45927644
72600,0.22928794,0.22928794,97,0.99993872,0.22923174,nan,0.00000000,0,0,0,0.19881687,0.01321391,0.34578803,0.36603811,0.00153581,1.15944564,0.22827840,-0.16463154,1.16463154,-2.59688155
72700,0.34661645,0.34661645,90,0.99987659,0.34644538,nan,0.00000000,0,0,0,0.12350416,0.00894359,0.13573223,0.14031009,0.05790871,1.07029235,0.20430891,0.18610654,0.81389346,-3.91691804
72800,0.13403885,0.13403885,114,0.99998880,0.13403285,nan,0.00000000,0,0,0,0.11803254,0.01317344,0.19063984,0.20106801,0.01336088,1.82810080,0.41013134,-0.10196869,1.10196869,-3.41151924
72900,1.76989257,1.76989257,233,1.00000000,1.76989257,nan,0.00000000,0,0,0,0.07356573,0.01543760,0.58707875,0.61830229,0.05627759,0.93012238,0.39949629,0.08043038,0.91956962,16.34066629
73000,0.51245570,0.51245570,51,0.99390325,0.50007228,nan,0.00106794,0,0,0,0.37279692,0.01646190,0.92113042,0.97329378,0.03435261,4.02840662,0.60112786,0.02917846,0.97082154,8.97936789
73100,0.13428386,0.13428386,96,0.99993227,0.13424748,nan,0.00000000,0,0,0,0.08252325,0.00852579,0.05298009,0.05599049,0.00180338,0.96582603,0.24847692,-0.04508141,1.04508141,-9.07347202
73200,0.79338253,0.79338253,116,0.99999083,0.79335344,nan,0.00000000,0,0,0,0.09731611,0.01069111,0.54208547,0.57383037,0.00242181,0.92504978,0.14968786,-0.19958382,1.19958382,0.93266173
73300,0.98703301,0.98703301,108,0.99997960,0.98695247,nan,0.00000000,0,0,0,0.11597434,0.01179566,0.94551659,1.00042593,0.01206085,1.39591944,0.28963128,0.16860189,0.83139811,4.10836434
73400,0.68168950,0.68168950,43,0.98643144,0.64543755,nan,0.00000000,0,0,0,0.06564959,0.01197741,0.55557609,0.58656681,0.02873494,1.06437993,0.32973278,-0.10020766,1.10020766,-4.00704861
73500,0.45395872,0.45395872,260,1.00000000,0.45395872,nan,0.00000000,0,0,0,0.09209880,0.00919153,0.19921871,0.21087369,0.00108411,1.33835804,0.38853776,0.12318098,0.87681902,-2.98079260
73600,0.17189671,0.17189671,121,0.99999444,0.17189289,nan,0.00000000,0,0,0,0.05990914,0.00838204,0.09335682,0.09884700,0.00002367,0.90175861,0.26584607,0.03769131,0.96230869,-6.42402303
73700,0.23045145,0.23045145,116,0.99999083,0.23044300,nan,0.05562546,0,0,0,0.08483905,0.02089138,0.36350563,0.38488826,0.00000114,1.28171837,0.66766590,0.02576080,0.97423920,-3.53993356
73800,1.16744745,1.16744745,38,0.97762923,1.06643416,nan,0.00000000,0,0,0,0.12294511,0.00984711,1.14220333,1.20253813,0.11651247,1.11209464,0.35149223,0.16876275,0.83123725,6.85707504
73900,0.22704904,0.22704904,30,0.95021293,0.18509872,nan,0.00000000,0,0,0,0.08894131,0.01113657,0.15140170,0.16019732,0.00187616,1.19658041,0.36158684,-0.04506645,1.04506645,-4.55302954
74000,0.08769733,0.08769733,124,0.99999588,0.08769588,nan,0.00000000,0,0,0,0.43327892,0.01865832,0.31859648,0.33695850,0.00644223,4.50267553,0.62146938,0.00120883,0.99879117,6.35204697
74100,0.60745096,0.60745096,83,0.99975148,0.60684734,nan,0.00000000,0,0,0,0.19454452,0.00832276,0.28038049,0.29566011,0.02062710,1.00072145,0.12570895,-0.18741528,1.18741528,-0.57240617
74200,0.21570285,0.21570285,94,0.99991728,0.21563148,nan,0.00000000,0,0,0,0.09239611,0.00822218,0.33577892,0.35545877,0.00122221,1.20071280,0.14967245,0.13138442,0.86861558,-5.65165937
74300,0.37627655,0.37627655,119,0.99999321,0.37626633,nan,0.00000000,0,0,0,0.07031629,0.01030505,0.17619838,0.18477041,0.03047409,0.84691131,0.21796648,0.11961835,0.88038165,-1.98442006
74400,1.22922838,1.22922838,48,0.99177025,1.18926021,nan,0.00000000,0,0,0,0.07317340,0.00966162,0.15283750,0.16035993,0.02495614,0.75677627,0.19569798,-0.25814058,1.25814058,3.37064584
74500,0.13749030,0.13749030,16,0.79810348,0.05578390,nan,0.00000000,0,0,0,0.09469101,0.01296516,0.07951406,0.08327773,0.01553165,1.27376664,0.27631897,0.00987943,0.99012057,-5.41339710
74600,0.06793712,0.06793712,356,1.00000000,0.06793712,nan,0.00000000,0,0,0,0.06659567,0.00856722,0.06988259,0.07391258,0.00137261,0.91381526,0.25133276,0.04408810,0.95591190,-7.09208465
74700,0.34001446,0.34001446,115,0.99998987,0.34000068,nan,0.00000000,0,0,0,0.05416887,0.00891141,0.20992345,0.22218812,0.00142450,0.59775394,0.25384456,0.07925962,0.92074038,-8.11985445
74800,0.35385439,0.35385439,143,0.99999938,0.35385352,nan,0.00000000,0,0,0,0.14770192,0.01521169,0.08335593,0.08815602,0.00175448,0.95567107,0.29921368,0.05602069,0.94397931,-3.31849437
74900,0.49693215,0.49693215,83,0.99975148,0.49643835,nan,0.00000000,0,0,0,0.18449494,0.01231147,0.99476367,1.05326951,0.00016324,1.82999611,0.29442888,0.03286250,0.96713750,1.25646508
75000,0.09481164,0.09481164,126,0.99999663,0.09481036,nan,0.00000000,0,0,0,0.39153209,0.02038703,0.29381385,0.31105918,0.00064444,3.88303328,0.60617042,0.06567148,0.93432852,4.48467255
75100,0.06731170,0.06731170,212,1.00000000,0.06731170,nan,0.00000000,0,0,0,0.07011460,0.01046848,0.04769714,0.05048784,0.00025520,0.79254371,0.21543762,-0.00311430,1.00311430,-7.93652618
75200,0.43874729,0.43874729,67,0.99876909,0.43659104,nan,0.00000000,0,0,0,0.06598912,0.00672049,0.92410839,0.97844553,0.00037785,0.96180505,0.17680123,-0.05688218,1.05688218,-6.27776718
75300,0.67754167,0.67754167,114,0.99998880,0.67751133,nan,0.00000000,0,0,0,0.05704744,0.01280251,0.14612140,0.15464382,0.00124043,0.79792917,0.28570688,-0.08749921,1.08749921,-4.18623310
75400,0.43920785,0.43920785,92,0.99989896,0.43903037,nan,0.00000000,0,0,0,0.09746215,0.01210464,0.79424512,0.83676022,0.07148888,1.04212952,0.18740852,-0.07047563,1.07047563,-3.61338162
75500,0.12980707,0.12980707,162,0.99999991,0.12980702,nan,0.00000000,0,0,0,0.07768328,0.01318049,0.08924624,0.09134365,0.05359033,0.89032894,0.20103094,0.00411240,0.99588760,-6.91709423
75600,0.34466532,0.34466532,297,1.00000000,0.34466532,nan,0.00000000,0,0,0,0.09358980,0.00677227,0.23571746,0.24761088,0.03352918,1.09169221,0.16646563,-0.10376704,1.10376704,-4.63418500
75700,0.36989218,0.36989218,84,0.99977513,0.36955959,nan,0.00000000,0,0,0,0.06999835,0.00886208,0.14467692,0.15195298,0.02098406,0.83505636,0.21312898,-0.01149471,1.01149471,-5.57122374
75800,0.22159521,0.22159521,74,0.99938875,0.22105391,nan,0.00000000,0,0,0,0.19568631,0.00986135,0.07855986,0.08279631,0.00654039,1.02092719,0.24523783,-0.07409278,1.07409278,-4.59381714
75900,0.22170831,0.22170831,196,1.00000000,0.22170831,nan,0.00384928,0,0,0,0.08136165,0.00890916,0.12292661,0.12984747,0.00527197,0.80864018,0.24244595,-0.05306890,1.05306890,-7.19741545
76000,0.17153963,0.17153963,130,0.99999774,0.17153808,nan,0.00000000,0,0,0,0.36423120,0.01792593,0.40994704,0.43163687,0.04121944,3.86750698,0.55595028,0.03341166,0.96658834,5.65387710
76100,0.89299899,0.89299899,36,0.97267628,0.79932660,nan,0.00000000,0,0,0,0.14094529,0.01481377,1.05207407,1.11364269,0.00540920,1.13290870,0.31244528,-0.03386990,1.03386990,4.62356353
76200,0.35691497,0.35691497,112,0.99998633,0.35689545,nan,0.00000000,0,0,0,0.13583304,0.01156076,0.12234677,0.12613042,0.05802490,1.10666895,0.28770334,0.03689980,0.96310020,-2.29413015
76300,0.64710528,0.64710528,90,0.99987659,0.64678590,nan,0.00000000,0,0,0,0.11748330,0.01006602,1.42693949,1.51049936,0.00642188,1.36081648,0.19740762,-0.03664229,1.03664229,0.24308767
76400,0.17521253,0.17521253,339,1.00000000,0.17521253,nan,0.00000000,0,0,0,0.06365786,0.00664479,0.06575504,0.06962156,0.00002399,0.71778309,0.18868573,0.21855967,0.78144033,-10.19145139
76500,0.90004337,0.90004337,166,0.99999994,0.90004315,nan,0.00000000,0,0,0,0.05264129,0.00704315,0.26753101,0.28326812,0.00000000,0.63163418,0.18160611,-0.06885891,1.06885891,-3.43858862
76600,0.47386000,0.47386000,139,0.99999908,0.47385825,nan,0.00000000,0,0,0,0.16267210,0.00904866,0.26924849,0.28365582,0.02432352,1.23340166,0.31864673,0.26157450,0.73842550,-0.62928329
76700,0.43069682,0.43069682,155,0.99999981,0.43069650,nan,0.00000000,0,0,0,0.17403817,0.00995461,0.18058947,0.18823874,0.05055167,0.88703048,0.22250383,0.15937887,0.84062113,-0.79420753
76800,0.63323700,0.63323700,108,0.99997960,0.63318533,nan,0.00000000,0,0,0,0.25703949,0.00970333,0.77371860,0.81680554,0.04124049,1.45227575,0.16158061,-0.06107185,1.06107185,0.94611979
76900,0.35349804,0.35349804,254,1.00000000,0.35349804,nan,0.00000000,0,0,0,0.06477303,0.00556843,0.17788136,0.18829788,0.00080023,0.73568207,0.10682899,-0.10847200,1.10847200,-8.12798762
77000,0.79846168,0.79846168,143,0.99999938,0.79845971,nan,0.00000000,0,0,0,0.35553405,0.01561265,2.98230743,3.15770054,0.00062816,3.34483433,0.27881950,0.00151492,0.99848508,11.16689992
77100,0.51201695,0.51201695,269,1.00000000,0.51201695,nan,0.00000000,0,0,0,0.07677633,0.00826331,0.14852452,0.15654911,0.01210648,0.78245103,0.24064228,-0.01958511,1.01958511,-5.16944432
77200,0.13052279,0.13052279,309,1.00000000,0.13052279,nan,0.00000000,0,0,0,0.06766128,0.00737886,0.08239027,0.08723028,0.00011002,0.65663582,0.12451933,0.01795706,0.98204294,-9.32805284
77300,0.33687428,0.33687428,330,1.00000000,0.33687428,nan,0.00000000,0,0,0,0.10334197,0.01226148,0.27059975,0.28648910,0.00048101,1.10260332,0.28503311,-0.03404811,1.03404811,-2.32235428
77400,0.18266204,0.18266204,70,0.99908812,0.18199669,nan,0.00000000,0,0,0,0.07801739,0.00795885,0.06969473,0.07374352,0.00086509,0.71911436,0.13420631,-0.10514631,1.10514631,-8.47944677
77500,0.24927004,0.24927004,234,1.00000000,0.24927004,nan,0.00000000,0,0,0,0.09498122,0.01069822,0.22469062,0.23677775,0.01920912,1.23782456,0.32386690,0.00712443,0.99287557,-5.40298200
77600,0.26932517,0.26932517,138,0.99999898,0.26932407,nan,0.00000000,0,0,0,0.07437243,0.01310916,0.10471880,0.11077691,0.00173103,0.96065551,0.29952395,-0.02794405,1.02794405,-4.47894859
77700,1.42018855,1.42018855,82,0.99972535,1.41862895,nan,0.00000000,0,0,0,0.16320854,0.01186987,0.45732573,0.47681063,0.12608236,1.02107191,0.21431434,0.17728070,0.82271930,9.39711332
77800,0.48609671,0.48609671,82,0.99972535,0.48556290,nan,0.00000000,0,0,0,0.22997196,0.01903933,0.35462740,0.37220904,0.05573956,1.63487172,0.48175970,0.04429657,0.95570343,2.52829000
77900,0.88465440,0.88465440,208,1.00000000,0.88465440,nan,0.00000000,0,0,0,0.10884799,0.01466145,0.89105499,0.94321287,0.00437181,0.95684445,0.27914083,0.09780634,0.90219366,3.36388484
78000,0.15429875,0.15429875,53,0.99500841,0.15124096,nan,0.00000000,0,0,0,0.40717924,0.01977781,0.36846748,0.38616288,0.06764595,3.58929610,0.54742652,-0.01578565,1.01578565,5.66264232
78100,0.27479768,0.27479768,122,0.99999497,0.27479215,nan,0.00000000,0,0,0,0.06510129,0.00631817,0.09841993,0.10411168,0.00166023,0.70038664,0.12463173,0.01705487,0.98294513,-7.64311250
78200,0.11970273,0.11970273,267,1.00000000,0.11970273,nan,0.00000000,0,0,0,0.06079282,0.00867009,0.13111199,0.13882393,0.00000885,0.76883501,0.23166572,-0.03987002,1.03987002,-9.81612778
78300,0.20082372,0.20082372,179,0.99999998,0.20082371,nan,0.00000000,0,0,0,0.08618046,0.00817343,0.26697737,0.28239977,0.00479651,0.94632316,0.16256472,0.11388016,0.88611984,-6.77233684
78400,0.68921226,0.68921226,263,1.00000000,0.68921226,nan,0.00000000,0,0,0,0.06619597,0.00790977,0.22816658,0.24141566,0.00293210,0.65093315,0.17583410,0.17007646,0.82992354,-4.86490566
78500,0.40860674,0.40860674,70,0.99908812,0.40711837,nan,0.07556994,0,0,0,0.18678096,0.01185395,0.45629495,0.48303300,0.00174770,1.23276520,0.23234174,0.05745500,0.94254500,-2.68492794
78600,0.60693318,0.60693318,185,0.99999999,0.60693315,nan,0.00000000,0,0,0,0.07591823,0.01061375,0.39174893,0.41304567,0.02970433,0.81208515,0.18329361,0.26783745,0.73216255,-2.84844694
78700,0.31593779,0.31593779,109,0.99998154,0.31591446,nan,0.00000000,0,0,0,0.06617795,0.01278862,0.06981125,0.07334848,0.00967822,0.77765685,0.22983085,0.07009964,0.92990036,-7.94837832
78800,0.30793294,0.30793294,188,0.99999999,0.30793293,nan,0.00000000,0,0,0,0.11098805,0.00710105,0.34175119,0.36139801,0.00775509,1.09434938,0.14321940,-0.16339989,1.16339989,-4.64815690
78900,0.31577268,0.31577268,344,1.00000000,0.31577268,nan,0.00000000,0,0,0,0.06514171,0.00773713,0.20547728,0.21756302,0.00001975,0.83047748,0.21330847,0.10523300,0.89476700,-8.33780495
79000,0.11518734,0.11518734,184,0.99999999,0.11518733,nan,0.00000000,0,0,0,0.36422431,0.02194513,0.28074923,0.29721507,0.00083016,3.39353132,0.32803762,-0.06633964,1.06633964,4.63990132
79100,0.24063151,0.24063151,293,1.00000000,0.24063151,nan,0.00000000,0,0,0,0.06047051,0.00752325,0.02636231,0.02783471,0.00133140,0.69232041,0.17557144,0.19853067,0.80146933,-8.61266685
79200,0.53036058,0.53036058,151,0.99999972,0.53035999,nan,0.00000000,0,0,0,0.05583548,0.01400177,0.22074270,0.23357111,0.00265973,0.55973798,0.21831250,0.05311766,0.94688234,-4.62945847
79300,0.67864889,0.67864889,80,0.99966454,0.67773870,nan,0.00000000,0,0,0,0.08956446,0.01644357,0.54039222,0.57208312,0.00164668,0.95042092,0.43729693,-0.00162845,1.00162845,-1.75806147
79400,0.21788388,0.21788388,285,1.00000000,0.21788388,nan,0.00000000,0,0,0,0.04435079,0.00552138,0.07264733,0.07691765,0.00005192,0.61637127,0.19650380,0.17782296,0.82217704,-12.50567222
79500,0.23451389,0.23451389,334,1.00000000,0.23451389,nan,0.00000000,0,0,0,0.06091640,0.01007242,0.14602226,0.15385726,0.01282719,0.75238711,0.14779909,0.17732952,0.82267048,-7.64847898
79600,0.24006751,0.24006751,195,1.00000000,0.24006751,nan,0.00000000,0,0,0,0.05397796,0.00932850,0.06551413,0.06915391,0.00363792,0.62253785,0.15762785,0.01707536,0.98292464,-9.10881233
79700,0.19816844,0.19816844,250,1.00000000,0.19816844,nan,0.00000000,0,0,0,0.04463737,0.00691266,0.06087258,0.06430998,0.00243684,0.57772934,0.15901572,-0.01677598,1.01677598,-11.70959568
79800,0.66374600,0.66374600,253,1.00000000,0.66374600,nan,0.00000000,0,0,0,0.07534622,0.00798860,0.10395774,0.10890748,0.01981225,0.76690757,0.17077769,-0.11666660,1.11666660,-3.58760300
79900,0.31004041,0.31004041,86,0.99981589,0.30981216,nan,0.00000000,0,0,0,0.12470010,0.01031175,0.16287999,0.17092828,0.02605901,0.94351810,0.24825266,0.20232057,0.79767943,-5.14618270
80000,0.21280633,0.21280633,161,0.99999990,0.21280624,nan,0.00000000,0,0,0,0.30484688,0.01510005,0.49367034,0.51682901,0.09997416,2.71972561,0.23043306,-0.07755769,1.07755769,3.29785776
80100,0.17980775,0.17980775,310,1.00000000,0.17980775,nan,0.01683027,0,0,0,0.06394817,0.01102333,0.13510779,0.14223789,0.01389618,0.91014361,0.20503505,0.05659332,0.94340668,-8.40160739
80200,0.41275197,0.41275197,180,0.99999998,0.41275195,nan,0.00000000,0,0,0,0.04125765,0.00766023,0.05282371,0.05561179,0.00542640,0.55740458,0.13731724,0.13391961,0.86608039,-9.72390785
80300,0.13354754,0.13354754,339,1.00000000,0.13354754,nan,0.00000000,0,0,0,0.05018018,0.01052840,0.10307761,0.10913736,0.00006189,0.73212314,0.21244910,0.10426980,0.89573020,-9.68524778
80400,0.76986670,0.76986670,100,0.99995460,0.76972691,nan,0.00000000,0,0,0,0.08440039,0.01029975,1.37807214,1.45875168,0.00652098,1.08220494,0.25325194,0.08431415,0.91568585,-0.09187770
80500,0.41762394,0.41762394,39,0.97975809,0.38482282,nan,0.00000000,0,0,0,0.11694998,0.01483809,0.11543650,0.12056799,0.02820114,0.90485549,0.21120334,-0.15167054,1.15167054,-2.44217567
80600,0.52655602,0.52655602,227,1.00000000,0.52655601,nan,0.00000000,0,0,0,0.03812800,0.00682487,0.24101210,0.25482386,0.00621199,0.48621124,0.22100782,0.09619633,0.90380367,-8.05060609
80700,0.09187011,0.09187011,228,1.00000000,0.09187011,nan,0.00000000,0,0,0,0.12035403,0.00988503,0.07338219,0.07769780,0.00001690,1.30162048,0.31773803,-0.01680057,1.01680057,-5.60380745
80800,0.23594438,0.23594438,149,0.99999966,0.23594406,nan,0.00000000,0,0,0,0.06323969,0.00850774,0.10056230,0.10647421,0.00006011,0.83063507,0.23198727,0.17701983,0.82298017,-9.25246203
80900,0.12260962,0.12260962,409,1.00000000,0.12260962,nan,0.00000000,0,0,0,0.04379165,0.00839288,0.12577306,0.13316655,0.00008360,0.56151164,0.14700486,0.09513762,0.90486238,-11.91325029
81000,0.36085132,0.36085132,134,0.99999848,0.36084913,nan,0.00000000,0,0,0,0.30879724,0.01197095,0.78360182,0.82947171,0.00381414,3.04200625,0.16426894,0.00545495,0.99454505,5.98690987
81100,0.44472727,0.44472727,119,0.99999321,0.44471519,nan,0.08856831,0,0,0,0.20276658,0.01017704,0.67197430,0.71147567,0.00045121,1.14794731,0.22299729,-0.04917103,1.04917103,-0.51710722
81200,0.43258795,0.43258795,321,1.00000000,0.43258795,nan,0.00000000,0,0,0,0.04567010,0.01042025,0.25261611,0.26732421,0.00257808,0.68795609,0.19967598,-0.00257924,1.00257924,-6.27636965
81300,0.18473570,0.18473570,350,1.00000000,0.18473570,nan,0.00000000,0,0,0,0.05180527,0.00687198,0.09413995,0.09949519,0.00310089,0.62728131,0.13175303,-0.06512850,1.06512850,-11.05323792
81400,0.56903899,0.56903899,49,0.99255342,0.55227779,nan,0.00000000,0,0,0,0.08419192,0.00993565,0.22906882,0.24001296,0.04301786,1.01978552,0.19299346,0.19419111,0.80580889,-2.06149336
81500,0.31548947,0.31548947,92,0.99989896,0.31536198,nan,0.00000000,0,0,0,0.12930316,0.01098118,0.40837422,0.43176696,0.01069788,0.99553692,0.24859041,0.06841636,0.93158364,-4.46437496
81600,0.13982904,0.13982904,246,1.00000000,0.13982904,nan,0.00000000,0,0,0,0.04139939,0.00881907,0.06899264,0.07281141,0.00407354,0.56165802,0.27615234,-0.00330416,1.00330416,-12.05955744
81700,0.17044717,0.17044717,361,1.00000000,0.17044717,nan,0.00000000,0,0,0,0.08028057,0.00865316,0.13186973,0.13961405,0.00021643,1.04046333,0.17729205,0.05571036,0.94428964,-7.51397038
81800,0.48900202,0.48900202,132,0.99999815,0.48899840,nan,0.00000000,0,0,0,0.12399366,0.00926143,0.16417982,0.16661569,0.12276983,0.98325962,0.27295321,0.07153528,0.92846472,-1.56022257
81900,0.26422623,0.26422623,436,1.00000000,0.26422623,nan,0.00000000,0,0,0,0.05097044,0.00640757,0.07643311,0.08089363,0.00060426,0.62851578,0.09837707,0.15563512,0.84436488,-9.82588768
82000,0.06908229,0.06908229,176,0.99999998,0.06908228,nan,0.00000000,0,0,0,0.36912459,0.01956352,0.14890504,0.15757303,0.00154920,3.11468410,0.28567499,-0.06915737,1.06915737,3.26612473
82100,1.44768202,1.44768202,68,0.99888622,1.44124322,nan,0.00000000,0,0,0,0.05142190,0.00944987,0.44137907,0.46635687,0.01675676,0.71607089,0.25364226,0.18427326,0.81572674,2.10696232
82200,0.21683335,0.21683335,289,1.00000000,0.21683335,nan,0.00000000,0,0,0,0.08090702,0.01385518,0.14554383,0.15410137,0.00006561,0.94444180,0.21743587,-0.14502212,1.14502212,-7.57076907
82300,0.71463627,0.71463627,13,0.72746821,0.20014333,nan,0.00000000,0,0,0,0.36275810,0.01265942,0.29224581,0.30298406,0.10969555,1.41088486,0.24666397,0.09350856,0.90649144,5.21517706
82400,0.19675469,0.19675469,332,1.00000000,0.19675469,nan,0.00000000,0,0,0,0.15046254,0.01121777,0.10633595,0.11258448,0.00011081,1.43142080,0.22937502,0.15480070,0.84519930,-4.07010158
82500,0.72715133,0.72715133,238,1.00000000,0.72715133,nan,0.00000000,0,0,0,0.24427342,0.01152279,1.20487654,1.27323198,0.04283345,1.39636374,0.26021519,-0.18230197,1.18230197,3.58395467
82600,0.50723696,0.50723696,214,1.00000000,0.50723696,nan,0.00000000,0,0,0,0.08866241,0.00821012,0.22833093,0.24176194,0.00000402,0.68724263,0.10490745,-0.00989106,1.00989106,-3.84222847
82700,0.27489269,0.27489269,271,1.00000000,0.27489269,nan,0.00000000,0,0,0,0.05733087,0.00804292,0.07939107,0.08360595,0.00773809,0.59444797,0.12121778,0.08442104,0.91557896,-8.23860614
82800,0.15217191,0.15217191,268,1.00000000,0.15217191,nan,0.00000000,0,0,0,0.04404263,0.00686859,0.06824683,0.07224850,0.00021851,0.43298975,0.09309660,0.12918636,0.87081364,-13.44889514
82900,0.34544548,0.34544548,188,0.99999999,0.34544547,nan,0.00000000,0,0,0,0.18081102,0.01213809,0.43497032,0.45887643,0.02856649,1.17158151,0.32037127,0.04974692,0.95025308,-3.78290975
83000,0.12502037,0.12502037,110,0.99998330,0.12501202,nan,0.00000000,0,0,0,0.37929040,0.02015756,0.34798369,0.36301169,0.09250696,3.01038456,0.30597922,-0.12474407,1.12474407,3.78891897
83100,0.34665701,0.34665701,238,1.00000000,0.34665701,nan,0.00000000,0,0,0,0.05871198,0.01009476,0.19231476,0.20360124,0.00044458,0.58595741,0.16488037,0.11410073,0.88589927,-7.03527554
83200,0.19758573,0.19758573,173,0.99999997,0.19758571,nan,0.00000000,0,0,0,0.16986293,0.01002106,0.22995360,0.24299914,0.00817920,1.21176016,0.21707831,0.07314330,0.92685670,-3.43159306
83300,0.15365450,0.15365450,72,0.99925341,0.15319615,nan,0.00000000,0,0,0,0.05489817,0.01091235,0.13572562,0.14360486,0.00177855,0.70010978,0.26793176,-0.03455008,1.03455008,-8.03916295
83400,0.55238754,0.55238754,247,1.00000000,0.55238754,nan,0.00000000,0,0,0,0.09555367,0.00798916,0.07135437,0.06787446,0.13051304,0.80253375,0.27039474,0.11420167,0.88579833,-4.41725755
83500,1.15144789,1.15144789,406,1.00000000,1.15144789,nan,0.00000000,0,0,0,0.07711174,0.00459178,0.90443254,0.95643348,0.02041548,0.71997064,0.07720326,0.13015929,0.86984071,0.27240243
83600,0.21443981,0.21443981,236,1.00000000,0.21443981,nan,0.00000000,0,0,0,0.03524984,0.00986842,0.03991794,0.04205684,0.00355671,0.49006823,0.21218078,0.10951922,0.89048078,-11.41947556
83700,0.10995979,0.10995979,274,1.00000000,0.10995979,nan,0.00000000,0,0,0,0.04273030,0.00739350,0.01979678,0.02094861,0.00021565,0.62360561,0.20177355,0.06759062,0.93240938,-11.23911667
83800,0.10080841,0.10080841,217,1.00000000,0.10080841,nan,0.00000000,0,0,0,0.05017009,0.00572105,0.05645478,0.05975671,0.00032183,0.56694949,0.13130862,-0.11072341,1.11072341,-11.98523674
83900,0.33119527,0.33119527,320,1.00000000,0.33119527,nan,0.00000000,0,0,0,0.02804289,0.00625083,0.06463161,0.06686886,0.02659831,0.29804340,0.06389503,-0.07745488,1.07745488,-12.87215195
84000,0.14733392,0.14733392,276,1.00000000,0.14733392,nan,0.00000000,0,0,0,0.33497348,0.01489471,0.20391013,0.20985678,0.10281708,2.80468822,0.24783593,-0.05452879,1.05452879,3.83716774
84100,0.34063026,0.34063026,181,0.99999999,0.34063024,nan,0.00000000,0,0,0,0.05087994,0.00999873,0.07864973,0.08277205,0.00857058,0.67874211,0.23919456,0.08883195,0.91116805,-8.50636458
84200,0.09428808,0.09428808,259,1.00000000,0.09428808,nan,0.00000000,0,0,0,0.05048880,0.00481313,0.04268076,0.04510289,0.00150451,0.74730682,0.13397050,-0.03038953,1.03038953,-12.07510185
84300,0.54103088,0.54103088,433,1.00000000,0.54103088,nan,0.00000000,0,0,0,0.07361628,0.01234947,0.44690800,0.47313723,0.00101051,0.80719864,0.23429969,-0.04627488,1.04627488,-4.74552116
84400,0.22575256,0.22575256,150,0.99999969,0.22575229,nan,0.00000000,0,0,0,0.17707358,0.01157409,0.07661852,0.07776809,0.05707592,0.89608234,0.16766855,-0.03102271,1.03102271,-3.52016449
84500,0.27195519,0.27195519,156,0.99999983,0.27195501,nan,0.00000000,0,0,0,0.04634639,0.00939861,0.05904573,0.06057051,0.03312462,0.70444202,0.21365596,0.02988811,0.97011189,-9.92112954
84600,0.61111593,0.61111593,223,1.00000000,0.61111593,nan,0.00000000,0,0,0,0.02997071,0.00826277,0.12287594,0.12964508,0.00780060,0.48312914,0.24415562,-0.18833151,1.18833151,-7.01094302
84700,0.71131384,0.71131384,200,1.00000000,0.71131384,nan,0.00000000,0,0,0,0.17326453,0.02023274,0.60014004,0.62846082,0.11868662,1.01577270,0.20863461,0.03062193,0.96937807,2.69132056
84800,0.76619250,0.76619250,179,0.99999998,0.76619244,nan,0.00000000,0,0,0,0.22380479,0.01298044,2.07955289,2.20182610,0.00090916,1.47831070,0.36811554,-0.09209415,1.09209415,4.90494259
84900,0.68613106,0.68613106,125,0.99999627,0.68612083,nan,0.00000000,0,0,0,0.11514272,0.01074239,0.32495010,0.34285131,0.02062952,0.81943238,0.20420183,0.16770961,0.83229039,-3.21322475
85000,0.41740346,0.41740346,329,1.00000000,0.41740346,nan,0.00000000,0,0,0,0.33403626,0.01285862,2.55642462,2.70500493,0.03056141,3.16033244,0.25735739,-0.00475172,1.00475172,6.73898586
85100,1.34536088,1.34536088,216,1.00000000,1.34536087,nan,0.00000000,0,0,0,0.04550882,0.01144011,0.54489642,0.57467669,0.03863233,0.73843902,0.42914262,0.16749666,0.83250334,2.62716639
85200,0.31269300,0.31269300,273,1.00000000,0.31269300,nan,0.00000000,0,0,0,0.07692262,0.00714236,0.13466443,0.14039405,0.03726113,1.07947028,0.23633194,-0.06733882,1.06733882,-6.40310419
85300,0.50542021,0.50542021,335,1.00000000,0.50542021,nan,0.00000000,0,0,0,0.04763438,0.01127387,0.35265642,0.37330386,0.00165001,0.68331224,0.36252511,0.18508205,0.81491795,-4.61148872
85400,0.74557596,0.74557596,179,0.99999998,0.74557591,nan,0.00000000,0,0,0,0.09471501,0.01033158,0.39888415,0.41849563,0.06548852,0.68388677,0.15271309,0.03557237,0.96442763,-2.85820007
85500,0.41626805,0.41626805,192,1.00000000,0.41626804,nan,0.00000000,0,0,0,0.03866732,0.00673777,0.12965862,0.13512148,0.03678980,0.51437616,0.16068225,-0.22743710,1.22743710,-10.61431170
85600,0.32971451,0.32971451,133,0.99999833,0.32971230,nan,0.00000000,0,0,0,0.04567154,0.01228173,0.15852001,0.16784230,0.00004089,0.68648320,0.26117483,-0.02299632,1.02299632,-8.62347233
85700,0.11837325,0.11837325,331,1.00000000,0.11837325,nan,0.00000000,0,0,0,0.04265920,0.00565680,0.02778607,0.02927729,0.00243535,0.46947208,0.11203250,-0.07458486,1.07458486,-14.75922966
85800,0.19642434,0.19642434,249,1.00000000,0.19642434,nan,0.00000000,0,0,0,0.03910991,0.00547792,0.03477707,0.03642962,0.00668371,0.55450094,0.12523454,0.12204141,0.87795859,-10.63415575
85900,0.44759715,0.44759715,226,1.00000000,0.44759715,nan,0.00000000,0,0,0,0.03654128,0.01098367,0.04109900,0.04116720,0.03993982,0.48362514,0.22842561,0.11582484,0.88417516,-7.96012338
86000,0.32682443,0.32682443,270,1.00000000,0.32682443,nan,0.00000000,0,0,0,0.29402754,0.01872046,1.89992607,2.01098442,0.01193519,3.43065619,0.47457728,-0.09410472,1.09410472,5.66866722
86100,1.26497757,1.26497757,133,0.99999833,1.26496910,nan,0.00000000,0,0,0,0.19584599,0.01176656,1.62941885,1.72379971,0.02494486,1.11702394,0.28994226,-0.22248934,1.22248934,6.62793175
86200,1.56074560,1.56074560,231,1.00000000,1.56074560,nan,0.00000000,0,0,0,0.09076128,0.00723948,0.36536697,0.37349892,0.22712375,0.86692935,0.22099362,-0.19477908,1.19477908,5.82927354
86300,0.32391798,0.32391798,200,1.00000000,0.32391798,nan,0.00000000,0,0,0,0.03583029,0.00936481,0.16832393,0.17721513,0.01717352,0.51060867,0.20332254,0.06740126,0.93259874,-10.45608330
86400,0.07531630,0.07531630,144,0.99999944,0.07531613,nan,0.00000000,0,0,0,0.09235972,0.01505456,0.07839465,0.08292052,0.00145476,0.99859130,0.36280370,-0.00314519,1.00314519,-7.39666471
86500,0.18891579,0.18891579,390,1.00000000,0.18891579,nan,0.00000000,0,0,0,0.10328908,0.01115907,0.11028262,0.11673181,0.00064650,1.02972960,0.16769886,-0.05298779,1.05298779,-4.62141506
86600,0.37886658,0.37886658,358,1.00000000,0.37886658,nan,0.00000000,0,0,0,0.06062973,0.00599363,0.18090947,0.19058327,0.01645501,0.69334161,0.14571854,0.13593770,0.86406230,-8.37904346
86700,0.27468917,0.27468917,365,1.00000000,0.27468917,nan,0.00000000,0,0,0,0.05429713,0.01098810,0.16175100,0.17077200,0.00839389,0.71952021,0.24035785,0.18740132,0.81259868,-10.22318967
86800,0.25790936,0.25790936,328,1.00000000,0.25790936,nan,0.00000000,0,0,0,0.04162468,0.00931698,0.14983286,0.15863276,0.00023479,0.53292781,0.19350332,-0.08330112,1.08330112,-5.15155506
86900,0.24649456,0.24649456,159,0.99999988,0.24649444,nan,0.00000000,0,0,0,0.27810246,0.01322543,0.27509153,0.29090703,0.00622827,1.40074265,0.17018363,-0.03740675,1.03740675,-0.73620296
87000,0.06758094,0.06758094,121,0.99999444,0.06757944,nan,0.00000000,0,0,0,0.36955819,0.01452840,0.12065045,0.12774748,0.00000103,3.56972766,0.37755510,0.14979132,0.85020868,4.02390369
87100,2.15358782,2.15358782,200,1.00000000,2.15358780,nan,0.00000000,0,0,0,0.20998077,0.01636110,4.08688116,4.32263470,0.07907028,1.63440764,0.46313033,0.01542863,0.98457137,19.41016610
87200,0.23206621,0.23206621,173,0.99999997,0.23206619,nan,0.00000000,0,0,0,0.04100182,0.00872619,0.08568634,0.09061581,0.00188545,0.51201463,0.18529832,-0.12701267,1.12701267,-11.54364252
87300,0.92755675,0.92755675,76,0.99949955,0.92570136,nan,0.00000000,0,0,0,0.16383937,0.01200544,0.49105501,0.51700610,0.04988682,0.89800495,0.27162254,0.12199371,0.87800629,3.08196783
87400,0.31349742,0.31349742,405,1.00000000,0.31349742,nan,0.00000000,0,0,0,0.06622729,0.00571220,0.23243144,0.24554166,0.00955784,0.75200015,0.11827186,-0.22078978,1.22078978,-7.86137692
87500,0.27793348,0.27793348,219,1.00000000,0.27793348,nan,0.00000000,0,0,0,0.18426988,0.01371465,0.10012429,0.10598343,0.00051898,1.28899443,0.31361884,-0.01704671,1.01704671,-2.72608161
87600,0.28148159,0.28148159,150,0.99999969,0.28148125,nan,0.00000000,0,0,0,0.03565759,0.01136966,0.10223542,0.10822457,0.00041990,0.51421696,0.26424792,-0.05317654,1.05317654,-9.37801981
87700,0.45668295,0.45668295,338,1.00000000,0.45668295,nan,0.00000000,0,0,0,0.02891554,0.00729996,0.19693738,0.20823604,0.00486043,0.39841995,0.17138378,-0.04529380,1.04529380,-14.22822285
87800,0.39304078,0.39304078,252,1.00000000,0.39304078,nan,0.00000000,0,0,0,0.05071556,0.00940355,0.16989373,0.17982447,0.00107120,0.54228842,0.13704713,-0.21283667,1.21283667,-8.25940164
87900,0.41294134,0.41294134,281,1.00000000,0.41294134,nan,0.00000000,0,0,0,0.04465321,0.00749219,0.04270725,0.04492550,0.00499690,0.55928409,0.15453260,0.10255619,0.89744381,-10.56702169
88000,0.57772285,0.57772285,265,1.00000000,0.57772285,nan,0.00000000,0,0,0,0.29936761,0.01253500,0.62557548,0.66203511,0.00576232,2.97521114,0.33211884,-0.03178270,1.03178270,7.04509950
88100,0.18028212,0.18028212,224,1.00000000,0.18028212,nan,0.00000000,0,0,0,0.04827462,0.00891278,0.18752255,0.19845502,0.00167025,0.74752223,0.27909878,0.02154174,0.97845826,-9.70742194
88200,0.35154104,0.35154104,258,1.00000000,0.35154104,nan,0.00000000,0,0,0,0.17578225,0.01059755,0.40591294,0.42669415,0.05263162,1.43213916,0.27075088,0.21868912,0.78131088,-1.78664482
88300,0.34458491,0.34458491,300,1.00000000,0.34458491,nan,0.00000000,0,0,0,0.04294738,0.00483862,0.13911501,0.14725935,0.00066090,0.52016324,0.07889089,0.12639972,0.87360028,-11.34875711
88400,0.44830492,0.44830492,116,0.99999083,0.44828848,nan,0.00000000,0,0,0,0.19953169,0.01087148,0.18519029,0.19461426,0.02498304,1.42979789,0.39014521,0.06688398,0.93311602,-1.18545446
88500,0.55277210,0.55277210,308,1.00000000,0.55277210,nan,0.00000000,0,0,0,0.19740696,0.01363852,0.71922463,0.76130915,0.00378795,1.21140337,0.16137904,0.01709408,0.98290592,1.01686708
88600,0.34794024,0.34794024,399,1.00000000,0.34794024,nan,0.00000000,0,0,0,0.10493049,0.00861879,0.08567521,0.09064668,0.00116017,0.91835362,0.22907056,0.14144845,0.85855155,-4.57653999
88700,0.17544457,0.17544457,350,1.00000000,0.17544457,nan,0.00000000,0,0,0,0.06504663,0.01101301,0.02123969,0.02246629,0.00038769,0.82545078,0.25379148,-0.10712530,1.10712530,-7.25653732
88800,0.30639446,0.30639446,105,0.99997246,0.30636071,nan,0.00000000,0,0,0,0.07419506,0.00606375,0.10882520,0.11478370,0.00753088,0.75015092,0.16405840,0.24710251,0.75289749,-6.77413257
88900,0.37269542,0.37269542,104,0.99996957,0.37265005,nan,0.00000000,0,0,0,0.03809972,0.01175577,0.15170711,0.16055222,0.00134065,0.45973051,0.15785615,-0.13720902,1.13720902,-9.02634525
89000,0.80438709,0.80438709,308,1.00000000,0.80438709,nan,0.00000000,0,0,0,0.34711182,0.01185579,0.53356385,0.55593991,0.15317062,3.49339104,0.16832982,0.11237298,0.88762702,10.41026974
89100,0.29747978,0.29747978,140,0.99999917,0.29747879,nan,0.00000000,0,0,0,0.06202686,0.00659937,0.17640467,0.18572603,0.01794174,0.70879090,0.11827680,0.14689564,0.85310436,-8.59773620
89200,0.29236281,0.29236281,101,0.99995892,0.29231477,nan,0.00000000,0,0,0,0.04306813,0.00865970,0.11618091,0.12212739,0.01509073,0.52007872,0.12731640,-0.09674850,1.09674850,-12.36203607
89300,0.34127724,0.34127724,252,1.00000000,0.34127724,nan,0.00000000,0,0,0,0.04580281,0.01313707,0.13327199,0.14049087,0.01055086,0.50520229,0.20134558,0.15805738,0.84194262,-4.79191703
89400,0.08873221,0.08873221,378,1.00000000,0.08873221,nan,0.00000000,0,0,0,0.05103912,0.00484328,0.06471410,0.06849088,0.00050877,0.57037425,0.10475525,-0.04790228,1.04790228,-11.30186081
89500,0.26138276,0.26138276,504,1.00000000,0.26138276,nan,0.00000000,0,0,0,0.05333596,0.00827198,0.06315100,0.06390727,0.05029435,0.69617337,0.13408820,0.16061252,0.83938748,-6.43710458
89600,0.84979123,0.84979123,487,1.00000000,0.84979123,nan,0.00000000,0,0,0,0.04989397,0.01632644,0.49836969,0.52552181,0.03678326,0.67276365,0.34185228,0.23843677,0.76156323,3.03875534
89700,0.30625948,0.30625948,289,1.00000000,0.30625948,nan,0.00000000,0,0,0,0.05804910,0.01088569,0.08812719,0.09312684,0.00313305,0.75132239,0.21654044,0.20696453,0.79303547,-10.17205238
89800,1.16626596,1.16626596,254,1.00000000,1.16626596,nan,0.00000000,0,0,0,0.16850108,0.01092690,2.24785304,2.37462139,0.09278730,1.25565088,0.22809802,-0.04782558,1.04782558,5.62523293
89900,0.60120958,0.60120958,552,1.00000000,0.60120958,nan,0.00000000,0,0,0,0.04484724,0.00741071,0.26541111,0.28075337,0.00459315,0.69222462,0.17695509,-0.32801879,1.32801879,-4.98821608
90000,0.11148967,0.11148967,243,1.00000000,0.11148967,nan,0.00000000,0,0,0,0.34363401,0.01301449,0.44224781,0.46786344,0.00678232,3.35297680,0.15258385,-0.09226454,1.09226454,4.22657466
90100,0.32677802,0.32677802,332,1.00000000,0.32677802,nan,0.06805407,0,0,0,0.05267530,0.00943213,0.23794706,0.24999176,0.03318705,0.78142613,0.29240692,0.08241584,0.91758416,-7.62375760
90200,0.29538190,0.29538190,5,0.39346934,0.00707991,nan,0.00431821,0,0,0,0.11024066,0.01273432,0.10518707,0.11090857,0.00792172,0.96217930,0.09560590,0.04462235,0.95537765,-5.03119787
90300,0.80578059,0.80578059,35,0.96980262,0.71277131,nan,0.00000000,0,0,0,0.21871197,0.02284097,0.57395077,0.60403615,0.06249863,1.55039358,0.51797414,-0.12196958,1.12196958,7.40123320
90400,0.27962223,0.27962223,542,1.00000000,0.27962223,nan,0.00000000,0,0,0,0.04830351,0.00931705,0.14632489,0.15486400,0.00116007,0.65964860,0.19512402,0.09035753,0.90964247,-8.90006653
90500,0.50513661,0.50513661,69,0.99899221,0.50310341,nan,0.00000000,0,0,0,0.04312192,0.01031632,0.24526548,0.25923392,0.00780177,0.62141484,0.22258997,0.04092223,0.95907777,-8.55251662
90600,0.89441705,0.89441705,333,1.00000000,0.89441705,nan,0.00000000,0,0,0,0.13070680,0.01130143,0.52735054,0.55762297,0.01271924,0.97308666,0.31971550,-0.23297046,1.23297046,2.24200920
90700,0.16289905,0.16289905,411,1.00000000,0.16289905,nan,0.00000000,0,0,0,0.05020717,0.00697108,0.17198454,0.18208779,0.00022928,0.60003918,0.10928597,0.03246684,0.96753316,-12.26762009
90800,0.26110977,0.26110977,145,0.99999950,0.26110924,nan,0.01872383,0,0,0,0.06628650,0.01094845,0.29158109,0.30868968,0.00073574,0.82162231,0.25270802,-0.01838253,1.01838253,-6.49564278
90900,0.44193771,0.44193771,120,0.99999386,0.44192685,nan,0.00000000,0,0,0,0.12233755,0.01255714,0.32713589,0.34637865,0.00000866,1.08481169,0.32608476,-0.16509233,1.16509233,-2.89493391
91000,0.18643744,0.18643744,141,0.99999925,0.18643688,nan,0.00000000,0,0,0,0.41944191,0.02099885,0.61341250,0.64164287,0.13349585,5.15461731,0.40040416,0.03410498,0.96589502,7.38463891
91100,0.46733603,0.46733603,316,1.00000000,0.46733603,nan,0.00000000,0,0,0,0.12800412,0.00656307,0.64704269,0.68341094,0.02878264,0.87786269,0.11711454,0.14164546,0.85835454,-4.65851370
91200,0.59108090,0.59108090,290,1.00000000,0.59108090,nan,0.00000000,0,0,0,0.08745512,0.01461535,0.18354896,0.19421053,0.00230238,0.76286030,0.32899725,-0.18030805,1.18030805,5.19621921
91300,0.28437984,0.28437984,194,1.00000000,0.28437984,nan,0.00000000,0,0,0,0.09806821,0.00911043,0.17364722,0.18278360,0.01832853,0.93864089,0.19408280,0.33779906,0.66220094,-6.93056885
91400,0.10005043,0.10005043,113,0.99998763,0.10004548,nan,0.00000000,0,0,0,0.03623252,0.00836127,0.04287378,0.04534760,0.00081865,0.45418781,0.09918155,-0.06928873,1.06928873,-13.88883018
91500,0.14103661,0.14103661,190,0.99999999,0.14103661,nan,0.00000000,0,0,0,0.10136966,0.00707856,0.07841127,0.08296093,0.00106716,0.86011332,0.12781495,-0.12228340,1.12228340,-7.88101208
91600,1.23650861,1.23650861,273,1.00000000,1.23650861,nan,0.00000000,0,0,0,0.07558009,0.00996216,0.83561188,0.88470280,0.00106661,0.70878243,0.14927363,-0.09950080,1.09950080,4.64687177
91700,0.76924652,0.76924652,446,1.00000000,0.76924652,nan,0.00000000,0,0,0,0.06814005,0.01118653,0.17786056,0.18827438,0.00082567,0.56273335,0.14781234,-0.20035405,1.20035405,-3.90114719
91800,0.26418549,0.26418549,55,0.99591323,0.25989323,nan,0.00000000,0,0,0,0.07176886,0.00794301,0.05374898,0.05565987,0.02126391,0.62442183,0.15030287,0.12491163,0.87508837,-7.15218019
91900,0.24141823,0.24141823,250,1.00000000,0.24141823,nan,0.00000000,0,0,0,0.18259385,0.00634984,0.46963760,0.49724922,0.00024001,1.19279623,0.11094911,-0.09910764,1.09910764,-3.71396732
92000,0.13472633,0.13472633,187,0.99999999,0.13472633,nan,0.00000000,0,0,0,0.42340395,0.02688462,0.34327444,0.36328843,0.00303707,3.43562555,0.52324110,0.14378569,0.85621431,5.60300128
92100,0.18137121,0.18137121,128,0.99999724,0.18136921,nan,0.27465056,0,0,0,0.59226620,0.03271231,0.56503028,0.59799528,0.00462528,4.95927620,0.63733250,-0.15550217,1.15550217,9.77401543
92200,0.13279609,0.13279609,360,1.00000000,0.13279609,nan,0.15479704,0,0,0,0.05335872,0.00544076,0.04696202,0.04952937,0.00331713,0.58548182,0.09220006,0.11147193,0.88852807,-11.38958526
92300,1.17179263,1.17179263,452,1.00000000,1.17179263,nan,0.01236932,0,0,0,0.06189122,0.00933924,0.56798416,0.59867942,0.04616450,0.64032876,0.17855488,0.02160424,0.97839576,3.09519947
92400,0.15307666,0.15307666,743,1.00000000,0.15307666,nan,0.00000000,0,0,0,0.05393121,0.00464420,0.18429224,0.19509618,0.00062510,0.92678738,0.19347307,0.12858980,0.87141020,-10.12665062
92500,1.07793009,1.07793009,533,1.00000000,1.07793009,nan,0.00000000,0,0,0,0.18838106,0.01301048,0.64317250,0.66627359,0.25045303,1.13591397,0.27477586,-0.14157471,1.14157471,6.05692210
92600,0.36109722,0.36109722,255,1.00000000,0.36109722,nan,0.00000000,0,0,0,0.05071632,0.00601531,0.30578604,0.32366264,0.00188396,0.71602345,0.15605509,-0.17864915,1.17864915,-8.48403549
92700,0.35361317,0.35361317,140,0.99999917,0.35361199,nan,0.00000000,0,0,0,0.05719114,0.00929004,0.14819925,0.15631768,0.01018570,0.89698493,0.28879941,0.17603983,0.82396017,-6.31892312
92800,0.03527082,0.03527082,627,1.00000000,0.03527082,nan,0.00000000,0,0,0,0.06023485,0.00638090,0.03144969,0.03328624,0.00022830,0.86370945,0.24146935,-0.00844628,1.00844628,-11.03584385
92900,0.33993056,0.33993056,254,1.00000000,0.33993056,nan,0.00000000,0,0,0,0.16586213,0.01981444,0.38740689,0.40988660,0.00525243,1.14499784,0.34464422,0.03930474,0.96069526,-2.87923725
93000,0.61544067,0.61544067,172,0.99999997,0.61544058,nan,0.00000000,0,0,0,0.34165010,0.03061226,2.39551425,2.53138638,0.08568888,4.52285194,0.73646110,-0.00940133,1.00940133,9.78590417
93100,0.94509602,0.94509602,273,1.00000000,0.94509602,nan,0.12774466,0,0,0,0.30058667,0.01211812,0.89167595,0.93881673,0.09028222,1.68653822,0.38489071,-0.17681659,1.17681659,7.78627658
93200,0.08497047,0.08497047,225,1.00000000,0.08497047,nan,0.00000000,0,0,0,0.06646872,0.00675709,0.08252752,0.08735375,0.00048158,0.77105153,0.15776277,0.10635487,0.89364513,-10.75250340
93300,0.25758970,0.25758970,445,1.00000000,0.25758970,nan,0.00000000,0,0,0,0.05321916,0.00877083,0.06399953,0.06748456,0.00475395,0.60350347,0.15614982,0.00461121,0.99538879,-8.97729619
93400,0.79544145,0.79544145,195,1.00000000,0.79544144,nan,0.00000000,0,0,0,0.09434099,0.01210888,0.27042499,0.28472334,0.02735361,1.27367079,0.51586789,-0.11315263,1.11315263,1.57550764
93500,0.24995391,0.24995391,501,1.00000000,0.24995391,nan,0.00000000,0,0,0,0.03912933,0.00764783,0.04656300,0.04891788,0.00653013,0.50723290,0.20430538,0.21955006,0.78044994,-11.40227222
93600,1.05359983,1.05359983,275,1.00000000,1.05359983,nan,0.00000000,0,0,0,0.02646678,0.01184233,0.09643164,0.10191299,0.00324879,0.49511755,0.30244547,-0.23973748,1.23973748,13.09282494
93700,0.14959271,0.14959271,256,1.00000000,0.14959271,nan,0.00000000,0,0,0,0.09639850,0.01025268,0.12457715,0.13172430,0.00307543,0.96699375,0.23730201,-0.04020762,1.04020762,-7.48687115
93800,0.31371588,0.31371588,128,0.99999724,0.31371241,nan,0.00000000,0,0,0,0.10577864,0.00805224,0.07722814,0.08138233,0.00660693,1.11797225,0.19518945,0.13512535,0.86487465,-4.97210677
93900,0.43061423,0.43061423,233,1.00000000,0.43061423,nan,0.00000000,0,0,0,0.19385543,0.01273697,0.57877320,0.61207253,0.01268312,1.36027575,0.25917250,0.24463303,0.75536697,0.61999389
94000,0.36593634,0.36593634,174,0.99999997,0.36593630,nan,0.00000000,0,0,0,0.42582342,0.02420805,0.91556114,0.95350492,0.27051604,5.47165585,0.67234963,-0.06535872,1.06535872,9.72685375
94100,0.83156472,0.83156472,578,1.00000000,0.83156472,nan,0.00000000,0,0,0,0.04542299,0.00776128,0.09347199,0.09520113,0.06407659,0.57687271,0.14422178,-0.15659118,1.15659118,-1.93472215
94200,0.38404968,0.38404968,249,1.00000000,0.38404968,nan,0.00000000,0,0,0,0.04307673,0.00653920,0.13412572,0.14163758,0.00642409,0.55787617,0.18908036,-0.07227104,1.07227104,-11.81368542
94300,0.09414805,0.09414805,334,1.00000000,0.09414805,nan,0.00000000,0,0,0,0.06130199,0.01044193,0.06005669,0.06345831,0.00222915,0.66496158,0.10110485,0.08018536,0.91981464,-12.83379364
94400,0.29739502,0.29739502,160,0.99999989,0.29739489,nan,0.00000000,0,0,0,0.06033911,0.01291945,0.21667050,0.22854558,0.01479402,0.81018198,0.43714842,0.16464090,0.83535910,-5.18295606
94500,0.20016891,0.20016891,148,0.99999963,0.20016861,nan,0.00000000,0,0,0,0.09039960,0.01095559,0.20417652,0.21616665,0.00034434,1.14621747,0.14899080,-0.05677042,1.05677042,-6.65843010
94600,0.17916846,0.17916846,170,0.99999996,0.17916843,nan,0.00000000,0,0,0,0.12211934,0.00773092,0.10598238,0.11004226,0.03696447,1.00892234,0.21108067,-0.08454335,1.08454335,-5.87336651
94700,0.22914457,0.22914457,252,1.00000000,0.22914457,nan,0.00000000,0,0,0,0.03594932,0.00677234,0.11565742,0.12183363,0.01066185,0.38111553,0.09034456,0.11284161,0.88715839,-13.13108826
94800,1.14626527,1.14626527,441,1.00000000,1.14626527,nan,0.00000000,0,0,0,0.07319529,0.00793641,0.63166958,0.66657758,0.03823363,0.68123513,0.21781200,0.02569834,0.97430166,2.80750671
94900,0.99311161,0.99311161,291,1.00000000,0.99311161,nan,0.00000000,0,0,0,0.04103036,0.00780784,0.30679020,0.32480925,0.00046599,0.33455527,0.10086541,-0.36590869,1.36590869,-6.16869390
95000,0.20725094,0.20725094,245,1.00000000,0.20725094,nan,0.00000000,0,0,0,0.47618246,0.02070115,0.97006255,1.02301407,0.06988753,5.49648857,0.41419113,0.15020023,0.84979977,8.10966206
95100,0.75794786,0.75794786,264,1.00000000,0.75794786,nan,0.07586291,0,0,0,0.23885854,0.01044657,1.53122962,1.62117159,0.00221752,1.39883173,0.25944924,-0.01432972,1.01432972,3.37220529
95200,0.35438475,0.35438475,80,0.99966454,0.35390946,nan,0.08875649,0,0,0,0.16075514,0.01233044,0.20989761,0.22214828,0.00163632,1.19214272,0.29548487,-0.00528664,1.00528664,-0.99514872
95300,0.13984820,0.13984820,374,1.00000000,0.13984820,nan,0.00000000,0,0,0,0.06491840,0.00525524,0.06322233,0.06655230,0.00661268,0.60457081,0.05500394,0.01382276,0.98617724,-9.91827488
95400,0.34617260,0.34617260,161,0.99999990,0.34617246,nan,0.00000000,0,0,0,0.13562883,0.00978186,0.16627036,0.17602335,0.00046943,1.07901871,0.24230422,-0.01934314,1.01934314,-6.30002308
95500,0.24177027,0.24177027,305,1.00000000,0.24177027,nan,0.00000000,0,0,0,0.04120225,0.00826616,0.08032247,0.08465415,0.00668395,0.51734173,0.11154027,-0.16454125,1.16454125,-10.79334402
95600,0.55589974,0.55589974,407,1.00000000,0.55589974,nan,0.00000000,0,0,0,0.18532532,0.01417685,0.83156323,0.88036853,0.00187381,1.11327386,0.32441556,-0.04216894,1.04216894,-0.37556084
95700,1.21453023,1.21453023,314,1.00000000,1.21453023,nan,0.00000000,0,0,0,0.05100262,0.01667434,2.52553463,2.67162228,0.04204296,0.75277328,0.24500524,-0.03121903,1.03121903,6.78227383
95800,0.28176105,0.28176105,107,0.99997746,0.28173564,nan,0.00000000,0,0,0,0.05320011,0.01453469,0.07737214,0.08179660,0.00215622,0.80320430,0.39034522,-0.06837589,1.06837589,-7.84339444
95900,0.84402549,0.84402549,96,0.99993227,0.84379686,nan,0.00000000,0,0,0,0.04593865,0.02288173,0.40290314,0.42626119,0.00581700,0.50093490,0.27676186,0.09253040,0.90746960,15.39166530
96000,0.65977401,0.65977401,135,0.99999863,0.65977039,nan,0.00000000,0,0,0,0.35491925,0.02372534,2.42513990,2.56660366,0.02025524,4.12604666,0.38114196,-0.03549461,1.03549461,10.16897678
96100,0.25145879,0.25145879,266,1.00000000,0.25145879,nan,0.07490674,0,0,0,0.05814500,0.00714074,0.12951170,0.13712534,0.00007992,0.82640934,0.31010696,-0.07225627,1.07225627,-8.93080717
96200,0.25308102,0.25308102,83,0.99975148,0.25282954,nan,0.00802746,0,0,0,0.08749206,0.01084477,0.05874959,0.06075852,0.02459784,1.08492148,0.28291187,0.19739241,0.80260759,nan
96300,0.52391708,0.52391708,265,1.00000000,0.52391708,nan,0.00000000,0,0,0,0.12834659,0.01412320,0.73388308,0.77697831,0.00126395,1.06344485,0.29944810,0.13278816,0.86721184,-0.92503679
96400,0.47651181,0.47651181,377,1.00000000,0.47651181,nan,0.00000000,0,0,0,0.17383076,0.01399341,0.66856831,0.70721316,0.01160506,1.02431738,0.14133078,0.03185088,0.96814912,-1.54044358
96500,2.13023043,2.13023043,216,1.00000000,2.13023042,nan,0.00000000,0,0,0,0.10445003,0.01326025,1.18010199,1.24522495,0.07301094,0.77668798,0.30280936,-0.20861082,1.20861082,25.14437103
96600,0.24226533,0.24226533,168,0.99999995,0.24226528,nan,0.00000000,0,0,0,0.14722532,0.00923786,0.09786917,0.10275166,0.01486672,0.91992366,0.17608677,-0.09164820,1.09164820,-5.13695621
96700,1.19349670,1.19349670,167,0.99999994,1.19349644,nan,0.00000000,0,0,0,0.13745226,0.01154583,2.08434033,2.20210409,0.08235754,0.91548240,0.17881380,0.25088832,0.74911168,4.15373981
96800,0.33874360,0.33874360,421,1.00000000,0.33874360,nan,0.00000000,0,0,0,0.03635560,0.00432101,0.15703529,0.16572344,0.00933650,0.42289168,0.05204562,-0.09684411,1.09684411,-12.93275881
96900,0.18903406,0.18903406,164,0.99999992,0.18903400,nan,0.00000000,0,0,0,0.03517061,0.00488924,0.14784388,0.15649097,0.00084322,0.40913165,0.12597975,0.04977005,0.95022995,-11.37422196
97000,0.52495021,0.52495021,266,1.00000000,0.52495021,nan,0.00000000,0,0,0,0.45540980,0.02375680,1.34136999,1.42007196,0.00343519,5.52852631,0.57765073,0.06522864,0.93477136,11.55706716
97100,0.35484758,0.35484758,343,1.00000000,0.35484758,nan,0.00000000,0,0,0,0.17485763,0.01301115,0.30246356,0.31974626,0.00865778,1.23067045,0.28434971,-0.11579007,1.11579007,-2.06059927
97200,0.50870377,0.50870377,478,1.00000000,0.50870377,nan,0.00000000,0,0,0,0.07628059,0.00849846,0.27343395,0.28738713,0.03622966,0.92203182,0.27297631,-0.32711133,1.32711133,-3.47895414
97300,0.09050991,0.09050991,207,1.00000000,0.09050991,nan,0.00000000,0,0,0,0.03943269,0.00630975,0.05830754,0.06164721,0.00153303,0.63746446,0.14279655,0.01705686,0.98294314,-12.88033772
97400,0.20936017,0.20936017,455,1.00000000,0.20936017,nan,0.00000000,0,0,0,0.03888979,0.00810495,0.13602556,0.14393890,0.00149879,0.61950779,0.23497507,0.09883807,0.90116193,-12.23704958
97500,0.27395168,0.27395168,224,1.00000000,0.27395168,nan,0.00000000,0,0,0,0.04613809,0.00864951,0.02521807,0.02594818,0.01280621,0.66649127,0.17742160,-0.10026962,1.10026962,-10.27083492
97600,0.35968810,0.35968810,8,0.55067104,0.03307463,nan,0.00000000,0,0,0,0.14408825,0.01780078,0.41074547,0.43477568,0.00223158,1.03406000,0.37304211,0.07304326,0.92695674,-1.08970654
97700,0.87166309,0.87166309,49,0.99255342,0.84598802,nan,0.00000000,0,0,0,0.08878437,0.01657012,1.60170889,1.69558895,0.00574822,0.91694301,0.38475454,0.15733619,0.84266381,6.02734268
97800,0.30091241,0.30091241,194,1.00000000,0.30091241,nan,0.00000000,0,0,0,0.04069770,0.00851559,0.10010881,0.10596277,0.00059148,0.57396346,0.16679475,0.03958324,0.96041676,-10.65978336
97900,0.08636869,0.08636869,141,0.99999925,0.08636843,nan,0.00000000,0,0,0,0.04510457,0.00374842,0.09299925,0.09846875,0.00001756,0.55168235,0.06935325,0.03235930,0.96764070,-14.21217299
98000,0.25770020,0.25770020,184,0.99999999,0.25770019,nan,0.00000000,0,0,0,0.39874616,0.02208755,0.85416055,0.90205050,0.04003106,5.49187040,0.53484219,0.14380520,0.85619480,8.59510040
98100,0.83047098,0.83047098,195,1.00000000,0.83047097,nan,0.00000000,0,0,0,0.06740454,0.01714909,0.43518671,0.46013317,0.01109682,0.67502528,0.25575039,-0.06467839,1.06467839,-0.45907540
98200,0.41020742,0.41020742,402,1.00000000,0.41020742,nan,0.00000000,0,0,0,0.13657397,0.00859931,0.49128976,0.51975769,0.00733611,1.08622038,0.16437493,-0.08107218,1.08107218,-3.53133980
98300,1.14661717,1.14661717,516,1.00000000,1.14661717,nan,0.00000000,0,0,0,0.11485507,0.00941628,0.43657297,0.46137708,0.01490343,0.84970409,0.09195994,0.18756361,0.81243639,3.87506123
98400,0.15553313,0.15553313,498,1.00000000,0.15553313,nan,0.00000000,0,0,0,0.04144998,0.01119423,0.05523973,0.05814610,0.00583147,0.53849167,0.13541076,0.19957394,0.80042606,-11.38231249
98500,0.54461336,0.54461336,524,1.00000000,0.54461336,nan,0.00000000,0,0,0,0.06726906,0.00651697,0.19574781,0.20683895,0.00719840,0.84550869,0.09720308,0.27649819,0.72350181,-4.34374738
98600,1.03563833,1.03563833,136,0.99999876,1.03563319,nan,0.00000000,0,0,0,0.16593730,0.00778184,0.48762476,0.51625133,0.00097340,1.07219076,0.19141035,0.20177002,0.79822998,2.25064170
98700,0.29109728,0.29109728,561,1.00000000,0.29109728,nan,0.00000000,0,0,0,0.15591922,0.01202245,0.32105744,0.33994183,0.00002319,1.07835686,0.14462893,0.04823663,0.95176337,-3.98847107
98800,0.49760941,0.49760941,141,0.99999925,0.49760791,nan,0.00000000,0,0,0,0.11958756,0.01268304,0.32901561,0.34819627,0.00294454,0.98335063,0.23509638,-0.14286449,1.14286449,-1.78444764
98900,0.64107931,0.64107931,63,0.99816370,0.63638339,nan,0.00000000,0,0,0,0.22484119,0.00967296,0.47220245,0.49742222,0.04346670,1.29122210,0.29379216,-0.08422380,1.08422380,1.79421017
99000,0.15949708,0.15949708,172,0.99999997,0.15949706,nan,0.00000000,0,0,0,0.37899435,0.02046575,0.30524632,0.32319456,0.00012652,3.77076221,0.57320315,0.07480397,0.92519603,5.26331937
99100,0.23986766,0.23986766,342,1.00000000,0.23986766,nan,0.24549446,0,0,0,0.06675442,0.01229328,0.05334767,0.05644219,0.00074093,0.90135425,0.28991556,0.09469827,0.90530173,-7.15568558
99200,0.82301456,0.82301456,97,0.99993872,0.82281283,nan,0.03750893,0,0,0,0.07243972,0.01040261,0.24667247,0.25734234,0.06528535,0.70520532,0.17821151,0.10500992,0.89499008,-0.13573170
99300,0.46425560,0.46425560,234,1.00000000,0.46425560,nan,0.00000000,0,0,0,0.29869050,0.00771058,1.03433776,1.09446216,0.01222394,1.44316304,0.18032593,0.11601661,0.88398339,0.66994778
99400,0.10700697,0.10700697,781,1.00000000,0.10700697,nan,0.00000000,0,0,0,0.03076170,0.00930036,0.04572433,0.04838514,0.00049062,0.52755344,0.24551974,-0.00138679,1.00138679,-13.20046234
99500,0.53894103,0.53894103,235,1.00000000,0.53894103,nan,0.00000000,0,0,0,0.20812206,0.01222913,0.28987405,0.30208346,0.08231365,0.95589554,0.13034691,0.26033847,0.73966153,-0.08375875
99600,0.61720663,0.61720663,460,1.00000000,0.61720663,nan,0.00000000,0,0,0,0.04443235,0.00504932,0.21563393,0.22829795,0.00034562,0.59840178,0.22031093,0.27969027,0.72030973,-7.89780569
99700,0.36678541,0.36678541,325,1.00000000,0.36678541,nan,0.00000000,0,0,0,0.05165420,0.00661586,0.11422381,0.12085856,0.00143319,0.58702731,0.11944743,0.23923675,0.76076325,-9.47819591
99800,0.35318592,0.35318592,307,1.00000000,0.35318592,nan,0.00000000,0,0,0,0.03125775,0.00738481,0.12583943,0.13324174,0.00000028,0.40442857,0.15176111,-0.02730002,1.02730002,-11.91246104
99900,0.38092762,0.38092762,326,1.00000000,0.38092762,nan,0.00000000,0,0,0,0.05936911,0.01121357,0.15420921,0.16325797,0.00038045,0.53205264,0.17460932,0.24116378,0.75883622,-6.32060480
100000,2.92537260,2.92537260,219,1.00000000,2.92537260,nan,0.00000000,0,0,0,0.55535144,0.01939241,9.10756779,9.60955620,0.57376152,4.77542114,0.42118403,-0.22574580,1.22574580,36.30297165
100100,1.22243714,1.22243714,283,1.00000000,1.22243714,nan,0.66537507,0,0,0,0.23109621,0.01969306,3.18316221,3.36573124,0.07949113,3.19097066,0.32627907,-0.24642240,1.24642240,15.19628525
100200,0.85606450,0.85606450,145,0.99999950,0.85606277,nan,0.89269766,0,0,0,0.52204502,0.01239511,7.52109289,7.95671463,0.11551875,5.05459785,0.26515880,0.26960022,0.73039978,14.39590907
100300,1.95068872,1.95068872,192,1.00000000,1.95068868,nan,0.99554585,0,0,0,0.14961077,0.01510242,5.81418419,6.14771652,0.14412954,2.36072993,0.45248085,-0.20619845,1.20619845,14.67346001
100400,0.21099834,0.21099834,209,1.00000000,0.21099834,nan,1.13322033,0,0,0,0.30896339,0.00964771,1.40858018,1.49125528,0.00310385,3.22180867,0.30182564,0.17011520,0.82988480,2.16950691
100500,0.57996076,0.57996076,244,1.00000000,0.57996076,nan,1.17057856,0,0,0,0.28752312,0.01415499,6.59203911,6.97895145,0.01453680,3.82291579,0.24128336,-0.03001201,1.03001201,6.44287936
100600,1.02335870,1.02335870,157,0.99999985,1.02335808,nan,1.08251550,0,0,0,0.14485791,0.00925251,1.65458858,1.74984717,0.03519160,1.86497033,0.28146178,-0.04328353,1.04328353,6.44978348
100700,0.86688775,0.86688775,467,1.00000000,0.86688775,nan,1.03292069,0,0,0,0.16897041,0.01077281,3.58612180,3.78465676,0.21102516,2.30778122,0.20105240,-0.03649171,1.03649171,4.62017775
100800,1.84804285,1.84804285,512,1.00000000,1.84804285,nan,1.09174874,0,0,0,0.10420141,0.01361040,7.23868895,7.63715935,0.46468937,1.50347674,0.08018292,0.14209657,0.85790343,13.15744750
100900,0.90261173,0.90261173,384,1.00000000,0.90261173,nan,1.02199179,0,0,0,0.21635383,0.01085633,6.60918951,6.98191309,0.27289444,2.88923645,0.28974199,-0.18018408,1.18018408,8.29005623
101000,0.54549533,0.54549533,264,1.00000000,0.54549533,nan,1.01710403,0,0,0,0.72971767,0.01856434,2.29691100,2.34900069,1.41138494,8.85864067,0.46528414,0.05388963,0.94611037,14.85445309
101100,0.60114372,0.60114372,668,1.00000000,0.60114372,nan,1.06748849,0,0,0,0.11967227,0.00958950,0.57748032,0.60801870,0.05832789,1.94266081,0.27824008,0.01274068,0.98725932,-1.08599440
101200,0.44927332,0.44927332,304,1.00000000,0.44927332,nan,1.05999923,0,0,0,0.15400672,0.01005294,2.57037640,2.71332383,0.14026983,2.29499316,0.21894585,-0.04348162,1.04348162,-1.17064676
101300,0.84285587,0.84285587,238,1.00000000,0.84285587,nan,1.00201089,0,0,0,0.19753210,0.01934839,4.51797342,4.78124094,0.04242683,2.98309708,0.53058249,0.02576351,0.97423649,8.16108894
101400,0.12424736,0.12424736,79,0.99962926,0.12406321,nan,1.07657861,0,0,0,0.17132650,0.01241373,0.15503167,0.16156232,0.04401062,2.46287179,0.39214942,-0.08140678,1.08140678,-2.52369909
101500,1.55991042,1.55991042,323,1.00000000,1.55991042,nan,1.06790974,0,0,0,0.14762500,0.00971216,5.35174656,5.66483545,0.02923511,2.09184241,0.20319588,0.28452285,0.71547715,9.57935667
101600,0.82762700,0.82762700,242,1.00000000,0.82762700,nan,1.02936349,0,0,0,0.09858266,0.00794295,3.61710858,3.82442617,0.09271545,1.66970205,0.22819132,0.18019345,0.81980655,-1.90575190
101700,0.25410935,0.25410935,276,1.00000000,0.25410935,nan,1.03601929,0,0,0,0.13119908,0.00699798,0.86604679,0.91562116,0.02328212,1.68135631,0.19029604,0.05750764,0.94249236,-4.89956061
101800,0.09304774,0.09304774,396,1.00000000,0.09304774,nan,1.06932799,0,0,0,0.13346413,0.00650301,0.13321523,0.14081137,0.00408083,1.86245644,0.14184618,-0.03930991,1.03930991,-5.31626165
101900,0.66281343,0.66281343,281,1.00000000,0.66281343,nan,0.97952691,0,0,0,0.27094036,0.01069264,3.60852981,3.81916308,0.02776315,3.34391308,0.21286018,-0.03270784,1.03270784,5.55859900
102000,0.61304218,0.61304218,143,0.99999938,0.61304067,nan,0.94233109,0,0,0,0.70262355,0.02610646,2.71235323,2.81074882,1.03962409,7.98608208,0.52766746,-0.02653789,1.02653789,14.05535444
102100,0.27264082,0.27264082,90,0.99987659,0.27250626,nan,0.93471343,0,0,0,0.22188532,0.01423843,0.27789548,0.28933454,0.08343145,2.13335514,0.25280222,0.05263878,0.94736122,-0.82579533
102200,0.23897240,0.23897240,38,0.97762923,0.21829533,nan,0.84713925,0,0,0,0.15963040,0.01272583,0.33293265,0.35250190,0.00025563,2.47188830,0.35694379,-0.02582992,1.02582992,-0.95811939
102300,0.33499181,0.33499181,447,1.00000000,0.33499181,nan,0.80162126,0,0,0,0.19789413,0.01202654,0.92329842,0.97724378,0.00622633,2.74702168,0.18290001,-0.11615129,1.11615129,-0.99585070
102400,0.78802389,0.78802389,207,1.00000000,0.78802389,nan,0.70119305,0,0,0,0.09178117,0.01165156,1.71681952,1.81780899,0.00000022,1.13162398,0.31132931,0.09179365,0.90820635,-0.51812029
102500,0.39608967,0.39608967,242,1.00000000,0.39608967,nan,0.66184382,0,0,0,0.08897035,0.00857516,0.44735569,0.47313786,0.00905867,1.14585829,0.16672616,-0.09044206,1.09044206,-4.79474735
102600,0.50553226,0.50553226,140,0.99999917,0.50553058,nan,0.51712669,0,0,0,0.11739813,0.01206364,0.30411077,0.31890401,0.05262495,1.77780449,0.27943930,-0.11513344,1.11513344,-3.10514271
102700,0.55190015,0.55190015,586,1.00000000,0.55190015,nan,0.43584164,0,0,0,0.08615122,0.01192730,0.40247107,0.42302042,0.05313211,0.99400192,0.21779495,0.03731007,0.96268993,-1.66852005
102800,0.41069511,0.41069511,227,1.00000000,0.41069511,nan,0.29694560,0,0,0,0.18291907,0.01331300,0.62189567,0.65844381,0.00057783,1.35395348,0.18192624,-0.06571388,1.06571388,-2.49031347
102900,0.64644063,0.64644063,282,1.00000000,0.64644063,nan,0.24260694,0,0,0,0.08448488,0.00728727,0.68918198,0.72910243,0.01053466,1.17420685,0.13734399,-0.24516212,1.24516212,-2.74616353
103000,2.29368711,2.29368711,299,1.00000000,2.29368711,nan,0.20006843,0,0,0,0.50116730,0.02004047,2.11984825,2.11381769,2.22236919,5.75524712,0.42625806,0.24223101,0.75776899,30.31338183
103100,0.64437467,0.64437467,161,0.99999990,0.64437441,nan,0.20691656,0,0,0,0.07362575,0.00803626,0.23269664,0.24627408,0.00188012,1.02691138,0.15332168,-0.15471984,1.15471984,-4.72936440
103200,0.18190792,0.18190792,251,1.00000000,0.18190792,nan,0.10958789,0,0,0,0.09802571,0.01370632,0.19056818,0.20164475,0.00226663,0.79514927,0.09994844,0.03095140,0.96904860,-7.62116063
103300,0.56933779,0.56933779,404,1.00000000,0.56933779,nan,0.06983371,0,0,0,0.06142992,0.00685325,0.36341321,0.38387322,0.01559319,0.64547896,0.14176655,-0.06805657,1.06805657,-5.57186091
103400,1.61840987,1.61840987,49,0.99255342,1.57073917,nan,0.03939725,0,0,0,0.12045178,0.00723556,0.73164296,0.76642889,0.14028160,0.84315461,0.13572997,0.13573538,0.86426462,11.14384139
103500,0.49587381,0.49587381,273,1.00000000,0.49587381,nan,0.00000000,0,0,0,0.15853006,0.00797075,1.12058127,1.18638825,0.00186334,1.60713720,0.15264349,-0.19507988,1.19507988,-1.46258795
103600,0.63415498,0.63415498,133,0.99999833,0.63415073,nan,0.00000000,0,0,0,0.06857398,0.01135858,1.33332491,1.41017103,0.02694197,1.20703173,0.20151898,0.00709069,0.99290931,-2.36041955
103700,0.41293547,0.41293547,51,0.99390325,0.40295693,nan,0.00000000,0,0,0,0.05111368,0.00702674,0.50860339,0.53834891,0.00292947,0.85429823,0.15190250,0.14474571,0.85525429,-8.98058414
103800,0.63928264,0.63928264,157,0.99999985,0.63928226,nan,0.00000000,0,0,0,0.18733217,0.01029526,0.73799485,0.77586037,0.09428054,1.44284999,0.17241597,-0.03872469,1.03872469,0.92133156
103900,0.39525512,0.39525512,308,1.00000000,0.39525512,nan,0.00000000,0,0,0,0.17054787,0.00980193,0.38308275,0.40561700,0.00000087,0.95484000,0.11460754,-0.05399522,1.05399522,-4.56293273
104000,0.74052227,0.74052227,187,0.99999999,0.74052224,nan,0.00000000,0,0,0,0.57472020,0.01925571,1.22983074,1.22057450,1.38718438,5.50853395,0.22375281,0.05402105,0.94597895,13.33032227
104100,0.62513101,0.62513101,379,1.00000000,0.62513101,nan,0.00000000,0,0,0,0.07833952,0.00472250,0.21438223,0.22698514,0.00013292,0.83120972,0.10572790,-0.25691508,1.25691508,-5.47654231
104200,0.64247215,0.64247215,320,1.00000000,0.64247215,nan,0.00000000,0,0,0,0.16841127,0.01090042,0.34422359,0.36425975,0.00360851,1.03936434,0.12303787,0.05337224,0.94662776,-0.55408885
104300,0.09469247,0.09469247,319,1.00000000,0.09469247,nan,0.00000000,0,0,0,0.05978186,0.01296643,0.07097112,0.07514478,0.00001869,0.78609395,0.21576196,-0.01926557,1.01926557,-10.98248005
104400,0.53076780,0.53076780,305,1.00000000,0.53076780,nan,0.00000000,0,0,0,0.07728550,0.00885186,0.91326225,0.96696335,0.00034288,0.97022820,0.16414005,0.22605747,0.77394253,-5.96892732
104500,0.35935226,0.35935226,275,1.00000000,0.35935226,nan,0.00000000,0,0,0,0.09050875,0.00858348,0.08341091,0.08611403,0.03745785,0.85101086,0.21391654,-0.11831567,1.11831567,-7.38662410
104600,1.20412254,1.20412254,52,0.99448344,1.17777112,nan,0.00000000,0,0,0,0.06779768,0.00632745,0.30862772,0.32610294,0.01154880,0.65178502,0.12639226,-0.06632395,1.06632395,0.81006837
104700,0.88093662,0.88093662,168,0.99999995,0.88093644,nan,0.00000000,0,0,0,0.10136927,0.00894383,0.42213917,0.44631648,0.01112474,1.13087249,0.22881429,-0.08213579,1.08213579,0.24724251
104800,0.41347164,0.41347164,221,1.00000000,0.41347164,nan,0.00000000,0,0,0,0.04259217,0.00628368,0.22649628,0.23937315,0.00758932,0.53043628,0.10880026,-0.15604640,1.15604640,-9.66744041
104900,0.21825486,0.21825486,244,1.00000000,0.21825486,nan,0.02499582,0,0,0,0.10331631,0.00769512,0.11753208,0.12357742,0.01476126,0.92223400,0.13502437,0.04431301,0.95568699,-7.74612586
105000,1.08322227,1.08322227,180,0.99999998,1.08322220,nan,0.00000000,0,0,0,0.52441537,0.01841393,1.38155842,1.34166467,2.05975103,5.01508093,0.44916672,-0.05812309,1.05812309,16.54217339
105100,0.64252859,0.64252859,504,1.00000000,0.64252859,nan,0.00000000,0,0,0,0.07710970,0.00542669,0.65675980,0.69538993,0.00004686,0.89177513,0.09143782,0.03505759,0.96494241,-4.58573675
105200,0.36282527,0.36282527,265,1.00000000,0.36282527,nan,0.00000000,0,0,0,0.05858585,0.00525772,0.23269810,0.24634886,0.00063540,0.75862658,0.06527279,0.19542607,0.80457393,-8.98192263
105300,0.32515696,0.32515696,95,0.99992515,0.32505961,nan,0.01481323,0,0,0,0.06247578,0.00748299,0.21839656,0.23021618,0.01746297,0.81215250,0.12247969,0.09748923,0.90251077,-8.56970628
105400,0.36029136,0.36029136,221,1.00000000,0.36029136,nan,0.00000000,0,0,0,0.05916464,0.00802786,0.39920983,0.42269012,0.00004523,0.93698418,0.23394646,0.11665646,0.88334354,-7.04556818
105500,0.51590073,0.51590073,58,0.99697245,0.50968138,nan,0.00000000,0,0,0,0.10212132,0.01057207,0.48422787,0.51252276,0.00321454,0.90077686,0.28974590,0.06818863,0.93181137,-2.25624250
105600,0.38115847,0.38115847,150,0.99999969,0.38115800,nan,0.00000000,0,0,0,0.11141498,0.00515771,0.41175583,0.43595105,0.00043641,0.75630963,0.14519969,0.18419625,0.81580375,-5.98945189
105700,0.34285808,0.34285808,85,0.99979653,0.34257912,nan,0.00000000,0,0,0,0.05725141,0.00492895,0.18974942,0.20075350,0.00267994,0.71940094,0.11395346,0.05807927,0.94192073,-8.44422420
105800,2.03607297,2.03607297,110,0.99998330,2.03593695,nan,0.00000000,0,0,0,0.05237587,0.00859066,2.14474487,2.27087736,0.00049210,0.59872031,0.12799616,0.02239005,0.97760995,13.75576401
105900,0.43353441,0.43353441,211,1.00000000,0.43353441,nan,0.00000000,0,0,0,0.04971232,0.00868696,0.04425117,0.04591754,0.01592306,0.64375794,0.18420319,-0.11419705,1.11419705,-5.37043583
106000,0.67479968,0.67479968,626,1.00000000,0.67479968,nan,0.00000000,0,0,0,0.52409279,0.01926835,1.16205060,1.15894425,1.21485651,5.37760735,0.55290157,0.02596782,0.97403218,13.14085102
106100,0.13781005,0.13781005,254,1.00000000,0.13781005,nan,0.00000000,0,0,0,0.04344540,0.00729524,0.10154928,0.10737745,0.00247049,0.53064162,0.15235665,0.03362028,0.96637972,-12.09053254
106200,0.37060350,0.37060350,447,1.00000000,0.37060350,nan,0.00000000,0,0,0,0.09767316,0.00921830,0.60997641,0.64569896,0.00269325,1.09063399,0.19192417,-0.07998196,1.07998196,-4.33305657
106300,0.23820356,0.23820356,726,1.00000000,0.23820356,nan,0.00000000,0,0,0,0.05101475,0.00619102,0.11395979,0.12058420,0.00134449,0.75054073,0.22594362,-0.01270932,1.01270932,-9.93658129
106400,0.10408416,0.10408416,245,1.00000000,0.10408416,nan,0.00000000,0,0,0,0.05585663,0.00822881,0.05277289,0.05586824,0.00015183,0.56139922,0.09920856,-0.03598230,1.03598230,-4.90046883
106500,0.61621273,0.61621273,340,1.00000000,0.61621273,nan,0.00000000,0,0,0,0.25078738,0.01089105,0.26527563,0.28087121,0.00015025,1.44884896,0.28732288,0.24029703,0.75970297,3.36534309
106600,1.79125381,1.79125381,104,0.99996957,1.79103577,nan,0.00000000,0,0,0,0.11198856,0.01319287,3.24311113,3.42837071,0.09369707,1.21218634,0.34940282,0.39198036,0.60801964,17.94405317
106700,0.32030502,0.32030502,322,1.00000000,0.32030502,nan,0.00000000,0,0,0,0.06791963,0.00921961,0.57875204,0.61263108,0.00280867,0.89679486,0.16600569,0.16323114,0.83676886,-8.13636478
106800,0.96777356,0.96777356,52,0.99448344,0.94659448,nan,0.00000000,0,0,0,0.07119537,0.00560761,0.17408721,0.17799231,0.10770021,0.63027257,0.17006002,0.11321733,0.88678267,0.66022571
106900,0.35954997,0.35954997,206,1.00000000,0.35954997,nan,0.00000000,0,0,0,0.06053799,0.00702504,0.40917239,0.43324006,0.00002143,0.84883589,0.18462151,0.10810003,0.89189997,-8.79584372
107000,0.59095281,0.59095281,215,1.00000000,0.59095281,nan,0.00000000,0,0,0,0.42456037,0.01355761,0.90194851,0.91327775,0.70935172,4.62330437,0.34781170,0.02750142,0.97249858,10.87635689
107100,0.38625628,0.38625628,161,0.99999990,0.38625612,nan,0.05555681,0,0,0,0.04580769,0.00473133,0.22246663,0.23472390,0.01409332,0.59821308,0.15136476,0.12617789,0.87382211,-10.74894333
107200,0.43513200,0.43513200,288,1.00000000,0.43513200,nan,0.05598963,0,0,0,0.03745117,0.00599404,0.58708096,0.62144989,0.00280963,0.52484924,0.11196348,0.12294721,0.87705279,-11.43409665
107300,0.56131452,0.56131452,301,1.00000000,0.56131452,nan,0.00000000,0,0,0,0.13034889,0.01092890,0.37968192,0.39709142,0.08372006,1.01422417,0.19001760,-0.13359881,1.13359881,-1.62345967
107400,0.40024579,0.40024579,265,1.00000000,0.40024579,nan,0.00000000,0,0,0,0.13200174,0.00965708,0.18917209,0.19962145,0.01153271,0.98907280,0.15918821,-0.19969364,1.19969364,-2.38205171
107500,0.08884718,0.08884718,178,0.99999998,0.08884717,nan,0.00000000,0,0,0,0.06205054,0.00857892,0.05718081,0.06050451,0.00067797,0.74612641,0.17653765,0.01675653,0.98324347,-10.10011609
107600,0.30155936,0.30155936,391,1.00000000,0.30155936,nan,0.00000000,0,0,0,0.04038041,0.00850474,0.10309687,0.10916089,0.00000876,0.56463122,0.18030010,-0.07982165,1.07982165,-7.93261051
107700,1.92601180,1.92601180,409,1.00000000,1.92601180,nan,0.00000000,0,0,0,0.10462883,0.00885522,0.30082825,0.30216599,0.27808729,0.83718461,0.17459328,-0.21442166,1.21442166,9.93593712
107800,0.21231671,0.21231671,568,1.00000000,0.21231671,nan,0.00000000,0,0,0,0.05858263,0.00530985,0.06006481,0.06350554,0.00157234,0.61617434,0.09489673,0.03186815,0.96813185,-10.56915379
107900,0.58233398,0.58233398,355,1.00000000,0.58233398,nan,0.00948338,0,0,0,0.15521446,0.00634044,0.83708733,0.88631845,0.00015763,1.12299454,0.19008274,0.03335528,0.96664472,-1.95416133
108000,0.48717532,0.48717532,495,1.00000000,0.48717532,nan,0.00000000,0,0,0,0.47905371,0.01938449,1.17485702,1.20428097,0.67465037,4.90670872,0.48209408,0.10362596,0.89637404,11.37835089
108100,0.70627952,0.70627952,238,1.00000000,0.70627952,nan,0.01120944,0,0,0,0.24257606,0.00760897,0.47912407,0.50186169,0.09258402,1.20428431,0.20595400,0.17163963,0.82836037,0.04449256
108200,0.14620221,0.14620221,380,1.00000000,0.14620221,nan,0.00000000,0,0,0,0.04359390,0.00945507,0.05712204,0.06045298,0.00049609,0.54589343,0.14852844,-0.08534013,1.08534013,-10.55960751
108300,0.33031651,0.33031651,378,1.00000000,0.33031651,nan,0.00000000,0,0,0,0.03062293,0.00709143,0.15977702,0.16914953,0.00044418,0.47636318,0.17649348,-0.14345993,1.14345993,-8.60643554
108400,0.44203001,0.44203001,152,0.99999975,0.44202957,nan,0.00000000,0,0,0,0.10427544,0.01219683,0.21151023,0.22395091,0.00001863,0.91576737,0.32234287,-0.12590861,1.12590861,-2.50001436
108500,0.95684266,0.95684266,420,1.00000000,0.95684266,nan,0.00000000,0,0,0,0.08086329,0.00495795,0.19392535,0.20104478,0.07289497,0.52620244,0.06727275,0.05540949,0.94459051,-1.96496520
108600,0.19266972,0.19266972,280,1.00000000,0.19266972,nan,0.00000000,0,0,0,0.06021583,0.01004331,0.10753444,0.11331539,0.00925836,0.70427245,0.26308659,-0.01142418,1.01142418,-9.22466259
108700,0.47231346,0.47231346,436,1.00000000,0.47231346,nan,0.00000000,0,0,0,0.05984362,0.00729493,0.46862158,0.49603462,0.00259961,0.97210598,0.12933928,0.22170555,0.77829445,-7.60208654
108800,0.16843909,0.16843909,354,1.00000000,0.16843909,nan,0.00000000,0,0,0,0.09850764,0.00511171,0.13099173,0.13865140,0.00077726,0.69239974,0.10997048,-0.04371128,1.04371128,-9.54259396
108900,0.32309785,0.32309785,434,1.00000000,0.32309785,nan,0.00000000,0,0,0,0.10098165,0.00581882,0.10924716,0.11512790,0.00927452,1.07437205,0.10526859,0.36311609,0.63688391,-6.48622775
109000,0.38671890,0.38671890,490,1.00000000,0.38671890,nan,0.00000000,0,0,0,0.44060841,0.01792973,1.27866435,1.33429611,0.33292449,4.47296715,0.52549386,0.06691116,0.93308884,10.12162304
109100,0.40131792,0.40131792,308,1.00000000,0.40131792,nan,0.00000000,0,0,0,0.17611350,0.00850451,0.35568777,0.37658572,0.00042225,1.10376501,0.16504949,0.07435451,0.92564549,nan
109200,0.49275023,0.49275023,392,1.00000000,0.49275023,nan,0.00000000,0,0,0,0.16907737,0.00722088,0.83202970,0.88061285,0.00611701,1.11736536,0.15734489,0.02608810,0.97391190,-1.49419174
109300,0.20577475,0.20577475,238,1.00000000,0.20577475,nan,0.00000000,0,0,0,0.06020300,0.00676875,0.05346943,0.05639371,0.00375692,0.63823998,0.16896331,0.20233110,0.79766890,-10.67069244
109400,0.13040248,0.13040248,180,0.99999998,0.13040247,nan,0.00000000,0,0,0,0.05530436,0.00812056,0.07274442,0.07700036,0.00039345,0.86294889,0.18899433,0.04528948,0.95471052,-10.84537220
109500,0.61903912,0.61903912,415,1.00000000,0.61903912,nan,0.00000000,0,0,0,0.06378233,0.00537862,0.37374297,0.39570841,0.00033061,0.91224480,0.12720229,-0.28705765,1.28705765,-5.35490918
109600,0.52900666,0.52900666,126,0.99999663,0.52899952,nan,0.00000000,0,0,0,0.07503909,0.01116881,0.52490956,0.55549937,0.00488278,0.79785484,0.37482044,0.12475796,0.87524204,-1.61549032
109700,0.14094615,0.14094615,256,1.00000000,0.14094615,nan,0.00000000,0,0,0,0.05097760,0.00569652,0.21279505,0.22527935,0.00056190,0.72557408,0.10375777,0.04229122,0.95770878,-13.07627535
109800,0.38189176,0.38189176,432,1.00000000,0.38189176,nan,0.00000000,0,0,0,0.07941390,0.00701922,0.64981627,0.68769586,0.00586430,1.05425370,0.19206332,-0.10806399,1.10806399,-5.31842697
109900,0.19740422,0.19740422,202,1.00000000,0.19740422,nan,0.00000000,0,0,0,0.10115127,0.01338934,0.12594232,0.13315757,0.00328320,0.75284970,0.22852165,-0.13396169,1.13396169,-5.23800341
110000,0.36276275,0.36276275,411,1.00000000,0.36276275,nan,0.00000000,0,0,0,0.46297768,0.03085416,1.46877325,1.55486369,0.00523573,5.06495762,0.78502232,0.09235363,0.90764637,9.90860589
110100,0.38729706,0.38729706,264,1.00000000,0.38729706,nan,0.00000000,0,0,0,0.23038547,0.00882532,0.35804868,0.37728271,0.03107031,1.22504675,0.23675238,0.12473948,0.87526052,-0.74969792
110200,0.47940907,0.47940907,284,1.00000000,0.47940907,nan,0.00000000,0,0,0,0.10129820,0.00802454,0.86453390,0.91510350,0.00485032,1.26508772,0.23987658,0.00671386,0.99328614,-4.66503811
110300,1.63972366,1.63972366,264,1.00000000,1.63972366,nan,0.00000000,0,0,0,0.07911973,0.00635616,1.09444880,1.15868771,0.00238928,0.66750079,0.19652025,-0.15316089,1.15316089,5.97679710
110400,0.15598732,0.15598732,131,0.99999795,0.15598605,nan,0.00000000,0,0,0,0.05631037,0.00812161,0.11132301,0.11773763,0.00227449,0.71824813,0.13263489,0.13882190,0.86117810,-12.12685990
110500,0.29636610,0.29636610,387,1.00000000,0.29636610,nan,0.00000000,0,0,0,0.04185156,0.00643753,0.21912846,0.23199053,0.00047319,0.65474564,0.14007613,0.22111160,0.77888840,-11.85019175
110600,0.39236391,0.39236391,167,0.99999994,0.39236382,nan,0.00000000,0,0,0,0.11938377,0.01173623,0.19999719,0.20771977,0.06871327,0.91044360,0.27032614,-0.02750213,1.02750213,-4.57583062
110700,0.26088127,0.26088127,301,1.00000000,0.26088127,nan,0.00000000,0,0,0,0.06147243,0.00687394,0.41960207,0.44428414,0.00000710,0.99417621,0.12751204,0.15505630,0.84494370,-8.52675972
110800,0.26966774,0.26966774,373,1.00000000,0.26966774,nan,0.00000000,0,0,0,0.13268733,0.00890199,0.10901003,0.11522605,0.00333758,1.00870454,0.15672722,-0.01544294,1.01544294,-5.15645711
110900,0.22727153,0.22727153,34,0.96662673,0.19841762,nan,0.00000000,0,0,0,0.10604021,0.01076462,0.37672564,0.39881855,0.00114631,0.96263409,0.15877578,0.14509240,0.85490760,-6.59789149
111000,0.59940332,0.59940332,339,1.00000000,0.59940332,nan,0.00000000,0,0,0,0.51449287,0.01772541,1.12031674,1.10265338,1.42059350,4.83802128,0.29477713,0.00103885,0.99896115,12.29556923
111100,0.21954259,0.21954259,207,1.00000000,0.21954259,nan,0.00000000,0,0,0,0.06403900,0.01149786,0.05493473,0.05816529,0.00001510,0.98294133,0.23138934,0.15907583,0.84092417,-8.38182163
111200,0.32196516,0.32196516,317,1.00000000,0.32196516,nan,0.00000000,0,0,0,0.05353965,0.00806590,0.07606331,0.07910343,0.02438129,0.48925474,0.17940679,0.09150063,0.90849937,-4.34138548
111300,0.18328752,0.18328752,314,1.00000000,0.18328752,nan,0.00000000,0,0,0,0.05434176,0.00844481,0.11747596,0.12284610,0.02618359,0.55986315,0.15894139,-0.05301750,1.05301750,-9.56501198
111400,0.90023488,0.90023488,50,0.99326205,0.87621606,nan,0.00000000,0,0,0,0.11692201,0.01161821,0.74892336,0.79173082,0.02119668,0.87467754,0.23259704,-0.19445607,1.19445607,-0.75193461
111500,1.44960427,1.44960427,315,1.00000000,1.44960427,nan,0.00000000,0,0,0,0.14225060,0.01094306,0.26326987,0.26807442,0.18159251,1.07128048,0.26741913,-0.05303412,1.05303412,8.35743427
111600,0.49618509,0.49618509,595,1.00000000,0.49618509,nan,0.00000000,0,0,0,0.17933673,0.00629272,0.29011425,0.30491281,0.03853855,1.09437537,0.13416055,0.20143989,0.79856011,-2.10513371
111700,0.36080781,0.36080781,274,1.00000000,0.36080781,nan,0.00000000,0,0,0,0.09107257,0.00600183,0.10139049,0.10527078,0.03542548,0.65347850,0.15669993,-0.19940124,1.19940124,-6.50669134
111800,0.31123522,0.31123522,30,0.95021293,0.25373039,nan,0.00000000,0,0,0,0.03951770,0.01044204,0.07637003,0.08033516,0.00896280,0.56292033,0.29302248,-0.05935012,1.05935012,-6.74134398
111900,0.28078282,0.28078282,359,1.00000000,0.28078282,nan,0.00000000,0,0,0,0.16380797,0.01121303,0.19677193,0.20728341,0.01807672,1.00585890,0.16606978,-0.01739586,1.01739586,-3.44370937
112000,0.41936317,0.41936317,138,0.99999898,0.41936147,nan,0.00000000,0,0,0,0.36378661,0.02063956,1.48458326,1.56501567,0.11723281,4.01840401,0.40932104,0.00096203,0.99903797,8.56163740
112100,0.10331506,0.10331506,180,0.99999998,0.10331506,nan,0.01381788,0,0,0,0.06509865,0.00687770,0.06732041,0.07089364,0.00657578,0.84371054,0.15059827,-0.05470507,1.05470507,-9.68808861
112200,0.40790352,0.40790352,175,0.99999997,0.40790348,nan,0.00000000,0,0,0,0.03635874,0.01154579,0.53481221,0.56584293,0.00729025,0.79034203,0.38182279,0.25682761,0.74317239,-7.86508846
112300,0.59939837,0.59939837,50,0.99326205,0.58340606,nan,0.00000000,0,0,0,0.09616593,0.00804709,0.16315246,0.17137550,0.02336075,0.59402877,0.11178887,0.06997026,0.93002974,-4.69143784
112400,0.19593360,0.19593360,427,1.00000000,0.19593360,nan,0.00000000,0,0,0,0.04792484,0.01390861,0.06919799,0.07324988,0.00031582,0.47520044,0.21063934,-0.04543033,1.04543033,-9.85476124
112500,0.46584019,0.46584019,62,0.99797057,0.46207013,nan,0.00000000,0,0,0,0.18446903,0.01608180,0.33429083,0.35320866,0.01268728,0.67507935,0.24561773,0.09305439,0.90694561,1.88921499
112600,0.32613349,0.32613349,368,1.00000000,0.32613349,nan,0.00000000,0,0,0,0.07449757,0.01079611,0.04419957,0.04661204,0.00318759,0.80146229,0.22279723,0.07437886,0.92562114,-5.54548836
112700,0.16253661,0.16253661,269,1.00000000,0.16253661,nan,0.00000000,0,0,0,0.05611100,0.01383517,0.03861566,0.04015550,0.01243829,0.92576069,0.46451166,0.06008163,0.93991837,-8.90374279
112800,0.16621473,0.16621473,734,1.00000000,0.16621473,nan,0.00000000,0,0,0,0.03243127,0.00512969,0.02960266,0.03131498,0.00049323,0.46345562,0.11266199,-0.12522037,1.12522037,-16.40322495
112900,0.93521512,0.93521512,497,1.00000000,0.93521512,nan,0.00000000,0,0,0,0.15440160,0.01038665,1.27415788,1.34910607,0.00003676,1.04816294,0.11184743,-0.25456970,1.25456970,5.21541858
113000,0.37837836,0.37837836,622,1.00000000,0.37837836,nan,0.00000000,0,0,0,0.41465175,0.03365434,0.40442422,0.40166694,0.45129773,3.95152235,0.78071374,-0.08519025,1.08519025,8.89934921
113100,1.12949610,1.12949610,299,1.00000000,1.12949610,nan,0.00000000,0,0,0,0.14477962,0.00994412,1.87714553,1.98736441,0.00342485,0.69728732,0.22268057,-0.14211721,1.14211721,3.51228412
113200,0.52364266,0.52364266,469,1.00000000,0.52364266,nan,0.00000000,0,0,0,0.06314924,0.00574217,0.11318903,0.11767717,0.03689080,0.58891326,0.06911382,0.25609317,0.74390683,-7.76279080
113300,0.89563817,0.89563817,427,1.00000000,0.89563817,nan,0.00000000,0,0,0,0.05146288,0.00773503,0.73230201,0.77535653,0.00037570,0.63274544,0.20358771,-0.19564083,1.19564083,-2.49354734
113400,0.34093297,0.34093297,267,1.00000000,0.34093297,nan,0.00000000,0,0,0,0.17375901,0.01053335,0.91534764,0.96910208,0.00152215,1.23931479,0.14878200,0.01391798,0.98608202,-4.27960563
113500,0.29735348,0.29735348,365,1.00000000,0.29735348,nan,0.00000000,0,0,0,0.06361173,0.01187096,0.11520251,0.11981880,0.03672559,0.72300571,0.24238589,-0.10032884,1.10032884,-6.01146847
113600,0.67694050,0.67694050,189,0.99999999,0.67694048,nan,0.00000000,0,0,0,0.06509235,0.00964002,0.74232650,0.78538287,0.01036853,0.69566393,0.17416371,-0.11663811,1.11663811,-6.84417915
113700,0.85778785,0.85778785,122,0.99999497,0.85777059,nan,0.00000000,0,0,0,0.14174798,0.01195085,0.25553501,0.27045417,0.00190871,0.61747718,0.18548831,-0.19689692,1.19689692,0.02491996
113800,1.48550892,1.48550892,632,1.00000000,1.48550892,nan,0.00000000,0,0,0,0.17750126,0.00876993,1.97992492,2.09638715,0.00006860,1.14350438,0.13757898,0.33768947,0.66231053,7.84818864
113900,0.30293679,0.30293679,124,0.99999588,0.30293180,nan,0.00000000,0,0,0,0.12469343,0.01138663,0.17077377,0.18038012,0.00746600,0.99948627,0.28698575,-0.06561137,1.06561137,-3.33014170
114000,0.20350364,0.20350364,377,1.00000000,0.20350364,nan,0.00000000,0,0,0,0.43129909,0.01825934,0.94960213,1.00440061,0.01802710,5.24663019,0.35250384,0.22346776,0.77653224,7.88422704
114100,0.28319436,0.28319436,433,1.00000000,0.28319436,nan,0.00000000,0,0,0,0.29459655,0.00947045,1.08767307,1.15042055,0.02096699,1.53135395,0.28094065,0.01719361,0.98280639,-1.42422533
114200,0.39866006,0.39866006,74,0.99938875,0.39768623,nan,0.00000000,0,0,0,0.04540059,0.01183403,0.19730969,0.20750251,0.02403172,0.64162642,0.29474461,0.14319827,0.85680173,-5.81612384
114300,0.06499370,0.06499370,804,1.00000000,0.06499370,nan,0.00000000,0,0,0,0.03559327,0.00581093,0.03094414,0.03275405,0.00017563,0.51801682,0.17848818,-0.02564657,1.02564657,nan
114400,0.11465804,0.11465804,127,0.99999695,0.11465664,nan,0.00000000,0,0,0,0.04129592,0.00807726,0.09484790,0.10030311,0.00210933,0.68634599,0.18089956,0.10448819,0.89551181,-15.25727654
114500,0.79606110,0.79606110,144,0.99999944,0.79605932,nan,0.00000000,0,0,0,0.07124030,0.00904463,0.32288110,0.34137648,0.00846089,0.98165298,0.17992179,0.37321993,0.62678007,-0.35231376
114600,0.48511833,0.48511833,353,1.00000000,0.48511833,nan,0.00000000,0,0,0,0.17002699,0.00993851,0.49136522,0.51410753,0.10474636,1.43387461,0.23938915,0.20958913,0.79041087,-0.91352350
114700,0.40137371,0.40137371,519,1.00000000,0.40137371,nan,0.00000000,0,0,0,0.05550395,0.01574342,0.47625488,0.50386280,0.00692015,0.64302135,0.21900159,-0.10466761,1.10466761,-1.29977274
114800,0.72610676,0.72610676,64,0.99833844,0.72129291,nan,0.00000000,0,0,0,0.07696624,0.01145290,0.24840933,0.26228777,0.01247621,0.85240090,0.29524681,-0.30340300,1.30340300,-0.56714163
114900,1.00221109,1.00221109,47,0.99090472,0.96624398,nan,0.00000000,0,0,0,0.12746991,0.01047147,1.94253862,2.04947042,0.12469851,0.97855687,0.23138472,0.10984876,0.89015124,6.92141946
115000,0.98299611,0.98299611,174,0.99999997,0.98299600,nan,0.00000000,0,0,0,0.46515471,0.02463912,0.92715794,0.86938518,1.90929568,3.73647976,0.63147587,-0.05890364,1.05890364,13.16214593
115100,0.34947446,0.34947446,241,1.00000000,0.34947446,nan,0.00000000,0,0,0,0.14948438,0.01088673,0.62350971,0.65876466,0.02417612,1.16003036,0.27609548,0.02935279,0.97064721,-4.89473557
115200,0.13467449,0.13467449,467,1.00000000,0.13467449,nan,0.00000000,0,0,0,0.04038632,0.00904549,0.06472964,0.06848862,0.00082702,0.48502529,0.12004697,0.11684063,0.88315937,-13.74968290
115300,0.15283196,0.15283196,182,0.99999999,0.15283195,nan,0.00000000,0,0,0,0.05429473,0.01501781,0.11950636,0.12594680,0.01001873,0.81251824,0.35437605,-0.09011422,1.09011422,-7.57453156
115400,0.19680291,0.19680291,443,1.00000000,0.19680291,nan,0.00000000,0,0,0,0.05022535,0.00809055,0.08449133,0.08933917,0.00207813,0.73685026,0.22858609,0.17998462,0.82001538,-10.43765199
115500,0.16669792,0.16669792,951,1.00000000,0.16669792,nan,0.00000000,0,0,0,0.03522814,0.00694172,0.06059179,0.06371447,0.00750606,0.61046147,0.18975468,0.07403684,0.92596316,-11.69863367
115600,0.20468375,0.20468375,55,0.99591323,0.20135822,nan,0.00000000,0,0,0,0.09760536,0.00939605,0.15024492,0.15814523,0.01593964,1.20460057,0.22371155,0.34350917,0.65649083,-5.69489372
115700,0.78975457,0.78975457,102,0.99996283,0.78963715,nan,0.00000000,0,0,0,0.04209248,0.00974404,0.31964558,0.33671877,0.02940235,0.63059789,0.30652550,0.10151953,0.89848047,0.16761869
115800,0.61281466,0.61281466,632,1.00000000,0.61281466,nan,0.00000000,0,0,0,0.04857880,0.00817105,0.22409469,0.23616701,0.01886531,0.52686739,0.16392475,0.15852735,0.84147265,-5.09555976
115900,0.41458637,0.41458637,602,1.00000000,0.41458637,nan,0.00000000,0,0,0,0.22167321,0.01016961,0.56322449,0.59569663,0.01119680,1.35045457,0.22921784,-0.20033239,1.20033239,-0.63388753
116000,0.81243724,0.81243724,353,1.00000000,0.81243724,nan,0.00000000,0,0,0,0.46054506,0.02405338,2.62321472,2.71992922,0.97906667,4.40930891,0.39590263,0.09614129,0.90385871,13.84221611
116100,0.20901476,0.20901476,223,1.00000000,0.20901476,nan,0.00000000,0,0,0,0.04759745,0.00856781,0.04183399,0.04421690,0.00132445,0.53372175,0.15696342,-0.08697793,1.08697793,-11.32507165
116200,0.20653759,0.20653759,522,1.00000000,0.20653759,nan,0.00000000,0,0,0,0.04455884,0.01272954,0.09544066,0.10092825,0.00215140,0.62826270,0.24511777,-0.04497790,1.04497790,-10.27600932
116300,0.14948688,0.14948688,260,1.00000000,0.14948688,nan,0.00000000,0,0,0,0.07939184,0.00657522,0.10112006,0.10620210,0.01472531,0.78163201,0.13491601,-0.05297698,1.05297698,-8.83767014
116400,0.17525308,0.17525308,366,1.00000000,0.17525308,nan,0.00000000,0,0,0,0.03471680,0.00831609,0.03683460,0.03862314,0.00642955,0.57399380,0.27548546,0.17819492,0.82180508,-12.30706348
116500,0.91540611,0.91540611,29,0.94497678,0.72995881,nan,0.00000000,0,0,0,0.18801387,0.01241548,1.99160719,2.10815263,0.01033416,1.14177537,0.09659538,0.15543939,0.84456061,0.87616837
116600,0.61429745,0.61429745,339,1.00000000,0.61429745,nan,0.00000000,0,0,0,0.15759926,0.01254232,0.40433148,0.42754364,0.00972510,0.87283856,0.21075670,-0.25416750,1.25416750,-0.44968477
116700,0.77979243,0.77979243,121,0.99999444,0.77977509,nan,0.00000000,0,0,0,0.09430543,0.01795909,1.11339867,1.17888200,0.00018138,1.11686945,0.34500146,-0.03822631,1.03822631,1.86670199
116800,0.14816353,0.14816353,506,1.00000000,0.14816353,nan,0.00000000,0,0,0,0.04322662,0.00661614,0.06522978,0.06885030,0.00368087,0.59150648,0.10484233,-0.06144962,1.06144962,-11.92891693
116900,0.22852843,0.22852843,229,1.00000000,0.22852842,nan,0.00000000,0,0,0,0.03732677,0.01057268,0.18391232,0.19468063,0.00085079,0.60343808,0.23705210,-0.01249356,1.01249356,-5.65604448
117000,0.12000097,0.12000097,665,1.00000000,0.12000097,nan,0.00000000,0,0,0,0.45135906,0.03014540,0.48957443,0.51151621,0.11656322,4.37709999,0.51530212,-0.00211107,1.00211107,6.89422679
117100,0.77890325,0.77890325,181,0.99999999,0.77890320,nan,0.00000000,0,0,0,0.15072510,0.00934607,0.85489863,0.89927161,0.10055699,1.37573898,0.26807269,-0.33566008,1.33566008,0.89985545
117200,0.29865420,0.29865420,185,0.99999999,0.29865419,nan,0.00000000,0,0,0,0.17470245,0.01652412,0.19923426,0.21094464,0.00015792,1.15092421,0.32111758,0.01283739,0.98716261,-2.68481835
117300,0.28700605,0.28700605,190,0.99999999,0.28700604,nan,0.00000000,0,0,0,0.06192005,0.00950797,0.16575317,0.17497703,0.00894757,0.70333701,0.12947835,0.29556324,0.70443676,-11.69033766
117400,0.23289262,0.23289262,312,1.00000000,0.23289262,nan,0.00000000,0,0,0,0.05249787,0.01226384,0.18613824,0.19698282,0.00178056,0.77888751,0.31612432,-0.17728356,1.17728356,-6.93233490
117500,1.59352279,1.59352279,401,1.00000000,1.59352279,nan,0.00000000,0,0,0,0.04523464,0.00768186,0.39194781,0.41294080,0.03506654,0.44496167,0.11003792,-0.36713705,1.36713705,2.83536601
117600,0.49657303,0.49657303,249,1.00000000,0.49657303,nan,0.00000000,0,0,0,0.14558105,0.01443973,0.43359339,0.45909151,0.00012525,1.12970626,0.24001569,0.04220910,0.95779090,-1.94816681
117700,1.63355815,1.63355815,183,0.99999999,1.63355808,nan,0.00000000,0,0,0,0.10466805,0.01510754,0.32746470,0.34186214,0.08270802,0.67054230,0.24937211,0.06252712,0.93747288,11.54072905
117800,0.37264067,0.37264067,356,1.00000000,0.37264067,nan,0.00000000,0,0,0,0.09548641,0.01277213,0.25187799,0.26661980,0.00126736,0.88962936,0.18267812,-0.04920329,1.04920329,-4.82435226
117900,0.27004537,0.27004537,655,1.00000000,0.27004537,nan,0.00000000,0,0,0,0.15877685,0.00751219,0.46030691,0.48737919,0.00007787,1.57364702,0.09982052,0.27967483,0.72032517,-2.93504405
118000,0.12107792,0.12107792,610,1.00000000,0.12107792,nan,0.00000000,0,0,0,0.39876199,0.02093849,0.56369555,0.59684813,0.00010092,4.93210697,0.24828349,-0.09432899,1.09432899,7.74543015
118100,0.58575988,0.58575988,233,1.00000000,0.58575988,nan,0.00000000,0,0,0,0.13196762,0.01149235,0.96042794,1.01671314,0.00357997,1.16201258,0.24275893,0.11088166,0.88911834,1.71817927
118200,0.28206289,0.28206289,404,1.00000000,0.28206289,nan,0.00000000,0,0,0,0.06566600,0.01446006,0.23962869,0.25355923,0.00280939,0.97309279,0.19668825,-0.03554472,1.03554472,-7.42300749
118300,0.23766476,0.23766476,165,0.99999993,0.23766469,nan,0.00000000,0,0,0,0.15218556,0.00981523,0.07387951,0.07654263,0.02860620,0.71308988,0.10688706,-0.12792639,1.12792639,-5.40786523
118400,1.59443605,1.59443605,146,0.99999954,1.59443314,nan,0.00000000,0,0,0,0.20096047,0.01681259,0.77636260,0.80642790,0.26525274,1.59488320,0.43698508,-0.36722021,1.36722021,12.11390591
118500,0.23731661,0.23731661,401,1.00000000,0.23731661,nan,0.00000000,0,0,0,0.06595480,0.01132131,0.14095184,0.14911775,0.00213147,0.91061711,0.19648661,-0.05410408,1.05410408,-7.54537662
118600,0.26192632,0.26192632,183,0.99999999,0.26192631,nan,0.00000000,0,0,0,0.04975998,0.01209190,0.05468424,0.05615904,0.02961261,0.48292863,0.11147641,0.10043856,0.89956144,-7.64952927
118700,0.09104217,0.09104217,858,1.00000000,0.09104217,nan,0.00000000,0,0,0,0.04862572,0.01007797,0.07128158,0.07543001,0.00075824,0.76602209,0.20884362,0.01031088,0.98968912,-10.90060012
118800,0.26149398,0.26149398,250,1.00000000,0.26149398,nan,0.00000000,0,0,0,0.11741409,0.01359671,0.21508799,0.22626638,0.02505530,0.92501122,0.20124647,0.05216513,0.94783487,-5.35570908
118900,0.40000966,0.40000966,212,1.00000000,0.40000966,nan,0.00000000,0,0,0,0.23081906,0.01169968,0.20884931,0.22104475,0.00152672,1.21234024,0.18791315,-0.06697664,1.06697664,-2.30704036
119000,0.72092181,0.72092181,546,1.00000000,0.72092181,nan,0.00000000,0,0,0,0.39400080,0.02401142,1.86493194,1.97446871,0.00280776,4.14179802,0.43189344,-0.07152960,1.07152960,12.10734558
119100,0.24556249,0.24556249,54,0.99548342,0.24115605,nan,0.00000000,0,0,0,0.22289552,0.01256561,0.22193787,0.23457702,0.00707271,1.25991166,0.26999086,0.03754691,0.96245309,-2.40067605
119200,0.59261984,0.59261984,112,0.99998633,0.59258742,nan,0.00000000,0,0,0,0.17822498,0.00917285,0.46119171,0.48484230,0.05913120,1.47510636,0.20633017,0.09817835,0.90182165,1.15879250
119300,0.32776356,0.32776356,302,1.00000000,0.32776356,nan,0.00000000,0,0,0,0.16313849,0.01464885,0.25118664,0.26322332,0.04656298,1.27283549,0.40856996,0.07008511,0.92991489,-0.85259043
119400,0.24353796,0.24353796,229,1.00000000,0.24353796,nan,0.00000000,0,0,0,0.05783357,0.00739500,0.46368259,0.49071553,0.00412321,0.98524243,0.16156851,0.23321164,0.76678836,-8.06410122
119500,0.82302064,0.82302064,431,1.00000000,0.82302064,nan,0.00000000,0,0,0,0.20433941,0.01099153,2.17332363,2.30036163,0.01367486,1.39539993,0.17920186,-0.09737636,1.09737636,nan
119600,0.13641705,0.13641705,284,1.00000000,0.13641705,nan,0.00000000,0,0,0,0.03122358,0.01154062,0.04548261,0.04813786,0.00034323,0.48875386,0.19457096,0.05698484,0.94301516,-14.53970337
119700,0.33161411,0.33161411,345,1.00000000,0.33161411,nan,0.00000000,0,0,0,0.03610896,0.01288794,0.25187457,0.26584128,0.01444011,0.64149010,0.30546898,0.08395499,0.91604501,-4.22269551
119800,0.43610507,0.43610507,384,1.00000000,0.43610507,nan,0.00000000,0,0,0,0.13156570,0.01496767,0.13670196,0.14375675,0.01677021,1.13773715,0.23178270,0.07449725,0.92550275,-2.25323265
119900,0.49989727,0.49989727,495,1.00000000,0.49989727,nan,0.00000000,0,0,0,0.09619267,0.01238284,0.06062457,0.06060117,0.06102230,0.72816110,0.19015341,-0.20088623,1.20088623,-4.70798707
120000,0.23515977,0.23515977,551,1.00000000,0.23515977,nan,0.00000000,0,0,0,0.45987096,0.02463104,0.88964009,0.93987048,0.03572206,4.13986397,0.29744175,0.01496061,0.98503939,7.39457715
120100,0.84587455,0.84587455,765,1.00000000,0.84587455,nan,0.00000000,0,0,0,0.06774790,0.00844347,0.29774687,0.31515363,0.00183171,0.87333053,0.18482615,-0.39114241,1.39114241,-2.07652092
120200,0.14746374,0.14746374,352,1.00000000,0.14746374,nan,0.00000000,0,0,0,0.04221581,0.01192797,0.03912270,0.04104415,0.00645812,0.53405041,0.22801773,0.00627997,0.99372003,-11.55788898
120300,0.24356736,0.24356736,109,0.99998154,0.24354938,nan,0.00000000,0,0,0,0.03178610,0.00628062,0.03850069,0.04057272,0.00327621,0.52700752,0.11561266,-0.01629771,1.01629771,-12.17260456
120400,0.23760359,0.23760359,517,1.00000000,0.23760359,nan,0.00000000,0,0,0,0.05725130,0.00860636,0.14625548,0.15454116,0.00539866,0.57962853,0.13502917,0.26094379,0.73905621,-10.05544901
120500,1.20978892,1.20978892,106,0.99997508,1.20966835,nan,0.00000000,0,0,0,0.03698940,0.00530166,2.97549582,3.15022945,0.00502329,0.63320035,0.09956833,-0.07494682,1.07494682,-1.43597817
120600,0.39272034,0.39272034,133,0.99999833,0.39271771,nan,0.00000000,0,0,0,0.17280346,0.01868558,0.29947823,0.31455576,0.04316094,0.94174534,0.21227385,0.16615131,0.83384869,-2.44011704
120700,0.15038258,0.15038258,108,0.99997960,0.15037031,nan,0.00000000,0,0,0,0.04365925,0.00809648,0.07005104,0.07371103,0.00783115,0.65642804,0.12522487,0.21029691,0.78970309,-10.00754690
120800,0.13654922,0.13654922,763,1.00000000,0.13654922,nan,0.00000000,0,0,0,0.03104931,0.00451360,0.06214839,0.06544680,0.00607531,0.45961529,0.08746445,-0.01840524,1.01840524,-15.88503297
120900,0.31898123,0.31898123,241,1.00000000,0.31898123,nan,0.00000000,0,0,0,0.35070470,0.01551050,0.45598760,0.47868270,0.07017190,1.62979746,0.40716225,-0.02847560,1.02847560,1.94339373
121000,0.11605804,0.11605804,397,1.00000000,0.11605804,nan,0.00000000,0,0,0,0.48969853,0.02483939,0.80813628,0.85413378,0.02617862,4.89678860,0.31000194,0.14160191,0.85839809,7.61285086
121100,0.24894190,0.24894190,624,1.00000000,0.24894190,nan,0.00000000,0,0,0,0.09892553,0.00967683,0.37749255,0.39969632,0.00002852,1.43269265,0.15607500,-0.07969237,1.07969237,-5.01714404
121200,0.29097965,0.29097965,969,1.00000000,0.29097965,nan,0.00000000,0,0,0,0.08250349,0.01051125,0.07844174,0.08202403,0.01754281,1.04653561,0.30995336,-0.19893680,1.19893680,-6.86988831
121300,0.39019522,0.39019522,92,0.99989896,0.39003754,nan,0.00000000,0,0,0,0.13446808,0.01591651,0.41890606,0.44322786,0.00543532,1.14403486,0.22283727,0.00868555,0.99131445,-1.72979798
121400,0.32752195,0.32752195,49,0.99255342,0.31787470,nan,0.00000000,0,0,0,0.10706748,0.01502123,0.25417411,0.26768070,0.02456226,1.17482388,0.37738401,-0.09570049,1.09570049,-2.89156073
121500,2.63261127,2.63261127,109,0.99998154,2.63241691,nan,0.00000000,0,0,0,0.14486057,0.02132668,13.42853928,14.21725082,0.02043620,1.42073393,0.54280210,-0.08381988,1.08381988,25.31047010
121600,0.36252967,0.36252967,748,1.00000000,0.36252967,nan,0.00000000,0,0,0,0.06760612,0.01103902,0.52811939,0.55873775,0.00760722,1.06866586,0.19608955,0.10457391,0.89542609,-5.24948263
121700,0.33200413,0.33200413,558,1.00000000,0.33200413,nan,0.00000000,0,0,0,0.11371774,0.01412526,0.14425263,0.15086034,0.03192149,0.94311631,0.14391547,0.02468001,0.97531999,-4.48896666
121800,0.35839754,0.35839754,749,1.00000000,0.35839754,nan,0.00000000,0,0,0,0.04797175,0.00765693,0.09279655,0.09821200,0.00073378,0.59149891,0.13398252,0.09243413,0.90756587,-12.94144106
121900,0.26024872,0.26024872,348,1.00000000,0.26024872,nan,0.00000000,0,0,0,0.03806156,0.00633233,0.07998871,0.08324201,0.02468250,0.48178270,0.07931747,0.11515721,0.88484279,-12.88768641
122000,0.08119980,0.08119980,605,1.00000000,0.08119980,nan,0.00000000,0,0,0,0.47085544,0.03035728,0.11271211,0.11847325,0.01477281,4.01638699,0.49209541,0.12578991,0.87421009,5.79126883
122100,0.48937687,0.48937687,278,1.00000000,0.48937687,nan,0.00000000,0,0,0,0.14671382,0.02485768,0.62533498,0.65734339,0.08119230,1.90876329,0.91155040,-0.08019678,1.08019678,2.54509959
122200,0.24550959,0.24550959,526,1.00000000,0.24550959,nan,0.00000000,0,0,0,0.03551554,0.00969788,0.11588290,0.12252589,0.00295203,0.48523712,0.15614912,-0.11969127,1.11969127,-9.12818464
122300,0.77241528,0.77241528,229,1.00000000,0.77241528,nan,0.00000000,0,0,0,0.23288576,0.01874553,0.43011799,0.45406988,0.02293589,2.15284896,0.48716938,0.20472673,0.79527327,6.98814631
122400,0.06629373,0.06629373,124,0.99999588,0.06629264,nan,0.00000000,0,0,0,0.04646267,0.00836362,0.01218796,0.01280264,0.00173830,0.78529751,0.22527324,0.02421733,0.97578267,-12.25005500
122500,0.41265580,0.41265580,273,1.00000000,0.41265580,nan,0.00000000,0,0,0,0.11120950,0.00833512,0.13640076,0.14440417,0.00034284,0.85227048,0.13365871,0.04682614,0.95317386,-4.19818171
122600,0.31877029,0.31877029,406,1.00000000,0.31877029,nan,0.00000000,0,0,0,0.05974988,0.00728661,0.16397278,0.17306866,0.00934263,0.75552982,0.11135585,0.04797079,0.95202921,-11.65459251
122700,0.30720192,0.30720192,196,1.00000000,0.30720192,nan,0.00000000,0,0,0,0.02924210,0.00871300,0.05476490,0.05697607,0.01717504,0.47572803,0.13222307,0.02411060,0.97588940,-10.23095385
122800,0.62976062,0.62976062,18,0.83470111,0.30570284,nan,0.00000000,0,0,0,0.14692123,0.01632691,0.25154594,0.26614612,0.00334291,1.08093977,0.47239441,-0.00265094,1.00265094,1.63126397
122900,0.17199333,0.17199333,576,1.00000000,0.17199333,nan,0.00000000,0,0,0,0.02907828,0.00903421,0.08970498,0.09485388,0.00217355,0.42074168,0.11998549,0.04789382,0.95210618,-14.07759619
123000,0.48991287,0.48991287,668,1.00000000,0.48991287,nan,0.00000000,0,0,0,0.34331191,0.02568500,0.87832332,0.88458687,0.77184337,3.20931911,0.59057689,-0.01236133,1.01236133,8.00353231
123100,0.27606046,0.27606046,142,0.99999932,0.27605971,nan,0.02468377,0,0,0,0.33137286,0.01699046,0.31535569,0.33270290,0.02045268,2.28096342,0.44716972,-0.06422530,1.06422530,2.56511002
123200,0.35120651,0.35120651,171,0.99999996,0.35120646,nan,0.00000000,0,0,0,0.16984166,0.00707346,0.67759264,0.71743488,0.00027470,1.03088295,0.14212221,-0.01495090,1.01495090,-5.34379375
123300,0.18847884,0.18847884,559,1.00000000,0.18847884,nan,0.00000000,0,0,0,0.03000175,0.00795983,0.08060189,0.08506640,0.00470510,0.44653213,0.14384285,0.25047830,0.74952170,-11.44679626
123400,0.21209258,0.21209258,566,1.00000000,0.21209258,nan,0.00000000,0,0,0,0.05335967,0.01300067,0.16887692,0.17878103,0.00050688,0.81645954,0.24651305,-0.12321365,1.12321365,-8.77346516
123500,0.63989758,0.63989758,145,0.99999950,0.63989629,nan,0.00000000,0,0,0,0.09346189,0.01588055,0.18841845,0.19142431,0.13731842,0.85313421,0.42522481,-0.12896369,1.12896369,-0.34842400
123600,0.44693649,0.44693649,171,0.99999996,0.44693642,nan,0.00000000,0,0,0,0.31021005,0.01337171,0.55994689,0.58942288,0.05885559,1.39567113,0.24220270,-0.07118382,1.07118382,2.56410879
123700,1.20823371,1.20823371,141,0.99999925,1.20823008,nan,0.00000000,0,0,0,0.12258203,0.01400228,0.89107156,0.93613672,0.12496293,1.04458570,0.13235652,-0.29775195,1.29775195,6.22617469
123800,0.60054356,0.60054356,457,1.00000000,0.60054356,nan,0.00000000,0,0,0,0.20694114,0.01431101,0.86640739,0.91727042,0.00173594,1.29280877,0.29065695,0.00831900,0.99168100,2.21687847
123900,0.90304917,0.90304917,79,0.99962926,0.90171072,nan,0.00000000,0,0,0,0.10125876,0.01013478,0.25111365,0.25723204,0.14710109,0.93316811,0.30937922,-0.07120074,1.07120074,2.52121568
124000,0.36261410,0.36261410,598,1.00000000,0.36261410,nan,0.00000000,0,0,0,0.50284767,0.01833628,1.04230928,1.07967353,0.40711582,4.11241531,0.34063199,0.05485123,0.94514877,8.55287600
124100,0.46678066,0.46678066,301,1.00000000,0.46678066,nan,0.00000000,0,0,0,0.19607085,0.01266460,0.45254135,0.47694212,0.03772901,0.97915244,0.16104455,-0.07456964,1.07456964,-2.76779270
124200,0.23767959,0.23767959,739,1.00000000,0.23767959,nan,0.00000000,0,0,0,0.06600437,0.00575514,0.06718247,0.07077812,0.00605633,0.76539731,0.18089704,0.16270917,0.83729083,-9.17641220
124300,0.31509700,0.31509700,129,0.99999750,0.31509386,nan,0.00000000,0,0,0,0.11080131,0.01576292,0.15895306,0.16821390,0.00151858,1.22209024,0.26166710,0.02681237,0.97318763,-1.85551673
124400,0.17026941,0.17026941,91,0.99988833,0.17019337,nan,0.00000000,0,0,0,0.06326852,0.00659813,0.16872984,0.17799127,0.01128525,0.84046352,0.25789800,0.08741326,0.91258674,-9.58717117
124500,0.27701250,0.27701250,684,1.00000000,0.27701250,nan,0.00000000,0,0,0,0.03728878,0.00850091,0.05061074,0.05354524,0.00072431,0.66526222,0.15976961,0.18855182,0.81144818,-11.41376082
124600,2.60323071,2.60323071,35,0.96980262,2.30274616,nan,0.00000000,0,0,0,0.04100627,0.00761995,3.04782915,3.22653770,0.00978205,0.59914380,0.19273148,-0.07713028,1.07713028,30.33414936
124700,0.33924258,0.33924258,621,1.00000000,0.33924258,nan,0.00000000,0,0,0,0.04381564,0.00691972,0.24216074,0.25640321,0.00003902,0.60276508,0.17893416,-0.06130985,1.06130985,-9.62955030
124800,0.72188354,0.72188354,286,1.00000000,0.72188354,nan,0.00000000,0,0,0,0.05884690,0.00546017,0.22428577,0.23608460,0.02370544,0.59284520,0.06718116,0.42280864,0.57719136,-5.08963513
124900,1.25263524,1.25263524,817,1.00000000,1.25263524,nan,0.00000000,0,0,0,0.06718018,0.01005571,1.05779696,1.11965775,0.00616443,0.79906952,0.16399071,0.29267031,0.70732969,1.43106306
125000,0.88779128,0.88779128,577,1.00000000,0.88779128,nan,0.00000000,0,0,0,0.42859307,0.02672149,0.65249711,0.57719046,1.93271077,3.17106056,0.47625753,-0.11654078,1.11654078,11.95653296
125100,0.17284673,0.17284673,702,1.00000000,0.17284673,nan,0.00000000,0,0,0,0.03640585,0.00784329,0.07113352,0.07528301,0.00059194,0.50335336,0.19125912,-0.10575683,1.10575683,-12.04324245
125200,0.43899202,0.43899202,374,1.00000000,0.43899202,nan,0.00000000,0,0,0,0.18873377,0.00798133,0.78744423,0.83371407,0.00085625,1.00050712,0.18797308,-0.13998794,1.13998794,-3.23278101
125300,0.20782432,0.20782432,71,0.99917490,0.20713926,nan,0.00000000,0,0,0,0.28989124,0.01103286,0.14085096,0.14846151,0.01147161,1.13234270,0.22061759,-0.10557671,1.10557671,-0.93524760
125400,0.12137842,0.12137842,131,0.99999795,0.12137743,nan,0.00000000,0,0,0,0.06509332,0.00843128,0.07325204,0.07754274,0.00031017,0.75450921,0.22565383,-0.01285131,1.01285131,-8.87758478
125500,0.10301920,0.10301920,1123,1.00000000,0.10301920,nan,0.00000000,0,0,0,0.03289318,0.00506114,0.04158800,0.04400998,0.00041436,0.47260317,0.07861637,0.08637098,0.91362902,-14.75878716
125600,0.34092349,0.34092349,368,1.00000000,0.34092349,nan,0.00000000,0,0,0,0.07290904,0.01267174,0.09660331,0.10194388,0.00581363,0.79721147,0.28259870,-0.09009608,1.09009608,-7.07233620
125700,0.97608197,0.97608197,699,1.00000000,0.97608197,nan,0.00000000,0,0,0,0.05325725,0.01040925,0.60766387,0.64338797,0.00035465,0.68284649,0.22866338,0.09823441,0.90176559,1.04390109
125800,0.27531072,0.27531072,338,1.00000000,0.27531072,nan,0.00000000,0,0,0,0.08862242,0.00984815,0.12512632,0.13244082,0.00077983,0.78750330,0.27911103,0.12256525,0.87743475,-7.82061100
125900,0.88168418,0.88168418,574,1.00000000,0.88168418,nan,0.00000000,0,0,0,0.10785630,0.00786034,0.15909678,0.16491862,0.06012569,0.60255408,0.19180383,-0.20187529,1.20187529,0.40258265
126000,1.72127867,1.72127867,359,1.00000000,1.72127867,nan,0.00000000,0,0,0,0.46116564,0.01363181,1.09841073,1.03742826,2.13511276,4.17729759,0.23465565,0.20596105,0.79403895,21.72700310
126100,0.13530177,0.13530177,338,1.00000000,0.13530177,nan,0.00000000,0,0,0,0.03675235,0.01190464,0.10724622,0.11331584,0.00406268,0.63360173,0.29577929,0.05693778,0.94306222,-7.46376824
126200,0.23776552,0.23776552,269,1.00000000,0.23776552,nan,0.00000000,0,0,0,0.07453254,0.00770609,0.09349009,0.09786409,0.01913222,0.93423432,0.15202658,0.15742359,0.84257641,-9.58160019
126300,0.25733349,0.25733349,515,1.00000000,0.25733349,nan,0.00000000,0,0,0,0.03616076,0.01147260,0.04993342,0.05260322,0.00454675,0.54141736,0.21697758,-0.01080753,1.01080753,-12.17513561
126400,0.21089873,0.21089873,458,1.00000000,0.21089873,nan,0.00000000,0,0,0,0.03126235,0.00636735,0.14762574,0.15624785,0.00104992,0.46463415,0.10090713,0.06038285,0.93961715,-13.93376795
126500,0.30509746,0.30509746,231,1.00000000,0.30509746,nan,0.00000000,0,0,0,0.26574123,0.00905190,0.21180862,0.22358122,0.01167453,1.12783504,0.17339557,0.00481088,0.99518912,-3.31981069
126600,0.17186943,0.17186943,178,0.99999998,0.17186941,nan,0.00000000,0,0,0,0.04601131,0.00807988,0.08774213,0.09289294,0.00017843,0.59660256,0.20937803,-0.00380320,1.00380320,-12.64815021
126700,0.54915798,0.54915798,252,1.00000000,0.54915798,nan,0.00000000,0,0,0,0.04083958,0.00811301,0.13137993,0.13525492,0.06550520,0.47077385,0.12574631,0.10127023,0.89872977,-7.43983650
126800,0.56423855,0.56423855,267,1.00000000,0.56423855,nan,0.00000000,0,0,0,0.11272480,0.00656242,0.13871308,0.14411516,0.04687769,0.57499027,0.13982213,0.03417003,0.96582997,-5.65988143
126900,0.19722167,0.19722167,440,1.00000000,0.19722167,nan,0.00000000,0,0,0,0.12045170,0.01981812,0.22591861,0.23919518,0.00021711,1.22693729,0.21043633,-0.00915655,1.00915655,-2.88921261
127000,0.51700443,0.51700443,297,1.00000000,0.51700443,nan,0.00000000,0,0,0,0.51788831,0.02134273,1.05089140,1.02628613,1.46917951,4.57803917,0.55601865,-0.08117003,1.08117003,11.33647919
127100,0.16059326,0.16059326,532,1.00000000,0.16059326,nan,0.00000000,0,0,0,0.05227583,0.00521273,0.08962196,0.09477959,0.00194225,0.58581042,0.11507893,0.22637889,0.77362111,-11.49409930
127200,0.24611203,0.24611203,124,0.99999588,0.24610798,nan,0.00000000,0,0,0,0.02902006,0.00650299,0.11916012,0.12603579,0.00227379,0.41147617,0.12732787,-0.04973764,1.04973764,-13.98219061
127300,0.06904612,0.06904612,303,1.00000000,0.06904612,nan,0.00000000,0,0,0,0.05741261,0.00878837,0.06321304,0.06675968,0.00292008,0.73258138,0.17405549,0.02564225,0.97435775,-9.99066496
127400,0.25176522,0.25176522,411,1.00000000,0.25176522,nan,0.00000000,0,0,0,0.03046265,0.00727663,0.06282457,0.06650016,0.00033940,0.47010532,0.18413167,-0.07197957,1.07197957,-15.99518681
127500,0.22076315,0.22076315,222,1.00000000,0.22076315,nan,0.00000000,0,0,0,0.16409472,0.01607977,0.70709348,0.74764055,0.01779369,1.12088048,0.24391495,0.08926208,0.91073792,-4.20856889
127600,0.82204932,0.82204932,458,1.00000000,0.82204932,nan,0.00000000,0,0,0,0.12535773,0.00923923,0.94295013,0.99783796,0.00985631,0.81816632,0.22353898,0.07471239,0.92528761,-2.93183398
127700,0.40744647,0.40744647,147,0.99999959,0.40744580,nan,0.00000000,0,0,0,0.04630957,0.01493499,0.14412427,0.15252197,0.00136367,0.53165901,0.21669060,-0.10549419,1.10549419,-5.87415189
127800,0.14321105,0.14321105,395,1.00000000,0.14321105,nan,0.00000000,0,0,0,0.03241806,0.00497870,0.04105150,0.04325667,0.00356369,0.46057150,0.10660977,0.14766003,0.85233997,-15.48294306
127900,0.84353679,0.84353679,350,1.00000000,0.84353679,nan,0.00000000,0,0,0,0.13733223,0.01611663,0.43333575,0.45407265,0.08080854,0.87708122,0.23978414,-0.09581856,1.09581856,-3.17208970
128000,0.44032332,0.44032332,600,1.00000000,0.44032332,nan,0.00000000,0,0,0,0.52427465,0.02997117,0.66814256,0.62710482,1.36578417,4.32331514,0.44861141,-0.07677736,1.07677736,10.45208597
128100,0.15991932,0.15991932,413,1.00000000,0.15991932,nan,0.00000000,0,0,0,0.02639538,0.00636165,0.04532603,0.04770635,0.00486058,0.48284087,0.16479343,-0.15890804,1.15890804,-14.50891042
128200,0.36703730,0.36703730,464,1.00000000,0.36703730,nan,0.00000000,0,0,0,0.13748871,0.00625573,0.47577250,0.50307506,0.01162861,1.39266169,0.10325182,0.06719725,0.93280275,-2.63175056
128300,0.24289709,0.24289709,186,0.99999999,0.24289709,nan,0.00000000,0,0,0,0.04110576,0.00525551,0.17791058,0.18816555,0.00357624,0.58221310,0.11097396,0.20430892,0.79569108,-8.83816624
128400,0.27324045,0.27324045,864,1.00000000,0.27324045,nan,0.00000000,0,0,0,0.06226440,0.00715053,0.40918705,0.43325666,0.00000371,0.68344796,0.11037393,-0.00944872,1.00944872,-10.01379712
128500,0.31708381,0.31708381,281,1.00000000,0.31708381,nan,0.00000000,0,0,0,0.02993583,0.01166239,0.08045667,0.08486936,0.00544091,0.45855489,0.21857278,0.08742612,0.91257388,-11.68409014
128600,0.30720845,0.30720845,427,1.00000000,0.30720845,nan,0.00000000,0,0,0,0.04238995,0.00895593,0.05051368,0.05309270,0.00667035,0.75173026,0.24238825,-0.12940079,1.12940079,-10.91186746
128700,0.21166226,0.21166226,671,1.00000000,0.21166226,nan,0.00000000,0,0,0,0.04156248,0.00519380,0.04189204,0.04421328,0.00243109,0.58239418,0.08713821,0.27752387,0.72247613,-12.30014181
128800,0.55665475,0.55665475,751,1.00000000,0.55665475,nan,0.00000000,0,0,0,0.09373467,0.01081020,0.66928303,0.70804697,0.01029572,1.04481256,0.17745392,-0.00695646,1.00695646,-2.82031050
128900,0.22546823,0.22546823,433,1.00000000,0.22546823,nan,0.00000000,0,0,0,0.13990501,0.00942047,0.20817471,0.22011997,0.00510529,0.93334556,0.18124300,-0.07206900,1.07206900,-6.61058712
129000,0.18637274,0.18637274,576,1.00000000,0.18637274,nan,0.00000000,0,0,0,0.42566764,0.02408331,0.19720137,0.18748039,0.36245805,3.17702198,0.36617851,0.03896282,0.96103718,5.74384856
129100,0.99948144,0.99948144,339,1.00000000,0.99948144,nan,0.04315505,0,0,0,0.21926166,0.00890651,0.90249443,0.95170707,0.06588039,1.36033070,0.16405118,0.37108047,0.62891953,6.49819311
129200,0.75665689,0.75665689,496,1.00000000,0.75665689,nan,0.00000000,0,0,0,0.13503578,0.02295468,1.66467381,1.76238549,0.00357334,1.86014986,0.67462468,-0.06425892,1.06425892,3.92568421
129300,0.34766313,0.34766313,293,1.00000000,0.34766313,nan,0.00000000,0,0,0,0.04930120,0.01025883,0.23865744,0.25260234,0.00159413,0.76825219,0.29590997,-0.07082689,1.07082689,-9.23624166
129400,0.23388073,0.23388073,614,1.00000000,0.23388073,nan,0.00000000,0,0,0,0.03614850,0.00590041,0.04530173,0.04772771,0.00406005,0.47406641,0.06749151,-0.03962166,1.03962166,-10.85804129
129500,0.40565574,0.40565574,348,1.00000000,0.40565574,nan,0.00000000,0,0,0,0.02752062,0.00708010,0.09168027,0.09687465,0.00337589,0.38032034,0.12216908,-0.32085829,1.32085829,-12.92072360
129600,0.33515716,0.33515716,412,1.00000000,0.33515716,nan,0.00000000,0,0,0,0.05665714,0.00649720,0.16377597,0.17263116,0.01323751,0.52841401,0.14679456,-0.09182919,1.09182919,-10.81721719
129700,0.43744233,0.43744233,441,1.00000000,0.43744233,nan,0.00000000,0,0,0,0.07817382,0.00528116,0.24592015,0.26032281,0.00107521,0.59700572,0.16753051,-0.08295599,1.08295599,-7.28541517
129800,0.20691565,0.20691565,551,1.00000000,0.20691565,nan,0.00000000,0,0,0,0.05206861,0.01076205,0.09828199,0.10403303,0.00051442,0.61540937,0.19427297,-0.03269848,1.03269848,-9.12497306
129900,0.23879361,0.23879361,574,1.00000000,0.23879361,nan,0.00000000,0,0,0,0.05009873,0.00663734,0.10934658,0.11577807,0.00001121,0.72201127,0.20869429,0.05885289,0.94114711,-9.35225165
130000,0.67331290,0.67331290,697,1.00000000,0.67331290,nan,0.00000000,0,0,0,0.43415082,0.02222254,1.50652349,1.54657459,0.82565618,3.65248275,0.48188823,0.16563450,0.83436550,11.33778214
130100,0.19505033,0.19505033,730,1.00000000,0.19505033,nan,0.00000000,0,0,0,0.04183101,0.00666273,0.05056819,0.05352178,0.00035728,0.53404897,0.15899833,0.08417629,0.91582371,-12.63651848
130200,0.35039410,0.35039410,843,1.00000000,0.35039410,nan,0.00000000,0,0,0,0.13196261,0.00746859,0.18228319,0.19212887,0.01490662,0.85827720,0.14090690,0.00066571,0.99933429,-3.15872725
130300,0.37589586,0.37589586,317,1.00000000,0.37589586,nan,0.00000000,0,0,0,0.04737266,0.01524181,0.06133860,0.06420380,0.01263007,0.65877235,0.30194902,0.15090687,0.84909313,-4.85901022
130400,0.52986312,0.52986312,756,1.00000000,0.52986312,nan,0.00000000,0,0,0,0.15122944,0.00792475,0.42107841,0.44518268,0.01130614,0.94075847,0.19445229,0.08914602,0.91085398,-1.92661055
130500,0.58881420,0.58881420,166,0.99999994,0.58881405,nan,0.00000000,0,0,0,0.11449353,0.02093079,0.72184730,0.75834692,0.10135300,0.94702244,0.39565504,0.16966875,0.83033125,-1.06569433
130600,0.18131293,0.18131293,179,0.99999998,0.18131292,nan,0.00000000,0,0,0,0.05536916,0.01085229,0.11115560,0.11747468,0.00373129,0.71301568,0.16242425,-0.01476728,1.01476728,-9.97991967
130700,0.28017169,0.28017169,733,1.00000000,0.28017169,nan,0.00000000,0,0,0,0.04304140,0.00948330,0.15029876,0.15906124,0.00133659,0.53944218,0.16293761,-0.11136232,1.11136232,-10.72387377
130800,0.36112970,0.36112970,237,1.00000000,0.36112970,nan,0.00000000,0,0,0,0.22068220,0.01004149,0.14766641,0.15189026,0.07586114,0.87055022,0.18609132,-0.13612371,1.13612371,-3.88959908
130900,0.27218869,0.27218869,994,1.00000000,0.27218869,nan,0.00000000,0,0,0,0.03841187,0.01428365,0.24964730,0.26429361,0.00065947,0.74511743,0.37370396,-0.08000339,1.08000339,-12.92070961
131000,0.19868027,0.19868027,436,1.00000000,0.19868027,nan,0.00000000,0,0,0,0.45526192,0.02066277,0.66233242,0.70126235,0.00052308,3.91401768,0.31399304,0.06879322,0.93120678,6.39396346
131100,0.81463075,0.81463075,451,1.00000000,0.81463075,nan,0.00000000,0,0,0,0.08645332,0.01212080,0.26018110,0.27413729,0.02292625,0.56954700,0.20924371,-0.10059023,1.10059023,-2.47714031
131200,0.10177512,0.10177512,636,1.00000000,0.10177512,nan,0.00000000,0,0,0,0.04603886,0.00681846,0.09449264,0.10004228,0.00014863,0.63752621,0.13276999,0.06676309,0.93323691,-12.06296134
131300,0.70854181,0.70854181,670,1.00000000,0.70854181,nan,0.00000000,0,0,0,0.11945906,0.01060155,0.72458154,0.76533341,0.03180054,1.25164902,0.30406666,-0.27094192,1.27094192,0.29730338
131400,0.92052406,0.92052406,484,1.00000000,0.92052406,nan,0.00000000,0,0,0,0.05374121,0.00769032,0.21802658,0.22955516,0.02204081,0.57994151,0.27321708,0.07955998,0.92044002,nan
131500,0.31857404,0.31857404,391,1.00000000,0.31857404,nan,0.00000000,0,0,0,0.09999683,0.01418519,0.17957589,0.18828951,0.03144437,0.89167553,0.21404107,0.03341824,0.96658176,-6.13681920
131600,0.11723708,0.11723708,1108,1.00000000,0.11723708,nan,0.00000000,0,0,0,0.02595840,0.00777445,0.02790870,0.02954459,0.00009856,0.51683801,0.16879469,0.06171347,0.93828653,-16.17907810
131700,0.75705522,0.75705522,455,1.00000000,0.75705522,nan,0.00000000,0,0,0,0.10290435,0.00989613,0.09510404,0.09656624,0.07024667,0.84913254,0.14745648,-0.11417345,1.11417345,-3.22742589
131800,1.02175009,1.02175009,326,1.00000000,1.02175009,nan,0.00000000,0,0,0,0.08599564,0.02374662,0.23397906,0.24610800,0.02778720,0.90274400,0.54488981,0.09113625,0.90886375,6.83960072
131900,0.24789397,0.24789397,278,1.00000000,0.24789397,nan,0.00000000,0,0,0,0.04248716,0.00493144,0.04462093,0.04697613,0.00458237,0.44530690,0.08735873,-0.17686472,1.17686472,-12.94021702
132000,1.08928597,1.08928597,457,1.00000000,1.08928597,nan,0.00000000,0,0,0,0.49299785,0.02527060,1.53390861,1.46608639,2.68688750,3.63174105,0.54504073,-0.09811790,1.09811790,16.03415012
132100,0.52969790,0.52969790,1038,1.00000000,0.52969790,nan,0.00000000,0,0,0,0.04547262,0.00579498,0.04790030,0.05009839,0.01053275,0.54570305,0.13290331,0.08307263,0.91692737,-6.82939752
132200,0.78940558,0.78940558,798,1.00000000,0.78940558,nan,0.00000000,0,0,0,0.08707029,0.01146406,0.50660485,0.53452057,0.03203828,0.58714938,0.22460331,-0.04828675,1.04828675,0.16999996
132300,0.45789278,0.45789278,200,1.00000000,0.45789277,nan,0.00000000,0,0,0,0.02653861,0.00678162,0.04585096,0.04854760,0.00000814,0.46302849,0.19884589,-0.15552885,1.15552885,-11.39979649
132400,0.47455439,0.47455439,633,1.00000000,0.47455439,nan,0.00000000,0,0,0,0.02320324,0.00470592,0.33587471,0.35556737,0.00109962,0.45159853,0.11077277,0.19143901,0.80856099,-12.87388587
132500,0.56052327,0.56052327,812,1.00000000,0.56052327,nan,0.00000000,0,0,0,0.04046506,0.00613595,0.21656145,0.22824816,0.01788736,0.56507659,0.15239510,-0.20996755,1.20996755,-11.35591459
132600,0.46367359,0.46367359,383,1.00000000,0.46367359,nan,0.00000000,0,0,0,0.02769147,0.00794652,0.13165954,0.13847660,0.01576953,0.47593868,0.23626822,0.19101600,0.80898400,-4.18597478
132700,0.09290414,0.09290414,494,1.00000000,0.09290414,nan,0.00000000,0,0,0,0.04970014,0.00750729,0.06945045,0.07340409,0.00223854,0.48929679,0.10036664,-0.05463103,1.05463103,-11.58719397
132800,0.29065534,0.29065534,764,1.00000000,0.29065534,nan,0.00000000,0,0,0,0.05795601,0.00621952,0.30827749,0.32568246,0.01239281,0.76257128,0.10173059,0.10333987,0.89666013,-9.54453341
132900,0.42935148,0.42935148,1302,1.00000000,0.42935148,nan,0.00000000,0,0,0,0.01658737,0.00599071,0.05827904,0.06163350,0.00125314,0.30638441,0.11658878,-0.14875279,1.14875279,-15.18146960
133000,0.05278505,0.05278505,79,0.99962926,0.05270681,nan,0.00000000,0,0,0,0.39216483,0.03210994,0.02869869,0.02954354,0.01433629,2.82875729,0.51266247,-0.02660286,1.02660286,4.15481782
133100,0.41600865,0.41600865,373,1.00000000,0.41600865,nan,0.00000000,0,0,0,0.05234452,0.00785074,0.13187411,0.13940907,0.00377991,0.60325623,0.17826599,0.25322270,0.74677730,-9.32513396
133200,0.23216003,0.23216003,648,1.00000000,0.23216003,nan,0.00000000,0,0,0,0.04304389,0.00453208,0.19303745,0.20438518,0.00012581,0.53009886,0.10174412,-0.12874534,1.12874534,-11.04769087
133300,0.23301379,0.23301379,563,1.00000000,0.23301379,nan,0.00000000,0,0,0,0.03844079,0.01021016,0.11485585,0.12119938,0.00701574,0.58786416,0.22557180,0.09693498,0.90306502,-8.92113304
133400,0.12213778,0.12213778,176,0.99999998,0.12213777,nan,0.00000000,0,0,0,0.10880952,0.00785272,0.04106786,0.04334137,0.00241819,0.69958681,0.09629814,-0.11026124,1.11026124,-7.82830405
133500,1.65808654,1.65808654,341,1.00000000,1.65808654,nan,0.00000000,0,0,0,0.05501878,0.00855436,1.69971573,1.79899263,0.01200867,0.48428455,0.12155297,-0.12977680,1.12977680,1.22033072
133600,0.59092522,0.59092522,149,0.99999966,0.59092442,nan,0.00000000,0,0,0,0.02943245,0.00420042,0.25976667,0.27472228,0.00552128,0.36058939,0.07990101,0.07617803,0.92382197,-11.61212754
133700,0.16994637,0.16994637,1203,1.00000000,0.16994637,nan,0.00000000,0,0,0,0.03540101,0.00473790,0.17806838,0.18847430,0.00116777,0.63185120,0.11955064,-0.16875377,1.16875377,-13.03713067
133800,0.18806398,0.18806398,753,1.00000000,0.18806398,nan,0.00000000,0,0,0,0.03238690,0.00943237,0.09476951,0.10027397,0.00119352,0.46637863,0.12710252,0.02562852,0.97437148,-12.56779075
133900,0.17148969,0.17148969,709,1.00000000,0.17148969,nan,0.00000000,0,0,0,0.03074011,0.00614559,0.08514684,0.08984580,0.00526447,0.50574613,0.14745861,0.04644461,0.95355539,-13.86030102
134000,0.14865790,0.14865790,349,1.00000000,0.14865790,nan,0.00000000,0,0,0,0.42507800,0.02653744,0.13006954,0.12700455,0.18217418,2.96129131,0.49359953,0.05054913,0.94945087,6.13498330
134100,0.11716567,0.11716567,697,1.00000000,0.11716567,nan,0.00000000,0,0,0,0.02046102,0.00329378,0.03453127,0.03635617,0.00350795,0.33696672,0.05977828,-0.08709689,1.08709689,-19.94618607
134200,0.82581115,0.82581115,319,1.00000000,0.82581115,nan,0.00000000,0,0,0,0.13711768,0.01051452,1.49378216,1.57989156,0.02992454,1.16211915,0.19466342,0.16767503,0.83232497,0.74788102
134300,0.53021210,0.53021210,513,1.00000000,0.53021210,nan,0.00000000,0,0,0,0.06489242,0.01617122,0.08000442,0.08351853,0.02026466,0.77916825,0.29642361,0.27614933,0.72385067,-1.73840857
134400,0.49191135,0.49191135,212,1.00000000,0.49191135,nan,0.00000000,0,0,0,0.04271504,0.00966550,0.19013593,0.20128576,0.00058848,0.54103804,0.22923538,-0.13599826,1.13599826,-7.35799479
134500,0.52636063,0.52636063,1331,1.00000000,0.52636063,nan,0.00000000,0,0,0,0.02181940,0.00527485,0.01320064,0.01298052,0.01694258,0.37190935,0.14693440,-0.28651942,1.28651942,-13.21954174
134600,0.28099242,0.28099242,685,1.00000000,0.28099242,nan,0.00000000,0,0,0,0.01951512,0.00496992,0.06478344,0.06851834,0.00129024,0.24391812,0.06280407,-0.22770160,1.22770160,-16.40375853
134700,0.16362719,0.16362719,477,1.00000000,0.16362719,nan,0.00000000,0,0,0,0.11184222,0.00953300,0.11769055,0.12461308,0.00000750,0.63742328,0.19509123,-0.06424281,1.06424281,-7.67546690
134800,1.19583666,1.19583666,696,1.00000000,1.19583666,nan,0.00000000,0,0,0,0.05205545,0.00906941,0.15715753,0.16389188,0.04267369,0.53299391,0.17788713,-0.32590504,1.32590504,0.55457747
134900,1.26680028,1.26680028,399,1.00000000,1.26680028,nan,0.00000000,0,0,0,0.03083912,0.01777995,0.36921290,0.39092928,0.00003439,0.58174765,0.40977758,0.09427145,0.90572855,14.61017656
135000,0.08258441,0.08258441,442,1.00000000,0.08258441,nan,0.00000000,0,0,0,0.38316301,0.02400919,0.05713779,0.05860889,0.03212905,2.91093230,0.20940511,0.03730114,0.96269886,3.84017533
135100,0.16470882,0.16470882,507,1.00000000,0.16470882,nan,0.00000000,0,0,0,0.03182963,0.01109727,0.06718522,0.07112262,0.00024939,0.46432793,0.22819978,-0.00735754,1.00735754,-10.82466769
135200,1.47971880,1.47971880,771,1.00000000,1.47971880,nan,0.00000000,0,0,0,0.05008356,0.00834145,1.49219751,1.57985938,0.00194712,0.58594632,0.10552462,0.05432400,0.94567600,2.57730703
135300,0.14913400,0.14913400,791,1.00000000,0.14913400,nan,0.00000000,0,0,0,0.02578000,0.00393170,0.08269954,0.08714864,0.00706459,0.36278152,0.08934952,0.04960114,0.95039886,-15.37220144
135400,0.17969936,0.17969936,1499,1.00000000,0.17969936,nan,0.00000000,0,0,0,0.03407026,0.00560244,0.03186956,0.03359008,0.00262077,0.43708026,0.10313983,-0.00387696,1.00387696,-15.07226515
135500,0.42378131,0.42378131,968,1.00000000,0.42378131,nan,0.00000000,0,0,0,0.14017692,0.01218529,0.67251217,0.71175927,0.00531076,0.80919594,0.14932412,0.10663412,0.89336588,-4.36447517
135600,0.24485700,0.24485700,871,1.00000000,0.24485700,nan,0.00000000,0,0,0,0.11934316,0.00656961,0.16222692,0.17122042,0.00933752,0.68254989,0.13101210,-0.01645377,1.01645377,-6.93362904
135700,0.92228675,0.92228675,442,1.00000000,0.92228675,nan,0.00000000,0,0,0,0.06751700,0.00512086,0.20531362,0.21695104,0.00747758,0.57309854,0.09502061,-0.19232202,1.19232202,-6.10319018
135800,0.50585514,0.50585514,849,1.00000000,0.50585514,nan,0.00000000,0,0,0,0.08545814,0.00568314,0.41607854,0.44011062,0.00753285,0.74313426,0.08696173,-0.05050444,1.05050444,-8.05573559
135900,0.24787641,0.24787641,738,1.00000000,0.24787641,nan,0.00000000,0,0,0,0.01810508,0.00520849,0.00795101,0.00806963,0.00593442,0.33198956,0.11225133,-0.22412779,1.22412779,-18.45370865
136000,0.08409250,0.08409250,652,1.00000000,0.08409250,nan,0.00000000,0,0,0,0.36691391,0.02153352,0.28859076,0.30556571,0.00001628,3.13617325,0.40722460,-0.01538090,1.01538090,4.10091686
136100,0.87965560,0.87965560,690,1.00000000,0.87965560,nan,0.00000000,0,0,0,0.04435525,0.00598030,0.32382596,0.34166366,0.02058478,0.57272410,0.16679800,0.05154619,0.94845381,-7.47157955
136200,1.33152235,1.33152235,640,1.00000000,1.33152235,nan,0.00000000,0,0,0,0.08464614,0.01046832,0.20201217,0.20494427,0.15216638,0.55199558,0.15967406,-0.24169695,1.24169695,3.39874792
136300,0.91910869,0.91910869,691,1.00000000,0.91910869,nan,0.00000000,0,0,0,0.06306300,0.00826926,0.41146800,0.43537956,0.00497170,0.62530303,0.10726666,0.22040344,0.77959656,-4.84546200
136400,0.13014188,0.13014188,495,1.00000000,0.13014188,nan,0.00000000,0,0,0,0.04985830,0.00975449,0.06391560,0.06767482,0.00000884,0.58083272,0.25544024,-0.01052034,1.01052034,-11.62072468
136500,0.41119468,0.41119468,433,1.00000000,0.41119468,nan,0.00000000,0,0,0,0.02940735,0.00470719,0.08895340,0.09312729,0.01799725,0.32536852,0.07879726,-0.10627016,1.10627016,-13.41219298
136600,0.21798036,0.21798036,534,1.00000000,0.21798036,nan,0.00000000,0,0,0,0.06100962,0.00950834,0.08289943,0.08765596,0.00203836,0.64589596,0.20215017,-0.08532128,1.08532128,-8.16077089
136700,0.68903947,0.68903947,576,1.00000000,0.68903947,nan,0.00000000,0,0,0,0.05077217,0.00835711,0.16302644,0.17260669,0.00016222,0.67810565,0.20086475,-0.09780592,1.09780592,-4.11571431
136800,0.10634507,0.10634507,814,1.00000000,0.10634507,nan,0.00000000,0,0,0,0.03146751,0.00753292,0.02821810,0.02987798,0.00000001,0.33873737,0.08746042,-0.01883460,1.01883460,-11.85597420
136900,0.30097091,0.30097091,178,0.99999998,0.30097089,nan,0.00000000,0,0,0,0.02224799,0.00548975,0.07230069,0.07654594,0.00013141,0.40389496,0.12178633,-0.20948585,1.20948585,nan
137000,0.10675279,0.10675279,81,0.99969646,0.10662323,nan,0.00000000,0,0,0,0.39783391,0.02415187,0.25470242,0.26610655,0.06083238,3.37504721,0.45504767,0.01946389,0.98053611,4.44416738
137100,0.48667118,0.48667118,267,1.00000000,0.48667118,nan,0.00390571,0,0,0,0.10101798,0.01320240,0.40701523,0.43089768,0.00101396,0.60850775,0.22292000,-0.19808666,1.19808666,-6.20643210
137200,0.23704801,0.23704801,666,1.00000000,0.23704801,nan,0.00000000,0,0,0,0.06394442,0.00694936,0.11504892,0.12169096,0.00213442,0.52708453,0.09186995,0.17509421,0.82490579,-11.25009918
137300,0.18829364,0.18829364,469,1.00000000,0.18829364,nan,0.00000000,0,0,0,0.06661988,0.00556001,0.06215911,0.06581014,0.00009151,0.69334483,0.13289312,0.30708019,0.69291981,-10.50680614
137400,0.62873042,0.62873042,1053,1.00000000,0.62873042,nan,0.00000000,0,0,0,0.06627909,0.01144390,0.24153294,0.25564769,0.00158219,0.62182289,0.16059420,-0.23379434,1.23379434,-6.25640461
137500,0.43180767,0.43180767,453,1.00000000,0.43180767,nan,0.00000000,0,0,0,0.02257565,0.00593615,0.12944566,0.13686477,0.00332083,0.47855860,0.23690599,-0.13940086,1.13940086,-11.34685522
137600,0.25090349,0.25090349,614,1.00000000,0.25090349,nan,0.00000000,0,0,0,0.10541994,0.00543589,0.11929071,0.12381694,0.04234494,0.76136041,0.14451054,-0.06213249,1.06213249,-7.12505639
137700,0.82361484,0.82361484,782,1.00000000,0.82361484,nan,0.00000000,0,0,0,0.12520123,0.00753689,0.18734609,0.19831441,0.00088462,0.99347579,0.22989623,0.04065993,0.95934007,-1.16370950
137800,0.22241545,0.22241545,864,1.00000000,0.22241545,nan,0.00000000,0,0,0,0.02269924,0.00394461,0.08022247,0.08480817,0.00226559,0.33984789,0.11320581,-0.20918649,1.20918649,-17.42081769
137900,0.16414203,0.16414203,310,1.00000000,0.16414203,nan,0.00000000,0,0,0,0.05899385,0.00618158,0.08749911,0.09259194,0.00092099,0.63141751,0.08187512,0.11222453,0.88777547,-10.80734611
138000,0.10713203,0.10713203,474,1.00000000,0.10713203,nan,0.00000000,0,0,0,0.35150188,0.02076272,0.12602557,0.13296746,0.00801351,2.61985445,0.23935604,0.03797503,0.96202497,3.10381262
138100,0.31512409,0.31512409,220,1.00000000,0.31512409,nan,0.00000000,0,0,0,0.06340892,0.00817650,0.12394427,0.13120921,0.00044034,0.70891249,0.29369581,-0.12158690,1.12158690,-6.95260668
138200,0.74159980,0.74159980,799,1.00000000,0.74159980,nan,0.00000000,0,0,0,0.08268020,0.01734531,0.46487248,0.49219278,0.00042720,0.71804798,0.33544007,-0.07496026,1.07496026,0.53296487
138300,0.26695621,0.26695621,542,1.00000000,0.26695621,nan,0.00000000,0,0,0,0.04937817,0.00821894,0.29092717,0.30762216,0.00711303,0.51799631,0.15560865,-0.16164924,1.16164924,-9.24983009
138400,0.08604576,0.08604576,950,1.00000000,0.08604576,nan,0.00000000,0,0,0,0.03837684,0.00707233,0.07685467,0.08131631,0.00100665,0.54651153,0.15073599,-0.01880462,1.01880462,-14.14289951
138500,0.93073517,0.93073517,356,1.00000000,0.93073517,nan,0.00000000,0,0,0,0.07140902,0.01072458,0.90247029,0.95468277,0.01485966,0.61896008,0.21202175,-0.02076386,1.02076386,-1.95525604
138600,0.56397504,0.56397504,605,1.00000000,0.56397504,nan,0.00000000,0,0,0,0.06748618,0.00855320,0.21918832,0.23131685,0.01300307,0.72785342,0.12706746,0.30375862,0.69624138,-7.38350900
138700,0.25160152,0.25160152,816,1.00000000,0.25160152,nan,0.00000000,0,0,0,0.02789936,0.00734683,0.08303317,0.08790777,0.00016500,0.44371429,0.16425347,-0.18278139,1.18278139,-13.05649058
138800,0.33591846,0.33591846,528,1.00000000,0.33591846,nan,0.00000000,0,0,0,0.03804971,0.00903765,0.03336339,0.03486324,0.00786592,0.44975799,0.12429561,-0.14192722,1.14192722,-11.13184834
138900,0.43356532,0.43356532,1221,1.00000000,0.43356532,nan,0.00000000,0,0,0,0.04536599,0.00530679,0.25442249,0.26934630,0.00071787,0.49729857,0.09536038,0.32959195,0.67040805,-11.20610094
139000,0.51468086,0.51468086,498,1.00000000,0.51468086,nan,0.00000000,0,0,0,0.37070042,0.02609659,0.83142114,0.87881726,0.02568683,3.13805866,0.31351626,0.03977077,0.96022923,8.73576796
139100,0.10638317,0.10638317,419,1.00000000,0.10638317,nan,0.00000000,0,0,0,0.03568001,0.00791902,0.02733734,0.02892896,0.00027981,0.52636212,0.13022549,0.07118847,0.92881153,-12.44153285
139200,0.23507507,0.23507507,987,1.00000000,0.23507507,nan,0.00000000,0,0,0,0.12793492,0.00473885,0.06722483,0.06968077,0.02547375,0.67798686,0.08451293,0.16644053,0.83355947,-6.50172826
139300,0.11581353,0.11581353,550,1.00000000,0.11581353,nan,0.00000000,0,0,0,0.15223630,0.00724067,0.04390688,0.04645129,0.00065204,0.88604927,0.15840676,0.04806686,0.95193314,-8.29365508
139400,0.57491112,0.57491112,439,1.00000000,0.57491112,nan,0.00000000,0,0,0,0.04559959,0.00965229,0.66887569,0.70813107,0.00153409,0.57372528,0.13600117,-0.22139737,1.22139737,-3.68785095
139500,0.32249796,0.32249796,450,1.00000000,0.32249796,nan,0.00000000,0,0,0,0.03639343,0.01138416,0.15535076,0.16441353,0.00128376,0.57242936,0.29196373,-0.03704430,1.03704430,-8.96277428
139600,0.18861416,0.18861416,329,1.00000000,0.18861416,nan,0.00000000,0,0,0,0.02213422,0.00405482,0.08366344,0.08848689,0.00166492,0.30049011,0.05879050,0.07285912,0.92714088,-18.19266764
139700,0.50457501,0.50457501,253,1.00000000,0.50457501,nan,0.00000000,0,0,0,0.03961886,0.00631509,0.23545128,0.24870721,0.01010001,0.44215783,0.10037725,-0.25364035,1.25364035,-9.98635054
139800,0.13358197,0.13358197,1164,1.00000000,0.13358197,nan,0.00000000,0,0,0,0.02644967,0.00934780,0.06008016,0.06311118,0.00855280,0.50449032,0.19094256,-0.13319604,1.13319604,-14.63003182
139900,0.58649129,0.58649129,388,1.00000000,0.58649129,nan,0.00000000,0,0,0,0.36456674,0.01417897,1.25713551,1.33107400,0.00018069,0.97966927,0.16310379,0.14398112,0.85601888,2.09907634
140000,0.27153960,0.27153960,588,1.00000000,0.27153960,nan,0.00000000,0,0,0,0.39378843,0.02739407,0.22597980,0.23695262,0.03944191,4.56701469,0.56396145,0.20987956,0.79012044,8.33972390
140100,0.32587335,0.32587335,512,1.00000000,0.32587335,nan,0.00000000,0,0,0,0.08121412,0.00470802,0.07746437,0.08185671,0.00279437,0.68682951,0.15045765,0.20402679,0.79597321,-9.64819781
140200,0.89476937,0.89476937,859,1.00000000,0.89476937,nan,0.00000000,0,0,0,0.07124376,0.00961651,0.47612599,0.50331295,0.01394787,0.77326947,0.20249388,-0.18578912,1.18578912,-2.88750261
140300,0.21499276,0.21499276,1121,1.00000000,0.21499276,nan,0.00000000,0,0,0,0.02306299,0.00232655,0.04054134,0.04285990,0.00112572,0.42968029,0.07060297,-0.18096690,1.18096690,-16.57184728
140400,0.23474646,0.23474646,522,1.00000000,0.23474646,nan,0.00000000,0,0,0,0.06213277,0.00386932,0.08065576,0.08527593,0.00211290,0.71574897,0.05179715,0.32729966,0.67270034,-10.25000318
140500,0.29852641,0.29852641,615,1.00000000,0.29852641,nan,0.00000000,0,0,0,0.07971510,0.00962440,0.33489430,0.35351372,0.01836408,0.82129949,0.14299171,0.18861976,0.81138024,-7.26739037
140600,0.42282006,0.42282006,1070,1.00000000,0.42282006,nan,0.00000000,0,0,0,0.12313648,0.00821033,0.15805076,0.16634367,0.01707136,0.68511367,0.12882103,-0.13679906,1.13679906,-6.49420748
140700,0.76267624,0.76267624,577,1.00000000,0.76267624,nan,0.00000000,0,0,0,0.06796288,0.00810040,0.35100085,0.37059617,0.01788028,0.55454558,0.15258171,-0.35088581,1.35088581,-3.11296983
140800,0.17179456,0.17179456,585,1.00000000,0.17179456,nan,0.02249615,0,0,0,0.03358270,0.00537675,0.04478382,0.04736153,0.00096283,0.40241903,0.08052395,-0.00300186,1.00300186,-15.07011175
140900,0.11190416,0.11190416,338,1.00000000,0.11190416,nan,0.00000000,0,0,0,0.02585462,0.00822819,0.03280057,0.03464068,0.00151870,0.40632951,0.15123023,0.14500146,0.85499854,-16.01624393
141000,0.30401114,0.30401114,298,1.00000000,0.30401114,nan,0.00000000,0,0,0,0.34164444,0.02650361,0.17481126,0.18335010,0.02965080,2.87716293,0.32043442,0.14228482,0.85771518,5.64036608
141100,0.47968897,0.47968897,964,1.00000000,0.47968897,nan,0.00000000,0,0,0,0.15769307,0.00625620,0.60776567,0.64349705,0.00033219,0.88695663,0.11083514,-0.10235690,1.10235690,-4.21907504
141200,0.09141646,0.09141646,696,1.00000000,0.09141646,nan,0.00000000,0,0,0,0.02063850,0.00491372,0.03219616,0.03402290,0.00114142,0.29567063,0.07500800,-0.05725938,1.05725938,-19.08035024
141300,0.32645860,0.32645860,441,1.00000000,0.32645860,nan,0.00000000,0,0,0,0.08461756,0.01081209,0.52820152,0.55861831,0.01111640,0.92542213,0.13224867,0.18286561,0.81713439,-7.03979425
141400,0.36944845,0.36944845,449,1.00000000,0.36944845,nan,0.05156040,0,0,0,0.02489343,0.00921615,0.13694914,0.14486624,0.00235828,0.47445476,0.21848999,-0.10925193,1.10925193,-10.70642773
141500,0.43729433,0.43729433,746,1.00000000,0.43729433,nan,0.00000000,0,0,0,0.03747782,0.00739551,0.14850870,0.15688714,0.00607514,0.44757330,0.16392146,0.23593715,0.76406285,-12.44125096
141600,0.23364758,0.23364758,515,1.00000000,0.23364758,nan,0.00000000,0,0,0,0.02573877,0.00836295,0.09121761,0.09656137,0.00037375,0.36644089,0.14060910,0.08041625,0.91958375,-14.15725842
141700,0.16042100,0.16042100,400,1.00000000,0.16042100,nan,0.00000000,0,0,0,0.02840233,0.00332143,0.07322371,0.07734784,0.00311360,0.39622068,0.09013179,-0.19637241,1.19637241,-15.79958439
141800,0.22460331,0.22460331,716,1.00000000,0.22460331,nan,0.00000000,0,0,0,0.02768563,0.00609008,0.08273656,0.08759408,0.00015877,0.43784922,0.19789740,0.18317693,0.81682307,-13.87479226
141900,0.22606765,0.22606765,771,1.00000000,0.22606765,nan,0.00000000,0,0,0,0.01945139,0.00476880,0.07992641,0.08455981,0.00115869,0.37181452,0.17718068,0.09896286,0.90103714,-13.81917381
142000,0.42320123,0.42320123,260,1.00000000,0.42320123,nan,0.00000000,0,0,0,0.34366342,0.01596763,0.53969026,0.57031900,0.01900047,3.01742244,0.42063344,0.16468391,0.83531609,6.93019390
142100,0.27227190,0.27227190,573,1.00000000,0.27227190,nan,0.00000000,0,0,0,0.02457840,0.00429910,0.12315305,0.13024680,0.00255912,0.36985460,0.05850203,-0.21313531,1.21313531,-16.39672947
142200,0.34977278,0.34977278,333,1.00000000,0.34977278,nan,0.00000000,0,0,0,0.02573493,0.00992114,0.13034159,0.13800564,0.00005250,0.51041484,0.29565766,-0.08075697,1.08075697,-8.86103821
142300,0.11736671,0.11736671,425,1.00000000,0.11736671,nan,0.00000000,0,0,0,0.02342257,0.00682129,0.05078925,0.05349588,0.00477671,0.25895822,0.05937956,0.09998133,0.90001867,-16.98269558
142400,0.97122359,0.97122359,1541,1.00000000,0.97122359,nan,0.00000000,0,0,0,0.04297878,0.00653095,0.94994110,1.00574863,0.00121138,0.54320979,0.17356893,-0.23481128,1.23481128,-1.25501651
142500,0.13055602,0.13055602,1015,1.00000000,0.13055602,nan,0.00000000,0,0,0,0.02138925,0.00358781,0.03328463,0.03522162,0.00035576,0.37056744,0.06854962,-0.08117930,1.08117930,-18.13706652
142600,0.12662332,0.12662332,478,1.00000000,0.12662332,nan,0.00000000,0,0,0,0.01975562,0.00458713,0.03643616,0.03850154,0.00132471,0.31822944,0.10648754,0.12185614,0.87814386,-18.20627117
142700,0.18499424,0.18499424,926,1.00000000,0.18499424,nan,0.00000000,0,0,0,0.05408226,0.00723171,0.08550888,0.09034522,0.00329102,0.65865445,0.14718455,0.14001986,0.85998014,-11.96950022
142800,0.91303658,0.91303658,286,1.00000000,0.91303658,nan,0.00000000,0,0,0,0.16166234,0.01312410,1.43587458,1.51934266,0.01691748,0.94184822,0.15610501,0.03950578,0.96049422,4.53631536
142900,0.18270957,0.18270957,771,1.00000000,0.18270957,nan,0.00000000,0,0,0,0.04351870,0.00692829,0.11417387,0.12087119,0.00031946,0.58794010,0.12521383,-0.03931154,1.03931154,-12.48294711
143000,0.31452790,0.31452790,367,1.00000000,0.31452790,nan,0.00000000,0,0,0,0.34556311,0.03571732,0.38931131,0.41209227,0.00203480,3.10875678,0.63202971,0.04247269,0.95752731,6.43566298
143100,0.37221125,0.37221125,51,0.99390325,0.36321681,nan,0.00000000,0,0,0,0.03101350,0.01185403,0.42024621,0.44493258,0.00057784,0.49574599,0.24744733,0.06940076,0.93059924,-5.95995712
143200,0.44470412,0.44470412,224,1.00000000,0.44470412,nan,0.00000000,0,0,0,0.02612726,0.00809336,0.10260837,0.10803365,0.01037867,0.31372485,0.11206666,0.16822479,0.83177521,-10.09763193
143300,0.31395599,0.31395599,258,1.00000000,0.31395599,nan,0.00000000,0,0,0,0.09095306,0.01088185,0.10537856,0.11155157,0.00043749,0.75555229,0.20012406,0.09359576,0.90640424,-2.57799212
143400,0.15378147,0.15378147,1168,1.00000000,0.15378147,nan,0.00000000,0,0,0,0.22103010,0.01138784,0.09464061,0.09965439,0.00940630,1.16196489,0.16492921,0.22203989,0.77796011,-4.14864326
143500,0.15923974,0.15923974,987,1.00000000,0.15923974,nan,0.00000000,0,0,0,0.03345447,0.00639033,0.08920419,0.09414540,0.00520350,0.48846000,0.15286790,-0.00586115,1.00586115,-14.45670287
143600,0.28080714,0.28080714,317,1.00000000,0.28080714,nan,0.00000000,0,0,0,0.02876877,0.00781440,0.04799262,0.04992148,0.01520200,0.44822788,0.15914311,-0.21393721,1.21393721,-10.21240799
143700,0.20345213,0.20345213,785,1.00000000,0.20345213,nan,0.00000000,0,0,0,0.06325334,0.00452962,0.07301879,0.07566944,0.02795775,0.53869605,0.12406135,-0.30269830,1.30269830,-11.21264617
143800,0.36763754,0.36763754,640,1.00000000,0.36763754,nan,0.00000000,0,0,0,0.11185178,0.01009557,0.18693778,0.19725962,0.01146665,0.68335354,0.21201126,0.05049986,0.94950014,-5.80385348
143900,0.30450487,0.30450487,1100,1.00000000,0.30450487,nan,0.00000000,0,0,0,0.02205172,0.00813359,0.13379259,0.14166200,0.00001276,0.44121015,0.23796646,-0.16495451,1.16495451,-10.97913384
144000,0.46914592,0.46914592,647,1.00000000,0.46914592,nan,0.00000000,0,0,0,0.35858649,0.02176828,3.97101259,4.20405579,0.00927403,3.44777966,0.17883757,-0.04303799,1.04303799,7.84239483
144100,0.29375753,0.29375753,87,0.99983341,0.29356183,nan,0.00000000,0,0,0,0.02420910,0.00689932,0.06502147,0.06773254,0.01893319,0.42969662,0.18906341,0.27268290,0.72731710,-14.21575832
144200,0.20852026,0.20852026,652,1.00000000,0.20852026,nan,0.00000000,0,0,0,0.07322814,0.00607773,0.13789190,0.14600292,0.00000449,0.62097126,0.09735204,0.01522105,0.98477895,-10.10194111
144300,0.51332039,0.51332039,190,0.99999999,0.51332037,nan,0.00000000,0,0,0,0.02627953,0.00733259,0.14573997,0.15422215,0.00154333,0.37985441,0.12092222,-0.08793374,1.08793374,-9.97309427
144400,0.97106171,0.97106171,754,1.00000000,0.97106171,nan,0.00000000,0,0,0,0.14084634,0.01376878,0.84554034,0.89494324,0.00569160,1.06749594,0.13602632,0.08667774,0.91332226,2.70152247
144500,0.22636805,0.22636805,804,1.00000000,0.22636805,nan,0.00000000,0,0,0,0.02732326,0.00712476,0.08897788,0.09403439,0.00301699,0.43275356,0.18598145,-0.18601305,1.18601305,-13.71138986
144600,0.50293458,0.50293458,363,1.00000000,0.50293458,nan,0.00000000,0,0,0,0.08102833,0.00732142,0.41574532,0.43882188,0.02344367,0.54092193,0.11586531,0.12670775,0.87329225,-9.58239460
144700,0.34345511,0.34345511,1171,1.00000000,0.34345511,nan,0.00000000,0,0,0,0.03761881,0.00510545,0.15944400,0.16858348,0.00407281,0.43369007,0.12628616,0.06619931,0.93380069,-12.30279040
144800,2.55808163,2.55808163,1088,1.00000000,2.55808163,nan,0.00000000,0,0,0,0.02869483,0.00448980,0.08289127,0.08597344,0.03049440,0.34769857,0.07502210,-0.48062045,1.48062045,13.01387358
144900,0.78560531,0.78560531,679,1.00000000,0.78560531,nan,0.00000000,0,0,0,0.05242865,0.00727264,0.70377988,0.74517769,0.00001747,0.57308078,0.19402097,0.10810931,0.89189069,-5.51750129
145000,0.20150539,0.20150539,304,1.00000000,0.20150539,nan,0.00000000,0,0,0,0.32274199,0.03503460,0.29568103,0.30760074,0.09304580,3.02118731,0.68309438,0.03700919,0.96299081,2.88072288
145100,0.58888412,0.58888412,1328,1.00000000,0.58888412,nan,0.00000000,0,0,0,0.05540254,0.00755681,0.27314588,0.28866839,0.00926306,0.66726464,0.15000124,-0.04335133,1.04335133,nan
145200,0.14107412,0.14107412,1450,1.00000000,0.14107412,nan,0.00000000,0,0,0,0.02488374,0.00391667,0.09664793,0.10227543,0.00098043,0.40095389,0.08466981,0.15836398,0.84163602,-16.83061104
145300,0.64852965,0.64852965,655,1.00000000,0.64852965,nan,0.00000000,0,0,0,0.02822712,0.00757414,0.08785787,0.09235725,0.01136853,0.35251501,0.15630001,0.00330771,0.99669229,-8.12506469
145400,0.45580462,0.45580462,719,1.00000000,0.45580462,nan,0.01598041,0,0,0,0.05597560,0.01449994,0.52520603,0.55600506,0.00162265,0.97237080,0.38631997,0.02556020,0.97443980,-2.14625359
145500,0.52722138,0.52722138,455,1.00000000,0.52722138,nan,0.00000000,0,0,0,0.11588654,0.00380826,0.58627832,0.61996245,0.01364746,0.66429383,0.10239689,-0.12286247,1.12286247,-6.95146179
145600,0.46764475,0.46764475,905,1.00000000,0.46764475,nan,0.00000000,0,0,0,0.05030340,0.01012616,0.14347710,0.15145408,0.00786857,0.46375042,0.17411777,-0.06999887,1.06999887,-6.57289952
145700,1.49546242,1.49546242,475,1.00000000,1.49546242,nan,0.00000000,0,0,0,0.10905214,0.00606189,1.08978283,1.14899921,0.08310430,0.68710530,0.05953392,-0.40853083,1.40853083,3.30861342
145800,0.75839013,0.75839013,1025,1.00000000,0.75839013,nan,0.00000000,0,0,0,0.08119354,0.00863602,0.55451322,0.58620149,0.01581239,0.59324753,0.06891908,0.06781322,0.93218678,-4.77603799
145900,0.12326030,0.12326030,261,1.00000000,0.12326030,nan,0.00000000,0,0,0,0.04429203,0.00955957,0.06508392,0.06890391,0.00014406,0.65238464,0.18354243,0.09882986,0.90117014,-11.73903847
146000,0.39737749,0.39737749,280,1.00000000,0.39737749,nan,0.00000000,0,0,0,0.28721163,0.03311909,0.57955140,0.61317939,0.00787533,2.66222119,0.49685749,0.00173520,0.99826480,5.68825263
146100,0.30928645,0.30928645,819,1.00000000,0.30928645,nan,0.02853210,0,0,0,0.03252368,0.00429028,0.06805436,0.07185599,0.00342661,0.40986359,0.09399544,0.32329972,0.67670028,-13.87659645
146200,0.17573023,0.17573023,735,1.00000000,0.17573023,nan,0.00000000,0,0,0,0.02779888,0.00773899,0.05386712,0.05702706,0.00014827,0.26875070,0.07466960,0.08266220,0.91733780,-6.80116288
146300,0.08322786,0.08322786,1517,1.00000000,0.08322786,nan,0.00000000,0,0,0,0.01954458,0.00300594,0.03037819,0.03216213,0.00005130,0.30011547,0.04848119,0.16828869,0.83171131,-19.74952745
146400,0.21656689,0.21656689,794,1.00000000,0.21656689,nan,0.00000000,0,0,0,0.14345877,0.00832279,0.05710612,0.06045963,0.00009652,0.97781682,0.31390774,-0.22205424,1.22205424,-5.50500043
146500,0.41928735,0.41928735,1109,1.00000000,0.41928735,nan,0.00000000,0,0,0,0.02432956,0.00774533,0.10661099,0.11285236,0.00050769,0.35223326,0.15428942,0.22178078,0.77821922,-13.63979316
146600,0.71131688,0.71131688,610,1.00000000,0.71131688,nan,0.00000000,0,0,0,0.11576185,0.00802167,0.41420597,0.43527368,0.05605480,0.74713445,0.17968430,0.16876770,0.83123230,0.03501773
146700,0.50825298,0.50825298,590,1.00000000,0.50825298,nan,0.00000000,0,0,0,0.04500818,0.00649980,0.13200028,0.13938950,0.00638369,0.39017579,0.08322866,0.21114549,0.78885451,-10.16442776
146800,0.66129351,0.66129351,41,0.98342732,0.61853367,nan,0.00000000,0,0,0,0.07577586,0.01256566,0.33020797,0.34931463,0.00539489,0.80875981,0.29112405,-0.02487558,1.02487558,-5.07862051
146900,0.20875157,0.20875157,991,1.00000000,0.20875157,nan,0.00000000,0,0,0,0.02902298,0.00749527,0.09229967,0.09772889,0.00000278,0.39207160,0.18723699,0.00173947,0.99826053,-15.11120351
147000,0.12510367,0.12510367,309,1.00000000,0.12510367,nan,0.00000000,0,0,0,0.34061435,0.02886844,0.19956841,0.21124268,0.00110581,3.62340260,0.39818585,-0.00189532,1.00189532,3.79624408
147100,0.14436834,0.14436834,804,1.00000000,0.14436834,nan,0.00000000,0,0,0,0.04605692,0.00879101,0.05915157,0.06246607,0.00280511,0.38000435,0.13277189,-0.03334783,1.03334783,-11.50670695
147200,0.89321709,0.89321709,342,1.00000000,0.89321709,nan,0.00000000,0,0,0,0.14473417,0.00663064,0.67777199,0.71652007,0.01905284,0.76381171,0.11885475,-0.18392977,1.18392977,2.40579605
147300,0.25363052,0.25363052,354,1.00000000,0.25363052,nan,0.00000000,0,0,0,0.02322262,0.00763780,0.09243269,0.09740295,0.00793832,0.37170517,0.19860196,-0.11682023,1.11682023,-14.60423660
147400,0.34472343,0.34472343,802,1.00000000,0.34472343,nan,0.00000000,0,0,0,0.05585262,0.00774476,0.11899013,0.12439518,0.02710443,0.61056244,0.09979110,0.31021271,0.68978729,-9.67996120
147500,0.61438394,0.61438394,1108,1.00000000,0.61438394,nan,0.00000000,0,0,0,0.06423422,0.00494614,0.24738084,0.26151621,0.00707973,0.62874347,0.08703671,0.32847795,0.67152205,-6.35511096
147600,0.49914911,0.49914911,678,1.00000000,0.49914911,nan,0.00000000,0,0,0,0.18850088,0.01002536,0.53391480,0.56207353,0.05521683,1.16569483,0.18876937,0.07322630,0.92677370,-2.04990691
147700,0.67051029,0.67051029,658,1.00000000,0.67051029,nan,0.00000000,0,0,0,0.07391496,0.00550112,0.10338707,0.10829446,0.01996113,0.69644648,0.12353032,-0.20517127,1.20517127,-5.91132665
147800,0.27526271,0.27526271,763,1.00000000,0.27526271,nan,0.00000000,0,0,0,0.10892562,0.00847327,0.21497583,0.22745220,0.00287739,0.71069503,0.15623048,0.02535823,0.97464177,-6.54124808
147900,0.18338192,0.18338192,1702,1.00000000,0.18338192,nan,0.00000000,0,0,0,0.07688237,0.02734198,0.48597845,0.51324475,0.02245056,1.32253981,0.66351467,0.13413636,0.86586364,-7.01643777
148000,0.20130222,0.20130222,310,1.00000000,0.20130222,nan,0.00000000,0,0,0,0.31380594,0.02039070,0.29074368,0.30771443,0.00224079,3.36574173,0.15997055,0.17673002,0.82326998,3.68980074
148100,0.25124675,0.25124675,672,1.00000000,0.25124675,nan,0.00000000,0,0,0,0.03938554,0.00786364,0.09400138,0.09949628,0.00058794,0.53847259,0.21689147,0.04185930,0.95814070,-14.84739923
148200,0.17042600,0.17042600,823,1.00000000,0.17042600,nan,0.00000000,0,0,0,0.02023071,0.00446871,0.06423040,0.06768781,0.00545458,0.28816521,0.11080635,0.00371212,0.99628788,-17.87138208
148300,1.02918780,1.02918780,244,1.00000000,1.02918780,nan,0.00000000,0,0,0,0.06957508,0.00557926,0.39430574,0.41310322,0.07474870,0.61723351,0.10663823,0.16730926,0.83269074,-3.15328479
148400,0.23549043,0.23549043,651,1.00000000,0.23549043,nan,0.00000000,0,0,0,0.04118757,0.00909187,0.13898394,0.14704676,0.00191597,0.58677113,0.26110050,-0.19461257,1.19461257,-13.95440674
148500,0.10153088,0.10153088,985,1.00000000,0.10153088,nan,0.00000000,0,0,0,0.04349784,0.00946290,0.13955267,0.14767586,0.00145880,0.69418722,0.14291842,0.00114626,0.99885374,-13.15658402
148600,0.92694420,0.92694420,321,1.00000000,0.92694420,nan,0.00000000,0,0,0,0.12720810,0.01665087,0.17986880,0.19037105,0.00133058,1.25324011,0.33913991,-0.07588066,1.07588066,5.53710532
148700,0.34918377,0.34918377,530,1.00000000,0.34918377,nan,0.00000000,0,0,0,0.19077109,0.00932685,0.12626675,0.13343091,0.00447573,0.91900867,0.22737636,0.09312247,0.90687753,-4.82884248
148800,0.13403378,0.13403378,961,1.00000000,0.13403378,nan,0.00000000,0,0,0,0.04596311,0.00691824,0.03720620,0.03935812,0.00062351,0.56434315,0.13510221,-0.08400128,1.08400128,-12.79534531
148900,0.33300498,0.33300498,468,1.00000000,0.33300498,nan,0.00000000,0,0,0,0.21550098,0.01597602,0.23941647,0.25209865,0.02381929,1.14882934,0.29308340,0.00698465,0.99301535,-0.65439433
149000,0.41258180,0.41258180,185,0.99999999,0.41258179,nan,0.00000000,0,0,0,0.29010332,0.02843685,0.53986311,0.57148069,0.00236431,2.75569391,0.49798569,-0.08577274,1.08577274,5.41728842
149100,0.21055833,0.21055833,1035,1.00000000,0.21055833,nan,0.00106296,0,0,0,0.27017230,0.00773514,0.35381082,0.37398845,0.01079132,1.06283855,0.14621408,0.07129589,0.92870411,-5.16464400
149200,0.57435012,0.57435012,1648,1.00000000,0.57435012,nan,0.00000000,0,0,0,0.03857911,0.00420522,0.03598531,0.03729334,0.01374876,0.42330363,0.09202145,-0.40055199,1.40055199,-10.11260152
149300,0.36762714,0.36762714,548,1.00000000,0.36762714,nan,0.00000000,0,0,0,0.13651307,0.00634396,0.14015597,0.14786433,0.00911392,0.96576244,0.14792803,0.17270901,0.82729099,-4.85524380
149400,0.27636221,0.27636221,566,1.00000000,0.27636221,nan,0.00000000,0,0,0,0.03807405,0.00808722,0.09982205,0.10558461,0.00185867,0.55916584,0.14709035,0.11598037,0.88401963,-11.53689226
149500,0.19266352,0.19266352,850,1.00000000,0.19266352,nan,0.00000000,0,0,0,0.01979786,0.00471007,0.02178878,0.02279164,0.00474023,0.41992176,0.19150122,-0.20417983,1.20417983,-16.96897316
149600,0.22500086,0.22500086,498,1.00000000,0.22500086,nan,0.00000000,0,0,0,0.11108834,0.00648947,0.08741049,0.09196802,0.00993256,0.75700098,0.13828045,0.07743131,0.92256869,-6.53188491
149700,2.29984283,2.29984283,487,1.00000000,2.29984283,nan,0.00000000,0,0,0,0.20731427,0.01026218,1.49678206,1.58231604,0.04270450,0.71369678,0.16687472,-0.29639711,1.29639711,14.64777203
149800,0.12940218,0.12940218,883,1.00000000,0.12940218,nan,0.00000000,0,0,0,0.02219254,0.00591405,0.04911425,0.05200323,0.00000163,0.36216810,0.13806240,-0.10080379,1.10080379,-15.83826192
149900,0.12965053,0.12965053,1287,1.00000000,0.12965053,nan,0.00000000,0,0,0,0.01879093,0.00280303,0.03638552,0.03852307,0.00004702,0.29253218,0.07416309,-0.12178440,1.12178440,-18.70275879
