block_index,step,E_k,W_k,mean_pseudo_count,mean_count_reference,mean_count_ratio,mean_familiarity,mean_surprise,mean_gradient_coherence,mean_gradient_novelty,regime_change
0,10099,0.08573217,0.00000000,0.18000000,0.10062378,1.97876455,0.14000000,0.70837749,0.00788604,0.99211396,0
1,10199,0.12412750,0.00000000,0.43000000,0.21906136,1.90487588,0.36000000,0.48436120,-0.00153620,1.00153620,0
2,10299,0.26414777,0.00000000,1.36000000,0.47203128,2.90671077,0.73749831,0.42820887,-0.00618195,1.00618195,0
3,10399,0.21552048,0.00000000,3.09000000,0.96072385,3.27500380,0.72934237,0.36198792,0.00067212,0.99932788,0
4,10499,0.22158192,0.00000000,3.14000000,1.44823583,2.16945673,0.63431685,0.48300445,0.01138029,0.98861971,0
5,10599,0.25216578,0.00000000,4.55000000,1.86265571,2.43469881,0.75444107,0.43772186,0.00438255,0.99561745,0
6,10699,0.31406502,0.00000000,5.54000000,2.36881125,2.34343370,0.67980067,0.55337503,-0.00229478,1.00229478,0
7,10799,0.20006261,0.00000000,5.45000000,2.76995309,1.96237114,0.62086112,0.41223176,-0.00113239,1.00113239,0
8,10899,0.22881574,0.00000000,6.80000000,3.16536242,2.14480807,0.66751467,0.41480338,0.00161305,0.99838695,0
9,10999,0.18029762,0.00000000,7.32000000,3.59596955,2.03911060,0.64595167,0.35233308,-0.00518460,1.00518460,0
10,11099,0.13870396,0.00000000,3.06000000,3.74428399,0.81806427,0.18931869,0.90660189,0.00862633,0.99137367,0
11,11199,0.26444169,0.00000000,6.99000000,3.82191913,1.82295348,0.50885409,0.67647992,0.00219576,0.99780424,0
12,11299,0.18069750,0.00000000,8.66000000,4.15409652,2.08147571,0.58120555,0.38180433,-0.01192977,1.01192977,0
13,11399,0.24707791,0.00000000,7.68000000,4.47115172,1.71843793,0.53537098,0.49749997,-0.00852082,1.00852082,0
14,11499,0.13559149,0.00000000,8.13000000,4.70876662,1.72736556,0.52280480,0.39707839,-0.00503718,1.00503718,0
15,11599,0.25500011,0.00000000,11.30000000,5.01462441,2.25124725,0.68621577,0.39065167,-0.00064437,1.00064437,0
16,11699,0.22929468,0.00000000,12.31000000,5.47884042,2.25737346,0.66076262,0.47436414,0.00537117,0.99462883,0
17,11799,0.22741728,0.00000000,12.55000000,5.84801668,2.14879793,0.67195159,0.41563546,-0.00195292,1.00195292,0
18,11899,0.26999579,0.00000000,13.22000000,6.21432181,2.12738416,0.58926641,0.57389237,-0.00370344,1.00370344,0
19,11999,0.21912592,0.00000000,14.80000000,6.62019888,2.23694470,0.66943759,0.37617373,0.00214051,0.99785949,0
20,12099,0.07459608,0.00000000,4.30000000,6.76975074,0.63516896,0.11845484,0.89867173,-0.00043156,1.00043156,0
21,12199,0.08186188,0.00000000,5.24000000,6.65002790,0.78885926,0.12505105,0.74792064,0.00865602,0.99134398,0
22,12299,0.19864907,0.00000000,14.27000000,6.74414647,2.10651644,0.55865888,0.52504542,0.00037312,0.99962688,0
23,12399,0.18103999,0.00000000,16.43000000,7.17389528,2.29175888,0.72191379,0.36358851,-0.00395489,1.00395489,0
24,12499,0.23125884,0.00000000,18.88000000,7.58790426,2.48744007,0.71355802,0.39208135,0.01211193,0.98788807,0
25,12599,0.25461301,0.00000000,17.84000000,8.04216026,2.22238413,0.69165097,0.49124491,0.00553025,0.99446975,0
26,12699,0.24533703,0.00000000,19.40000000,8.41885485,2.30497838,0.69650923,0.40204093,0.00168194,0.99831806,0
27,12799,0.19453691,0.00000000,18.72000000,8.80516261,2.12636201,0.64939933,0.40286748,-0.00184044,1.00184044,0
28,12899,0.21092550,0.00000000,19.04000000,9.13996055,2.08116529,0.67304139,0.40079931,0.00415682,0.99584318,0
29,12999,0.23490664,0.00000000,21.28000000,9.54983408,2.23103188,0.70634748,0.44837058,-0.00170523,1.00170523,0
30,13099,0.21750425,0.08943138,12.15000000,9.79145184,1.24155322,0.33205855,0.86728871,0.00648753,0.99351247,0
31,13199,0.16878224,0.04605424,17.59000000,9.87591381,1.77710507,0.49186138,0.52605624,0.00728422,0.99271578,0
32,13299,0.21283413,0.00000000,23.59000000,10.26641550,2.29933610,0.72101943,0.33910525,0.00165714,0.99834286,0
33,13399,0.24167857,0.00000000,24.21000000,10.66988444,2.27004921,0.72181154,0.38565673,-0.00201615,1.00201615,0
34,13499,0.25754264,0.00000000,25.40000000,11.08115218,2.29342207,0.68576692,0.47853171,-0.00519533,1.00519533,0
35,13599,0.24194659,0.00000000,25.68000000,11.47645800,2.23738075,0.72760875,0.41714078,0.00242147,0.99757853,0
36,13699,0.29756810,0.01951373,25.94000000,11.88836096,2.18369438,0.63547976,0.49254643,0.00759921,0.99240079,0
37,13799,0.21343889,0.00000000,27.27000000,12.27099614,2.22307008,0.65862950,0.44223469,-0.00599680,1.00599680,0
38,13899,0.22152777,0.00000000,22.97000000,12.59527641,1.82345003,0.57395377,0.55948063,0.00595671,0.99404329,0
39,13999,0.23371035,0.00000000,29.16000000,12.94290660,2.25339311,0.69788956,0.38518688,-0.00574998,1.00574998,0
40,14099,0.05643338,0.01534361,10.80000000,13.11676571,0.82344938,0.15916445,0.91605628,0.00132203,0.99867797,0
41,14199,0.22414966,0.00000000,26.69000000,13.26127691,2.01361517,0.61117371,0.45852188,0.00238031,0.99761969,0
42,14299,0.23801893,0.00000000,31.83000000,13.61541078,2.33693810,0.73228932,0.41002654,0.00711615,0.99288385,0
43,14399,0.25060398,0.00000000,32.72000000,14.05208364,2.32839294,0.71482193,0.41739776,0.00264144,0.99735856,0
44,14499,0.22129547,0.00000000,32.50000000,14.43891538,2.24822464,0.63975465,0.46365021,0.00748263,0.99251737,0
45,14599,0.25479942,0.00000000,31.98000000,14.83972194,2.15338124,0.67837842,0.45871763,0.00130674,0.99869326,0
46,14699,0.18252139,0.00000000,35.07000000,15.24672085,2.29894669,0.67595648,0.38780767,0.00310272,0.99689728,0
47,14799,0.24587956,0.00000000,31.29000000,15.65037741,1.99999492,0.60767121,0.53226013,0.00159947,0.99840053,0
48,14899,0.16396660,0.00000000,28.72000000,15.94917659,1.80137191,0.52815006,0.45228717,0.00186154,0.99813846,0
49,14999,0.24414662,0.00000000,32.89000000,16.21406852,2.02708077,0.64818286,0.43546432,0.00394991,0.99605009,0
50,15099,0.08579254,0.02204454,15.38000000,16.39934511,0.93788480,0.21450065,0.78010473,-0.00095276,1.00095276,0
51,15199,0.22170905,0.04340367,28.41000000,16.42517513,1.72644188,0.46151006,0.61131575,0.00402965,0.99597035,0
52,15299,0.17140737,0.00000000,30.38000000,16.74617546,1.81417818,0.56820705,0.46634961,0.00099849,0.99900151,0
53,15399,0.15695184,0.00000000,32.53000000,17.00280512,1.91229391,0.59100657,0.43257866,0.00077831,0.99922169,0
54,15499,0.21271299,0.00000000,38.88000000,17.35965529,2.23948449,0.71503602,0.33783957,0.00021693,0.99978307,0
55,15599,0.20118556,0.00000000,41.45000000,17.77272222,2.33227643,0.67939965,0.38862670,0.00265739,0.99734261,0
56,15699,0.23703573,0.00000000,43.85000000,18.19784793,2.40847787,0.78925211,0.35881829,-0.00290911,1.00290911,0
57,15799,0.22784675,0.00000000,41.32000000,18.62955809,2.21749769,0.69786386,0.43114440,0.00347845,0.99652155,0
58,15899,0.26292802,0.00000000,39.55000000,19.02192258,2.07985340,0.67395311,0.47306750,0.00346540,0.99653460,0
59,15999,0.20791990,0.00000000,42.20000000,19.37675287,2.17786873,0.64743341,0.39756115,0.00514637,0.99485363,0
60,16099,0.08362515,0.02629861,16.08000000,19.54515501,0.82273477,0.16787564,0.69335435,0.00874718,0.99125282,0
61,16199,0.15657734,0.04693539,22.86000000,19.50134371,1.17193495,0.35105342,0.65590298,-0.00275149,1.00275149,0
62,16299,0.27529931,0.01351541,42.17000000,19.74664004,2.13564170,0.72545114,0.46212698,0.00629540,0.99370460,0
63,16399,0.20500250,0.00000000,39.78000000,20.09339747,1.98044502,0.59459055,0.43469132,0.00156448,0.99843552,0
64,16499,0.21142856,0.00000000,41.41000000,20.41277483,2.02941567,0.61440817,0.42625693,-0.00491976,1.00491976,0
65,16599,0.18945161,0.00000000,42.21000000,20.72798431,2.03657625,0.61604907,0.36040420,0.00178447,0.99821553,0
66,16699,0.18319279,0.00000000,39.91000000,21.02152555,1.89817482,0.53095840,0.54580374,0.00451131,0.99548869,0
67,16799,0.14814289,0.00000000,37.78000000,21.30077455,1.77389160,0.51313712,0.44908442,0.00306105,0.99693895,0
68,16899,0.17576477,0.00000000,39.34000000,21.54365929,1.82595032,0.57116296,0.40914078,0.00865283,0.99134717,0
69,16999,0.19325499,0.00000000,42.86000000,21.84540293,1.96278831,0.57680690,0.47565596,0.00456874,0.99543126,0
70,17099,0.11813183,0.03511931,22.10000000,21.98660844,1.00520507,0.23379816,0.75295570,0.00481268,0.99518732,0
71,17199,0.18957921,0.05472840,32.03000000,22.00921259,1.45447963,0.43210131,0.51197640,0.00948926,0.99051074,0
72,17299,0.24444135,0.00209374,48.45000000,22.28582117,2.17327242,0.68408048,0.43966012,0.00567407,0.99432593,0
73,17399,0.16676653,0.00000000,45.06000000,22.62127240,1.99143355,0.56266298,0.46286168,0.00536552,0.99463448,0
74,17499,0.20193860,0.00000000,45.22000000,22.93438186,1.97168702,0.60231882,0.46234159,-0.00012100,1.00012100,0
75,17599,0.17900746,0.00000000,49.31000000,23.26373439,2.11994148,0.62734767,0.42325763,0.01301327,0.98698673,0
76,17699,0.16719099,0.00000000,40.63000000,23.55000490,1.72553050,0.51802122,0.55185629,-0.00312289,1.00312289,0
77,17799,0.16832581,0.00000000,43.08000000,23.75938413,1.81255862,0.54352623,0.43953377,-0.00342551,1.00342551,0
78,17899,0.17064941,0.00000000,40.74000000,23.98565774,1.69785166,0.50826235,0.49079110,0.00937306,0.99062694,0
79,17999,0.18065594,0.00000000,42.16000000,24.23807915,1.73970914,0.57414119,0.42576003,0.00256958,0.99743042,0
80,18099,0.06025308,0.00000000,18.76000000,24.30359988,0.77199991,0.16300198,0.77315851,-0.00185151,1.00185151,0
81,18199,0.14562194,0.00000000,43.94000000,24.39460785,1.80133584,0.49009589,0.47185796,0.01466530,0.98533470,0
82,18299,0.17920175,0.00000000,39.53000000,24.58956799,1.60728164,0.49150445,0.61665805,0.00177563,0.99822437,0
83,18399,0.15495725,0.00000000,49.04000000,24.81343661,1.97541459,0.60008438,0.38956099,0.00641801,0.99358199,0
84,18499,0.20221095,0.00000000,43.85000000,25.11289375,1.74670015,0.55641116,0.46373150,-0.00116707,1.00116707,0
85,18599,0.23029304,0.00000000,47.48000000,25.34164934,1.87387132,0.56906705,0.51156249,-0.00089692,1.00089692,0
86,18699,0.19512613,0.00000000,43.12000000,25.56507363,1.68668161,0.54354950,0.53843733,0.00786896,0.99213104,0
87,18799,0.15944560,0.00000000,46.53000000,25.77758793,1.80485072,0.50140508,0.46265895,-0.00109450,1.00109450,0
88,18899,0.14632775,0.00000000,48.05000000,26.01211409,1.84671332,0.56685786,0.40012951,0.00451102,0.99548898,0
89,18999,0.18200649,0.00000000,49.40000000,26.30145950,1.87892321,0.51564046,0.50153468,0.00091578,0.99908422,0
90,19099,0.11199822,0.00429568,29.18000000,26.43597123,1.10386523,0.29290644,0.64978007,-0.01042077,1.01042077,0
91,19199,0.17158686,0.00000000,44.32000000,26.48564109,1.67206620,0.49386704,0.48673644,0.00462630,0.99537370,0
92,19299,0.22772410,0.00000000,50.94000000,26.77138557,1.90296500,0.60647543,0.48480646,0.00353476,0.99646524,0
93,19399,0.21561982,0.00000000,59.21000000,27.06242218,2.18765309,0.67382292,0.43169130,0.00711848,0.99288152,0
94,19499,0.21166576,0.00000000,51.53000000,27.34834014,1.88358933,0.56223916,0.50157823,0.00995345,0.99004655,0
95,19599,0.24170870,0.00000000,56.07000000,27.64884426,2.02809872,0.61723879,0.47314257,0.00347992,0.99652008,0
96,19699,0.21748960,0.00000000,55.54000000,27.94395389,1.98781528,0.62707553,0.52873448,0.00207378,0.99792622,0
97,19799,0.20805625,0.00000000,59.88000000,28.24699257,2.12009894,0.63663966,0.48721609,-0.00613564,1.00613564,0
98,19899,0.20445003,0.00000000,52.99000000,28.54161168,1.85699265,0.59192053,0.44212200,0.00512734,0.99487266,0
99,19999,0.22511891,0.00000000,56.09000000,28.79145167,1.94821712,0.62410365,0.51312691,-0.00599875,1.00599875,0
100,20099,0.09710055,0.00000000,32.03000000,28.90948203,1.10785347,0.28795906,0.46573051,0.00934674,0.99065326,0
101,20199,0.21667749,0.00000000,59.93000000,29.11412132,2.05866377,0.58753887,0.48891023,0.00243144,0.99756856,0
102,20299,0.22862471,0.01584366,48.81000000,29.35692192,1.66265415,0.53671696,0.56150798,0.00306797,0.99693203,0
103,20399,0.19539317,0.00000000,53.95000000,29.55781222,1.82493197,0.59994634,0.44778731,0.00641656,0.99358344,0
104,20499,0.23531189,0.00309938,55.79000000,29.81930929,1.87119619,0.58566443,0.51647230,0.00991157,0.99008843,0
105,20599,0.21462227,0.00000000,58.72000000,30.07567074,1.95257524,0.61776637,0.44080406,-0.00456193,1.00456193,0
106,20699,0.20524640,0.00000000,66.91000000,30.39087477,2.20218201,0.66882491,0.41472061,-0.00461268,1.00461268,0
107,20799,0.28106860,0.00000000,66.90000000,30.70181464,2.17842221,0.71195187,0.46345302,0.00058609,0.99941391,0
108,20899,0.27064884,0.00000000,69.21000000,31.06987161,2.22790314,0.67023828,0.51161990,0.00838632,0.99161368,0
109,20999,0.20890245,0.00000000,60.29000000,31.37497245,1.92175117,0.61299721,0.45860548,-0.00114835,1.00114835,0
110,21099,0.12008581,0.00000000,37.29000000,31.52387167,1.18292179,0.31088663,0.76156127,0.01289114,0.98710886,0
111,21199,0.18237462,0.00000000,61.74000000,31.68982656,1.94829322,0.65417572,0.40554932,0.01373751,0.98626249,0
112,21299,0.20999589,0.00000000,62.87000000,31.95689384,1.96722537,0.61629483,0.47056722,0.00472706,0.99527294,0
113,21399,0.16067603,0.00000000,54.09000000,32.17848364,1.68060020,0.51126528,0.48316506,0.00592816,0.99407184,0
114,21499,0.18180861,0.00000000,57.27000000,32.40361470,1.76749699,0.54408518,0.47677317,0.00481240,0.99518760,0
115,21599,0.18017705,0.00000000,66.55000000,32.62185577,2.03901650,0.62122058,0.42776589,0.00536149,0.99463851,0
116,21699,0.20914189,0.00000000,72.74000000,32.96875081,2.20622821,0.68031762,0.45917794,-0.00276692,1.00276692,0
117,21799,0.23332321,0.00930425,58.09000000,33.25052011,1.74708928,0.56015066,0.54928052,0.01179123,0.98820877,0
118,21899,0.19258131,0.00000000,72.44000000,33.50929208,2.16149088,0.64983011,0.42933494,-0.00334938,1.00334938,0
119,21999,0.21603560,0.00000000,71.64000000,33.83636083,2.11711542,0.62214957,0.44696232,-0.00367041,1.00367041,0
120,22099,0.18387029,0.00931373,51.15000000,34.03846482,1.50226617,0.44477976,0.63656414,0.00107594,0.99892406,0
121,22199,0.21705995,0.00000000,73.06000000,34.30084586,2.12999590,0.71966706,0.41228837,0.00008290,0.99991710,0
122,22299,0.17911561,0.00000000,64.47000000,34.58603297,1.86415892,0.57356177,0.44240981,0.00458369,0.99541631,0
123,22399,0.25963344,0.03016113,62.63000000,34.81660854,1.79886181,0.56716848,0.59047482,0.01203496,0.98796504,0
124,22499,0.19102213,0.00000000,68.49000000,35.06718753,1.95323052,0.60291912,0.40748218,0.00506880,0.99493120,0
125,22599,0.24300087,0.00000000,68.05000000,35.33884364,1.92593442,0.59706868,0.49178420,0.00358395,0.99641605,0
126,22699,0.15516899,0.00000000,61.49000000,35.56327576,1.72908786,0.50878076,0.40379705,0.00112898,0.99887102,0
127,22799,0.22885535,0.00000000,70.78000000,35.82475215,1.97640075,0.63306229,0.44723502,0.00324732,0.99675268,0
128,22899,0.21450323,0.00000000,64.95000000,36.04136925,1.80190665,0.58121651,0.48728962,0.00156527,0.99843473,0
129,22999,0.19932066,0.00000000,73.63000000,36.31978056,2.02765487,0.63531046,0.47865661,-0.00001037,1.00001037,0
130,23099,0.08888139,0.00000000,38.29000000,36.43467743,1.05091691,0.27413306,0.52711935,0.00166033,0.99833967,0
131,23199,0.21198024,0.00000000,68.59000000,36.58243069,1.87486461,0.55354056,0.49612903,0.00771286,0.99228714,0
132,23299,0.21420897,0.00000000,72.66000000,36.85801067,1.97175580,0.60072115,0.45404530,0.00021975,0.99978025,0
133,23399,0.19377480,0.00000000,70.84000000,37.09520621,1.90946586,0.57752029,0.49754151,0.00131540,0.99868460,0
134,23499,0.25530221,0.00000000,74.57000000,37.37865631,1.99525730,0.63903836,0.49499387,0.01297501,0.98702499,0
135,23599,0.18772894,0.00000000,60.04000000,37.58580754,1.59734294,0.47549432,0.56179606,0.00623263,0.99376737,0
136,23699,0.17068658,0.00000000,65.23000000,37.76702585,1.72704124,0.57253402,0.45141104,-0.00335225,1.00335225,0
137,23799,0.23769592,0.00000000,67.58000000,37.97869740,1.77935546,0.57158615,0.53209397,0.00013600,0.99986400,0
138,23899,0.23073502,0.01444000,69.61000000,38.22387353,1.82158098,0.54231485,0.57549469,0.00090939,0.99909061,0
139,23999,0.18133795,0.00000000,71.15000000,38.43426744,1.85123140,0.61147528,0.40155749,0.01106225,0.98893775,0
140,24099,0.19524674,0.03524656,55.92000000,38.58860245,1.44888214,0.39627094,0.56329054,0.01044872,0.98955128,0
141,24199,0.23631869,0.02056354,70.00000000,38.78286778,1.80489385,0.62065892,0.49862644,0.01382249,0.98617751,0
142,24299,0.22224811,0.00000000,75.38000000,39.02319045,1.93170582,0.61537693,0.43721479,0.00753790,0.99246210,0
143,24399,0.20216253,0.00000000,71.20000000,39.25751198,1.81360242,0.55285407,0.51462271,0.00953159,0.99046841,0
144,24499,0.21013610,0.02510175,60.72000000,39.45646644,1.53906435,0.45696432,0.58719708,0.00250440,0.99749560,0
145,24599,0.18410893,0.00000000,76.80000000,39.65207876,1.93697583,0.58971457,0.39626923,0.00732716,0.99267284,0
146,24699,0.22230264,0.00000000,72.71000000,39.89187455,1.82278795,0.56355578,0.50156702,0.00376345,0.99623655,0
147,24799,0.17820284,0.00000000,72.74000000,40.12159508,1.81323739,0.55666157,0.46832051,-0.00169123,1.00169123,0
148,24899,0.20674165,0.00000000,80.38000000,40.33601859,1.99230630,0.62461103,0.44981681,0.00913505,0.99086495,0
149,24999,0.26925755,0.00707094,76.02000000,40.62571102,1.87161491,0.60254630,0.52772421,0.00066802,0.99933198,0
150,25099,0.11946519,0.01701197,42.89000000,40.75755247,1.05237948,0.28683788,0.64879773,-0.00127370,1.00127370,0
151,25199,0.25916159,0.00832235,81.96000000,40.86739146,2.00530395,0.64164097,0.47768275,0.00811807,0.99188193,0
152,25299,0.25897766,0.00000000,79.38000000,41.12765375,1.92987382,0.63799572,0.47261733,0.00478540,0.99521460,0
153,25399,0.21499579,0.00000000,82.97000000,41.42366371,2.00359045,0.63313492,0.50632028,0.00938853,0.99061147,0
154,25499,0.21012126,0.00000000,76.96000000,41.66372180,1.84749754,0.57680667,0.51064470,0.00228116,0.99771884,0
155,25599,0.20779491,0.00000000,80.49000000,41.89781953,1.92137351,0.58149213,0.46177133,0.01426007,0.98573993,0
156,25699,0.15183234,0.00000000,78.36000000,42.14909263,1.85958932,0.58701976,0.40323956,0.00257579,0.99742421,0
157,25799,0.20516898,0.00000000,83.72000000,42.35733570,1.97615368,0.67315047,0.41302054,0.00649789,0.99350211,0
158,25899,0.24473250,0.00000000,89.24000000,42.63101125,2.09280205,0.66765995,0.45660891,0.00309987,0.99690013,0
159,25999,0.20078909,0.00000000,81.93000000,42.92913335,1.90868138,0.62521334,0.44091340,0.00553798,0.99446202,0
160,26099,0.07895528,0.00000000,42.19000000,43.00309865,0.98113655,0.24879182,0.80566162,-0.00083751,1.00083751,0
161,26199,0.16871206,0.00000000,86.46000000,43.17731515,2.00258640,0.62554107,0.37423842,0.00728664,0.99271336,0
162,26299,0.22261337,0.00000000,91.70000000,43.43857002,2.11064288,0.67615749,0.42328991,0.00745480,0.99254520,0
163,26399,0.26221207,0.00000000,92.46000000,43.74646897,2.11343327,0.68136049,0.45038665,0.01108010,0.98891990,0
164,26499,0.23550008,0.00000000,92.75000000,44.06263456,2.10532557,0.66724003,0.49210060,0.00424133,0.99575867,0
165,26599,0.22751055,0.00000000,89.44000000,44.33412551,2.01744377,0.65887535,0.48847027,0.01502722,0.98497278,0
166,26699,0.21783170,0.00000000,87.32000000,44.59258311,1.95807421,0.63523679,0.42865505,-0.00339066,1.00339066,0
167,26799,0.21882955,0.00000000,86.08000000,44.84362056,1.91946067,0.61231481,0.44233232,-0.00252311,1.00252311,0
168,26899,0.31938020,0.00000000,104.66000000,45.14179050,2.31829816,0.77274309,0.48125672,0.01208039,0.98791961,0
169,26999,0.22244425,0.00000000,87.33000000,45.44745069,1.92155238,0.58872723,0.52567482,0.00303097,0.99696903,0
170,27099,0.07170559,0.00000000,34.76000000,45.50079036,0.76419133,0.20153199,0.64798165,0.00708755,0.99291245,0
171,27199,0.27353736,0.00336549,94.74000000,45.66776072,2.07493536,0.63765464,0.49819269,-0.00272301,1.00272301,0
172,27299,0.20408166,0.00000000,85.61000000,45.91534474,1.86462669,0.58131817,0.49743308,0.00761755,0.99238245,0
173,27399,0.22294893,0.00000000,93.21000000,46.14540139,2.01959811,0.62863835,0.44273920,0.00072238,0.99927762,0
174,27499,0.23980316,0.00000000,96.35000000,46.43429942,2.07486893,0.66911209,0.46256341,0.02223432,0.97776568,0
175,27599,0.26755528,0.00664540,91.33000000,46.71556016,1.95515603,0.63377857,0.52551257,0.00857349,0.99142651,0
176,27699,0.20265629,0.00000000,95.49000000,46.96485565,2.03303226,0.62416403,0.44693265,0.00456126,0.99543874,0
177,27799,0.19088670,0.00000000,89.32000000,47.23266881,1.89112872,0.54760621,0.54813483,0.00549844,0.99450156,0
178,27899,0.26114340,0.00000000,100.92000000,47.50382448,2.12461105,0.64644009,0.51527147,-0.00757009,1.00757009,0
179,27999,0.21406130,0.00000000,89.43000000,47.76795565,1.87225256,0.58976354,0.47316045,0.01377231,0.98622769,0
180,28099,0.06128783,0.01086998,33.35000000,47.82185486,0.69752576,0.12648456,0.57490655,-0.00015899,1.00015899,0
181,28199,0.03842790,0.02509109,26.41000000,47.76005979,0.55282864,0.07023334,0.51046945,-0.00061321,1.00061321,0
182,28299,0.23217736,0.00806969,84.76000000,47.77967823,1.77392233,0.58151523,0.52858664,0.00864235,0.99135765,0
183,28399,0.20014045,0.00000000,95.78000000,48.02587314,1.99458572,0.60261317,0.48922277,0.00934284,0.99065716,0
184,28499,0.23319732,0.00000000,90.49000000,48.25473141,1.87517949,0.59294516,0.51402974,-0.00092024,1.00092024,0
185,28599,0.23539971,0.00000000,95.77000000,48.48000119,1.97503140,0.63408109,0.47835593,0.00079352,0.99920648,0
186,28699,0.22756726,0.00000000,91.53000000,48.74284210,1.87781063,0.60967840,0.50353733,0.00470815,0.99529185,0
187,28799,0.21685894,0.00000000,97.01000000,48.97238162,1.98064506,0.62143139,0.42886544,0.00622843,0.99377157,0
188,28899,0.28415771,0.00000000,110.99000000,49.27942649,2.25231917,0.68099517,0.56760548,0.00179680,0.99820320,0
189,28999,0.29631569,0.00000000,107.50000000,49.58456146,2.16779817,0.70636704,0.57419307,0.00692878,0.99307122,0
190,29099,0.09097223,0.00000000,53.45000000,49.71558767,1.07508689,0.25247653,0.64448441,0.00539214,0.99460786,0
191,29199,0.21161086,0.00000000,101.78000000,49.89697319,2.03970638,0.64847484,0.45810315,0.01119755,0.98880245,0
192,29299,0.21688923,0.00000000,94.62000000,50.16034474,1.88648756,0.62250595,0.51823123,0.00612722,0.99387278,0
193,29399,0.21494278,0.00000000,94.12000000,50.39400279,1.86790796,0.58667356,0.52064900,0.00553174,0.99446826,0
194,29499,0.27304260,0.00000000,101.88000000,50.61890040,2.01254492,0.67630433,0.50743980,0.01076303,0.98923697,0
195,29599,0.24115714,0.00000000,98.37000000,50.88343784,1.93331824,0.64776430,0.46432355,0.00784336,0.99215664,0
196,29699,0.23433866,0.00000000,100.49000000,51.13261163,1.96540529,0.63768268,0.45486339,-0.00155923,1.00155923,0
197,29799,0.26188603,0.00710270,99.61000000,51.35638062,1.93927317,0.58779629,0.59158780,0.01868828,0.98131172,0
198,29899,0.19145323,0.00000000,93.26000000,51.60152650,1.80732036,0.57409852,0.50594455,0.00446507,0.99553493,0
199,29999,0.20422130,0.00000000,97.18000000,51.81272699,1.87549108,0.60285603,0.46996255,0.00980737,0.99019263,0
200,30099,0.11389782,0.00000000,58.08000000,51.90583396,1.11887564,0.29957843,0.56352259,-0.00630006,1.00630006,0
201,30199,0.25444527,0.00000000,98.77000000,52.09104303,1.89630479,0.60223373,0.54701943,0.00275120,0.99724880,0
202,30299,0.28896895,0.00000000,113.80000000,52.36422799,2.17362541,0.71129218,0.50724600,0.00948920,0.99051080,0
203,30399,0.27893629,0.00000000,111.16000000,52.63566827,2.11172907,0.68472875,0.50348807,0.00016037,0.99983963,0
204,30499,0.28159085,0.00000000,115.43000000,52.94168347,2.18037816,0.71094252,0.47964192,0.00718957,0.99281043,0
205,30599,0.30931839,0.00460117,119.48000000,53.23758459,2.24392320,0.67289341,0.50256209,0.01197202,0.98802798,0
206,30699,0.24708931,0.00000000,108.38000000,53.55040930,2.02395118,0.66971225,0.44803678,0.00669612,0.99330388,0
207,30799,0.27832458,0.00000000,105.00000000,53.81721617,1.95129452,0.67567090,0.55776658,0.00058751,0.99941249,0
208,30899,0.23291407,0.00000000,111.28000000,54.07409152,2.05812333,0.65705541,0.43790874,0.01585804,0.98414196,0
209,30999,0.27889278,0.00000000,121.15000000,54.37065314,2.22846149,0.74872071,0.48341083,0.00426008,0.99573992,0
210,31099,0.13078204,0.00000000,64.79000000,54.50481164,1.18858846,0.33289788,0.57247010,0.00517856,0.99482144,0
211,31199,0.24066673,0.00000000,115.27000000,54.72589722,2.10660316,0.70069822,0.44374564,-0.00174334,1.00174334,0
212,31299,0.32443151,0.02458583,118.07000000,55.00639966,2.14654965,0.68633535,0.55858192,0.00023169,0.99976831,0
213,31399,0.17729213,0.00000000,108.56000000,55.26256319,1.96420182,0.66631656,0.41014067,0.00112393,0.99887607,0
214,31499,0.22250279,0.00000000,115.34000000,55.53552747,2.07677785,0.66074731,0.42589648,0.00558721,0.99441279,0
215,31599,0.24302718,0.00000000,104.15000000,55.79570224,1.86669022,0.56389856,0.51641413,0.01033729,0.98966271,0
216,31699,0.24774554,0.00000000,124.34000000,56.06242892,2.21790912,0.65533659,0.45500840,-0.00030116,1.00030116,0
217,31799,0.26638711,0.00000000,121.03000000,56.37209061,2.14706822,0.69657710,0.44473892,0.00725472,0.99274528,0
218,31899,0.27424652,0.00000000,117.48000000,56.65256424,2.07363005,0.67115547,0.55121356,0.00094008,0.99905992,0
219,31999,0.21781140,0.00000000,125.22000000,56.94200863,2.19890739,0.66101781,0.44137541,0.00250005,0.99749995,0
220,32099,0.12830745,0.00000000,66.46000000,57.07251394,1.16434835,0.31109999,0.71737968,0.00251110,0.99748890,0
221,32199,0.28458804,0.00000000,126.42000000,57.32839265,2.20569839,0.70254364,0.50616553,0.00567419,0.99432581,0
222,32299,0.24150661,0.00000000,128.64000000,57.62530652,2.23246450,0.74160022,0.37428579,0.01228454,0.98771546,0
223,32399,0.30073087,0.00000000,133.10000000,57.95826405,2.29671952,0.74974016,0.46495364,-0.00047953,1.00047953,0
224,32499,0.32623249,0.00092627,130.54000000,58.27848896,2.23997311,0.72524578,0.53678074,0.00810591,0.99189409,0
225,32599,0.22353533,0.00000000,119.92000000,58.58227673,2.04719709,0.61879594,0.43913107,0.00890981,0.99109019,0
226,32699,0.24037864,0.00000000,117.85000000,58.84407628,2.00281992,0.62777175,0.43810383,-0.00478131,1.00478131,0
227,32799,0.23671938,0.00000000,123.20000000,59.12199589,2.08402476,0.66867348,0.48941857,0.01573533,0.98426467,0
228,32899,0.22452381,0.00000000,123.45000000,59.40668251,2.07831548,0.66895806,0.47348014,0.00152092,0.99847908,0
229,32999,0.23355858,0.00000000,114.54000000,59.64751442,1.92021136,0.59173411,0.43749953,0.00301007,0.99698993,0
230,33099,0.17640502,0.00000000,88.60000000,59.78729441,1.48155974,0.43241511,0.61324577,0.00549547,0.99450453,0
231,33199,0.24299901,0.00000000,118.20000000,60.02819077,1.96917640,0.61879929,0.52607620,0.01189906,0.98810094,0
232,33299,0.21410715,0.00000000,120.54000000,60.28959469,1.99955699,0.61457360,0.44307099,0.00641553,0.99358447,0
233,33399,0.22648072,0.00000000,131.11000000,60.57708908,2.16472615,0.66903426,0.47335862,0.00658869,0.99341131,0
234,33499,0.21136741,0.00000000,115.52000000,60.82111367,1.89927533,0.56750780,0.45628781,0.00994709,0.99005291,0
235,33599,0.23342512,0.00000000,125.10000000,61.08352450,2.04811238,0.63171074,0.44141199,-0.00617127,1.00617127,0
236,33699,0.22607216,0.00000000,113.03000000,61.32844665,1.84310045,0.59306823,0.47367164,0.00996133,0.99003867,0
237,33799,0.24412911,0.00000000,129.41000000,61.58007393,2.10157500,0.71013234,0.44064305,-0.00744549,1.00744549,0
238,33899,0.26643132,0.00000000,136.00000000,61.87251017,2.19805831,0.65806351,0.50132845,0.00478511,0.99521489,0
239,33999,0.25327443,0.00000000,133.91000000,62.18831137,2.15347595,0.72266965,0.41506402,0.01491135,0.98508865,0
240,34099,0.00754637,0.00000000,36.63000000,62.26760936,0.58834272,0.06910118,0.44245585,0.00337656,0.99662344,0
241,34199,0.32471531,0.03214293,121.46000000,62.33228025,1.94841557,0.64579276,0.55648719,0.01322941,0.98677059,0
242,34299,0.24866949,0.00000000,144.08000000,62.62062959,2.30055834,0.72220760,0.40675902,0.01442924,0.98557076,0
243,34399,0.33263955,0.00000000,143.16000000,62.97926355,2.27337676,0.76349580,0.52577332,0.00544743,0.99455257,0
244,34499,0.24494216,0.00000000,140.89000000,63.29416229,2.22603041,0.70548767,0.47291569,0.00582341,0.99417659,0
245,34599,0.23665269,0.00000000,125.48000000,63.57172341,1.97378113,0.62176315,0.46634226,0.00796597,0.99203403,0
246,34699,0.31011874,0.00000000,152.35000000,63.86935989,2.38509593,0.75684539,0.48522123,0.00944140,0.99055860,0
247,34799,0.27934459,0.00000000,163.78000000,64.26956873,2.54853585,0.84841826,0.37087537,-0.00404561,1.00404561,0
248,34899,0.28620842,0.00000000,139.50000000,64.61546796,2.15897716,0.68243972,0.49150337,0.00870655,0.99129345,0
249,34999,0.25724846,0.00000000,135.86000000,64.90235628,2.09323975,0.68603343,0.46675941,-0.00084368,1.00084368,0
250,35099,0.24338971,0.02174678,94.31000000,65.06654273,1.44917047,0.49625015,0.59674830,0.00958395,0.99041605,0
251,35199,0.28133222,0.00910445,134.64000000,65.30082214,2.06181595,0.67936159,0.53186830,-0.00480309,1.00480309,0
252,35299,0.22260650,0.00000000,153.14000000,65.61166288,2.33400542,0.73882193,0.37486397,0.01145592,0.98854408,0
253,35399,0.27666421,0.00000000,151.26000000,65.95343333,2.29341115,0.73928738,0.48845290,0.01253581,0.98746419,0
254,35499,0.30800973,0.00000000,147.95000000,66.28682362,2.23202687,0.73088571,0.48118751,0.00633714,0.99366286,0
255,35599,0.24181161,0.00000000,147.43000000,66.61016582,2.21347353,0.72870513,0.44083617,0.01434008,0.98565992,0
256,35699,0.23739158,0.00000000,139.12000000,66.90097000,2.07948539,0.68858464,0.41206345,0.02234005,0.97765995,0
257,35799,0.26878209,0.00000000,143.26000000,67.18848733,2.13218934,0.67651391,0.48306326,0.00984508,0.99015492,0
258,35899,0.28468230,0.00000000,146.72000000,67.49411325,2.17388109,0.69650244,0.48533085,-0.00570722,1.00570722,0
259,35999,0.22774987,0.00000000,139.68000000,67.78720537,2.06064273,0.63623231,0.46490304,0.01029795,0.98970205,0
260,36099,0.11453647,0.00774501,64.96000000,67.86878571,0.95719407,0.23906065,0.51098824,0.00264534,0.99735466,0
261,36199,0.25527201,0.00000000,157.70000000,68.09675613,2.31613312,0.72831713,0.43563156,0.01158292,0.98841708,0
262,36299,0.30167358,0.00000000,137.68000000,68.38727257,2.01327737,0.69700650,0.51770865,0.00574602,0.99425398,0
263,36399,0.23684678,0.00000000,140.17000000,68.64772962,2.04180393,0.71666198,0.40174719,0.01436477,0.98563523,0
264,36499,0.27478688,0.00000000,142.16000000,68.93527719,2.06236653,0.66462733,0.55119782,0.01470652,0.98529348,0
265,36599,0.24937751,0.00000000,145.01000000,69.20922344,2.09527155,0.68872110,0.46321984,0.00683422,0.99316578,0
266,36699,0.25159509,0.00000000,136.74000000,69.48923729,1.96796419,0.65830258,0.43313990,-0.00182783,1.00182783,0
267,36799,0.25671472,0.00000000,135.86000000,69.73941550,1.94829069,0.61927593,0.47495082,0.00099815,0.99900185,0
268,36899,0.28514269,0.00000000,153.32000000,70.01475837,2.18999356,0.73384136,0.48971789,0.00362033,0.99637967,0
269,36999,0.18683067,0.00000000,140.46000000,70.28693584,1.99833448,0.66934385,0.40263594,0.00771527,0.99228473,0
270,37099,0.13688806,0.00000000,99.03000000,70.42762960,1.40587068,0.41954999,0.52888782,-0.00369037,1.00369037,0
271,37199,0.21779444,0.00000000,132.09000000,70.65183755,1.86974163,0.64105868,0.48557966,0.00971010,0.99028990,0
272,37299,0.24510009,0.00014665,127.21000000,70.85470515,1.79535337,0.57471235,0.52246723,-0.00741258,1.00741258,0
273,37399,0.27923980,0.00000000,150.75000000,71.09651406,2.12022621,0.71164530,0.47616780,0.01470762,0.98529238,0
274,37499,0.29236876,0.00000000,150.77000000,71.41318589,2.11151733,0.71128180,0.48696744,0.00289836,0.99710164,0
275,37599,0.23546947,0.00000000,142.32000000,71.68626454,1.98557486,0.64656840,0.47818937,0.00907338,0.99092662,0
276,37699,0.24998925,0.00000000,153.24000000,71.95005490,2.12992112,0.72325313,0.44355845,0.00785725,0.99214275,0
277,37799,0.22386855,0.00000000,146.21000000,72.23400816,2.02426849,0.68244785,0.53830258,0.00632067,0.99367933,0
278,37899,0.20331556,0.00000000,129.23000000,72.45513042,1.78354409,0.62765069,0.43722430,0.01525537,0.98474463,0
279,37999,0.21764982,0.00000000,146.23000000,72.69298862,2.01162103,0.68219898,0.45726035,0.00246764,0.99753236,0
280,38099,0.11754484,0.04406263,64.06000000,72.79224295,0.88008068,0.20090814,0.81066377,-0.02269100,1.02269100,0
281,38199,0.23062099,0.00000000,159.82000000,72.95313814,2.19083141,0.75268621,0.32579248,0.02074707,0.97925293,0
282,38299,0.25838706,0.00000000,149.54000000,73.24057080,2.04183019,0.68172723,0.49408032,0.00781432,0.99218568,0
283,38399,0.22735573,0.00000000,146.65000000,73.49884771,1.99525047,0.69505326,0.41475960,0.01001088,0.98998912,0
284,38499,0.24224443,0.00000000,136.26000000,73.73540716,1.84791749,0.60277185,0.49453591,0.00976261,0.99023739,0
285,38599,0.23393983,0.00000000,143.49000000,73.98282174,1.93965708,0.66923208,0.44880460,0.00522299,0.99477701,0
286,38699,0.24449117,0.00000000,151.21000000,74.22831450,2.03711448,0.69043423,0.44112298,0.00116149,0.99883851,0
287,38799,0.24543449,0.00000000,147.19000000,74.49472585,1.97593986,0.65304326,0.47009957,0.00692877,0.99307123,0
288,38899,0.22497255,0.00000000,137.85000000,74.73117794,1.84470464,0.58893393,0.51606060,-0.00138052,1.00138052,0
289,38999,0.30396656,0.00000000,167.35000000,75.00750975,2.23135744,0.79028077,0.45157278,0.01674278,0.98325722,0
290,39099,0.13729070,0.00000000,91.77000000,75.12519790,1.22142017,0.30570457,0.62532965,0.01795488,0.98204512,0
291,39199,0.27281745,0.00000000,173.18000000,75.38141007,2.29746865,0.79269135,0.43002282,0.00728481,0.99271519,0
292,39299,0.30172671,0.00000000,178.82000000,75.73200031,2.36143457,0.77855056,0.43693536,0.00822330,0.99177670,0
293,39399,0.32533607,0.00000000,187.42000000,76.08339563,2.46329582,0.81675529,0.48683028,0.01198694,0.98801306,0
294,39499,0.36612988,0.00000000,186.11000000,76.46811901,2.43394101,0.79123063,0.50324286,0.00889629,0.99110371,0
295,39599,0.26108876,0.00000000,178.59000000,76.82387635,2.32473119,0.76063409,0.42134360,0.02419854,0.97580146,0
296,39699,0.29430984,0.00000000,167.78000000,77.15512571,2.17472199,0.76956530,0.47872034,0.00549619,0.99450381,0
297,39799,0.25366219,0.00000000,182.29000000,77.47406140,2.35291386,0.77107257,0.39403614,0.01214025,0.98785975,0
298,39899,0.33550425,0.00000000,174.26000000,77.81251787,2.23948670,0.78286524,0.47322866,0.01548299,0.98451701,0
299,39999,0.27941125,0.00000000,175.62000000,78.13969009,2.24756453,0.74628985,0.46911464,0.00229082,0.99770918,0
300,40099,0.17483280,0.00000000,101.92000000,78.28565306,1.30170413,0.42425161,0.61823968,0.01072164,0.98927836,0
301,40199,0.24610033,0.00000000,170.48000000,78.53366625,2.17083789,0.73971982,0.42871888,-0.00438000,1.00438000,0
302,40299,0.31160240,0.00000000,194.83000000,78.89826641,2.46983384,0.81239779,0.43504449,-0.00578381,1.00578381,0
303,40399,0.31934197,0.00000000,191.40000000,79.25825709,2.41503166,0.76033874,0.45603568,0.00511509,0.99488491,0
304,40499,0.30184250,0.00000000,178.65000000,79.59222025,2.24447402,0.75987483,0.42543278,0.00975657,0.99024343,0
305,40599,0.35016641,0.00542265,184.36000000,79.92753907,2.30652417,0.75313520,0.49554964,0.00781858,0.99218142,0
306,40699,0.29440009,0.00000000,179.54000000,80.26934251,2.23679495,0.74971649,0.48392865,0.00979741,0.99020259,0
307,40799,0.23834234,0.00000000,169.41000000,80.56743225,2.10266560,0.65909330,0.51301109,0.00184940,0.99815060,0
308,40899,0.26155409,0.00000000,173.35000000,80.85795642,2.14377681,0.75525193,0.41025662,0.00721202,0.99278798,0
309,40999,0.28685993,0.00000000,175.43000000,81.17167950,2.16128332,0.73451513,0.51798217,0.00727901,0.99272099,0
310,41099,0.00528785,0.00000000,34.33000000,81.23964719,0.42263657,0.02487118,0.62390078,-0.00367761,1.00367761,0
311,41199,0.26534565,0.00000000,157.76000000,81.29097896,1.94067784,0.66423947,0.55990737,0.00770196,0.99229804,0
312,41299,0.25788751,0.02258756,142.50000000,81.51351475,1.74819248,0.54150134,0.61827443,-0.00786585,1.00786585,0
313,41399,0.23676642,0.00000000,167.79000000,81.73942191,2.05265390,0.63466005,0.47145287,0.01945095,0.98054905,0
314,41499,0.22986700,0.00000000,137.76000000,81.97005349,1.68059294,0.56503784,0.49803570,0.00385316,0.99614684,0
315,41599,0.30105689,0.00000000,166.57000000,82.19326637,2.02654618,0.69474854,0.48510440,0.00127780,0.99872220,0
316,41699,0.20847546,0.00000000,162.07000000,82.46687606,1.96542451,0.64311614,0.49944083,0.00035537,0.99964463,0
317,41799,0.27339242,0.00000000,175.25000000,82.72802812,2.11841515,0.73480566,0.46709399,-0.00169018,1.00169018,0
318,41899,0.27536434,0.00000000,177.35000000,83.02836867,2.13613978,0.69626165,0.49509274,0.01176168,0.98823832,0
319,41999,0.35221140,0.00000000,199.44000000,83.35671204,2.39273742,0.79207616,0.50962512,0.00581204,0.99418796,0
320,42099,0.17350216,0.00000000,114.10000000,83.53189852,1.36575060,0.41605783,0.53584922,0.01553074,0.98446926,0
321,42199,0.29001911,0.00000000,170.37000000,83.76150775,2.03399902,0.65851080,0.49720130,0.00998665,0.99001335,0
322,42299,0.28064676,0.00000000,179.25000000,84.05042418,2.13275024,0.71505542,0.45184222,0.00501873,0.99498127,0
323,42399,0.23572056,0.00000000,182.74000000,84.34762282,2.16657602,0.71242028,0.40573312,0.01018224,0.98981776,0
324,42499,0.24680294,0.00000000,179.99000000,84.63815111,2.12653263,0.71648614,0.42452386,-0.01305574,1.01305574,0
325,42599,0.28765169,0.00000000,180.68000000,84.93995912,2.12720698,0.69711393,0.54735555,0.02119776,0.97880224,0
326,42699,0.23214427,0.00000000,177.67000000,85.22978969,2.08466760,0.67033771,0.47871792,0.01741627,0.98258373,0
327,42799,0.23280169,0.00000000,171.04000000,85.49553184,2.00056307,0.62693255,0.49622156,0.01190980,0.98809020,0
328,42899,0.23634994,0.00000000,169.94000000,85.74926006,1.98175337,0.67522939,0.43967534,0.01115450,0.98884550,0
329,42999,0.25272346,0.00000000,185.33000000,86.04181033,2.15405380,0.71979089,0.45504403,0.00110761,0.99889239,0
330,43099,0.14766876,0.00841489,99.83000000,86.15927176,1.15859403,0.34199007,0.52538450,-0.00916667,1.00916667,0
331,43199,0.31587612,0.02279561,171.46000000,86.36745781,1.98538633,0.66766466,0.53415713,0.01311500,0.98688500,0
332,43299,0.23069504,0.00000000,178.26000000,86.61898205,2.05796550,0.65067216,0.43314779,-0.00098538,1.00098538,0
333,43399,0.27613387,0.00000000,178.79000000,86.90177971,2.05744826,0.67119190,0.47688748,-0.00249794,1.00249794,0
334,43499,0.22222304,0.00000000,197.28000000,87.19042137,2.26252130,0.72664034,0.36935864,0.00956574,0.99043426,0
335,43599,0.30729861,0.00000000,194.89000000,87.53019460,2.22664801,0.72308118,0.53199761,0.00546632,0.99453368,0
336,43699,0.29979553,0.00000000,210.13000000,87.87629718,2.39139168,0.77577929,0.43953238,0.00294337,0.99705663,0
337,43799,0.31338460,0.00000000,196.02000000,88.20336742,2.22233089,0.73782299,0.48988020,0.01239657,0.98760343,0
338,43899,0.25908947,0.00000000,186.81000000,88.50861584,2.11061436,0.70561455,0.44482315,0.00227920,0.99772080,0
339,43999,0.32769029,0.00000000,191.73000000,88.80944777,2.15890938,0.79224482,0.47658975,0.00008928,0.99991072,0
340,44099,0.23788080,0.02851486,132.89000000,88.97418434,1.49331078,0.47818081,0.53525455,0.03033859,0.96966141,0
341,44199,0.25961242,0.00000000,187.05000000,89.24144671,2.09611970,0.72879084,0.41216701,-0.00264603,1.00264603,0
342,44299,0.30034702,0.00000000,196.70000000,89.53331569,2.19697644,0.76523689,0.46682861,0.00552611,0.99447389,0
343,44399,0.32765239,0.00000000,194.50000000,89.83514969,2.16501320,0.75635653,0.49427983,0.00395652,0.99604348,0
344,44499,0.34115674,0.00000000,205.99000000,90.16691733,2.28463194,0.81090434,0.45898799,0.01030921,0.98969079,0
345,44599,0.35967009,0.00000000,223.32000000,90.50693798,2.46721990,0.82045926,0.47047347,-0.00697404,1.00697404,0
346,44699,0.35157916,0.01797118,195.17000000,90.86143137,2.14797247,0.71648075,0.54935745,0.00118619,0.99881381,0
347,44799,0.24445614,0.00000000,210.78000000,91.19997536,2.31139035,0.76515353,0.41181938,0.00319703,0.99680297,0
348,44899,0.30095298,0.00000000,206.41000000,91.51639560,2.25535970,0.73492659,0.52500971,0.01360459,0.98639541,0
349,44999,0.33878433,0.00000000,209.99000000,91.86628594,2.28596367,0.73447964,0.51222553,0.01037643,0.98962357,0
350,45099,0.02759993,0.00000000,72.37000000,92.00902514,0.78653928,0.13571135,0.41457634,-0.00615333,1.00615333,0
351,45199,0.15457009,0.03732162,96.43000000,91.92272802,1.04902028,0.26962635,0.65595017,0.00020859,0.99979141,0
352,45299,0.27092856,0.00453873,191.36000000,92.11172194,2.07734778,0.66981928,0.48499402,0.01784432,0.98215568,0
353,45399,0.32788989,0.00000000,211.22000000,92.43488936,2.28511219,0.78372279,0.43097809,-0.00364978,1.00364978,0
354,45499,0.39486663,0.00000000,228.43000000,92.79365717,2.46174060,0.83581134,0.50713534,-0.00349189,1.00349189,0
355,45599,0.27983188,0.00000000,255.40000000,93.19987764,2.74016064,0.86076262,0.39271978,0.02201107,0.97798893,0
356,45699,0.39489682,0.00000000,238.72000000,93.65725383,2.54912147,0.87059736,0.49079060,0.00005576,0.99994424,0
357,45799,0.32773013,0.00000000,238.31000000,94.03104987,2.53411722,0.84398620,0.46416793,0.00341375,0.99658625,0
358,45899,0.33417789,0.00000000,246.01000000,94.46018175,2.60437882,0.85424359,0.44066738,0.01084115,0.98915885,0
359,45999,0.39173865,0.00000000,247.40000000,94.88516638,2.60739283,0.83167047,0.50762512,-0.00590132,1.00590132,0
360,46099,0.04302800,0.01663797,49.08000000,95.02469506,0.51655740,0.06253455,0.79489745,-0.01707246,1.01707246,0
361,46199,0.13051951,0.00932810,113.86000000,94.96365255,1.19892787,0.32130283,0.69355475,0.00148132,0.99851868,0
362,46299,0.31807913,0.00000000,240.78000000,95.23633259,2.52848296,0.78529551,0.46765140,0.00115015,0.99884985,0
363,46399,0.35887124,0.00000000,256.53000000,95.65288659,2.68205867,0.86119493,0.45827683,0.00124244,0.99875756,0
364,46499,0.38730447,0.00784466,234.90000000,96.04942185,2.44553115,0.79418933,0.49250874,0.01185005,0.98814995,0
365,46599,0.28555491,0.00000000,249.98000000,96.45779698,2.59164207,0.82655839,0.42956246,0.00300846,0.99699154,0
366,46699,0.37840916,0.00000000,257.33000000,96.90114491,2.65588381,0.83999373,0.49043044,0.00673273,0.99326727,0
367,46799,0.30009885,0.00000000,222.81000000,97.26642072,2.29061805,0.74084805,0.49912817,0.00691351,0.99308649,0
368,46899,0.29456239,0.00000000,249.19000000,97.64596746,2.55190567,0.82125318,0.42564507,0.01273812,0.98726188,0
369,46999,0.30252992,0.00000000,238.27000000,98.03863851,2.43026513,0.78719128,0.45120203,0.00142220,0.99857780,0
370,47099,0.10705872,0.02454986,83.99000000,98.23198078,0.85500899,0.19835463,0.86094133,-0.00611419,1.00611419,0
371,47199,0.07033859,0.06987617,38.76000000,98.12267154,0.39500882,0.07244937,1.20642526,-0.00068246,1.00068246,0
372,47299,0.00319217,0.06997777,29.58000000,97.94767617,0.30201224,0.01374361,0.41404309,0.00256057,0.99743943,0
373,47399,0.01401205,0.06542945,32.12000000,97.76089217,0.32862055,0.05008686,0.49928677,0.00165432,0.99834568,0
374,47499,0.01143054,0.06609140,44.14000000,97.61021465,0.45221009,0.05267610,0.50285819,0.02204070,0.97795930,0
375,47599,0.00535588,0.06247625,41.89000000,97.46365860,0.42981145,0.03716193,0.57631567,0.00382978,0.99617022,0
376,47699,0.00747710,0.05970846,35.73000000,97.30666866,0.36720984,0.04197568,0.60345646,0.01419103,0.98580897,0
377,47799,0.03741227,0.06510178,49.22000000,97.16196394,0.50659013,0.09118652,0.55946763,0.00981608,0.99018392,0
378,47899,0.03939376,0.07506088,50.47000000,97.03455872,0.52014911,0.08142899,0.57251865,0.00233775,0.99766225,0
379,47999,0.02506181,0.08482448,43.07000000,96.90903050,0.44442608,0.04930309,0.72284606,-0.01588082,1.01588082,0
380,48099,0.10020819,0.05171858,107.10000000,96.82570153,1.10609736,0.32480467,0.41969358,0.01992951,0.98007049,0
381,48199,0.20911238,0.00000000,189.35000000,96.97178936,1.95254430,0.67958638,0.37479838,0.03179171,0.96820829,0
382,48299,0.24457310,0.00000000,187.63000000,97.22967557,1.92985508,0.66469008,0.44867781,0.00997526,0.99002474,0
383,48399,0.21937146,0.00000000,171.54000000,97.43033916,1.76061094,0.58324569,0.50485031,0.00493325,0.99506675,0
384,48499,0.16364470,0.00000000,149.94000000,97.58749715,1.53639972,0.51772071,0.43276221,0.00102446,0.99897554,0
385,48599,0.23714691,0.00000000,193.72000000,97.78889219,1.98097367,0.67791099,0.46675920,0.00296497,0.99703503,0
386,48699,0.26579119,0.00000000,187.81000000,98.04075190,1.91571400,0.63737438,0.47014518,-0.00073089,1.00073089,0
387,48799,0.21662487,0.00000000,166.09000000,98.23322923,1.69075436,0.53228381,0.50320573,0.00663362,0.99336638,0
388,48899,0.22289656,0.01835122,156.49000000,98.39987890,1.59035658,0.50251401,0.51253586,0.01062412,0.98937588,0
389,48999,0.22294440,0.00421391,165.41000000,98.54910229,1.67838421,0.55905025,0.54513513,-0.00301219,1.00301219,0
390,49099,0.03981126,0.01338177,65.41000000,98.60253093,0.66338268,0.09496913,0.64072179,-0.02480884,1.02480884,0
391,49199,0.26132249,0.00000000,180.59000000,98.65600534,1.83043127,0.64470300,0.51204813,0.00428458,0.99571542,0
392,49299,0.24324609,0.00000000,181.21000000,98.87504484,1.83272735,0.64469367,0.48986937,0.00431916,0.99568084,0
393,49399,0.27029527,0.00000000,192.01000000,99.10146755,1.93755649,0.61672563,0.53813441,-0.00006460,1.00006460,0
394,49499,0.24534708,0.00000000,195.71000000,99.33714261,1.97016148,0.65684985,0.47485531,0.00681769,0.99318231,0
395,49599,0.28752622,0.00000000,215.73000000,99.60980816,2.16579789,0.75322668,0.44596697,0.00058295,0.99941705,0
396,49699,0.34473902,0.00000000,221.37000000,99.90748871,2.21577385,0.76062512,0.51472173,0.00939775,0.99060225,0
397,49799,0.25571095,0.00000000,208.34000000,100.18892872,2.07940966,0.67869688,0.47783051,0.00952439,0.99047561,0
398,49899,0.30201375,0.01146790,197.76000000,100.45524389,1.96865800,0.65743926,0.55563619,-0.00233176,1.00233176,0
399,49999,0.23476995,0.00000000,217.58000000,100.71397532,2.16029102,0.73257708,0.41949794,0.00469609,0.99530391,0
400,50099,0.61569292,0.42666035,147.13000000,100.90358789,1.45803099,0.43005419,1.79490356,-0.00753544,1.00753544,0
401,50199,0.28718811,0.48863180,162.24000000,101.08222850,1.60517103,0.51147969,0.70000896,-0.01449676,1.01449676,0
402,50299,0.24179914,0.52952048,160.59000000,101.20694596,1.58673937,0.47968167,0.83524776,0.01733791,0.98266209,0
403,50399,0.23791800,0.51402469,184.34000000,101.37242611,1.81834117,0.55837799,0.55281943,0.02206802,0.97793198,0
404,50499,0.30089886,0.54354792,188.76000000,101.60313850,1.85787565,0.61144482,0.65218583,0.02490992,0.97509008,0
405,50599,0.27910938,0.52982654,202.24000000,101.84215176,1.98596020,0.63682195,0.51373856,0.00770422,0.99229578,0
406,50699,0.28412065,0.52478423,194.50000000,102.04976166,1.90579613,0.63342077,0.58682938,0.01669047,0.98330953,0
407,50799,0.29999532,0.51103399,209.80000000,102.30555894,2.05066858,0.66993643,0.54945836,0.01206058,0.98793942,0
408,50899,0.30619740,0.53158313,196.17000000,102.56418980,1.91272354,0.60980357,0.68680919,0.00721633,0.99278367,0
409,50999,0.25642397,0.45114184,233.21000000,102.82906655,2.26791913,0.69784252,0.46891983,0.02100110,0.97899890,0
410,51099,0.07929580,0.44017848,100.86000000,102.97299089,0.97949048,0.24763170,0.49504216,0.00046719,0.99953281,0
411,51199,0.25442610,0.40258493,215.74000000,103.08780437,2.09242370,0.62381769,0.53690665,0.01862909,0.98137091,0
412,51299,0.38887619,0.51610370,197.80000000,103.36815305,1.91350667,0.61342197,0.76546364,-0.01755643,1.01755643,0
413,51399,0.24756787,0.50210654,191.98000000,103.57347272,1.85339463,0.57453584,0.61871897,0.00932983,0.99067017,0
414,51499,0.33227091,0.49735631,212.23000000,103.82830576,2.04400786,0.71897281,0.57356655,-0.00435570,1.00435570,0
415,51599,0.35800106,0.50402912,234.74000000,104.11374809,2.25457740,0.74086404,0.55886531,0.00086509,0.99913491,0
416,51699,0.32430947,0.46699877,237.15000000,104.42965921,2.27082497,0.77058295,0.54488436,0.00478781,0.99521219,0
417,51799,0.30536869,0.42104341,228.38000000,104.74083086,2.18039636,0.73301362,0.52714200,0.00867930,0.99132070,0
418,51899,0.34699104,0.40945421,241.22000000,105.05025692,2.29618111,0.76399214,0.52928912,0.00815079,0.99184921,0
419,51999,0.38717716,0.48005982,220.85000000,105.35525057,2.09624416,0.68664353,0.65959544,0.00763288,0.99236712,0
420,52099,0.17877385,0.47443668,161.16000000,105.52681073,1.52703974,0.42395730,0.59141652,0.00466130,0.99533870,0
421,52199,0.33001701,0.40728691,258.28000000,105.79375771,2.44119466,0.80289137,0.46151825,0.01591388,0.98408612,0
422,52299,0.39177890,0.42472883,248.89000000,106.15039151,2.34462958,0.75503877,0.59386833,0.01447242,0.98552758,0
423,52399,0.28574617,0.41805526,210.33000000,106.45144661,1.97587181,0.62799002,0.56564525,-0.00531777,1.00531777,0
424,52499,0.30932960,0.38635835,224.20000000,106.70814728,2.10105921,0.70313240,0.57242351,-0.00031765,1.00031765,0
425,52599,0.33363431,0.39523920,232.74000000,107.00204295,2.17518670,0.66833984,0.58863266,0.00362712,0.99637288,0
426,52699,0.29248634,0.37665557,221.36000000,107.27725249,2.06345493,0.67284079,0.51627933,0.01209923,0.98790077,0
427,52799,0.33877184,0.37328717,225.93000000,107.55515655,2.10067160,0.72757293,0.55742634,0.01436779,0.98563221,0
428,52899,0.37927412,0.34814432,255.66000000,107.85708679,2.37033830,0.79310309,0.53650318,0.00784078,0.99215922,0
429,52999,0.35005389,0.34755932,231.91000000,108.18407825,2.14375477,0.72553039,0.59660394,0.01250498,0.98749502,0
430,53099,0.29468710,0.39705763,181.05000000,108.37153691,1.67044345,0.53529045,0.68117274,0.01956387,0.98043613,0
431,53199,0.30424054,0.35132268,248.92000000,108.64156538,2.29109904,0.75083491,0.49484551,0.00430552,0.99569448,0
432,53299,0.26290844,0.26314793,247.55000000,108.97410282,2.27165114,0.73490927,0.43462711,-0.00462314,1.00462314,0
433,53399,0.31604080,0.21536515,241.20000000,109.29550922,2.20696977,0.74596501,0.56687573,-0.00426900,1.00426900,0
434,53499,0.23082850,0.05808882,255.38000000,109.60704433,2.32998126,0.77732685,0.36454278,0.00875325,0.99124675,0
435,53599,0.30850381,0.00000000,283.55000000,109.97078193,2.57839198,0.83858959,0.46758951,-0.01467059,1.01467059,0
436,53699,0.33907170,0.03093532,218.57000000,110.30164794,1.98161630,0.65296947,0.66458780,0.00785298,0.99214702,0
437,53799,0.26271901,0.00000000,263.09000000,110.59388760,2.37888432,0.76176525,0.42564884,0.01268776,0.98731224,0
438,53899,0.33081675,0.00000000,284.15000000,110.97955349,2.56057938,0.80615883,0.45684567,0.01281481,0.98718519,0
439,53999,0.28646593,0.00000000,234.35000000,111.30802225,2.10546619,0.69232565,0.50187938,0.00183499,0.99816501,0
440,54099,0.08319496,0.00000000,99.33000000,111.43456398,0.89137948,0.21785916,0.72550096,0.02714671,0.97285329,0
441,54199,0.19222977,0.00000000,179.26000000,111.49851539,1.60776638,0.53363057,0.46742919,-0.00152527,1.00152527,0
442,54299,0.08693024,0.00000000,134.12000000,111.57970336,1.20198889,0.31837019,0.60083011,0.01115920,0.98884080,0
443,54399,0.12480851,0.00000000,140.83000000,111.64481453,1.26139371,0.37757453,0.61747969,0.00878106,0.99121894,0
444,54499,0.17504781,0.05957943,121.34000000,111.70082995,1.08630304,0.28845353,0.78394421,0.00576027,0.99423973,0
445,54599,0.10988089,0.05905353,113.83000000,111.72727666,1.01882843,0.26366353,0.72211742,0.00915912,0.99084088,0
446,54699,0.14227085,0.04606356,135.59000000,111.73289615,1.21350914,0.35651811,0.50772387,0.00722768,0.99277232,0
447,54799,0.09115962,0.03460629,119.22000000,111.78176301,1.06655054,0.26620462,0.54617804,0.01033325,0.98966675,0
448,54899,0.12524990,0.06289399,115.36000000,111.78503605,1.03198584,0.23480884,0.79466336,-0.00649368,1.00649368,0
449,54999,0.13797507,0.06840597,133.27000000,111.82359295,1.19180788,0.31695848,0.65272066,-0.00625784,1.00625784,0
450,55099,0.13861293,0.04873764,149.91000000,111.89052616,1.33982426,0.38803076,0.56597011,0.00638740,0.99361260,0
451,55199,0.18623999,0.03253375,176.51000000,112.00116067,1.57600157,0.48428780,0.60563612,0.00263207,0.99736793,0
452,55299,0.15740458,0.03670045,139.73000000,112.09365540,1.24654400,0.37037170,0.63399007,0.00185434,0.99814566,0
453,55399,0.16391021,0.01148272,162.27000000,112.17674930,1.44653633,0.45794704,0.57462585,0.01379849,0.98620151,0
454,55499,0.12878011,0.03491609,121.72000000,112.24890774,1.08438193,0.26364633,0.76467255,-0.00865976,1.00865976,0
455,55599,0.12371848,0.01159589,147.38000000,112.29746436,1.31241194,0.37591501,0.54741835,0.02123415,0.97876585,0
456,55699,0.13186416,0.00000000,168.11000000,112.39484031,1.49570240,0.48090457,0.44426492,0.00900218,0.99099782,0
457,55799,0.17727236,0.03991505,129.43000000,112.46959862,1.15079755,0.31537184,0.82438446,0.00322361,0.99677639,0
458,55899,0.14294850,0.02759004,148.84000000,112.52650419,1.32269010,0.39023683,0.50489476,0.00533518,0.99466482,0
459,55999,0.22685297,0.02425715,178.13000000,112.64629110,1.58132885,0.53648230,0.56587429,0.01279383,0.98720617,0
460,56099,0.15793780,0.01740011,150.92000000,112.76958008,1.33834222,0.38867622,0.50882301,0.01045978,0.98954022,0
461,56199,0.10331681,0.00000000,156.03000000,112.84700053,1.38267282,0.39447576,0.39692874,0.01710017,0.98289983,0
462,56299,0.14580541,0.00000000,166.92000000,112.96281307,1.47770468,0.43031557,0.50363371,0.00838762,0.99161238,0
463,56399,0.16845233,0.00000000,169.53000000,113.07530334,1.49928863,0.46797947,0.50661180,0.00599749,0.99400251,0
464,56499,0.13917854,0.00000000,155.38000000,113.18084073,1.37286274,0.42427636,0.56620816,0.01058245,0.98941755,0
465,56599,0.07371039,0.00000000,123.27000000,113.23592757,1.08861761,0.27996472,0.55533436,0.00540156,0.99459844,0
466,56699,0.11927936,0.00000000,140.77000000,113.27276666,1.24275588,0.35791893,0.48593127,-0.00394657,1.00394657,0
467,56799,0.06992660,0.00000000,129.13000000,113.31880750,1.13952975,0.26893278,0.53864707,0.00961069,0.99038931,0
468,56899,0.06541760,0.00000000,145.51000000,113.37652777,1.28343772,0.36635567,0.33348036,0.01128270,0.98871730,0
469,56999,0.54987528,0.24966075,222.15000000,113.48842991,1.95720136,0.64371650,1.15528700,0.00491328,0.99508672,0
470,57099,0.10813235,0.24207907,139.02000000,113.63826738,1.22331401,0.28738119,0.64218982,0.00306827,0.99693173,0
471,57199,0.35375731,0.20309955,273.44000000,113.85659680,2.40158991,0.79220592,0.56912100,-0.00082149,1.00082149,0
472,57299,0.34384805,0.15130045,277.91000000,114.19427240,2.43357380,0.78548041,0.51641461,0.00806103,0.99193897,0
473,57399,0.32726655,0.10469608,268.04000000,114.54148418,2.34017371,0.74426311,0.49009915,0.01600959,0.98399041,0
474,57499,0.31517855,0.07442552,255.81000000,114.85162795,2.22735506,0.71803333,0.54900642,0.00310892,0.99689108,0
475,57599,0.26226011,0.00000000,269.14000000,115.15886622,2.33713415,0.74339763,0.45440999,0.00530025,0.99469975,0
476,57699,0.31246815,0.00000000,262.67000000,115.47185369,2.27473136,0.74590973,0.50302935,0.00537560,0.99462440,0
477,57799,0.25735839,0.00000000,230.10000000,115.74634422,1.98795043,0.64345289,0.52311508,0.00882823,0.99117177,0
478,57899,0.22652054,0.00000000,225.81000000,116.00188763,1.94676257,0.61213970,0.47362313,0.01763694,0.98236306,0
479,57999,0.20098934,0.00000000,211.04000000,116.20358561,1.81617491,0.55979845,0.46843687,0.00222185,0.99777815,0
480,58099,0.11039833,0.00000000,119.84000000,116.28740586,1.03055285,0.28002626,0.75385339,0.00590092,0.99409908,0
481,58199,0.22873242,0.03453786,171.58000000,116.35815747,1.47457784,0.43788985,0.62656797,-0.00866817,1.00866817,0
482,58299,0.13754500,0.00000000,174.31000000,116.48785587,1.49642466,0.44735734,0.44667807,0.00594435,0.99405565,0
483,58399,0.22280929,0.00000000,218.63000000,116.64234550,1.87436006,0.61832894,0.46672259,0.00879395,0.99120605,0
484,58499,0.22893038,0.00000000,215.07000000,116.84812654,1.84058524,0.56600496,0.53614850,0.00204284,0.99795716,0
485,58599,0.25325252,0.00000000,217.34000000,117.05111047,1.85677070,0.65438896,0.48648939,0.00920836,0.99079164,0
486,58699,0.19400038,0.00000000,193.33000000,117.23569240,1.64907119,0.52125293,0.59286002,-0.00534297,1.00534297,0
487,58799,0.22095134,0.00000000,215.38000000,117.42455802,1.83426793,0.63567857,0.45961197,0.00622355,0.99377645,0
488,58899,0.27052359,0.00195916,212.36000000,117.61932275,1.80553625,0.60403736,0.51829862,0.00414464,0.99585536,0
489,58999,0.23475434,0.00000000,195.23000000,117.78547651,1.65748999,0.55066581,0.52317262,0.00498740,0.99501260,0
490,59099,0.15439486,0.00000000,174.56000000,117.90223693,1.48046003,0.45359629,0.51615618,0.02118558,0.97881442,0
491,59199,0.29338233,0.00000000,235.21000000,118.10601097,1.99155204,0.67467842,0.49381839,0.00923471,0.99076529,0
492,59299,0.27466701,0.00000000,240.14000000,118.34385196,2.02916701,0.65333253,0.46136611,-0.00654333,1.00654333,0
493,59399,0.24985917,0.00000000,234.73000000,118.58093525,1.97945396,0.65652397,0.47067198,0.01146662,0.98853338,0
494,59499,0.27458955,0.00000000,224.96000000,118.80834748,1.89345170,0.61006935,0.48196163,0.00192894,0.99807106,0
495,59599,0.26822206,0.00000000,249.05000000,119.04742108,2.09200697,0.68485557,0.43394705,0.01287351,0.98712649,0
496,59699,0.28188469,0.00000000,252.88000000,119.30564354,2.11951135,0.70383518,0.44583313,0.00483826,0.99516174,0
497,59799,0.29832024,0.00000000,237.96000000,119.58191071,1.99004538,0.63543854,0.56816751,0.01243279,0.98756721,0
498,59899,0.25936665,0.00000000,233.77000000,119.79184883,1.95139079,0.63332844,0.44921715,0.01421708,0.98578292,0
499,59999,0.27988303,0.00000000,248.50000000,120.04331392,2.07007790,0.64538325,0.49662539,0.00910749,0.99089251,0
500,60099,0.20381743,0.00000000,209.50000000,120.23569350,1.74224904,0.52603402,0.47138309,0.01032990,0.98967010,0
501,60199,0.30080969,0.00000000,255.05000000,120.47592462,2.11693070,0.70719937,0.49092961,0.01581510,0.98418490,0
502,60299,0.24509687,0.00000000,262.16000000,120.75604040,2.17094755,0.69336990,0.43803704,0.00006952,0.99993048,0
503,60399,0.29261831,0.00000000,237.80000000,121.01874174,1.96499758,0.64951675,0.53991839,0.01758338,0.98241662,0
504,60499,0.28218710,0.00000000,262.63000000,121.27756923,2.16557133,0.71763796,0.46540214,0.01129898,0.98870102,0
505,60599,0.28743267,0.00000000,267.97000000,121.56078003,2.20444036,0.71829847,0.52276477,0.00204490,0.99795510,0
506,60699,0.27733549,0.00000000,265.31000000,121.85072177,2.17739641,0.72417625,0.43658817,0.00620986,0.99379014,0
507,60799,0.25802336,0.00000000,266.45000000,122.12804548,2.18172905,0.65843997,0.45992720,0.00545990,0.99454010,0
508,60899,0.30328663,0.00000000,257.26000000,122.40256868,2.10174737,0.73218284,0.48839877,0.00783243,0.99216757,0
509,60999,0.25256372,0.00000000,251.53000000,122.65270999,2.05066895,0.66454834,0.50008359,0.01353590,0.98646410,0
510,61099,0.08487345,0.00738577,121.85000000,122.79463696,0.99231179,0.22164681,0.69653694,-0.02472530,1.02472530,0
511,61199,0.18239887,0.03838025,152.32000000,122.82554179,1.24015629,0.33678935,0.62617780,-0.01282785,1.01282785,0
512,61299,0.13293359,0.04364364,144.13000000,122.87661388,1.17298615,0.30966107,0.70813767,0.01874639,0.98125361,0
513,61399,0.21338523,0.01239520,206.98000000,122.94551008,1.68338735,0.53808048,0.62711067,-0.00291036,1.00291036,0
514,61499,0.24721936,0.00000000,264.48000000,123.18234140,2.14702065,0.73106069,0.41303634,0.01126631,0.98873369,0
515,61599,0.30077848,0.00000000,284.60000000,123.48546567,2.30478141,0.74835803,0.47273870,0.00544649,0.99455351,0
516,61699,0.30067029,0.00000000,242.91000000,123.75182946,1.96287881,0.62526444,0.49101903,0.01970871,0.98029129,0
517,61799,0.27602077,0.00000000,247.91000000,123.99018996,1.99945673,0.67403701,0.50395538,0.01359673,0.98640327,0
518,61899,0.26807443,0.00000000,286.35000000,124.26526134,2.30436948,0.74081424,0.40989608,0.00341629,0.99658371,0
519,61999,0.26772015,0.00000000,259.39000000,124.55099683,2.08262021,0.61616845,0.48763387,0.00365025,0.99634975,0
520,62099,0.06779748,0.00000000,116.13000000,124.67847037,0.93143849,0.21385624,0.62409302,0.00751930,0.99248070,0
521,62199,0.08397632,0.00000000,171.06000000,124.70760309,1.37169266,0.38716774,0.34238955,0.00802228,0.99197772,0
522,62299,0.14639329,0.00000000,152.28000000,124.78977401,1.22031730,0.35753359,0.82997514,0.00756558,0.99243442,0
523,62399,0.08166325,0.00000000,123.24000000,124.81227874,0.98740736,0.26409131,0.56213798,0.00733282,0.99266718,0
524,62499,0.09185202,0.00000000,160.33000000,124.82754253,1.28439651,0.37676439,0.41104486,0.03075972,0.96924028,0
525,62599,0.14719605,0.00000000,160.36000000,124.91011357,1.28382240,0.38689496,0.59720059,0.00064328,0.99935672,0
526,62699,0.06646028,0.00000000,129.52000000,124.94142424,1.03664949,0.23767244,0.42811052,0.02084429,0.97915571,0
527,62799,0.12754918,0.00000000,177.78000000,125.00398998,1.42222429,0.43395843,0.44862359,0.00221002,0.99778998,0
528,62899,0.09908111,0.00086837,132.37000000,125.05508663,1.05849957,0.24850168,0.54236314,0.02112840,0.97887160,0
529,62999,0.11964533,0.00000000,167.49000000,125.08636822,1.33896419,0.38562367,0.57128358,0.02445120,0.97554880,0
530,63099,0.08515876,0.00000000,169.78000000,125.17334826,1.35633862,0.38632592,0.40174914,0.01746864,0.98253136,0
531,63199,0.12319391,0.00000000,168.10000000,125.27614419,1.34187298,0.38083982,0.46866901,0.01758449,0.98241551,0
532,63299,0.08918410,0.00000000,152.86000000,125.33668955,1.21960913,0.32569237,0.65776511,0.01152763,0.98847237,0
533,63399,0.09882654,0.00000000,153.95000000,125.37655460,1.22789477,0.34148579,0.65848271,0.01948972,0.98051028,0
534,63499,0.08562138,0.00000000,167.25000000,125.44938159,1.33321348,0.39105803,0.36115267,0.02948127,0.97051873,0
535,63599,0.17198148,0.00000000,192.50000000,125.55414101,1.53322371,0.46319725,0.48155907,0.02156487,0.97843513,0
536,63699,0.17323665,0.00000000,177.32000000,125.65938106,1.41111349,0.40176287,0.59005824,0.01824338,0.98175662,0
537,63799,0.13965706,0.00000000,179.97000000,125.75833614,1.43107724,0.41739725,0.40697412,0.00557433,0.99442567,0
538,63899,0.17967999,0.00000000,184.07000000,125.86669715,1.46243299,0.43443908,0.54434936,0.01344745,0.98655255,0
539,63999,0.23496992,0.02634461,202.76000000,125.99847130,1.60927586,0.48035945,0.66471794,0.00743945,0.99256055,0
540,64099,0.27591750,0.07635828,194.61000000,126.12737493,1.54298404,0.47264679,0.65739724,-0.01634493,1.01634493,0
541,64199,0.28617470,0.06870307,234.03000000,126.28847104,1.85315479,0.63903090,0.58215599,0.00179641,0.99820359,0
542,64299,0.23015391,0.00896390,239.05000000,126.48758183,1.88989908,0.60024621,0.46954384,0.00347003,0.99652997,0
543,64399,0.26812267,0.00000000,251.60000000,126.70916867,1.98565939,0.67640727,0.53394900,-0.00279343,1.00279343,0
544,64499,0.24216762,0.00000000,257.87000000,126.93505258,2.03144947,0.64096989,0.42650483,0.01325223,0.98674777,0
545,64599,0.24781080,0.00000000,246.09000000,127.17715282,1.93505377,0.63646707,0.45030022,0.01984424,0.98015576,0
546,64699,0.30022518,0.00000000,276.51000000,127.42506641,2.17005146,0.73083881,0.48120016,0.00119511,0.99880489,0
547,64799,0.29257785,0.00000000,284.73000000,127.70577300,2.22965861,0.76749733,0.44799520,0.01279063,0.98720937,0
548,64899,0.29864479,0.00921903,241.51000000,127.93166128,1.88771830,0.61697039,0.53054688,0.00782991,0.99217009,0
549,64999,0.23871377,0.00000000,249.03000000,128.15701761,1.94315896,0.63489694,0.45564800,-0.00130921,1.00130921,0
550,65099,0.18447683,0.00000000,192.83000000,128.32663163,1.50265573,0.42263786,0.52213707,0.02692635,0.97307365,0
551,65199,0.25959323,0.00000000,276.26000000,128.51568950,2.14959179,0.72569676,0.44724736,0.02862129,0.97137871,0
552,65299,0.26918763,0.00000000,271.26000000,128.78840467,2.10630363,0.69193060,0.44836232,0.00912193,0.99087807,0
553,65399,0.30162420,0.00000000,272.62000000,129.05419151,2.11256450,0.69920515,0.50302695,0.01275819,0.98724181,0
554,65499,0.29097708,0.00000000,256.27000000,129.28936775,1.98218065,0.67252481,0.50622398,0.00857642,0.99142358,0
555,65599,0.23982756,0.00000000,255.47000000,129.50252595,1.97262858,0.65995861,0.44118657,-0.00011480,1.00011480,0
556,65699,0.23171464,0.00000000,254.66000000,129.73557955,1.96289734,0.65498570,0.48599278,0.00427096,0.99572904,0
557,65799,0.25830924,0.00000000,236.07000000,129.94325674,1.81670048,0.60159112,0.54796276,-0.00693527,1.00693527,0
558,65899,0.25904012,0.00000000,259.41000000,130.15821273,1.99305320,0.60519487,0.45853334,0.00839870,0.99160130,0
559,65999,0.26222884,0.00000000,260.78000000,130.38860459,2.00002129,0.65633241,0.46851089,0.00334608,0.99665392,0
560,66099,0.14740881,0.00000000,158.31000000,130.52817663,1.21284262,0.36478664,0.69574480,0.00885178,0.99114822,0
561,66199,0.16399371,0.00000000,184.62000000,130.60310544,1.41359769,0.43224344,0.48410280,0.02550059,0.97449941,0
562,66299,0.19855090,0.00000000,257.14000000,130.77876704,1.96633648,0.63329800,0.41905157,-0.00456877,1.00456877,0
563,66399,0.24972718,0.00000000,230.34000000,130.98024341,1.75868086,0.58406505,0.52571992,0.01142536,0.98857464,0
564,66499,0.28646406,0.00000000,272.60000000,131.18464389,2.07804908,0.69413779,0.48760538,0.01111717,0.98888283,0
565,66599,0.18613445,0.00000000,244.58000000,131.38838036,1.86141117,0.60717476,0.44403250,0.01627135,0.98372865,0
566,66699,0.25656284,0.00000000,231.57000000,131.58216192,1.75983877,0.59458928,0.56051115,0.00298699,0.99701301,0
567,66799,0.22749118,0.00000000,258.40000000,131.79226797,1.96067360,0.63504800,0.45435976,0.01085748,0.98914252,0
568,66899,0.23998714,0.00000000,275.70000000,132.04203629,2.08808509,0.66917300,0.44918062,0.01439356,0.98560644,0
569,66999,0.26526167,0.00000000,255.80000000,132.26677087,1.93399320,0.66308706,0.51817430,0.00202947,0.99797053,0
570,67099,0.18865179,0.06328834,150.43000000,132.39785717,1.13621215,0.29867087,0.75291930,-0.00200441,1.00200441,0
571,67199,0.23786226,0.00000000,244.16000000,132.49746638,1.84272913,0.62438094,0.47867142,0.00785368,0.99214632,0
572,67299,0.22226157,0.00000000,251.44000000,132.68476915,1.89490087,0.59519940,0.48762274,0.01509685,0.98490315,0
573,67399,0.25920825,0.00000000,268.74000000,132.94025609,2.02163086,0.64177641,0.50731822,0.00548395,0.99451605,0
574,67499,0.22161352,0.00000000,257.37000000,133.14853002,1.93293572,0.62519239,0.40804293,0.01279515,0.98720485,0
575,67599,0.23335200,0.00000000,229.86000000,133.34062243,1.72384145,0.57122015,0.55746312,0.00251624,0.99748376,0
576,67699,0.22704882,0.00000000,227.41000000,133.51284528,1.70330443,0.59560831,0.54171785,0.00640395,0.99359605,0
577,67799,0.23443055,0.00000000,247.36000000,133.69122289,1.85025251,0.62639100,0.48512460,0.02199824,0.97800176,0
578,67899,0.22400618,0.00000000,219.16000000,133.85547335,1.63726518,0.55773786,0.58138237,0.00874374,0.99125626,0
579,67999,0.26870898,0.00000000,258.57000000,134.04546278,1.92899887,0.64843484,0.51001111,-0.00870950,1.00870950,0
580,68099,0.19462351,0.00000000,200.34000000,134.18839042,1.49291414,0.48726453,0.55998044,0.03023305,0.96976695,0
581,68199,0.19856479,0.00000000,255.06000000,134.36486320,1.89825274,0.59513891,0.53579400,-0.00005158,1.00005158,0
582,68299,0.20047153,0.00000000,219.84000000,134.54014031,1.63399433,0.50809725,0.51058900,0.00981753,0.99018247,0
583,68399,0.25517194,0.00000000,248.43000000,134.70806436,1.84417188,0.59506586,0.56496781,0.00891712,0.99108288,0
584,68499,0.28992408,0.01328724,256.99000000,134.91852381,1.90479757,0.60780058,0.65195581,0.00897552,0.99102448,0
585,68599,0.24197132,0.00000000,256.76000000,135.12284786,1.90018557,0.63815304,0.44825148,0.00749656,0.99250344,0
586,68699,0.31517858,0.00000000,267.71000000,135.34689576,1.97799520,0.66151421,0.56437005,0.00686468,0.99313532,0
587,68799,0.22137306,0.00000000,246.58000000,135.55566479,1.81907388,0.60840172,0.43483360,0.00133756,0.99866244,0
588,68899,0.25132826,0.00000000,264.20000000,135.75291315,1.94618842,0.63965392,0.50596538,0.00577359,0.99422641,0
589,68999,0.28227761,0.00000000,274.81000000,135.97999269,2.02096764,0.66494025,0.48150861,0.02237113,0.97762887,0
590,69099,0.25033118,0.03017015,189.56000000,136.11934919,1.39253821,0.46610605,0.64688792,-0.00224039,1.00224039,0
591,69199,0.19098346,0.00000000,246.35000000,136.28605066,1.80762953,0.59286506,0.46288249,0.00725860,0.99274140,0
592,69299,0.26953992,0.00000000,255.69000000,136.47009567,1.87357084,0.67436789,0.44022879,0.00809688,0.99190312,0
593,69399,0.26826601,0.00000000,289.55000000,136.70438054,2.11808601,0.66769972,0.47329393,0.01421812,0.98578188,0
594,69499,0.23525412,0.00000000,250.40000000,136.92678259,1.82870794,0.63695123,0.48238429,0.00901605,0.99098395,0
595,69599,0.31334578,0.00000000,269.80000000,137.13749551,1.96739132,0.65833964,0.54516686,0.00808260,0.99191740,0
596,69699,0.20414615,0.00000000,242.09000000,137.33475309,1.76277937,0.59044816,0.43404539,0.01577180,0.98422820,0
597,69799,0.31059672,0.00000000,266.75000000,137.53072594,1.93957583,0.63660977,0.48546314,-0.00155951,1.00155951,0
598,69899,0.17716237,0.00000000,237.74000000,137.70924214,1.72633025,0.52952084,0.49251685,0.01482457,0.98517543,0
599,69999,0.23098958,0.00000000,258.42000000,137.90787311,1.87387891,0.56156223,0.53106974,0.00041241,0.99958759,0
600,70099,0.17773536,0.00000000,214.25000000,138.05747419,1.55184553,0.44049950,0.50674512,0.01723041,0.98276959,0
601,70199,0.25757557,0.00000000,274.44000000,138.23848974,1.98521415,0.65424003,0.47496654,0.00791387,0.99208613,0
602,70299,0.27356361,0.00000000,263.05000000,138.46012483,1.89981098,0.62127189,0.55892298,0.00215906,0.99784094,0
603,70399,0.35050513,0.00000000,341.56000000,138.72963592,2.46201462,0.81305281,0.46547297,0.01563323,0.98436677,0
604,70499,0.31399006,0.00000000,304.40000000,139.03886591,2.18931944,0.70972703,0.49739686,0.01229631,0.98770369,0
605,70599,0.30418047,0.00000000,319.29000000,139.31825860,2.29175101,0.78204705,0.52066930,0.01270811,0.98729189,0
606,70699,0.28580794,0.00000000,296.65000000,139.59831216,2.12499419,0.72926840,0.47056691,0.01183433,0.98816567,0
607,70799,0.25979251,0.00000000,331.37000000,139.90642439,2.36868220,0.78754338,0.43791833,-0.00272073,1.00272073,0
608,70899,0.27521219,0.00000000,315.60000000,140.18342804,2.25127157,0.71889755,0.46106040,0.01411230,0.98588770,0
609,70999,0.30199749,0.00000000,299.19000000,140.47544730,2.12992172,0.69703026,0.47109689,0.00518727,0.99481273,0
610,71099,0.18173819,0.00000000,244.01000000,140.64037124,1.73478858,0.51825118,0.49163316,0.00901175,0.99098825,0
611,71199,0.30975572,0.00000000,342.35000000,140.93434507,2.42919766,0.81172694,0.45200442,0.01230931,0.98769069,0
612,71299,0.35434874,0.00000000,346.72000000,141.25591662,2.45449672,0.81406320,0.50763259,0.01330684,0.98669316,0
613,71399,0.39424114,0.00000000,354.91000000,141.61144828,2.50631302,0.84948841,0.47709545,0.00654945,0.99345055,0
614,71499,0.41248677,0.00000000,358.34000000,141.96452031,2.52427673,0.83250829,0.53668153,0.02582887,0.97417113,0
615,71599,0.33752532,0.00000000,365.00000000,142.30822654,2.56483682,0.83890082,0.44667833,0.00129090,0.99870910,0
616,71699,0.39327981,0.00000000,356.56000000,142.66683237,2.49927585,0.81501032,0.55914569,0.00946877,0.99053123,0
617,71799,0.35187280,0.00000000,340.18000000,143.00818209,2.37884895,0.77108248,0.52242669,0.01639735,0.98360265,0
618,71899,0.29479440,0.00000000,319.08000000,143.31984972,2.22652464,0.73527331,0.45210293,0.00786653,0.99213347,0
619,71999,0.31118124,0.00000000,341.68000000,143.60248385,2.37936008,0.73135603,0.48496476,0.01659933,0.98340067,0
620,72099,0.18080518,0.00000000,222.70000000,143.79553007,1.54861606,0.47441385,0.58877140,-0.00664826,1.00664826,0
621,72199,0.25903171,0.00000000,309.38000000,144.02029424,2.14815846,0.78240301,0.39367280,0.01645971,0.98354029,0
622,72299,0.23030349,0.00000000,286.83000000,144.27934061,1.98809116,0.63321660,0.46394845,0.00719740,0.99280260,0
623,72399,0.25686050,0.00000000,309.08000000,144.51198524,2.13875968,0.67302068,0.47804278,0.01600444,0.98399556,0
624,72499,0.31417891,0.00000000,312.60000000,144.78924475,2.15906091,0.74739681,0.50083959,0.00422162,0.99577838,0
625,72599,0.29240576,0.00000000,325.17000000,145.06585635,2.24158537,0.73336638,0.48354644,0.01201124,0.98798876,0
626,72699,0.31781905,0.00000000,320.49000000,145.33833536,2.20508559,0.73895468,0.47544705,0.00675892,0.99324108,0
627,72799,0.29304343,0.00000000,327.69000000,145.62834575,2.25017834,0.75078557,0.43909143,0.01779852,0.98220148,0
628,72899,0.37088945,0.00000000,373.06000000,145.94727848,2.55605770,0.81153006,0.46101760,0.00833408,0.99166592,0
629,72999,0.31308876,0.00000000,343.87000000,146.28984049,2.35059024,0.74961062,0.47531554,0.01223347,0.98776653,0
630,73099,0.32199148,0.00000000,298.94000000,146.54509821,2.03974492,0.67713930,0.52691920,0.01969412,0.98030588,0
631,73199,0.29590627,0.00000000,295.64000000,146.81044546,2.01376679,0.65893176,0.51936026,0.01367147,0.98632853,0
632,73299,0.26792314,0.00000000,292.32000000,147.04396429,1.98799575,0.68244696,0.53052381,0.01046836,0.98953164,0
633,73399,0.24037096,0.00000000,293.64000000,147.27081868,1.99387138,0.71341434,0.43924754,0.01398795,0.98601205,0
634,73499,0.21235716,0.00000000,275.74000000,147.48017207,1.86962892,0.63029162,0.46814302,0.02298583,0.97701417,0
635,73599,0.21275699,0.00000000,268.25000000,147.67478490,1.81644019,0.58572262,0.50249846,-0.00150479,1.00150479,0
636,73699,0.21949797,0.00000000,268.91000000,147.87165294,1.81852569,0.55378408,0.53501515,0.01206649,0.98793351,0
637,73799,0.26210185,0.00000000,274.26000000,148.05336424,1.85235618,0.60305278,0.57564018,0.01958144,0.98041856,0
638,73899,0.15438829,0.00000000,234.02000000,148.23314932,1.57872530,0.49880158,0.47950308,0.01391059,0.98608941,0
639,73999,0.25277455,0.00000000,273.03000000,148.39628754,1.83985634,0.61885199,0.50461967,0.00475642,0.99524358,0
640,74099,0.21838409,0.00000000,225.85000000,148.55270681,1.52032433,0.49038953,0.52008346,0.00701151,0.99298849,0
641,74199,0.28324360,0.00000000,292.21000000,148.73408096,1.96468231,0.67100760,0.48534743,0.01690159,0.98309841,0
642,74299,0.19775439,0.00000000,269.61000000,148.93471214,1.81025904,0.56559883,0.47663151,0.00219854,0.99780146,0
643,74399,0.25299451,0.00257812,251.79000000,149.10902636,1.68863346,0.55575695,0.58535513,0.00005465,0.99994535,0
644,74499,0.21450227,0.00000000,276.74000000,149.27437103,1.85383126,0.59972478,0.46429127,0.01925245,0.98074755,0
645,74599,0.19570518,0.00000000,285.11000000,149.48172547,1.90727001,0.60306273,0.45325664,0.01247869,0.98752131,0
646,74699,0.18641166,0.00000000,269.37000000,149.70019135,1.79946028,0.56504223,0.47281283,0.02237961,0.97762039,0
647,74799,0.27952559,0.00000000,302.99000000,149.88294994,2.02140362,0.65801753,0.47982349,0.01122959,0.98877041,0
648,74899,0.23259811,0.00000000,273.36000000,150.11104487,1.82104463,0.62600680,0.49097284,0.00549645,0.99450355,0
649,74999,0.26033095,0.00000000,295.25000000,150.31877680,1.96415820,0.65672917,0.48333555,0.00705693,0.99294307,0
650,75099,0.21763413,0.03474903,205.38000000,150.47061288,1.36491441,0.40555043,0.75056665,-0.01560231,1.01560231,0
651,75199,0.16879484,0.00000000,277.12000000,150.61581553,1.83993383,0.60195591,0.34731634,0.00499994,0.99500006,0
652,75299,0.26136385,0.00000000,302.33000000,150.81345257,2.00458566,0.65393472,0.49710376,0.00639667,0.99360333,0
653,75399,0.31531221,0.00000000,337.08000000,151.08214486,2.23109320,0.75494798,0.47049799,0.01014072,0.98985928,0
654,75499,0.27402841,0.00000000,340.10000000,151.36273663,2.24685949,0.78581360,0.41970860,0.01725665,0.98274335,0
655,75599,0.34113320,0.00000000,387.68000000,151.70103154,2.55562843,0.78671018,0.47966129,0.00608728,0.99391272,0
656,75699,0.26969820,0.00000000,320.63000000,152.01052061,2.10931961,0.71578577,0.46226749,0.01089888,0.98910112,0
657,75799,0.31696625,0.00000000,378.71000000,152.30187538,2.48656308,0.82259823,0.42598083,0.00663693,0.99336307,0
658,75899,0.30403536,0.00000000,357.86000000,152.63840796,2.34455983,0.78581553,0.47075181,0.00013412,0.99986588,0
659,75999,0.22787422,0.00000000,324.43000000,152.92495904,2.12155602,0.69729012,0.42811481,0.03667708,0.96332292,0
660,76099,0.26800625,0.00000000,280.65000000,153.11592726,1.83277480,0.61811934,0.53201409,0.00311229,0.99688771,0
661,76199,0.26710013,0.00000000,301.15000000,153.35828556,1.96374264,0.64393078,0.48583433,0.01321767,0.98678233,0
662,76299,0.26463092,0.00000000,324.93000000,153.58215137,2.11559723,0.72713909,0.42846343,0.00947075,0.99052925,0
663,76399,0.26683021,0.00000000,329.23000000,153.86786784,2.13979331,0.73275215,0.44975542,0.00297653,0.99702347,0
664,76499,0.26741606,0.00000000,304.70000000,154.10438140,1.97725853,0.69560636,0.49907851,0.01378059,0.98621941,0
665,76599,0.25189122,0.00000000,310.19000000,154.34009108,2.00984696,0.66609415,0.48336132,0.01496208,0.98503792,0
666,76699,0.30806881,0.00000000,379.85000000,154.62733411,2.45665852,0.79710773,0.44760912,-0.00473828,1.00473828,0
667,76799,0.22152783,0.00000000,304.24000000,154.88937916,1.96419197,0.64072631,0.45929721,0.01567566,0.98432434,0
668,76899,0.25880307,0.00000000,312.00000000,155.12473199,2.01127370,0.68345771,0.48703073,-0.00160552,1.00160552,0
669,76999,0.25092243,0.00000000,336.27000000,155.37655334,2.16421077,0.71162646,0.42019935,0.00354951,0.99645049,0
670,77099,0.07178077,0.03574676,98.04000000,155.48352829,0.63052883,0.09150200,1.16239009,0.00371314,0.99628686,0
671,77199,0.08250762,0.05928913,92.88000000,155.38989604,0.59771242,0.12531880,0.58548941,-0.00264579,1.00264579,0
672,77299,0.05772014,0.06264112,109.54000000,155.30529189,0.70532128,0.14201049,0.61766629,0.01661044,0.98338956,0
673,77399,0.01606030,0.06053257,77.44000000,155.21276711,0.49892886,0.06438012,0.52697092,0.01158207,0.98841793,0
674,77499,0.01558807,0.05940481,58.61000000,155.09287105,0.37786589,0.03734640,0.63166873,0.00808030,0.99191970,0
675,77599,0.05322022,0.10083583,59.91000000,154.95108639,0.38660352,0.03201094,0.60301619,-0.00803028,1.00803028,0
676,77699,0.02068950,0.11422642,62.23000000,154.80536695,0.40197879,0.02893898,0.57500097,0.01840821,0.98159179,0
677,77799,0.01624163,0.11983660,65.62000000,154.66581511,0.42428049,0.04534318,0.59118971,0.01532444,0.98467556,0
678,77899,0.03033374,0.12904065,82.13000000,154.54610535,0.53143841,0.05428366,0.53009080,0.00989286,0.99010714,0
679,77999,0.01652197,0.13150869,74.41000000,154.43439398,0.48183258,0.04116545,0.71275825,0.00673549,0.99326451,0
680,78099,0.20273250,0.13878367,235.27000000,154.43045438,1.52345727,0.42486368,0.65858679,0.02812182,0.97187818,0
681,78199,0.28911021,0.07658131,328.28000000,154.62024346,2.12312889,0.71802832,0.49560070,0.03845699,0.96154301,0
682,78299,0.24960801,0.00000000,398.87000000,154.91743370,2.57462641,0.87434155,0.31391609,0.02028413,0.97971587,0
683,78399,0.38249261,0.00000000,393.76000000,155.27154180,2.53585433,0.88769957,0.47654390,-0.00339628,1.00339628,0
684,78499,0.32049973,0.00000000,432.49000000,155.64167838,2.77857914,0.94167782,0.36532990,0.00492811,0.99507189,0
685,78599,0.33352079,0.00000000,444.92000000,156.07359106,2.85075293,0.89828660,0.42855036,-0.00061382,1.00061382,0
686,78699,0.28725058,0.00000000,476.58000000,156.51776916,3.04495079,0.95525288,0.32640013,0.00726613,0.99273387,0
687,78799,0.38864457,0.00000000,387.19000000,156.91756993,2.46750331,0.83444802,0.50454552,-0.00766128,1.00766128,0
688,78899,0.30985488,0.00000000,426.41000000,157.28567022,2.71114703,0.90364732,0.36009682,0.00195251,0.99804749,0
689,78999,0.32245327,0.00000000,400.35000000,157.65409278,2.53947288,0.83398279,0.42144134,0.00832202,0.99167798,0
690,79099,0.32466191,0.01908875,329.59000000,157.91644943,2.08689398,0.65229916,0.62936271,0.01432041,0.98567959,0
691,79199,0.33107582,0.00000000,414.71000000,158.25794648,2.62046205,0.86209605,0.40568492,0.01656505,0.98343495,0
692,79299,0.37505367,0.00000000,431.96000000,158.63705859,2.72289796,0.89802513,0.44931485,0.00596656,0.99403344,0
693,79399,0.38177199,0.00000000,441.85000000,159.04233970,2.77818926,0.90118795,0.44662124,0.01247906,0.98752094,0
694,79499,0.37758091,0.00000000,434.52000000,159.44736132,2.72519211,0.91369071,0.43172599,0.01034961,0.98965039,0
695,79599,0.34641210,0.00000000,418.63000000,159.82903157,2.61923996,0.87080056,0.49015845,-0.00082480,1.00082480,0
696,79699,0.42127033,0.00000000,427.45000000,160.21480473,2.66806590,0.89415996,0.50103287,-0.00377018,1.00377018,0
697,79799,0.38121716,0.00000000,425.19000000,160.58918651,2.64769904,0.87451904,0.45807064,-0.00783432,1.00783432,0
698,79899,0.36438288,0.00000000,400.63000000,160.95831843,2.48911168,0.81307218,0.49685348,0.01092741,0.98907259,0
699,79999,0.39796644,0.00000000,422.86000000,161.29615448,2.62151990,0.84659728,0.53700432,-0.00096915,1.00096915,0
700,80099,0.15151482,0.00000000,233.55000000,161.53684335,1.44577638,0.39738478,0.54556020,-0.00075721,1.00075721,0
701,80199,0.14830238,0.00000000,235.88000000,161.64933255,1.45920503,0.41950937,0.57701888,0.01128894,0.98871106,0
702,80299,0.15733310,0.00000000,236.80000000,161.77117795,1.46383659,0.43689809,0.52314447,0.00268398,0.99731602,0
703,80399,0.17347307,0.00000000,243.36000000,161.87677002,1.50339111,0.48190521,0.46898483,0.01161615,0.98838385,0
704,80499,0.12386297,0.00000000,244.83000000,161.99200929,1.51139310,0.44097141,0.49832012,0.00993419,0.99006581,0
705,80599,0.19386095,0.00000000,279.20000000,162.12549050,1.72211907,0.49325081,0.51347742,0.02628460,0.97371540,0
706,80699,0.36165319,0.02315784,364.98000000,162.32602962,2.24823134,0.71012171,0.59481786,0.01125388,0.98874612,0
707,80799,0.32523383,0.00000000,380.16000000,162.65684598,2.33724379,0.78995999,0.50568708,0.01621921,0.98378079,0
708,80899,0.28776565,0.00000000,383.72000000,162.96556969,2.35465724,0.75336279,0.47956056,0.01040366,0.98959634,0
709,80999,0.35137914,0.00000000,396.03000000,163.27326990,2.42551159,0.81243164,0.53725602,0.02004464,0.97995536,0
710,81099,0.20861778,0.03941828,219.25000000,163.47518438,1.34116567,0.39944130,0.76440252,0.00403295,0.99596705,0
711,81199,0.28610901,0.00000000,371.81000000,163.64686401,2.27186231,0.71511077,0.48752374,0.00409255,0.99590745,0
712,81299,0.30950235,0.00000000,387.49000000,163.96366672,2.36320413,0.75916026,0.46916409,0.01266813,0.98733187,0
713,81399,0.33567934,0.00000000,366.80000000,164.28865363,2.23279457,0.72727693,0.57353770,-0.00177591,1.00177591,0
714,81499,0.26513231,0.00000000,349.35000000,164.54493831,2.12315119,0.68389300,0.47133950,0.00566837,0.99433163,0
715,81599,0.26615723,0.00000000,377.54000000,164.82383022,2.29060222,0.73919482,0.43801126,0.00122239,0.99877761,0
716,81699,0.35016941,0.00000000,408.25000000,165.14351570,2.47214615,0.79587322,0.52329280,0.01805740,0.98194260,0
717,81799,0.34058949,0.00000000,408.01000000,165.47009399,2.46570996,0.75973644,0.51669305,-0.00008504,1.00008504,0
718,81899,0.29624230,0.00000000,409.65000000,165.81225536,2.47054413,0.75010262,0.42713415,0.00792030,0.99207970,0
719,81999,0.31352985,0.00000000,402.41000000,166.14963369,2.42198139,0.79583538,0.49494135,0.00789923,0.99210077,0
720,82099,0.18987815,0.07267820,170.07000000,166.31732468,1.02256791,0.25563802,0.90645462,-0.02086832,1.02086832,0
721,82199,0.12863668,0.00752263,237.31000000,166.37146427,1.42639792,0.45047385,0.46112519,0.00630026,0.99369974,0
722,82299,0.05188412,0.01587972,109.45000000,166.39142716,0.65776538,0.10661836,0.79416806,0.00940831,0.99059169,0
723,82399,0.00293558,0.01150748,96.54000000,166.29472083,0.58053149,0.04760335,0.55028287,0.03810716,0.96189284,0
724,82499,0.06075107,0.03140522,106.63000000,166.20626270,0.64154819,0.11029927,0.67177699,0.01070208,0.98929792,0
725,82599,0.03294372,0.03775954,93.96000000,166.11621744,0.56562048,0.07697421,0.65661084,-0.00270354,1.00270354,0
726,82699,0.06048619,0.07985368,77.87000000,166.00320915,0.46908565,0.05456476,0.70444707,0.01503156,0.98496844,0
727,82799,0.01817437,0.09180967,79.97000000,165.88301309,0.48208612,0.01764768,0.60294864,0.01861252,0.98138748,0
728,82899,0.05652620,0.11323084,84.06000000,165.77206413,0.50706980,0.07169092,0.65254599,0.00466703,0.99533297,0
729,82999,0.00016365,0.11316700,66.86000000,165.64344362,0.40363967,0.01105483,0.53326529,0.00068157,0.99931843,0
730,83099,0.18252670,0.05772431,276.99000000,165.64886832,1.67215151,0.50728274,0.57323758,0.00405631,0.99594369,0
731,83199,0.27249312,0.08809457,271.36000000,165.77254573,1.63684807,0.51739307,0.77028427,0.01616505,0.98383495,0
732,83299,0.29712132,0.00000000,401.72000000,166.01336892,2.41965860,0.80999966,0.38471137,0.02776104,0.97223896,0
733,83399,0.33782326,0.00000000,393.21000000,166.33946334,2.36384659,0.77454453,0.50426197,-0.00025895,1.00025895,0
734,83499,0.28259326,0.00000000,383.91000000,166.65567738,2.30366810,0.76295299,0.46641130,0.01793043,0.98206957,0
735,83599,0.32348749,0.00000000,391.44000000,166.95606694,2.34462643,0.77649003,0.48739208,0.01649657,0.98350343,0
736,83699,0.31278180,0.00000000,385.33000000,167.25824870,2.30386952,0.74423704,0.53071135,0.03290306,0.96709694,0
737,83799,0.30259921,0.00000000,391.48000000,167.55738795,2.33645566,0.80128192,0.45508160,0.00244924,0.99755076,0
738,83899,0.26922988,0.00000000,407.26000000,167.85020717,2.42621920,0.74852329,0.45625790,0.01061430,0.98938570,0
739,83999,0.29799879,0.00000000,386.25000000,168.17775166,2.29671264,0.77462453,0.48307519,-0.00493807,1.00493807,0
740,84099,0.27205764,0.00000000,318.33000000,168.39932576,1.89021130,0.59971805,0.53563022,0.02827435,0.97172565,0
741,84199,0.26813236,0.00000000,387.00000000,168.67137106,2.29441193,0.77048313,0.42711595,0.01893116,0.98106884,0
742,84299,0.28087787,0.00000000,425.71000000,169.00000154,2.51908411,0.81357427,0.41675369,0.01298762,0.98701238,0
743,84399,0.40541624,0.00000000,459.27000000,169.35764739,2.71183445,0.87570150,0.50871686,0.00986725,0.99013275,0
744,84499,0.39027502,0.00000000,431.11000000,169.72363346,2.54002796,0.81499423,0.49775650,0.02754770,0.97245230,0
745,84599,0.29846282,0.00000000,370.90000000,170.03930028,2.18126265,0.71818308,0.51238865,0.00792621,0.99207379,0
746,84699,0.29458479,0.00000000,431.48000000,170.35935304,2.53286414,0.80951128,0.41239384,0.00931005,0.99068995,0
747,84799,0.32219634,0.00000000,413.65000000,170.67948298,2.42349507,0.83047471,0.46736914,0.00458976,0.99541024,0
748,84899,0.35670172,0.00000000,414.68000000,171.01921627,2.42482485,0.80396901,0.47935948,0.01305035,0.98694965,0
749,84999,0.34340418,0.00000000,431.58000000,171.35150765,2.51871876,0.85605255,0.44944817,0.01655973,0.98344027,0
750,85099,0.32492626,0.00000000,348.64000000,171.61292674,2.03139081,0.71134454,0.57640798,0.01560334,0.98439666,0
751,85199,0.28725433,0.00000000,372.64000000,171.89926053,2.16784086,0.71196566,0.51792895,0.00240056,0.99759944,0
752,85299,0.31764431,0.00000000,392.73000000,172.17370510,2.28103200,0.78913908,0.45875903,0.02414407,0.97585593,0
753,85399,0.35317361,0.00000000,413.53000000,172.48872600,2.39752685,0.78838650,0.49889919,-0.00550667,1.00550667,0
754,85499,0.27285125,0.00000000,412.86000000,172.80361914,2.38924712,0.75791503,0.46506983,-0.01015764,1.01015764,0
755,85599,0.25312354,0.00000000,360.64000000,173.08930815,2.08360927,0.70736611,0.45549591,0.00684966,0.99315034,0
756,85699,0.28005292,0.00000000,378.94000000,173.33145552,2.18616247,0.69942448,0.50999275,0.01670525,0.98329475,0
757,85799,0.34513847,0.00000000,384.48000000,173.61716490,2.21454562,0.74778575,0.55665256,0.00731980,0.99268020,0
758,85899,0.26266899,0.00000000,352.72000000,173.86909623,2.02863867,0.68624440,0.43498627,0.00090497,0.99909503,0
759,85999,0.27361182,0.00000000,382.91000000,174.13951320,2.19895566,0.71810697,0.47206964,0.01405984,0.98594016,0
760,86099,0.12727994,0.00000000,214.17000000,174.25483972,1.22901955,0.34139209,0.56658271,-0.00827229,1.00827229,0
761,86199,0.33521581,0.00000000,377.30000000,174.44891181,2.16280309,0.71345903,0.51437534,-0.00783133,1.00783133,0
762,86299,0.28389504,0.00000000,385.23000000,174.72293791,2.20481680,0.73307668,0.44627838,0.02616884,0.97383116,0
763,86399,0.24530313,0.00000000,385.02000000,174.99304298,2.20017901,0.68004140,0.43413049,0.00665471,0.99334529,0
764,86499,0.31010175,0.00000000,435.19000000,175.28634056,2.48258657,0.81739223,0.53988565,0.00673321,0.99326679,0
765,86599,0.28028821,0.00000000,406.90000000,175.61180613,2.31694150,0.76719795,0.43838346,0.00494726,0.99505274,0
766,86699,0.34380266,0.00000000,421.06000000,175.93783756,2.39324475,0.81041526,0.47958650,0.00613702,0.99386298,0
767,86799,0.30330468,0.00000000,410.02000000,176.24392445,2.32640202,0.73906836,0.45919471,-0.00063992,1.00063992,0
768,86899,0.32428530,0.00000000,431.64000000,176.56925440,2.44461580,0.80076249,0.45132428,0.01485195,0.98514805,0
769,86999,0.34680314,0.00000000,453.12000000,176.92679519,2.56119036,0.84241408,0.45303108,0.00818844,0.99181156,0
770,87099,0.14617743,0.00000000,229.55000000,177.07951520,1.29623863,0.34381917,0.83214709,0.00365411,0.99634589,0
771,87199,0.25054303,0.00000000,424.62000000,177.31861161,2.39466643,0.72088647,0.45005289,-0.00643212,1.00643212,0
772,87299,0.27072557,0.00000000,395.16000000,177.62819348,2.22469843,0.68995326,0.48380620,0.00688047,0.99311953,0
773,87399,0.27360337,0.00000000,355.19000000,177.87657588,1.99683497,0.63589218,0.48554414,0.00679291,0.99320709,0
774,87499,0.26349838,0.00000000,415.10000000,178.14546355,2.33013401,0.70681831,0.45913036,0.00645578,0.99354422,0
775,87599,0.22819688,0.00000000,343.22000000,178.41200928,1.92379550,0.62292849,0.51639752,0.01265596,0.98734404,0
776,87699,0.22391725,0.00000000,337.50000000,178.62096055,1.88952252,0.60016468,0.50484764,0.02548160,0.97451840,0
777,87799,0.22236958,0.00000000,353.74000000,178.82211381,1.97814405,0.60253993,0.51502630,0.01738331,0.98261669,0
778,87899,0.20186324,0.00000000,341.25000000,179.05205597,1.90591548,0.62177690,0.44928767,0.00308385,0.99691615,0
779,87999,0.23134473,0.00000000,340.50000000,179.26350492,1.89950168,0.63363247,0.46953636,0.02230663,0.97769337,0
780,88099,0.14088694,0.00000000,247.41000000,179.37424270,1.37924641,0.40066293,0.51399957,0.00293250,0.99706750,0
781,88199,0.25313040,0.00000000,377.80000000,179.56634574,2.10394543,0.70019704,0.48098213,0.01959380,0.98040620,0
782,88299,0.24600741,0.00000000,365.67000000,179.82355268,2.03354942,0.63902200,0.48074562,0.02450940,0.97549060,0
783,88399,0.23392426,0.00000000,365.39000000,180.04644177,2.02939428,0.71142811,0.38805420,0.00630195,0.99369805,0
784,88499,0.26559519,0.00000000,369.76000000,180.29374052,2.05089692,0.69138211,0.45411216,0.01483467,0.98516533,0
785,88599,0.24426363,0.00000000,379.67000000,180.54327855,2.10296579,0.70882331,0.42677299,0.01965469,0.98034531,0
786,88699,0.28094997,0.00000000,363.21000000,180.77674628,2.00914436,0.66454690,0.49415941,0.02045244,0.97954756,0
787,88799,0.17099943,0.00000000,326.53000000,180.99599044,1.80410613,0.56677289,0.48287481,0.00023959,0.99976041,0
788,88899,0.26240056,0.00000000,405.17000000,181.22265945,2.23575689,0.73351169,0.44241132,0.01953583,0.98046417,0
789,88999,0.24655323,0.00000000,374.92000000,181.48656018,2.06582402,0.65167875,0.45265714,0.00958342,0.99041658,0
790,89099,0.17818039,0.00000000,293.32000000,181.65614101,1.61461697,0.51684355,0.55472350,0.01301055,0.98698945,0
791,89199,0.22780531,0.00000000,368.67000000,181.86812857,2.02712413,0.62563798,0.47280941,0.01175812,0.98824188,0
792,89299,0.25325151,0.00000000,367.91000000,182.10977045,2.02029549,0.65748947,0.47384551,0.02519699,0.97480301,0
793,89399,0.25835708,0.00000000,362.65000000,182.34607957,1.98886021,0.63011500,0.48713936,0.00718252,0.99281748,0
794,89499,0.24209467,0.00000000,349.98000000,182.55494308,1.91712474,0.64048752,0.48239742,0.01206704,0.98793296,0
795,89599,0.25363641,0.00000000,351.79000000,182.75901148,1.92485006,0.65592417,0.47257684,-0.00493777,1.00493777,0
796,89699,0.24551679,0.00000000,343.56000000,182.97368936,1.87764953,0.62123825,0.49617142,0.01413082,0.98586918,0
797,89799,0.25561978,0.00000000,359.73000000,183.18315769,1.96376589,0.65041234,0.47972928,0.02150420,0.97849580,0
798,89899,0.27299015,0.00000000,374.89000000,183.40839837,2.04398027,0.65806776,0.49225180,0.00810547,0.99189453,0
799,89999,0.25889020,0.00000000,355.75000000,183.64543102,1.93717192,0.62686162,0.51046686,0.00503614,0.99496386,0
800,90099,0.23476953,0.00614322,285.16000000,183.77707482,1.55155583,0.48614788,0.61687170,-0.01396410,1.01396410,0
801,90199,0.24962233,0.00000000,376.48000000,183.99760804,2.04611777,0.69626754,0.45125486,0.01377418,0.98622582,0
802,90299,0.24240064,0.00000000,367.59000000,184.23210934,1.99526073,0.63567991,0.46968980,0.00529384,0.99470616,0
803,90399,0.20447821,0.00000000,370.95000000,184.45888377,2.01100334,0.67904927,0.41718296,0.00706870,0.99293130,0
804,90499,0.23943412,0.00000000,354.43000000,184.69280843,1.91907183,0.66042960,0.46920324,0.00022078,0.99977922,0
805,90599,0.27419201,0.00000000,365.37000000,184.90002095,1.97603955,0.64547858,0.49595263,0.02361484,0.97638516,0
806,90699,0.24182774,0.00000000,379.51000000,185.13981585,2.04989584,0.66902639,0.45884059,0.02105500,0.97894500,0
807,90799,0.22082862,0.00000000,336.31000000,185.35650872,1.81443667,0.62572766,0.43128472,0.00176203,0.99823797,0
808,90899,0.20549898,0.00000000,345.92000000,185.54839970,1.86435154,0.61321215,0.50208136,0.00954300,0.99045700,0
809,90999,0.20348870,0.00000000,367.91000000,185.75167562,1.98065576,0.69169078,0.41405470,-0.00565740,1.00565740,0
810,91099,0.12596197,0.00000000,217.63000000,185.85805302,1.17092690,0.32805870,0.61024048,0.00536918,0.99463082,0
811,91199,0.23469029,0.00000000,353.38000000,186.01126711,1.89980207,0.67498128,0.46754807,0.02763663,0.97236337,0
812,91299,0.24389642,0.00000000,385.05000000,186.22591781,2.06761803,0.65810961,0.49060787,0.00652073,0.99347927,0
813,91399,0.27126431,0.00000000,395.14000000,186.47481833,2.11895524,0.73355645,0.44064919,0.01014658,0.98985342,0
814,91499,0.27935952,0.00000000,450.84000000,186.76892943,2.41386493,0.79249969,0.43318236,0.00179123,0.99820877,0
815,91599,0.32787439,0.00000000,425.34000000,187.07233299,2.27360902,0.78496155,0.47033026,0.01066377,0.98933623,0
816,91699,0.23512279,0.00000000,358.40000000,187.33975762,1.91314032,0.61921700,0.46733389,0.01262428,0.98737572,0
817,91799,0.26059328,0.00000000,403.97000000,187.56583820,2.15373178,0.73074675,0.44876628,-0.00656050,1.00656050,0
818,91899,0.28087408,0.00000000,404.57000000,187.84351552,2.15382257,0.70729284,0.47430951,0.00509484,0.99490516,0
819,91999,0.23212997,0.00000000,398.16000000,188.10428837,2.11676137,0.68724603,0.46621105,0.00969604,0.99030396,0
820,92099,0.19060495,0.00000000,316.12000000,188.27515485,1.67894239,0.55191058,0.45248564,-0.00666416,1.00666416,0
821,92199,0.29304211,0.00000000,363.82000000,188.49111049,1.93020206,0.64362767,0.53241271,0.01398307,0.98601693,0
822,92299,0.23079186,0.00000000,377.14000000,188.69805931,1.99860236,0.65199334,0.42217952,0.01054393,0.98945607,0
823,92399,0.23950970,0.00000000,339.29000000,188.92012045,1.79597855,0.60333556,0.49216611,-0.00364158,1.00364158,0
824,92499,0.27347288,0.00000000,399.37000000,189.12873962,2.11162008,0.70652595,0.47356175,0.00712420,0.99287580,0
825,92599,0.20983803,0.00000000,355.98000000,189.36745296,1.87987554,0.64316100,0.46589070,0.02626704,0.97373296,0
826,92699,0.21898747,0.00000000,364.66000000,189.55806486,1.92369939,0.62089088,0.45963922,0.01883206,0.98116794,0
827,92799,0.22948718,0.00000000,352.63000000,189.76295074,1.85823221,0.63572622,0.45838648,0.00700077,0.99299923,0
828,92899,0.26377645,0.00000000,377.27000000,189.98864739,1.98578570,0.67353868,0.47439165,0.00785449,0.99214551,0
829,92999,0.25870478,0.00000000,403.41000000,190.23252562,2.12067068,0.72713976,0.47496945,0.03193939,0.96806061,0
830,93099,0.14408229,0.00000000,279.41000000,190.39317458,1.46751333,0.43909309,0.50149677,0.03959309,0.96040691,0
831,93199,0.21057981,0.00000000,371.71000000,190.56369267,1.95056043,0.66432000,0.39349120,0.00008195,0.99991805,0
832,93299,0.30591041,0.00000000,416.83000000,190.82288115,2.18444812,0.69484997,0.52515055,0.00215668,0.99784332,0
833,93399,0.21275088,0.00000000,390.04000000,191.06103264,2.04140723,0.65635386,0.46224649,0.01147191,0.98852809,0
834,93499,0.19441273,0.00000000,382.40000000,191.29759036,1.99895920,0.66788309,0.40127332,-0.00619365,1.00619365,0
835,93599,0.28287348,0.00000000,408.58000000,191.53811650,2.13310718,0.72345040,0.48019632,0.02508666,0.97491334,0
836,93699,0.30829496,0.00000000,430.96000000,191.80438888,2.24677982,0.77058755,0.48073350,0.00797379,0.99202621,0
837,93799,0.27165457,0.00000000,402.10000000,192.08359526,2.09334057,0.69739034,0.50152939,0.00790424,0.99209576,0
838,93899,0.39846801,0.00684429,454.35000000,192.35932760,2.36192194,0.78627384,0.55191142,0.00755312,0.99244688,0
839,93999,0.21395442,0.00000000,415.63000000,192.65476301,2.15736530,0.74664967,0.36006298,0.00900197,0.99099803,0
840,94099,0.18306008,0.00000000,297.60000000,192.81640200,1.54333735,0.46791916,0.57369294,0.02609374,0.97390626,0
841,94199,0.27952609,0.00000000,456.11000000,193.08405214,2.36232734,0.76106707,0.45080302,0.01592581,0.98407419,0
842,94299,0.29656139,0.00000000,434.35000000,193.36950497,2.24621097,0.77298193,0.47718062,0.01518126,0.98481874,0
843,94399,0.25245838,0.00000000,436.01000000,193.66489756,2.25141455,0.70781862,0.47141849,0.02118801,0.97881199,0
844,94499,0.20130602,0.00000000,377.39000000,193.92198608,1.94615295,0.62204780,0.45818042,0.01830934,0.98169066,0
845,94599,0.28865655,0.00000000,396.63000000,194.13439805,2.04304996,0.68550055,0.49440506,0.03030861,0.96969139,0
846,94699,0.25133493,0.00000000,419.11000000,194.39144919,2.15601668,0.76763070,0.40323283,0.03780025,0.96219975,0
847,94799,0.21688104,0.00000000,422.83000000,194.66318277,2.17214514,0.70513948,0.46889664,0.01183874,0.98816126,0
848,94899,0.22477921,0.00000000,415.63000000,194.92609201,2.13226679,0.70167746,0.47609519,0.01418657,0.98581343,0
849,94999,0.27863276,0.00000000,438.11000000,195.20248419,2.24443393,0.73603661,0.46467535,0.01298388,0.98701612,0
850,95099,0.00917023,0.00000000,117.23000000,195.30399340,0.60022711,0.06205358,0.92674724,-0.01020804,1.01020804,0
851,95199,0.01966055,0.00000000,115.93000000,195.22009521,0.59380885,0.07958446,0.62202598,0.00962776,0.99037224,0
852,95299,0.00407388,0.00000000,98.43000000,195.09824429,0.50451961,0.03909359,0.47522949,0.01103319,0.98896681,0
853,95399,0.01624643,0.00762415,82.22000000,194.98131940,0.42166948,0.03331738,0.87224851,0.00335409,0.99664591,0
854,95499,0.04573840,0.01031579,90.96000000,194.83379848,0.46690681,0.10153727,0.54550148,-0.00841893,1.00841893,0
855,95599,0.02303764,0.00676688,88.28000000,194.72230706,0.45337875,0.06214837,0.53936971,0.01187039,0.98812961,0
856,95699,0.01097168,0.00580748,87.71000000,194.60529331,0.45070048,0.04748318,0.67770143,-0.01145495,1.01145495,0
857,95799,0.00777210,0.00000000,96.82000000,194.47792393,0.49786042,0.05944932,0.49093932,-0.01087824,1.01087824,0
858,95899,0.07465571,0.00000000,201.30000000,194.43236696,1.03532418,0.24651746,0.38155092,0.00375285,0.99624715,0
859,95999,0.08356386,0.00000000,220.04000000,194.44985313,1.13160651,0.30651552,0.29496045,0.01456226,0.98543774,0
860,96099,0.12243866,0.00000000,251.58000000,194.45896621,1.29369322,0.34550475,0.42005607,0.00677617,0.99322383,0
861,96199,0.21895454,0.00000000,510.38000000,194.70834451,2.62123797,0.82547160,0.31209471,0.00010908,0.99989092,0
862,96299,0.35052205,0.00000000,535.03000000,195.07975717,2.74252565,0.87540486,0.44749997,0.01935330,0.98064670,0
863,96399,0.40125916,0.00000000,550.91000000,195.50051405,2.81801302,0.90382775,0.49291069,0.01796546,0.98203454,0
864,96499,0.33735685,0.00000000,557.42000000,195.90478045,2.84532960,0.89709216,0.43294470,0.00888260,0.99111740,0
865,96599,0.35198596,0.00000000,540.59000000,196.32397953,2.75363058,0.88064633,0.44842319,0.02864136,0.97135864,0
866,96699,0.35495552,0.00000000,520.67000000,196.70135630,2.64700096,0.87355339,0.46003673,0.00844265,0.99155735,0
867,96799,0.36804572,0.00000000,561.66000000,197.09556558,2.84964997,0.93359329,0.41950547,0.00800501,0.99199499,0
868,96899,0.37391885,0.00000000,524.33000000,197.49565293,2.65487888,0.87512004,0.48252315,0.00895358,0.99104642,0
869,96999,0.28492122,0.00000000,478.71000000,197.83928612,2.41963422,0.78679092,0.46468848,0.00361241,0.99638759,0
870,97099,0.20253235,0.00000000,346.67000000,198.04382697,1.75028391,0.50573324,0.55719594,0.02373830,0.97626170,0
871,97199,0.31592971,0.00000000,483.80000000,198.34695876,2.43918683,0.84409212,0.44099625,0.02084258,0.97915742,0
872,97299,0.33295355,0.00000000,513.73000000,198.68641798,2.58562263,0.89048648,0.40965312,0.03111511,0.96888489,0
873,97399,0.33776824,0.00000000,530.27000000,199.06563195,2.66386212,0.89237490,0.43653462,-0.00117719,1.00117719,0
874,97499,0.31566126,0.00000000,532.76000000,199.44178208,2.67129149,0.84061483,0.41086702,0.01339767,0.98660233,0
875,97599,0.41711916,0.00283650,487.82000000,199.80379992,2.44157369,0.83524926,0.56224408,0.01352960,0.98647040,0
876,97699,0.32409483,0.00000000,481.87000000,200.11770690,2.40793109,0.76671525,0.50137736,0.01366028,0.98633972,0
877,97799,0.29568522,0.00000000,474.80000000,200.42285262,2.36890665,0.81662389,0.44380985,0.02797794,0.97202206,0
878,97899,0.34179920,0.00000000,479.38000000,200.75209251,2.38793376,0.77815830,0.51184321,0.01001430,0.98998570,0
879,97999,0.31895936,0.00000000,501.04000000,201.08624644,2.49172036,0.84033450,0.44133213,-0.01846327,1.01846327,0
880,98099,0.03822845,0.00000000,135.30000000,201.21925592,0.67239589,0.12087064,0.54419183,-0.00755406,1.00755406,0
881,98199,0.19591117,0.00000000,339.94000000,201.20949441,1.68933397,0.47001476,0.53319921,0.02859998,0.97140002,0
882,98299,0.28529673,0.00000000,480.83000000,201.49500665,2.38634394,0.79108810,0.43544332,0.00168546,0.99831454,0
883,98399,0.30377924,0.00000000,465.32000000,201.79792307,2.30587118,0.76344732,0.44835800,0.00221639,0.99778361,0
884,98499,0.35860084,0.00000000,510.12000000,202.10857295,2.52389598,0.82581091,0.48969147,0.01222833,0.98777167,0
885,98599,0.35039588,0.00000000,501.88000000,202.46925375,2.47883299,0.81329259,0.50145226,0.01433485,0.98566515,0
886,98699,0.33877175,0.00000000,440.65000000,202.77228643,2.17315400,0.74093371,0.56105213,0.01360047,0.98639953,0
887,98799,0.28503842,0.00000000,489.91000000,203.07584977,2.41253509,0.82141381,0.39450209,0.02759453,0.97240547,0
888,98899,0.37040968,0.00000000,516.09000000,203.40034033,2.53730920,0.83224991,0.50533935,0.00402036,0.99597964,0
889,98999,0.36748532,0.00000000,502.19000000,203.73768393,2.46483485,0.87770729,0.45729325,-0.00438879,1.00438879,0
890,99099,0.05730937,0.00000000,206.41000000,203.89204588,1.01235148,0.23225575,0.47866922,-0.00056429,1.00056429,0
891,99199,0.29755215,0.00000000,498.30000000,204.06703819,2.44175302,0.78695894,0.48893488,0.01179129,0.98820871,0
892,99299,0.33244194,0.00000000,561.14000000,204.43162318,2.74476763,0.86405690,0.42864175,0.01085718,0.98914282,0
893,99399,0.29088017,0.00000000,488.36000000,204.79338771,2.38457956,0.78350919,0.45380020,0.00438902,0.99561098,0
894,99499,0.34292145,0.00000000,505.61000000,205.11864673,2.46488210,0.82604402,0.48756542,0.02222326,0.97777674,0
895,99599,0.33724786,0.00000000,481.63000000,205.44763575,2.34426638,0.75081443,0.55124879,0.00151569,0.99848431,0
896,99699,0.30486116,0.00000000,465.81000000,205.75629759,2.26392091,0.75507707,0.48734901,0.01209222,0.98790778,0
897,99799,0.32929688,0.00000000,527.12000000,206.06636598,2.55794327,0.83587489,0.47876987,0.02276627,0.97723373,0
898,99899,0.29377743,0.00000000,510.53000000,206.42548852,2.47320676,0.83408858,0.40004762,0.01123238,0.98876762,0
899,99999,0.33403207,0.00000000,510.79000000,206.75701049,2.47045161,0.82626822,0.46191460,0.01541935,0.98458065,0
900,100099,0.69459732,0.49243088,329.83000000,206.98044791,1.59348067,0.45487518,1.69762210,0.01156867,0.98843133,0
901,100199,0.39484931,0.52967991,453.65000000,207.19737296,2.18942090,0.73908275,0.58879663,-0.12228024,1.12228024,0
902,100299,0.21995791,0.59575312,269.35000000,207.36251627,1.29891701,0.33478999,0.91709051,-0.01944831,1.01944831,0
903,100399,0.22050628,0.58545867,346.75000000,207.47340719,1.67125788,0.52358780,0.68547368,-0.01607895,1.01607895,0
904,100499,0.28322341,0.59007692,384.92000000,207.64410656,1.85367851,0.59745121,0.63477937,0.00390318,0.99609682,0
905,100599,0.29515064,0.56990375,423.96000000,207.88175181,2.03944473,0.66842574,0.55883862,-0.01493154,1.01493154,0
906,100699,0.39832036,0.57538449,478.13000000,208.15412581,2.29704441,0.81518165,0.53335029,-0.02368706,1.02368706,0
907,100799,0.26840285,0.49383772,474.87000000,208.43655775,2.27821191,0.73387144,0.41339197,-0.02207531,1.02207531,0
908,100899,0.39259302,0.46126094,548.55000000,208.77792076,2.62744749,0.83574930,0.48973276,-0.00896915,1.00896915,0
909,100999,0.28973672,0.35944584,532.14000000,209.14629662,2.54438548,0.79190813,0.39084785,0.00029718,0.99970282,0
910,101099,0.14826974,0.39839217,216.76000000,209.32401515,1.03552616,0.28502736,0.72361882,0.04036713,0.95963287,0
911,101199,0.17333765,0.47631122,227.74000000,209.34097711,1.08789399,0.23831406,0.73281686,0.02586982,0.97413018,0
912,101299,0.13524294,0.50560048,245.11000000,209.36673255,1.17072309,0.27060801,0.64585248,0.06129245,0.93870755,0
913,101399,0.13584320,0.51231448,257.92000000,209.40833182,1.23165677,0.32080140,0.62182895,0.03026907,0.96973093,0
914,101499,0.08692579,0.52994307,234.13000000,209.45559106,1.11780552,0.22131741,0.58159827,0.01665852,0.98334148,0
915,101599,0.17642071,0.55344809,267.06000000,209.49405472,1.27478132,0.36093328,0.59946551,0.02325365,0.97674635,0
916,101699,0.18571046,0.59201305,283.35000000,209.57977387,1.35200969,0.36975983,0.61774008,-0.00044641,1.00044641,0
917,101799,0.20389885,0.65007345,278.30000000,209.65250391,1.32744413,0.35071093,0.57889653,0.02005732,0.97994268,0
918,101899,0.12269525,0.62878951,274.31000000,209.71714296,1.30799628,0.37081034,0.50250543,0.00605066,0.99394934,0
919,101999,0.14237668,0.65765717,254.00000000,209.78529604,1.21076926,0.30799463,0.58707076,0.02298411,0.97701589,0
920,102099,0.06024438,0.64911643,219.26000000,209.80329970,1.04507446,0.24634501,0.65702971,0.00241141,0.99758859,0
921,102199,0.09187406,0.63952557,237.79000000,209.84130957,1.13319864,0.28805561,0.56332056,-0.00143023,1.00143023,0
922,102299,0.51866812,0.76476606,507.10000000,209.99723483,2.41474716,0.79356576,0.73510249,-0.02147005,1.02147005,0
923,102399,0.27640929,0.64768000,519.89000000,210.32846959,2.47177116,0.78395813,0.42393795,-0.02279192,1.02279192,0
924,102499,0.36484064,0.60832012,550.98000000,210.69401805,2.61514674,0.80769167,0.49807809,-0.00456619,1.00456619,0
925,102599,0.35220272,0.55384175,521.92000000,211.04402106,2.47309142,0.80109341,0.46826236,0.00016031,0.99983969,0
926,102699,0.29259894,0.40640124,600.33000000,211.42796526,2.83952979,0.87865860,0.37130434,0.00498301,0.99501699,0
927,102799,0.37786443,0.36220104,560.22000000,211.81743431,2.64486858,0.83895567,0.45791083,0.01231161,0.98768839,0
928,102899,0.42632369,0.36593035,541.27000000,212.17298315,2.55104970,0.83380798,0.51733314,0.00189255,0.99810745,0
929,102999,0.36527519,0.33712597,551.08000000,212.53470085,2.59288279,0.81942566,0.51150323,-0.00380818,1.00380818,0
930,103099,0.08949655,0.33145177,254.15000000,212.74625767,1.19462060,0.30706115,0.62272489,0.03353660,0.96646340,0
931,103199,0.07597601,0.34393166,210.69000000,212.76538501,0.99024802,0.17616192,0.61801885,0.02289604,0.97710396,0
932,103299,0.10379083,0.36798940,227.78000000,212.77079861,1.07054348,0.24039854,0.58935226,0.00842902,0.99157098,0
933,103399,0.05885584,0.35193021,246.30000000,212.79728753,1.15744158,0.27992916,0.46221448,0.01712871,0.98287129,0
934,103499,0.49644247,0.51312126,478.62000000,212.94444902,2.24756732,0.72468975,0.77765532,0.00287311,0.99712689,0
935,103599,0.39837390,0.51468104,559.98000000,213.27663058,2.62556313,0.79490361,0.51696265,0.00817030,0.99182970,0
936,103699,0.40501545,0.52410286,523.28000000,213.62317143,2.44948037,0.82556946,0.56223354,0.01142540,0.98857460,0
937,103799,0.36073002,0.50337598,491.34000000,213.94198022,2.29657794,0.75689707,0.56716878,0.00583404,0.99416596,0
938,103899,0.43947107,0.52826993,563.79000000,214.29601626,2.63101521,0.81462145,0.57886425,0.02144202,0.97855798,0
939,103999,0.30755802,0.40715399,583.36000000,214.65283530,2.71761351,0.84857543,0.37794976,0.00642233,0.99357767,0
940,104099,0.10114080,0.44927293,213.03000000,214.85956423,0.99148647,0.18964880,0.62816535,0.01770939,0.98229061,0
941,104199,0.06053636,0.44659682,230.55000000,214.86119383,1.07301754,0.25657738,0.52771786,0.00614132,0.99385868,0
942,104299,0.06543991,0.45772406,221.53000000,214.88326932,1.03093363,0.17773303,0.53185110,-0.00091694,1.00091694,0
943,104399,0.13206786,0.47442190,265.76000000,214.90576975,1.23663368,0.30239987,0.56649519,0.02643786,0.97356214,0
944,104499,0.30143784,0.48682600,427.99000000,215.00742504,1.99040114,0.59533912,0.59925676,0.00713118,0.99286882,0
945,104599,0.39832675,0.43006234,596.89000000,215.35322560,2.77160956,0.86935023,0.47581912,-0.01103837,1.01103837,0
946,104699,0.42249119,0.43365325,580.35000000,215.77352936,2.68976405,0.82622773,0.53313207,0.01639611,0.98360389,0
947,104799,0.32409374,0.35184948,563.72000000,216.12117087,2.60827103,0.81369460,0.44346379,-0.00005600,1.00005600,0
948,104899,0.33762131,0.31664259,518.16000000,216.47305445,2.39363752,0.74426769,0.47394465,0.01146481,0.98853519,0
949,104999,0.33632956,0.23159444,578.89000000,216.83027379,2.66983061,0.83921177,0.43908279,0.00613129,0.99386871,0
950,105099,0.08899658,0.23472013,239.33000000,217.02819636,1.10276155,0.28113872,0.63428945,0.00726733,0.99273267,0
951,105199,0.31010994,0.30020305,363.97000000,217.08087244,1.67654954,0.51096765,0.64619799,0.02934412,0.97065588,0
952,105299,0.42496894,0.29943621,585.98000000,217.39338670,2.69554015,0.84110017,0.57262655,0.02132123,0.97867877,0
953,105399,0.40438082,0.26068381,606.76000000,217.78990209,2.78604158,0.85154771,0.49789655,0.01483950,0.98516050,0
954,105499,0.42605811,0.25211805,612.81000000,218.17995773,2.80862050,0.83379735,0.56613909,0.00805731,0.99194269,0
955,105599,0.39373053,0.22373900,581.62000000,218.60140014,2.66072160,0.82223107,0.53197139,-0.00789055,1.00789055,0
956,105699,0.29522094,0.09581944,596.11000000,218.97507140,2.72225158,0.81548367,0.40692325,0.00406416,0.99593584,0
957,105799,0.27803283,0.00000000,550.65000000,219.35831979,2.51034462,0.83209985,0.36024569,0.00397791,0.99602209,0
958,105899,0.31517213,0.00000000,526.19000000,219.68681644,2.39521652,0.82463441,0.42198294,0.00543808,0.99456192,0
959,105999,0.28941184,0.00000000,482.18000000,219.97745871,2.19195014,0.71543312,0.43555572,-0.00890327,1.00890327,0
960,106099,0.07826190,0.01636613,207.03000000,220.11560040,0.94055166,0.18822042,0.60625720,-0.01685258,1.01685258,0
961,106199,0.25721188,0.02404364,376.02000000,220.15410405,1.70789509,0.54668298,0.54460343,0.02550695,0.97449305,0
962,106299,0.32319936,0.00000000,518.80000000,220.41794776,2.35371113,0.76046365,0.44975610,0.00611434,0.99388566,0
963,106399,0.30966415,0.00000000,520.62000000,220.72465514,2.35866273,0.75448120,0.47700594,0.00010106,0.99989894,0
964,106499,0.25231133,0.00000000,480.22000000,221.02360872,2.17273556,0.69250455,0.40157148,0.01324749,0.98675251,0
965,106599,0.34796862,0.00000000,486.31000000,221.29543782,2.19758746,0.77330420,0.50216097,0.01416175,0.98583825,0
966,106699,0.29563466,0.00000000,500.24000000,221.58057553,2.25764951,0.75686215,0.41110469,0.01488249,0.98511751,0
967,106799,0.36341322,0.00000000,517.44000000,221.86416089,2.33221132,0.77408337,0.52791389,0.04047868,0.95952132,0
968,106899,0.29072896,0.00000000,532.31000000,222.16729303,2.39589995,0.77029536,0.47785617,0.03630905,0.96369095,0
969,106999,0.34973153,0.00000000,548.27000000,222.52151735,2.46397517,0.81813097,0.51159173,-0.00768513,1.00768513,0
970,107099,0.17504423,0.00000000,330.80000000,222.70538709,1.48531248,0.38484298,0.60615361,-0.01375877,1.01375877,0
971,107199,0.35136005,0.00000000,509.96000000,222.94013041,2.28745078,0.76815464,0.50219027,0.00834287,0.99165713,0
972,107299,0.33901049,0.00000000,536.20000000,223.23307017,2.40189868,0.77321524,0.45836576,0.01376676,0.98623324,0
973,107399,0.30993454,0.00000000,539.96000000,223.56890959,2.41518727,0.77559131,0.44932419,0.01929745,0.98070255,0
974,107499,0.35135963,0.00216461,498.83000000,223.88938115,2.22811526,0.72537500,0.56102278,-0.00579777,1.00579777,0
975,107599,0.28669223,0.00000000,515.60000000,224.16367642,2.30011278,0.74226595,0.46175619,0.00594650,0.99405350,0
976,107699,0.25851097,0.00000000,508.75000000,224.44360925,2.26663979,0.70001379,0.43493881,0.02773564,0.97226436,0
977,107799,0.32212644,0.00000000,512.04000000,224.74023355,2.27830882,0.75214514,0.52008139,0.01415651,0.98584349,0
978,107899,0.35145281,0.00000000,514.70000000,225.04405719,2.28710329,0.75837870,0.51883855,0.00343260,0.99656740,0
979,107999,0.30084210,0.00000000,478.05000000,225.32886195,2.12160105,0.67523284,0.50502965,0.01914623,0.98085377,0
980,108099,0.17290801,0.00000000,341.98000000,225.49218466,1.51655258,0.48115646,0.58249677,0.00402921,0.99597079,0
981,108199,0.27617900,0.00000000,487.26000000,225.69210872,2.15890205,0.76251955,0.43776395,0.00815838,0.99184162,0
982,108299,0.35930412,0.00000000,526.49000000,225.99105420,2.32970530,0.77419249,0.55046025,0.00797025,0.99202975,0
983,108399,0.31019523,0.00000000,507.57000000,226.29695693,2.24300362,0.72178616,0.48447813,0.01005163,0.98994837,0
984,108499,0.30926391,0.00000000,536.33000000,226.57020034,2.36708003,0.72418179,0.45736203,0.01517550,0.98482450,0
985,108599,0.34332704,0.00983978,502.58000000,226.88875779,2.21512834,0.67473472,0.54794389,0.01343384,0.98656616,0
986,108699,0.25855985,0.00000000,456.60000000,227.13890126,2.01022412,0.65768905,0.47979014,0.01087795,0.98912205,0
987,108799,0.31834011,0.00000000,482.55000000,227.37134000,2.12223487,0.72128919,0.51835003,0.00149761,0.99850239,0
988,108899,0.33639829,0.00000000,554.33000000,227.68464003,2.43467836,0.79423796,0.46200775,0.00810683,0.99189317,0
989,108999,0.29834518,0.00000000,462.74000000,227.96362183,2.02988771,0.75053676,0.51485166,0.01686934,0.98313066,0
990,109099,0.33613426,0.01016790,464.48000000,228.17744200,2.03550430,0.66437544,0.55518408,0.00740175,0.99259825,0
991,109199,0.33473974,0.00000000,542.58000000,228.49439892,2.37468547,0.81367887,0.49173375,0.00797183,0.99202817,0
992,109299,0.35783790,0.00000000,501.77000000,228.77697839,2.19328608,0.74034481,0.56111136,-0.00309440,1.00309440,0
993,109399,0.23111031,0.00000000,477.93000000,229.04096708,2.08667615,0.67021943,0.47674508,0.00882072,0.99117928,0
994,109499,0.27821104,0.00000000,437.46000000,229.26360619,1.90809454,0.68507701,0.48158099,0.00552109,0.99447891,0
995,109599,0.23146559,0.00000000,428.61000000,229.46735214,1.86783039,0.60983871,0.50617335,0.01951878,0.98048122,0
996,109699,0.28879843,0.00000000,494.32000000,229.70437629,2.15198324,0.73195518,0.50049097,0.00725561,0.99274439,0
997,109799,0.28722470,0.00000000,460.23000000,229.94972157,2.00142375,0.68152181,0.54274911,-0.00779187,1.00779187,0
998,109899,0.24813021,0.00000000,463.57000000,230.17594609,2.01394108,0.73394534,0.42995895,0.01608961,0.98391039,0
999,109999,0.34397169,0.01186902,486.02000000,230.45699031,2.10907247,0.69621424,0.59043363,-0.00650456,1.00650456,0
1000,110099,0.21182279,0.00000000,390.28000000,230.62611810,1.69222914,0.56835094,0.53911411,0.02552895,0.97447105,0
1001,110199,0.23286038,0.00000000,449.13000000,230.82231062,1.94576567,0.67206947,0.48428803,0.00133665,0.99866335,0
1002,110299,0.27715832,0.00000000,431.52000000,231.04056644,1.86774314,0.65839482,0.55631423,-0.00037374,1.00037374,0
1003,110399,0.27034938,0.00000000,469.99000000,231.25304312,2.03235634,0.72906060,0.46550559,0.01017579,0.98982421,0
1004,110499,0.24458927,0.00000000,439.14000000,231.47950051,1.89711218,0.65289150,0.52212141,-0.01345077,1.01345077,0
1005,110599,0.29059343,0.00000000,465.25000000,231.69997883,2.00800179,0.70196993,0.50382276,-0.00032545,1.00032545,0
1006,110699,0.22699373,0.00000000,459.85000000,231.93526632,1.98270725,0.65183475,0.55575414,0.00495768,0.99504232,0
1007,110799,0.30364663,0.00000000,506.82000000,232.17547543,2.18292108,0.76686120,0.51844308,0.00880105,0.99119895,0
1008,110899,0.28221867,0.00000000,490.42000000,232.43436734,2.10990628,0.74681376,0.48860147,0.00041733,0.99958267,0
1009,110999,0.28885105,0.00000000,480.78000000,232.69430699,2.06616535,0.70531007,0.47024580,0.01368164,0.98631836,0
1010,111099,0.20582022,0.00000000,394.59000000,232.87783850,1.69436564,0.55346520,0.64204623,-0.00100514,1.00100514,0
1011,111199,0.23960898,0.00000000,430.69000000,233.06426979,1.84792251,0.60871762,0.48673152,0.00733922,0.99266078,0
1012,111299,0.27942940,0.00000000,487.89000000,233.28878363,2.09133294,0.71690572,0.51175472,0.00704392,0.99295608,0
1013,111399,0.24151057,0.00000000,451.01000000,233.52329759,1.93131365,0.63610993,0.52752751,0.00926922,0.99073078,0
1014,111499,0.24892040,0.00000000,444.89000000,233.74746306,1.90332975,0.61174900,0.55883423,0.01449702,0.98550298,0
1015,111599,0.27969293,0.00000000,497.23000000,233.98612764,2.12510895,0.73384811,0.48777035,0.00454660,0.99545340,0
1016,111699,0.24481807,0.00000000,444.04000000,234.20748521,1.89593555,0.66922819,0.48452108,-0.00303348,1.00303348,0
1017,111799,0.22388116,0.00000000,469.65000000,234.42977324,2.00339901,0.65950116,0.48007191,0.02479620,0.97520380,0
1018,111899,0.24203208,0.00000000,459.16000000,234.64919341,1.95679341,0.64285668,0.54013013,-0.00550074,1.00550074,0
1019,111999,0.23324533,0.00000000,435.82000000,234.84564936,1.85572623,0.65810467,0.49099550,0.01178951,0.98821049,0
1020,112099,0.22679844,0.00000000,415.12000000,235.01891441,1.76624274,0.59445531,0.51125063,0.00694977,0.99305023,0
1021,112199,0.28140002,0.00000000,499.18000000,235.26074658,2.12180998,0.69675136,0.54226582,0.00135179,0.99864821,0
1022,112299,0.28697797,0.00000000,460.97000000,235.51705699,1.95733123,0.63511478,0.54591161,0.02033256,0.97966744,0
1023,112399,0.26638171,0.00000000,457.33000000,235.72326832,1.94012642,0.65657975,0.50238795,0.01560896,0.98439104,0
1024,112499,0.34269463,0.00000000,539.38000000,235.98680555,2.28569271,0.77777930,0.52319599,0.00412695,0.99587305,0
1025,112599,0.34896215,0.00000000,539.92000000,236.27847145,2.28513260,0.76051236,0.53706664,0.00837873,0.99162127,0
1026,112699,0.33457635,0.00000000,495.37000000,236.55213404,2.09415130,0.72279392,0.55944683,0.00140971,0.99859029,0
1027,112799,0.28679903,0.00000000,480.31000000,236.80603611,2.02834846,0.69102830,0.53079996,0.00615341,0.99384659,0
1028,112899,0.29432658,0.00000000,464.52000000,237.02436183,1.95981382,0.68796539,0.50067946,0.00779888,0.99220112,0
1029,112999,0.28060257,0.00000000,454.42000000,237.24074350,1.91545373,0.66689635,0.51598376,0.01048467,0.98951533,0
1030,113099,0.17779895,0.00000000,323.74000000,237.36742114,1.36385358,0.39921588,0.56446709,-0.00984455,1.00984455,0
1031,113199,0.19081753,0.00000000,355.21000000,237.47392944,1.49576862,0.44920476,0.65943893,0.02049187,0.97950813,0
1032,113299,0.29328176,0.00000000,487.34000000,237.65745974,2.05058300,0.72713711,0.48608704,0.01174252,0.98825748,0
1033,113399,0.33733633,0.00000000,538.79000000,237.92543496,2.26452343,0.80585595,0.50473471,0.00431792,0.99568208,0
1034,113499,0.28998927,0.00000000,530.35000000,238.21668099,2.22634870,0.74890280,0.50005680,-0.00906085,1.00906085,0
1035,113599,0.24597612,0.00000000,491.96000000,238.48251814,2.06289937,0.65865568,0.45154090,0.00522715,0.99477285,0
1036,113699,0.31495000,0.00000000,540.49000000,238.74986453,2.26385762,0.79496176,0.46829521,0.01579128,0.98420872,0
1037,113799,0.35308749,0.00000000,577.99000000,239.05398492,2.41782051,0.82566413,0.49801772,0.00379805,0.99620195,0
1038,113899,0.29222325,0.00000000,564.35000000,239.38115906,2.35757832,0.77555115,0.45382425,0.02551061,0.97448939,0
1039,113999,0.30593410,0.00000000,561.01000000,239.67934297,2.34063762,0.77540864,0.46165993,0.00034815,0.99965185,0
1040,114099,0.23499296,0.00000000,383.55000000,239.87532363,1.59887436,0.48953985,0.64025450,0.01021032,0.98978968,0
1041,114199,0.30170205,0.00000000,527.34000000,240.11096748,2.19621098,0.75084946,0.48395472,0.01910728,0.98089272,0
1042,114299,0.36380864,0.00000000,549.89000000,240.39827251,2.28739240,0.79672089,0.55138928,-0.00506384,1.00506384,0
1043,114399,0.28699285,0.00000000,511.52000000,240.67628128,2.12532591,0.74507706,0.47933771,0.01255937,0.98744063,0
1044,114499,0.34423626,0.00000000,514.86000000,240.93945846,2.13687768,0.73204994,0.56251472,0.01443556,0.98556444,0
1045,114599,0.30642669,0.00000000,497.44000000,241.19673934,2.06239074,0.70693948,0.48250222,0.00553547,0.99446453,0
1046,114699,0.28227532,0.00000000,508.94000000,241.43848651,2.10791855,0.68654329,0.47735365,0.01072619,0.98927381,0
1047,114799,0.27216591,0.00000000,441.93000000,241.67785851,1.82862259,0.62782311,0.53980662,0.01861702,0.98138298,0
1048,114899,0.32490594,0.00000000,522.25000000,241.88586528,2.15901884,0.74784939,0.52400459,0.03251844,0.96748156,0
1049,114999,0.33326048,0.00000000,540.74000000,242.17626510,2.23284946,0.78938306,0.49254833,0.00915748,0.99084252,0
1050,115099,0.09035758,0.00196941,245.10000000,242.30278711,1.01154608,0.23794956,0.59060127,0.00466099,0.99533901,0
1051,115199,0.11450598,0.00000000,259.59000000,242.29580784,1.07137057,0.28705406,0.56018508,0.00785014,0.99214986,0
1052,115299,0.27336938,0.00000000,489.86000000,242.45781236,2.02041574,0.63748676,0.53537201,0.01304601,0.98695399,0
1053,115399,0.28790770,0.00000000,472.57000000,242.67867826,1.94730452,0.68283600,0.52224265,0.01224079,0.98775921,0
1054,115499,0.31441370,0.00000000,501.28000000,242.91827866,2.06360698,0.71821626,0.55403825,0.01001813,0.98998187,0
1055,115599,0.24506122,0.00000000,506.50000000,243.16636315,2.08297445,0.66334378,0.49297637,0.03236186,0.96763814,0
1056,115699,0.28943006,0.00000000,505.77000000,243.39500215,2.07792763,0.68435587,0.53927154,0.01905555,0.98094445,0
1057,115799,0.30448683,0.00000000,581.40000000,243.68578863,2.38583273,0.77199274,0.47943520,0.00137465,0.99862535,0
1058,115899,0.30070184,0.00000000,529.16000000,243.97653784,2.16885500,0.76342096,0.49765638,0.01605766,0.98394234,0
1059,115999,0.31616827,0.00000000,547.72000000,244.27228209,2.24229946,0.72955228,0.51468514,0.00470018,0.99529982,0
1060,116099,0.27263699,0.00000000,438.19000000,244.46966098,1.79232093,0.59699353,0.55429019,0.00410370,0.99589630,0
1061,116199,0.33315409,0.00000000,539.06000000,244.70555128,2.20278469,0.73134459,0.55506996,0.01183482,0.98816518,0
1062,116299,0.31268520,0.00000000,579.86000000,245.01012709,2.36660248,0.78742043,0.49066469,0.00710913,0.99289087,0
1063,116399,0.29557714,0.00000000,557.46000000,245.32071269,2.27233444,0.76142817,0.48544819,0.02292369,0.97707631,0
1064,116499,0.35860278,0.00000000,557.54000000,245.63248246,2.26987206,0.74286102,0.55975080,-0.00644941,1.00644941,0
1065,116599,0.32383654,0.00000000,564.56000000,245.90420482,2.29578414,0.79874678,0.48804389,0.00242691,0.99757309,0
1066,116699,0.25894901,0.00000000,529.45000000,246.19798638,2.15049764,0.69938693,0.47836772,0.01693269,0.98306731,0
1067,116799,0.28905925,0.00000000,502.20000000,246.46317810,2.03767256,0.72577698,0.51992723,0.00302866,0.99697134,0
1068,116899,0.33564635,0.00000000,575.46000000,246.73004334,2.33236953,0.76896674,0.50522950,0.00024638,0.99975362,0
1069,116999,0.33805404,0.00000000,594.34000000,247.05190397,2.40578620,0.79723844,0.47400701,-0.00363761,1.00363761,0
1070,117099,0.19113388,0.00000000,377.09000000,247.23521232,1.52516587,0.47994487,0.51486797,0.03525761,0.96474239,0
1071,117199,0.28519338,0.00000000,560.01000000,247.45862372,2.26298007,0.73055830,0.48493966,0.00057163,0.99942837,0
1072,117299,0.27441960,0.00000000,555.51000000,247.75992775,2.24212543,0.74390632,0.44573051,0.00441529,0.99558471,0
1073,117399,0.25617328,0.00000000,566.33000000,248.04743692,2.28312701,0.73365999,0.39310569,0.02170869,0.97829131,0
1074,117499,0.34734803,0.00000000,559.25000000,248.35378041,2.25187011,0.78589991,0.50497027,0.00991915,0.99008085,0
1075,117599,0.33883241,0.00000000,585.32000000,248.64738722,2.35402179,0.73799268,0.49532580,0.01069148,0.98930852,0
1076,117699,0.34046316,0.00000000,580.69000000,248.95069044,2.33251495,0.81002154,0.46946231,0.00614421,0.99385579,0
1077,117799,0.33857746,0.00000000,578.94000000,249.25987717,2.32261280,0.80037885,0.52344087,0.02593928,0.97406072,0
1078,117899,0.28210857,0.00000000,590.95000000,249.58477478,2.36778448,0.78742786,0.42631150,-0.00174907,1.00174907,0
1079,117999,0.33078837,0.00000000,604.11000000,249.90437335,2.41740288,0.79115529,0.43673871,0.00078060,0.99921940,0
1080,118099,0.07965209,0.01567061,196.44000000,250.03920299,0.78563974,0.17539346,0.83448956,-0.01578899,1.01578899,0
1081,118199,0.23078566,0.00000000,481.80000000,250.11528895,1.92629562,0.66162012,0.46322896,0.01407362,0.98592638,0
1082,118299,0.30942276,0.00000000,514.00000000,250.34908308,2.05313516,0.73122411,0.51022825,0.01887272,0.98112728,0
1083,118399,0.25307107,0.00000000,510.10000000,250.58958271,2.03559814,0.68881086,0.46928425,-0.00337843,1.00337843,0
1084,118499,0.32939264,0.00000000,538.41000000,250.84959080,2.14637951,0.72358106,0.51783409,0.00303720,0.99696280,0
1085,118599,0.25090715,0.00000000,462.95000000,251.07500864,1.84387943,0.64125338,0.48329171,0.00715851,0.99284149,0
1086,118699,0.25071714,0.00000000,510.58000000,251.29525673,2.03181704,0.70009542,0.46130366,0.00393367,0.99606633,0
1087,118799,0.21874776,0.00000000,502.43000000,251.52304457,1.99754590,0.67147915,0.43373344,0.02662063,0.97337937,0
1088,118899,0.23051356,0.00000000,485.46000000,251.76633480,1.92828907,0.61347539,0.45676608,0.00410402,0.99589598,0
1089,118999,0.26870810,0.00000000,526.24000000,251.98522976,2.08839980,0.67999989,0.47734081,0.00499594,0.99500406,0
1090,119099,0.03517255,0.01290019,108.73000000,252.04253251,0.43139796,0.05900637,0.55181478,-0.01595823,1.01595823,0
1091,119199,0.26401612,0.00000000,455.53000000,252.02872578,1.80733012,0.60187785,0.47269100,0.02072726,0.97927274,0
1092,119299,0.26952333,0.00000000,553.34000000,252.29271822,2.19321895,0.71315956,0.43293085,0.00086546,0.99913454,0
1093,119399,0.31371766,0.00000000,547.99000000,252.55114532,2.16972565,0.72428559,0.47793599,0.01867205,0.98132795,0
1094,119499,0.26828825,0.00000000,535.21000000,252.84351052,2.11679982,0.71409901,0.44348303,-0.01062766,1.01062766,0
1095,119599,0.27471890,0.00000000,590.88000000,253.12154022,2.33438857,0.78285543,0.45351259,-0.00077214,1.00077214,0
1096,119699,0.26740705,0.00000000,542.46000000,253.40145880,2.14069996,0.72359632,0.39520230,0.00714104,0.99285896,0
1097,119799,0.25816470,0.00000000,513.10000000,253.65349522,2.02283357,0.69591514,0.45603419,0.00480801,0.99519199,0
1098,119899,0.30867035,0.00000000,548.10000000,253.89908232,2.15869632,0.75230112,0.52040435,0.00333266,0.99666734,0
1099,119999,0.28922443,0.00000000,602.93000000,254.19526781,2.37189650,0.77436020,0.43490715,0.01052197,0.98947803,0
1100,120099,0.20048814,0.00000000,373.17000000,254.36511863,1.46698171,0.47144861,0.51849346,0.04611407,0.95388593,0
1101,120199,0.26636066,0.00000000,561.89000000,254.60710913,2.20690029,0.71192061,0.43550190,-0.00233650,1.00233650,0
1102,120299,0.30521471,0.00000000,527.17000000,254.87433329,2.06837797,0.71128187,0.46855614,0.00230549,0.99769451,0
1103,120399,0.34003619,0.00000000,604.15000000,255.14811029,2.36783292,0.76553533,0.45937077,0.02681102,0.97318898,0
1104,120499,0.29266184,0.00000000,558.83000000,255.43714163,2.18770161,0.75399476,0.47891727,0.00225890,0.99774110,0
1105,120599,0.32120696,0.00000000,558.97000000,255.72342688,2.18585510,0.74302909,0.49525532,0.00871210,0.99128790,0
1106,120699,0.35675623,0.00000000,630.54000000,256.02997711,2.46278281,0.77476652,0.49503405,-0.01275148,1.01275148,0
1107,120799,0.32689612,0.00000000,561.81000000,256.33284054,2.19171870,0.75081261,0.50308954,0.01852862,0.98147138,0
1108,120899,0.27673353,0.00000000,541.81000000,256.60235470,2.11148733,0.72386009,0.47965072,0.01430483,0.98569517,0
1109,120999,0.25006755,0.00000000,615.17000000,256.87787248,2.39473191,0.76916638,0.38716642,0.00053071,0.99946929,0
1110,121099,0.06154938,0.00453976,185.38000000,257.00296883,0.72133725,0.14187813,0.53671996,-0.01212967,1.01212967,0
1111,121199,0.30259502,0.00000000,566.59000000,257.12642241,2.20354913,0.69439398,0.54897931,0.00707799,0.99292201,0
1112,121299,0.28865412,0.00000000,601.05000000,257.40977829,2.33494155,0.82141803,0.39826306,0.01214172,0.98785828,0
1113,121399,0.37138474,0.00000000,598.09000000,257.73246567,2.32061258,0.80807905,0.50080344,0.01158680,0.98841320,0
1114,121499,0.26985916,0.00000000,614.09000000,258.04061885,2.37982669,0.76596960,0.43749959,-0.01966472,1.01966472,0
1115,121599,0.25646675,0.00000000,529.71000000,258.32185838,2.05058638,0.66908704,0.47619564,0.03194207,0.96805793,0
1116,121699,0.29459575,0.00000000,554.96000000,258.58276769,2.14619329,0.70688221,0.48479348,0.01410398,0.98589602,0
1117,121799,0.30074491,0.00000000,602.84000000,258.86388316,2.32880223,0.78955720,0.42336087,0.00856330,0.99143670,0
1118,121899,0.26447509,0.00000000,537.29000000,259.15521081,2.07329904,0.68784909,0.49483053,-0.00796025,1.00796025,0
1119,121999,0.27095073,0.00000000,591.61000000,259.40989439,2.28058549,0.75031941,0.43964185,0.01304999,0.98695001,0
1120,122099,0.31163340,0.04733949,441.54000000,259.59839728,1.70074075,0.55800429,0.61155936,0.00917503,0.99082497,0
1121,122199,0.27682302,0.01239242,491.06000000,259.82497397,1.88995866,0.63217474,0.48021105,0.00621990,0.99378010,0
1122,122299,0.27024816,0.00000000,546.59000000,260.06097952,2.10179124,0.68417056,0.46962624,0.01343893,0.98656107,0
1123,122399,0.27816535,0.00000000,574.94000000,260.33462984,2.20850962,0.73889346,0.41837829,0.01371129,0.98628871,0
1124,122499,0.28714323,0.00000000,539.25000000,260.59411459,2.06933206,0.64693228,0.49192506,0.01031174,0.98968826,0
1125,122599,0.31139393,0.00000000,593.93000000,260.84802628,2.27685831,0.75996928,0.51358801,0.02306388,0.97693612,0
1126,122699,0.27101074,0.00000000,584.81000000,261.15317201,2.23934025,0.74117975,0.42091402,-0.00455564,1.00455564,0
1127,122799,0.31669791,0.00000000,555.78000000,261.42617095,2.12595192,0.72246373,0.46821721,0.01214386,0.98785614,0
1128,122899,0.27501318,0.00000000,553.74000000,261.69068155,2.11602694,0.72891874,0.48643279,0.00538195,0.99461805,0
1129,122999,0.27012495,0.00000000,572.29000000,261.96056674,2.18467575,0.70067336,0.44596321,0.02115618,0.97884382,0
1130,123099,0.17433257,0.02397592,294.48000000,262.07450368,1.12363951,0.32008624,0.58575327,0.02300693,0.97699307,0
1131,123199,0.22593525,0.00000000,506.53000000,262.23705803,1.93160742,0.59455942,0.43615600,0.00510205,0.99489795,0
1132,123299,0.29815362,0.00000000,554.29000000,262.46847078,2.11185237,0.75219627,0.46964272,-0.00869840,1.00869840,0
1133,123399,0.28803657,0.00000000,518.39000000,262.71320801,1.97324383,0.64352142,0.53088086,0.02937684,0.97062316,0
1134,123499,0.24888205,0.00000000,570.88000000,262.96331271,2.17099028,0.70405783,0.41375804,-0.00925692,1.00925692,0
1135,123599,0.32509641,0.00000000,568.48000000,263.22500464,2.15967685,0.70648794,0.55420605,0.00035576,0.99964424,0
1136,123699,0.26116387,0.00000000,572.09000000,263.50072992,2.17114170,0.70684223,0.42944645,-0.00467012,1.00467012,0
1137,123799,0.31777994,0.00000000,602.03000000,263.77799612,2.28233191,0.73606206,0.44870481,0.01747943,0.98252057,0
1138,123899,0.35218963,0.01880521,528.65000000,264.03668727,2.00215653,0.69128851,0.58022644,0.01014078,0.98985922,0
1139,123999,0.28469159,0.00000000,546.67000000,264.29936987,2.06843713,0.66998597,0.47239830,0.02593970,0.97406030,0
1140,124099,0.05895354,0.00654235,161.75000000,264.35214217,0.61189529,0.12404812,0.69783786,-0.02424417,1.02424417,0
1141,124199,0.25407863,0.00000000,547.32000000,264.45681659,2.06966147,0.68266363,0.49070530,0.02853294,0.97146706,0
1142,124299,0.28892409,0.00000000,516.81000000,264.68598269,1.95257632,0.64120504,0.50164568,0.00785538,0.99214462,0
1143,124399,0.21519775,0.00000000,518.32000000,264.90600570,1.95665123,0.61275536,0.43227542,0.01670627,0.98329373,0
1144,124499,0.26997880,0.00000000,493.42000000,265.09711906,1.86124520,0.64974778,0.49305308,0.00471552,0.99528448,0
1145,124599,0.24249434,0.00000000,517.73000000,265.31585713,1.95136605,0.62224782,0.45580575,0.01004544,0.98995456,0
1146,124699,0.22635730,0.00000000,450.12000000,265.50795861,1.69531517,0.55439119,0.47866296,0.01846881,0.98153119,0
1147,124799,0.27126598,0.00000000,508.61000000,265.69907571,1.91424787,0.62645315,0.48533198,0.01501893,0.98498107,0
1148,124899,0.25726451,0.00000000,528.87000000,265.91241788,1.98887787,0.67525512,0.47090303,0.00448140,0.99551860,0
1149,124999,0.20402839,0.00000000,489.32000000,266.12970457,1.83866245,0.59342036,0.46075548,0.00452438,0.99547562,0
1150,125099,0.15848220,0.00000000,420.48000000,266.24928356,1.57918390,0.48057699,0.44109016,0.00839798,0.99160202,0
1151,125199,0.31451718,0.00000000,577.35000000,266.48864010,2.16649035,0.74670103,0.47838639,0.00165282,0.99834718,0
1152,125299,0.24100153,0.00000000,509.48000000,266.74342863,1.91003555,0.63624077,0.47653623,-0.00168079,1.00168079,0
1153,125399,0.25642708,0.00000000,555.51000000,266.96468480,2.08084294,0.65927883,0.45024160,0.01798579,0.98201421,0
1154,125499,0.28403209,0.00000000,535.99000000,267.21389362,2.00588016,0.66514734,0.44805637,0.02086976,0.97913024,0
1155,125599,0.22760111,0.00000000,508.58000000,267.42402567,1.90176782,0.61872722,0.47227521,0.02792907,0.97207093,0
1156,125699,0.23540619,0.00000000,541.16000000,267.65754769,2.02187320,0.64506958,0.47002469,0.01312452,0.98687548,0
1157,125799,0.26601426,0.00000000,545.71000000,267.90508255,2.03702527,0.65601124,0.48891996,0.00836825,0.99163175,0
1158,125899,0.21663124,0.00000000,490.13000000,268.10987320,1.82811721,0.58935619,0.50070467,-0.02033549,1.02033549,0
1159,125999,0.30915221,0.00000000,540.75000000,268.31375438,2.01535710,0.68774858,0.45958046,0.01034480,0.98965520,0
1160,126099,0.22304268,0.00000000,436.54000000,268.47852431,1.62591588,0.53689776,0.50264234,0.00374002,0.99625998,0
1161,126199,0.27119651,0.00000000,594.78000000,268.71575359,2.21340688,0.69735080,0.45708074,0.02958408,0.97041592,0
1162,126299,0.31758113,0.00000000,646.61000000,269.00670471,2.40362180,0.77446228,0.46995365,-0.01531776,1.01531776,0
1163,126399,0.30551757,0.00000000,580.52000000,269.30882835,2.15555602,0.72303551,0.45741658,0.00734756,0.99265244,0
1164,126499,0.32925436,0.00000000,616.40000000,269.59593724,2.28636656,0.78338274,0.47480283,0.01434946,0.98565054,0
1165,126599,0.31000089,0.00000000,669.79000000,269.91461931,2.48145929,0.79840511,0.43723731,0.00968086,0.99031914,0
1166,126699,0.35668257,0.00000000,690.17000000,270.27217430,2.55361429,0.85943958,0.43270746,-0.00256897,1.00256897,0
1167,126799,0.32164498,0.00000000,654.57000000,270.62203403,2.41879266,0.82460132,0.42146747,0.00882159,0.99117841,0
1168,126899,0.35717119,0.00000000,654.48000000,270.93859860,2.41557098,0.85523350,0.45605425,0.00523277,0.99476723,0
1169,126999,0.31188168,0.00000000,671.19000000,271.26638114,2.47421277,0.76043843,0.48754754,-0.00178059,1.00178059,0
1170,127099,0.10273613,0.00000000,352.19000000,271.47463874,1.29731229,0.37191087,0.41916123,-0.01771458,1.01771458,0
1171,127199,0.24210118,0.00000000,470.51000000,271.56443080,1.73248460,0.50447488,0.53607616,0.01703149,0.98296851,0
1172,127299,0.25875917,0.00000000,685.79000000,271.85734373,2.52256273,0.82607016,0.36992792,-0.00409093,1.00409093,0
1173,127399,0.34554889,0.00000000,697.48000000,272.23531868,2.56211668,0.82282394,0.44568407,0.01760960,0.98239040,0
1174,127499,0.29999925,0.00000000,726.25000000,272.59715450,2.66418464,0.83205462,0.42174046,0.01544616,0.98455384,0
1175,127599,0.29593833,0.00000000,684.64000000,272.98078709,2.50809714,0.80051560,0.42728030,0.01311102,0.98688898,0
1176,127699,0.29975274,0.00000000,600.15000000,273.28175987,2.19609168,0.71647360,0.50658468,0.00110751,0.99889249,0
1177,127799,0.32271281,0.00000000,683.58000000,273.61070416,2.49846383,0.83561117,0.42119926,0.00254842,0.99745158,0
1178,127899,0.28841028,0.00000000,631.66000000,273.92820858,2.30597605,0.75977897,0.44589294,0.00618788,0.99381212,0
1179,127999,0.25957546,0.00000000,720.61000000,274.26113731,2.62746909,0.79270654,0.38444025,-0.00658544,1.00658544,0
1180,128099,0.28208095,0.00000000,520.92000000,274.52517830,1.89743887,0.64984710,0.48180666,0.01754099,0.98245901,0
1181,128199,0.27338205,0.00000000,707.27000000,274.83742720,2.57339325,0.83766028,0.40953567,0.01409762,0.98590238,0
1182,128299,0.38354252,0.00000000,739.48000000,275.20982029,2.68690586,0.85421003,0.48034943,0.04334538,0.95665462,0
1183,128399,0.30212323,0.00000000,654.50000000,275.58011916,2.37500723,0.76717771,0.42473620,0.00211722,0.99788278,0
1184,128499,0.31847108,0.00000000,725.92000000,275.92786284,2.63084084,0.85101428,0.39882247,0.00460108,0.99539892,0
1185,128599,0.32012527,0.00000000,633.25000000,276.25399273,2.29221263,0.77967498,0.47238197,-0.00073203,1.00073203,0
1186,128699,0.32511614,0.00000000,646.50000000,276.57637351,2.33752357,0.77207684,0.47319090,-0.00016838,1.00016838,0
1187,128799,0.33067825,0.00000000,648.60000000,276.89325763,2.34245469,0.76582068,0.48887458,0.02269403,0.97730597,0
1188,128899,0.35829088,0.00000000,687.88000000,277.20075778,2.48144602,0.80740493,0.50136821,-0.00186541,1.00186541,0
1189,128999,0.30008268,0.00000000,714.53000000,277.56034031,2.57426040,0.80635962,0.44136439,0.00762028,0.99237972,0
1190,129099,0.20528116,0.00000000,455.12000000,277.76662674,1.63835605,0.49281560,0.43126227,-0.00687574,1.00687574,0
1191,129199,0.32717754,0.00000000,742.09000000,278.07865676,2.66851360,0.85186965,0.43528780,0.00675068,0.99324932,0
1192,129299,0.31539013,0.00000000,702.62000000,278.47428538,2.52312184,0.80625855,0.43691120,0.01392874,0.98607126,0
1193,129399,0.35643551,0.00000000,672.39000000,278.79714067,2.41166736,0.81989220,0.46286115,0.00277512,0.99722488,0
1194,129499,0.30683264,0.00000000,689.55000000,279.14546558,2.47018979,0.79148391,0.42450420,0.04073559,0.95926441,0
1195,129599,0.35724737,0.00000000,703.97000000,279.52056335,2.51860183,0.84192195,0.48561156,-0.01692485,1.01692485,0
1196,129699,0.27198217,0.00000000,691.69000000,279.85220527,2.47163866,0.81102905,0.36989159,0.01397866,0.98602134,0
1197,129799,0.30842782,0.00000000,658.83000000,280.18943981,2.35141918,0.76449549,0.51265165,-0.00467873,1.00467873,0
1198,129899,0.32009162,0.00000000,758.53000000,280.52794900,2.70388113,0.85755864,0.39385409,0.01380113,0.98619887,0
1199,129999,0.29250450,0.00000000,735.31000000,280.91216037,2.61750029,0.81404611,0.40804915,0.01696119,0.98303881,0
1200,130099,0.10140377,0.00000000,355.00000000,281.08778190,1.26290146,0.29709123,0.51056945,0.01406410,0.98593590,0
1201,130199,0.28301149,0.00000000,684.80000000,281.33852542,2.43404504,0.80952038,0.36863625,0.01363273,0.98636727,0
1202,130299,0.37321244,0.00000000,719.28000000,281.69377451,2.55340446,0.83932906,0.48090704,-0.01216727,1.01216727,0
1203,130399,0.26483448,0.00000000,674.82000000,282.03570064,2.39265434,0.77928601,0.38475850,0.01255134,0.98744866,0
1204,130499,0.29977543,0.00000000,733.36000000,282.38460856,2.59699315,0.81983598,0.43914609,0.01620828,0.98379172,0
1205,130599,0.32638254,0.00000000,711.21000000,282.75351137,2.51529060,0.82618486,0.43805307,-0.00567628,1.00567628,0
1206,130699,0.33139601,0.00000000,735.30000000,283.12505153,2.59711199,0.85997200,0.41488393,0.01686374,0.98313626,0
1207,130799,0.34566556,0.00000000,697.91000000,283.47783036,2.46194814,0.81077213,0.46020357,0.00479337,0.99520663,0
1208,130899,0.28480192,0.00000000,701.70000000,283.82669528,2.47229749,0.80944573,0.39337001,0.00501403,0.99498597,0
1209,130999,0.29167353,0.00000000,678.70000000,284.16732495,2.38841835,0.76164794,0.42034459,-0.00359461,1.00359461,0
1210,131099,0.17397181,0.00000000,393.39000000,284.31950774,1.38355720,0.39841452,0.50636571,0.01418216,0.98581784,0
1211,131199,0.27734125,0.00000000,660.71000000,284.58173146,2.32175023,0.73711842,0.47212136,0.01612263,0.98387737,0
1212,131299,0.26098153,0.00000000,646.41000000,284.87076829,2.26912642,0.69716476,0.41427144,0.02837863,0.97162137,0
1213,131399,0.26164359,0.00000000,736.82000000,285.20751923,2.58345125,0.83788457,0.35835715,0.00578373,0.99421627,0
1214,131499,0.32920838,0.00000000,784.61000000,285.59337152,2.74726379,0.84606811,0.41429483,0.01822805,0.98177195,0
1215,131599,0.27907102,0.00000000,775.37000000,286.01498836,2.71099622,0.87636442,0.35588377,0.00614624,0.99385376,0
1216,131699,0.33863902,0.00000000,792.09000000,286.41747013,2.76552313,0.89437628,0.42032161,-0.00927732,1.00927732,0
1217,131799,0.33417397,0.00000000,735.22000000,286.80213593,2.56348185,0.85033428,0.41118660,0.01644751,0.98355249,0
1218,131899,0.30644039,0.00000000,792.57000000,287.21465935,2.75960260,0.90717403,0.38882325,-0.00854107,1.00854107,0
1219,131999,0.34727962,0.00000000,806.60000000,287.60682154,2.80444964,0.86270969,0.41472766,0.01540573,0.98459427,0
1220,132099,0.26944476,0.00000000,576.90000000,287.88535061,2.00370102,0.59570473,0.50564534,0.01782349,0.98217651,0
1221,132199,0.38404755,0.00000000,821.61000000,288.28644835,2.84997741,0.91374068,0.46993417,-0.01392944,1.01392944,0
1222,132299,0.36137215,0.00000000,793.01000000,288.70178401,2.74675712,0.89653710,0.43270563,-0.00144040,1.00144040,0
1223,132399,0.34749766,0.00000000,778.72000000,289.11814664,2.69343499,0.87679154,0.45284867,0.01952292,0.98047708,0
1224,132499,0.31595742,0.00000000,763.38000000,289.51905323,2.63676266,0.85064426,0.42141624,0.02586060,0.97413940,0
1225,132599,0.33190522,0.00000000,840.15000000,289.93407640,2.89776371,0.87499684,0.41416323,0.01432154,0.98567846,0
1226,132699,0.42635351,0.00000000,845.49000000,290.38716697,2.91164601,0.89155218,0.49129051,0.00946313,0.99053687,0
1227,132799,0.30293779,0.00000000,787.27000000,290.81661680,2.70715156,0.83385657,0.40202759,-0.00841915,1.00841915,0
1228,132899,0.32349241,0.00000000,812.08000000,291.22069401,2.78852660,0.91643859,0.37047605,0.00517036,0.99482964,0
1229,132999,0.32323022,0.00000000,800.70000000,291.64575383,2.74548023,0.86232246,0.40446244,0.00821339,0.99178661,0
1230,133099,0.26639358,0.00000000,657.33000000,291.95222667,2.25130902,0.67280122,0.45371115,-0.00858217,1.00858217,0
1231,133199,0.30301695,0.00000000,710.77000000,292.32273592,2.43149247,0.78888214,0.53022847,0.00593872,0.99406128,0
1232,133299,0.30378665,0.00000000,749.02000000,292.67265883,2.55925459,0.77244780,0.44336270,0.00964397,0.99035603,0
1233,133399,0.38695372,0.00000000,732.78000000,293.04543454,2.50062719,0.80537898,0.50645045,0.02245352,0.97754648,0
1234,133499,0.27381472,0.00000000,764.30000000,293.40227400,2.60495368,0.81784647,0.39362202,0.01534006,0.98465994,0
1235,133599,0.28013525,0.00000000,691.25000000,293.76094169,2.35313351,0.78359764,0.44707409,-0.00197251,1.00197251,0
1236,133699,0.26434542,0.00000000,729.41000000,294.09337741,2.48021004,0.77341346,0.43897158,0.01191707,0.98808293,0
1237,133799,0.31541959,0.00000000,690.02000000,294.44102641,2.34355500,0.74758962,0.46008972,0.00951358,0.99048642,0
1238,133899,0.27398471,0.00000000,725.96000000,294.77101663,2.46284301,0.78773046,0.45148546,-0.00073066,1.00073066,0
1239,133999,0.27633740,0.00000000,632.00000000,295.07068245,2.14185736,0.72267213,0.47039049,0.00684367,0.99315633,0
1240,134099,0.14492654,0.00000000,415.34000000,295.20235499,1.40689788,0.43446714,0.56317837,0.00684491,0.99315509,0
1241,134199,0.33325910,0.00000000,712.24000000,295.48692133,2.41046813,0.74440418,0.48922048,0.00688909,0.99311091,0
1242,134299,0.30635259,0.00000000,691.58000000,295.79287782,2.33802810,0.75970090,0.43428765,0.01265049,0.98734951,0
1243,134399,0.33876447,0.00000000,677.30000000,296.11376913,2.28730647,0.77282787,0.51695232,-0.01102680,1.01102680,0
1244,134499,0.29895689,0.00000000,777.63000000,296.45927504,2.62306775,0.80781542,0.40740409,0.01301377,0.98698623,0
1245,134599,0.36386566,0.00000000,774.48000000,296.84063760,2.60906459,0.85288441,0.46178975,0.02008973,0.97991027,0
1246,134699,0.33833527,0.00000000,760.15000000,297.22528326,2.55751349,0.83798450,0.43743551,0.01964589,0.98035411,0
1247,134799,0.34131499,0.00000000,707.97000000,297.56660908,2.37917952,0.80230322,0.47722875,0.00692249,0.99307751,0
1248,134899,0.33889285,0.00000000,767.72000000,297.93196175,2.57687743,0.82997045,0.47938761,0.00431266,0.99568734,0
1249,134999,0.33944203,0.00000000,703.27000000,298.28890783,2.35775089,0.80591644,0.44211413,0.02634219,0.97365781,0
1250,135099,0.27371381,0.01910547,525.05000000,298.46314420,1.75902254,0.51855620,0.51085704,0.01779755,0.98220245,0
1251,135199,0.32588422,0.00000000,731.06000000,298.78681007,2.44674921,0.79257688,0.43559589,0.01504941,0.98495059,0
1252,135299,0.31364566,0.00000000,717.97000000,299.13019779,2.40019587,0.83422488,0.44650426,0.02017107,0.97982893,0
1253,135399,0.32309332,0.00000000,767.66000000,299.47449062,2.56331292,0.79558309,0.44151206,0.01259457,0.98740543,0
1254,135499,0.26699833,0.00000000,768.08000000,299.87466506,2.56143170,0.82615711,0.37543048,0.02812262,0.97187738,0
1255,135599,0.39319465,0.00000000,833.36000000,300.24918542,2.77552526,0.91477368,0.45447807,0.00927960,0.99072040,0
1256,135699,0.33713570,0.00000000,741.19000000,300.64771908,2.46533214,0.84791827,0.46329558,0.00132739,0.99867261,0
1257,135799,0.29855892,0.00000000,691.59000000,300.96770345,2.29786089,0.79131300,0.42846773,-0.00441453,1.00441453,0
1258,135899,0.40596367,0.00000000,807.95000000,301.33244114,2.68127011,0.87990832,0.47474011,0.00745327,0.99254673,0
1259,135999,0.31463028,0.00000000,726.39000000,301.69357834,2.40767707,0.81009212,0.47426732,0.00182140,0.99817860,0
1260,136099,0.24429373,0.00000000,513.22000000,301.89966690,1.69984757,0.57015305,0.45469540,0.01782233,0.98217767,0
1261,136199,0.34151848,0.00000000,762.55000000,302.21968912,2.52316927,0.85042672,0.43246691,0.03085029,0.96914971,0
1262,136299,0.31095148,0.00000000,709.55000000,302.55766760,2.34515093,0.78732834,0.47120448,0.00059219,0.99940781,0
1263,136399,0.24708248,0.00000000,691.74000000,302.88111297,2.28388225,0.73384766,0.49927846,0.02256890,0.97743110,0
1264,136499,0.40585522,0.00000000,731.36000000,303.18905586,2.41216956,0.85302422,0.52922224,-0.00030654,1.00030654,0
1265,136599,0.39951595,0.02404289,684.17000000,303.52513341,2.25409952,0.77519355,0.61046753,0.00739533,0.99260467,0
1266,136699,0.32506752,0.00000000,740.40000000,303.84648291,2.43677204,0.82893012,0.43940272,0.00251199,0.99748801,0
1267,136799,0.29977911,0.00000000,722.12000000,304.18225099,2.37398015,0.77409489,0.44795148,0.00700198,0.99299802,0
1268,136899,0.40296921,0.00000000,779.02000000,304.52132250,2.55812384,0.84528135,0.49544669,0.01614681,0.98385319,0
1269,136999,0.39119501,0.00000000,801.83000000,304.92155951,2.62966316,0.85619523,0.49749780,0.00444842,0.99555158,0
1270,137099,0.22182911,0.00000000,512.94000000,305.13138876,1.68091242,0.53416479,0.47979006,0.00840784,0.99159216,0
1271,137199,0.38229516,0.00000000,771.56000000,305.44841363,2.52594576,0.85800366,0.49663881,0.02045644,0.97954356,0
1272,137299,0.31946049,0.00000000,751.55000000,305.81850789,2.45751522,0.82537677,0.41612978,0.03764394,0.96235606,0
1273,137399,0.33686812,0.00000000,783.97000000,306.18552916,2.56047669,0.84445605,0.50831400,0.00075300,0.99924700,0
1274,137499,0.31020194,0.00000000,749.20000000,306.54193261,2.44404713,0.80534911,0.44602256,0.00203562,0.99796438,0
1275,137599,0.33369854,0.00000000,785.19000000,306.90678556,2.55842828,0.85008981,0.45609001,-0.00458894,1.00458894,0
1276,137699,0.34123783,0.00000000,824.61000000,307.27979443,2.68351831,0.87356421,0.41177465,0.01047238,0.98952762,0
1277,137799,0.32020109,0.00000000,765.16000000,307.66955952,2.48693795,0.80964170,0.39299852,0.01500628,0.98499372,0
1278,137899,0.33368615,0.00000000,809.94000000,308.04848180,2.62926543,0.78774472,0.47602468,0.00461309,0.99538691,0
1279,137999,0.31372344,0.00000000,784.49000000,308.44124484,2.54345705,0.81216167,0.42549742,0.03189853,0.96810147,0
1280,138099,0.23675200,0.00000000,563.07000000,308.66271937,1.82408426,0.58623561,0.51566628,-0.00386708,1.00386708,0
1281,138199,0.31832771,0.00000000,759.69000000,308.99794300,2.45859263,0.84850722,0.42554112,0.01627736,0.98372264,0
1282,138299,0.35235294,0.00000000,854.63000000,309.36603253,2.76244546,0.88292590,0.41181053,0.00884913,0.99115087,0
1283,138399,0.33639421,0.00000000,826.55000000,309.81987245,2.66798473,0.87052437,0.42659192,0.00129464,0.99870536,0
1284,138499,0.27252226,0.00000000,808.15000000,310.18344193,2.60536985,0.79846811,0.37185905,0.01713513,0.98286487,0
1285,138599,0.33446698,0.00000000,855.43000000,310.58642798,2.75419944,0.86334167,0.41354663,0.00419994,0.99580006,0
1286,138699,0.33062192,0.00000000,808.63000000,311.00286151,2.60009085,0.82768407,0.43557519,0.02063757,0.97936243,0
1287,138799,0.33942906,0.00000000,842.79000000,311.41317950,2.70641787,0.86279768,0.42732104,0.00838018,0.99161982,0
1288,138899,0.27648277,0.00000000,857.72000000,311.81622616,2.75071751,0.87178803,0.36336740,0.01424731,0.98575269,0
1289,138999,0.36894754,0.00000000,891.25000000,312.25237008,2.85425462,0.89153077,0.43688061,-0.01310235,1.01310235,0
1290,139099,0.22858114,0.00000000,612.15000000,312.52682166,1.95850813,0.57747599,0.43618735,0.03284841,0.96715159,0
1291,139199,0.31882987,0.00000000,786.24000000,312.88589201,2.51282730,0.83391033,0.45933060,0.00785197,0.99214803,0
1292,139299,0.33015546,0.00000000,847.09000000,313.27631365,2.70393294,0.86424752,0.38980590,0.01506514,0.98493486,0
1293,139399,0.29948214,0.00000000,771.59000000,313.67507176,2.45987741,0.75249472,0.46622572,0.01703257,0.98296743,0
1294,139499,0.30244831,0.00000000,840.40000000,314.04001561,2.67605422,0.86732538,0.38700985,-0.00101944,1.00101944,0
1295,139599,0.34808018,0.00000000,822.30000000,314.43232568,2.61511725,0.84471493,0.45509672,0.02391823,0.97608177,0
1296,139699,0.30390951,0.00000000,813.59000000,314.82829002,2.58420102,0.85379814,0.40797719,0.01677392,0.98322608,0
1297,139799,0.31106114,0.00000000,887.91000000,315.24200572,2.81656586,0.90456964,0.37065490,-0.00295059,1.00295059,0
1298,139899,0.30657870,0.00000000,854.87000000,315.66372677,2.70810158,0.82272893,0.39254484,0.01194312,0.98805688,0
1299,139999,0.33544776,0.00000000,834.02000000,316.07342040,2.63864095,0.88114511,0.42456907,-0.01102599,1.01102599,0
1300,140099,0.14570830,0.00000000,412.97000000,316.26941398,1.30570924,0.37287150,0.47947505,0.01707923,0.98292077,0
1301,140199,0.27704172,0.00000000,813.59000000,316.55696162,2.57016949,0.79088607,0.41494141,0.01102446,0.98897554,0
1302,140299,0.37152859,0.00000000,899.64000000,316.95960863,2.83833007,0.84073187,0.45732699,0.00872317,0.99127683,0
1303,140399,0.34675740,0.00000000,841.20000000,317.38843678,2.65038897,0.85837632,0.45704146,0.02332261,0.97667739,0
1304,140499,0.37379220,0.00000000,904.76000000,317.81934886,2.84681508,0.88100162,0.44560467,0.00210082,0.99789918,0
1305,140599,0.32770174,0.00000000,883.85000000,318.24664383,2.77720685,0.89015852,0.41028377,0.01320068,0.98679932,0
1306,140699,0.37514040,0.00000000,889.53000000,318.69201570,2.79120548,0.89980963,0.45532841,0.00011675,0.99988325,0
1307,140799,0.35448278,0.00000000,841.18000000,319.11055239,2.63603064,0.85443753,0.44735518,0.01489960,0.98510040,0
1308,140899,0.33606498,0.00000000,853.10000000,319.51097193,2.67001813,0.86578363,0.43678297,0.00128569,0.99871431,0
1309,140999,0.31927016,0.00000000,869.72000000,319.92958414,2.71849999,0.85909142,0.41489868,0.01529776,0.98470224,0
1310,141099,0.18005932,0.00000000,571.56000000,320.17323368,1.78502065,0.55464674,0.42218887,0.01108630,0.98891370,0
1311,141199,0.39891635,0.00000000,830.42000000,320.50707433,2.59088894,0.83908666,0.52338929,-0.00408476,1.00408476,0
1312,141299,0.32244637,0.00000000,799.95000000,320.90205386,2.49283659,0.79578744,0.46258890,0.00349204,0.99650796,0
1313,141399,0.24851324,0.00000000,731.83000000,321.24252996,2.27814712,0.67267720,0.43187460,0.00696321,0.99303679,0
1314,141499,0.39885583,0.00000000,823.28000000,321.58730794,2.56006889,0.82892773,0.51198162,-0.00682653,1.00682653,0
1315,141599,0.31949704,0.00000000,859.81000000,321.97511024,2.67040460,0.85116894,0.41246664,0.01265151,0.98734849,0
1316,141699,0.33145711,0.00000000,884.02000000,322.39616841,2.74202816,0.88527559,0.43415280,0.01629639,0.98370361,0
1317,141799,0.31167385,0.00000000,824.38000000,322.80152344,2.55383511,0.82905133,0.42132372,-0.01621092,1.01621092,0
1318,141899,0.34765380,0.00000000,767.22000000,323.18090773,2.37405778,0.76141577,0.50059570,0.00625982,0.99374018,0
1319,141999,0.31706822,0.00000000,787.13000000,323.49288713,2.43317676,0.79381091,0.42984391,-0.00506925,1.00506925,0
1320,142099,0.18110530,0.00000000,523.38000000,323.69920301,1.61676813,0.51355619,0.47913797,-0.00408272,1.00408272,0
1321,142199,0.33235459,0.00000000,785.86000000,323.99086219,2.42550028,0.82026973,0.45514869,0.02685752,0.97314248,0
1322,142299,0.33868026,0.00000000,818.95000000,324.37357263,2.52474541,0.83669371,0.43457265,-0.00797854,1.00797854,0
1323,142399,0.30059257,0.00000000,805.97000000,324.74102122,2.48191114,0.84312183,0.46004924,0.01021396,0.98978604,0
1324,142499,0.31595188,0.00000000,821.80000000,325.11236871,2.52777774,0.81502849,0.45035263,-0.00999835,1.00999835,0
1325,142599,0.37115970,0.00000000,882.18000000,325.51461453,2.71017503,0.88160093,0.44710213,0.00273947,0.99726053,0
1326,142699,0.33787997,0.00000000,906.58000000,325.92697467,2.78152400,0.85787688,0.41914835,-0.00202433,1.00202433,0
1327,142799,0.35760075,0.00000000,883.24000000,326.35187494,2.70636513,0.87411642,0.45821834,0.01880566,0.98119434,0
1328,142899,0.34152573,0.00000000,836.01000000,326.75811077,2.55848430,0.85199355,0.42974598,0.01653743,0.98346257,0
1329,142999,0.31702332,0.00000000,837.01000000,327.14646387,2.55852804,0.82659454,0.46692432,0.00923313,0.99076687,0
1330,143099,0.21370543,0.00000000,637.71000000,327.38413212,1.94769996,0.59444630,0.52162501,0.01589181,0.98410819,0
1331,143199,0.26566213,0.00000000,752.91000000,327.73759547,2.29732902,0.76813689,0.40891208,-0.00995932,1.00995932,0
1332,143299,0.34735415,0.00000000,894.63000000,328.10504606,2.72667910,0.85011713,0.43840641,0.00819114,0.99180886,0
1333,143399,0.32885085,0.00000000,834.53000000,328.50668379,2.54038988,0.82548874,0.44805938,0.00367879,0.99632121,0
1334,143499,0.33780942,0.00000000,906.89000000,328.91762129,2.75723847,0.84741520,0.45091571,0.00994685,0.99005315,0
1335,143599,0.35100583,0.00000000,805.99000000,329.30683471,2.44754370,0.79741688,0.46675585,-0.00247089,1.00247089,0
1336,143699,0.33833609,0.00000000,849.64000000,329.67468138,2.57719304,0.82645671,0.47658742,0.01763688,0.98236312,0
1337,143799,0.31956445,0.00000000,781.37000000,330.03337279,2.36751745,0.73982754,0.46239762,-0.01532208,1.01532208,0
1338,143899,0.30389671,0.00000000,919.49000000,330.42681429,2.78272024,0.84668067,0.42611864,0.01791098,0.98208902,0
1339,143999,0.37501894,0.00000000,819.96000000,330.83382396,2.47847133,0.82216700,0.46965131,0.00278575,0.99721425,0
1340,144099,0.18504444,0.00000000,527.53000000,331.03901205,1.59347292,0.49410520,0.40817522,0.00930416,0.99069584,0
1341,144199,0.32357819,0.00000000,761.59000000,331.32406798,2.29863443,0.75620136,0.52040268,0.01005599,0.98994401,0
1342,144299,0.33657511,0.00000000,826.50000000,331.66504032,2.49196539,0.80306274,0.42911679,0.00869106,0.99130894,0
1343,144399,0.27862032,0.00000000,741.71000000,331.99307707,2.23407434,0.74494761,0.44362050,0.01097872,0.98902128,0
1344,144499,0.31889357,0.00000000,727.42000000,332.29169995,2.18906136,0.70383491,0.47326696,0.02105699,0.97894301,0
1345,144599,0.28749270,0.00000000,842.40000000,332.64313019,2.53246258,0.80926774,0.40373629,0.04038915,0.95961085,0
1346,144699,0.33938912,0.00000000,833.57000000,333.00463090,2.50313412,0.81921452,0.44304105,0.02683974,0.97316026,0
1347,144799,0.30933070,0.00000000,849.00000000,333.38856010,2.54656361,0.84468302,0.40358977,-0.00531068,1.00531068,0
1348,144899,0.24931978,0.00000000,762.34000000,333.74097950,2.28422156,0.78446359,0.36776571,0.01312218,0.98687782,0
1349,144999,0.33637052,0.00000000,769.46000000,334.06206514,2.30334347,0.79517440,0.46624483,0.02348564,0.97651436,0
1350,145099,0.17641196,0.00000000,576.92000000,334.25671879,1.72585835,0.53412032,0.41022755,-0.01198978,1.01198978,0
1351,145199,0.28047894,0.00000000,803.89000000,334.58745255,2.40267554,0.81085432,0.41835814,0.02567352,0.97432648,0
1352,145299,0.25846756,0.00000000,876.69000000,334.93267381,2.61742536,0.83140322,0.35065463,0.01451220,0.98548780,0
1353,145399,0.33695112,0.00000000,811.00000000,335.32367581,2.41854584,0.82927046,0.44653551,0.00349377,0.99650623,0
1354,145499,0.27670744,0.00000000,837.49000000,335.67863814,2.49487672,0.79147217,0.42808219,0.01810992,0.98189008,0
1355,145599,0.33636077,0.00000000,815.42000000,336.04045561,2.42651412,0.79848400,0.44589782,0.00866785,0.99133215,0
1356,145699,0.29995322,0.00000000,875.29000000,336.42238166,2.60174765,0.82902693,0.39659878,0.01041663,0.98958337,0
1357,145799,0.27976513,0.00000000,899.48000000,336.81386164,2.67047186,0.84967956,0.36920915,0.00034697,0.99965303,0
1358,145899,0.29687112,0.00000000,801.72000000,337.21243242,2.37750588,0.78056138,0.42755150,0.00639791,0.99360209,0
1359,145999,0.28874818,0.00000000,804.19000000,337.56656211,2.38237605,0.75322949,0.40415988,-0.00992113,1.00992113,0
1360,146099,0.23354297,0.00000000,599.55000000,337.75049295,1.77497138,0.52109494,0.46751799,-0.02064104,1.02064104,0
1361,146199,0.29744390,0.00000000,950.91000000,338.13155079,2.81220005,0.91335260,0.32972430,0.01166912,0.98833088,0
1362,146299,0.34431528,0.00000000,957.90000000,338.59521279,2.82905472,0.89636379,0.41414719,0.00304797,0.99695203,0
1363,146399,0.43687823,0.00000000,950.40000000,339.05004639,2.80315677,0.90812751,0.49559711,0.01864192,0.98135808,0
1364,146499,0.35591808,0.00000000,849.85000000,339.46473126,2.50354031,0.81727659,0.45511080,-0.01176457,1.01176457,0
1365,146599,0.29405894,0.00000000,877.82000000,339.82874135,2.58307405,0.83896825,0.37559133,0.01162550,0.98837450,0
1366,146699,0.30222044,0.00000000,892.41000000,340.24261583,2.62288310,0.84066373,0.40079357,0.00747345,0.99252655,0
1367,146799,0.36768749,0.00000000,877.24000000,340.64848839,2.57525889,0.86150659,0.47738063,0.01000603,0.98999397,0
1368,146899,0.28986714,0.00000000,887.56000000,341.04105744,2.60254154,0.82250988,0.36407505,0.00074271,0.99925729,0
1369,146999,0.31365282,0.00000000,902.55000000,341.42087531,2.64343319,0.85222560,0.41300064,0.02887529,0.97112471,0
1370,147099,0.17529704,0.00000000,529.89000000,341.64489254,1.55089369,0.45037792,0.56876467,0.00653475,0.99346525,0
1371,147199,0.33407840,0.00000000,908.07000000,341.98522864,2.65528711,0.87663866,0.42470577,0.00770513,0.99229487,0
1372,147299,0.33625093,0.00000000,858.59000000,342.39123002,2.50767652,0.83668183,0.43139105,0.01568240,0.98431760,0
1373,147399,0.29840816,0.00000000,903.56000000,342.77676001,2.63602201,0.86307531,0.40562311,-0.00678943,1.00678943,0
1374,147499,0.33198655,0.00000000,952.69000000,343.19449010,2.77592872,0.88364407,0.39939637,0.00856771,0.99143229,0
1375,147599,0.39454108,0.00000000,953.96000000,343.64523069,2.77601988,0.89892243,0.45081319,0.00111389,0.99888611,0
1376,147699,0.33285540,0.00000000,900.34000000,344.07773681,2.61673224,0.85782639,0.43061255,-0.01888846,1.01888846,0
1377,147799,0.38335234,0.00000000,918.51000000,344.47323148,2.66640408,0.89423433,0.44085900,0.01770366,0.98229634,0
1378,147899,0.35553163,0.00000000,899.29000000,344.87991501,2.60751842,0.86321172,0.42048833,-0.00123089,1.00123089,0
1379,147999,0.35794532,0.00000000,857.70000000,345.28611466,2.48408464,0.85843083,0.45214292,0.01672993,0.98327007,0
1380,148099,0.23018291,0.00000000,616.62000000,345.50317727,1.78458178,0.54543314,0.44504627,0.02465873,0.97534127,0
1381,148199,0.27046678,0.00000000,836.15000000,345.81816209,2.41783184,0.78931523,0.41243945,0.01337544,0.98662456,0
1382,148299,0.35281260,0.00000000,824.38000000,346.19494218,2.38130883,0.80181954,0.45868363,0.00795399,0.99204601,0
1383,148399,0.25653540,0.00000000,860.74000000,346.53468217,2.48382229,0.81432044,0.34717447,0.00163146,0.99836854,0
1384,148499,0.30883659,0.00000000,859.83000000,346.94102495,2.47844140,0.78347334,0.43726723,0.00255840,0.99744160,0
1385,148599,0.31553582,0.00000000,906.21000000,347.30736550,2.60928338,0.84252476,0.41969475,0.01373448,0.98626552,0
1386,148699,0.38131509,0.00000000,816.07000000,347.68993815,2.34719739,0.78483122,0.58444894,0.00034766,0.99965234,0
1387,148799,0.39757582,0.00000000,878.90000000,348.02078107,2.52538344,0.81935742,0.49833129,0.01637730,0.98362270,0
1388,148899,0.28588605,0.00000000,838.97000000,348.41114479,2.40804140,0.82652218,0.44429199,0.00337984,0.99662016,0
1389,148999,0.36378344,0.00000000,868.84000000,348.77306177,2.49117992,0.85935393,0.45277617,-0.00024604,1.00024604,0
1390,149099,0.18902841,0.00000000,682.95000000,349.01261820,1.95665323,0.61716685,0.36674289,0.01498029,0.98501971,0
1391,149199,0.34776827,0.00000000,824.24000000,349.36144124,2.35928323,0.77495796,0.50053290,0.00865992,0.99134008,0
1392,149299,0.35556014,0.00000000,924.41000000,349.73892556,2.64315367,0.89050510,0.43969878,-0.00039290,1.00039290,0
1393,149399,0.32295175,0.00000000,891.24000000,350.13869021,2.54539857,0.81110602,0.43808903,0.01222404,0.98777596,0
1394,149499,0.29300728,0.00000000,851.76000000,350.49963618,2.43008518,0.78481722,0.42386883,0.00601884,0.99398116,0
1395,149599,0.30600565,0.00000000,892.15000000,350.89113089,2.54255501,0.84816655,0.41295862,0.02176716,0.97823284,0
1396,149699,0.29262415,0.00000000,848.42000000,351.25926980,2.41537848,0.77633719,0.41163931,0.01791319,0.98208681,0
1397,149799,0.35604384,0.00000000,901.03000000,351.64316543,2.56239562,0.84084454,0.47453265,0.00364792,0.99635208,0
1398,149899,0.29248892,0.00000000,835.60000000,352.00075946,2.37385950,0.73907819,0.43728169,-0.01611559,1.01611559,0
1399,149999,0.30300203,0.00000000,866.50000000,352.34120022,2.45919790,0.79665660,0.47034071,0.03664649,0.96335351,0
