step,surprise_raw,surprise_clipped,state_action_pseudo_count,familiarity_count_mean,familiarity_count_ratio,familiarity,e_t,block_E_k,W_k,block_completed,warmup_remaining,regime_change,mean_total_var,mean_epistemic_var,raw_residual_mse,raw_delta_state_mse,raw_reward_sq_error,mean_total_var_raw,mean_epistemic_var_raw,gradient_coherence,gradient_novelty,predictor_nll,conditional_surprise_raw,conditional_surprise_clipped,conditional_historical_count,conditional_tables_used
0,12.42890358,12.42890358,0,0.00000000,0.00000000,0.00000000,0.00000000,nan,0.00000000,0,9999,0,0.99828541,0.00049803,12.42115784,13.14998913,0.03102587,0.99828541,0.00049803,nan,nan,128.86026764,nan,nan,0.00000000,0
100,1.19949448,1.19949448,0,0.00000000,0.00000000,0.00000000,0.00000000,nan,0.00000000,0,9899,0,1.02440512,0.00527930,41.81229019,44.27050400,0.02262288,37.99763870,0.17949268,0.03686181,0.96313819,27.54150836,nan,nan,0.00000000,0
200,1.28029966,1.28029966,0,0.00000000,0.00000000,0.00000000,0.00000000,nan,0.00000000,0,9799,0,1.00022590,0.00428642,35.03097153,37.06558990,0.44247890,37.11767960,0.13543318,-0.09719234,1.09719234,27.97544098,nan,nan,0.00000000,0
300,0.35044938,0.35044938,0,0.00000000,0.00000000,0.00000000,0.00000000,nan,0.00000000,0,9699,0,1.01272571,0.00329091,32.23524857,34.12921524,0.03779485,37.80369186,0.09927527,-0.18112656,1.18112656,19.83563614,nan,nan,0.00000000,0
400,0.54597878,0.54597878,0,0.00000000,0.00000000,0.00000000,0.00000000,nan,0.00000000,0,9599,0,0.96825463,0.00442120,6.59261942,6.96814585,0.20867679,35.79050446,0.18965727,0.13288435,0.86711565,20.97066307,nan,nan,0.00000000,0
500,0.53477931,0.53477931,0,0.00000000,0.00000000,0.00000000,0.00000000,nan,0.00000000,0,9499,0,0.95138526,0.00318243,37.08033752,39.25983429,0.02888155,33.76943588,0.09785692,0.01557298,0.98442702,20.87319756,nan,nan,0.00000000,0
600,0.92970932,0.92970932,0,0.00000000,0.00000000,0.00000000,0.00000000,nan,0.00000000,0,9399,0,0.96731675,0.00523431,21.09646988,22.32248497,0.25424802,34.12305832,0.17852207,-0.01825245,1.01825245,24.65682507,nan,nan,0.00000000,0
700,1.71736896,1.71736896,0,0.00000000,0.00000000,0.00000000,0.00000000,nan,0.00000000,0,9299,0,0.96544021,0.00674152,52.24704361,55.28685760,0.57025850,33.11418152,0.29648030,-0.16025858,1.16025858,32.77496338,nan,nan,0.00000000,0
800,0.23573512,0.23573512,0,0.00000000,0.00000000,0.00000000,0.00000000,nan,0.00000000,0,9199,0,0.96857941,0.00383359,12.18355942,12.89988708,0.00597657,32.97748184,0.15368380,-0.15635572,1.15635572,18.62941043,nan,nan,0.00000000,0
900,0.42513430,0.42513430,0,0.00000000,0.00000000,0.00000000,0.00000000,nan,0.00000000,0,9099,0,0.91525203,0.01115456,28.67063332,30.35549355,0.02805243,32.28988647,0.56580096,-0.03525059,1.03525059,19.55739276,nan,nan,0.00000000,0
1000,0.12515491,0.12515491,0,0.00000000,0.00000000,0.00000000,0.00000000,nan,0.00000000,0,8999,0,0.87479317,0.00493122,2.75867105,2.92091584,0.00050946,29.84560776,0.15308961,-0.28852405,1.28852405,16.21424699,nan,nan,0.00000000,0
1100,0.95648533,0.95648533,0,0.00000000,0.00000000,0.00000000,0.00000000,nan,0.00000000,0,8899,0,0.97899830,0.01181214,16.84887505,17.83338737,0.11220346,28.57995605,0.47972897,-0.14950625,1.14950625,24.74931383,nan,nan,0.00000000,0
1200,0.26194590,0.26194590,0,0.00000000,0.00000000,0.00000000,0.00000000,nan,0.00000000,0,8799,0,0.84437305,0.01324069,3.83074069,4.05444288,0.02780026,22.20845795,0.61400962,0.01311423,0.98688577,17.17566140,nan,nan,0.00000000,0
1300,0.74709773,0.74709773,0,0.00000000,0.00000000,0.00000000,0.00000000,nan,0.00000000,0,8699,0,0.70625025,0.03463963,2.97927570,3.14804649,0.11017154,18.10607338,1.62341583,0.02184320,0.97815680,20.41707516,nan,nan,0.00000000,0
1400,0.41166872,0.41166872,0,0.00000000,0.00000000,0.00000000,0.00000000,nan,0.00000000,0,8599,0,0.72606409,0.02327272,7.93349648,8.39547443,0.07986867,19.64104652,1.40263128,-0.13885862,1.13885862,16.85384674,nan,nan,0.00000000,0
1500,0.43588999,0.43588999,0,0.00000000,0.00000000,0.00000000,0.00000000,nan,0.00000000,0,8499,0,0.57218891,0.03559889,1.87557936,1.98155844,0.07393382,9.48989391,1.20117533,0.05699308,0.94300692,14.56512475,nan,nan,0.00000000,0
1600,2.28615737,2.28615737,0,0.00000000,0.00000000,0.00000000,0.00000000,nan,0.00000000,0,8399,0,0.64661729,0.07418989,9.45134640,9.96633720,0.69649541,10.20029736,3.94972229,0.14878107,0.85121893,36.41755867,nan,nan,0.00000000,0
1700,1.67486846,1.67486846,0,0.00000000,0.00000000,0.00000000,0.00000000,nan,0.00000000,0,8299,0,0.49891472,0.06363746,4.71212387,4.98030996,0.15295841,7.37602329,1.95090532,-0.01113846,1.01113846,27.92888069,nan,nan,0.00000000,0
1800,0.51065755,0.51065755,0,0.00000000,0.00000000,0.00000000,0.00000000,nan,0.00000000,0,8199,0,0.50539440,0.02790112,0.58648181,0.61725247,0.06338103,9.21839905,0.99168861,-0.05018053,1.05018053,13.69446087,nan,nan,0.00000000,0
1900,0.20470747,0.20470747,0,0.00000000,0.00000000,0.00000000,0.00000000,nan,0.00000000,0,8099,0,0.46775532,0.05210851,1.44325495,1.52811897,0.00056821,8.66546822,2.43994904,-0.02046465,1.02046465,11.25580382,nan,nan,0.00000000,0
2000,0.27857900,0.27857900,0,0.00000000,0.00000000,0.00000000,0.00000000,nan,0.00000000,0,7999,0,0.63148838,0.01347121,0.56571305,0.56791747,0.52823782,11.93874645,0.43323338,-0.02799196,1.02799196,14.50921965,nan,nan,0.00000000,0
2100,0.47924137,0.47924137,0,0.00000000,0.00000000,0.00000000,0.00000000,nan,0.00000000,0,7899,0,0.49364361,0.05293380,0.89353824,0.94074160,0.09108208,5.96547508,1.61736846,0.04134387,0.95865613,13.52291155,nan,nan,0.00000000,0
2200,1.41071975,1.41071975,0,0.00000000,0.00000000,0.00000000,0.00000000,nan,0.00000000,0,7799,0,0.49123472,0.06125061,7.41293859,7.82635689,0.38482547,7.33382750,2.46563673,0.02948735,0.97051265,23.73557663,nan,nan,0.00000000,0
2300,0.27475482,0.27475482,0,0.00000000,0.00000000,0.00000000,0.00000000,nan,0.00000000,0,7699,0,0.39904159,0.05396812,0.47910658,0.50714505,0.00245283,6.94323778,1.76218724,0.01494692,0.98505308,11.62380600,nan,nan,0.00000000,0
2400,1.20252192,1.20252192,0,0.00000000,0.00000000,0.00000000,0.00000000,nan,0.00000000,0,7599,0,0.31371000,0.06071909,2.80322218,2.96450758,0.06137246,4.80314732,2.06730127,0.00772507,0.99227493,19.59108520,nan,nan,0.00000000,0
2500,0.84327722,0.84327722,0,0.00000000,0.00000000,0.00000000,0.00000000,nan,0.00000000,0,7499,0,0.31865072,0.03914149,4.37125206,4.62822485,0.00271909,5.55706596,1.99169052,0.03491157,0.96508843,13.55099614,nan,nan,0.00000000,0
2600,0.19022928,0.19022928,0,0.00000000,0.00000000,0.00000000,0.00000000,nan,0.00000000,0,7399,0,0.33034095,0.03726535,0.61985350,0.65474075,0.02677050,4.42378473,1.10943997,0.00899653,0.99100347,6.89607966,nan,nan,0.00000000,0
2700,0.15229422,0.15229422,0,0.00000000,0.00000000,0.00000000,0.00000000,nan,0.00000000,0,7299,0,0.24376284,0.03389449,0.18289401,0.19204795,0.02727710,3.60261488,1.08191216,0.02248438,0.97751562,3.99172604,nan,nan,0.00000000,0
2800,0.23747604,0.23747604,0,0.00000000,0.00000000,0.00000000,0.00000000,nan,0.00000000,0,7199,0,0.22078663,0.03969835,0.73971570,0.78225791,0.01649756,3.89814973,1.15037596,0.03537968,0.96462032,5.60235941,nan,nan,0.00000000,0
2900,0.35367668,0.35367668,0,0.00000000,0.00000000,0.00000000,0.00000000,nan,0.00000000,0,7099,0,0.20361391,0.03838654,1.05122805,1.09889293,0.24092785,4.08078098,1.62952459,0.00552420,0.99447580,5.98432875,nan,nan,0.00000000,0
3000,0.69832987,0.69832987,0,0.00000000,0.00000000,0.00000000,0.00000000,nan,0.00000000,0,6999,0,0.31472602,0.02576083,1.16993177,1.19930482,0.67058897,6.71690464,0.81662112,0.11117834,0.88882166,12.68931007,nan,nan,0.00000000,0
3100,0.44588354,0.44588354,0,0.00000000,0.00000000,0.00000000,0.00000000,nan,0.00000000,0,6899,0,0.37723154,0.05377888,3.42136025,3.62150478,0.01890194,4.82809544,1.17749298,-0.12905169,1.12905169,11.09422183,nan,nan,0.00000000,0
3200,0.48036587,0.48036587,0,0.00000000,0.00000000,0.00000000,0.00000000,nan,0.00000000,0,6799,0,0.31198719,0.02462479,0.99546558,1.02063596,0.56757021,4.49552679,0.97552913,0.08345633,0.91654367,8.01758170,nan,nan,0.00000000,0
3300,0.44244203,0.44244203,0,0.00000000,0.00000000,0.00000000,0.00000000,nan,0.00000000,0,6699,0,0.22787118,0.02218839,0.64626539,0.68292660,0.02302560,3.18937826,0.61577427,0.03754534,0.96245466,6.76397053,nan,nan,0.00000000,0
3400,0.60453385,0.60453385,0,0.00000000,0.00000000,0.00000000,0.00000000,nan,0.00000000,0,6599,0,0.15936799,0.03169309,1.16601050,1.23040879,0.07123930,2.21298695,1.07968760,-0.04546579,1.04546579,8.57067776,nan,nan,0.00000000,0
3500,0.13450590,0.13450590,0,0.00000000,0.00000000,0.00000000,0.00000000,nan,0.00000000,0,6499,0,0.15423955,0.02620370,0.26895714,0.28454825,0.00390794,2.06014752,0.71930367,-0.02596720,1.02596720,1.04513872,nan,nan,0.00000000,0
3600,0.72833723,0.72833723,0,0.00000000,0.00000000,0.00000000,0.00000000,nan,0.00000000,0,6399,0,0.15107320,0.01816601,0.84193677,0.88566804,0.09850354,1.98935103,0.48969454,0.06079712,0.93920288,5.42414606,nan,nan,0.00000000,0
3700,0.49491835,0.49491835,0,0.00000000,0.00000000,0.00000000,0.00000000,nan,0.00000000,0,6299,0,0.22601904,0.03046637,0.88973594,0.93892103,0.05358879,3.39236164,0.92263824,0.03161927,0.96838073,6.76374118,nan,nan,0.00000000,0
3800,0.36922729,0.36922729,0,0.00000000,0.00000000,0.00000000,0.00000000,nan,0.00000000,0,6199,0,0.18465935,0.01887006,0.67939365,0.71424687,0.08688886,2.84176135,0.71170074,0.04317322,0.95682678,4.07535903,nan,nan,0.00000000,0
3900,0.25247437,0.25247437,0,0.00000000,0.00000000,0.00000000,0.00000000,nan,0.00000000,0,6099,0,0.18047865,0.03181417,0.27355042,0.28680357,0.04824652,3.19258976,1.22454512,0.01137313,0.98862687,3.52949683,nan,nan,0.00000000,0
4000,0.88140684,0.88140684,0,0.00000000,0.00000000,0.00000000,0.00000000,nan,0.00000000,0,5999,0,0.35896945,0.03764259,0.91820472,0.92023164,0.88374758,6.74238205,1.10080492,0.00574952,0.99425048,12.08187294,nan,nan,0.00000000,0
4100,0.35515717,0.35515717,0,0.00000000,0.00000000,0.00000000,0.00000000,nan,0.00000000,0,5899,0,0.36621255,0.03854167,0.83129227,0.88013268,0.00100576,4.84790421,0.69292283,-0.08563983,1.08563983,9.58486843,nan,nan,0.00000000,0
4200,1.27463782,1.27463782,0,0.00000000,0.00000000,0.00000000,0.00000000,nan,0.00000000,0,5799,0,0.30931678,0.05129556,1.63611054,1.72277963,0.16273460,3.07523823,1.00556886,-0.05106893,1.05106893,17.68995953,nan,nan,0.00000000,0
4300,0.48278338,0.48278338,0,0.00000000,0.00000000,0.00000000,0.00000000,nan,0.00000000,0,5699,0,0.25612387,0.02579003,0.14884408,0.14733598,0.17448157,2.93492842,1.15448165,-0.00101553,1.00101553,6.36535616,nan,nan,0.00000000,0
4400,0.24217932,0.24217932,0,0.00000000,0.00000000,0.00000000,0.00000000,nan,0.00000000,0,5599,0,0.21964134,0.02705229,0.26149118,0.27638462,0.00830299,2.66512346,0.58208096,0.00839867,0.99160133,2.66264999,nan,nan,0.00000000,0
4500,0.46813399,0.46813399,0,0.00000000,0.00000000,0.00000000,0.00000000,nan,0.00000000,0,5499,0,0.17888242,0.02036684,0.76381111,0.79770410,0.18763059,2.27926588,0.47522366,-0.02330543,1.02330543,2.96754424,nan,nan,0.00000000,0
4600,0.47201225,0.47201225,0,0.00000000,0.00000000,0.00000000,0.00000000,nan,0.00000000,0,5399,0,0.18431267,0.02688546,0.50753933,0.52871275,0.14759131,2.87311053,0.74983966,-0.04403197,1.04403197,5.26032654,nan,nan,0.00000000,0
4700,0.15676734,0.15676734,0,0.00000000,0.00000000,0.00000000,0.00000000,nan,0.00000000,0,5299,0,0.23372012,0.01932214,0.31845936,0.33472675,0.04191331,3.50982285,0.51909310,0.03003837,0.96996163,2.25451481,nan,nan,0.00000000,0
4800,0.42207298,0.42207298,0,0.00000000,0.00000000,0.00000000,0.00000000,nan,0.00000000,0,5199,0,0.17412119,0.01420881,0.46539128,0.49128374,0.02521841,2.45689702,0.45545018,0.04895314,0.95104686,5.12678623,nan,nan,0.00000000,0
4900,0.41240665,0.41240665,0,0.00000000,0.00000000,0.00000000,0.00000000,nan,0.00000000,0,5099,0,0.16502371,0.02628968,0.31255925,0.33006307,0.01499502,2.11863494,0.54927528,-0.04024221,1.04024221,3.17262440,nan,nan,0.00000000,0
5000,0.76578498,0.76578498,0,0.00000000,0.00000000,0.00000000,0.00000000,nan,0.00000000,0,4999,0,0.37838382,0.02406685,1.92091286,1.99965084,0.58236766,6.61183643,0.79651558,0.09536124,0.90463876,14.08651511,nan,nan,0.00000000,0
5100,0.14342648,0.14342648,0,0.00000000,0.00000000,0.00000000,0.00000000,nan,0.00000000,0,4899,0,0.34403729,0.02317965,0.20158684,0.20718801,0.10636692,4.38525581,0.96963000,-0.03207923,1.03207923,5.44129908,nan,nan,0.00000000,0
5200,0.98071128,0.98071128,0,0.00000000,0.00000000,0.00000000,0.00000000,nan,0.00000000,0,4799,0,0.50753236,0.04313756,5.30646420,5.57051086,0.81767392,4.88695288,0.71696723,-0.03323417,1.03323417,16.59295902,nan,nan,0.00000000,0
5300,0.64134151,0.64134151,0,0.00000000,0.00000000,0.00000000,0.00000000,nan,0.00000000,0,4699,0,0.48778841,0.03179717,1.01033497,1.02706802,0.72587544,5.05566168,1.08898306,0.00665502,0.99334498,12.22242451,nan,nan,0.00000000,0
5400,0.52093601,0.52093601,0,0.00000000,0.00000000,0.00000000,0.00000000,nan,0.00000000,0,4599,0,0.34601071,0.01983040,1.37083888,1.44772923,0.06370293,2.71340942,0.50085068,0.00233387,0.99766613,7.29716027,nan,nan,0.00000000,0
5500,0.26848722,0.26848722,0,0.00000000,0.00000000,0.00000000,0.00000000,nan,0.00000000,0,4499,0,0.22151759,0.02211460,0.27828109,0.29280397,0.03139267,2.48074174,0.66649556,0.03693614,0.96306386,2.44362702,nan,nan,0.00000000,0
5600,0.19548836,0.19548836,0,0.00000000,0.00000000,0.00000000,0.00000000,nan,0.00000000,0,4399,0,0.24873005,0.01942902,0.20879711,0.22092380,0.00264339,3.12263203,0.89238954,0.02058843,0.97941157,2.80336220,nan,nan,0.00000000,0
5700,0.42041573,0.42041573,0,0.00000000,0.00000000,0.00000000,0.00000000,nan,0.00000000,0,4299,0,0.18936890,0.01896205,0.44936547,0.47543883,0.00611791,2.84143972,0.77862591,-0.02846582,1.02846582,4.12216806,nan,nan,0.00000000,0
5800,0.12103751,0.12103751,0,0.00000000,0.00000000,0.00000000,0.00000000,nan,0.00000000,0,4199,0,0.15861218,0.02477523,0.17423028,0.18384260,0.01082085,1.98040140,0.61276942,-0.00319939,1.00319939,-0.06816194,nan,nan,0.00000000,0
5900,0.14080997,0.14080997,0,0.00000000,0.00000000,0.00000000,0.00000000,nan,0.00000000,0,4099,0,0.16574833,0.01861224,0.28387251,0.29886189,0.02905295,2.42104912,0.71554387,0.04134665,0.95865335,-1.47939006,nan,nan,0.00000000,0
6000,0.65768391,0.65768391,0,0.00000000,0.00000000,0.00000000,0.00000000,nan,0.00000000,0,3999,0,0.35561740,0.02042456,0.96153218,0.99969357,0.31278837,5.59363127,0.54321045,0.13672087,0.86327913,nan,nan,nan,0.00000000,0
6100,0.96857250,0.96857250,0,0.00000000,0.00000000,0.00000000,0.00000000,nan,0.00000000,0,3899,0,0.31773168,0.02187781,2.20460081,2.31670499,0.29883012,3.11173940,0.90294099,-0.00162221,1.00162221,12.71789551,nan,nan,0.00000000,0
6200,0.30018151,0.30018151,0,0.00000000,0.00000000,0.00000000,0.00000000,nan,0.00000000,0,3799,0,0.41297540,0.03200034,0.33097050,0.33285904,0.29886526,4.24434757,0.58426321,-0.06382190,1.06382190,8.34470940,nan,nan,0.00000000,0
6300,0.14476690,0.14476690,0,0.00000000,0.00000000,0.00000000,0.00000000,nan,0.00000000,0,3699,0,0.19320415,0.01516372,0.22558559,0.23723726,0.02750756,2.29297304,0.60630119,0.03031538,0.96968462,0.04532905,nan,nan,0.00000000,0
6400,0.39057964,0.39057964,0,0.00000000,0.00000000,0.00000000,0.00000000,nan,0.00000000,0,3599,0,0.20216712,0.03797437,0.83055967,0.87860477,0.01379279,1.98434579,0.66825652,0.06262152,0.93737848,4.17193023,nan,nan,0.00000000,0
6500,0.42578432,0.42578432,0,0.00000000,0.00000000,0.00000000,0.00000000,nan,0.00000000,0,3499,0,0.16937640,0.02843161,0.71947014,0.75974256,0.03483844,1.68401539,0.49347591,0.00938539,0.99061461,5.62938019,nan,nan,0.00000000,0
6600,0.46820879,0.46820879,0,0.00000000,0.00000000,0.00000000,0.00000000,nan,0.00000000,0,3399,0,0.22159889,0.02349344,0.61177784,0.64727849,0.00826688,3.15236211,0.59546852,-0.00573502,1.00573502,4.93405807,nan,nan,0.00000000,0
6700,0.23090649,0.23090649,0,0.00000000,0.00000000,0.00000000,0.00000000,nan,0.00000000,0,3299,0,0.21265014,0.02886622,0.20522822,0.21423425,0.05212574,2.99454069,0.87451762,-0.03680706,1.03680706,2.50924734,nan,nan,0.00000000,0
6800,0.47432905,0.47432905,0,0.00000000,0.00000000,0.00000000,0.00000000,nan,0.00000000,0,3199,0,0.20063204,0.02618977,0.53937888,0.56783116,0.05568992,2.49199390,0.67021072,-0.00603289,1.00603289,5.97246544,nan,nan,0.00000000,0
6900,0.41944700,0.41944700,0,0.00000000,0.00000000,0.00000000,0.00000000,nan,0.00000000,0,3099,0,0.11011834,0.02219702,0.14309601,0.14711618,0.07475323,1.37928081,0.72430736,0.01307344,0.98692656,0.28924000,nan,nan,0.00000000,0
7000,0.21474451,0.21474451,0,0.00000000,0.00000000,0.00000000,0.00000000,nan,0.00000000,0,2999,0,0.39076573,0.01642374,0.49951607,0.51701552,0.20202492,6.14525080,0.34643051,-0.08970746,1.08970746,7.55557728,nan,nan,0.00000000,0
7100,0.46901411,0.46901411,0,0.00000000,0.00000000,0.00000000,0.00000000,nan,0.00000000,0,2899,0,0.39028072,0.01999156,0.33777964,0.31885549,0.65949023,4.39795494,0.62907517,0.05699569,0.94300431,8.48360002,nan,nan,0.00000000,0
7200,0.36029509,0.36029509,0,0.00000000,0.00000000,0.00000000,0.00000000,nan,0.00000000,0,2799,0,0.34263244,0.01966237,0.65537685,0.68926573,0.07926452,3.35423064,0.63651305,-0.04124961,1.04124961,6.73765588,nan,nan,0.00000000,0
7300,0.37478161,0.37478161,0,0.00000000,0.00000000,0.00000000,0.00000000,nan,0.00000000,0,2699,0,0.25888667,0.02175409,0.65544480,0.69335085,0.01104168,3.07436967,0.85030472,-0.01936556,1.01936556,4.35330358,nan,nan,0.00000000,0
7400,0.68352139,0.68352139,0,0.00000000,0.00000000,0.00000000,0.00000000,nan,0.00000000,0,2599,0,0.16807738,0.01520020,0.57180530,0.60509467,0.00588680,1.99781501,0.63221365,-0.02558766,1.02558766,3.74963498,nan,nan,0.00000000,0
7500,0.15983680,0.15983680,0,0.00000000,0.00000000,0.00000000,0.00000000,nan,0.00000000,0,2499,0,0.15470725,0.01619523,0.17576562,0.18409418,0.03418022,2.09001088,0.50501698,0.04363039,0.95636961,-0.94270341,nan,nan,0.00000000,0
7600,0.39309627,0.39309627,0,0.00000000,0.00000000,0.00000000,0.00000000,nan,0.00000000,0,2399,0,0.16482183,0.02310660,0.58658737,0.62042689,0.01131510,1.93805230,0.75270981,0.02333427,0.97666573,2.18850203,nan,nan,0.00000000,0
7700,0.33658192,0.33658192,0,0.00000000,0.00000000,0.00000000,0.00000000,nan,0.00000000,0,2299,0,0.13350849,0.01235131,0.34470257,0.36437857,0.01021078,1.64244366,0.40507495,-0.03839002,1.03839002,-1.29810822,nan,nan,0.00000000,0
7800,0.08756959,0.08756959,0,0.00000000,0.00000000,0.00000000,0.00000000,nan,0.00000000,0,2199,0,0.13943896,0.02631958,0.11000337,0.11635416,0.00203999,2.13124704,0.85085547,-0.04306534,1.04306534,-1.36471374,nan,nan,0.00000000,0
7900,0.42445001,0.42445001,0,0.00000000,0.00000000,0.00000000,0.00000000,nan,0.00000000,0,2099,0,0.13092081,0.02108592,0.14194883,0.14295614,0.12482487,2.10436034,0.63818318,0.01928690,0.98071310,0.69121021,nan,nan,0.00000000,0
8000,0.11434601,0.11434601,0,0.00000000,0.00000000,0.00000000,0.00000000,nan,0.00000000,0,1999,0,0.29705629,0.02182650,0.64220351,0.67764735,0.03965712,4.27303648,0.54985410,0.00641161,0.99358839,4.44213843,nan,nan,0.00000000,0
8100,0.71519184,0.71519184,0,0.00000000,0.00000000,0.00000000,0.00000000,nan,0.00000000,0,1899,0,0.19542797,0.02686209,1.13103688,1.19513607,0.04135095,2.35854816,0.78679627,-0.00450893,1.00450893,7.37284279,nan,nan,0.00000000,0
8200,0.56881833,0.56881833,0,0.00000000,0.00000000,0.00000000,0.00000000,nan,0.00000000,0,1799,0,0.17860714,0.00847162,0.49056530,0.51909441,0.00557076,1.98879600,0.22714104,-0.06608390,1.06608390,2.84997129,nan,nan,0.00000000,0
8300,0.35459885,0.35459885,0,0.00000000,0.00000000,0.00000000,0.00000000,nan,0.00000000,0,1699,0,0.11734528,0.02107544,0.60196549,0.63591105,0.02489028,1.67472601,0.67344856,-0.06235081,1.06235081,0.67351428,nan,nan,0.00000000,0
8400,0.21361049,0.21361049,0,0.00000000,0.00000000,0.00000000,0.00000000,nan,0.00000000,0,1599,0,0.10505280,0.01292925,0.10008577,0.10159037,0.07450759,1.39412475,0.44040874,0.01154826,0.98845174,-4.60082984,nan,nan,0.00000000,0
8500,0.24463280,0.24463280,0,0.00000000,0.00000000,0.00000000,0.00000000,nan,0.00000000,0,1499,0,0.07051279,0.01247908,0.05669620,0.05766308,0.04025936,1.11373973,0.59949058,0.04173470,0.95826530,-5.95629867,nan,nan,0.00000000,0
8600,0.22784632,0.22784632,0,0.00000000,0.00000000,0.00000000,0.00000000,nan,0.00000000,0,1399,0,0.09105738,0.00840232,0.47566631,0.50242358,0.02079325,1.26991761,0.22900902,-0.03362466,1.03362466,-5.14032960,nan,nan,0.00000000,0
8700,0.07273605,0.07273605,0,0.00000000,0.00000000,0.00000000,0.00000000,nan,0.00000000,0,1299,0,0.11483806,0.00815591,0.15985863,0.16926205,0.00000041,1.59833288,0.22008310,-0.06200407,1.06200407,-5.22726591,nan,nan,0.00000000,0
8800,0.27777797,0.27777797,0,0.00000000,0.00000000,0.00000000,0.00000000,nan,0.00000000,0,1199,0,0.09689197,0.00954912,0.27652359,0.29245028,0.00576970,1.42420697,0.33844408,-0.05496069,1.05496069,-3.19282222,nan,nan,0.00000000,0
8900,0.67109054,0.67109054,0,0.00000000,0.00000000,0.00000000,0.00000000,nan,0.00000000,0,1099,0,0.13996945,0.02678848,0.43403041,0.45927975,0.00479186,1.87547934,0.86131501,0.09090075,0.90909925,3.11063683,nan,nan,0.00000000,0
9000,0.24066049,0.24066049,0,0.00000000,0.00000000,0.00000000,0.00000000,nan,0.00000000,0,999,0,0.35798562,0.01973876,0.93532425,0.97946393,0.18494989,5.48791838,0.53843701,0.08785848,0.91214152,7.66730964,nan,nan,0.00000000,0
9100,0.20511964,0.20511964,0,0.00000000,0.00000000,0.00000000,0.00000000,nan,0.00000000,0,899,0,0.31945547,0.02558160,0.32333407,0.33971372,0.04488039,3.76221204,0.55445695,0.04131655,0.95868345,5.13179111,nan,nan,0.00000000,0
9200,0.17090914,0.17090914,0,0.00000000,0.00000000,0.00000000,0.00000000,nan,0.00000000,0,799,0,0.19264561,0.01714292,0.47292668,0.50019735,0.00932503,2.17749190,0.55149472,0.12357287,0.87642713,1.22100326,nan,nan,0.00000000,0
9300,0.34204352,0.34204352,0,0.00000000,0.00000000,0.00000000,0.00000000,nan,0.00000000,0,699,0,0.15054207,0.01718564,0.22010244,0.22122151,0.20107819,1.74198723,0.39773026,0.01947292,0.98052708,0.27660197,nan,nan,0.00000000,0
9400,0.12517208,0.12517208,0,0.00000000,0.00000000,0.00000000,0.00000000,nan,0.00000000,0,599,0,0.10966003,0.01421123,0.13028522,0.13706727,0.01499006,1.26724374,0.39783752,-0.04530283,1.04530283,-5.22654653,nan,nan,0.00000000,0
9500,0.78582573,0.78582573,0,0.00000000,0.00000000,0.00000000,0.00000000,nan,0.00000000,0,499,0,0.07829155,0.01786484,0.49861580,0.52747434,0.00801969,0.84798139,0.41299331,0.02301563,0.97698437,5.28858113,nan,nan,0.00000000,0
9600,0.18165915,0.18165915,0,0.00000000,0.00000000,0.00000000,0.00000000,nan,0.00000000,0,399,0,0.08707625,0.01569479,0.24569307,0.26014525,0.00000643,1.03889978,0.37295640,0.04007277,0.95992723,-4.31384659,nan,nan,0.00000000,0
9700,0.63272315,0.63272315,0,0.00000000,0.00000000,0.00000000,0.00000000,nan,0.00000000,0,299,0,0.09958482,0.00844053,1.50447631,1.59228253,0.01177056,1.21084964,0.17377819,0.02911035,0.97088965,0.70860100,nan,nan,0.00000000,0
9800,0.27365562,0.27365562,0,0.00000000,0.00000000,0.00000000,0.00000000,nan,0.00000000,0,199,0,0.10636270,0.01632328,0.15294825,0.15936218,0.04391130,1.45224321,0.58868474,-0.01288855,1.01288855,-4.55153990,nan,nan,0.00000000,0
9900,0.24988352,0.24988352,0,0.00000000,0.00000000,0.00000000,0.00000000,nan,0.00000000,0,99,0,0.11940544,0.00848568,0.12040576,0.12399166,0.05944526,1.46972895,0.18074706,0.00580711,0.99419289,-5.76893616,nan,nan,0.00000000,0
10000,0.51371783,0.51371783,0,0.00000000,0.00000000,0.00000000,0.00000000,nan,0.00000000,0,0,0,0.33290327,0.01498632,0.35649359,0.35685378,0.35037002,4.79033375,0.35332096,0.05183334,0.94816666,9.28238940,nan,nan,0.00000000,0
10100,1.85343218,1.85343218,0,0.12000000,0.00000000,0.00000000,0.00000000,nan,0.00000000,0,0,0,0.13462204,0.02402583,2.67131400,2.82808733,0.00616621,1.40264297,0.69017768,-0.00928439,1.00928439,21.26257782,nan,nan,0.50000000,0
10200,0.90864426,0.90864426,1,0.35500000,2.81690133,0.99999816,0.90863756,nan,0.00000000,0,0,0,0.15702377,0.01101028,0.29380843,0.29542899,0.26625898,1.30886650,0.15440501,0.04979698,0.95020302,3.82790112,nan,nan,1.00000000,0
10300,0.14715420,0.14715420,1,0.73333333,1.36363635,0.41076227,0.00418924,nan,0.00000000,0,0,0,0.15661174,0.01174780,0.13116159,0.13872504,0.00258286,1.60869157,0.27153859,0.00031506,0.99968494,-3.73339796,nan,nan,1.50000000,0
10400,1.83337212,1.83337212,2,1.15500000,1.73160172,0.88245856,1.11180313,nan,0.00000000,0,0,0,0.18593891,0.01591299,0.84436136,0.87780797,0.27576956,1.63331711,0.48328176,-0.03489471,1.03489471,16.56792688,nan,nan,2.50000000,0
10500,0.31059712,0.31059712,3,1.52400000,1.96850392,0.97652923,0.28244794,nan,0.00000000,0,0,0,0.11933658,0.01337802,0.29521054,0.31030095,0.03867395,1.74251449,0.55309242,-0.01089213,1.01089213,-1.76463318,nan,nan,3.00000000,0
10600,1.69114792,1.69114792,1,1.88333333,0.53097345,0.00000000,0.00000000,nan,0.00000000,0,0,0,0.08681801,0.02568185,0.86577970,0.91418451,0.04289763,1.24062490,0.81156999,-0.03095525,1.03095525,30.20717049,nan,nan,1.50000000,0
10700,0.05887547,0.05887547,10,2.23571429,4.47284343,1.00000000,0.05887547,nan,0.00000000,0,0,0,0.14681926,0.00655765,0.11341204,0.11998814,0.00161836,2.38494277,0.30565110,0.06897126,0.93102874,-2.12315446,nan,nan,10.50000000,0
10800,0.20680965,0.20680965,3,2.63375000,1.13906027,0.07443511,0.00000635,nan,0.00000000,0,0,0,0.09360232,0.01125326,0.29668805,0.31412694,0.00022769,1.03461647,0.21165061,0.07229422,0.92770578,-3.77221139,nan,nan,3.00000000,0
10900,0.34247363,0.34247363,2,2.98111111,0.67089079,0.00000000,0.00000000,nan,0.00000000,0,0,0,0.16514856,0.01490231,0.28376234,0.29741862,0.05160539,1.90572143,0.27729380,-0.02569531,1.02569531,0.73286891,nan,nan,2.00000000,0
11000,0.50299871,0.50299871,10,3.49700000,2.85959393,0.99999902,0.50299673,nan,0.00000000,0,0,0,0.43749130,0.01873509,1.94346428,2.03238106,0.43187469,4.96490097,0.59775835,-0.08724498,1.08724498,10.89870358,nan,nan,10.00000000,0
11100,0.70085835,0.70085835,3,3.73818182,0.80252918,0.00000000,0.00000000,nan,0.00000000,0,0,0,0.12027553,0.02759860,0.14522997,0.13635272,0.29614320,1.33751905,0.66924465,-0.01403330,1.01403330,4.34333316,nan,nan,3.50000000,0
11200,0.10619681,0.10619681,11,4.04916667,2.71660835,0.99999240,0.10619358,nan,0.00000000,0,0,0,0.11914423,0.00922893,0.07904239,0.08368204,0.00016829,1.64237535,0.28449178,0.01330325,0.98669675,-3.45530780,nan,nan,11.50000000,0
11300,0.41002184,0.41002184,9,4.36923077,2.05985915,0.98881527,0.39198337,nan,0.00000000,0,0,0,0.13242030,0.01694712,0.25543892,0.27010381,0.00613606,1.64216089,0.62169987,0.05612091,0.94387909,-1.28806305,nan,nan,9.00000000,0
11400,0.14852647,0.14852647,14,4.73071429,2.95938396,0.99999979,0.14852635,nan,0.00000000,0,0,0,0.15913637,0.01102092,0.23065774,0.24417877,0.00080004,2.27265120,0.24526528,0.00425435,0.99574565,-0.45479107,nan,nan,14.00000000,0
11500,0.41773987,0.41773987,17,5.04200000,3.37167790,1.00000000,0.41773987,nan,0.00000000,0,0,0,0.24196117,0.02848220,0.47926515,0.50707066,0.00657181,3.38003588,1.23718953,0.00762567,0.99237433,5.51768601,nan,nan,17.50000000,0
11600,0.45412078,0.45412078,0,5.29812500,0.00000000,0.00000000,0.00000000,nan,0.00000000,0,0,0,0.20679893,0.02084786,0.44024676,0.46416712,0.03360134,2.36900449,0.69374740,0.03703317,0.96296683,3.67625022,nan,nan,0.00000000,0
11700,0.15056901,0.15056901,24,5.63764706,4.25709515,1.00000000,0.15056901,nan,0.00000000,0,0,0,0.15010399,0.00826716,0.20948130,0.22087821,0.01573358,2.24961376,0.19434513,0.09341734,0.90658266,-1.59881806,nan,nan,24.50000000,1
11800,0.23031405,0.23031405,20,6.00888889,3.32840236,1.00000000,0.23031405,nan,0.00000000,0,0,0,0.12925586,0.01555333,0.17910488,0.18401903,0.09556431,1.49499059,0.31196859,0.02660666,0.97339334,-2.26279672,nan,nan,20.50000000,0
11900,0.11102413,0.11102413,2,6.39052632,0.31296327,0.00000000,0.00000000,nan,0.00000000,0,0,0,0.13855423,0.01778773,0.15655565,0.16555271,0.00360557,1.80691385,0.65718675,-0.03116812,1.03116812,-1.65259658,nan,nan,2.50000000,0
12000,0.14848921,0.14848921,23,6.86450000,3.35057178,1.00000000,0.14848921,nan,0.00000000,0,0,0,0.45356697,0.01620281,0.25314501,0.26757079,0.00790653,6.06413507,0.38882336,0.05699829,0.94300171,8.09594679,nan,nan,23.50000000,0
12100,0.85599273,0.85599273,0,6.88285714,0.00000000,0.00000000,0.00000000,nan,0.00000000,0,0,0,0.27709281,0.02590761,0.99452728,1.03244483,0.34993061,2.18638110,0.66825074,-0.04076147,1.04076147,9.50476128,nan,nan,0.00000000,0
12200,1.31956136,1.31956136,23,7.10909091,3.23529411,1.00000000,1.31956135,nan,0.00000000,0,0,0,0.17120148,0.01246438,2.20638704,2.33615446,0.00033808,1.27059197,0.21540713,-0.15459024,1.15459024,9.72858572,nan,nan,23.00000000,0
12300,0.37156191,0.37156191,12,7.50913043,1.59805454,0.76085302,0.12451861,nan,0.00000000,0,0,0,0.08351892,0.01062810,0.29284638,0.30814788,0.03272066,1.13660026,0.53579056,-0.01936911,1.01936911,-3.62322450,nan,nan,12.50000000,1
12400,0.32406160,0.32406160,8,7.87375000,1.01603429,0.00102787,0.00000000,nan,0.00000000,0,0,0,0.11967885,0.01086219,0.42283610,0.44270822,0.08501011,1.45845139,0.20987082,0.03361335,0.96638665,-1.60872312,nan,nan,8.00000000,0
12500,0.64435846,0.64435846,12,8.32960000,1.44064541,0.54006656,0.05481718,nan,0.00000000,0,0,0,0.14229852,0.02045916,0.25822675,0.27333349,0.00141237,1.61540854,0.60953289,0.02595055,0.97404945,4.42813110,nan,nan,12.50000000,0
12600,0.24723656,0.24723656,21,8.72692308,2.40634641,0.99963340,0.24687422,nan,0.00000000,0,0,0,0.17824258,0.01667852,0.10677384,0.11304184,0.00021787,1.94048095,0.53286046,-0.00286387,1.00286387,0.23981017,nan,nan,21.50000000,1
12700,0.13458785,0.13458785,16,9.15814815,1.74707809,0.89274034,0.08548827,nan,0.00000000,0,0,0,0.11148129,0.01239659,0.09894773,0.10243187,0.03971716,1.73330176,0.41016987,0.02846619,0.97153381,-5.28214836,nan,nan,16.00000000,0
12800,0.17100997,0.17100997,17,9.63357143,1.76466227,0.90355993,0.11398542,nan,0.00000000,0,0,0,0.10195744,0.00959059,0.27307552,0.28912336,0.00026243,1.76053596,0.45295250,0.00795396,0.99204604,-4.34094238,nan,nan,17.50000000,1
12900,1.06229675,1.06229675,21,10.07793103,2.08376103,0.99088790,1.02410373,nan,0.00000000,0,0,0,0.10484589,0.01105141,0.43914601,0.46488556,0.00157394,1.04667759,0.21175748,-0.03237328,1.03237328,3.81437361,nan,nan,21.00000000,0
13000,0.13416371,0.13416371,28,10.50100000,2.66641272,0.99998500,0.13415566,nan,0.06049710,0,0,0,0.51816499,0.01919940,0.40769210,0.42328733,0.14257291,6.60503340,0.56536150,0.14331687,0.85668313,8.75993204,nan,nan,28.50000000,1
13100,0.40148628,0.40148628,24,10.69774194,2.24346410,0.99793951,0.39818746,nan,0.10155205,0,0,0,0.30913243,0.01297371,0.32113239,0.33298561,0.11962797,3.05547738,0.24557267,-0.02426506,1.02426506,6.42573214,nan,nan,24.50000000,1
13200,0.47297329,0.47297329,17,10.84562500,1.56745231,0.72418047,0.13008399,nan,0.09908444,0,0,0,0.42276734,0.01983664,0.46428686,0.47371095,0.30407715,3.07006073,0.37471312,0.01354540,0.98645460,8.17681694,nan,nan,17.00000000,0
13300,0.18996760,0.18996760,11,11.23333333,0.97922849,0.00000000,0.00000000,nan,0.06942334,0,0,0,0.17065869,0.01452714,0.31623018,0.33475208,0.00135739,2.67051864,0.31597388,-0.01339132,1.01339132,0.65035415,nan,nan,11.00000000,1
13400,0.14418063,0.14418063,22,11.62441176,1.89256888,0.95869273,0.12179365,nan,0.00000000,0,0,0,0.17382172,0.01805921,0.17610399,0.18592896,0.00907947,2.13095355,0.37927389,-0.00906386,1.00906386,-0.85803378,nan,nan,22.00000000,1
13500,1.28882110,1.28882110,13,11.94485714,1.08833449,0.03072986,0.00000115,nan,0.00000000,0,0,0,0.11541246,0.02227444,2.70855999,2.86084843,0.11965477,1.41436636,0.51029468,-0.01787959,1.01787959,nan,nan,nan,13.00000000,1
13600,0.72463083,0.72463083,9,12.25444444,0.73442742,0.00000000,0.00000000,nan,0.00000000,0,0,0,0.14883211,0.01664304,0.20155805,0.20417371,0.15709154,1.57445478,0.45687830,-0.06495522,1.06495522,4.76486206,nan,nan,9.00000000,0
13700,0.10595556,0.10595556,14,12.60486486,1.11068228,0.04782103,0.00000055,nan,0.00000000,0,0,0,0.12602891,0.01531745,0.07188574,0.07544166,0.01143524,1.69348669,0.43776986,0.00273190,0.99726810,-4.28349334,nan,nan,14.00000000,0
13800,0.30873004,0.30873004,8,12.98026316,0.61632032,0.00000000,0.00000000,nan,0.00000000,0,0,0,0.11464736,0.01865217,0.29394940,0.31052658,0.01213734,1.41440248,0.52500951,-0.05689249,1.05689249,-1.17686113,nan,nan,8.50000000,0
13900,1.26058865,1.26058865,32,13.38102564,2.39144598,0.99956688,1.25840610,nan,0.00000000,0,0,0,0.12372938,0.02427065,0.57488108,0.60451537,0.07109843,1.20195794,0.46807629,-0.01244313,1.01244313,8.84693623,nan,nan,32.50000000,1
14000,0.25556263,0.25556263,44,13.63525000,3.22693020,1.00000000,0.25556263,nan,0.00000000,0,0,0,0.52620161,0.01614864,0.78569472,0.81266505,0.32719877,6.50729609,0.72774220,-0.03759158,1.03759158,9.96083355,1.34847359,1.34847359,44.00000000,2
14100,0.52905262,0.52905262,24,13.87585366,1.72962331,0.88109147,0.31884738,nan,0.07760785,0,0,0,0.50165409,0.02151806,0.80260974,0.84934974,0.00802972,4.65269852,0.63838273,0.03357693,0.96642307,10.59514809,1.11344166,1.11344166,24.50000000,2
14200,0.32302922,0.32302922,12,14.04238095,0.85455594,0.00000000,0.00000000,nan,0.12216715,0,0,0,0.56006318,0.02769024,0.67895663,0.67598534,0.72946829,3.95749784,0.67761093,0.04173926,0.95826074,8.96548748,nan,nan,12.50000000,1
14300,0.35408485,0.35408485,26,14.14209302,1.83848317,0.93992828,0.27636702,nan,0.12716363,0,0,0,0.39159250,0.01321128,0.86198449,0.90902835,0.06223937,3.33750629,0.27230024,-0.03429897,1.03429897,6.30500555,nan,nan,26.00000000,1
14400,0.18820880,0.18820880,21,14.20954545,1.47787979,0.59887266,0.02420906,nan,0.08553018,0,0,0,0.14414506,0.00985522,0.23046772,0.24075496,0.05558456,1.67831028,0.23857564,-0.01140636,1.01140636,-3.62175643,nan,nan,21.00000000,0
14500,0.67335457,0.67335457,8,14.37822222,0.55639702,0.00000000,0.00000000,nan,0.00115172,0,0,0,0.14438684,0.01582675,0.59246850,0.62389559,0.05820829,1.38932323,0.25987905,0.01971826,0.98028174,2.30661604,nan,nan,8.00000000,0
14600,0.41246551,0.41246551,1,14.56391304,0.06866287,0.00000000,0.00000000,nan,0.00000000,0,0,0,0.13835408,0.04002983,0.69894707,0.74002123,0.00068664,2.55014062,1.82359064,-0.08642577,1.08642577,14.08191772,nan,nan,1.00000000,0
14700,0.10940298,0.10940298,11,14.73106383,0.74672136,0.00000000,0.00000000,nan,0.00000000,0,0,0,0.16121399,0.01872500,0.11849044,0.12394242,0.02580695,1.64243233,0.55667806,0.03479030,0.96520970,-3.56590668,nan,nan,11.50000000,1
14800,0.10968225,0.10968225,45,15.05104167,2.98982628,0.99999987,0.10968220,nan,0.00000000,0,0,0,0.11955224,0.01927703,0.13853009,0.14659098,0.00149518,1.66449308,0.43643820,0.00826880,0.99173120,-3.84051800,0.27759973,0.27759973,45.00000000,2
14900,0.68726373,0.68726373,41,15.51040816,2.64338627,0.99997966,0.68720781,nan,0.00000000,0,0,0,0.10585968,0.01689687,0.63929582,0.67064083,0.10642929,1.08925331,0.37883267,0.02912154,0.97087846,3.89877808,0.60524141,0.60524141,41.50000000,2
15000,0.19926101,0.19926101,42,15.89980000,2.64154266,0.99997916,0.19924440,nan,0.00000000,0,0,0,0.48879009,0.01690649,0.55335057,0.58414727,0.02980662,5.32544518,0.50527018,-0.01918138,1.01918138,8.09610958,1.09624458,1.09624458,42.50000000,2
15100,2.99319148,2.99319148,6,16.05019608,0.37382721,0.00000000,0.00000000,nan,0.03845961,0,0,0,0.39709553,0.06060577,5.22345638,5.52328730,0.12633185,3.39310360,2.22511959,-0.00524036,1.00524036,74.54572296,nan,nan,6.50000000,0
15200,0.34633023,0.34633023,51,16.47711538,3.09520197,0.99999998,0.34633019,nan,0.00000000,0,0,0,0.13005644,0.00625462,1.15450788,1.22146177,0.01629030,1.95532250,0.24295463,-0.12070556,1.12070556,-2.01558761,0.37261672,0.37261672,51.00000000,4
15300,0.17412788,0.17412788,17,16.86849057,1.00779616,0.00024309,0.00000000,nan,0.00000000,0,0,0,0.10261394,0.02235279,0.27089909,0.28633863,0.00842674,1.40799832,0.61888283,0.03391870,0.96608130,-0.61159152,nan,nan,17.50000000,1
15400,0.79167610,0.79167610,53,17.33759259,3.05694113,0.99999996,0.79167596,nan,0.00000000,0,0,0,0.10510691,0.01961862,0.54091597,0.56897539,0.06390603,0.98575997,0.30971861,-0.00876455,1.00876455,6.40963173,0.84328558,0.84328558,53.50000000,3
15500,0.29566580,0.29566580,22,17.71036364,1.24221052,0.20916327,0.00056590,nan,0.00000000,0,0,0,0.12893623,0.00939134,0.23616208,0.24905328,0.01701157,1.35067320,0.16004679,-0.11802559,1.11802559,-3.71119809,nan,nan,22.50000000,1
15600,0.08899413,0.08899413,34,18.16714286,1.87151058,0.95207523,0.07312172,nan,0.00000000,0,0,0,0.12745994,0.01031326,0.09939543,0.10454861,0.01179129,1.41040504,0.22428247,0.03860510,0.96139490,-5.55653214,0.36043888,0.36043888,34.00000000,2
15700,0.61374289,0.61374289,9,18.53964912,0.48544608,0.00000000,0.00000000,nan,0.00000000,0,0,0,0.11576807,0.01219294,0.28533959,0.29188439,0.17407815,1.45023954,0.39445484,-0.00885305,1.00885305,0.28907314,nan,nan,9.50000000,1
15800,0.69283593,0.69283593,42,18.77827586,2.23662706,0.99779491,0.68674504,nan,0.04834415,0,0,0,0.19953585,0.01543646,0.91548741,0.96633857,0.05101750,1.57977509,0.39873907,-0.01998601,1.01998601,3.74527891,1.00412602,1.00412602,42.50000000,2
15900,0.53444034,0.53444034,9,18.96644068,0.47452235,0.00000000,0.00000000,nan,0.02216025,0,0,0,0.19093186,0.01511611,0.50886893,0.53799051,0.01380311,1.70503187,0.39477566,0.02582587,0.97417413,2.07552210,nan,nan,9.50000000,1
16000,0.58072823,0.58072823,51,19.25633333,2.64847929,0.99998098,0.58068405,nan,0.02100710,0,0,0,0.50306088,0.01764334,1.03226507,1.08898520,0.06802323,4.30519724,0.44218126,-0.01660753,1.01660753,11.13588587,2.42707961,2.42707961,51.00000000,2
16100,0.08044311,0.08044311,75,19.32655738,3.88067044,1.00000000,0.08044311,nan,0.09246727,0,0,0,0.54158384,0.02263845,0.38377321,0.40628335,0.00110019,4.53077221,0.69851017,-0.04965048,1.04965048,7.15385509,0.21328695,0.21328695,75.00000000,3
16200,0.16121642,0.16121642,64,19.44935484,3.29059758,1.00000000,0.16121642,nan,0.07715106,0,0,0,0.15656523,0.00764730,0.10930965,0.11566070,0.00134182,1.62856925,0.21121897,-0.01098512,1.01098512,-3.70106554,0.38512581,0.38512581,64.00000000,4
16300,0.61713839,0.61713839,33,19.76968254,1.66922255,0.83327930,0.29753971,nan,0.00000000,0,0,0,0.16224225,0.01411747,0.25649071,0.27154726,0.00052978,0.93849969,0.20007271,-0.06533376,1.06533376,-1.25322334,nan,nan,33.00000000,1
16400,0.21380340,0.21380340,28,20.04906250,1.39657403,0.46692004,0.01016213,nan,0.02204526,0,0,0,0.11245426,0.01430884,0.12661009,0.13393176,0.00214151,1.08152854,0.41843092,-0.03578802,1.03578802,-4.93525004,0.29511039,0.29511039,28.50000000,2
16500,0.52317882,0.52317882,61,20.47861538,2.97871701,0.99999984,0.52317849,nan,0.00000000,0,0,0,0.08690969,0.01696975,0.25713089,0.27166599,0.01003389,0.98048186,0.45773146,-0.00165124,1.00165124,3.64595032,0.52256532,0.52256532,61.00000000,3
16600,0.30402276,0.30402276,8,20.72181818,0.38606651,0.00000000,0.00000000,nan,0.00000000,0,0,0,0.11281100,0.00912652,0.04968075,0.05225112,0.00598449,0.89281917,0.15265730,-0.02992888,1.02992888,-6.64602009,nan,nan,8.50000000,1
16700,1.71589756,1.71589756,2,21.17611940,0.09444601,0.00000000,0.00000000,nan,0.00000000,0,0,0,0.12729715,0.01837801,6.87043190,7.27299547,0.02685818,1.56138551,0.43913662,-0.02464685,1.02464685,24.86548519,nan,nan,2.50000000,0
16800,1.32735789,1.32735789,22,21.39264706,1.02839073,0.00321894,0.00000000,nan,0.00000000,0,0,0,0.12733048,0.02086741,0.96156406,1.01736212,0.01299736,1.34301877,0.42368519,0.07718303,0.92281697,9.81367874,nan,nan,22.00000000,1
16900,0.51339614,0.51339614,14,21.68434783,0.64562698,0.00000000,0.00000000,nan,0.00000000,0,0,0,0.15733680,0.01828037,0.14491688,0.15049089,0.05015839,1.46829021,0.60215926,-0.05547432,1.05547432,0.27635258,nan,nan,14.00000000,1
17000,0.15443785,0.15443785,98,21.95157143,4.46437287,1.00000000,0.15443785,nan,0.00000000,0,0,0,0.58854866,0.01542079,0.22929423,0.23534870,0.12636818,6.83212471,0.39248210,0.04671743,0.95328257,9.66395903,0.95701653,0.95701653,98.00000000,4
17100,1.43348169,1.43348169,79,22.03000000,3.58601906,1.00000000,1.43348169,nan,0.05007140,0,0,0,0.33970639,0.03089627,3.64911222,3.84036255,0.39785692,3.19952679,0.90223479,0.00116476,0.99883524,17.10150019,1.06480730,1.06480730,79.00000000,3
17200,0.13496470,0.13496470,39,22.43250000,1.73854898,0.88716384,0.08360563,nan,0.00000000,0,0,0,0.10950869,0.00785503,0.23223989,0.24589370,0.00012486,1.50904989,0.25949347,0.10806955,0.89193045,-4.85948980,0.10551866,0.10551866,39.50000000,2
17300,0.48944461,0.48944461,23,22.71315068,1.01262922,0.00063778,0.00000000,nan,0.00000000,0,0,0,0.18014461,0.02377139,0.51304877,0.54301041,0.00370013,1.44516897,0.53517985,0.07193239,0.92806761,4.29275608,nan,nan,23.50000000,1
17400,1.02471030,1.02471030,10,22.96500000,0.43544524,0.00000000,0.00000000,nan,0.00000000,0,0,0,0.20003049,0.01986905,1.10024321,1.16176200,0.05442323,1.24767828,0.34591758,-0.07917523,1.07917523,9.52992948,nan,nan,10.00000000,0
17500,0.46022898,0.46022898,17,23.11080000,0.73558682,0.00000000,0.00000000,nan,0.00000000,0,0,0,0.14376783,0.02036760,0.23755550,0.24789995,0.06169944,1.57593167,0.54746461,-0.02838078,1.02838078,0.84569515,nan,nan,17.00000000,0
17600,0.37825230,0.37825230,38,23.27644737,1.63255154,0.79820154,0.15354364,nan,0.02605324,0,0,0,0.24572521,0.02264075,0.83334714,0.88234985,0.00030249,3.30870652,0.58345640,-0.00912397,1.00912397,4.87596645,0.79754821,0.79754821,38.50000000,2
17700,0.96194106,0.96194106,8,23.50493506,0.34035406,0.00000000,0.00000000,nan,0.00000000,0,0,0,0.19778612,0.01665672,0.36609003,0.38183758,0.09838127,1.41811645,0.36758146,0.00350437,0.99649563,7.65956863,nan,nan,8.00000000,0
17800,0.47380733,0.47380733,26,23.66884615,1.09849039,0.03805829,0.00000099,nan,0.00000000,0,0,0,0.18644363,0.01445363,0.41071549,0.42912638,0.09773088,1.35918140,0.33621895,-0.01592588,1.01592588,0.74789569,nan,nan,26.50000000,1
17900,0.37385219,0.37385219,54,23.83594937,2.26548560,0.99834808,0.37138801,nan,0.00000000,0,0,0,0.12158927,0.01667825,0.31277514,0.33106279,0.00188486,1.11123955,0.28948835,0.04978659,0.95021341,0.34956058,0.43980422,0.43980422,54.50000000,3
18000,0.74186665,0.74186665,35,24.12662500,1.45067949,0.55622961,0.07101372,nan,0.00000000,0,0,0,0.51288342,0.01581985,1.87555945,1.95442808,0.53479314,4.28222466,0.46829817,0.12253743,0.87746257,12.60553455,1.87199045,1.87199045,35.50000000,2
18100,0.34819213,0.34819213,20,24.11851852,0.82923833,0.00000000,0.00000000,nan,0.01164736,0,0,0,0.25338754,0.02499224,0.44753832,0.46978682,0.06931374,1.69157624,0.47678885,0.00067745,0.99932255,1.68809962,nan,nan,20.50000000,1
18200,0.27384365,0.27384365,37,24.19548780,1.52921075,0.67380374,0.05644641,nan,0.01641750,0,0,0,0.17516528,0.01666751,0.16698046,0.17401959,0.04731534,1.75173402,0.33447474,0.01717454,0.98282546,2.30087674,nan,nan,37.00000000,1
18300,0.31857917,0.31857917,7,24.50457831,0.28566090,0.00000000,0.00000000,nan,0.00000000,0,0,0,0.09770666,0.00923245,0.24532424,0.25910968,0.01097231,0.85404563,0.17294770,0.07564628,0.92435372,-5.28404599,nan,nan,7.00000000,1
18400,0.52622962,0.52622962,40,24.78976190,1.61356935,0.77817564,0.19296823,nan,0.02864586,0,0,0,0.15254277,0.01003586,0.39006132,0.41257954,0.00725168,1.66218996,0.23073421,0.01716741,0.98283259,-0.61227810,0.42772614,0.42772614,40.00000000,2
18500,0.31033483,0.31033483,23,25.09917647,0.91636473,0.00000000,0.00000000,nan,0.00000000,0,0,0,0.11529769,0.01278714,0.16910760,0.17865564,0.00679081,1.22808003,0.27998739,0.03354610,0.96645390,-3.57664892,nan,nan,23.00000000,1
18600,0.75087458,0.75087458,44,25.40069767,1.73223588,0.88289421,0.45624916,nan,0.00000000,0,0,0,0.10064735,0.01355211,0.48333740,0.50739610,0.07434008,1.16602027,0.26457965,-0.03307104,1.03307104,1.08035710,0.43693369,0.43693369,44.50000000,2
18700,0.26800025,0.26800025,39,25.68057471,1.51865760,0.65905116,0.05056054,nan,0.00000000,0,0,0,0.08751272,0.01586357,0.25128481,0.26383212,0.03798061,1.12352264,0.33381292,0.09779180,0.90220820,-2.81791192,0.28984383,0.28984383,39.00000000,2
18800,0.34645215,0.34645215,27,25.88034091,1.04326292,0.00745876,0.00000000,nan,0.00000000,0,0,0,0.17294016,0.01425237,0.54500198,0.57703745,0.00039874,1.69751406,0.37286773,0.07931094,0.92068906,-0.58807162,nan,nan,27.50000000,1
18900,0.46296227,0.46296227,19,26.16595506,0.72613440,0.00000000,0.00000000,nan,0.00000000,0,0,0,0.11374640,0.02693490,0.34151909,0.35972142,0.03207935,1.43197334,0.77064043,0.05733179,0.94266821,2.00147859,nan,nan,19.00000000,1
19000,0.18266575,0.18266575,118,26.49655556,4.45340904,1.00000000,0.18266575,nan,0.01059040,0,0,0,0.66806698,0.01650257,0.80005896,0.84685141,0.00458684,5.07311583,0.33463418,0.03836536,0.96163464,9.25719833,0.48434125,0.48434125,118.50000000,4
19100,0.25522307,0.25522307,49,26.66252747,1.83778526,0.93964651,0.19896558,nan,0.00000000,0,0,0,0.26639625,0.00873301,0.39007220,0.41296193,0.00094686,2.93145704,0.35552019,0.01369468,0.98630532,2.43712326,0.48409350,0.48409350,49.50000000,2
19200,0.11998443,0.11998443,66,26.94989130,2.44898947,0.99977475,0.11987635,nan,0.00000000,0,0,0,0.12246741,0.00929859,0.06235766,0.06535280,0.01144022,1.61832380,0.22607511,-0.02512650,1.02512650,-3.88305895,0.30893764,0.30893764,66.50000000,3
19300,0.35394654,0.35394654,69,27.18731183,2.53794860,0.99992218,0.35383638,nan,0.00000000,0,0,0,0.12770902,0.00947468,0.17763530,0.18798792,0.00164095,1.03813004,0.14398023,0.03957864,0.96042136,-3.13944948,0.52890489,0.52890489,69.00000000,3
19400,0.73182946,0.73182946,22,27.43021277,0.80203534,0.00000000,0.00000000,nan,0.00000000,0,0,0,0.08558763,0.01159704,0.13778844,0.13115342,0.25058386,0.81523740,0.25501105,0.07792690,0.92207310,-3.03794336,nan,nan,22.00000000,1
19500,0.15418361,0.15418361,96,27.71115789,3.46430850,1.00000000,0.15418361,nan,0.00000000,0,0,0,0.14798674,0.00760531,0.09376855,0.09920822,0.00129412,1.55925786,0.17901437,0.04337628,0.95662372,-3.44363409,0.22832755,0.22832755,96.00000000,3
19600,0.55756903,0.55756903,49,27.97364583,1.75164869,0.89563939,0.35878261,nan,0.00000000,0,0,0,0.15859760,0.01632685,0.61654335,0.65149677,0.02233503,1.18717682,0.23085918,-0.11659489,1.11659489,2.38611504,0.63711403,0.63711403,49.50000000,2
19700,0.08505042,0.08505042,15,28.24082474,0.53114596,0.00000000,0.00000000,nan,0.00000000,0,0,0,0.14043522,0.01410279,0.09720700,0.10290102,0.00040876,1.56051958,0.27768040,0.04502745,0.95497255,-5.01725411,nan,nan,15.50000000,1
19800,0.74091977,0.74091977,72,28.52255102,2.52431839,0.99990804,0.74064727,nan,0.00000000,0,0,0,0.11860570,0.01249384,0.16150005,0.16270062,0.14109021,1.41060126,0.29670411,0.01827090,0.98172910,0.17884994,0.85652060,0.85652060,72.50000000,2
19900,0.32734415,0.32734415,8,28.78919192,0.27788206,0.00000000,0.00000000,nan,0.01226229,0,0,0,0.14764950,0.01734914,0.32079121,0.33939284,0.00456382,1.26805365,0.48897043,0.03494767,0.96505233,-1.95025563,nan,nan,8.50000000,1
20000,0.13978989,0.13978989,95,29.08720000,3.26604142,1.00000000,0.13978989,nan,0.00000000,0,0,0,0.56850028,0.01728029,0.39450434,0.41744560,0.00450262,4.56205416,0.54972100,0.03380201,0.96619799,7.10835040,0.46410670,0.46410670,95.00000000,3
20100,0.72512138,0.72512138,90,29.27108911,3.07470623,0.99999997,0.72512128,nan,0.00000000,0,0,0,0.17340074,0.01348668,0.89660496,0.94739532,0.03316992,1.72115433,0.41184318,0.01013518,0.98986482,2.67615512,0.61545182,0.61545182,90.00000000,4
20200,0.88183081,0.88183081,20,29.56666667,0.67643743,0.00000000,0.00000000,nan,0.00000000,0,0,0,0.11300940,0.01523728,2.23794150,2.36561751,0.06745329,1.32538354,0.33485234,0.05047076,0.94952924,5.87222046,nan,nan,20.00000000,0
20300,0.29420662,0.29420662,39,29.81766990,1.30794928,0.31568097,0.00292177,nan,0.00000000,0,0,0,0.16529959,0.01568074,0.30417883,0.31841654,0.06213783,2.22017860,0.54094929,0.04731362,0.95268638,0.69010293,0.81591062,0.81591062,39.00000000,2
20400,0.42303777,0.42303777,18,30.15384615,0.59693878,0.00000000,0.00000000,nan,0.00000000,0,0,0,0.09111404,0.01758738,0.18634970,0.19341084,0.06631026,1.39104509,0.40758249,0.05739980,0.94260020,-1.17326623,nan,nan,18.00000000,1
20500,0.31635237,0.31635237,40,30.39600000,1.31596263,0.32923037,0.00371681,nan,0.00000000,0,0,0,0.17494695,0.01549878,0.29134452,0.30847022,0.00020715,1.50215065,0.32330838,-0.10071391,1.10071391,-0.85997240,0.50280574,0.50280574,40.00000000,2
20600,1.00425422,1.00425422,44,30.65245283,1.43544793,0.53161263,0.08020932,nan,0.00000000,0,0,0,0.18410966,0.04259082,0.70985854,0.75158775,0.00046151,1.85427964,1.12940371,-0.05787364,1.05787364,25.03185463,2.05175477,2.05175477,44.50000000,2
20700,0.20515753,0.20515753,53,30.89691589,1.71538157,0.87088905,0.11801543,nan,0.00000000,0,0,0,0.11730528,0.00798799,0.25124228,0.26520246,0.01391854,1.98196518,0.22211619,0.01845968,0.98154032,-2.78334048,0.14707313,0.14707313,53.50000000,2
20800,0.80980194,0.80980194,47,31.10583333,1.51097061,0.64808438,0.14285816,nan,0.00000000,0,0,0,0.18287115,0.01370110,0.68622321,0.72295499,0.06178217,1.34878600,0.24098550,0.02338080,0.97661920,4.00018803,0.47788443,0.47788443,47.50000000,2
20900,0.46236119,0.46236119,6,31.41642202,0.19098292,0.00000000,0.00000000,nan,0.00000000,0,0,0,0.10771182,0.01541507,0.42051819,0.44519162,0.00106939,1.16601098,0.41143924,0.00016333,0.99983667,-2.36827119,nan,nan,6.50000000,0
21000,0.22438329,0.22438329,85,31.76018182,2.67630710,0.99998686,0.22437150,nan,0.00000000,0,0,0,0.56053752,0.01800568,0.43853468,0.46431091,0.00033883,4.25163174,0.58561254,-0.00094761,1.00094761,6.70294714,0.36122662,0.36122662,85.00000000,3
21100,0.30141947,0.30141947,60,32.05360360,1.87186442,0.95219334,0.24778319,nan,0.00000000,0,0,0,0.14316677,0.01428920,0.28990945,0.30536905,0.02709615,1.38216698,0.26038802,0.12572507,0.87427493,-1.93384695,0.28307678,0.28307678,60.00000000,3
21200,0.19798666,0.19798666,26,32.35937500,0.80347658,0.00000000,0.00000000,nan,0.00000000,0,0,0,0.10470463,0.01392945,0.12713771,0.13405329,0.00957282,1.16124928,0.38796395,0.03346946,0.96653054,-4.34060639,nan,nan,26.00000000,1
21300,0.16379997,0.16379997,87,32.74929204,2.65654598,0.99998290,0.16378877,nan,0.00000000,0,0,0,0.09732000,0.01981593,0.18367815,0.19230075,0.03709402,1.57032442,0.67390466,-0.04228840,1.04228840,-4.71569173,0.19986745,0.19986745,87.00000000,4
21400,0.25786269,0.25786269,13,33.07192982,0.39308259,0.00000000,0.00000000,nan,0.00000000,0,0,0,0.09959202,0.01194118,0.22019391,0.23305216,0.00160338,1.58810961,0.42509338,0.02767322,0.97232678,-2.98953924,nan,nan,13.50000000,0
21500,0.35823095,0.35823095,26,33.41339130,0.77813113,0.00000000,0.00000000,nan,0.00000000,0,0,0,0.12571341,0.01319245,0.45334128,0.47723299,0.04718238,1.28949690,0.41189790,-0.12144447,1.12144447,-4.16282928,nan,nan,26.50000000,1
21600,0.44326413,0.44326413,59,33.73094828,1.74913553,0.89405298,0.28321458,nan,0.01133671,0,0,0,0.12123256,0.02655265,0.28302753,0.29967144,0.00008134,1.18015814,0.38134378,0.03498579,0.96501421,0.30775523,0.95143356,0.95143356,59.50000000,2
21700,0.34745526,0.34745526,72,34.06931624,2.11333857,0.99297367,0.33779237,nan,0.00000000,0,0,0,0.17390746,0.00909167,0.47727478,0.50534946,0.00000515,1.32754934,0.19097288,-0.01493527,1.01493527,-2.10822344,0.43151205,0.43151205,72.00000000,3
21800,0.25760540,0.25760540,108,34.34889831,3.14420565,0.99999999,0.25760539,nan,0.00000000,0,0,0,0.10252625,0.01057159,0.11928660,0.12438863,0.03255227,1.09630251,0.23883025,0.06123990,0.93876010,-4.55848708,0.41314867,0.41314867,108.50000000,3
21900,0.14974457,0.14974457,94,34.68949580,2.70975400,0.99999165,0.14973957,nan,0.00000000,0,0,0,0.12257861,0.00997830,0.12479499,0.13184722,0.00490715,1.45830238,0.17741621,-0.02002851,1.02002851,-4.02720610,0.25013828,0.25013828,94.00000000,3
22000,0.41472441,0.41472441,118,34.96800000,3.37451384,1.00000000,0.41472441,nan,0.00000000,0,0,0,0.54506773,0.02216697,1.11908662,1.16271007,0.37748769,4.78461075,0.66057110,0.05495859,0.94504141,10.29370666,1.19839945,1.19839945,118.50000000,3
22100,0.21672089,0.21672089,155,35.22487603,4.40029937,1.00000000,0.21672089,nan,0.00644524,0,0,0,0.10222205,0.01315109,0.14759691,0.15591358,0.00621382,1.59327972,0.29828379,0.02978072,0.97021928,-3.39647365,0.14445173,0.14445173,155.00000000,4
22200,0.24883305,0.24883305,68,35.49737705,1.91563450,0.96503984,0.21581868,nan,0.00000000,0,0,0,0.10620410,0.01643495,0.53272796,0.56397069,0.00160201,1.46187043,0.54154992,-0.02419668,1.02419668,1.91156709,2.03859024,2.03859024,68.50000000,2
22300,0.89328152,0.89328152,29,35.85008130,0.80892425,0.00000000,0.00000000,nan,0.00000000,0,0,0,0.10361528,0.01679026,0.36932510,0.39103705,0.00022169,1.19430745,0.51818520,0.02558950,0.97441050,6.74264129,nan,nan,29.00000000,1
22400,1.21732354,1.21732354,4,36.10524194,0.11078724,0.00000000,0.00000000,nan,0.00000000,0,0,0,0.09061094,0.02276244,1.27708602,1.33507061,0.29134959,1.19860566,0.41229236,-0.09190700,1.09190700,6.56093025,nan,nan,4.00000000,0
22500,0.52092963,0.52092963,84,36.33192000,2.31201654,0.99897755,0.51880239,nan,0.00529639,0,0,0,0.25736940,0.01422260,0.84729218,0.89555985,0.02674234,1.49478447,0.20400065,0.10869999,0.89130001,1.22823415,0.82610722,0.82610722,84.50000000,3
22600,0.32970011,0.32970011,15,36.61682540,0.40964775,0.00000000,0.00000000,nan,0.00000000,0,0,0,0.12501626,0.01210130,0.49529165,0.52345699,0.01648118,1.50722420,0.34103200,0.02699188,0.97300812,-2.80169058,nan,nan,15.50000000,1
22700,0.42015874,0.42015874,79,36.90779528,2.14046923,0.99449820,0.41098826,nan,0.00000000,0,0,0,0.20660625,0.01216670,0.52454376,0.55443501,0.01639220,1.42421484,0.23735595,0.00314327,0.99685673,-0.33255684,0.55645666,0.55645666,79.00000000,4
22800,0.25090143,0.25090143,99,37.19164062,2.66188849,0.99998407,0.25088545,nan,0.00000000,0,0,0,0.19221242,0.01004442,0.13411368,0.14156067,0.00751489,1.75834048,0.20486419,0.00236059,0.99763941,-0.71512588,0.58657420,0.58657420,99.50000000,3
22900,0.37145120,0.37145120,110,37.46232558,2.93628327,0.99999969,0.37145074,nan,0.00000000,0,0,0,0.14060608,0.00891823,0.16113304,0.16993082,0.01157087,1.82394278,0.22500362,0.00123801,0.99876199,-0.18159604,0.44826351,0.44826351,110.00000000,4
23000,1.10837781,1.10837781,88,37.78300000,2.32908980,0.99914629,1.10459772,nan,0.00000000,0,0,0,0.56965095,0.02299841,1.01756823,0.93928111,2.34844971,4.88012028,0.73414445,0.08470548,0.91529452,17.27227656,2.30956371,2.30956371,88.00000000,4
23100,1.14068592,1.14068592,37,38.16732824,0.96941551,0.00000000,0.00000000,nan,0.00000000,0,0,0,0.19164434,0.01147769,0.33296618,0.34201297,0.17917036,1.23427498,0.33464110,-0.06474914,1.06474914,5.54886004,0.71274371,0.71274371,37.00000000,2
23200,0.59153390,0.59153390,78,38.43757576,2.02926429,0.98555692,0.55809289,nan,0.01017314,0,0,0,0.14597380,0.03537785,0.75894713,0.80243301,0.01968699,1.90031004,1.15478194,-0.06093786,1.06093786,14.25493328,0.35737758,0.35737758,78.50000000,2
23300,0.25249711,0.25249711,32,38.72481203,0.82634358,0.00000000,0.00000000,nan,0.00000000,0,0,0,0.09284753,0.01384176,0.27730477,0.29346249,0.00262315,1.09796393,0.33593854,0.00872693,0.99127307,-2.85660166,0.38143311,0.38143311,32.50000000,2
23400,0.73043001,0.73043001,78,39.02582090,1.99867673,0.98148957,0.67783089,nan,0.00000000,0,0,0,0.14843644,0.01909060,0.76270431,0.80746388,0.00179146,0.99939620,0.31801638,0.10844840,0.89155160,2.74262172,0.48830035,0.48830035,78.00000000,4
23500,0.36999115,0.36999115,99,39.30348148,2.51886083,0.99990173,0.36984573,nan,0.00000000,0,0,0,0.08188664,0.01359006,0.19193761,0.20307751,0.00255892,1.12992394,0.42672154,0.06336962,0.93663038,-2.98785159,0.42094883,0.42094883,99.00000000,4
23600,0.35643476,0.35643476,64,39.54235294,1.61851775,0.78351993,0.13433224,nan,0.00242928,0,0,0,0.15207319,0.02254047,0.43082035,0.45564955,0.00872349,1.80632186,0.49141535,0.15225086,0.84774914,0.69750141,0.89446138,0.89446138,64.50000000,3
23700,0.20036538,0.20036538,129,39.83919708,3.23801706,1.00000000,0.20036538,nan,0.00000000,0,0,0,0.08963691,0.01018979,0.21285513,0.22518849,0.00318804,1.23560143,0.38014457,-0.07252795,1.07252795,-4.94048256,0.19403548,0.19403548,129.50000000,2
23800,0.29959118,0.29959118,46,40.22007246,1.14370754,0.07928747,0.00001184,nan,0.00084396,0,0,0,0.18583162,0.01145490,0.37387541,0.39538041,0.00828992,1.53673887,0.46049082,-0.04367854,1.04367854,-2.15202950,0.60084131,0.60084131,46.00000000,3
23900,0.53190327,0.53190327,211,40.54395683,5.20422811,1.00000000,0.53190327,nan,0.00000000,0,0,0,0.19815059,0.01609836,0.39443433,0.41709533,0.00919788,1.45285475,0.42697877,-0.12572454,1.12572454,1.71822776,0.37678592,0.37678592,211.50000000,3
24000,0.59182400,0.59182400,174,40.84342857,4.26017125,1.00000000,0.59182400,nan,0.00000000,0,0,0,0.59793121,0.01937134,1.18434584,1.19145966,1.06340969,4.33365154,0.71501595,0.04072397,0.95927603,10.95516539,2.31659274,2.31659274,174.50000000,4
24100,0.41448081,0.41448081,60,41.09092199,1.46017653,0.57132223,0.04415999,nan,0.06897804,0,0,0,0.14774598,0.01103175,0.21286975,0.22537461,0.00028715,0.90290737,0.24554580,0.07727213,0.92272787,-1.06921122,0.48136317,0.48136317,60.50000000,2
24200,0.40051401,0.40051401,54,41.40845070,1.30408163,0.30917073,0.00365941,nan,0.01998120,0,0,0,0.09104269,0.01080678,0.23745605,0.25128525,0.00235979,0.97410882,0.19900748,-0.04401003,1.04401003,-3.94118587,0.76639621,0.76639621,54.00000000,2
24300,0.94877201,0.94877201,52,41.74216783,1.24574268,0.21459664,0.00201212,nan,0.00000000,0,0,0,0.16248363,0.01048319,0.27880162,0.29504073,0.00273684,1.84816313,0.30674091,-0.07607798,1.07607798,4.75527084,1.86295049,1.86295049,52.00000000,2
24400,0.20354314,0.20354314,27,42.03631944,0.64230171,0.00000000,0.00000000,nan,0.00000000,0,0,0,0.07590289,0.01316504,0.06974358,0.07366409,0.00309492,0.84678417,0.35082424,0.05632535,0.94367465,-7.24195588,nan,nan,27.00000000,1
24500,0.47671181,0.47671181,96,42.31406897,2.26874896,0.99840183,0.47367164,nan,0.00000000,0,0,0,0.08474721,0.01137902,0.16945046,0.17815335,0.02150154,1.05114853,0.29497692,-0.05194928,1.05194928,-2.33060503,0.35534589,0.35534589,96.50000000,3
24600,0.34160417,0.34160417,139,42.60678082,3.26239151,1.00000000,0.34160417,nan,0.00962625,0,0,0,0.14925589,0.01662604,0.22259289,0.23341985,0.03853462,1.68139946,0.55534256,0.01220006,0.98779994,-0.82555012,0.36357799,0.36357799,139.50000000,3
24700,0.39282244,0.39282244,122,42.92666667,2.84205622,0.99999873,0.39282044,nan,0.00000000,0,0,0,0.14504999,0.01614824,0.53424871,0.56387091,0.03067077,1.49073744,0.52491456,-0.03590982,1.03590982,-1.33367300,0.72096956,0.72096956,122.50000000,4
24800,0.23895009,0.23895009,114,43.18601351,2.63974353,0.99997866,0.23892969,nan,0.00000000,0,0,0,0.10592703,0.01417705,0.16053924,0.16983199,0.00256251,1.13119197,0.32881981,-0.10736007,1.10736007,-5.64285898,0.23526744,0.23526744,114.00000000,3
24900,0.75658524,0.75658524,101,43.44724832,2.32465815,0.99910517,0.75388081,nan,0.00601575,0,0,0,0.10473403,0.01262497,1.82525253,1.93219197,0.00728178,1.33882463,0.26926798,-0.00597744,1.00597744,0.39477146,1.26504478,1.26504478,101.00000000,3
25000,0.17424023,0.17424023,144,43.76913333,3.28998975,1.00000000,0.17424023,nan,0.01680363,0,0,0,0.58788675,0.01543850,0.53356713,0.55866575,0.10689002,4.96324730,0.37863111,-0.03634119,1.03634119,8.33557825,0.68508340,0.68508340,144.00000000,4
25100,0.83623040,0.83623040,30,44.03622517,0.68125730,0.00000000,0.00000000,nan,0.05336900,0,0,0,0.09631499,0.01632016,0.49442869,0.52256334,0.01613944,1.04178894,0.48305142,0.09688987,0.90311013,4.16589713,nan,nan,30.00000000,1
25200,0.95693290,0.95693290,89,44.23401316,2.01202635,0.98337403,0.89486274,nan,0.06305498,0,0,0,0.17103846,0.01757782,3.23814869,3.42802095,0.01031801,1.78499687,0.48104900,0.01456725,0.98543275,5.85314256,1.71198862,1.71198862,89.00000000,4
25300,0.19816202,0.19816202,145,44.46254902,3.26117155,1.00000000,0.19816202,nan,0.01952060,0,0,0,0.10299242,0.01297101,0.24499018,0.25915074,0.00426098,1.30875087,0.41321242,-0.00047572,1.00047572,-4.90531421,0.18302772,0.18302772,145.00000000,4
25400,0.44278201,0.44278201,127,44.81707792,2.83374120,0.99999856,0.44277946,nan,0.00000000,0,0,0,0.07087900,0.01250728,0.16859381,0.17774691,0.01299092,0.86843985,0.21647072,-0.08860364,1.08860364,-2.50325775,0.24817441,0.24817441,127.00000000,3
25500,0.22270346,0.22270346,103,45.12251613,2.28267412,0.99861355,0.22147096,nan,0.00000000,0,0,0,0.10290054,0.00959430,0.11241783,0.11672819,0.03914154,1.08099735,0.31204203,-0.03600065,1.03600065,-6.36192846,0.31271276,0.31271276,103.50000000,3
25600,0.17664930,0.17664930,139,45.47923077,3.05634017,0.99999995,0.17664927,nan,0.00000000,0,0,0,0.08648476,0.00969898,0.04356453,0.04600377,0.00209742,0.77412009,0.29337135,0.04128751,0.95871249,-8.82406974,0.26413012,0.26413012,139.50000000,4
25700,0.19819771,0.19819771,95,45.82184713,2.07324684,0.99002262,0.19040533,nan,0.00000000,0,0,0,0.07862207,0.00770204,0.32542309,0.34410861,0.00776882,1.27126122,0.20425919,0.09834527,0.90165473,-6.66054710,0.20591796,0.20591796,95.50000000,4
25800,0.27261826,0.27261826,107,46.21968354,2.31503099,0.99900943,0.27153967,nan,0.00000000,0,0,0,0.12038448,0.00666366,0.20516597,0.21654449,0.01173118,1.35319924,0.10425535,-0.00068866,1.00068866,-4.30285287,0.37584550,0.37584550,107.00000000,4
25900,0.67871642,0.67871642,77,46.62628931,1.65142886,0.81684789,0.30217123,nan,0.00000000,0,0,0,0.10662454,0.01584214,0.53936344,0.57075310,0.00573937,1.14028144,0.33062723,0.07680118,0.92319882,0.84457281,0.79575780,0.79575780,77.00000000,4
26000,0.26836470,0.26836470,162,46.97987500,3.44828504,1.00000000,0.26836470,nan,0.01029003,0,0,0,0.58974528,0.02471898,0.56474590,0.59401423,0.06718411,4.21008825,0.56756639,-0.02558190,1.02558190,8.23846213,0.74194667,0.74194667,162.00000000,4
26100,0.86802727,0.86802727,8,47.02583851,0.17011924,0.00000000,0.00000000,nan,0.00000000,0,0,0,0.40296605,0.01694452,1.05320024,1.11481142,0.00580969,2.36384749,0.26697376,0.01749962,0.98250038,9.63353125,nan,nan,8.00000000,1
26200,0.22349793,0.22349793,21,47.21370370,0.44478612,0.00000000,0.00000000,nan,0.00000000,0,0,0,0.15430178,0.01089599,0.29298818,0.30974400,0.00813921,0.90521502,0.17641617,0.00235760,0.99764240,-4.69972820,0.65998437,0.65998437,21.00000000,2
26300,1.45512867,1.45512867,80,47.60503067,1.68049466,0.84312280,0.73530028,nan,0.00000000,0,0,0,0.11779785,0.01423261,0.62589592,0.65787017,0.08233332,1.00286973,0.47082722,0.05495674,0.94504326,9.11007500,0.81779353,0.81779353,80.00000000,3
26400,0.38798559,0.38798559,80,48.08060976,1.66387241,0.82845442,0.18276376,nan,0.00000000,0,0,0,0.15194115,0.01055020,0.17332059,0.18351431,0.00002720,1.04075027,0.22963879,-0.09094558,1.09094558,-3.34781235,0.29087174,0.29087174,80.50000000,3
26500,1.26052964,1.26052964,148,48.52636364,3.04988853,0.99999995,1.26052938,nan,0.00000000,0,0,0,0.10247234,0.00814095,0.22105628,0.22783548,0.10581026,1.10823226,0.26805729,-0.05215595,1.05215595,4.66552798,1.18509074,1.18509074,148.50000000,4
26600,0.84422451,0.84422451,71,48.96626506,1.44997786,0.55510647,0.08016100,nan,0.00000000,0,0,0,0.06834380,0.00952839,1.79174399,1.89628196,0.01459861,0.85520715,0.17036118,-0.07331295,1.07331295,-1.15034127,0.98641765,0.98641765,71.00000000,4
26700,0.41545647,0.41545647,147,49.38203593,2.97679100,0.99999984,0.41545620,nan,0.00000000,0,0,0,0.05737036,0.01029223,0.11657164,0.12297095,0.00778359,0.79940003,0.24119422,-0.00781714,1.00781714,-7.19027281,0.32478157,0.32478157,147.50000000,4
26800,0.34049094,0.34049094,52,49.81886905,1.04378122,0.00763786,0.00000000,nan,0.00000000,0,0,0,0.09387353,0.01285628,0.49535233,0.52448690,0.00006490,1.20041549,0.43301696,0.02684896,0.97315104,-3.04995835,0.34412982,0.34412982,52.50000000,3
26900,0.19867533,0.19867533,124,50.22952663,2.46866750,0.99982097,0.19853309,nan,0.00000000,0,0,0,0.07428212,0.00831537,0.17909910,0.18963253,0.00003064,0.64783978,0.15381700,0.00620281,0.99379719,-10.88267136,0.12007591,0.12007591,124.00000000,4
27000,0.44346017,0.44346017,106,50.75941176,2.08828267,0.99123893,0.42812246,nan,0.00000000,0,0,0,0.50533706,0.02815062,1.10028493,1.16471958,0.00489536,3.59948730,0.74417490,0.04599493,0.95400507,9.95804103,1.41033813,1.41033813,106.00000000,4
27100,0.26467371,0.26467371,86,50.85853801,1.69096485,0.85187958,0.13938744,nan,0.00000000,0,0,0,0.09473126,0.01878281,0.14874758,0.15712845,0.00627265,1.04751182,0.33874500,-0.04891417,1.04891417,-2.47840544,0.26235395,0.26235395,86.00000000,4
27200,0.64682931,0.64682931,354,51.32139535,6.89770801,1.00000000,0.64682931,nan,0.00000000,0,0,0,0.10555890,0.00805229,0.30625910,0.32348052,0.01349531,1.39379263,0.19620514,-0.16514478,1.16514478,-0.45456707,0.95277206,0.95277206,354.50000000,4
27300,0.67513442,0.67513442,227,51.78023121,4.38391244,1.00000000,0.67513442,nan,0.00000000,0,0,0,0.10290433,0.01374008,0.40545636,0.42886254,0.00755180,0.78831762,0.28154436,-0.05610595,1.05610595,-2.03627185,0.36238764,0.36238764,227.00000000,3
27400,0.24983412,0.24983412,158,52.22632184,3.02529442,0.99999993,0.24983405,nan,0.00000000,0,0,0,0.15138157,0.01515560,0.23223996,0.24587020,0.00052615,1.62154412,0.63255286,-0.00517547,1.00517547,-3.04153864,0.45718097,0.45718097,158.00000000,4
27500,0.18387975,0.18387975,220,52.68731429,4.17557818,1.00000000,0.18387975,nan,0.00000000,0,0,0,0.10351125,0.01164852,0.10364750,0.10784914,0.03221978,1.25688016,0.32588238,0.11434663,0.88565337,-5.91303730,0.17168956,0.17168956,220.00000000,4
27600,0.37814301,0.37814301,33,53.10125000,0.62145430,0.00000000,0.00000000,nan,0.00000000,0,0,0,0.06900835,0.01629197,0.08352078,0.08842116,0.00021440,1.25696993,0.63840687,0.00373564,0.99626436,-4.68255496,nan,nan,33.00000000,1
27700,0.96891457,0.96891457,156,53.45977401,2.91808192,0.99999959,0.96891299,nan,0.00000000,0,0,0,0.16728950,0.01104523,1.04078197,1.10043979,0.02660002,0.98896188,0.19549543,0.11408163,0.88591837,4.12224531,1.58738467,1.58738467,156.50000000,3
27800,0.25760350,0.25760350,154,53.77179775,2.86395483,0.99999908,0.25760255,nan,0.00082962,0,0,0,0.19511582,0.00795036,0.14012402,0.14831729,0.00083857,1.74017084,0.16888373,0.09006769,0.90993231,-1.21451329,0.37010070,0.37010070,154.50000000,4
27900,0.89759594,0.89759594,64,54.11625698,1.18263907,0.12490964,0.00021851,nan,0.00000000,0,0,0,0.10346944,0.01004552,0.70071590,0.74119949,0.01249669,0.80710721,0.30844307,-0.06699249,1.06699249,5.53276350,0.59372472,0.59372472,64.50000000,2
28000,0.25254282,0.25254282,110,54.50116667,2.01830542,0.98420061,0.23695700,nan,0.00000000,0,0,0,0.64868045,0.01605868,1.01505721,1.06830263,0.10988707,5.10100508,0.50406265,0.00481149,0.99518851,9.60352008,5.15844981,5.15844981,110.50000000,2
28100,1.69548917,1.69548917,52,54.48895028,0.95432193,0.00000000,0.00000000,nan,0.00481551,0,0,0,0.11219458,0.01415270,0.36432558,0.38561422,0.00241892,0.93577766,0.45577574,0.04740093,0.95259907,11.90510130,1.26684066,1.26684066,52.50000000,3
28200,0.27335757,0.27335757,181,54.94467033,3.29422306,1.00000000,0.27335757,nan,0.00000000,0,0,0,0.17098275,0.01265513,0.29594058,0.31328249,0.00112871,1.30872512,0.19185948,0.07721538,0.92278462,-2.29589200,0.69806583,0.69806583,181.50000000,4
28300,0.13742773,0.13742773,57,55.31606557,1.03044205,0.00370001,0.00000000,nan,0.00000000,0,0,0,0.15444034,0.01060798,0.15302835,0.16202627,0.00006391,1.37324631,0.30727926,-0.07757168,1.07757168,-5.12736225,0.36705361,0.36705361,57.50000000,3
28400,0.63449216,0.63449216,30,55.66592391,0.53892935,0.00000000,0.00000000,nan,0.00000000,0,0,0,0.06028750,0.00903291,0.22456151,0.23170567,0.10311078,0.75255215,0.23700908,-0.00056133,1.00056133,-3.63660806,0.90517542,0.90517542,30.50000000,2
28500,0.28254092,0.28254092,37,56.05610811,0.66005296,0.00000000,0.00000000,nan,0.00000000,0,0,0,0.06979379,0.01387814,0.17100385,0.18096282,0.00170132,0.77694958,0.43739209,0.02556331,0.97443669,-2.44839251,0.37027952,0.37027952,37.00000000,2
28600,0.24212851,0.24212851,113,56.45236559,2.00168760,0.98193018,0.22509630,nan,0.00000000,0,0,0,0.15927303,0.00854879,0.06584632,0.06955463,0.00280484,1.29513454,0.22839464,-0.03966922,1.03966922,-4.55660001,0.33629762,0.33629762,113.00000000,4
28700,1.21903574,1.21903574,156,56.91395722,2.74097968,0.99999457,1.21900928,nan,0.00000000,0,0,0,0.10498488,0.00792393,0.27776399,0.28495795,0.15546721,0.99195218,0.25898594,-0.15718015,1.15718015,2.00316763,0.72213074,0.72213074,156.00000000,4
28800,0.07263219,0.07263219,135,57.34457447,2.35418959,0.99934790,0.07244293,nan,0.00000000,0,0,0,0.11685642,0.00930862,0.04127618,0.04349685,0.00352482,1.22122526,0.18672186,-0.01181434,1.01181434,-6.55361700,0.29684639,0.29684639,135.00000000,4
28900,0.74942219,0.74942219,226,57.80656085,3.90959083,1.00000000,0.74942219,nan,0.00000000,0,0,0,0.09702416,0.00844140,0.45038918,0.47684950,0.00056293,1.56153440,0.24825692,-0.00039965,1.00039965,0.85120764,0.78624204,0.78624204,226.00000000,4
29000,0.31835335,0.31835335,95,58.18489474,1.63272616,0.79837981,0.12934439,nan,0.00000000,0,0,0,0.52056366,0.02840479,0.70533419,0.74577284,0.01787695,3.30474496,0.88175923,-0.06064245,1.06064245,6.78126812,0.58361698,0.58361698,95.50000000,4
29100,0.61141306,0.61141306,42,58.21895288,0.72141456,0.00000000,0.00000000,nan,0.04032035,0,0,0,0.47061172,0.03209148,0.83487207,0.85970116,0.41277796,2.89778614,0.52039933,0.06108149,0.93891851,9.41020489,3.49375845,3.49375845,42.50000000,2
29200,0.35705134,0.35705134,319,58.43796875,5.45877974,1.00000000,0.35705134,nan,0.00000000,0,0,0,0.11536960,0.01237855,0.57145095,0.60488486,0.00307402,1.20475030,0.24071938,0.08050050,0.91949950,-3.26020801,0.29346662,0.29346662,319.50000000,4
29300,0.40863737,0.40863737,171,58.87922280,2.90425029,0.99999950,0.40863655,nan,0.00000000,0,0,0,0.05784518,0.01062930,0.09160089,0.09614307,0.01438386,0.78096271,0.23257214,-0.07109673,1.07109673,-6.30836487,0.40641918,0.40641918,171.50000000,4
29400,0.54930484,0.54930484,94,59.30953608,1.58490533,0.74550065,0.16967018,nan,0.00000000,0,0,0,0.10821045,0.01633700,0.39080054,0.41193154,0.03157324,1.51579046,0.74908960,-0.10008568,1.10008568,0.77148340,0.50953743,0.50953743,94.50000000,2
29500,0.33527923,0.33527923,163,59.66035897,2.73213240,0.99999386,0.33527100,nan,0.00000000,0,0,0,0.04731410,0.00758742,0.10084205,0.10667736,0.00164192,0.64839691,0.16615401,-0.00300175,1.00300175,-10.53542447,0.37869277,0.37869277,163.00000000,4
29600,0.15625562,0.15625562,144,59.99000000,2.40040007,0.99960809,0.15601081,nan,0.00337936,0,0,0,0.06250934,0.00991262,0.06971555,0.07356244,0.00431866,0.69317245,0.19287890,-0.08894064,1.08894064,-9.57959318,0.17986086,0.17986086,144.50000000,3
29700,0.15510619,0.15510619,94,60.36467005,1.55720225,0.71116434,0.03967427,nan,0.00000000,0,0,0,0.08293808,0.00944142,0.11664232,0.12290638,0.01015323,1.15956259,0.26607868,0.06176663,0.93823337,-6.58728536,0.21798771,0.21798771,94.00000000,3
29800,0.44585097,0.44585097,34,60.74368687,0.55972895,0.00000000,0.00000000,nan,0.00000000,0,0,0,0.10979392,0.01370693,0.08730251,0.09014183,0.03903387,0.89772415,0.27489275,-0.03280907,1.03280907,-3.85659015,0.62862093,0.62862093,34.50000000,2
29900,0.16888152,0.16888152,261,61.15336683,4.26795798,1.00000000,0.16888152,nan,0.00000000,0,0,0,0.06021940,0.00537643,0.04860097,0.05086545,0.01010482,0.77126980,0.05531814,0.06437708,0.93562292,-10.63416068,0.18348411,0.18348411,261.50000000,4
30000,0.05238202,0.05238202,192,61.50945000,3.12147158,0.99999998,0.05238202,nan,0.00000000,0,0,0,0.71136642,0.02405911,0.30048203,0.31813264,0.00042184,4.03052092,0.49886164,-0.06650887,1.06650887,6.55972624,0.33101058,0.33101058,192.00000000,4
30100,0.16953611,0.16953611,50,61.58203980,0.81192504,0.00000000,0.00000000,nan,0.03274973,0,0,0,0.60542572,0.02038566,0.44367185,0.44083881,0.49183393,3.91968751,0.41441023,0.09564831,0.90435169,7.30866706,0.28224289,0.28224289,50.00000000,3
30200,0.29351258,0.29351258,168,61.67381188,2.72400870,0.99999313,0.29350452,nan,0.04047676,0,0,0,0.19487998,0.01243646,0.21013066,0.22211672,0.00636792,1.62558961,0.38202485,0.11986101,0.88013899,-1.62927409,0.50499450,0.50499450,168.50000000,4
30300,0.31105196,0.31105196,138,62.11748768,2.22159661,0.99744370,0.30788357,nan,0.00000000,0,0,0,0.05622700,0.01258796,0.09097665,0.09475362,0.02676815,0.76072907,0.33058855,-0.00009547,1.00009547,-5.39654998,0.40291285,0.40291285,138.50000000,3
30400,0.40857118,0.40857118,136,62.55887255,2.17395222,0.99596462,0.40201604,nan,0.00000000,0,0,0,0.07734849,0.00903759,0.17691165,0.18651168,0.01371114,0.83068103,0.23400344,0.05628621,0.94371379,-6.38069820,0.25678315,0.25678315,136.00000000,4
30500,0.22377068,0.22377068,319,63.04224390,5.06009907,1.00000000,0.22377068,nan,0.00000000,0,0,0,0.11759346,0.00785593,0.04034737,0.04159962,0.01905916,0.83949256,0.20870319,-0.08920405,1.08920405,-8.32096159,0.22081476,0.22081476,319.00000000,4
30600,0.23164044,0.23164044,170,63.45932039,2.67888151,0.99998731,0.23162868,nan,0.00000000,0,0,0,0.12109254,0.00749336,0.20427568,0.21622169,0.00119395,0.88125807,0.18983789,0.02670429,0.97329571,-6.63703685,0.26599955,0.26599955,170.50000000,4
30700,0.37239736,0.37239736,77,63.93565217,1.20433588,0.15381106,0.00020843,nan,0.00000000,0,0,0,0.04901168,0.01081389,0.25089419,0.26465568,0.01694879,0.51806772,0.12419537,0.01940321,0.98059679,-7.80886555,0.35727812,0.35727812,77.00000000,4
30800,0.48703903,0.48703903,337,64.37966346,5.23457225,1.00000000,0.48703903,nan,0.00000000,0,0,0,0.15571062,0.01653010,0.52798951,0.55783504,0.02061556,1.09484220,0.36780193,0.00122293,0.99877707,-0.58212647,0.53732770,0.53732770,337.50000000,4
30900,0.32547322,0.32547322,169,64.76751196,2.60933290,0.99996832,0.32543198,nan,0.00000000,0,0,0,0.18925589,0.01106095,1.15758276,1.22488165,0.01350227,1.34374177,0.17305636,0.08442668,0.91557332,-1.91241888,0.66375869,0.66375869,169.00000000,3
31000,0.27400050,0.27400050,113,65.23400000,1.73222553,0.88288710,0.16648382,nan,0.00000000,0,0,0,0.62326968,0.01436145,0.30030850,0.28563562,0.54974771,3.85311079,0.35553634,0.07335066,0.92664934,8.01072598,0.45061392,0.45061392,113.50000000,3
31100,0.81664807,0.81664807,80,65.32649289,1.22461801,0.18275227,0.00091093,nan,0.01934982,0,0,0,0.15643860,0.01644054,0.56604970,0.59883738,0.00866019,1.49269354,0.46843454,-0.13337462,1.13337462,6.33286226,1.13413190,1.13413190,80.50000000,4
31200,0.13956869,0.13956869,277,65.70943396,4.21552863,1.00000000,0.13956869,nan,0.00000000,0,0,0,0.09941372,0.00561654,0.09242507,0.09777559,0.00146637,1.51002300,0.09509149,-0.06588048,1.06588048,-4.72796631,0.22771238,0.22771238,277.00000000,3
31300,0.21580219,0.21580219,162,66.06469484,2.45214180,0.99978284,0.21561480,nan,0.00000000,0,0,0,0.08718091,0.01473092,0.05364892,0.05541816,0.02357177,1.27203202,0.41296527,0.09726531,0.90273469,-5.88381338,0.23384103,0.23384103,162.50000000,4
31400,0.18445607,0.18445607,251,66.39364486,3.78048231,1.00000000,0.18445607,nan,0.00182616,0,0,0,0.09950706,0.01043807,0.20278014,0.21298997,0.02921294,1.22490370,0.25747517,0.18061804,0.81938196,-5.72230911,0.15403628,0.15403628,251.00000000,4
31500,1.16755939,1.16755939,148,66.73213953,2.21782189,0.99734779,1.15522211,nan,0.00000000,0,0,0,0.12987782,0.00735962,0.47329262,0.49962610,0.02562303,0.97924465,0.18122710,-0.05984491,1.05984491,2.83427481,1.03790020,1.03790020,148.50000000,4
31600,0.17117044,0.17117044,128,67.06384259,1.90862908,0.96320625,0.14733500,nan,0.00000000,0,0,0,0.09828500,0.01144214,0.07811400,0.08267372,0.00059877,0.78518808,0.13947302,-0.03323927,1.03323927,-8.65808264,0.29233604,0.29233604,128.50000000,4
31700,0.81570321,0.81570321,125,67.49728111,1.85192645,0.94514789,0.65092546,nan,0.00000000,0,0,0,0.11072028,0.00750291,1.38179553,1.46279216,0.00485528,0.98644382,0.20913702,0.08053954,0.91946046,1.45628536,0.64268300,0.64268300,125.50000000,4
31800,0.40417710,0.40417710,93,67.95444954,1.36856380,0.41920482,0.01248179,nan,0.00000000,0,0,0,0.15175433,0.01087386,0.17002131,0.17540914,0.07842809,1.16712046,0.43988979,-0.03115355,1.03115355,-3.79927814,0.39560434,0.39560434,93.00000000,3
31900,0.47780752,0.47780752,20,68.38337900,0.29246873,0.00000000,0.00000000,nan,0.00000000,0,0,0,0.06676671,0.00963134,0.20732774,0.21763885,0.03203874,1.00154161,0.30662388,-0.11582818,1.11582818,-5.61552286,nan,nan,20.50000000,1
32000,0.21852639,0.21852639,115,68.77595455,1.67209602,0.83582991,0.10665360,nan,0.00000000,0,0,0,0.71767259,0.02155110,0.26984161,0.23985723,0.77957660,3.33433366,0.35464245,0.06722397,0.93277603,7.63722248,1.17168654,1.17168654,115.50000000,3
32100,0.21249175,0.21249175,67,68.94742081,0.97175499,0.00000000,0.00000000,nan,0.00869954,0,0,0,0.08345235,0.00706713,0.13138801,0.13895549,0.00274063,1.45232809,0.26958951,0.11141794,0.88858206,-5.88056191,0.22130602,0.22130602,67.50000000,4
32200,0.20990168,0.20990168,258,69.38058559,3.71861952,1.00000000,0.20990168,nan,0.00000000,0,0,0,0.09958705,0.00700001,0.10689566,0.11308779,0.00162939,0.71305323,0.13107879,0.05163385,0.94836615,-8.98296285,0.20898525,0.20898525,258.00000000,4
32300,0.33288932,0.33288932,162,69.79896861,2.32095120,0.99906937,0.33165186,nan,0.00000000,0,0,0,0.15208492,0.00833443,0.30312741,0.32016751,0.01344594,0.91706508,0.18599685,0.10781112,0.89218888,-4.10552955,0.41696435,0.41696435,162.50000000,4
32400,0.72334361,0.72334361,142,70.22549107,2.02205777,0.98467712,0.68001743,nan,0.00000000,0,0,0,0.12601373,0.01191074,0.34172302,0.36139047,0.00737616,0.69265938,0.27249044,-0.07330657,1.07330657,5.87951088,0.46711818,0.46711818,142.00000000,4
32500,0.14994222,0.14994222,335,70.67968889,4.73969262,1.00000000,0.14994222,nan,0.00000000,0,0,0,0.05652614,0.01010454,0.13148400,0.13903154,0.00317534,0.68431759,0.16998349,0.02713095,0.97286905,-10.66113631,0.17912926,0.17912926,335.50000000,4
32600,0.42903212,0.42903212,244,71.12668142,3.43049887,1.00000000,0.42903212,nan,0.00000000,0,0,0,0.15375099,0.00568181,0.13629900,0.14124623,0.05219596,0.85584831,0.08982944,-0.14143529,1.14143529,-3.60821617,0.58626150,0.58626150,244.50000000,4
32700,1.54464602,1.54464602,31,71.52215859,0.43343211,0.00000000,0.00000000,nan,0.00000000,0,0,0,0.05342639,0.00906546,2.65333128,2.80800724,0.02384348,0.79784179,0.29747337,-0.09892431,1.09892431,7.64184968,nan,nan,31.00000000,0
32800,0.17863873,0.17863873,170,71.96232456,2.36234726,0.99940322,0.17821268,nan,0.00000000,0,0,0,0.05560372,0.00811709,0.06339410,0.06641336,0.01206664,0.62072712,0.22902410,0.09293566,0.90706434,-12.73676872,0.26453368,0.26453368,170.00000000,3
32900,0.27411377,0.27411377,89,72.33777293,1.23033923,0.19121701,0.00036647,nan,0.00000000,0,0,0,0.06264430,0.01260882,0.14575039,0.15430009,0.00040552,0.74401039,0.32509178,-0.01479014,1.01479014,-8.32722807,0.32975266,0.32975266,89.00000000,3
33000,1.53284740,1.53284740,110,72.81117391,1.51075713,0.64777721,0.26989919,nan,0.00000000,0,0,0,0.57807326,0.02168356,1.34376764,1.30601978,1.98548102,3.15686703,0.48413098,0.15224492,0.84775508,18.81432343,14.26145934,14.26145934,110.00000000,2
33100,0.48984098,0.48984098,319,72.95411255,4.37261162,1.00000000,0.48984098,nan,0.00000000,0,0,0,0.20540732,0.00783424,0.29906982,0.31432235,0.03977641,1.66742146,0.20997947,0.02046781,0.97953219,0.52575461,0.60443468,0.60443468,319.50000000,4
33200,0.24523248,0.24523248,105,73.42844828,1.42996349,0.52263525,0.01829670,nan,0.00000000,0,0,0,0.08203092,0.00793995,0.09408829,0.09943499,0.00319437,0.72853279,0.26303700,0.00227799,0.99772201,-8.15933192,0.18690328,0.18690328,105.00000000,4
33300,0.26272151,0.26272151,189,73.81399142,2.56049018,0.99994115,0.26265967,nan,0.00000000,0,0,0,0.06327043,0.01376194,0.07556590,0.07875914,0.02128069,0.70371336,0.28484127,0.04574651,0.95425349,-10.00143290,0.23131922,0.23131922,189.00000000,3
33400,0.23973410,0.23973410,134,74.34427350,1.80242531,0.92388771,0.17466527,nan,0.00000000,0,0,0,0.05359843,0.01160236,0.10091139,0.10682738,0.00033958,0.72537827,0.24615423,0.00591336,0.99408664,-9.11033261,0.34912631,0.34912631,134.00000000,4
33500,0.21047708,0.21047708,188,74.77791489,2.51411129,0.99989590,0.21038945,nan,0.00000000,0,0,0,0.06868979,0.01065585,0.16044776,0.16953337,0.00599228,1.16307771,0.40512604,-0.04392086,1.04392086,-6.57597613,0.12311364,0.12311364,188.00000000,3
33600,0.26615751,0.26615751,254,75.16194915,3.37936952,1.00000000,0.26615751,nan,0.00000000,0,0,0,0.19063102,0.00592625,0.11053599,0.11460201,0.04141386,1.21174312,0.22022384,0.05988464,0.94011536,-4.43710995,0.24072831,0.24072831,254.00000000,4
33700,0.14738783,0.14738783,83,75.68122363,1.09670531,0.03671665,0.00000027,nan,0.00000000,0,0,0,0.04921610,0.00688752,0.03658632,0.03872263,0.00026915,0.55279088,0.15958941,-0.04931720,1.04931720,-12.79528904,0.37321130,0.37321130,83.50000000,4
33800,0.76296687,0.76296687,164,76.13609244,2.15403752,0.99514240,0.74824978,nan,0.00000000,0,0,0,0.05179318,0.00779283,1.78550339,1.89050448,0.00048500,0.88479066,0.22614336,0.00571299,0.99428701,-3.77980614,1.02621498,1.02621498,164.00000000,4
33900,0.18768433,0.18768433,180,76.50648536,2.35274172,0.99933760,0.18718753,nan,0.00000000,0,0,0,0.12527567,0.00902153,0.06839334,0.07241309,0.00005757,0.73526311,0.19834262,0.06236430,0.93763570,-7.72899469,0.72552823,0.72552823,180.00000000,3
34000,0.17198721,0.17198721,358,76.89816667,4.65550761,1.00000000,0.17198721,nan,0.00000000,0,0,0,0.62367082,0.02420688,0.50156510,0.53106147,0.00012669,4.57378721,0.52473491,-0.00441369,1.00441369,8.47337373,2.59041667,2.59041667,358.00000000,4
34100,0.66851640,0.66851640,91,76.99643154,1.18187295,0.12393158,0.00015770,nan,0.00860915,0,0,0,0.09958199,0.01271453,0.23151591,0.24084125,0.07298502,1.35841644,0.43159348,0.04198416,0.95801584,0.08673835,0.40487903,0.40487903,91.00000000,3
34200,0.24050373,0.24050373,66,77.34396694,0.85333094,0.00000000,0.00000000,nan,0.00000000,0,0,0,0.08385193,0.01243231,0.34451529,0.36453521,0.00417656,1.09227264,0.40891728,-0.11756438,1.11756438,-6.64456034,0.26669837,0.26669837,66.00000000,3
34300,0.16890372,0.16890372,101,77.77238683,1.29866144,0.30008377,0.00136965,nan,0.00000000,0,0,0,0.11657353,0.00867698,0.15848830,0.16745529,0.00604972,0.82789707,0.18339181,-0.01543196,1.01543196,-7.55697000,0.25866780,0.25866780,101.00000000,4
34400,0.98934150,0.98934150,179,78.13454918,2.29091998,0.99872639,0.98431097,nan,0.00000000,0,0,0,0.11620513,0.01555272,0.45815393,0.48508948,0.00024981,1.04825187,0.54000789,-0.02164716,1.02164716,4.00743954,0.79731610,0.79731610,179.00000000,3
34500,0.41974524,0.41974524,191,78.46995918,2.43405250,0.99973240,0.41929613,nan,0.00000000,0,0,0,0.08002298,0.00652195,0.14668232,0.15514076,0.00288895,0.88542598,0.16935545,-0.09262714,1.09262714,-6.08469880,0.57675101,0.57675101,191.00000000,3
34600,0.79402483,0.79402483,119,78.91150407,1.50801840,0.64382417,0.13642790,nan,0.00000000,0,0,0,0.09922727,0.01445132,0.93031704,0.98498982,0.00087901,1.37088823,0.52102053,-0.05710669,1.05710669,0.83316047,1.01246012,1.01246012,119.00000000,4
34700,0.56230575,0.56230575,83,79.36562753,1.04579278,0.00835283,0.00000000,nan,0.00000000,0,0,0,0.14910668,0.00628099,1.15091813,1.21849549,0.00210285,0.91312164,0.14581601,0.06321361,0.93678639,-4.21030482,0.43258647,0.43258647,83.00000000,3
34800,0.25086129,0.25086129,102,79.75342742,1.27894190,0.26745780,0.00128367,nan,0.00000000,0,0,0,0.09844419,0.01189366,0.15541121,0.16452660,0.00044951,0.88387966,0.28196785,-0.08945973,1.08945973,-4.74075985,0.32800665,0.32800665,102.50000000,4
34900,1.31569505,1.31569505,153,80.16136546,1.90865012,0.96321188,1.13251132,nan,0.00000000,0,0,0,0.15364504,0.00956959,0.60895681,0.64378047,0.01695455,0.81259018,0.23522758,-0.03164482,1.03164482,15.08393478,1.44498426,1.44498426,153.50000000,3
35000,0.19110066,0.19110066,278,80.57288000,3.45029246,1.00000000,0.19110066,nan,0.00000000,0,0,0,0.71940750,0.01993972,1.10783637,1.15354502,0.33078972,4.38548374,0.39028382,0.12743672,0.87256328,8.47991014,1.65661828,1.65661828,278.00000000,4
35100,0.24896203,0.24896203,14,80.65513944,0.17357852,0.00000000,0.00000000,nan,0.01061091,0,0,0,0.66619790,0.03346060,0.35375410,0.36838096,0.10509752,3.02104139,1.39075422,0.06526896,0.93473104,6.77488458,nan,nan,14.00000000,1
35200,0.11041328,0.11041328,130,80.99900794,1.60495793,0.76866685,0.03854552,nan,0.00000000,0,0,0,0.05749409,0.00781006,0.11160764,0.11816604,0.00011497,0.71343172,0.11332121,0.03926584,0.96073416,-11.12406206,0.13755224,0.13755224,130.00000000,4
35300,0.63242286,0.63242286,138,81.43102767,1.69468572,0.85490303,0.33781194,nan,0.00000000,0,0,0,0.16829723,0.00756613,0.50935054,0.53645009,0.04865858,1.00777495,0.21272156,0.18133833,0.81866167,-3.20552778,0.53908441,0.53908441,138.00000000,4
35400,0.41514993,0.41514993,121,81.87496063,1.47786331,0.59884739,0.05339119,nan,0.00000000,0,0,0,0.05756569,0.00766815,0.32447508,0.34330109,0.00443248,0.92506027,0.24072742,-0.11105713,1.11105713,-7.20931568,0.15733086,0.15733086,121.00000000,2
35500,0.29797560,0.29797560,124,82.27705882,1.50710297,0.64249778,0.05077702,nan,0.00000000,0,0,0,0.09553206,0.01251041,0.41872203,0.44161871,0.02947776,1.02340674,0.22981916,0.12662182,0.87337818,-2.56982934,0.41907579,0.41907579,124.50000000,4
35600,0.72582036,0.72582036,44,82.64433594,0.53240188,0.00000000,0.00000000,nan,0.00000000,0,0,0,0.06524677,0.01309809,0.15249790,0.16060270,0.01471630,1.06027794,0.47736454,-0.16940295,1.16940295,-2.14257574,0.77613612,0.77613612,44.50000000,2
35700,0.42396024,0.42396024,29,82.99568093,0.34941577,0.00000000,0.00000000,nan,0.00000000,0,0,0,0.07343994,0.00945546,0.28103298,0.29594544,0.02752101,0.88043338,0.23368403,-0.06849983,1.06849983,-6.61061732,nan,nan,29.00000000,1
35800,0.14687841,0.14687841,185,83.40120155,2.21819346,0.99735737,0.14533197,nan,0.00000000,0,0,0,0.08236184,0.00673445,0.12723839,0.13424714,0.00808980,0.95565212,0.25983101,0.06202622,0.93797378,-8.76924451,0.16146700,0.16146700,185.00000000,3
35900,0.80448711,0.80448711,85,83.81664093,1.01411843,0.00079700,0.00000000,nan,0.00000000,0,0,0,0.17547530,0.00891802,0.36283621,0.38379899,0.00646880,1.04781282,0.23788950,0.06149047,0.93850953,0.97647452,0.68832695,0.68832695,85.00000000,3
36000,0.41268477,0.41268477,140,84.26234615,1.66147759,0.82626262,0.19234941,nan,0.00000000,0,0,0,0.63705850,0.02168760,0.68999749,0.68579280,0.76147711,3.59225178,0.50844884,0.12999860,0.87000140,8.81362879,1.29546271,1.29546271,140.00000000,4
36100,0.23939756,0.23939756,47,84.26321839,0.55777599,0.00000000,0.00000000,nan,0.02586274,0,0,0,0.26063606,0.03115490,0.25734723,0.26589915,0.11196464,2.53361893,0.51285005,-0.09233510,1.09233510,2.65344799,1.84627469,1.84627469,47.50000000,2
36200,0.28308028,0.28308028,111,84.57900763,1.31238239,0.32316721,0.00308758,nan,0.00000000,0,0,0,0.09094930,0.00685424,0.05428141,0.05715365,0.00545315,0.86401099,0.12191059,0.02215725,0.97784275,-7.42785549,0.27647560,0.27647560,111.00000000,3
36300,0.51184696,0.51184696,195,84.95441065,2.29534875,0.99878342,0.50936069,nan,0.00000000,0,0,0,0.05636426,0.01001508,0.08878998,0.09355161,0.00784247,0.71624726,0.16957039,0.01010152,0.98989848,-3.84549300,0.25249551,0.25249551,195.50000000,4
36400,0.40433341,0.40433341,200,85.33325758,2.34375208,0.99927016,0.40315430,nan,0.00000000,0,0,0,0.11637247,0.00837262,0.23203267,0.24563722,0.00075509,0.96354145,0.27014977,-0.11043227,1.11043227,-5.12693143,0.38711589,0.38711589,200.50000000,4
36500,0.51635587,0.51635587,122,85.73313208,1.42302045,0.51119185,0.03526020,nan,0.00000000,0,0,0,0.16140111,0.00868739,0.28433281,0.30104384,0.00024494,1.04720843,0.21810241,-0.00148836,1.00148836,-1.15989003,0.72862800,0.72862800,122.50000000,3
36600,0.72590959,0.72590959,180,86.06928571,2.09133837,0.99146925,0.70145454,nan,0.00000000,0,0,0,0.06100230,0.00825994,0.20353252,0.21376953,0.02950345,0.70065808,0.15002128,-0.08609579,1.08609579,-2.57497176,0.40301688,0.40301688,180.00000000,4
36700,0.65651631,0.65651631,114,86.41925094,1.31915052,0.33464079,0.00823306,nan,0.00000000,0,0,0,0.11115369,0.00748354,0.41427529,0.43754724,0.01865220,0.71925837,0.15183470,-0.03556614,1.03556614,-2.85697466,0.66715476,0.66715476,114.50000000,3
36800,0.26276049,0.26276049,129,86.82701493,1.48571271,0.61080211,0.03657314,nan,0.00000000,0,0,0,0.10242386,0.00834594,0.18686421,0.19785044,0.00009842,0.89149094,0.22003886,-0.04945815,1.04945815,-7.00897503,0.18068197,0.18068197,129.50000000,4
36900,1.10465705,1.10465705,53,87.18182156,0.60792490,0.00000000,0.00000000,nan,0.00000000,0,0,0,0.07472225,0.01174511,2.60463262,2.75591612,0.03281359,1.22170830,0.40963119,-0.10201540,1.10201540,0.99408507,1.63044574,1.63044574,53.50000000,2
37000,0.09941396,0.09941396,177,87.49718519,2.02292222,0.98478509,0.09350035,nan,0.00000000,0,0,0,0.83893234,0.02611197,0.37543520,0.39688945,0.01071307,4.73769760,0.69828397,0.03396187,0.96603813,8.48685014,0.14899195,0.14899195,177.50000000,4
37100,0.11669225,0.11669225,123,87.64664207,1.40336238,0.47837421,0.00611101,nan,0.00000000,0,0,0,0.06492600,0.00752720,0.11951462,0.12652896,0.00027074,0.98099887,0.17260125,-0.16030056,1.16030056,-10.26839256,0.24588616,0.24588616,123.00000000,3
37200,0.45815113,0.45815113,256,88.07893382,2.90648386,0.99999951,0.45815024,nan,0.00000000,0,0,0,0.12716784,0.00536540,0.73454463,0.77757716,0.00299076,1.16950393,0.13136861,0.13762090,0.86237910,-2.94281298,0.69291573,0.69291573,256.50000000,3
37300,0.55728310,0.55728310,61,88.53018315,0.68903054,0.00000000,0.00000000,nan,0.00000000,0,0,0,0.05239739,0.01047232,1.13386869,1.20056057,0.00010578,0.77500111,0.14602350,-0.06830932,1.06830932,-6.57085594,0.95939086,0.95939086,61.50000000,4
37400,0.73728585,0.73728585,319,88.92496350,3.58729413,1.00000000,0.73728585,nan,0.00000000,0,0,0,0.11314119,0.01053079,0.96605086,1.02251232,0.00620637,1.01367021,0.32089832,0.09900104,0.90099896,1.70878196,0.90126488,0.90126488,319.00000000,4
37500,0.20728551,0.20728551,127,89.29869091,1.42219330,0.50982300,0.01400382,nan,0.00000000,0,0,0,0.05008225,0.01178185,0.11183503,0.11836857,0.00076475,0.70151532,0.18902610,0.00143949,0.99856051,-10.26700242,0.47122780,0.47122780,127.00000000,3
37600,0.44720486,0.44720486,361,89.69235507,4.02486923,1.00000000,0.44720486,nan,0.00000000,0,0,0,0.05450837,0.00686931,0.10285597,0.10874739,0.00270190,0.88218093,0.21547338,-0.06597306,1.06597306,-7.18755086,0.33732040,0.33732040,361.00000000,4
37700,0.58223897,0.58223897,256,90.04581227,2.84299729,0.99999874,0.58223604,nan,0.00000000,0,0,0,0.08306164,0.00691311,0.37686718,0.39855504,0.00817304,0.91979146,0.14545852,0.10864297,0.89135703,nan,0.28274524,0.28274524,256.50000000,3
37800,0.79388303,0.79388303,246,90.42471223,2.72049525,0.99999279,0.79386014,nan,0.00000000,0,0,0,0.08399671,0.00626803,0.17724244,0.18764044,0.00047611,0.81289303,0.13206121,0.05055043,0.94944957,-2.61653984,0.68323838,0.68323838,246.50000000,4
37900,0.07750898,0.07750898,138,90.76666667,1.52038193,0.66148586,0.01484001,nan,0.00000000,0,0,0,0.05560558,0.00798147,0.07369971,0.07803194,0.00005189,0.76690727,0.16106874,0.02069379,0.97930621,-11.46131444,0.13152041,0.13152041,138.00000000,3
38000,0.51938665,0.51938665,114,91.18064286,1.25026537,0.22161266,0.00125276,nan,0.00000000,0,0,0,0.48915514,0.02517975,1.10874522,1.16485083,0.15495004,3.06559849,0.92179936,-0.06614611,1.06614611,10.80546602,0.64250363,0.64250363,114.00000000,4
38100,0.43103632,0.43103632,240,91.37423488,2.62656098,0.99997465,0.43099262,nan,0.00000000,0,0,0,0.13860983,0.00745389,0.52484190,0.55569041,0.00041680,1.08218920,0.25559765,0.08469490,0.91530510,-3.31451805,0.21431940,0.21431940,240.50000000,4
38200,0.27645373,0.27645373,243,91.76187943,2.64815849,0.99998090,0.27643261,nan,0.00000000,0,0,0,0.05426308,0.00573775,0.05832480,0.06037771,0.02342523,0.59559619,0.16181043,0.08471483,0.91528517,-9.82349133,0.11790350,0.11790350,243.50000000,4
38300,0.33267745,0.33267745,203,92.17173145,2.20241062,0.99692105,0.32859914,nan,0.00000000,0,0,0,0.13762513,0.00584326,0.15133196,0.16004543,0.00320314,1.15034664,0.16839786,0.10044950,0.89955050,-4.81121540,0.28705716,0.28705716,203.00000000,4
38400,0.32449245,0.32449245,239,92.53309859,2.58285958,0.99995558,0.32443480,nan,0.00296842,0,0,0,0.05792339,0.00771647,0.12079656,0.12778783,0.00194501,0.88042450,0.29313049,0.08360646,0.91639354,-8.88647842,0.32425365,0.32425365,239.00000000,3
38500,0.22840674,0.22840674,256,92.96105263,2.75384145,0.99999547,0.22840260,nan,0.00000000,0,0,0,0.07379756,0.00699352,0.24668723,0.26119697,0.00002131,0.85728115,0.12334837,-0.07127530,1.07127530,-8.26908016,0.41685119,0.41685119,256.50000000,3
38600,0.48131287,0.48131287,240,93.45003497,2.56821734,0.99994657,0.48121002,nan,0.00000000,0,0,0,0.13031167,0.00577544,0.21065375,0.22139709,0.02801736,1.21463180,0.17607220,0.15483288,0.84516712,-5.72983360,0.38073026,0.38073026,240.00000000,4
38700,0.69049609,0.69049609,168,93.80752613,1.79090108,0.91808704,0.49056510,nan,0.00000000,0,0,0,0.12587398,0.00751220,0.53086209,0.56208241,0.00011578,0.64375609,0.13214205,-0.12791620,1.12791620,-3.38310513,0.33179599,0.33179599,168.50000000,4
38800,0.33555648,0.33555648,285,94.16579861,3.02657657,0.99999993,0.33555638,nan,0.00000000,0,0,0,0.07303952,0.00815911,0.21570209,0.22837143,0.00032339,0.98228276,0.20946600,0.08218688,0.91781312,-6.15266597,0.36196741,0.36196741,285.50000000,4
38900,0.44440681,0.44440681,333,94.59602076,3.52023264,1.00000000,0.44440681,nan,0.00000000,0,0,0,0.12061625,0.00880573,0.14576471,0.15415916,0.00305906,0.91984409,0.20535421,-0.10352914,1.10352914,-3.42839853,1.16842914,1.16842914,333.00000000,3
39000,0.28172815,0.28172815,160,95.02786207,1.68371672,0.84585695,0.14421749,nan,0.00000000,0,0,0,0.58503217,0.02221634,0.45645836,0.48122820,0.03537109,2.89346409,0.48978579,-0.03625295,1.03625295,5.84378862,0.24357191,0.24357191,160.50000000,4
39100,1.09664786,1.09664786,146,95.21632302,1.53335054,0.67949301,0.23377989,nan,0.00000000,0,0,0,0.05589552,0.00821133,0.55342335,0.58546358,0.00873969,0.75791407,0.33575347,0.06243036,0.93756964,0.65680287,1.63269197,1.63269197,146.00000000,2
39200,0.54191822,0.54191822,83,95.54082192,0.86873860,0.00000000,0.00000000,nan,0.00000000,0,0,0,0.07428361,0.00634873,0.22027379,0.23243760,0.01348893,0.85475540,0.19500037,0.19949152,0.80050848,-5.29308748,0.62829695,0.62829695,83.00000000,3
39300,0.32054657,0.32054657,104,95.89518771,1.08451740,0.02816842,0.00000020,nan,0.00000000,0,0,0,0.12205464,0.01053095,0.32118717,0.34004191,0.00065650,0.87786525,0.29514414,0.12012475,0.87987525,-4.28319645,0.57684609,0.57684609,104.50000000,2
39400,0.55108076,0.55108076,302,96.23724490,3.13807820,0.99999999,0.55108074,nan,0.00000000,0,0,0,0.06991661,0.01645972,0.84465057,0.89387476,0.00783983,1.09136093,0.44830689,-0.04749242,1.04749242,-3.00385687,1.24844671,1.24844671,302.50000000,3
39500,0.21824265,0.21824265,110,96.57986441,1.13895376,0.07432548,0.00000666,nan,0.00000000,0,0,0,0.07483159,0.00630129,0.37699714,0.39900887,0.00279776,0.96700448,0.16168448,0.09717109,0.90282891,-7.45002794,0.56069685,0.56069685,110.50000000,3
39600,0.45246956,0.45246956,68,96.85699324,0.70206598,0.00000000,0.00000000,nan,0.00000000,0,0,0,0.03514493,0.00717249,0.11312976,0.11966122,0.00209516,0.47351202,0.20814830,0.01393527,0.98606473,-9.95929921,0.19968237,0.19968237,68.00000000,3
39700,0.31879643,0.31879643,250,97.17885522,2.57257610,0.99994942,0.31873193,nan,0.00000000,0,0,0,0.08403418,0.00805978,0.14557426,0.15321508,0.01568017,0.80927879,0.19183716,0.09382797,0.90617203,-6.78787174,0.34457559,0.34457559,250.00000000,4
39800,0.33204892,0.33204892,170,97.60174497,1.74177214,0.88929692,0.20767740,nan,0.00000000,0,0,0,0.06147873,0.00838760,0.22798085,0.24122101,0.00289827,0.65296721,0.13490108,-0.00267371,1.00267371,-7.58918219,0.15536780,0.15536780,170.50000000,3
39900,0.49593815,0.49593815,84,97.95377926,0.85754731,0.00000000,0.00000000,nan,0.00000000,0,0,0,0.05783103,0.01298331,0.16801392,0.17735662,0.00918801,0.46921051,0.18646054,0.05515931,0.94484069,-4.46214644,0.21638696,0.21638696,84.00000000,3
40000,0.16147566,0.16147566,223,98.34476667,2.26753296,0.99838199,0.16043312,nan,0.00000000,0,0,0,0.58900112,0.01759184,0.15692429,0.16533059,0.01401734,3.23634624,0.48584953,0.07834334,0.92165666,6.25360227,0.36746348,0.36746348,223.00000000,3
40100,0.30374342,0.30374342,233,98.48621262,2.36581338,0.99942537,0.30304586,nan,0.02458205,0,0,0,0.07636848,0.01070787,0.46161917,0.48857224,0.00341653,0.98086369,0.32187116,-0.05700731,1.05700731,-5.51533818,0.27205128,0.27205128,233.00000000,4
40200,0.33607522,0.33607522,217,98.81642384,2.19599123,0.99672547,0.33169483,nan,0.00000000,0,0,0,0.13635932,0.01090481,0.42772922,0.45251283,0.00640812,0.96207017,0.27826622,-0.00304271,1.00304271,-3.18751025,0.17303004,0.17303004,217.50000000,4
40300,0.13796467,0.13796467,340,99.22953795,3.42639910,1.00000000,0.13796467,nan,0.00000000,0,0,0,0.05859635,0.00637962,0.08049023,0.08511349,0.00189490,0.79031456,0.13490123,0.05380869,0.94619131,-8.97035694,0.07789696,0.07789696,340.00000000,4
40400,0.45238346,0.45238346,211,99.57256579,2.11905758,0.99332349,0.44042254,nan,0.00000000,0,0,0,0.11566511,0.00947390,0.12976377,0.13595155,0.02457138,0.88834953,0.19949551,-0.03190206,1.03190206,-4.07902002,0.40631126,0.40631126,211.00000000,4
40500,0.75843471,0.75843471,334,99.92075410,3.34264891,1.00000000,0.75843471,nan,0.00000000,0,0,0,0.04047170,0.00618594,0.95664150,1.01272202,0.00327238,0.65724540,0.26199830,-0.11769866,1.11769866,-4.04061270,1.10627683,1.10627683,334.50000000,4
40600,0.40460417,0.40460417,283,100.24833333,2.82298958,0.99999831,0.40460144,nan,0.00000000,0,0,0,0.11606146,0.01047461,0.19054995,0.20076443,0.01690403,0.99010426,0.17900890,-0.04117888,1.04117888,-2.89155650,0.32858498,0.32858498,283.00000000,4
40700,0.24591722,0.24591722,112,100.59524430,1.11337271,0.05011418,0.00000155,nan,0.00000000,0,0,0,0.20835721,0.00927052,0.10741369,0.11293817,0.01349765,1.20240343,0.21983695,0.02549931,0.97450069,-4.13384205,0.45220151,0.45220151,112.50000000,3
40800,0.30959630,0.30959630,280,100.94009740,2.77392243,0.99999658,0.30959207,nan,0.00000000,0,0,0,0.09025093,0.00844615,0.07499453,0.07928837,0.00199927,1.10500550,0.21908852,0.09325143,0.90674857,-4.92246050,0.78047437,0.78047437,280.00000000,3
40900,0.44017866,0.44017866,120,101.29229773,1.18469027,0.12754307,0.00011648,nan,0.00000000,0,0,0,0.21410932,0.00907048,0.16541256,0.17369875,0.02454725,1.01826525,0.25031349,-0.05892715,1.05892715,-3.93930435,0.59620350,0.59620350,120.50000000,4
41000,0.06562086,0.06562086,271,101.58225806,2.66778870,0.99998528,0.06561700,nan,0.00000000,0,0,0,0.62231827,0.01974759,0.16424114,0.17243879,0.02488112,3.22574401,0.32591993,-0.05515038,1.05515038,4.75472450,0.27243622,0.27243622,271.00000000,4
41100,0.33517987,0.33517987,55,101.71475884,0.54072782,0.00000000,0.00000000,nan,0.00000000,0,0,0,0.15141270,0.01047195,0.48519313,0.51319599,0.00914483,1.12437010,0.30464298,0.11563267,0.88436733,-3.52114389,0.35689226,0.35689226,55.00000000,3
41200,0.83795416,0.83795416,6,101.95016026,0.05885229,0.00000000,0.00000000,nan,0.00000000,0,0,0,0.08472035,0.01541459,0.32263401,0.33706093,0.07737637,1.11290407,0.45280612,0.01969365,0.98030635,-0.62411231,nan,nan,6.00000000,0
41300,0.21759671,0.21759671,53,102.23437700,0.51841662,0.00000000,0.00000000,nan,0.00000000,0,0,0,0.07525754,0.01605337,0.10933619,0.11575238,0.00026100,1.04526007,0.47432402,-0.04863945,1.04863945,-6.76235541,0.25562492,0.25562492,53.50000000,3
41400,0.92821383,0.92821383,99,102.51124204,0.96574774,0.00000000,0.00000000,nan,0.00000000,0,0,0,0.11734777,0.00643636,0.24856408,0.26296979,0.00366715,0.91250062,0.12219375,-0.01096688,1.01096688,-0.00719635,0.91012130,0.91012130,99.50000000,2
41500,0.47171724,0.47171724,147,102.73695238,1.43083863,0.52407152,0.03558312,nan,0.00000000,0,0,0,0.05655149,0.00926474,0.16137484,0.17065798,0.00356127,0.78059959,0.23323338,-0.02030004,1.02030004,-7.75011857,0.56614929,0.56614929,147.00000000,3
41600,0.30490705,0.30490705,81,103.05443038,0.78599241,0.00000000,0.00000000,nan,0.00000000,0,0,0,0.04948815,0.01127283,0.05322425,0.05623948,0.00196535,0.69273835,0.32915714,-0.00950117,1.00950117,-8.56419118,0.28117028,0.28117028,81.00000000,2
41700,0.49258885,0.49258885,176,103.40880126,1.70198279,0.86069916,0.27032741,nan,0.00000000,0,0,0,0.08292580,0.00966783,0.12562555,0.13297148,0.00074481,0.89865696,0.30255136,-0.07895542,1.07895542,-3.77680143,0.49222860,0.49222860,176.00000000,3
41800,0.10991330,0.10991330,46,103.74245283,0.44340575,0.00000000,0.00000000,nan,0.00000000,0,0,0,0.05401193,0.00924265,0.07731623,0.08185677,0.00012699,0.68095726,0.25629652,0.06409231,0.93590769,-9.95084778,0.20289404,0.20289404,46.50000000,2
41900,0.07688683,0.07688683,98,104.10056426,0.94139739,0.00000000,0.00000000,nan,0.01115483,0,0,0,0.06412210,0.00937741,0.07568260,0.08013070,0.00006478,0.93759036,0.26655507,0.02219763,0.97780237,-9.33648237,0.15553446,0.15553446,98.00000000,4
42000,0.18319395,0.18319395,311,104.44846875,2.97754485,0.99999984,0.18319383,nan,0.00000000,0,0,0,0.50389361,0.01386425,0.77143747,0.81507957,0.02952189,3.33287430,0.32350460,-0.06681751,1.06681751,6.02396441,0.66366083,0.66366083,311.50000000,4
42100,0.77427858,0.77427858,221,104.74679128,2.10984983,0.99275227,0.75207438,nan,0.00000000,0,0,0,0.16245212,0.00692997,0.56657779,0.59983587,0.00119111,0.80411142,0.14814186,0.04027383,0.95972617,-3.06979799,0.57869870,0.57869870,221.00000000,4
42200,0.22873041,0.22873041,333,105.09658385,3.16851403,0.99999999,0.22873040,nan,0.00000000,0,0,0,0.08327486,0.00682444,0.35354444,0.37428430,0.00096719,0.81265187,0.06729032,-0.07309835,1.07309835,-7.38794261,0.19066656,0.19066656,333.50000000,4
42300,0.45452848,0.45452848,355,105.43021672,3.36715612,1.00000000,0.45452848,nan,0.00000000,0,0,0,0.14076690,0.00806431,0.58246899,0.61515605,0.02678826,0.90904605,0.20620395,0.11466600,0.88533400,-3.12113208,0.34057291,0.34057291,355.50000000,4
42400,0.24341737,0.24341737,254,105.83151235,2.40004130,0.99960651,0.24303447,nan,0.00000000,0,0,0,0.04613714,0.00681953,0.16251320,0.17204961,0.00039428,0.72001481,0.11938669,0.09403820,0.90596180,-9.11971617,0.25832170,0.25832170,254.00000000,3
42500,1.14171708,1.14171708,58,106.12452308,0.54652778,0.00000000,0.00000000,nan,0.00536667,0,0,0,0.08944795,0.00919216,0.22219545,0.22552259,0.16563411,0.73849082,0.19901440,0.01727200,0.98272800,2.81599128,0.48801330,0.48801330,58.50000000,2
42600,0.13521843,0.13521843,309,106.46334356,2.90240744,0.99999948,0.13521815,nan,0.00000000,0,0,0,0.04626817,0.00548732,0.14736465,0.15586251,0.00290091,0.61459327,0.17602871,0.11612991,0.88387009,-13.53077825,0.20199653,0.20199653,309.50000000,4
42700,0.54832757,0.54832757,54,106.77290520,0.50574628,0.00000000,0.00000000,nan,0.00000000,0,0,0,0.04239237,0.00762044,0.09313492,0.09821309,0.00680597,0.43397471,0.11767416,-0.06559198,1.06559198,-7.22790146,0.47821246,0.47821246,54.00000000,4
42800,0.18356940,0.18356940,261,107.08878049,2.43723011,0.99974199,0.18338003,nan,0.00000000,0,0,0,0.05421828,0.00842030,0.23422708,0.24790013,0.00178538,0.70008349,0.18885422,-0.01654134,1.01654134,-9.02643013,0.11431883,0.11431883,261.00000000,4
42900,0.56152761,0.56152761,210,107.40668693,1.95518553,0.97399633,0.50535946,nan,0.00000000,0,0,0,0.07255389,0.00476753,0.23100530,0.24270195,0.03216220,0.78692168,0.14968604,-0.14532291,1.14532291,-5.32825031,0.42581260,0.42581260,210.50000000,4
43000,0.49554709,0.49554709,183,107.74775758,1.69841122,0.85788418,0.26841054,nan,0.00000000,0,0,0,0.44816181,0.01129576,0.83981574,0.88866758,0.00933527,3.35232544,0.35201308,-0.01131464,1.01131464,8.47523959,1.94321616,1.94321616,183.00000000,4
43100,0.67283636,0.67283636,169,107.87676737,1.56660238,0.72311500,0.18396658,nan,0.00000000,0,0,0,0.15364227,0.01024560,0.37151778,0.39337179,0.00000020,1.18103576,0.34928164,-0.06350295,1.06350295,0.62447540,0.88905396,0.88905396,169.50000000,4
43200,0.39075094,0.39075094,283,108.18626506,2.61585886,0.99997088,0.39070543,nan,0.00000000,0,0,0,0.07969125,0.00893680,0.34312701,0.36213422,0.02000402,1.15947008,0.29549086,0.09863365,0.90136635,-5.22188705,0.33931116,0.33931116,283.50000000,4
43300,0.88701153,0.88701153,194,108.46216216,1.78864220,0.91690960,0.62695351,nan,0.00000000,0,0,0,0.07031928,0.01120022,0.40373284,0.42298698,0.07641246,0.91354752,0.35141915,0.07777386,0.92222614,2.29189599,0.49092807,0.49092807,194.00000000,3
43400,0.17307705,0.17307705,248,108.80332335,2.27934214,0.99856539,0.17208599,nan,0.00000000,0,0,0,0.04361320,0.00752861,0.09211019,0.09702009,0.00864189,0.59041655,0.17899877,-0.10688297,1.10688297,-10.86644316,0.27027386,0.27027386,248.50000000,4
43500,0.25535029,0.25535029,161,109.16522388,1.47482865,0.59418139,0.03182823,nan,0.00000000,0,0,0,0.12220117,0.01113293,0.41756511,0.44184807,0.00475478,1.13384247,0.29476410,0.07986084,0.92013916,-5.02333349,0.28142832,0.28142832,161.00000000,4
43600,1.71949220,1.71949220,142,109.47053571,1.29715269,0.29756253,0.01348072,nan,0.00000000,0,0,0,0.06675877,0.00948125,3.52126193,3.72803044,0.00619227,0.94116050,0.18483156,-0.17997061,1.17997061,9.77916889,9.39115630,9.39115630,142.50000000,2
43700,0.09536050,0.09536050,109,109.85421365,0.99222412,0.00000000,0.00000000,nan,0.00410967,0,0,0,0.05966993,0.00740794,0.05777280,0.06114628,0.00042364,0.71563929,0.16555868,0.05658077,0.94341923,-11.00031090,0.18032754,0.18032754,109.50000000,4
43800,0.21525057,0.21525057,317,110.23866864,2.87557899,0.99999923,0.21524990,nan,0.00000000,0,0,0,0.07303335,0.00666455,0.08085649,0.08480224,0.01377887,0.93692803,0.11785434,0.13614195,0.86385805,-7.51855230,0.20661904,0.20661904,317.50000000,4
43900,1.06604147,1.06604147,91,110.65828909,0.82235141,0.00000000,0.00000000,nan,0.00000000,0,0,0,0.16648711,0.01881421,1.02063918,1.08012867,0.00931893,1.73606873,0.46593222,-0.00994249,1.00994249,7.60886796,1.66675393,1.66675393,91.50000000,4
44000,0.23581368,0.23581368,180,110.99785294,1.62165299,0.78686079,0.09039837,nan,0.00000000,0,0,0,0.59660131,0.01827370,0.46790087,0.49508786,0.00572235,4.24793339,0.82094926,-0.01932158,1.01932158,7.73376572,0.27262920,0.27262920,180.50000000,4
44100,0.19701698,0.19701698,68,111.19935484,0.61151434,0.00000000,0.00000000,nan,0.00000000,0,0,0,0.08007664,0.01183453,0.06894258,0.07294881,0.00083701,0.97126985,0.35175654,-0.05381609,1.05381609,-6.64746785,0.55115024,0.55115024,68.00000000,2
44200,0.16051963,0.16051963,272,111.40321637,2.44158121,0.99975460,0.16036212,nan,0.03122970,0,0,0,0.04807103,0.01052716,0.07238594,0.07639112,0.00429810,0.48892465,0.13257983,0.01036271,0.98963729,-12.38276005,0.09704746,0.09704746,272.00000000,4
44300,0.35913333,0.35913333,249,111.63306122,2.23052201,0.99765797,0.35578073,nan,0.02554947,0,0,0,0.07261679,0.00894503,0.13726383,0.14420666,0.01923597,0.88878459,0.14124209,0.11596407,0.88403593,-4.72921920,0.42037612,0.42037612,249.50000000,3
44400,0.27961436,0.27961436,286,111.89686047,2.55592515,0.99993770,0.27954469,nan,0.00000000,0,0,0,0.08243267,0.01097034,0.24857709,0.26319909,0.00000331,1.12313759,0.36586401,-0.06927267,1.06927267,-6.32617092,0.94701222,0.94701222,286.00000000,4
44500,0.77332014,0.77332014,135,112.18379710,1.20338234,0.15249412,0.00041819,nan,0.00000000,0,0,0,0.08053023,0.01434788,0.81599003,0.86031049,0.06254197,1.06449747,0.26188758,0.05204653,0.94795347,-0.29927087,0.78130063,0.78130063,135.00000000,4
44600,0.16599256,0.16599256,199,112.47332370,1.76930843,0.90627046,0.11197470,nan,0.00000000,0,0,0,0.09186030,0.01142954,0.10981400,0.11625180,0.00037131,0.85424805,0.28796276,-0.05267121,1.05267121,-3.92026854,0.65918000,0.65918000,199.00000000,3
44700,0.46971613,0.46971613,110,112.74933718,0.97561549,0.00000000,0.00000000,nan,0.00000000,0,0,0,0.03914349,0.00556854,0.29975995,0.31719512,0.00336236,0.60689884,0.10472948,-0.16661922,1.16661922,-9.63621635,0.34826289,0.34826289,110.00000000,3
44800,0.62572169,0.62572169,221,112.98324713,1.95604221,0.97416608,0.56352504,nan,0.00000000,0,0,0,0.16125385,0.00635015,0.53423482,0.56521440,0.00758208,1.04731035,0.17116806,-0.09887003,1.09887003,-0.64364594,0.55701728,0.55701728,221.00000000,4
44900,0.24223413,0.24223413,248,113.16326648,2.19152387,0.99658274,0.23893995,nan,0.02475819,0,0,0,0.06984787,0.00771788,0.06614886,0.06952166,0.00881134,0.93269825,0.21592508,0.04021626,0.95978374,-7.14762338,0.31828708,0.31828708,248.50000000,3
45000,0.10283406,0.10283406,323,113.37605714,2.84892603,0.99999885,0.10283359,nan,0.01333594,0,0,0,0.61962652,0.02454502,0.28347695,0.29640350,0.06372541,3.99729252,0.69458377,0.02557546,0.97442454,7.12164664,0.27431804,0.27431804,323.00000000,4
45100,2.03839588,2.03839588,74,113.31017094,0.65307465,0.00000000,0.00000000,nan,0.01356679,0,0,0,0.21188274,0.02941526,2.53207827,2.64513731,0.61007053,1.88263845,0.62677658,0.06433637,0.93566363,25.05513382,5.04543847,5.04543847,74.50000000,2
45200,0.35276824,0.35276824,246,113.33085227,2.17063575,0.99583714,0.34693072,nan,0.02542365,0,0,0,0.09467689,0.01079641,0.47246060,0.50015044,0.00173257,1.11464429,0.30284417,0.14018364,0.85981636,-4.73103088,0.37905302,0.37905302,246.00000000,4
45300,0.62638694,0.62638694,302,113.44824363,2.66200684,0.99998410,0.62634710,nan,0.02928707,0,0,0,0.09202420,0.01472833,0.57619327,0.60983825,0.00422852,0.97259414,0.29140675,-0.03430587,1.03430587,0.38159645,0.55673643,0.55673643,302.00000000,3
45400,1.96701097,1.96701097,171,113.71830508,1.50371569,0.63756785,0.32502175,nan,0.00000000,0,0,0,0.09284782,0.01185982,0.99179733,1.04499364,0.08746088,0.99424767,0.21377179,0.15577402,0.84422598,13.99584961,1.94962808,1.94962808,171.50000000,4
45500,0.92097461,0.92097461,177,114.01783099,1.55238877,0.70492727,0.22741803,nan,0.00000000,0,0,0,0.05471943,0.00856812,0.53890520,0.56996882,0.01082299,0.73512524,0.21221465,-0.08475296,1.08475296,-6.18427777,0.72911122,0.72911122,177.50000000,2
45600,0.79440403,0.79440403,344,114.30106742,3.00959569,0.99999990,0.79440372,nan,0.00000000,0,0,0,0.09039792,0.00933168,0.25458941,0.26599655,0.06066835,0.74776417,0.10190705,0.13407746,0.86592254,-1.09834659,0.40314771,0.40314771,344.50000000,4
45700,0.09544981,0.09544981,207,114.65907563,1.80535207,0.92530692,0.06997103,nan,0.00000000,0,0,0,0.04889539,0.00726755,0.03676055,0.03881522,0.00183140,0.79583234,0.22636649,0.06737131,0.93262869,-11.45044613,0.32661393,0.32661393,207.00000000,4
45800,0.35470545,0.35470545,228,115.03731844,1.98196553,0.97886923,0.32566162,nan,0.00713043,0,0,0,0.04865785,0.01167119,0.20229350,0.21405242,0.00239174,0.77469444,0.28773266,-0.05558063,1.05558063,-7.92023456,0.17397105,0.17397105,228.50000000,4
45900,0.51233923,0.51233923,247,115.34618384,2.14137990,0.99454374,0.50124860,nan,0.00000000,0,0,0,0.11249096,0.00764250,0.17331868,0.18008369,0.05831334,0.82082301,0.14458302,-0.28761474,1.28761474,-4.65462627,0.38116308,0.38116308,247.50000000,3
46000,0.11893508,0.11893508,243,115.64083333,2.10133387,0.99218527,0.11526065,nan,0.00000000,0,0,0,0.68850845,0.03065151,0.35420257,0.36604604,0.15286362,4.48077059,0.91512287,0.05369351,0.94630649,7.37397194,0.31563055,0.31563055,243.00000000,4
46100,0.54010272,0.54010272,217,115.71905817,1.87523130,0.95330505,0.44607095,nan,0.00000000,0,0,0,0.10458731,0.01420736,0.34734187,0.36771622,0.00097733,1.10788453,0.23467588,0.02489134,0.97510866,-2.31079340,0.55089339,0.55089339,217.50000000,4
46200,0.70453507,0.70453507,342,115.94292818,2.94972712,0.99999975,0.70453437,nan,0.00000000,0,0,0,0.12590824,0.01007738,1.77664363,1.88094115,0.00358663,1.41870308,0.24019735,0.02866865,0.97133135,0.35164893,2.03583961,2.03583961,342.50000000,4
46300,0.26567304,0.26567304,135,116.18969697,1.16189304,0.09952909,0.00002607,nan,0.03043970,0,0,0,0.09405985,0.02159200,0.74535459,0.78812778,0.01821007,0.86243129,0.37093928,-0.00492602,1.00492602,-2.56321510,0.73347591,0.73347591,135.50000000,4
46400,0.37626904,0.37626904,383,116.45818681,3.28873401,1.00000000,0.37626904,nan,0.00000000,0,0,0,0.07641760,0.00826261,1.07521105,1.13682592,0.02775643,1.20532167,0.20748694,-0.19992568,1.19992568,-4.39848042,1.32891687,1.32891687,383.00000000,4
46500,0.78223467,0.78223467,35,116.76810959,0.29973937,0.00000000,0.00000000,nan,0.00000000,0,0,0,0.09662584,0.00814310,0.25289160,0.26193383,0.09917307,0.78644902,0.19917864,0.08949982,0.91050018,-1.59058350,1.65097365,1.65097365,35.50000000,2
46600,0.43822110,0.43822110,379,117.03811475,3.23826132,1.00000000,0.43822109,nan,0.00000000,0,0,0,0.03891166,0.00878975,0.11639486,0.12314499,0.00164291,0.57113212,0.19579901,-0.00036949,1.00036949,-9.97894128,0.24376445,0.24376445,379.00000000,4
46700,0.36161110,0.36161110,243,117.28196185,2.07192987,0.98990923,0.34723481,nan,0.00000000,0,0,0,0.16944017,0.00664337,0.20060988,0.21224201,0.00286360,0.78720200,0.20848970,0.00200319,0.99799681,-5.42785629,0.51350856,0.51350856,243.00000000,4
46800,0.50994277,0.50994277,258,117.50782609,2.19559844,0.99671314,0.50327131,nan,0.00000000,0,0,0,0.05070066,0.01703822,0.07857767,0.08264624,0.00941186,0.63721913,0.37556785,-0.12479359,1.12479359,-0.20368425,0.25392434,0.25392434,258.00000000,4
46900,0.25282764,0.25282764,267,117.80680217,2.26642261,0.99836368,0.25117687,nan,0.00000000,0,0,0,0.05377118,0.00886827,0.07573041,0.07958674,0.01017276,0.64179587,0.25011379,0.07610909,0.92389091,-10.76206608,0.36142294,0.36142294,267.50000000,4
47000,0.48469388,0.48469388,241,118.07054054,2.04115268,0.98691116,0.45981146,nan,0.00914820,0,0,0,0.71613139,0.02350202,1.44045043,1.46220934,1.07054985,4.93635464,0.50598443,-0.11157750,1.11157750,12.84227180,3.15635475,3.15635475,241.00000000,3
47100,0.96808118,0.96808118,47,117.89191375,0.39867026,0.00000000,0.00000000,nan,0.00854405,0,0,0,1.01498437,0.03412559,1.00389624,1.03996134,0.39079103,2.72906613,0.60840392,-0.02945534,1.02945534,nan,2.39014291,2.39014291,47.50000000,2
47200,0.15008934,0.15008934,408,118.20174731,3.45172562,1.00000000,0.15008934,nan,0.00000000,0,0,0,0.05619153,0.00751037,0.14105213,0.14911674,0.00395349,0.82676911,0.21923640,-0.09241960,1.09241960,-9.41266839,0.10714578,0.10714578,408.00000000,4
47300,0.62254906,0.62254906,220,118.43782842,1.85751464,0.94720429,0.50112747,nan,0.00000000,0,0,0,0.14169639,0.01114804,0.24264155,0.25546086,0.02471373,1.08162892,0.16118936,-0.02626697,1.02626697,0.14666718,0.69108278,0.69108278,220.00000000,4
47400,0.76085824,0.76085824,535,118.68975936,4.50754979,1.00000000,0.76085824,nan,0.00000000,0,0,0,0.22853525,0.01447100,0.83095908,0.87833339,0.02559604,1.28243160,0.29267785,-0.08689204,1.08689204,2.02879755,0.80751330,0.80751330,535.50000000,4
47500,0.18611071,0.18611071,103,118.92416000,0.86609819,0.00000000,0.00000000,nan,0.00000000,0,0,0,0.05108888,0.01140736,0.09729067,0.10296565,0.00081617,0.53187668,0.18273017,0.07354902,0.92645098,-10.79429658,0.11266406,0.11266406,103.50000000,3
47600,0.51600623,0.51600623,138,119.20180851,1.15770056,0.09469001,0.00004148,nan,0.00000000,0,0,0,0.05004855,0.00636037,0.12795073,0.13518989,0.00488465,0.66104442,0.10847090,0.00413003,0.99586997,-8.84344864,0.34622028,0.34622028,138.00000000,4
47700,0.38731429,0.38731429,196,119.42859416,1.64114801,0.80684902,0.16414687,nan,0.00000000,0,0,0,0.05763033,0.00832823,0.16191031,0.17135768,0.00130498,0.69287288,0.23035127,0.01967170,0.98032830,-7.43729591,0.32982094,0.32982094,196.00000000,4
47800,0.33437288,0.33437288,91,119.68417989,0.76033441,0.00000000,0.00000000,nan,0.00000000,0,0,0,0.16044369,0.01416347,0.17502634,0.18502857,0.00498855,0.91573972,0.28381684,0.08041583,0.91958417,-2.67020965,0.60718687,0.60718687,91.00000000,3
47900,0.15173551,0.15173551,361,119.92503958,3.01021372,0.99999990,0.15173546,nan,0.00000000,0,0,0,0.04759645,0.00873945,0.02755092,0.02911059,0.00103653,0.59051883,0.12250842,-0.02558308,1.02558308,-11.22957182,0.42873263,0.42873263,361.50000000,3
48000,0.35859877,0.35859877,157,120.18378947,1.30633258,0.31295714,0.00343992,nan,0.00000000,0,0,0,0.57328218,0.02396590,0.83346331,0.88011122,0.04044839,3.40351582,0.37673447,0.05511123,0.94488877,9.72821093,2.10451788,2.10451788,157.50000000,4
48100,0.29843828,0.29843828,425,120.20887139,3.53551277,1.00000000,0.29843828,nan,0.00000000,0,0,0,0.14429681,0.01185014,0.32253140,0.34005618,0.02461074,1.02016175,0.27285659,-0.07744253,1.07744253,-2.93779260,0.50479795,0.50479795,425.00000000,3
48200,0.78994083,0.78994083,169,120.47447644,1.40278676,0.47740510,0.04103390,nan,0.00000000,0,0,0,0.18154280,0.01250729,1.15388811,1.22088337,0.01496669,0.83615977,0.27571061,0.05644881,0.94355119,-1.00011532,0.96026293,0.96026293,169.50000000,4
48300,0.13806419,0.13806419,320,120.69986945,2.65120419,0.99998165,0.13805406,nan,0.00000000,0,0,0,0.05753395,0.01225577,0.14468715,0.15318987,0.00014102,0.79367119,0.31802967,0.09768282,0.90231718,-10.00767398,0.31502410,0.31502410,320.50000000,4
48400,0.65059161,0.65059161,115,120.96700521,0.95067246,0.00000000,0.00000000,nan,0.00000000,0,0,0,0.11840533,0.01487306,0.63943648,0.67471188,0.03975478,1.30926132,0.40108904,0.13004244,0.86995756,1.88549121,1.00104615,1.00104615,115.50000000,3
48500,0.87540317,0.87540317,180,121.20602597,1.48507468,0.60983665,0.12107715,nan,0.00000000,0,0,0,0.17656256,0.00729114,0.73397553,0.77656621,0.00993342,0.97397637,0.13202046,-0.03127634,1.03127634,3.22043053,0.94716228,0.94716228,180.50000000,3
48600,0.56733644,0.56733644,104,121.44538860,0.85635199,0.00000000,0.00000000,nan,0.00000000,0,0,0,0.07156634,0.00814172,0.19756454,0.20687732,0.03924728,0.73713261,0.15129453,0.22841288,0.77158712,-4.98124194,0.47556659,0.47556659,104.50000000,2
48700,0.53742576,0.53742576,273,121.72033592,2.24284626,0.99792681,0.53298286,nan,0.00000000,0,0,0,0.17385668,0.00947346,0.38109529,0.40340468,0.00183615,1.24977219,0.16278736,0.06992167,0.93007833,-0.69617394,0.64286698,0.64286698,273.00000000,4
48800,0.31382683,0.31382683,17,122.02546392,0.13931518,0.00000000,0.00000000,nan,0.00000000,0,0,0,0.03792461,0.01219796,0.13312398,0.14090434,0.00085772,0.46483305,0.21168897,-0.02587002,1.02587002,-9.58283788,nan,nan,17.50000000,1
48900,0.43189874,0.43189874,294,122.22593830,2.40538141,0.99962940,0.43125885,nan,0.01767501,0,0,0,0.20453760,0.00809950,0.63808835,0.67528796,0.00569441,1.12331569,0.24519011,-0.03821345,1.03821345,-1.32421398,0.45210765,0.45210765,294.50000000,4
49000,0.18040165,0.18040165,290,122.45402564,2.36823574,0.99944039,0.17999818,nan,0.00000000,0,0,0,0.70414472,0.02962522,0.94917107,1.00356650,0.02445057,5.65026093,0.91882259,-0.10153316,1.10153316,9.57254696,1.38803481,1.38803481,290.50000000,2
49100,0.51578188,0.51578188,90,122.49933504,0.73469787,0.00000000,0.00000000,nan,0.00000000,0,0,0,0.14946304,0.01525471,0.27897626,0.29402819,0.02309303,1.15558779,0.30084640,0.06696079,0.93303921,-1.91972178,0.91948410,0.91948410,90.00000000,2
49200,0.75644684,0.75644684,120,122.66459184,0.97827742,0.00000000,0.00000000,nan,0.00000000,0,0,0,0.12916514,0.01370591,0.30463982,0.32255802,0.00003086,0.97757763,0.30130774,-0.04809842,1.04809842,0.07879376,0.33502890,0.33502890,120.00000000,4
49300,0.26031855,0.26031855,284,122.78264631,2.31303045,0.99898837,0.25926676,nan,0.00000000,0,0,0,0.06251650,0.00368435,0.09755754,0.10329545,0.00001304,0.84220618,0.08524083,0.00361982,0.99638018,-9.00256834,0.34782747,0.34782747,284.50000000,4
49400,0.27635595,0.27635595,45,122.95035533,0.36600138,0.00000000,0.00000000,nan,0.00000000,0,0,0,0.04313997,0.00538410,0.11390337,0.12057257,0.00052702,0.43648592,0.13152006,-0.00848495,1.00848495,-11.50031408,0.11467536,0.11467536,45.00000000,2
49500,1.55531192,1.55531192,514,123.11789873,4.17486008,1.00000000,1.55531192,nan,0.00000000,0,0,0,0.15306659,0.01572159,1.96786988,2.08356285,0.00109250,0.97129822,0.18199073,-0.02681501,1.02681501,11.55366898,2.45441535,2.45441535,514.00000000,4
49600,0.19906379,0.19906379,128,123.21027778,1.03887437,0.00602663,0.00000000,nan,0.01308236,0,0,0,0.05132364,0.00884140,0.04494539,0.04635083,0.02105287,0.66121030,0.24214152,0.10960690,0.89039310,-10.29633395,0.30976856,0.30976856,128.00000000,3
49700,0.19015652,0.19015652,330,123.25219144,2.67743718,0.99998706,0.19014668,nan,0.00000000,0,0,0,0.03332759,0.00417027,0.03426450,0.03623068,0.00083947,0.48454317,0.15857261,0.03599420,0.96400580,-14.78038534,0.11402071,0.11402071,330.50000000,4
49800,0.25093135,0.25093135,102,123.35964824,0.82685061,0.00000000,0.00000000,nan,0.00000000,0,0,0,0.05679169,0.00613711,0.05489904,0.05811177,0.00028252,0.42314154,0.07451007,0.04374180,0.95625820,-11.55949335,0.24916374,0.24916374,102.50000000,3
49900,0.41708624,0.41708624,214,123.47756892,1.73310830,0.88349151,0.25411798,nan,0.00000000,0,0,0,0.11839243,0.00610296,0.08186008,0.08535773,0.02239993,0.91407967,0.09408493,0.13058097,0.86941903,-5.27615490,0.37175200,0.37175200,214.00000000,4
50000,1.53098071,1.53098071,384,123.55327500,3.10797103,0.99999998,1.53098059,nan,0.00000000,0,0,0,0.68589371,0.02404368,5.64896870,5.98113823,0.00208337,4.80450630,0.49968052,-0.10579082,1.10579082,22.81861560,12.73425102,12.73425102,384.00000000,4
50100,0.29330486,0.29330486,45,123.39154613,0.36469273,0.00000000,0.00000000,nan,0.05255154,0,0,0,0.46492067,0.01893732,2.80272770,2.96641159,0.02010115,6.21144629,0.29485193,0.09947013,0.90052987,10.08932908,2.69101123,2.69101123,45.00000000,2
50200,0.40562379,0.40562379,76,123.27848259,0.61649039,0.00000000,0.00000000,nan,0.08400470,0,0,0,0.94241482,0.05294160,0.82341743,0.87185341,0.00000580,7.53116512,0.62845993,-0.00089564,1.00089564,13.56740030,21.35740172,20.00000000,76.00000000,2
50300,0.24840811,0.24840811,81,123.39928040,0.65640577,0.00000000,0.00000000,nan,0.15186001,0,0,0,0.21873300,0.01292249,0.47384486,0.49875838,0.05031469,3.15431595,0.19296658,-0.17696995,1.17696995,2.18554055,12.29529447,12.29529447,81.50000000,3
50400,0.46020883,0.46020883,208,123.65950495,1.68203811,0.84443691,0.23400427,nan,0.19246317,0,0,0,0.19176191,0.02002981,0.57057565,0.60406119,0.00132205,2.41845250,0.23779196,-0.15209493,1.15209493,0.47978024,6.13269003,6.13269003,208.50000000,3
50500,0.37962484,0.37962484,222,123.86328395,1.79229868,0.91880883,0.27055481,nan,0.21156880,0,0,0,0.20185350,0.01695958,0.38759947,0.41002977,0.00628449,2.87242937,0.34516054,0.14989005,0.85010995,0.66433075,6.97427331,6.97427331,222.00000000,3
50600,0.13054448,0.13054448,423,124.18421182,3.40623010,1.00000000,0.13054448,nan,0.24203627,0,0,0,0.24855290,0.00951984,0.56861645,0.60159147,0.00804221,3.59034681,0.25293767,-0.07355517,1.07355517,1.42004033,2.67582656,2.67582656,423.50000000,4
50700,0.45424545,0.45424545,295,124.53567568,2.36879913,0.99944383,0.45323575,nan,0.18245180,0,0,0,0.13764121,0.01022972,1.84349763,1.94750619,0.07535471,1.82316315,0.20807794,0.01279162,0.98720838,-4.41344817,1.76954834,1.76954834,295.00000000,4
50800,0.41154468,0.41154468,196,124.80882353,1.57040179,0.72785841,0.11550602,nan,0.21390478,0,0,0,0.20431861,0.01173511,1.92879808,2.04225612,0.00001089,2.50319123,0.17941934,-0.03804900,1.03804900,0.41239041,8.38964062,8.38964062,196.00000000,3
50900,0.19348522,0.19348522,253,125.15073350,2.02156226,0.98461493,0.18185006,nan,0.25445015,0,0,0,0.20818444,0.01278981,1.31275141,1.38949025,0.00819373,3.49680591,0.29647839,-0.06188722,1.06188722,-2.10862269,2.20832825,2.20832825,253.50000000,4
51000,1.36022103,1.36022103,52,125.54070732,0.41420828,0.00000000,0.00000000,nan,0.17097934,0,0,0,0.72856939,0.03186978,4.99635315,5.16480303,2.13270307,8.28283596,0.88509864,0.06050075,0.93949925,22.24100685,8.81510915,8.81510915,52.00000000,3
51100,0.24443942,0.24443942,65,125.75776156,0.51686671,0.00000000,0.00000000,nan,0.13822357,0,0,0,0.11394763,0.01417075,0.25550151,0.26997530,0.00944689,1.69937408,0.33446997,0.07569466,0.92430534,-6.01865387,4.14566788,4.14566788,65.00000000,2
51200,0.82158786,0.82158786,365,126.06262136,2.89538640,0.99999943,0.82158597,nan,0.07711094,0,0,0,0.11149478,0.01042896,1.60293412,1.68653512,0.18171649,1.86763430,0.29603240,-0.12197216,1.12197216,1.87321654,5.07113421,5.07113421,365.00000000,4
51300,0.23331380,0.23331380,501,126.47595642,3.96122721,1.00000000,0.23331380,nan,0.14410352,0,0,0,0.16665553,0.01796264,0.23600329,0.24983895,0.00079747,2.03180861,0.33077133,0.05363120,0.94636880,-0.50748189,0.91619632,0.91619632,501.00000000,4
51400,0.61202472,0.61202472,303,126.80719807,2.38945426,0.99955717,0.61094136,nan,0.15695034,0,0,0,0.24665006,0.01150649,4.04502296,4.27122879,0.19951968,3.21359181,0.24667236,0.16906687,0.83093313,5.56693761,3.90650475,3.90650475,303.00000000,4
51500,0.16736980,0.16736980,154,127.15187952,1.21115001,0.16333983,0.00011914,nan,0.08220219,0,0,0,0.17370278,0.00667577,0.10498448,0.10945161,0.02904324,2.50483584,0.16838676,0.08618535,0.91381465,-2.43644863,0.33722537,0.33722537,154.50000000,4
51600,0.88405579,0.88405579,198,127.45639423,1.55347247,0.70633838,0.22005482,nan,0.01794537,0,0,0,0.16527227,0.01470237,3.79374695,4.00985527,0.11990452,2.79383063,0.39026955,-0.02166564,1.02166564,4.41827285,7.44999634,7.44999634,198.50000000,4
51700,0.48310152,0.48310152,414,127.77645084,3.24003365,1.00000000,0.48310151,nan,0.05572411,0,0,0,0.16023296,0.00779045,0.89866364,0.94920820,0.03940651,2.28939247,0.13974057,0.17605407,0.82394593,-0.25915873,2.12127809,2.12127809,414.50000000,4
51800,0.17948209,0.17948209,433,128.18272727,3.37799023,1.00000000,0.17948209,nan,0.03477579,0,0,0,0.11189428,0.01103791,0.18802726,0.19904318,0.00075650,1.58221793,0.41511807,-0.00716183,1.00716183,-3.93470955,2.17887534,2.17887534,433.50000000,3
51900,0.86651009,0.86651009,446,128.55252983,3.46939886,1.00000000,0.86651009,nan,0.00000000,0,0,0,0.10819873,0.01160293,2.90139699,3.06859565,0.05901970,1.41031849,0.14781982,0.09963851,0.90036149,-0.94274887,1.40238191,1.40238191,446.00000000,4
52000,0.22711928,0.22711928,356,128.95026190,2.76075438,0.99999589,0.22711554,nan,0.01797463,0,0,0,0.84179902,0.01859100,4.53227568,4.79828262,0.01016087,9.35035515,0.39796397,0.12956174,0.87043826,13.57968521,5.65702042,5.65702042,356.50000000,4
52100,0.59631443,0.59631443,350,129.04465558,2.71223941,0.99999193,0.59629518,nan,0.00000000,0,0,0,0.11668049,0.00787217,2.21274638,2.34018135,0.04634702,1.77763569,0.26144728,-0.04580890,1.04580890,-2.02675320,2.84850124,2.84850124,350.50000000,4
52200,0.32572722,0.32572722,373,129.33879147,2.88389891,0.99999932,0.32572633,nan,0.00000000,0,0,0,0.16967317,0.01812496,1.03665102,1.09737265,0.00438249,2.21055484,0.43947369,-0.08891045,1.08891045,0.34503472,0.38536998,0.38536998,373.00000000,4
52300,0.57975650,0.57975650,644,129.66879433,4.96649948,1.00000000,0.57975650,nan,0.01330361,0,0,0,0.15241042,0.01235412,1.09679818,1.16128480,0.00052506,2.01024723,0.16552535,-0.06911637,1.06911637,-0.68438967,2.36089507,2.36089507,644.50000000,4
52400,1.02446580,1.02446580,415,129.97752358,3.19285972,1.00000000,1.02446578,nan,0.00000000,0,0,0,0.22308043,0.01993788,1.34599316,1.42515004,0.00032592,2.33734846,0.49034807,-0.01737991,1.01737991,15.65192318,4.40139285,4.40139285,415.50000000,3
52500,0.39512441,0.39512441,315,130.44371765,2.41483458,0.99966689,0.39459818,nan,0.00000000,0,0,0,0.08059298,0.00597205,0.14814019,0.15677324,0.00137812,1.04144526,0.11240355,-0.10444572,1.10444572,-7.37839949,0.21115308,0.21115308,315.50000000,4
52600,1.13656104,1.13656104,347,130.82784038,2.65234066,0.99998192,1.13647886,nan,0.00000000,0,0,0,0.19368111,0.01911138,1.57190156,1.66431653,0.00084621,2.86464691,0.59879172,0.02269799,0.97730201,9.49792433,3.12448634,3.12448634,347.00000000,4
52700,0.31281793,0.31281793,517,131.23772834,3.93941595,1.00000000,0.31281793,nan,0.00000000,0,0,0,0.13926774,0.00938863,0.86922753,0.92034262,0.00027159,1.98660219,0.22510041,0.07533388,0.92466612,-2.45266418,2.38461629,2.38461629,517.50000000,4
52800,0.39450991,0.39450991,407,131.68390187,3.09073466,0.99999997,0.39450987,nan,0.00000000,0,0,0,0.08126196,0.00633907,0.71979266,0.76089275,0.02109184,1.03032112,0.13377775,0.14601413,0.85398587,-6.63315566,0.18467018,0.18467018,407.50000000,4
52900,0.28122574,0.28122574,106,132.12834499,0.80225027,0.00000000,0.00000000,nan,0.00000000,0,0,0,0.08862367,0.01332985,0.40227664,0.42540073,0.00916669,0.92552882,0.24543773,0.09968544,0.90031456,-4.54484415,0.32648242,0.32648242,106.50000000,2
53000,0.77848554,0.77848554,241,132.58734884,1.81766965,0.93104731,0.58497532,nan,0.00000000,0,0,0,0.68643898,0.03302358,2.63970256,2.68393087,1.88782084,5.73705769,0.56514233,0.10235828,0.89764172,16.28207302,5.28269646,5.28269646,241.00000000,4
53100,0.28322631,0.28322631,263,132.82113689,1.98010653,0.97855868,0.25970546,nan,0.03890794,0,0,0,0.14030758,0.00669966,0.16746818,0.17479913,0.04284191,1.68624139,0.15526706,0.05322809,0.94677191,-1.57870714,0.75080405,0.75080405,263.00000000,4
53200,0.63614959,0.63614959,460,133.17736111,3.45404051,1.00000000,0.63614959,nan,0.00000000,0,0,0,0.08207577,0.01035454,1.72981334,1.83155966,0.00012565,1.22282910,0.50172997,0.03742516,0.96257484,-0.61468056,2.39426752,2.39426752,460.00000000,4
53300,0.12261208,0.12261208,259,133.61494226,1.93840596,0.97047220,0.10875911,nan,0.00000000,0,0,0,0.09765407,0.00906126,0.11491794,0.12164883,0.00049284,1.14976096,0.16069873,-0.01068972,1.01068972,-9.60231447,1.14718330,1.14718330,259.50000000,4
53400,0.15243846,0.15243846,312,134.02285714,2.32796112,0.99913599,0.15191231,nan,0.00000000,0,0,0,0.06893715,0.00875963,0.08648528,0.09145878,0.00193554,0.86200237,0.12014333,-0.05666096,1.05666096,-10.65651894,0.15316631,0.15316631,312.00000000,4
53500,0.95246875,0.95246875,325,134.32068966,2.41958257,0.99968434,0.95126671,nan,0.00710829,0,0,0,0.08704281,0.00901900,0.89769340,0.95027781,0.00375937,1.11974120,0.20224482,-0.00747802,1.00747802,1.16286495,1.15777471,1.15777471,325.00000000,3
53600,0.55792630,0.55792630,111,134.68383028,0.82415239,0.00000000,0.00000000,nan,0.00000000,0,0,0,0.08892928,0.01423272,0.28999949,0.30295989,0.06967262,0.88476497,0.21477959,-0.08778403,1.08778403,-1.54552071,1.12002311,1.12002311,111.00000000,4
53700,0.44103414,0.44103414,248,134.96663616,1.83749115,0.93952745,0.34364506,nan,0.01415587,0,0,0,0.10076354,0.00692281,0.22645627,0.23907697,0.01190432,1.31141961,0.12681836,-0.09501622,1.09501622,-3.06306016,1.40108659,1.40108659,248.00000000,3
53800,0.46071428,0.46071428,93,135.37538813,0.68697864,0.00000000,0.00000000,nan,0.00000000,0,0,0,0.07882398,0.00982770,0.18190652,0.19100872,0.02716922,0.89469951,0.28990513,-0.12003839,1.12003839,-8.22050405,3.98127832,3.98127832,93.00000000,3
53900,0.24626191,0.24626191,117,135.85617312,0.86120489,0.00000000,0.00000000,nan,0.00000000,0,0,0,0.08660404,0.00978941,0.11958624,0.12644321,0.00301797,1.05757248,0.19675618,-0.02015873,1.02015873,-7.15203317,0.25354016,0.25354016,117.00000000,4
54000,0.54264396,0.54264396,96,136.38370455,0.70389641,0.00000000,0.00000000,nan,0.00000000,0,0,0,0.58446819,0.02526511,0.80383176,0.76495820,1.46468294,6.70443916,0.82305288,0.13000567,0.86999433,13.71084452,4.25610925,4.25610925,96.50000000,4
54100,0.22100276,0.22100276,263,136.70993197,1.92378122,0.96707381,0.19330193,nan,0.00000000,0,0,0,0.05111676,0.00470135,0.10689114,0.11317401,0.00008259,0.61540765,0.13082010,0.12606650,0.87393350,-12.91356754,2.46863499,2.46863499,263.50000000,4
54200,0.76102626,0.76102626,511,137.15513575,3.72570810,1.00000000,0.76102626,nan,0.00000000,0,0,0,0.06966910,0.00560102,0.19993888,0.21157201,0.00217598,0.74189538,0.08672247,0.08481915,0.91518085,-6.10761762,0.47883468,0.47883468,511.50000000,4
54300,0.25850356,0.25850356,427,137.56011287,3.10409748,0.99999998,0.25850354,nan,0.00000000,0,0,0,0.06256936,0.00622316,0.26345474,0.27892116,0.00052570,0.75012493,0.09333132,-0.04458676,1.04458676,-10.84406249,1.14918505,1.14918505,427.00000000,4
54400,0.18060468,0.18060468,251,138.00146396,1.81882128,0.93156516,0.13601348,nan,0.00000000,0,0,0,0.05768798,0.00599642,0.05512450,0.05809638,0.00460255,0.66825145,0.10418027,-0.05178669,1.05178669,-10.60934607,0.63378465,0.63378465,251.00000000,4
54500,0.79733980,0.79733980,561,138.38615730,4.05387367,1.00000000,0.79733980,nan,0.00000000,0,0,0,0.06267373,0.01551818,0.15984625,0.16891652,0.00565170,0.79600304,0.42487946,0.03533449,0.96466551,-0.98810235,1.22905624,1.22905624,561.00000000,4
54600,0.49716446,0.49716446,316,138.76042601,2.27730636,0.99853521,0.49425789,nan,0.00000000,0,0,0,0.07154410,0.00991539,0.31744227,0.33569884,0.00708044,0.72551793,0.19890624,0.03241492,0.96758508,-5.47710037,0.15874425,0.15874425,316.50000000,3
54700,0.32407597,0.32407597,576,139.19563758,4.13806072,1.00000000,0.32407597,nan,0.00000000,0,0,0,0.04875243,0.00755791,0.07292409,0.07666993,0.00924480,0.47269741,0.18025571,0.07375902,0.92624098,-9.29662514,0.44701566,0.44701566,576.50000000,4
54800,0.55229354,0.55229354,304,139.57064732,2.17810840,0.99611937,0.54377032,nan,0.00000000,0,0,0,0.06183851,0.00407076,0.37086731,0.39189899,0.01332821,0.56203157,0.12853958,-0.13568401,1.13568401,-7.17445517,0.31397595,0.31397595,304.50000000,4
54900,0.35794008,0.35794008,112,139.99690423,0.80001769,0.00000000,0.00000000,nan,0.00000000,0,0,0,0.08704800,0.00971701,0.05909611,0.06230550,0.00453638,0.83816266,0.24728598,0.01464383,0.98535617,-8.81099153,0.66249091,0.66249091,112.50000000,4
55000,0.42529607,0.42529607,433,140.35653333,3.08500067,0.99999997,0.42529602,nan,0.00000000,0,0,0,0.57359731,0.02641291,1.77768147,1.87653017,0.09725261,4.71473598,0.60896546,0.09372705,0.90627295,10.91786456,4.43448442,4.43448442,433.00000000,4
55100,0.54650182,0.54650182,197,140.66230599,1.40051735,0.47358036,0.02748947,nan,0.00000000,0,0,0,0.06214605,0.00784498,0.16915588,0.17889173,0.00364642,0.60455167,0.14744183,-0.21220933,1.21220933,-6.63233924,0.58065192,0.58065192,197.00000000,2
55200,0.93300807,0.93300807,468,141.17898230,3.31494102,1.00000000,0.93300807,nan,0.00000000,0,0,0,0.06676879,0.01069231,0.42494351,0.44983238,0.00183253,0.65726894,0.23886517,0.05590261,0.94409739,4.16672522,1.31609520,1.31609520,468.50000000,4
55300,0.75169736,0.75169736,254,141.58428256,1.79398444,0.91967265,0.53774468,nan,0.00000000,0,0,0,0.08130364,0.00800376,0.30875543,0.32677814,0.00236955,0.84987187,0.26436499,0.05466590,0.94533410,-2.65462023,2.47906812,2.47906812,254.00000000,4
55400,0.40476829,0.40476829,545,141.92103524,3.84016364,1.00000000,0.40476829,nan,0.00000000,0,0,0,0.07367887,0.00454783,0.23592646,0.24909957,0.01198334,0.68388873,0.13840604,0.02772207,0.97227793,-8.02509403,0.30756120,0.30756120,545.00000000,4
55500,0.78740519,0.78740519,344,142.34630769,2.41664154,0.99967363,0.78637777,nan,0.00000000,0,0,0,0.05298023,0.00731562,0.55968285,0.59221816,0.00658152,0.57979321,0.23896129,0.02106440,0.97893560,-4.70025608,2.19854422,2.19854422,344.50000000,3
55600,1.22015023,1.22015023,77,142.80103070,0.53921179,0.00000000,0.00000000,nan,0.00000000,0,0,0,0.06922828,0.00936202,0.55434853,0.58603770,0.01563266,0.61458135,0.24643642,-0.03391018,1.03391018,2.91235623,0.79311147,0.79311147,77.00000000,4
55700,0.18408130,0.18408130,161,143.19886214,1.12431061,0.05994088,0.00000238,nan,0.00000000,0,0,0,0.06490477,0.00803850,0.14275135,0.15044570,0.01194728,0.72078532,0.24175555,0.03475962,0.96524038,-10.58300209,0.25121538,0.25121538,161.00000000,3
55800,0.25844276,0.25844276,308,143.59917031,2.14485919,0.99471462,0.25302205,nan,0.00000000,0,0,0,0.04966466,0.00707163,0.14609016,0.15453972,0.00244751,0.45452315,0.07802945,0.08084799,0.91915201,-13.74087620,0.26513823,0.26513823,308.00000000,4
55900,0.93144196,0.93144196,391,144.01875817,2.71492412,0.99999222,0.93141297,nan,0.00000000,0,0,0,0.09006330,0.00977048,0.38018429,0.40215704,0.00664719,0.85015494,0.38769358,0.06892084,0.93107916,0.38387245,2.98588805,2.98588805,391.50000000,4
56000,0.50377470,0.50377470,482,144.40813043,3.33776221,1.00000000,0.50377470,nan,0.00000000,0,0,0,0.60678178,0.02630065,1.77893829,1.85539472,0.47917956,5.19277000,0.30403215,0.03678192,0.96321808,12.92117643,1.89182363,1.89182363,482.50000000,4
56100,0.62409908,0.62409908,14,144.48177874,0.09689803,0.00000000,0.00000000,nan,0.00000000,0,0,0,0.68392545,0.04573130,3.23215580,3.41988802,0.04070505,3.54650402,0.92018783,-0.01332263,1.01332263,12.58078512,nan,nan,14.00000000,1
56200,0.12679365,0.12679365,271,144.67279221,1.87319257,0.95263450,0.10442458,nan,0.00000000,0,0,0,0.07594872,0.00888365,0.12205410,0.12923212,0.00002766,0.93413758,0.24002255,0.08966343,0.91033657,-8.92565982,0.32095571,0.32095571,271.00000000,3
56300,0.50786686,0.50786686,116,145.06812095,0.79962434,0.00000000,0.00000000,nan,0.00000000,0,0,0,0.07666155,0.00786180,0.05650600,0.05974117,0.00150808,0.66063190,0.14718768,-0.03388668,1.03388668,-8.09095860,1.59202941,1.59202941,116.50000000,3
56400,0.14059034,0.14059034,276,145.48245690,1.89713596,0.96002143,0.11942058,nan,0.00000000,0,0,0,0.05499979,0.00677422,0.18134369,0.19200303,0.00013496,0.67781389,0.16457789,0.05461647,0.94538353,-12.09200668,0.17126663,0.17126663,276.50000000,4
56500,0.37285790,0.37285790,39,145.89840860,0.26730929,0.00000000,0.00000000,nan,0.00000000,0,0,0,0.08275241,0.00816503,0.10385244,0.10994786,0.00023042,0.78583360,0.17190115,-0.03264022,1.03264022,-6.64121571,0.45675891,0.45675891,39.50000000,2
56600,1.19369614,1.19369614,21,146.29684549,0.14354376,0.00000000,0.00000000,nan,0.00000000,0,0,0,0.07839768,0.00914240,0.24773993,0.25813904,0.07095467,0.53061253,0.13988918,-0.16774886,1.16774886,1.24243116,nan,nan,21.00000000,1
56700,0.36407357,0.36407357,463,146.68226981,3.15648238,0.99999999,0.36407356,nan,0.00000000,0,0,0,0.05772308,0.01226837,0.15980591,0.16880076,0.00689348,0.72673631,0.36221007,-0.02531035,1.02531035,-5.29745460,1.58480587,1.58480587,463.00000000,4
56800,0.30768842,0.30768842,226,146.95166667,1.53792063,0.68570851,0.06802512,nan,0.00000000,0,0,0,0.05317028,0.00738148,0.10183528,0.10663999,0.02015519,0.54664677,0.14279042,-0.08087040,1.08087040,-10.41312313,1.21864302,1.21864302,226.50000000,4
56900,0.54810059,0.54810059,104,147.24343284,0.70631333,0.00000000,0.00000000,nan,0.00000000,0,0,0,0.07020943,0.00798183,0.28947935,0.30567998,0.01406852,0.57598209,0.15597865,-0.05935285,1.05935285,-9.52304459,0.32278773,0.32278773,104.50000000,4
57000,0.22514661,0.22514661,284,147.45944681,1.92595324,0.96759873,0.19735429,nan,0.00000000,0,0,0,0.54635042,0.02330060,0.47874340,0.50572240,0.02010026,4.66604519,0.53129709,0.01334093,0.98665907,8.50167322,0.69443956,0.69443956,284.50000000,4
57100,0.99139678,0.99139678,374,147.61885350,2.53355172,0.99991786,0.99107110,nan,0.00000000,0,0,0,0.47788489,0.02243612,3.68035388,3.88442087,0.21121526,4.55543184,0.46384206,-0.02649139,1.02649139,16.62659478,7.64497851,7.64497851,374.50000000,4
57200,1.00724745,1.00724745,19,147.60021186,0.12872610,0.00000000,0.00000000,nan,0.00000000,0,0,0,0.52618891,0.04250909,2.06526852,2.18655157,0.00345565,2.18074632,0.65912986,0.10208477,0.89791523,14.34114202,nan,nan,19.00000000,1
57300,0.05644618,0.05644618,96,147.84082452,0.64934703,0.00000000,0.00000000,nan,0.00000000,0,0,0,0.07533292,0.00704625,0.07245196,0.07664295,0.00120492,0.96868199,0.16114298,-0.02973188,1.02973188,-9.13606250,0.93903865,0.93903865,96.00000000,3
57400,0.32189545,0.32189545,316,148.06632911,2.13417866,0.99417412,0.31445945,nan,0.00000000,0,0,0,0.10039454,0.00754898,0.35176164,0.37232146,0.00224419,0.78573108,0.13950230,0.05340109,0.94659891,-6.70354824,0.64059191,0.64059191,316.00000000,3
57500,0.39845759,0.39845759,278,148.33267368,1.87416564,0.95295554,0.32860386,nan,0.00000000,0,0,0,0.06314979,0.01124253,0.15536502,0.16384663,0.01117758,0.63638484,0.22179741,0.05834775,0.94165225,-6.02772141,0.58597615,0.58597615,278.50000000,4
57600,0.45337534,0.45337534,180,148.56121849,1.21162173,0.16400698,0.00032803,nan,0.00000000,0,0,0,0.06196579,0.00854442,0.34656513,0.36689994,0.00087284,0.74966365,0.24789664,0.01112617,0.98887383,-6.45243438,1.14726888,1.14726888,180.00000000,4
57700,0.87700915,0.87700915,208,148.76197065,1.39820681,0.46967998,0.04267881,nan,0.00541178,0,0,0,0.12606120,0.01133209,1.01164675,1.07082474,0.00562096,0.86373150,0.21737999,0.09308669,0.90691331,2.06494081,0.89558272,0.89558272,208.50000000,3
57800,0.28980145,0.28980145,181,149.02725941,1.21454290,0.16815955,0.00023173,nan,0.02316369,0,0,0,0.04844505,0.01090764,0.09828597,0.10376271,0.00518134,0.74452507,0.48514044,0.05442461,0.94557539,-5.94430149,0.66439377,0.66439377,181.50000000,4
57900,0.39852655,0.39852655,111,149.29091858,0.74351475,0.00000000,0.00000000,nan,0.00000000,0,0,0,0.06340078,0.00613273,0.23320764,0.24689360,0.00054639,0.74205196,0.19244054,0.04185694,0.95814306,-9.02596283,0.89003293,0.89003293,111.50000000,4
58000,0.22492091,0.22492091,649,149.59468750,4.33838936,1.00000000,0.22492091,nan,0.00000000,0,0,0,0.58561397,0.02369960,0.73218423,0.77474391,0.00867034,5.39829254,0.61179000,0.03997545,0.96002455,9.25657797,1.15388461,1.15388461,649.00000000,4
58100,0.30907142,0.30907142,428,149.59814969,2.86099795,0.99999904,0.30907023,nan,0.06562884,0,0,0,0.72347558,0.03744927,0.46173441,0.48579285,0.05274129,3.76446795,0.49299443,0.08610179,0.91389821,10.38586426,1.38136890,1.38136890,428.50000000,3
58200,0.34375364,0.34375364,62,149.70325726,0.41415265,0.00000000,0.00000000,nan,0.09172943,0,0,0,0.54712391,0.02044008,1.00712216,1.05272460,0.23188126,4.49171448,0.51040131,-0.00502231,1.00502231,9.95743656,1.34150595,1.34150595,62.00000000,3
58300,0.51003951,0.51003951,234,149.89167702,1.56112737,0.71619154,0.13419013,nan,0.05008908,0,0,0,0.42190251,0.02160226,0.80894512,0.83422667,0.37915900,3.03225803,0.59631562,0.07950669,0.92049331,8.51709461,1.94510917,1.94510917,234.50000000,3
58400,0.12946731,0.12946731,15,150.03524793,0.09997651,0.00000000,0.00000000,nan,0.07102549,0,0,0,0.42608935,0.02690854,0.31837547,0.33699214,0.00189193,3.09193802,0.63579106,-0.09926777,1.09926777,4.57025427,nan,nan,15.50000000,1
58500,1.07760644,1.07760644,202,150.10736082,1.34570349,0.38000485,0.02247071,nan,0.09295717,0,0,0,0.45819011,0.02264670,3.84595704,4.03321266,0.66261530,2.74217510,0.32501677,0.11340085,0.88659915,13.33433723,6.88817418,6.88817418,202.50000000,3
58600,0.05329241,0.05329241,110,150.13427984,0.73267744,0.00000000,0.00000000,nan,0.12931997,0,0,0,0.46637195,0.01615579,0.33917093,0.35850888,0.01042563,3.80701065,0.47650820,0.00077290,0.99922710,6.04613066,1.11413526,1.11413526,110.00000000,3
58700,0.30507264,0.30507264,40,150.19948665,0.26631249,0.00000000,0.00000000,nan,0.10648731,0,0,0,0.31651768,0.02213020,0.69198138,0.70583975,0.45638871,2.68015671,0.40267822,0.04979809,0.95020191,4.12101710,1.36137757,1.36137757,40.00000000,2
58800,0.12294970,0.12294970,121,150.28639344,0.80512944,0.00000000,0.00000000,nan,0.11721286,0,0,0,0.07068601,0.01062251,0.13278736,0.13978955,0.01375021,0.81326061,0.20427006,0.09698581,0.90301419,-8.92699305,0.84070256,0.84070256,121.00000000,2
58900,1.52265942,1.52265942,428,150.47705521,2.84428745,0.99999877,1.52265191,nan,0.06809368,0,0,0,0.07418673,0.00869830,0.23028533,0.23611024,0.13126196,0.60581398,0.20794053,0.06041976,0.93958024,4.00345349,1.02682157,1.02682157,428.00000000,4
59000,0.21677017,0.21677017,275,150.70683673,1.82473474,0.93417460,0.16508657,nan,0.08142526,0,0,0,0.48042816,0.02424744,0.55392665,0.58622348,0.00488025,3.30571318,0.42560408,0.01380932,0.98619068,5.95009124,0.59145107,0.59145107,275.50000000,4
59100,0.21640584,0.21640584,270,150.83663951,1.79001601,0.91762730,0.15343848,nan,0.06366627,0,0,0,0.35004199,0.01094334,1.02366436,1.07968211,0.07136329,2.92917943,0.16994683,0.08713175,0.91286825,4.01368892,2.15580410,2.15580410,270.00000000,3
59200,0.22885656,0.22885656,105,150.88272358,0.69590472,0.00000000,0.00000000,nan,0.04717156,0,0,0,0.05687312,0.01997965,0.39819801,0.42145488,0.00283085,1.36976719,1.00261009,-0.04636560,1.04636560,-2.19587183,0.10744589,0.10744589,105.00000000,4
59300,0.22559823,0.22559823,69,151.07651116,0.45672222,0.00000000,0.00000000,nan,0.04626374,0,0,0,0.08182001,0.00849612,0.14065970,0.14812374,0.01377103,0.90008026,0.13510899,0.21655980,0.78344020,-8.19935083,0.35183489,0.35183489,69.00000000,3
59400,0.54091269,0.54091269,370,151.36556680,2.44441327,0.99976249,0.54039899,nan,0.00000000,0,0,0,0.07868784,0.00313719,0.35509551,0.37508941,0.01519860,1.14941132,0.07209348,0.38097338,0.61902662,-5.53002914,1.26197908,1.26197908,370.50000000,4
59500,0.36162299,0.36162299,312,151.62973737,2.05764387,0.98860342,0.34541761,nan,0.00000000,0,0,0,0.15493317,0.01002358,0.15798157,0.16716230,0.00190936,1.33342779,0.39321226,-0.10990464,1.10990464,-3.56183374,1.55403736,1.55403736,312.50000000,3
59600,0.55136657,0.55136657,42,151.87719758,0.27653921,0.00000000,0.00000000,nan,0.00000000,0,0,0,0.12132481,0.01058782,0.21696827,0.22502211,0.08005293,1.05420065,0.27808416,0.16230955,0.83769045,-1.74763018,0.55014204,0.55014204,42.50000000,2
59700,0.65031928,0.65031928,330,152.10835010,2.16950614,0.99579289,0.63944428,nan,0.00000000,0,0,0,0.17001148,0.01072322,0.85687435,0.90521508,0.03508211,0.92072570,0.20157236,-0.02945943,1.02945943,2.01863289,1.03079588,1.03079588,330.00000000,4
59800,0.27861837,0.27861837,296,152.39720884,1.94229279,0.97132308,0.24800737,nan,0.00000000,0,0,0,0.11599052,0.00627661,0.10165290,0.10740304,0.00390068,0.70927000,0.18558852,-0.05966230,1.05966230,-8.38953137,0.31556487,0.31556487,296.00000000,4
59900,0.32595655,0.32595655,403,152.66322645,2.63979748,0.99997868,0.32592875,nan,0.00830247,0,0,0,0.05195001,0.00803425,0.07907446,0.08235207,0.02335508,0.56165171,0.22631706,0.00015370,0.99984630,-10.17466712,0.84056425,0.84056425,403.00000000,3
60000,1.64250576,1.64250576,298,152.92174000,1.94870919,0.97268165,1.47024526,nan,0.00000000,0,0,0,0.36138862,0.02923352,0.92131954,0.90288281,1.23474336,3.02642560,0.51716423,0.14982974,0.85017026,21.87327703,4.50672949,4.50672949,298.00000000,4
60100,0.25681651,0.25681651,325,153.00393214,2.12412842,0.99362046,0.25032546,nan,0.00000000,0,0,0,0.28359187,0.01200933,0.62587118,0.66166192,0.01742774,2.62980723,0.43428773,0.09416500,0.90583500,3.78567767,0.68736671,0.68736671,325.00000000,4
60200,0.51902610,0.51902610,594,153.07934263,3.88034068,1.00000000,0.51902610,nan,0.03773817,0,0,0,0.06379659,0.01060071,0.11164866,0.11655757,0.02819712,1.00389838,0.38573194,0.11150054,0.88849946,-7.16078806,0.53356430,0.53356430,594.00000000,4
60300,0.31730112,0.31730112,230,153.30747515,1.50025300,0.63249276,0.05078014,nan,0.00370093,0,0,0,0.10066064,0.00871855,0.36170992,0.38228303,0.01196664,0.71891874,0.09690247,0.02174347,0.97825653,-6.76405891,0.36007933,0.36007933,230.00000000,4
60400,0.27820727,0.27820727,179,153.57396825,1.16556212,0.10384623,0.00003235,nan,0.00000000,0,0,0,0.15507939,0.00622527,0.16508171,0.17475989,0.00055268,0.84974688,0.20253466,-0.00773746,1.00773746,-7.26563613,1.32086482,1.32086482,179.50000000,3
60500,0.22264269,0.22264269,501,153.87328713,3.25592576,1.00000000,0.22264269,nan,0.00000000,0,0,0,0.04748271,0.00905691,0.13507530,0.14295886,0.00105449,0.70003563,0.34203693,-0.01472499,1.01472499,-10.23135853,2.61497117,2.61497117,501.00000000,4
60600,0.35461009,0.35461009,160,154.15699605,1.03790294,0.00573005,0.00000000,nan,0.00000000,0,0,0,0.06158857,0.00889039,0.21675733,0.22845510,0.01789537,0.72544235,0.22473341,0.05318126,0.94681874,-8.23238579,0.76422845,0.76422845,160.00000000,4
60700,0.73909652,0.73909652,262,154.53773176,1.69537884,0.85546114,0.39582417,nan,0.00000000,0,0,0,0.11328276,0.00644769,0.59510589,0.63008487,0.00046446,0.72145295,0.16091877,-0.17064020,1.17064020,-3.74194863,3.15441924,3.15441924,262.00000000,3
60800,0.59213984,0.59213984,199,154.79383858,1.28558088,0.27835775,0.00355498,nan,0.00000000,0,0,0,0.17563263,0.00658252,0.47894892,0.50679183,0.00561825,1.05571830,0.20313026,-0.15205781,1.15205781,-1.88930881,1.76685176,1.76685176,199.50000000,4
60900,0.82763076,0.82763076,308,155.06178782,1.98630497,0.97957897,0.76206924,nan,0.00000000,0,0,0,0.15647040,0.00683749,0.59052694,0.62526375,0.00000071,0.95432216,0.14988555,0.11498320,0.88501680,0.18419772,1.63864991,1.63864991,308.00000000,4
61000,0.41139382,0.41139382,346,155.26364706,2.22846756,0.99761016,0.40747524,nan,0.00000000,0,0,0,0.31640077,0.03500810,0.70491976,0.73285753,0.22997792,2.19402528,0.61585003,-0.00798573,1.00798573,7.42508388,2.04880815,2.04880815,346.00000000,4
61100,0.13994364,0.13994364,263,155.34023483,1.69305782,0.85358593,0.07429202,nan,0.01181296,0,0,0,0.07463684,0.00778334,0.09519102,0.10059905,0.00325448,0.85956389,0.27288947,0.05888314,0.94111686,-7.69259516,0.81525022,0.81525022,263.50000000,4
61200,0.31578773,0.31578773,374,155.58982422,2.40375617,0.99962257,0.31531125,nan,0.00000000,0,0,0,0.04754117,0.00901143,0.08519412,0.08942347,0.01329515,0.44975382,0.20232564,0.01331245,0.98668755,-7.74847507,0.91413981,0.91413981,374.00000000,4
61300,0.64257938,0.64257938,187,155.90766082,1.19942791,0.14707697,0.00030068,nan,0.00000000,0,0,0,0.06809660,0.00881023,0.12654643,0.13273612,0.02132151,0.56173575,0.13508634,-0.05791144,1.05791144,-7.16334089,0.95751188,0.95751188,187.00000000,4
61400,0.21165508,0.21165508,240,156.22661479,1.53622992,0.68341709,0.04617129,nan,0.00000000,0,0,0,0.05479148,0.00977894,0.28891563,0.30587280,0.00064379,0.62898511,0.15099123,0.09256236,0.90743764,-9.64528227,0.64908054,0.64908054,240.50000000,3
61500,0.20042290,0.20042290,245,156.48699029,1.56562536,0.72188711,0.05442827,nan,0.00000000,0,0,0,0.04027367,0.00718894,0.08551696,0.09052740,0.00033940,0.50300950,0.10186274,0.02833146,0.97166854,-14.80513620,0.88684865,0.88684865,245.50000000,4
61600,1.29182541,1.29182541,25,156.83156977,0.15940668,0.00000000,0.00000000,nan,0.00000000,0,0,0,0.05587877,0.00668465,0.16666815,0.17297828,0.05939592,0.56824273,0.11823486,-0.02107736,1.02107736,11.65180429,0.67371117,0.67371117,25.50000000,2
61700,0.26942423,0.26942423,118,157.02675048,0.75146432,0.00000000,0.00000000,nan,0.00000000,0,0,0,0.07544534,0.01069588,0.06561133,0.06932257,0.00252021,0.61815560,0.14217509,0.03029705,0.96970295,-9.26054955,0.56806411,0.56806411,118.00000000,2
61800,0.74275982,0.74275982,383,157.25150579,2.43558876,0.99973708,0.74197899,nan,0.00000000,0,0,0,0.11294775,0.00948748,0.30862668,0.32433504,0.04158485,0.79637748,0.27555150,0.10899804,0.89100196,-1.79672730,1.44550466,1.44550466,383.50000000,4
61900,0.69901109,0.69901109,144,157.54148362,0.91404497,0.00000000,0.00000000,nan,0.00000000,0,0,0,0.07317080,0.01025869,0.74951863,0.79251939,0.01850460,0.72731519,0.18883802,-0.04110088,1.04110088,-3.05114048,0.56854789,0.56854789,144.50000000,3
62000,0.20316964,0.20316964,500,157.75669231,3.16943765,0.99999999,0.20316964,nan,0.00000000,0,0,0,0.49091870,0.04611771,1.03864563,1.09967268,0.00118750,4.33849239,1.72324836,0.08655371,0.91344629,8.41571236,1.45918418,1.45918418,500.50000000,4
62100,0.37391955,0.37391955,64,157.74412668,0.40572034,0.00000000,0.00000000,nan,0.00000000,0,0,0,0.45542991,0.02606573,1.38909137,1.46105790,0.16566065,3.71113753,0.51531577,-0.02955196,1.02955196,9.94134474,1.86267073,1.86267073,64.00000000,2
62200,1.55937409,1.55937409,155,157.72494253,0.98272345,0.00000000,0.00000000,nan,0.00000000,0,0,0,0.29633376,0.02049333,2.55188417,2.67791796,0.40930980,1.67894900,0.51870298,-0.04984144,1.04984144,15.69453430,6.90969432,6.90969432,155.00000000,4
62300,0.43015844,0.43015844,224,157.76101338,1.41986918,0.50597072,0.02819227,nan,0.03578295,0,0,0,0.37435710,0.02377252,1.03393877,1.05501366,0.67566514,2.96482968,0.46419626,0.00231084,0.99768916,7.69916344,2.87637033,2.87637033,224.50000000,3
62400,0.44407567,0.44407567,160,157.79769084,1.01395654,0.00077884,0.00000000,nan,0.03578055,0,0,0,0.04512166,0.01366932,0.62798464,0.66486990,0.00093515,0.78768682,0.40398335,-0.07882822,1.07882822,-8.36484265,0.31861411,0.31861411,160.50000000,3
62500,0.17611566,0.17611566,225,158.06474286,1.42346735,0.51193094,0.01209605,nan,0.04093737,0,0,0,0.06374745,0.00840543,0.07383163,0.07797917,0.00332331,0.83274573,0.31253856,0.05763727,0.94236273,-8.51491129,0.22630640,0.22630640,225.00000000,4
62600,0.61819309,0.61819309,174,158.33393536,1.09894319,0.03840222,0.00000134,nan,0.00000000,0,0,0,0.05591934,0.00773222,1.01511872,1.07472920,0.00174081,0.69106138,0.15835781,-0.00107862,1.00107862,nan,0.55317636,0.55317636,174.00000000,4
62700,0.34720215,0.34720215,230,158.54924099,1.45065343,0.55618792,0.03322528,nan,0.00000000,0,0,0,0.08980844,0.01136735,0.15657908,0.16578615,0.00005873,0.72182053,0.18121949,-0.10721845,1.10721845,-6.57592261,0.81601801,0.81601801,230.50000000,4
62800,0.19862564,0.19862564,190,158.78742424,1.19656831,0.14320484,0.00008353,nan,0.00000000,0,0,0,0.04238315,0.00716504,0.10712442,0.11309894,0.00555755,0.50861192,0.14738399,-0.02500869,1.02500869,-11.74486675,0.12116827,0.12116827,190.00000000,3
62900,0.06878006,0.06878006,424,159.08625709,2.66522079,0.99998476,0.06877587,nan,0.00000000,0,0,0,0.03632094,0.00532626,0.01377448,0.01457026,0.00024628,0.43928438,0.12589872,-0.03672066,1.03672066,-16.13648129,0.23167227,0.23167227,424.50000000,3
63000,0.53328627,0.53328627,377,159.32166038,2.36628214,0.99942831,0.53206781,nan,0.00000000,0,0,0,0.34928802,0.03032833,1.21099806,1.26532769,0.28739870,3.58037519,0.76439542,0.12701560,0.87298440,9.84810416,1.73623250,1.73623250,377.00000000,3
63100,0.93632221,0.93632221,107,159.36689266,0.67140670,0.00000000,0.00000000,nan,0.00000000,0,0,0,0.25880539,0.04388176,1.16421294,1.21466970,0.30644768,2.14555526,0.66869116,-0.06108937,1.06108937,10.42443848,6.82033437,6.82033437,107.50000000,2
63200,0.53493577,0.53493577,372,159.42708647,2.33335507,0.99918420,0.53319231,nan,0.00000000,0,0,0,0.12402609,0.00575665,0.17615157,0.18403174,0.04218837,0.69885921,0.10131343,0.29026637,0.70973363,-4.65603346,0.49288734,0.49288734,372.50000000,4
63300,0.14077428,0.14077428,52,159.68489681,0.32564132,0.00000000,0.00000000,nan,0.00000000,0,0,0,0.14005142,0.00944041,0.10126039,0.10700835,0.00354519,1.05430555,0.34423113,-0.02987101,1.02987101,-9.07760096,0.32028856,0.32028856,52.00000000,2
63400,0.28391925,0.28391925,170,159.93363296,1.06294090,0.01572134,0.00000002,nan,0.00000000,0,0,0,0.03098813,0.00514930,0.16704400,0.17643194,0.00744919,0.42798460,0.10284977,0.03258923,0.96741077,nan,0.11203031,0.11203031,170.50000000,4
63500,0.27758327,0.27758327,293,160.20078505,1.82895483,0.93598670,0.21304532,nan,0.00000000,0,0,0,0.03970141,0.00407563,0.10908633,0.11398187,0.02586215,0.46962628,0.06123234,0.00603226,0.99396774,-13.65671571,0.29203751,0.29203751,293.50000000,4
63600,0.26603293,0.26603293,246,160.48167910,1.53288526,0.67885636,0.05649981,nan,0.00000000,0,0,0,0.04450293,0.00692953,0.07218701,0.07634347,0.00152729,0.47326756,0.08450841,0.09007830,0.90992170,-12.31323647,0.19323612,0.19323612,246.50000000,4
63700,0.10839856,0.10839856,169,160.73458101,1.05142278,0.01052147,0.00000000,nan,0.00000000,0,0,0,0.03269585,0.00320633,0.09317093,0.09864742,0.00007069,0.43600348,0.13190034,0.03306595,0.96693405,-16.95497537,0.20318034,0.20318034,169.50000000,3
63800,0.57411206,0.57411206,623,161.01120818,3.86929585,1.00000000,0.57411206,nan,0.00000000,0,0,0,0.03933938,0.00520172,0.51532751,0.54563749,0.00005811,0.54381353,0.12595639,0.07480232,0.92519768,-9.47510624,1.93002764,1.93002764,623.50000000,4
63900,0.31805906,0.31805906,290,161.33849722,1.79746313,0.92143192,0.22927715,nan,0.00000000,0,0,0,0.05293154,0.01034318,0.25435299,0.26931277,0.00003691,0.60593963,0.23353812,-0.03762243,1.03762243,-8.70219636,0.29999270,0.29999270,290.00000000,4
64000,0.19444029,0.19444029,599,161.59083333,3.70689344,1.00000000,0.19444029,nan,0.00000000,0,0,0,0.33448151,0.02611909,0.55272412,0.58469957,0.00914177,3.26483965,0.82363725,0.11522941,0.88477059,4.47084421,0.87896234,0.87896234,599.00000000,4
64100,0.20399883,0.20399883,395,161.48390018,2.44606428,0.99976698,0.20380876,nan,0.00000000,0,0,0,0.06009047,0.01562517,0.03741459,0.03903136,0.00992955,0.52450377,0.12730785,-0.02229723,1.02229723,-7.73798060,1.19305374,1.19305374,395.00000000,4
64200,0.13240308,0.13240308,428,161.75610701,2.64595883,0.99998034,0.13239266,nan,0.00000000,0,0,0,0.03441228,0.00552847,0.02952476,0.03124390,0.00029955,0.41501269,0.15454373,0.06762338,0.93237662,-17.45678139,0.54389899,0.54389899,428.50000000,4
64300,0.22012377,0.22012377,378,162.02307551,2.33300102,0.99918111,0.21940363,nan,0.00000000,0,0,0,0.06991741,0.00722293,0.12846531,0.13509467,0.01576621,0.65735513,0.09402036,0.10208312,0.89791688,-11.62415409,0.34850549,0.34850549,378.50000000,4
64400,0.58821309,0.58821309,536,162.23931985,3.30376138,1.00000000,0.58821308,nan,0.00000000,0,0,0,0.05100682,0.00610913,0.15494496,0.16387208,0.00318369,0.57908803,0.16319470,0.02941271,0.97058729,-8.79828819,0.34479505,0.34479505,536.50000000,4
64500,0.37979552,0.37979552,77,162.41776147,0.47408608,0.00000000,0.00000000,nan,0.00000000,0,0,0,0.09128312,0.00590136,0.08202577,0.08619119,0.01121356,0.89324123,0.19837514,-0.08864761,1.08864761,-7.11269855,0.71395570,0.71395570,77.00000000,2
64600,0.64838386,0.64838386,421,162.68452381,2.58783067,0.99995829,0.64827569,nan,0.00000000,0,0,0,0.04994869,0.00717303,0.24689743,0.25992042,0.02550684,0.55704159,0.12120163,0.15998229,0.84001771,-3.09039442,0.50785461,0.50785461,421.00000000,4
64700,0.19786523,0.19786523,339,162.93297989,2.08061008,0.99063590,0.19055737,nan,0.00000000,0,0,0,0.04212637,0.01195342,0.08602910,0.09096812,0.00206580,0.51492542,0.26030323,0.03609799,0.96390201,-15.70629692,0.27897144,0.27897144,339.50000000,4
64800,0.30964959,0.30964959,639,163.17343066,3.91607872,1.00000000,0.30964959,nan,0.00000000,0,0,0,0.14833643,0.01001648,0.28245914,0.29795200,0.01907991,0.92202556,0.34767315,0.00234344,0.99765656,-4.31915356,0.55163065,0.55163065,639.50000000,4
64900,0.47373036,0.47373036,313,163.43282332,1.91515996,0.96491814,0.41067011,nan,0.00000000,0,0,0,0.04559124,0.00465524,0.11060806,0.11667326,0.00749961,0.46464941,0.06817313,0.14426400,0.85573600,-11.09898329,0.50732992,0.50732992,313.50000000,4
65000,0.12631592,0.12631592,370,163.63778182,2.26109151,0.99827307,0.12544562,nan,0.00000000,0,0,0,0.37045324,0.02215109,0.70533621,0.74639940,0.00726156,3.68152738,0.80943435,-0.00063320,1.00063320,3.74661756,0.60808577,0.60808577,370.50000000,4
65100,0.24427496,0.24427496,435,163.76148820,2.65630219,0.99998285,0.24425820,nan,0.00000000,0,0,0,0.05908363,0.00819360,0.26293266,0.27811933,0.00475907,0.53553700,0.15634847,0.02771027,0.97228973,-11.89596605,0.38622933,0.38622933,435.00000000,4
65200,0.12669484,0.12669484,339,163.86847826,2.06873221,0.98962913,0.12152030,nan,0.00000000,0,0,0,0.04764553,0.00948950,0.02209128,0.02289341,0.00845499,0.42582372,0.13219924,-0.07489915,1.07489915,-10.54959679,0.17544570,0.17544570,339.00000000,4
65300,0.93551797,0.93551797,261,164.03529837,1.59112095,0.75283420,0.30050347,nan,0.00000000,0,0,0,0.05434530,0.01112380,0.38458231,0.40720087,0.00006649,0.63002181,0.31908703,0.06294319,0.93705681,0.12980787,1.93255135,1.93255135,261.50000000,4
65400,0.37698385,0.37698385,227,164.19673285,1.38248792,0.44299889,0.01451889,nan,0.00000000,0,0,0,0.12264720,0.00593432,0.18225925,0.19064417,0.03971535,0.77930409,0.16301163,0.22272127,0.77727873,-8.16144021,0.17975975,0.17975975,227.00000000,4
65500,0.21516900,0.21516900,241,164.38837838,1.46604038,0.58053472,0.02443951,nan,0.00000000,0,0,0,0.05165730,0.00443145,0.12596779,0.13289988,0.00812201,0.62931132,0.13612042,-0.08130457,1.08130457,-13.13784885,0.16825017,0.16825017,241.00000000,4
65600,0.26864797,0.26864797,112,164.51350719,0.68079516,0.00000000,0.00000000,nan,0.00000000,0,0,0,0.06307617,0.01509740,0.07516339,0.07947511,0.00186405,0.92066467,0.38348764,0.06127427,0.93872573,-7.79738442,0.23644923,0.23644923,112.50000000,2
65700,0.37769538,0.37769538,91,164.69339318,0.55254190,0.00000000,0.00000000,nan,0.00000000,0,0,0,0.06106486,0.00586457,0.32407197,0.34286588,0.00457565,0.63921207,0.10104880,0.07380318,0.92619682,-10.05777677,0.30958939,0.30958939,91.50000000,4
65800,0.32478729,0.32478729,213,164.81768817,1.29233702,0.28954078,0.00228264,nan,0.00000000,0,0,0,0.04145330,0.00734341,0.16113421,0.16983305,0.01325403,0.53255451,0.19981067,-0.10874503,1.10874503,-11.56384039,0.39239437,0.39239437,213.50000000,3
65900,0.62363207,0.62363207,331,164.99923077,2.00606996,0.98255508,0.58124077,nan,0.00000000,0,0,0,0.06168395,0.00680909,0.11879262,0.12377186,0.03414559,0.60968250,0.19526279,-0.13596895,1.13596895,-6.85829163,0.40291158,0.40291158,331.50000000,3
66000,0.27059710,0.27059710,235,165.26339286,1.42197250,0.50945741,0.01822866,nan,0.00000000,0,0,0,0.30411917,0.03323022,0.42811498,0.45328927,0.00015241,2.80069184,0.67050678,0.13990253,0.86009747,5.08330331,2.63091709,2.63091709,235.50000000,2
66100,0.65189672,0.65189672,108,165.26388592,0.65350031,0.00000000,0.00000000,nan,0.00000000,0,0,0,0.25657451,0.01869741,0.69768578,0.72340798,0.26040837,1.81763792,0.43061778,0.00009284,0.99990716,4.67355855,1.35744628,1.35744628,108.00000000,3
66200,0.51685965,0.51685965,166,165.24382562,1.00457611,0.00008376,0.00000000,nan,0.00484597,0,0,0,0.12967266,0.02309514,0.40698475,0.43046799,0.00776941,0.92747772,0.23771837,0.04154856,0.95845144,3.92561895,0.45058706,0.45058706,166.00000000,3
66300,0.12994251,0.12994251,9,165.15081705,0.05449564,0.00000000,0.00000000,nan,0.00549865,0,0,0,0.41711321,0.02508528,0.33696958,0.35387865,0.04951535,2.63996005,0.37253040,0.19091266,0.80908734,3.86456124,nan,nan,9.00000000,1
66400,0.18433705,0.18433705,160,165.27342199,0.96809274,0.00000000,0.00000000,nan,0.00000000,0,0,0,0.06154490,0.00697424,0.04084352,0.04225783,0.01680016,0.76309484,0.21179527,0.15036614,0.84963386,-10.38181686,0.52033956,0.52033956,160.00000000,2
66500,0.53810441,0.53810441,95,165.44801770,0.57419848,0.00000000,0.00000000,nan,0.00000000,0,0,0,0.05375076,0.00833451,0.10481286,0.10835031,0.04467644,0.69924575,0.13374653,-0.12206647,1.12206647,-4.46947926,0.49397437,0.49397437,95.00000000,3
66600,0.15953417,0.15953417,247,165.68466431,1.49078372,0.61843522,0.02333622,nan,0.00000000,0,0,0,0.03815587,0.00627313,0.07666025,0.08113934,0.00051555,0.45218816,0.12003093,0.03251799,0.96748201,-14.24705362,0.20330273,0.20330273,247.50000000,4
66700,0.77272743,0.77272743,158,165.86680776,0.95257154,0.00000000,0.00000000,nan,0.00000000,0,0,0,0.08039348,0.00492240,0.80111527,0.84819478,0.00076247,0.60088241,0.05683120,-0.02656089,1.02656089,-4.97611988,0.33623610,0.33623610,158.50000000,4
66800,0.32256487,0.32256487,53,166.09103873,0.31910210,0.00000000,0.00000000,nan,0.00000000,0,0,0,0.05972335,0.00582013,0.08955558,0.09363317,0.02023637,0.64208871,0.15277165,0.11703908,0.88296092,-9.27058542,0.44830948,0.44830948,53.00000000,2
66900,0.22447263,0.22447263,128,166.26147627,0.76987167,0.00000000,0.00000000,nan,0.00000000,0,0,0,0.08130901,0.01450874,0.08493735,0.08976697,0.00283376,0.96675521,0.28630623,0.13623460,0.86376540,-7.30402355,0.49885321,0.49885321,128.00000000,4
67000,0.22243139,0.22243139,716,166.45998246,4.30133411,1.00000000,0.22243139,nan,0.00000000,0,0,0,0.32008305,0.02221440,0.76483405,0.79902792,0.18353972,3.33336425,0.57946450,0.03128530,0.96871470,4.72618596,1.37110178,1.37110178,716.00000000,4
67100,0.83791757,0.83791757,37,166.33364273,0.22244448,0.00000000,0.00000000,nan,0.01004603,0,0,0,0.49103191,0.05295793,1.53984404,1.58668768,0.74350470,5.40341520,1.12663078,-0.10589760,1.10589760,15.52744141,nan,nan,37.50000000,1
67200,0.55370462,0.55370462,95,166.18732517,0.57164408,0.00000000,0.00000000,nan,0.00931551,0,0,0,0.57123256,0.04572479,2.67196918,2.81233406,0.28576386,3.97286320,0.73341966,-0.07880295,1.07880295,11.25037842,2.04078691,2.04078691,95.00000000,3
67300,0.23323958,0.23323958,164,166.04647469,0.98767529,0.00000000,0.00000000,nan,0.01197796,0,0,0,0.43535170,0.02595330,0.52920705,0.55301219,0.12452038,2.04602337,0.29967332,0.08153779,0.91846221,2.08914421,2.38176688,2.38176688,164.50000000,3
67400,0.62401432,0.62401432,25,165.88555749,0.15070631,0.00000000,0.00000000,nan,0.02625351,0,0,0,0.56214261,0.03517040,1.45743752,1.44744837,1.62725163,2.15809035,0.41605484,-0.04764084,1.04764084,7.33146524,2.69846345,2.69846345,25.50000000,2
67500,0.38804841,0.38804841,6,165.70234783,0.03620951,0.00000000,0.00000000,nan,0.02931374,0,0,0,0.29668346,0.03599981,0.80770266,0.83758855,0.29964310,1.96371329,0.58401787,-0.00331903,1.00331903,6.61651850,nan,nan,6.00000000,0
67600,0.85189217,0.85189217,86,165.51461806,0.51959157,0.00000000,0.00000000,nan,0.03156411,0,0,0,0.41383138,0.03356434,0.78597599,0.80113804,0.52822137,1.66248846,0.61024833,-0.14850945,1.14850945,8.51335557,7.60142690,7.60142690,86.50000000,2
67700,0.28062832,0.28062832,33,165.36587522,0.19955750,0.00000000,0.00000000,nan,0.03044201,0,0,0,0.54179102,0.01826891,2.03229856,2.12728739,0.41748708,3.25888181,0.30294773,-0.05686797,1.05686797,5.15250874,1.62549244,1.62549244,33.50000000,2
67800,0.28524470,0.28524470,8,165.19820069,0.04842668,0.00000000,0.00000000,nan,0.02702233,0,0,0,0.46655500,0.01905549,0.34894505,0.33474046,0.59042329,2.05638218,0.52804679,0.10780843,0.89219157,2.80601782,nan,nan,8.00000000,1
67900,0.18825860,0.18825860,8,164.99880829,0.04848520,0.00000000,0.00000000,nan,0.02351338,0,0,0,0.50495708,0.03409886,0.37481329,0.38940048,0.12683129,2.40439487,0.63400984,-0.02695883,1.02695883,3.44043359,nan,nan,8.50000000,1
68000,0.29300252,0.29300252,252,164.81979310,1.52894258,0.67343329,0.06026285,nan,0.02808464,0,0,0,0.93426335,0.05279725,1.44268358,1.50879228,0.31883481,4.85629177,0.82754463,0.04741033,0.95258967,10.93216483,2.16920506,2.16920506,252.00000000,4
68100,0.33493638,0.33493638,84,164.81383821,0.50966594,0.00000000,0.00000000,nan,0.00668463,0,0,0,0.24894245,0.01565272,1.31380415,1.38398385,0.12074894,2.42809629,0.27004638,-0.01646925,1.01646925,3.30378381,0.53835755,0.53835755,84.50000000,4
68200,0.88554054,0.88554054,74,165.01207904,0.44845202,0.00000000,0.00000000,nan,0.00000000,0,0,0,0.28215352,0.00945823,1.94219804,2.05416608,0.03873788,1.83812463,0.15250373,0.07528902,0.92471098,6.27473927,1.37616624,1.37616624,74.00000000,3
68300,1.38425815,1.38425815,375,165.23433962,2.26950403,0.99841403,1.37549748,nan,0.00000000,0,0,0,0.12652765,0.00803881,0.32254377,0.34126776,0.00423636,0.78971767,0.12769078,0.05868157,0.94131843,4.71282212,1.51454639,1.51454639,375.50000000,4
68400,1.11249852,1.11249852,230,165.41650685,1.39042955,0.45650836,0.04831638,nan,0.00000000,0,0,0,0.10004169,0.00948621,0.20861821,0.21454608,0.10784438,0.74922681,0.38208455,0.00214462,0.99785538,8.92261577,0.60756713,0.60756713,230.00000000,4
68500,0.17134312,0.17134312,220,165.55526496,1.32886139,0.35117955,0.00260605,nan,0.00346736,0,0,0,0.07287624,0.00808289,0.08206297,0.08181052,0.08635466,0.62110108,0.19693330,0.11277735,0.88722265,-10.89520717,0.16017209,0.16017209,220.50000000,4
68600,0.25949100,0.25949100,126,165.75928328,0.76013842,0.00000000,0.00000000,nan,0.00000000,0,0,0,0.09137250,0.00836516,0.25363392,0.26738384,0.01988539,1.05049455,0.24560115,-0.07825695,1.07825695,-6.31667674,0.20555276,0.20555276,126.50000000,4
68700,0.16135722,0.16135722,630,165.93221465,3.79673110,1.00000000,0.16135722,nan,0.00000000,0,0,0,0.04576050,0.00576006,0.09237579,0.09780903,0.00001066,0.39423075,0.10547941,0.02371626,0.97628374,-14.06112719,0.27894370,0.27894370,630.00000000,3
68800,0.21487764,0.21487764,322,166.09921769,1.93860034,0.97051526,0.19063414,nan,0.00000000,0,0,0,0.04570075,0.00465196,0.16610715,0.17553453,0.00584182,0.50840211,0.15684785,-0.08729334,1.08729334,-13.64677588,0.16867564,0.16867564,322.00000000,4
68900,0.51126134,0.51126134,645,166.31772496,3.87811943,1.00000000,0.51126134,nan,0.00000000,0,0,0,0.06501579,0.00527153,0.16998668,0.17826557,0.02924561,0.53298163,0.18116072,-0.05800717,1.05800717,-8.65450700,0.29385888,0.29385888,645.00000000,3
69000,0.05581038,0.05581038,724,166.54759322,4.34710575,1.00000000,0.05581038,nan,0.00000000,0,0,0,0.33190504,0.03079537,0.16805509,0.17631163,0.02769373,3.32538009,0.88376063,0.00275733,0.99724267,2.81538320,0.92162010,0.92162010,724.50000000,4
69100,1.10110462,1.10110462,14,166.49296108,0.08408764,0.00000000,0.00000000,nan,0.03601552,0,0,0,0.55754626,0.04795114,3.91157866,4.10541248,0.61640370,3.71495008,0.66377997,0.03553728,0.96446272,15.64164321,nan,nan,14.00000000,1
69200,0.12585546,0.12585546,336,166.51304054,2.01785998,0.98414318,0.11806066,nan,0.00603183,0,0,0,0.04738493,0.00595193,0.06359990,0.06714663,0.00330550,0.63308686,0.16159862,0.03806316,0.96193684,-12.27343845,0.04015619,0.04015619,336.00000000,4
69300,0.17982250,0.17982250,400,166.71030354,2.39937179,0.99960355,0.17953751,nan,0.00000000,0,0,0,0.05185563,0.00547365,0.07704417,0.08132607,0.00425203,0.69510293,0.11021344,0.14345179,0.85654821,-11.36016788,0.24413888,0.24413888,400.00000000,4
69400,0.43996269,0.43996269,421,167.01058923,2.52079824,0.99990401,0.43979379,nan,0.00000000,0,0,0,0.02737981,0.00512514,0.41710484,0.44151139,0.00219338,0.44623455,0.15323836,0.01484006,0.98515994,-13.99788920,0.47572336,0.47572336,421.00000000,4
69500,0.25988317,0.25988317,237,167.27784874,1.41680445,0.50087753,0.01635703,nan,0.00000000,0,0,0,0.04477275,0.00389010,0.05191404,0.05484157,0.00214602,0.59314537,0.09789218,0.18926341,0.81073659,-13.30975723,0.16382881,0.16382881,237.00000000,4
69600,0.65260828,0.65260828,466,167.55479866,2.78117967,0.99999692,0.65260023,nan,0.00000000,0,0,0,0.06028116,0.00855447,0.16022094,0.16708408,0.04354756,0.70694780,0.20450744,-0.12880590,1.12880590,-6.17925167,0.56238942,0.56238942,466.00000000,4
69700,0.77259308,0.77259308,476,167.83036851,2.83619707,0.99999861,0.77258879,nan,0.00000000,0,0,0,0.05522583,0.00576909,0.36818841,0.38984653,0.00000087,0.52428693,0.10913355,-0.03641284,1.03641284,-5.89073277,0.48578745,0.48578745,476.00000000,4
69800,0.33931744,0.33931744,317,168.10379599,1.88573969,0.95663659,0.28418040,nan,0.00000000,0,0,0,0.12019118,0.01509208,0.18717283,0.19801687,0.00282425,1.00421143,0.57138246,-0.06250689,1.06250689,-4.27078009,0.91707813,0.91707813,317.00000000,4
69900,0.25890374,0.25890374,353,168.33203673,2.09704586,0.99188498,0.25060145,nan,0.00000000,0,0,0,0.09463389,0.00521294,0.11880445,0.12563255,0.00272692,0.50433230,0.08576992,-0.05020201,1.05020201,-10.27316221,0.40687864,0.40687864,353.00000000,4
70000,0.77010149,0.77010149,447,168.58131667,2.65153938,0.99998173,0.77004521,nan,0.00000000,0,0,0,0.31605482,0.03095535,3.20056438,3.36873055,0.34173983,2.81056929,0.47171366,0.16778257,0.83221743,12.71914641,3.70586733,3.70586733,447.00000000,4
70100,0.12274936,0.12274936,205,168.71141431,1.21509265,0.16894508,0.00010000,nan,0.00000000,0,0,0,0.04110555,0.00686443,0.04016371,0.04212325,0.00685136,0.46843994,0.14851744,0.01341247,0.98658753,-14.75076771,0.20407707,0.20407707,205.00000000,3
70200,0.19652762,0.19652762,633,168.88358804,3.74814396,1.00000000,0.19652762,nan,0.00000000,0,0,0,0.07356747,0.00795241,0.05142279,0.05232839,0.03602773,0.59824604,0.18694796,-0.03078062,1.03078062,-10.68575549,0.54272951,0.54272951,633.50000000,4
70300,0.56684262,0.56684262,620,169.08008292,3.66690144,1.00000000,0.56684262,nan,0.00000000,0,0,0,0.08040938,0.00830359,0.16016521,0.16947746,0.00185684,0.56511086,0.18999784,-0.07867810,1.07867810,-1.88040972,0.58157757,0.58157757,620.00000000,4
70400,0.26650855,0.26650855,502,169.26947020,2.96568542,0.99999981,0.26650834,nan,0.00000000,0,0,0,0.10960318,0.00710938,0.23107195,0.24430180,0.00616525,0.96865261,0.17134023,0.10564560,0.89435440,-6.35493603,0.24062943,0.24062943,502.50000000,4
70500,0.85536891,0.85536891,166,169.48039669,0.97946431,0.00000000,0.00000000,nan,0.00000000,0,0,0,0.28433096,0.00823196,0.40794632,0.42688751,0.08594587,1.40718389,0.12451967,-0.01622134,1.01622134,5.89940858,1.06516479,1.06516479,166.00000000,3
70600,0.35047251,0.35047251,233,169.72904290,1.37277626,0.42641466,0.01158731,nan,0.00000000,0,0,0,0.20444229,0.00536133,0.12213555,0.12915109,0.00287141,1.07786667,0.13285084,0.17634743,0.82365257,-4.25313067,0.48506108,0.48506108,233.00000000,3
70700,0.91321439,0.91321439,311,169.97044481,1.82972987,0.93631503,0.70187652,nan,0.00000000,0,0,0,0.12169729,0.00626887,0.71626103,0.75837654,0.00029645,0.72082555,0.17193511,-0.15090159,1.15090159,-0.72798042,0.74283463,0.74283463,311.50000000,4
70800,0.48641858,0.48641858,342,170.23871711,2.00894371,0.98295451,0.45409198,nan,0.00000000,0,0,0,0.14658168,0.01519199,0.44318879,0.46912113,0.00233906,0.80650765,0.24457447,-0.13840237,1.13840237,-8.05836868,3.73671282,3.73671282,342.00000000,3
70900,0.81645858,0.81645858,145,170.49709360,0.85045438,0.00000000,0.00000000,nan,0.00000000,0,0,0,0.23254734,0.00839491,0.58487153,0.61927027,0.00009254,0.88800555,0.13598508,-0.08278165,1.08278165,1.28689706,0.93971538,0.93971538,145.00000000,4
71000,0.84894818,0.84894818,419,170.70885246,2.45447142,0.99978864,0.84823067,nan,0.00000000,0,0,0,0.37763745,0.02570974,0.68137985,0.71499497,0.10992303,3.87810516,0.51609337,-0.02855153,1.02855153,12.61522388,4.04491045,4.04491045,419.50000000,3
71100,1.23956609,1.23956609,299,170.69111293,1.75170221,0.89567298,0.79775139,nan,0.00901063,0,0,0,0.07160822,0.01376746,0.29893637,0.30318344,0.22673631,0.66702002,0.34611049,0.04365157,0.95634843,4.86419658,1.04908434,1.04908434,299.00000000,3
71200,0.43211997,0.43211997,238,170.92854575,1.39239469,0.45984243,0.01932148,nan,0.00000000,0,0,0,0.11822987,0.00981762,0.24986301,0.26455909,0.00002933,0.63814425,0.19469081,-0.05831665,1.05831665,-3.77994881,0.21744350,0.21744350,238.50000000,3
71300,0.19820064,0.19820064,351,171.09849918,2.05144991,0.98799207,0.18885082,nan,0.00000000,0,0,0,0.20151302,0.00621284,0.09172057,0.09700825,0.00183014,1.08743012,0.13165417,0.01020600,0.98979400,-5.30382652,0.95598253,0.95598253,351.50000000,4
71400,0.78795111,0.78795111,455,171.33807818,2.65556848,0.99998268,0.78789652,nan,0.00000000,0,0,0,0.07105726,0.00735191,0.14529167,0.15375608,0.00139650,0.50909299,0.21990448,-0.04472197,1.04472197,-4.39713454,0.50223780,0.50223780,455.00000000,4
71500,0.84181815,0.84181815,424,171.50099187,2.47228891,0.99982843,0.84124059,nan,0.00000000,0,0,0,0.12487393,0.01125467,0.53711253,0.56443912,0.07256136,1.04023468,0.22078186,0.21065573,0.78934427,-0.60004616,1.42274262,1.42274262,424.50000000,3
71600,0.19326532,0.19326532,606,171.63285714,3.53079247,1.00000000,0.19326532,nan,0.00000000,0,0,0,0.06149106,0.01052693,0.10345414,0.10933103,0.00354707,0.53245258,0.16564365,-0.07816048,1.07816048,-10.46935689,0.48204029,0.48204029,606.00000000,4
71700,0.65813345,0.65813345,496,171.77380875,2.88751821,0.99999935,0.65813174,nan,0.00000000,0,0,0,0.09102280,0.00880334,0.29788086,0.31536293,0.00068612,0.47501045,0.12935039,-0.04125304,1.04125304,-4.45260926,1.65558683,1.65558683,496.50000000,4
71800,1.93783021,1.93783021,61,171.93135922,0.35479275,0.00000000,0.00000000,nan,0.00000000,0,0,0,0.07985780,0.00891791,0.39112112,0.41017109,0.06727198,0.72437382,0.25854477,-0.04761161,1.04761161,10.65202975,1.03686582,1.03686582,61.50000000,2
71900,0.23174350,0.23174350,230,172.09848142,1.33644410,0.36414106,0.00407461,nan,0.00000000,0,0,0,0.06241014,0.00692155,0.04659818,0.04857732,0.01295284,0.57778972,0.15331906,0.09831232,0.90168768,-10.50970936,0.24784408,0.24784408,230.50000000,3
72000,0.21475990,0.21475990,212,172.23277419,1.23089233,0.19204189,0.00029210,nan,0.00000000,0,0,0,0.32830432,0.03569429,0.44574738,0.45381087,0.30866769,2.66720486,0.63082904,-0.00597666,1.00597666,4.28651410,1.09215714,1.09215714,212.00000000,4
72100,0.26565096,0.26565096,45,172.21144928,0.26130667,0.00000000,0.00000000,nan,0.03332907,0,0,0,0.40292031,0.02760657,0.34217250,0.35759729,0.07995188,1.87292838,0.29059002,-0.17545363,1.17545363,4.07566500,3.46299745,3.46299745,45.50000000,2
72200,0.16871873,0.16871873,283,172.32173633,1.64227686,0.80796512,0.07190080,nan,0.00000000,0,0,0,0.04210465,0.00875188,0.04321115,0.04566363,0.00151895,0.34021834,0.11679491,-0.13187263,1.13187263,-15.25968361,0.43185151,0.43185151,283.00000000,4
72300,0.55944788,0.55944788,306,172.48971108,1.77401886,0.90895676,0.38188495,nan,0.00000000,0,0,0,0.09643633,0.00974723,0.15860093,0.16503300,0.04925565,0.74248815,0.23792709,0.06523359,0.93476641,-3.68598062,1.57838633,1.57838633,306.50000000,3
72400,1.08073843,1.08073843,549,172.64647436,3.17990855,0.99999999,1.08073840,nan,0.00000000,0,0,0,0.10398500,0.00908688,1.27424181,1.34885156,0.00587254,0.71630603,0.12588118,-0.01373035,1.01373035,1.44474190,1.22138092,1.22138092,549.50000000,4
72500,0.41479909,0.41479909,276,172.76174400,1.59757591,0.76030497,0.13860826,nan,0.00000000,0,0,0,0.06026512,0.00794794,0.12724859,0.13251846,0.03766098,0.59780812,0.25361633,0.08768157,0.91231843,-9.07017815,0.30166468,0.30166468,276.00000000,4
72600,0.32431480,0.32431480,197,172.91285942,1.13930219,0.07468439,0.00001009,nan,0.00406902,0,0,0,0.22761194,0.01104016,0.38575104,0.40579027,0.04508422,1.08805382,0.38845634,0.01121224,0.98878776,0.06533748,0.55062157,0.55062157,197.00000000,4
72700,0.41618922,0.41618922,240,173.06561404,1.38675728,0.45026821,0.01710708,nan,0.00000000,0,0,0,0.09057064,0.00984049,0.33419043,0.35340890,0.00747626,0.91389561,0.10256922,-0.00386391,1.00386391,-6.99857187,0.33777737,0.33777737,240.00000000,3
72800,0.48898357,0.48898357,244,173.21665605,1.40864052,0.48724047,0.02755927,nan,0.00000000,0,0,0,0.10901719,0.01393374,0.58077359,0.61488223,0.00092568,1.13034177,0.23733279,-0.00546154,1.00546154,-5.42114401,1.10092381,1.10092381,244.00000000,3
72900,0.37019047,0.37019047,308,173.38821940,1.77636059,0.91026937,0.25415868,nan,0.00000000,0,0,0,0.06422368,0.01101240,0.59835172,0.63255185,0.01694835,0.78063691,0.18999076,-0.04563887,1.04563887,-5.99156815,0.57594137,0.57594137,308.00000000,3
73000,0.15464695,0.15464695,264,173.52885714,1.52136079,0.66286381,0.02985648,nan,0.00000000,0,0,0,0.38394013,0.02985183,0.27685392,0.27618539,0.28821865,3.72329450,0.60456914,0.08570109,0.91429891,5.22681173,0.60222418,0.60222418,264.50000000,4
73100,0.49636745,0.49636745,331,173.56331220,1.90708506,0.96279132,0.42651270,nan,0.00044940,0,0,0,0.08454171,0.00826978,0.25221792,0.26577786,0.02169873,0.84251702,0.16536185,0.12168245,0.87831755,-4.97025621,0.55559873,0.55559873,331.00000000,4
73200,0.18400282,0.18400282,272,173.66379747,1.56624469,0.72266585,0.05018508,nan,0.00000000,0,0,0,0.06345952,0.00885484,0.19085917,0.20203748,0.00082778,0.67734551,0.23014484,0.07915304,0.92084696,-10.06628005,0.33577340,0.33577340,272.50000000,4
73300,1.31691897,1.31691897,189,173.75077409,1.08776494,0.03034092,0.00000112,nan,0.00000000,0,0,0,0.07518915,0.00839902,0.50369143,0.53150344,0.03088723,0.63863784,0.12609936,0.00731263,0.99268737,2.63629031,0.90804461,0.90804461,189.50000000,4
73400,0.38756838,0.38756838,130,173.74850158,0.74820789,0.00000000,0.00000000,nan,0.00000000,0,0,0,0.07802173,0.01332774,0.29410541,0.31125960,0.00248400,0.80934393,0.14813100,-0.16236470,1.16236470,-4.14893444,1.26959250,1.26959250,130.50000000,4
73500,0.12253829,0.12253829,110,173.73514961,0.63314764,0.00000000,0.00000000,nan,0.00000000,0,0,0,0.06066012,0.00509956,0.18235594,0.19308273,0.00000030,0.69862252,0.11499204,0.10951995,0.89048005,-11.76548163,0.40204206,0.40204206,110.00000000,4
73600,0.12983386,0.12983386,59,173.75495283,0.33955867,0.00000000,0.00000000,nan,0.00000000,0,0,0,0.08151980,0.00945502,0.05593129,0.05849066,0.01242194,0.72299606,0.14238976,0.12312797,0.87687203,-8.91101265,0.38102508,0.38102508,59.50000000,4
73700,0.22551213,0.22551213,96,173.79930926,0.55236123,0.00000000,0.00000000,nan,0.00000000,0,0,0,0.05559989,0.00937020,0.12031274,0.12690948,0.00816787,0.48101419,0.11577320,-0.09132015,1.09132015,-10.24168372,0.48948124,0.48948124,96.50000000,4
73800,0.60036004,0.60036004,164,173.88579937,0.94314775,0.00000000,0.00000000,nan,0.00000000,0,0,0,0.03781782,0.00677620,0.11073148,0.11723866,0.00010936,0.52679336,0.16283596,0.14722563,0.85277437,-7.72520649,0.33579256,0.33579256,164.50000000,4
73900,0.42090356,0.42090356,25,173.92856025,0.14373718,0.00000000,0.00000000,nan,0.01943942,0,0,0,0.04326798,0.00610984,0.31372309,0.33217564,0.00002973,0.54160047,0.11702899,0.09039352,0.90960648,-10.13630104,0.35308292,0.35308292,25.00000000,2
74000,0.07887278,0.07887278,729,173.91781250,4.19163506,1.00000000,0.07887278,nan,0.01425582,0,0,0,0.31341860,0.02519091,0.34873018,0.36760038,0.02793642,3.88243771,0.61674237,0.13256361,0.86743639,5.13226938,0.57020379,0.57020379,729.50000000,4
74100,0.74122429,0.74122429,128,173.94145086,0.73587980,0.00000000,0.00000000,nan,0.00000000,0,0,0,0.18259019,0.01121203,0.30173406,0.31932434,0.00269928,0.94172490,0.11696300,0.07621232,0.92378768,0.51270428,1.22527524,1.22527524,128.50000000,4
74200,0.32748330,0.32748330,306,173.95767913,1.75904853,0.90020315,0.21505586,nan,0.00000000,0,0,0,0.15807968,0.01238835,0.19229630,0.20358588,0.00037348,1.02251375,0.14359672,0.12443028,0.87556972,-4.52471304,2.73248067,2.73248067,306.50000000,2
74300,0.23001343,0.23001343,45,174.01048212,0.25860511,0.00000000,0.00000000,nan,0.00000000,0,0,0,0.07995179,0.01216726,0.34349206,0.36212477,0.02673570,1.07523334,0.25566775,0.07140091,0.92859909,-10.23619715,0.72768483,0.72768483,45.00000000,2
74400,0.56824237,0.56824237,299,174.04450311,1.71795141,0.87277739,0.32972173,nan,0.00000000,0,0,0,0.09496206,0.00901322,0.26859629,0.28366268,0.01246723,1.11543703,0.15057443,0.41433172,0.58566828,-4.01172560,0.54072053,0.54072053,299.00000000,3
74500,0.80395401,0.80395401,178,174.10525581,1.02237006,0.00199968,0.00000000,nan,0.00000000,0,0,0,0.07752482,0.00988676,0.82629108,0.87487555,0.00035573,0.74262077,0.16606548,-0.05975805,1.05975805,-2.08468230,2.09407309,2.09407309,178.00000000,4
74600,0.24045195,0.24045195,140,174.16204334,0.80384909,0.00000000,0.00000000,nan,0.02656011,0,0,0,0.08268860,0.01041408,0.17146452,0.18066199,0.01510790,1.08914614,0.26344955,0.00209651,0.99790349,-6.28939931,0.17206672,0.17206672,140.50000000,4
74700,1.12258506,1.12258506,169,174.24641422,0.96989083,0.00000000,0.00000000,nan,0.00000000,0,0,0,0.10819049,0.00510421,1.41424549,1.49585462,0.02689030,0.79296863,0.19925873,0.04609422,0.95390578,0.58814518,1.09314226,1.09314226,169.50000000,3
74800,0.37085864,0.37085864,54,174.32623457,0.30976405,0.00000000,0.00000000,nan,0.00000000,0,0,0,0.06851391,0.00830720,0.10163704,0.10468102,0.04988940,0.66378343,0.12304579,0.19683554,0.80316446,-7.03813517,0.45672067,0.45672067,54.50000000,2
