step,e_P,e_R,e_P_bar,e_R_bar,D_t,c_t,regime_change
0,1.36357009,0.48917264,0.00000000,0.00000000,0.00000000,0.00000000,0
1000,0.78020078,0.25883645,-0.95165951,-0.72218652,0.00000000,0.00000000,0
2000,0.90811509,0.56226057,0.01185141,0.11818368,0.00705392,1.01819158,0
3000,0.77650386,1.01344442,-0.49804296,1.31736632,0.86772701,0.06488318,0
4000,0.79731274,0.49725345,-0.15704880,0.09818355,0.00482000,0.03887802,0
5000,0.95207423,1.12422132,0.82900844,1.93704856,2.21970605,0.00560614,0
6000,0.72345501,1.19421482,-0.17102931,2.27351649,2.58443862,0.01117733,0
7000,0.57010764,0.56625915,-0.74249883,0.50690629,0.12847699,0.00290199,0
8000,0.64652675,0.50117713,-0.20157177,0.36634694,0.06710504,0.00047530,0
9000,0.50785691,0.00008276,-0.66673339,-1.17223552,0.00000000,0.00356729,0
10000,0.39988145,0.10650650,-1.02547056,-0.83197400,0.00000000,0.00806720,0
11000,0.68279916,0.72077090,0.26688567,1.21019384,0.76789854,0.01112310,0
12000,0.44897255,0.20488149,-0.63809560,-0.48668965,0.00000000,0.00067400,0
13000,0.46970281,0.00904600,-0.45776358,-1.13822294,0.00000000,0.03260589,0
14000,0.54791600,0.74596643,-0.06232550,1.44311177,1.04128579,0.02894627,0
15000,0.32240558,0.33632898,-0.92226189,0.03363792,0.00056575,0.00668162,0
16000,0.56829733,0.47514227,0.14361493,0.55639123,0.16509822,0.00031985,0
17000,0.30585843,0.21118876,-0.87739793,-0.38007977,0.00000000,0.00230472,0
18000,0.43419436,0.31143117,-0.31193972,0.00359768,0.00000647,0.00659791,0
19000,0.51337737,0.56156468,0.05492990,0.96025865,0.46255698,0.00944694,0
20000,0.38521388,0.24435145,-0.45018286,-0.22715505,0.00000000,0.02810939,0
21000,0.25285202,0.63547653,-0.98355300,1.28347613,0.82365549,0.01062787,0
22000,0.49604562,0.16695094,0.07350198,-0.50672202,0.00270127,0.01464424,0
23000,0.31708717,0.26109803,-0.64599350,-0.12424311,0.00000000,0.00016868,0
24000,0.43493509,0.11942784,-0.12005371,-0.67416740,0.00000000,0.01420308,0
25000,0.29283893,0.12254354,-0.69928611,-0.65556224,0.00000000,0.00405491,0
26000,0.30312011,0.60948646,-0.63353137,1.32483356,0.87759198,0.01252047,0
27000,0.42419761,0.55893195,-0.09152650,1.13976231,0.64952906,0.00331941,0
28000,0.46376085,0.26493818,0.10645642,-0.04884985,0.00566648,0.00020785,0
29000,0.20680262,0.52686644,-0.98970319,1.05579659,0.55735322,0.00001609,0
30000,0.30598372,0.64367050,-0.53573476,1.56825345,1.22970944,0.00002865,0
31000,0.31593210,0.16280945,-0.47398248,-0.43994527,0.00000000,0.00113358,0
32000,0.38291544,0.18245071,-0.15783675,-0.34497022,0.00000000,0.00001096,0
33000,0.33543953,0.06621578,-0.34967779,-0.83423197,0.00000000,0.00516978,0
34000,0.30372542,0.81169045,-0.47206229,2.40182945,2.88439235,0.00909268,0
35000,0.39219943,0.79117888,-0.05444623,2.34422244,2.74768943,0.00750027,0
36000,0.29407316,0.20910250,-0.47640557,-0.18512731,0.00000000,0.00105528,0
37000,0.37577185,0.32886609,-0.09300605,0.35517596,0.06307498,0.00006457,0
38000,0.37876570,0.38939309,-0.06383491,0.63800978,0.20352824,0.00009423,0
39000,0.24933301,0.06104856,-0.64473943,-0.82368236,0.00000000,0.00095316,0
40000,0.20521702,0.02982619,-0.83122248,-0.95784333,0.00000000,0.00001537,0
41000,0.27818790,0.32158428,-0.48198418,0.37174550,0.06909736,0.00002358,0
42000,0.76110590,0.34920338,1.75443128,0.51193778,1.67005471,0.00000888,0
43000,0.40834704,0.61308169,0.14818155,1.73798243,1.52127034,0.00003198,0
44000,0.21310912,0.20862214,-0.73940904,-0.11009989,0.00000000,0.00001247,0
45000,0.24467236,0.17497113,-0.58007406,-0.25663861,0.00000000,0.00001474,0
46000,0.25512341,0.17212367,-0.51937171,-0.26110600,0.00000000,0.01304919,0
47000,0.55199170,0.68344766,0.88097734,2.15312096,2.70602547,0.00714734,0
48000,0.30006009,0.43576384,-0.28720477,1.00338259,0.50338832,0.00001197,0
49000,0.31202570,0.35686430,-0.22051967,0.64090721,0.20538102,0.00007092,0
50000,0.41148335,0.28635553,0.26098332,0.31526122,0.08375097,0.00003729,0
51000,0.41843048,0.77271849,0.30533951,2.66503032,3.59780941,0.01745968,0
52000,0.49589410,0.16195700,0.68620607,-0.26723256,0.23543939,0.00102392,0
53000,0.35020512,0.27095342,0.00049307,0.26956592,0.03633301,0.00020782,0
54000,0.36548114,0.27306572,0.08365356,0.28865889,0.04516094,0.00004265,0
55000,0.36635819,0.07769614,0.09778514,-0.66291337,0.00478097,0.00079765,0
56000,0.39809451,0.04862738,0.26203042,-0.80141553,0.03432997,0.00001632,0
57000,0.47115165,0.31518692,0.62809840,0.52676013,0.33599192,0.00000881,0
58000,0.30983782,0.00141208,-0.14919546,-1.02876019,0.00000000,0.00001135,0
59000,0.28189439,0.51880914,-0.27803286,1.56856624,1.23020003,0.00196763,0
60000,0.43278441,0.01553009,0.47094039,-0.95201995,0.11089243,0.00117426,0
61000,0.23570439,0.19672954,-0.49226981,-0.03224893,0.00000000,0.00002020,0
62000,0.29445800,0.78958404,-0.19564961,2.99035210,4.47110284,0.02995274,0
63000,0.22548854,0.31905645,-0.53043181,0.60668578,0.18403382,0.00034860,0
64000,0.21688770,0.19976255,-0.56758264,0.00415530,0.00000863,0.00356912,0
65000,0.21911544,0.15199175,-0.55007075,-0.23534528,0.00000000,0.00015896,0
66000,0.30093747,0.38559192,-0.13279012,0.98000841,0.48020824,0.00000998,0
67000,0.39727071,0.17671840,0.35926095,-0.09526140,0.06453421,0.00001947,0
68000,0.25757936,0.01374666,-0.33630877,-0.93955649,0.00000000,0.00078049,0
69000,0.30562443,0.02871132,-0.08655488,-0.85743555,0.00000000,0.00330251,0
70000,0.32362759,0.34534043,0.01145360,0.81196545,0.32970954,0.00115753,0
71000,0.25895080,0.21213041,-0.31536913,0.11494790,0.00660651,0.00495733,0
72000,0.28096610,0.04753703,-0.19832518,-0.75188843,0.00000000,0.00066830,0
73000,0.41613269,0.34769920,0.49947198,0.84981772,0.48583121,0.00010903,0
74000,0.19534625,0.13730648,-0.62223458,-0.26422141,0.00000000,0.00004009,0
75000,0.23974006,0.32717583,-0.38882282,0.75891476,0.28797581,0.00129899,0
76000,0.21624587,0.20869794,-0.50334418,0.13006696,0.00845871,0.00322607,0
77000,0.33670425,0.01164033,0.12276535,-0.92843017,0.00753567,0.00004269,0
78000,0.19983540,0.09688855,-0.57709726,-0.46366469,0.00000000,0.00040082,0
79000,0.24959897,0.10174125,-0.31329100,-0.43288215,0.00000000,0.00001136,0
80000,0.30311668,0.35330260,-0.02977259,0.94533821,0.44683217,0.00214133,0
81000,0.15342869,0.45645183,-0.80106947,1.51993106,1.15509522,0.00339987,0
82000,0.18393931,0.21324910,-0.63736529,0.19332253,0.01868680,0.00024929,0
83000,0.23197770,0.07149912,-0.38182585,-0.58306803,0.00000000,0.00159231,0
84000,0.21094009,0.28213617,-0.48664201,0.58688959,0.17221970,0.00043930,0
85000,0.25214699,0.30059379,-0.26495346,0.69726404,0.24308857,0.00720607,0
86000,0.27519488,0.17510650,-0.13784103,0.00493604,0.00001218,0.00213454,0
87000,0.48388904,0.03738621,0.96545307,-0.76075140,0.46604982,0.02377339,0
88000,0.20232718,0.03811067,-0.51113856,-0.75369512,0.00000000,0.00243508,0
89000,0.47463366,0.00400439,0.93216609,-0.94299754,0.43446681,0.00540212,0
90000,0.19719504,0.02085115,-0.52895693,-0.84647839,0.00000000,0.00104431,0
91000,0.23317571,0.02852526,-0.33378330,-0.80083805,0.00000000,0.00056161,0
92000,0.22574650,0.28398794,-0.36889078,0.65470971,0.21432240,0.01759920,0
93000,0.22139937,0.11808215,-0.38786310,-0.28554226,0.00000000,0.00275283,0
94000,0.20823342,0.16465056,-0.45358894,-0.01511977,0.00000000,0.00531099,0
95000,0.31429705,0.25721839,0.11793896,0.52152963,0.14295137,0.00070417,0
96000,0.18990350,0.16810909,-0.54264072,0.01458558,0.00010637,0.00060882,0
97000,0.25085786,0.52353287,-0.21132917,2.07386138,2.15045052,0.00886967,0
98000,0.24733624,0.28127182,-0.22526228,0.68033990,0.23143119,0.02271712,0
99000,0.37162808,0.13772561,0.44854404,-0.14790738,0.10059588,0.00686970,0
100000,0.20294324,0.45470929,-0.45544357,1.70500162,1.45351526,0.01209330,0
101000,0.22319311,0.33511120,-0.34187600,1.01446573,0.51457036,0.01951282,0
102000,0.27959004,0.10269649,-0.03219326,-0.34212508,0.00000000,0.01379422,0
103000,0.51922333,0.26315171,1.27209888,0.60609378,0.99279262,0.00149270,0
104000,0.38745585,0.14807658,0.56427024,-0.06675111,0.15920045,0.00068393,0
105000,0.26682225,0.01024683,-0.08502727,-0.87839869,0.00000000,0.00253888,0
106000,0.35441414,0.08961715,0.39722488,-0.40524768,0.07889380,0.00182413,0
107000,0.36587667,0.63111132,0.46556197,2.82271158,4.09222431,0.02121180,0
108000,0.23712604,0.08893473,-0.23219625,-0.40304952,0.00000000,0.00051032,0
109000,0.27335638,0.15005788,-0.02955992,-0.03388606,0.00000000,0.00621156,0
110000,0.35854608,0.05153220,0.44173526,-0.62149301,0.09756502,0.00323764,0
111000,0.25047436,0.39503169,-0.14619962,1.44843644,1.04898406,0.01070386,0
112000,0.50568509,0.24590655,1.26086895,0.55659718,0.94979546,0.00595156,0
113000,0.35681832,0.63170534,0.44889981,2.89763943,4.29891266,0.02350446,0
114000,0.33537108,0.21304773,0.33584129,0.36892864,0.12444886,0.00009597,0
115000,0.28071722,0.16093808,0.03936876,0.05683749,0.00239020,0.00675685,0
116000,0.42289907,0.08841392,0.82952903,-0.38179153,0.34405920,0.00750717,0
117000,0.32560185,0.13496025,0.29627364,-0.09449615,0.04388904,0.00027206,0
118000,0.54810947,0.17920776,1.53425168,0.18071247,1.19329261,0.00104018,0
119000,0.23632257,0.42752469,-0.18894000,1.71192726,1.46534747,0.00510831,0
120000,0.23982060,0.71884632,-0.16481057,3.51589435,6.18075654,0.04347716,0
121000,0.33755806,0.36181560,0.38320183,1.32234162,0.94771550,0.01420430,0
122000,0.36392447,0.32262370,0.53490233,1.08682342,0.73365283,0.00002498,0
123000,0.33049455,0.23242342,0.35370802,0.53334609,0.20478371,0.00009698,0
124000,0.26576728,0.25274542,-0.00335473,0.66514892,0.22121155,0.01404845,0
125000,0.28237602,0.02885159,0.09340033,-0.72717660,0.00436181,0.03541969,0
126000,0.30495518,0.18348350,0.22415224,0.24207220,0.05442159,0.00056456,0
127000,0.38170379,0.34219778,0.65898154,1.24154518,0.98784556,0.00084810,0
128000,0.30750892,0.25630626,0.24733399,0.70826347,0.28140563,0.01722361,0
129000,0.30724162,0.01555892,0.25034061,-0.80356509,0.03133521,0.00442189,0
130000,0.26748890,0.23184489,0.03103858,0.56478896,0.15997498,0.00164340,0
131000,0.33048275,0.27054238,0.38998114,0.81439326,0.40766083,0.00035451,0
132000,0.33452526,0.06857232,0.41692116,-0.46230280,0.08691163,0.01930269,0
133000,0.37532318,0.29533088,0.65220236,0.98301082,0.69583910,0.00200559,0
134000,0.27235529,0.51767039,0.07417794,2.40689923,2.89933313,0.01128087,0
135000,0.27698934,0.06628959,0.10421783,-0.46996577,0.00543068,0.00424666,0
136000,0.28534925,0.59875280,0.15560489,2.94450834,4.34717111,0.02694721,0
137000,0.22006093,0.30311292,-0.21149360,1.05561363,0.55716007,0.00028966,0
138000,0.17606543,0.03763764,-0.45840457,-0.64776608,0.00000000,0.00067890,0
139000,0.10382307,0.14016047,-0.86695030,0.01548900,0.00011995,0.01025562,0
140000,0.43384978,0.46733040,1.01894046,2.13465109,2.79748746,0.00809216,0
141000,0.29648051,0.19091059,0.23901407,0.35076221,0.09008093,0.00751101,0
142000,0.40559846,0.32115221,0.86701987,1.20077904,1.09679688,0.01087292,0
143000,0.26139218,0.49678221,0.04556065,2.34979024,2.76179498,0.01026606,0
144000,0.32647407,0.56249422,0.42243053,2.78655066,3.97165607,0.02320460,0
145000,0.22054651,0.03358072,-0.18196869,-0.66324041,0.00000000,0.01052439,0
146000,0.41222522,0.47595620,0.92336401,2.23753791,2.92958850,0.01014034,0
147000,0.22986174,0.33441719,-0.12155135,1.31577192,0.86562788,0.04780780,0
148000,0.30375481,0.21412106,0.30736360,0.52952590,0.18743503,0.00453266,0
149000,0.37260884,0.12125437,0.70828404,-0.07910964,0.25083314,0.01813421,0
150000,0.19936593,0.06949644,-0.28855930,-0.41837428,0.00000000,0.00133945,0
151000,0.31887531,0.14916420,0.40603567,0.11142693,0.08864046,0.00635574,0
152000,0.37877396,0.08139659,0.75676534,-0.33542283,0.28634689,0.01345345,0
153000,0.26793784,0.07905769,0.11789553,-0.34902848,0.00694968,0.00952405,0
154000,0.16767080,0.08452705,-0.46152722,-0.31046592,0.00000000,0.00471264,0
155000,0.24235395,0.38093191,-0.02443996,1.67234987,1.39837704,0.02594489,0
156000,0.35421383,0.17477374,0.63061821,0.29804951,0.24325642,0.03378451,0
157000,0.15112807,0.03427776,-0.54980389,-0.64141126,0.00000000,0.01112332,0
158000,0.23230463,0.30566263,-0.07316668,1.18468081,0.70173431,0.01895385,0
159000,0.27432892,0.40463048,0.17542672,1.85658436,1.73884000,0.00104158,0
160000,0.42639640,0.40538692,1.06905832,1.86832680,2.31676536,0.02095417,0
161000,0.24889210,0.07746764,0.03323590,-0.34386240,0.00055231,0.02167522,0
162000,0.47647560,0.02671871,1.36805496,-0.68873072,0.93578719,0.03979254,0
163000,0.25858214,0.17651309,0.08975163,0.32702375,0.05749994,0.00221026,0
164000,0.25217253,0.04810813,0.05284901,-0.54505855,0.00139651,0.00899630,0
165000,0.18665926,0.19697288,-0.33301128,0.46966835,0.11029418,0.00277584,0
166000,0.22205780,0.07639692,-0.12385061,-0.35165204,0.00000000,0.06287274,0
167000,0.34788916,0.15562040,0.62328414,0.19124635,0.21252914,0.05692748,0
168000,0.19787417,0.00807460,-0.26674277,-0.81922714,0.00000000,0.06099563,0
169000,0.17276472,0.10550769,-0.41622996,-0.14993007,0.00000000,0.03417473,0
170000,0.15994042,0.13902798,-0.49256929,0.08184784,0.00334953,0.01051939,0
171000,0.25888139,0.20755215,0.09894150,0.55590668,0.15941083,0.06398896,0
172000,0.66267717,0.97158414,2.51520710,5.83650605,20.19553479,0.63935096,0
173000,0.41693130,0.56100965,1.04494717,3.00497981,5.06090913,0.06629871,0
174000,0.26394871,0.09274134,0.12854867,-0.23563377,0.00826238,0.07173121,0
175000,0.11881223,0.01029253,-0.74247882,-0.80729495,0.00000000,0.08698459,0
176000,0.16967723,0.00565883,-0.43725481,-0.83978207,0.00000000,0.13512998,0
177000,0.11434292,0.04627072,-0.77133019,-0.55701521,0.00000000,0.04511224,0
178000,0.21877410,0.00009518,-0.14085624,-0.87918213,0.00000000,0.00431993,0
179000,0.27535382,0.06714510,0.20244052,-0.40999790,0.02049108,0.00177089,0
180000,0.18708284,0.08570854,-0.33165775,-0.27924032,0.00000000,0.05644302,0
181000,0.21496680,0.03019472,-0.16209479,-0.66838628,0.00000000,0.03040770,0
182000,0.16846304,0.03070676,-0.44408536,-0.66457489,0.00000000,0.01596734,0
183000,0.21110035,0.05696335,-0.18372573,-0.47884331,0.00000000,0.02347462,0
184000,0.21031657,0.05794235,-0.18704786,-0.47094853,0.00000000,0.00334181,0
185000,0.54894769,0.78637320,1.88200568,4.68346677,12.73840317,0.32287746,0
186000,0.21813411,0.09692433,-0.13709854,-0.19306635,0.00000000,0.00128414,0
187000,0.15198155,0.07448732,-0.54078006,-0.35079914,0.00000000,0.01197176,0
188000,0.18444785,0.13485846,-0.34095750,0.07960544,0.00316851,0.01030723,0
189000,0.17424354,0.15274088,-0.40248189,0.20908217,0.02185768,0.00986401,0
190000,0.18603097,0.16104953,-0.32926281,0.27049463,0.03658367,0.00891775,0
191000,0.19789243,0.27948833,-0.25576968,1.11940712,0.62653615,0.06623602,0
192000,0.16881855,0.31575608,-0.43478109,1.38289095,0.95619370,0.06163310,0
193000,0.21517983,0.22751065,-0.14766299,0.75369206,0.28402586,0.07814356,0
194000,0.13511263,0.15529290,-0.64267507,0.23736744,0.02817165,0.03167905,0
195000,0.24414723,0.11723721,0.03249047,-0.03473749,0.00052782,0.03522704,0
196000,0.24454831,0.05696407,0.03587350,-0.46794677,0.00064345,0.00302100,0
197000,0.18845482,0.04025857,-0.31077061,-0.58723355,0.00000000,0.05404668,0
198000,0.16508931,0.04999661,-0.45427606,-0.51540411,0.00000000,0.00475670,0
199000,0.19452848,0.18186867,-0.26988310,0.44201115,0.09768693,0.00051863,0
200000,0.19201487,0.06398635,-0.28420880,-0.41107557,0.00000000,0.03130556,0
201000,0.18575011,0.02347035,-0.32211673,-0.70446419,0.00000000,0.05145527,0
202000,0.20423038,0.22056976,-0.20588261,0.73246570,0.26825300,0.01092334,0
203000,0.17007972,0.05486390,-0.41863128,-0.47376211,0.00000000,0.00479576,0
204000,0.21793403,0.15540721,-0.11765580,0.26235740,0.03441570,0.02711893,0
205000,0.18480211,0.02308388,-0.32440968,-0.70438425,0.00000000,0.01441087,0
206000,0.19613315,0.03192670,-0.25233939,-0.63897314,0.00000000,0.01077541,0
207000,0.17610079,0.08274900,-0.37706068,-0.26484854,0.00000000,0.00022551,0
208000,0.17979410,0.18661165,-0.35254724,0.50098008,0.12549052,0.00120393,0
209000,0.19089535,0.06075166,-0.28130437,-0.42426727,0.00000000,0.02189872,0
210000,0.18641590,0.07337537,-0.30807247,-0.32991041,0.00000000,0.00114266,0
211000,0.17410946,0.00195129,-0.38436914,-0.85690267,0.00000000,0.00166063,0
212000,0.12487248,0.09939568,-0.69458968,-0.13452578,0.00000000,0.00010845,0
213000,0.26244470,0.03795618,0.17870673,-0.58872701,0.01596805,0.01341978,0
214000,0.19737037,0.08166559,-0.23231144,-0.26290677,0.00000000,0.00001589,0
215000,0.24440879,0.09390997,0.06799630,-0.17046683,0.00231175,0.02616091,0
216000,0.19597846,0.03845019,-0.23754290,-0.58218208,0.00000000,0.00230536,0
217000,0.24039300,0.03205497,0.04673514,-0.62880449,0.00109209,0.01883958,0
218000,0.15690166,0.09317274,-0.48385636,-0.17097147,0.00000000,0.01634155,0
219000,0.37728420,0.00478757,0.92274230,-0.83147041,0.42572668,0.00514416,0
220000,0.15109858,0.13429600,-0.51930950,0.14077473,0.00990876,0.00653783,0
221000,0.31908813,0.08385368,0.55587908,-0.23596035,0.15450077,0.01509091,0
222000,0.39497188,0.17696677,1.04434311,0.46649071,0.65413305,0.00097382,0
223000,0.33120966,0.14421852,0.63901171,0.22234464,0.22888655,0.00095198,0
224000,0.17353454,0.12811351,-0.36952749,0.10285302,0.00528937,0.03786085,0
225000,0.18985246,0.06814015,-0.26338758,-0.34845686,0.00000000,0.00122755,0
226000,0.12632832,0.17179827,-0.66992074,0.43767794,0.09578099,0.00099396,0
227000,0.15676068,0.14669004,-0.47315115,0.24991502,0.03122876,0.00069112,0
228000,0.11891954,0.19646370,-0.71508663,0.63025289,0.19860935,0.00418390,0
229000,0.21452415,0.23614520,-0.09815879,0.93484097,0.43696382,0.14087836,0
230000,0.09136686,0.04357191,-0.89090014,-0.52835149,0.00000000,0.00908385,0
231000,0.12444760,0.04645794,-0.67626473,-0.50507587,0.00000000,0.00519346,0
232000,0.17444566,0.03379325,-0.35153039,-0.60041705,0.00000000,0.00125583,0
233000,0.13394056,0.07459396,-0.61163724,-0.28711647,0.00000000,0.00004983,0
234000,0.18880838,0.04353787,-0.25505202,-0.52334493,0.00000000,0.00064104,0
235000,0.15592483,0.12415199,-0.46646744,0.09642223,0.00464862,0.00038767,0
236000,0.09539194,0.05257610,-0.85879649,-0.45209148,0.00000000,0.00394548,0
237000,0.28035110,0.07233425,0.34068378,-0.29979352,0.05803272,0.03104007,0
238000,0.72344172,0.60829258,3.21732977,3.82476572,12.49002183,0.39916053,0
239000,0.12605461,0.03067576,-0.66411707,-0.62071433,0.00000000,0.00269174,0
240000,0.34202591,0.37048966,0.73978025,2.00027197,2.27418140,0.28776860,0
241000,0.17044906,0.00334123,-0.37666360,-0.83187539,0.00000000,0.00110664,0
242000,0.18965250,0.00869078,-0.25087586,-0.78970260,0.00000000,0.00025505,0
243000,0.19256236,0.05983635,-0.23259863,-0.39377476,0.00000000,0.39474766,0
244000,0.19161783,0.11760771,-0.23842553,0.05538347,0.00153366,0.00005303,0
245000,0.15612493,0.14423679,-0.47006698,0.26422162,0.03490653,0.00001024,0
246000,0.14539653,0.06824131,-0.53994741,-0.32459609,0.00000000,0.00007445,0
247000,0.19862548,0.10565700,-0.19007001,-0.03181392,0.00000000,0.00004929,0
248000,0.19517934,0.14378150,-0.21130383,0.26748425,0.03577391,0.00000000,0
249000,0.15013804,0.15780500,-0.50583141,0.37933979,0.07194934,0.00000026,0
250000,0.11655718,0.20986009,-0.72495688,0.78893661,0.31121049,0.00000232,0
251000,0.12628229,0.13922361,-0.65925960,0.23895958,0.02855084,0.00000008,0
252000,0.10475984,0.03935794,-0.79974764,-0.54164191,0.00000000,0.00130872,0
253000,0.13555181,0.02660459,-0.59510045,-0.64040594,0.00000000,0.00000497,0
254000,0.16520570,0.21583608,-0.39763438,0.84837676,0.35987156,0.00724147,0
255000,0.16275054,0.06804083,-0.41223761,-0.31191551,0.00000000,0.00005060,0
256000,0.16019361,0.07934460,-0.42778327,-0.22132998,0.00000000,0.00135315,0
257000,0.16815278,0.02992760,-0.37361393,-0.60973974,0.00000000,0.00002645,0
258000,0.23530358,0.06173721,0.07162733,-0.35792558,0.00256524,0.02244318,0
259000,0.20329492,0.03688984,-0.13989996,-0.55336220,0.00000000,0.00046231,0
260000,0.15491022,0.12907803,-0.46000469,0.17833030,0.01590085,0.00059960,0
261000,0.17348959,0.06283460,-0.33505854,-0.34504533,0.00000000,0.00000084,0
262000,0.25149235,0.08160232,0.18585352,-0.19449512,0.01727076,0.00000002,0
263000,0.14086623,0.10369698,-0.54991428,-0.01734486,0.00000000,0.00020566,0
264000,0.15231875,0.04097230,-0.47204366,-0.51505168,0.00000000,0.00000252,0
265000,0.22251022,0.17754291,-0.00222552,0.57524157,0.16545143,0.00881264,0
266000,0.15440542,0.01834353,-0.45571664,-0.69340274,0.00000000,0.00099281,0
267000,0.14741142,0.00347635,-0.50148216,-0.81146219,0.00000000,0.00037455,0
268000,0.19703196,0.00615760,-0.16762419,-0.78901796,0.00000000,0.02364336,0
269000,0.14727084,0.02989972,-0.49984442,-0.59792879,0.00000000,0.01274574,0
270000,0.17784916,0.06181479,-0.29394357,-0.34090756,0.00000000,0.00195093,0
271000,0.15774064,0.02737440,-0.42782397,-0.61650585,0.00000000,0.03571218,0
272000,0.18766257,0.01408851,-0.22574991,-0.72250412,0.00000000,0.00573885,0
273000,0.09531634,0.02964780,-0.84541220,-0.59619772,0.00000000,0.00109428,0
274000,0.08814272,0.02010161,-0.89263594,-0.67205747,0.00000000,0.00000046,0
275000,0.14393307,0.13018441,-0.51580806,0.21801468,0.02376520,0.00581389,0
276000,0.11261083,0.03993290,-0.72575440,-0.50959140,0.00000000,0.00120850,0
277000,0.10766172,0.03353725,-0.75787851,-0.56006909,0.00000000,0.00101656,0
278000,0.14992040,0.06125290,-0.47100109,-0.33416839,0.00000000,0.00000004,0
279000,0.11936215,0.08349755,-0.67577363,-0.15211713,0.00000000,0.00166617,0
280000,0.15232655,0.03922576,-0.45137730,-0.51017463,0.00000000,0.00855706,0
281000,0.11536241,0.07564235,-0.70020800,-0.21270674,0.00000000,0.00017020,0
282000,0.11056371,0.18595476,-0.73109388,0.68733608,0.23621544,0.00317131,0
283000,0.15306756,0.11403266,-0.44185752,0.10360349,0.00536684,0.00009447,0
284000,0.12387018,0.08051357,-0.63911871,-0.16808366,0.00000000,0.00030438,0
285000,0.31044585,0.18023859,0.62901000,0.64848851,0.40809547,0.00463507,0
286000,0.43998802,0.25989538,1.51159001,1.30274167,1.99102010,0.00126652,0
287000,0.16508974,0.04008893,-0.35550931,-0.49448250,0.00000000,0.00028219,0
288000,0.22297683,0.01185719,0.04020394,-0.72474741,0.00080818,0.00000001,0
289000,0.14956929,0.16173682,-0.45811952,0.50682957,0.12843811,0.00064910,0
290000,0.13226438,0.11609615,-0.57508888,0.13391575,0.00896671,0.00018709,0
291000,0.12230232,0.04549692,-0.64209643,-0.44533980,0.00000000,0.00779678,0
292000,0.09595870,0.06370009,-0.82105601,-0.29418571,0.00000000,0.00001884,0
293000,0.12435035,0.03948721,-0.62609507,-0.49253831,0.00000000,0.00484098,0
294000,0.14908341,0.18853715,-0.45594154,0.73962366,0.27352158,0.00002746,0
295000,0.14129539,0.08870799,-0.50822931,-0.08332052,0.00000000,0.00002344,0
296000,0.45251492,0.13689747,1.62336096,0.31619003,1.36763847,0.39516840,0
297000,0.16688769,0.18077120,-0.33240370,0.68168233,0.23234540,0.01850093,0
298000,0.18251526,0.28142321,-0.22423579,1.51893646,1.15358399,0.00583967,0
299000,0.13857780,0.14677545,-0.52448013,0.40404444,0.08162596,0.00352523,0
300000,0.27612206,0.21907450,0.42160099,1.00733574,0.59623635,0.00023631,0
301000,0.40464175,0.22511248,1.30716537,1.06044733,1.41661492,0.00301054,0
302000,0.34698963,0.08298544,0.91293094,-0.12113742,0.41672145,0.01101983,0
303000,0.17908733,0.10964781,-0.24099823,0.10281242,0.00528520,0.00240981,0
304000,0.13770756,0.10529997,-0.52470751,0.06825012,0.00232904,0.00000068,0
305000,0.13968773,0.05442775,-0.50973831,-0.35540164,0.00000000,0.00062942,0
306000,0.12006837,0.03933857,-0.64379094,-0.48042388,0.00000000,0.00006885,0
307000,0.09533680,0.07743068,-0.81332305,-0.16005774,0.00000000,0.00498468,0
308000,0.11235248,0.09409052,-0.69459200,-0.01872080,0.00000000,0.00029496,0
309000,0.12080689,0.03916189,-0.63509851,-0.47840110,0.00000000,0.00065959,0
310000,0.36393890,0.10451446,1.04716970,0.07166612,0.55085021,0.31579212,0
311000,0.14732504,0.03444318,-0.44997162,-0.51637018,0.00000000,0.00012059,0
312000,0.20171762,0.06397090,-0.07209990,-0.26692194,0.00000000,0.00040373,0
313000,0.11464319,0.11351243,-0.67397295,0.15226245,0.01159193,0.00088782,0
314000,0.11996175,0.02811364,-0.63579496,-0.56697402,0.00000000,0.00029327,0
315000,0.21563503,0.03759671,0.02938469,-0.48576415,0.00043173,0.00076944,0
316000,0.11936632,0.03304272,-0.63744657,-0.52315315,0.00000000,0.00110490,0
317000,0.10654532,0.05430724,-0.72538998,-0.34207035,0.00000000,0.00071117,0
318000,0.10908984,0.03068295,-0.70650279,-0.54111667,0.00000000,0.00003284,0
319000,0.09466405,0.09237423,-0.80604398,-0.01644944,0.00000000,0.00000479,0
320000,0.26732025,0.19138582,0.39662950,0.82618935,0.41995190,0.17731706,0
321000,0.16680554,0.02708135,-0.30192951,-0.56900117,0.00000000,0.00001276,0
322000,0.11146365,0.01267659,-0.68690171,-0.69083625,0.00000000,0.03567344,0
323000,0.26771757,0.06915829,0.40444743,-0.20861758,0.08178886,0.00004287,0
324000,0.09391667,0.05988393,-0.80741609,-0.28643686,0.00000000,0.00000041,0
325000,0.11455832,0.01311757,-0.66219459,-0.68470393,0.00000000,0.00000139,0
326000,0.10045543,0.01707216,-0.75962734,-0.65005956,0.00000000,0.00784130,0
327000,0.07246131,0.03011176,-0.95447155,-0.53757905,0.00000000,0.00001063,0
328000,0.09865266,0.12901351,-0.77058383,0.31073482,0.04827806,0.14594656,0
329000,0.08841662,0.03734015,-0.84108538,-0.47380059,0.00000000,0.00000630,0
330000,0.11466895,0.08889404,-0.65550529,-0.02994273,0.00000000,0.00000088,0
331000,0.08291604,0.01404582,-0.87660841,-0.67193900,0.00000000,0.00063006,0
332000,0.12027461,0.05017276,-0.61325938,-0.36014143,0.00000000,0.01639439,0
333000,0.26996008,0.02657703,0.43697077,-0.56345303,0.09547173,0.47935433,0
334000,0.12197207,0.11847923,-0.60101496,0.22965548,0.02637082,0.00002908,0
335000,0.11966646,0.02009747,-0.61598332,-0.61784659,0.00000000,0.00000000,0
336000,0.11866879,0.08948928,-0.62160515,-0.01751619,0.00000000,0.00158387,0
337000,0.27272326,0.15604225,0.46364117,0.55927228,0.26387431,0.01602192,0
338000,0.14963913,0.04544654,-0.40151163,-0.39639778,0.00000000,0.00000284,0
339000,0.19894652,0.17505762,-0.05269984,0.72804555,0.26502516,0.00014915,0
340000,0.13258348,0.06498712,-0.51904442,-0.22487429,0.00000000,0.00002293,0
341000,0.11522367,0.01617822,-0.64008862,-0.64761677,0.00000000,0.00003862,0
342000,0.16525556,0.22577511,-0.28574548,1.17555073,0.69095976,0.00220131,0
343000,0.15276368,0.00031129,-0.37243399,-0.78422570,0.00000000,0.00001705,0
344000,0.17351831,0.03135335,-0.22435630,-0.51315692,0.00000000,0.00794680,0
345000,0.15487817,0.08198007,-0.35474714,-0.07072033,0.00000000,0.00008422,0
346000,0.12815829,0.09583852,-0.54229669,0.05165808,0.00133428,0.00000043,0
347000,0.12708001,0.12189304,-0.54860638,0.28083168,0.03943322,0.00029793,0
348000,0.09595383,0.01565325,-0.76783352,-0.64707252,0.00000000,0.00771559,0
349000,0.12831289,0.08642288,-0.53746045,-0.02669816,0.00000000,0.00258567,0
350000,0.07619858,0.03732442,-0.90552642,-0.45578248,0.00000000,0.00000125,0
351000,0.09426438,0.00975239,-0.77624807,-0.69688680,0.00000000,0.00477286,0
352000,0.10402686,0.00989932,-0.70580679,-0.69488943,0.00000000,0.01400163,0
353000,0.11072368,0.03215677,-0.65710278,-0.49855139,0.00000000,0.02812494,0
354000,0.06937324,0.05721765,-0.94968262,-0.27712104,0.00000000,0.00007992,0
355000,0.13375928,0.06769521,-0.49131732,-0.18390879,0.00000000,0.05654969,0
356000,0.09355009,0.06018438,-0.77617989,-0.24890950,0.00000000,0.02019403,0
357000,0.09273665,0.12892884,-0.78059928,0.35916357,0.06449924,0.00000178,0
358000,0.12275955,0.21163096,-0.56563396,1.09167814,0.59588058,0.00166442,0
359000,0.37491518,0.31126970,1.23252551,1.97524863,2.71036314,1.65302708,0
360000,0.17345785,0.17659046,-0.20229914,0.78591221,0.30882900,0.08951690,0
361000,0.15709230,0.15996768,-0.31772513,0.64074499,0.20527707,0.00588995,0
362000,0.39633331,0.13538308,1.39158080,0.42447068,1.05833624,0.03510898,0
363000,0.09665430,0.06815769,-0.74740505,-0.17085973,0.00000000,0.01141949,0
364000,0.12161706,0.01401833,-0.56823974,-0.65114286,0.00000000,0.00260332,0
365000,0.19985627,0.04234638,-0.00748891,-0.39849180,0.00000000,0.00042072,0
366000,0.12783442,0.04169888,-0.52177267,-0.40346716,0.00000000,0.00849331,0
367000,0.16091742,0.17697008,-0.28392668,0.80324694,0.32260283,0.04575067,0
368000,0.12576504,0.03244756,-0.53490453,-0.48449767,0.00000000,0.00019087,0
369000,0.23146026,0.10468608,0.22389838,0.16151434,0.03810868,0.01063439,0
370000,0.12927788,0.02318539,-0.50788841,-0.56580285,0.00000000,0.00083550,0
371000,0.17470500,0.02588512,-0.18088483,-0.54102972,0.00000000,0.00586279,0
372000,0.09665883,0.03486636,-0.74037186,-0.45987909,0.00000000,0.00068355,0
373000,0.14621988,0.03979244,-0.38308430,-0.41492001,0.00000000,0.00284414,0
374000,0.12658268,0.01276275,-0.52329739,-0.65671592,0.00000000,0.00313692,0
375000,0.09392313,0.08278245,-0.75746652,-0.02708687,0.00000000,0.00014057,0
376000,0.14983171,0.00360937,-0.35399073,-0.73796666,0.00000000,0.00308953,0
377000,0.13920406,0.07091965,-0.42929714,-0.13151349,0.00000000,0.01327842,0
378000,0.12177713,0.00561577,-0.55377095,-0.71889215,0.00000000,0.00077769,0
379000,0.11077163,0.10706747,-0.63216479,0.19675122,0.01935552,0.03491274,0
380000,0.12611337,0.02503452,-0.52046061,-0.54251204,0.00000000,0.00000259,0
381000,0.12533975,0.04728061,-0.52510048,-0.34079370,0.00000000,0.00582302,0
382000,0.06309289,0.06295664,-0.97426977,-0.19815907,0.00000000,0.00106538,0
383000,0.13423772,0.00491367,-0.45925404,-0.72263120,0.00000000,0.00001234,0
384000,0.12836877,0.02532371,-0.50112164,-0.53714472,0.00000000,0.01548407,0
385000,0.12762380,0.08454529,-0.50581400,0.00075535,0.00000029,0.00651833,0
386000,0.10934265,0.07153009,-0.63764953,-0.11623405,0.00000000,0.00006980,0
387000,0.10300405,0.03859636,-0.68292815,-0.41444035,0.00000000,0.00824794,0
388000,0.08137219,0.05508164,-0.83934441,-0.26370631,0.00000000,0.00100230,0
389000,0.10708853,0.05049495,-0.65221032,-0.30458422,0.00000000,0.03599074,0
390000,0.07254181,0.00138175,-0.90258894,-0.75135909,0.00000000,0.00110331,0
391000,0.14402767,0.10179420,-0.38236023,0.16505758,0.01362200,0.00031762,0
392000,0.12518880,0.04146268,-0.51856781,-0.38453000,0.00000000,0.02308039,0
393000,0.08517916,0.07549067,-0.80918209,-0.07279448,0.00000000,0.01763074,0
394000,0.11190364,0.00299251,-0.61390252,-0.73494625,0.00000000,0.05426124,0
395000,0.12690641,0.03443838,-0.50385157,-0.44651891,0.00000000,0.00205353,0
396000,0.09755194,0.12484559,-0.71715006,0.38272794,0.07324034,0.00239153,0
397000,0.10399782,0.05724666,-0.66957126,-0.23590460,0.00000000,0.00966324,0
398000,0.08683581,0.09943555,-0.79418573,0.15240483,0.01161362,0.00555851,0
399000,0.11166410,0.00166230,-0.61229581,-0.74490154,0.00000000,0.02831447,0
400000,0.12644674,0.05275658,-0.50355238,-0.27448404,0.00000000,0.05129409,0
401000,0.09129636,0.04076824,-0.75993744,-0.38400069,0.00000000,0.02549535,0
402000,0.09965131,0.07522190,-0.69807378,-0.06574856,0.00000000,0.00895512,0
403000,0.11045456,0.07037019,-0.61835455,-0.10944582,0.00000000,0.00046776,0
404000,0.11770370,0.02757814,-0.56489484,-0.50365496,0.00000000,0.02748340,0
405000,0.10224991,0.01953530,-0.67769829,-0.57739940,0.00000000,0.04411636,0
406000,0.16031314,0.08431192,-0.25128846,0.02216778,0.00024571,0.00840865,0
407000,0.10334176,0.04860042,-0.66880971,-0.30739084,0.00000000,0.00657583,0
408000,0.07426293,0.04648371,-0.88190159,-0.32623332,0.00000000,0.01689045,0
409000,0.06952358,0.09405234,-0.91606205,0.11572977,0.00669669,0.01600404,0
410000,0.33540514,0.06053998,1.03931356,-0.19418865,0.54008634,0.00060386,0
411000,0.15097935,0.01727795,-0.31597136,-0.59526499,0.00000000,0.00591394,0
412000,0.09835826,0.07568332,-0.70239678,-0.05160583,0.00000000,0.03933728,0
413000,0.18599138,0.04609049,-0.05631114,-0.32603667,0.00000000,0.01848690,0
414000,0.33667466,0.06663129,1.05485973,-0.13397398,0.55636452,0.02161758,0
415000,0.21987283,0.09778466,0.19537154,0.15740682,0.03147347,0.01372601,0
416000,0.70946747,0.29796246,3.80704966,2.02643180,9.30002646,1.31146622,0
417000,0.15131752,0.06424910,-0.30866490,-0.15374681,0.00000000,0.07947338,0
418000,0.12924384,0.11049771,-0.47094647,0.27941647,0.03903678,0.05603745,0
419000,0.22244315,0.04270160,0.21814799,-0.35363321,0.02379427,0.02610673,0
420000,0.12547667,0.08211961,-0.49736690,0.01622110,0.00013156,0.06487754,0
421000,0.11596792,0.00086101,-0.56691283,-0.74439008,0.00000000,0.00804360,0
422000,0.08681776,0.04473867,-0.78192970,-0.33248444,0.00000000,0.01676219,0
423000,0.10654690,0.08700807,-0.63531852,0.06508925,0.00211831,0.00132682,0
424000,0.08946817,0.00791539,-0.76129806,-0.67716292,0.00000000,0.05312664,0
425000,0.09936877,0.05867099,-0.68744595,-0.19941336,0.00000000,0.00356205,0
426000,0.14080907,0.04446073,-0.37945976,-0.33228172,0.00000000,0.00105835,0
427000,0.10514621,0.05346607,-0.64304284,-0.24672400,0.00000000,0.00318083,0
428000,0.13790493,0.05227066,-0.39917267,-0.25718184,0.00000000,0.04008191,0
429000,0.09648851,0.04390900,-0.70570145,-0.33534259,0.00000000,0.00526926,0
430000,0.11297620,0.01315483,-0.58257925,-0.62520332,0.00000000,0.01794939,0
431000,0.08464062,0.01526949,-0.79228867,-0.60478612,0.00000000,0.04876346,0
432000,0.07172185,0.08491737,-0.88760830,0.05461573,0.00149144,0.02241401,0
433000,0.12274420,0.07608060,-0.50767197,-0.02812120,0.00000000,0.15276242,0
434000,0.13678552,0.03628545,-0.40254362,-0.40438500,0.00000000,0.00796471,0
435000,0.10474221,0.00455605,-0.64035983,-0.70482004,0.00000000,0.04056497,0
436000,0.14600132,0.05343441,-0.33230252,-0.24036019,0.00000000,0.01110728,0
437000,0.13191050,0.03452775,-0.43625815,-0.41920713,0.00000000,0.00196506,0
438000,0.12371640,0.07384770,-0.49649039,-0.04466070,0.00000000,0.05587289,0
439000,0.08354677,0.13164605,-0.79526670,0.50633612,0.12818813,0.07806039,0
440000,0.25543398,0.22746027,0.48749958,1.42037876,1.12756583,0.05024820,0
441000,0.08793293,0.06252889,-0.76124370,-0.14991384,0.00000000,0.00559575,0
442000,0.13256960,0.02985618,-0.42716034,-0.46079187,0.00000000,0.04846077,0
443000,0.14311343,0.01754029,-0.34745234,-0.57781166,0.00000000,0.01163476,0
444000,0.28320900,0.23661469,0.70045712,1.51658259,1.39533147,0.00306452,0
445000,0.13142335,0.03056549,-0.43276830,-0.45219407,0.00000000,0.01360146,0
446000,0.25098214,0.01471042,0.46237324,-0.60338308,0.10689451,0.00998614,0
447000,0.31806055,0.00484298,0.96553961,-0.69743802,0.46613337,0.02029346,0
448000,0.13539861,0.02312106,-0.40018985,-0.52170692,0.00000000,0.00284461,0
449000,0.17068601,0.05344005,-0.13495994,-0.23018741,0.00000000,0.01473250,0
450000,0.20933402,0.17307612,0.15553384,0.91965883,0.43498157,0.00986363,0
451000,0.08789326,0.17253511,-0.75384844,0.91612954,0.41964667,0.00669705,0
452000,0.14459798,0.08705781,-0.32803507,0.09540750,0.00455130,0.00961174,0
453000,0.08371221,0.04127149,-0.78417660,-0.34449921,0.00000000,0.02672801,0
454000,0.14480533,0.04368414,-0.32492126,-0.32065905,0.00000000,0.07240036,0
455000,0.13241504,0.06798694,-0.41711135,-0.08557841,0.00000000,0.06317925,0
456000,0.26764512,0.01908835,0.59978070,-0.55680988,0.17986844,0.09442696,0
457000,0.05890125,0.05544239,-0.96826674,-0.20511936,0.00000000,0.02437952,0
458000,0.09803909,0.00232352,-0.67342901,-0.71789377,0.00000000,0.02754294,0
459000,0.65490651,0.11722649,0.00000000,0.00000000,0.00000000,0.00000000,0
460000,0.15549634,0.11422826,-0.01720675,0.51837016,0.13435381,0.06146483,0
461000,0.09643290,0.07087833,-0.44352639,0.23090801,0.02665926,0.10432458,0
462000,0.36466908,0.06436998,2.52678661,0.27513502,3.23017492,0.09526409,0
463000,0.19027111,0.01056972,0.74116620,-0.56842113,0.27466367,0.49486039,0
464000,0.07878511,0.12887867,-0.52032024,1.62676156,1.32317658,0.50302377,0
465000,0.10543332,0.01591455,-0.17621999,-0.46563534,0.00000000,0.25966633,0
466000,0.13668606,0.01639900,0.25530362,-0.44823133,0.03258997,0.19802916,0
467000,0.12462463,0.04653220,0.13685347,0.21206869,0.03185100,0.10944644,0
468000,0.29936299,0.00797947,2.51934322,-0.62752675,3.17354513,0.34149008,0
469000,0.10290538,0.02063763,-0.11234375,-0.33592616,0.00000000,0.49614027,0
470000,0.21023487,0.05726514,1.41332291,0.54628465,1.14795428,0.38256077,0
471000,0.24140157,0.02345551,1.89341843,-0.26439254,1.79251668,0.99171501,0
472000,0.13445970,0.14349581,0.37536862,2.77044825,3.90814257,1.10870969,0
473000,0.12911606,0.05466027,0.30854482,0.54501793,0.19612223,0.53927093,0
474000,0.11130619,0.04607678,0.06187760,0.34073252,0.05996374,0.32222076,0
475000,0.09567472,0.04193188,-0.16728363,0.24398460,0.02976424,0.18594568,0
476000,0.47078577,0.14571698,0.00000000,0.00000000,0.00000000,0.00000000,0
477000,0.23048462,0.12542230,0.43973144,0.94933730,0.54730253,0.02942648,0
478000,0.07763478,0.04447968,-0.78469008,-0.10386842,0.00000000,0.13091976,0
479000,0.10247879,0.04563332,-0.52237173,-0.00341899,0.00000000,0.19366339,0
480000,0.25456300,0.09797085,0.00000000,0.00000000,0.00000000,0.00000000,0
481000,0.24199687,0.04495326,0.36642321,-0.29217925,0.06713299,0.02405666,0
482000,0.16727561,0.16254212,-0.05178673,1.91067771,1.82534465,0.15789979,0
483000,0.12664713,0.01657656,-0.32184307,-0.56365343,0.00000000,0.07854269,0
484000,0.10032842,0.00395501,-0.53153646,-0.81118704,0.00000000,0.42931699,0
485000,0.15579450,0.02717741,0.05756480,-0.28547931,0.00165685,0.18716466,0
486000,0.19763480,0.03487603,0.54503566,-0.08348940,0.14853194,0.37278017,0
487000,0.29722831,0.10423303,1.65290710,1.64947444,2.72643390,0.10938989,0
488000,0.09637041,0.02392489,-0.49341150,-0.32531746,0.00000000,0.24469300,0
489000,0.28510746,0.00934152,0.00000000,0.00000000,0.00000000,0.00000000,0
490000,0.19766951,0.04897917,0.91067563,0.08693522,0.41844392,0.96367303,0
491000,0.13241510,0.02809097,0.05235426,-0.37400113,0.00137048,1.32609434,0
492000,0.20889920,0.07229690,1.26132845,1.00798286,1.30348946,0.58990253,0
493000,0.20112932,0.10385180,1.24769282,2.12065579,3.02695918,1.59570154,0
494000,0.17895837,0.02619652,0.99019983,-0.26909666,0.49024785,0.72815273,0
495000,0.08252338,0.10137912,-0.51072309,2.31576581,2.68138564,0.72979442,0
496000,0.13463360,0.14392547,0.00000000,0.00000000,0.00000000,0.00000000,0
497000,0.08678255,0.08877817,-0.41752001,2.36181696,2.78908969,0.94676228,0
498000,0.12680240,0.04217575,0.09414323,0.59690506,0.18257930,0.66948922,0
499000,0.07798714,0.05498403,-0.52401216,1.20372216,0.72447351,1.19363420,0
500000,0.11197217,0.03652678,0.00000000,0.00000000,0.00000000,0.00000000,0
501000,0.08272053,0.00547544,-0.44563620,-0.86564633,0.00000000,0.25952182,0
502000,0.07008674,0.09055182,-0.53959459,2.24537049,2.52084433,0.54935274,0
503000,0.12148945,0.01358508,0.09404897,-0.57331781,0.00442260,0.34052540,0
504000,0.08576371,0.02951274,-0.34073722,0.07041521,0.00247915,0.84847745,0
505000,0.11573715,0.02816903,0.09241857,0.02758980,0.00465119,0.62896575,0
506000,0.09339417,0.00393823,0.00000000,0.00000000,0.00000000,0.00000000,0
507000,0.10750628,0.00855111,-0.23014642,-0.78308378,0.00000000,0.49450687,0
508000,0.17314129,0.04438666,0.00000000,0.00000000,0.00000000,0.00000000,0
509000,0.12406345,0.18436432,-0.12029559,2.96657813,4.40029289,0.02400293,0
510000,0.10887355,0.03001195,-0.16301201,-0.14418584,0.00000000,0.30620545,0
511000,0.12045692,0.03373673,0.02455237,-0.00559680,0.00030141,0.96563995,0
512000,0.10508986,0.10254484,-0.12007495,2.16103377,2.33503349,0.32069321,0
513000,0.22977811,0.16909321,0.00000000,0.00000000,0.00000000,0.00000000,0
514000,0.21089712,0.07120194,0.36283349,0.37729288,0.13699903,0.12507333,0
515000,0.14573823,0.03095131,-0.04031078,-0.26427192,0.00000000,0.28278909,0
516000,0.15250264,0.06329454,0.00000000,0.00000000,0.00000000,0.00000000,0
517000,0.15122996,0.00519557,-0.24231518,-1.10411065,0.00000000,0.05677496,0
518000,0.11596313,0.12878093,-0.50261286,1.55462796,1.20843405,0.09912945,0
519000,0.19620046,0.02428798,0.50202194,-0.59644566,0.12601302,0.15422225,0
520000,0.29644936,0.08432283,0.00000000,0.00000000,0.00000000,0.00000000,0
521000,0.13256308,0.06016652,-0.09636275,0.32104977,0.05153648,0.15759991,0
522000,0.11360005,0.02416668,0.00000000,0.00000000,0.00000000,0.00000000,0
523000,0.21562862,0.01102936,-0.04080753,-0.91801886,0.00000000,0.00128597,0
524000,0.23499918,0.03468532,0.33313010,-0.48966278,0.05548783,0.02471161,0
525000,0.18392916,0.13618463,0.04044046,1.40023032,0.98114020,0.07480560,0
526000,0.17826512,0.13238966,0.08875964,1.52705834,1.16989272,0.28039446,0
527000,0.13717169,0.03021855,-0.30221109,-0.44075380,0.00000000,0.21941425,0
528000,0.14801696,0.06142377,-0.16550388,0.23142101,0.02677784,0.13214457,0
529000,0.14163755,0.02469597,-0.18930665,-0.53129283,0.00000000,0.09074586,0
530000,0.14573711,0.17717552,-0.09367364,3.00135335,4.50406096,0.16211473,0
531000,0.14783016,0.01924101,-0.04804866,-0.63213173,0.00000000,0.64274053,0
532000,0.24082094,0.03536047,0.00000000,0.00000000,0.00000000,0.00000000,0
533000,0.15508194,0.02991928,0.29498358,-0.31540248,0.04350766,0.95400065,0
534000,0.23012325,0.11012925,1.27378658,1.81736168,2.46266786,0.67952871,0
535000,0.08773874,0.07045824,-0.44110710,0.92447843,0.42733018,0.29923395,0
536000,0.07386008,0.04423514,-0.61943222,0.23774843,0.02826216,0.86035886,0
537000,0.09392853,0.08293583,-0.33258507,1.49334797,1.11504408,0.88582478,0
538000,0.10243919,0.09411516,-0.19265699,1.93421610,1.87059596,1.34751891,0
539000,0.17691541,0.08375575,0.91471175,1.67152781,1.81535141,1.51437046,0
540000,0.08662252,0.03538126,-0.39511488,0.07284496,0.00265319,0.63936552,0
541000,0.21023323,0.09256949,0.00000000,0.00000000,0.00000000,0.00000000,0
542000,0.13916078,0.21618468,-0.00178154,5.12534994,13.13460601,0.50796930,0
543000,0.14054883,0.01423924,0.09772019,-0.66072266,0.00477462,0.44959457,0
544000,0.39411688,0.23659052,0.00000000,0.00000000,0.00000000,0.00000000,0
545000,0.11835143,0.12620024,-0.20576082,1.34828218,0.90893242,0.05149765,0
546000,0.17310731,0.09201080,0.43321618,1.07275757,0.66924253,0.14686553,0
547000,0.27371830,0.02383674,1.69872196,-0.32830875,1.44282814,0.50190805,0
548000,0.23715614,0.03571270,0.00000000,0.00000000,0.00000000,0.00000000,0
549000,0.11992505,0.05845400,-0.08387927,0.56192185,0.15787808,0.09527673,0
550000,0.21933769,0.12145318,1.15679132,2.70573179,4.32957534,0.31573426,0
551000,0.12805805,0.13034777,0.13334417,3.24418337,5.27125321,0.40966050,0
552000,0.13368271,0.11049847,0.24743233,2.77882002,3.89153173,0.80991865,0
553000,0.21763371,0.08318421,1.45607593,1.89073184,2.84751199,0.93531570,0
554000,0.16475140,0.12885781,0.76613473,3.69319490,7.11332549,1.00612999,0
555000,0.19787674,0.11536366,1.29562129,3.28581946,6.23762203,1.94198092,0
556000,0.15777011,0.12041312,0.73206350,3.58722345,6.70204451,1.00743805,0
557000,0.25592527,0.17384353,0.00000000,0.00000000,0.00000000,0.00000000,0
558000,0.13894603,0.07423475,0.13076408,0.70122089,0.25440499,0.08732390,0
559000,0.20009442,0.16855787,0.93076847,3.26701962,5.76987357,0.33598315,0
560000,0.22214971,0.20068754,1.32795797,4.49297876,10.97516524,0.35102225,0
561000,0.14777814,0.08366053,0.40750418,1.38491213,1.04202064,0.61027313,0
562000,0.13377938,0.01081426,0.24677612,-0.74076687,0.03044923,0.85707312,0
563000,0.13434426,0.13434032,0.26230479,3.15918171,5.02461644,0.58054522,0
564000,0.20849827,0.00448468,0.00000000,0.00000000,0.00000000,0.00000000,0
565000,0.16833949,0.16941550,0.23779605,2.91549389,4.27832580,0.22179473,0
566000,0.21359825,0.01765482,0.88821658,-0.64962379,0.39446435,0.32044108,0
567000,0.09976172,0.16376834,-0.42629506,3.65725458,6.68775551,0.37495197,0
568000,0.11838069,0.15314940,-0.15064052,3.60057280,6.48206226,0.81561665,0
569000,0.24442916,0.17483604,1.65285818,4.52227246,11.59144416,0.68105113,0
570000,0.24100819,0.03314197,1.66953574,-0.03943990,1.39367480,1.62999802,0
571000,0.17699015,0.10852960,0.00000000,0.00000000,0.00000000,0.00000000,0
572000,0.18226479,0.15332150,0.29187758,2.78502735,3.92078494,0.19739678,0
573000,0.17057541,0.00425456,0.30720777,-0.92213874,0.04718831,0.16824535,0
574000,0.15806779,0.17252935,0.23567796,4.08639876,8.37709946,0.50711264,0
575000,0.17737933,0.09353756,0.56026236,1.86453158,1.89518596,0.26328855,0
576000,0.14016752,0.10843425,0.00000000,0.00000000,0.00000000,0.00000000,0
577000,0.16982868,0.16567346,0.48565477,4.60025989,10.69912579,0.60046285,0
578000,0.19852975,0.01818849,0.00000000,0.00000000,0.00000000,0.00000000,0
579000,0.13892591,0.05073994,0.21532214,0.69915183,0.26758845,0.16485068,0
580000,0.14335912,0.12064431,0.37525861,3.61696637,6.61163239,0.82990129,0
581000,0.13424334,0.01454184,0.31360419,-0.60881956,0.04917379,1.37007631,0
582000,0.17600790,0.12012167,1.00232248,3.98229796,8.43167371,1.12346314,0
583000,0.14526333,0.00638267,0.57244914,-0.97882059,0.16384901,0.67214733,0
584000,0.13297798,0.10039878,0.42248949,3.39259602,5.84410256,1.36935207,0
585000,0.12313456,0.09068425,0.28697587,3.01573121,4.58849494,1.18448867,0
586000,0.12979087,0.05860051,0.42179775,1.54262542,1.27880327,1.31924271,0
587000,0.10614841,0.02779798,0.01541397,0.07275074,0.00276513,1.13521134,0
588000,0.13558719,0.09949472,0.57610275,3.67189344,6.90734790,2.52111204,0
589000,0.11474277,0.08374280,0.00000000,0.00000000,0.00000000,0.00000000,0
590000,0.15780510,0.03455488,0.23491424,0.01949815,0.02778244,0.06197845,0
591000,0.11201148,0.05201999,-0.14879971,0.79373591,0.31500835,0.54503508,0
592000,0.14565112,0.07300746,0.33871584,1.75872083,1.60391369,0.59042643,0
593000,0.14025390,0.10640857,0.32529414,3.28606839,5.45203087,0.38407611,0
594000,0.33510587,0.12613401,0.00000000,0.00000000,0.00000000,0.00000000,0
595000,0.14563487,0.07487438,0.13002199,0.85149123,0.37097152,0.08076338,0
596000,0.16946124,0.13875476,0.52613951,2.78478732,4.01593160,0.71335242,0
597000,0.14780705,0.07871937,0.34785143,1.33143234,0.94685634,0.11370306,0
598000,0.21139169,0.10918803,1.31178716,2.40261143,3.74666362,0.40691044,0
599000,0.10180239,0.01770032,-0.20955706,-0.43817897,0.00000000,0.25352748,0
600000,0.07872617,0.03628433,-0.53338965,0.19250966,0.01852999,0.46788910,0
601000,0.10901716,0.00349559,-0.05791864,-0.94393867,0.00000000,0.48213029,0
602000,0.14222844,0.03581678,0.49088284,0.22187106,0.14509636,0.57931885,0
603000,0.12118155,0.00991215,0.17046909,-0.72326023,0.01452986,0.79174898,0
604000,0.11415130,0.04518838,0.06967657,0.60423686,0.18497850,1.03236309,0
605000,0.16437721,0.05207222,0.00000000,0.00000000,0.00000000,0.00000000,0
606000,0.10968426,0.01083845,-0.14667546,-0.74128217,0.00000000,0.28633852,0
607000,0.13479398,0.07630252,0.32411557,1.87963836,1.81904564,0.17293273,0
608000,0.12601334,0.04985337,0.28465817,0.93643503,0.47897041,0.86627389,0
609000,0.10981616,0.10694841,0.00000000,0.00000000,0.00000000,0.00000000,0
610000,0.10921801,0.10328104,0.01221844,2.78851836,3.88799197,0.42257863,0
611000,0.10882277,0.10254207,0.08268300,3.18040533,5.06090727,1.04379461,0
612000,0.08061290,0.03959879,-0.32108289,0.61388220,0.18842568,0.78632315,0
613000,0.10919839,0.04660151,0.20187321,1.00868565,0.52909977,1.01798747,0
614000,0.10218159,0.00180494,0.10383217,-1.12142061,0.00539056,1.74562782,0
615000,0.14025329,0.03039541,0.00000000,0.00000000,0.00000000,0.00000000,0
616000,0.09111450,0.05590121,-0.30971026,1.14034331,0.65019143,0.50606352,0
617000,0.16497363,0.03468831,0.78964203,0.33207511,0.36690420,0.46646913,0
618000,0.08917227,0.04576716,-0.24703039,0.90265669,0.40739455,0.62176948,0
619000,0.16550992,0.15978277,0.00000000,0.00000000,0.00000000,0.00000000,0
620000,0.13042963,0.03261513,-0.07066412,-0.25799442,0.00000000,0.23558849,0
621000,0.17937450,0.10517544,0.57359610,1.67493442,1.56720890,0.24333169,0
622000,0.10242148,0.05153303,-0.25284182,0.42856695,0.09183482,0.35906799,0
623000,0.15726945,0.00386859,0.50369206,-0.90280029,0.12685285,0.20342013,0
624000,0.11466005,0.16446255,0.01613222,4.14029067,8.57113353,0.16384522,0
625000,0.13288680,0.10136901,0.31316871,2.29106760,2.67353269,0.60281228,0
626000,0.15949295,0.04439263,0.73443896,0.45238750,0.37202752,0.50895911,0
627000,0.14391458,0.06065230,0.54238850,1.05755717,0.70630622,0.54552854,0
628000,0.16454679,0.05989500,0.88728915,1.07803539,0.97472117,0.64758284,0
629000,0.08452424,0.05386187,-0.31070374,0.90080310,0.40572311,0.51122156,0
630000,0.15016119,0.10130779,0.73414462,2.72058066,3.97026374,1.35456795,0
631000,0.08726168,0.03755476,-0.24055441,0.33905960,0.05748071,0.48019941,0
632000,0.09707699,0.03225087,-0.07197881,0.15036458,0.01130475,0.51518197,0
633000,0.10785227,0.01367544,0.12043328,-0.57116412,0.00725209,0.72323739,0
634000,0.09813112,0.01739992,-0.02757820,-0.41670459,0.00000000,0.55306573,0
635000,0.12677322,0.11726156,0.46176270,3.65985219,6.80387141,0.66273076,0
636000,0.09084775,0.03085463,-0.13020226,0.14290261,0.01021058,0.80179530,0
637000,0.11957733,0.01704969,0.36663202,-0.42565792,0.06720952,1.36319504,0
638000,0.18452983,0.02148777,0.00000000,0.00000000,0.00000000,0.00000000,0
639000,0.13465475,0.05206931,0.33154728,0.99162611,0.54662297,0.12713877,0
640000,0.13961630,0.01538200,0.60387729,-0.44638968,0.18233389,1.39254974,0
641000,0.10518492,0.01883617,0.00000000,0.00000000,0.00000000,0.00000000,0
642000,0.11364390,0.08553769,0.00000000,0.00000000,0.00000000,0.00000000,0
643000,0.12662235,0.02086571,0.44101917,-0.15305536,0.09724895,0.40038059,0
644000,0.09905563,0.10416608,0.00000000,0.00000000,0.00000000,0.00000000,0
645000,0.12998909,0.05010734,0.21904948,0.57416120,0.18882188,0.23017560,0
646000,0.09999192,0.01235438,-0.10995935,-0.64684533,0.00000000,0.85501198,0
647000,0.10781155,0.01304641,0.08793596,-0.57567055,0.00386637,1.21411393,0
648000,0.11924367,0.04602633,0.32481813,0.85908561,0.42176745,0.17437971,0
649000,0.28206411,0.07331182,0.00000000,0.00000000,0.00000000,0.00000000,0
650000,0.13050687,0.03890022,0.05770408,0.03308263,0.00221211,0.01662481,0
651000,0.07456972,0.06222534,-0.48241933,0.75685685,0.28641614,0.16017115,0
652000,0.07148559,0.00870816,-0.51069243,-0.64383471,0.00000000,0.26138531,0
653000,0.11402207,0.04809915,0.05837222,0.56852872,0.16331611,0.32999855,0
654000,0.08714186,0.00268305,-0.28904032,-0.88310480,0.00000000,0.77859054,0
655000,0.07835086,0.10185168,-0.40904375,2.51167002,3.15424313,0.45771483,0
656000,0.10351619,0.01300844,-0.01222353,-0.54803422,0.00000000,0.88123902,0
657000,0.09043671,0.03115177,-0.18442826,0.12702072,0.00806713,0.21835671,0
658000,0.08723622,0.10804027,-0.22209401,3.09193399,4.78002789,0.79125888,0
659000,0.09423774,0.01123739,-0.09129870,-0.61605214,0.00000000,0.42439577,0
660000,0.11111452,0.00204909,0.00000000,0.00000000,0.00000000,0.00000000,0
661000,0.12634459,0.01573985,0.27300309,-0.48191276,0.03726534,0.42155539,0
662000,0.08389556,0.06044023,-0.26564708,1.48006279,1.09529293,1.00709796,0
663000,0.10827518,0.03993856,0.00000000,0.00000000,0.00000000,0.00000000,0
664000,0.10017318,0.08092140,0.00000000,0.00000000,0.00000000,0.00000000,0
665000,0.07694247,0.06781011,-0.35537082,1.42190039,1.01090036,0.08961312,0
666000,0.11472230,0.05068154,0.12548639,1.03019496,0.53852424,0.33405433,0
667000,0.13174243,0.02100150,0.41875526,-0.16646627,0.08767798,0.30980896,0
668000,0.12287495,0.02499352,0.37444379,0.04719520,0.07121777,1.62152454,0
669000,0.13556910,0.03611092,0.60739590,0.62372327,0.37898025,0.80214338,0
670000,0.18059625,0.00043447,0.00000000,0.00000000,0.00000000,0.00000000,0
671000,0.09662364,0.03588615,-0.08460570,0.33449242,0.05594259,0.12288062,0
672000,0.19475500,0.00885984,1.27250912,-0.64610279,0.80963973,0.68220909,0
673000,0.08671142,0.09083997,-0.12602415,2.86312052,4.09872955,0.47724108,0
674000,0.12173910,0.07916424,0.44560771,2.54059308,3.32658972,0.51076134,0
675000,0.11119165,0.04113180,0.00000000,0.00000000,0.00000000,0.00000000,0
676000,0.09245725,0.02541247,-0.08499662,0.07246241,0.00262540,0.19919860,0
677000,0.13933365,0.09288382,0.56852391,3.29456394,5.58868550,0.59274046,0
678000,0.11983679,0.01737390,0.00000000,0.00000000,0.00000000,0.00000000,0
679000,0.10762208,0.08727027,0.15848836,3.05961959,4.69319529,0.30254435,0
680000,0.12760349,0.03201469,0.55244032,0.52075596,0.28818854,1.20572734,0
681000,0.12472203,0.04276285,0.57428082,1.16120796,0.83910119,0.61947960,0
682000,0.12318777,0.02852449,0.00000000,0.00000000,0.00000000,0.00000000,0
683000,0.09909086,0.00248970,0.02435450,-0.99860468,0.00029657,0.24951583,0
684000,0.09587183,0.14473575,0.04810366,5.93281075,17.60027867,1.40429258,0
685000,0.17688110,0.06719504,0.00000000,0.00000000,0.00000000,0.00000000,0
686000,0.18192218,0.03914380,0.88528735,0.46822288,0.50148318,0.43548552,0
687000,0.13136671,0.08258645,0.43331134,2.27310139,2.67737433,0.48520144,0
688000,0.52558649,0.16850609,0.00000000,0.00000000,0.00000000,0.00000000,0
689000,0.16132094,0.02943470,0.43949275,-0.13803393,0.09657694,0.41140148,0
690000,0.15875579,0.05670404,0.58315629,0.75490814,0.45497878,0.65872047,0
691000,0.09962110,0.10718462,-0.01381681,2.54783214,3.24572432,0.86868315,0
692000,0.14008722,0.04269274,0.56947012,0.51570576,0.29512432,0.30556250,0
693000,0.11399495,0.02963044,0.28596675,0.10231900,0.04612308,0.44235805,0
694000,0.14764509,0.06504025,0.81716503,1.51354087,1.47928233,0.61975647,0
695000,0.11143573,0.22395709,0.00000000,0.00000000,0.00000000,0.00000000,0
696000,0.10972696,0.10294005,0.19683668,3.39910339,5.79632426,0.60361081,0
697000,0.24257836,0.01788878,0.00000000,0.00000000,0.00000000,0.00000000,0
698000,0.15992759,0.00363592,0.34777303,-0.88041822,0.06047304,0.30642724,0
699000,0.14360310,0.01201892,0.31383022,-0.67407753,0.04924470,1.07349204,0
700000,0.19006455,0.26834270,0.00000000,0.00000000,0.00000000,0.00000000,0
701000,0.37052220,0.05860602,2.15922383,0.12920326,2.33947051,0.00339471,0
702000,0.17883509,0.13025562,0.64290287,1.62337220,1.52433070,0.78424135,0
703000,0.17384203,0.01643769,0.70886310,-0.46162435,0.25124345,0.42884040,0
704000,0.19719677,0.00659739,1.14358613,-0.66031149,0.65389462,0.17754082,0
705000,0.16924602,0.17678687,0.87675877,3.55324246,6.69711895,0.29623098,0
706000,0.30885828,0.07430398,2.90301011,1.11486491,4.83519573,0.22024222,0
707000,0.14161383,0.10773676,0.64645728,2.13958491,2.49786530,0.32235306,0
708000,0.13874398,0.07153605,0.64913032,1.20966951,0.94233525,0.37625067,0
709000,0.11491853,0.04053462,0.31346958,0.33600276,0.10558052,1.33127403,0
710000,0.18288930,0.02188095,1.40260231,-0.21657132,0.98364661,0.78044648,0
711000,0.10188392,0.00215810,0.14645847,-0.83406636,0.01072504,0.45479155,0
712000,0.19702511,0.01965879,0.00000000,0.00000000,0.00000000,0.00000000,0
713000,0.11265256,0.03266694,0.06298086,0.39652003,0.08059736,0.44964846,0
714000,0.23841140,0.03911456,1.76978973,0.83308635,1.91309428,0.61707242,0
715000,0.10604694,0.10095802,0.18297945,4.42348616,9.80035566,1.53203747,0
716000,0.23499537,0.02997367,2.10204111,0.45981378,2.31500277,1.26294085,0
717000,0.11219027,0.07106846,0.00000000,0.00000000,0.00000000,0.00000000,0
718000,0.07691262,0.10394085,-0.25888815,3.70687091,6.87044598,0.16228364,0
719000,0.12391022,0.00992845,0.32977135,-0.69294187,0.05437457,0.39503410,0
720000,0.08287100,0.07664836,-0.12254031,2.87474837,4.13208909,0.16368257,0
721000,0.23867738,0.00197620,2.10359976,-1.12360042,2.21256598,0.35617084,0
722000,0.12236679,0.07192044,0.51268944,2.86282134,4.22929825,0.56206196,0
723000,0.12661590,0.00886573,0.00000000,0.00000000,0.00000000,0.00000000,0
724000,0.07381322,0.07884675,-0.35765188,1.08632195,0.59004769,0.05150505,0
725000,0.11733782,0.00130575,0.00000000,0.00000000,0.00000000,0.00000000,0
726000,0.24405991,0.01856044,1.66485975,-0.45772242,1.38587900,0.14615509,0
727000,0.11024901,0.12452023,0.10669582,2.54910893,3.25467016,0.57461855,0
728000,0.10233376,0.07323373,0.05883691,1.28773045,0.83085575,0.14475881,0
729000,0.10431428,0.08748209,0.13264705,1.89229053,1.79917934,0.34665651,0
730000,0.13278402,0.09484410,0.63442698,2.27721615,2.79410549,0.31512691,0
731000,0.08406194,0.16225304,-0.14570709,4.79680290,11.50465901,0.56733442,0
732000,0.11902820,0.01816517,0.48304102,-0.34483590,0.11666431,0.49734299,0
733000,0.13995038,0.01605104,0.00000000,0.00000000,0.00000000,0.00000000,0
734000,0.12521721,0.02116756,0.37121745,-0.18037464,0.06890120,0.34411146,0
735000,0.10096296,0.04202240,0.12773361,0.91389237,0.42575757,0.46803595,0
736000,0.12343005,0.01387743,0.51483916,-0.48109833,0.13252968,0.88233259,0
737000,0.10616288,0.02071351,0.28562532,-0.11102456,0.04079091,0.97346468,0
738000,0.08007202,0.01059700,-0.12150574,-0.65082085,0.00000000,0.80753572,0
739000,0.06828064,0.05472496,0.00000000,0.00000000,0.00000000,0.00000000,0
740000,0.06070873,0.03718619,-0.45681120,0.53421861,0.14269476,0.63070254,0
741000,0.09874498,0.03257592,0.06041607,0.41455041,0.08775107,0.47659733,0
742000,0.08965427,0.02113507,-0.00618859,-0.08672493,0.00000000,0.21924901,0
743000,0.31900296,0.05803078,3.54927169,1.88019680,8.06623477,0.45191183,0
744000,0.37680072,0.02241500,4.70470078,0.03471584,11.06770732,0.81575238,0
745000,0.09539840,0.03128836,0.21256927,0.55811858,0.17834102,0.32964309,0
746000,0.20596281,0.05619558,0.00000000,0.00000000,0.00000000,0.00000000,0
747000,0.08328106,0.01715209,0.00000000,0.00000000,0.00000000,0.00000000,0
748000,0.05997996,0.03314162,-0.48884994,0.01032029,0.00005325,0.04427038,0
749000,0.15060240,0.04965315,0.77664704,0.67097968,0.52669718,0.05622859,0
750000,0.12815598,0.01752225,0.60379054,-0.29606391,0.18228151,0.57020083,0
751000,0.19812717,0.00895768,1.83560170,-0.59918611,1.68471680,0.30423845,0
752000,0.08135255,0.02512588,-0.00691877,0.06133105,0.00188075,0.25166385,0
753000,0.15866517,0.00763765,1.39193803,-0.66530180,0.96874573,0.83002206,0
754000,0.14115736,0.07921994,0.00000000,0.00000000,0.00000000,0.00000000,0
755000,0.10185462,0.04957580,0.36765367,1.28390069,0.89178510,0.11531944,0
756000,0.22861354,0.05318240,2.70649021,1.62407101,4.98134796,0.26370363,0
757000,0.21124738,0.05629296,2.63623003,1.95726112,5.39028993,0.45729170,0
758000,0.11372859,0.03888975,0.00000000,0.00000000,0.00000000,0.00000000,0
759000,0.10845136,0.11009818,0.29301648,4.13477322,8.59110412,0.51702025,0
760000,0.06136843,0.09948902,-0.37671675,4.01093731,8.04380907,1.61122296,0
761000,0.13154674,0.09736749,0.00000000,0.00000000,0.00000000,0.00000000,0
762000,0.08155391,0.02096081,-0.06537741,-0.13222133,0.00000000,0.75519469,0
763000,0.11384986,0.11129292,0.00000000,0.00000000,0.00000000,0.00000000,0
764000,0.07398047,0.01640517,-0.19037098,-0.34402215,0.00000000,0.24008186,0
765000,0.09230660,0.02093274,0.20902988,-0.06540058,0.02184675,0.30400457,0
766000,0.11612100,0.07403427,0.73579696,2.71623477,3.95966424,0.85199788,0
767000,0.14493252,0.07510468,1.40717874,2.93748344,5.30448047,0.52458742,0
768000,0.23866419,0.14922024,0.00000000,0.00000000,0.00000000,0.00000000,0
769000,0.05413546,0.02391248,-0.42761793,0.11823636,0.00698992,0.64584915,0
770000,0.08794395,0.00170112,0.00000000,0.00000000,0.00000000,0.00000000,0
771000,0.18962471,0.16079317,1.52308944,5.96325608,18.94011227,0.44120604,0
772000,0.20390067,0.06071634,2.02921388,1.88269640,3.83112735,0.35457587,0
773000,0.03446574,0.02589701,-0.79922322,0.22436678,0.02517023,0.11165523,0
774000,0.19841675,0.16154502,2.25707854,7.57749279,31.25640022,0.82662136,0
775000,0.65158993,0.19702856,0.00000000,0.00000000,0.00000000,0.00000000,0
776000,0.32958713,0.25301322,0.00000000,0.00000000,0.00000000,0.00000000,0
777000,0.10537635,0.03198345,-0.10997252,-0.10391357,0.00000000,0.02825076,0
778000,0.25926542,0.18336430,0.00000000,0.00000000,0.00000000,0.00000000,0
779000,0.10689551,0.03546484,0.05297209,-0.09566782,0.00140302,0.07695598,0
780000,0.11251583,0.00877154,0.25507284,-0.58342704,0.03253108,0.11731391,0
781000,0.10981096,0.09388055,0.28890486,1.61368119,1.34371650,0.31681715,0
782000,0.15435679,0.12064138,1.07518820,2.54833910,3.82503092,0.22033169,0
783000,0.11100369,0.05676908,0.41516587,0.85836789,0.45457907,0.21984147,0
784000,0.07325564,0.04948354,-0.23101561,0.69612241,0.24229321,0.24066541,0
785000,0.07256637,0.05197007,0.00000000,0.00000000,0.00000000,0.00000000,0
786000,0.12587102,0.06858842,0.61423625,2.44946233,3.18857595,0.43614083,0
787000,0.10485575,0.03747127,0.45891222,1.00283327,0.60813749,0.61620246,0
788000,0.20739758,0.00771153,0.00000000,0.00000000,0.00000000,0.00000000,0
789000,0.30290842,0.52254474,1.54237607,6.01280388,19.26636723,0.19406400,0
790000,0.18400359,0.12740535,0.60941535,1.18567144,0.88860191,0.13859541,0
791000,0.14526428,0.00015403,0.31543910,-0.71707560,0.04975091,0.16361170,0
792000,0.14241278,0.02697742,0.37988346,-0.22429823,0.07215572,0.15554261,0
793000,0.09902488,0.07892489,-0.08010944,0.84159063,0.35413740,0.00676468,0
794000,0.07546266,0.02100465,-0.34242958,-0.27639760,0.00000000,0.02249750,0
795000,0.20994249,0.01158078,1.49924848,-0.46443569,1.12387301,0.15943599,0
796000,0.09667535,0.16169508,-0.00633959,2.99401974,4.48207709,0.28300825,0
797000,0.15747218,0.04122937,0.88209254,0.24485183,0.41901984,0.32222916,0
798000,0.11281320,0.05681483,0.26625656,0.65829263,0.25212087,0.41402850,0
799000,0.12262950,0.05196877,0.43748367,0.57030085,0.25831751,1.17493887,0
800000,0.09773655,0.07367484,0.08101060,1.16935786,0.68698026,0.74385203,0
801000,0.13633934,0.02202837,0.70031637,-0.18335589,0.24522151,0.11549797,0
802000,0.12889270,0.10837694,0.60020695,2.20581238,2.61292832,0.66863809,0
803000,0.08810217,0.00179279,-0.03212939,-0.75031375,0.00000000,0.19417790,0
804000,0.09467364,0.00034840,0.07538643,-0.80334868,0.00284156,1.17891989,0
805000,0.08003765,0.00988732,0.00000000,0.00000000,0.00000000,0.00000000,0
806000,0.06780524,0.06240669,-0.31161684,1.58959075,1.26339937,0.15026268,0
807000,0.14789909,0.01185616,0.88051572,-0.51343935,0.38765397,0.59774522,0
808000,0.12395900,0.12695017,0.00000000,0.00000000,0.00000000,0.00000000,0
809000,0.11435414,0.07613146,0.23565205,1.48071162,1.12401940,0.07663108,0
810000,0.10522699,0.03453844,0.26993199,0.34985884,0.09763224,0.24966541,0
811000,0.08378205,0.03546513,0.00830665,0.51179806,0.13100313,0.29446799,0
812000,0.12450752,0.00141785,0.74583180,-0.97884407,0.27813254,0.20203504,0
813000,0.08500797,0.13129504,0.11557397,5.29082593,14.00309817,1.23330926,0
814000,0.12662701,0.07253627,0.00000000,0.00000000,0.00000000,0.00000000,0
815000,0.10042164,0.02783679,0.01360580,0.06995860,0.00253966,0.04240492,0
816000,0.06650940,0.09274810,-0.28711481,3.13107595,4.90181829,0.08189225,0
817000,0.11174282,0.05581944,0.40170462,1.66367370,1.46458840,0.23648074,0
818000,0.10267437,0.00695237,0.00000000,0.00000000,0.00000000,0.00000000,0
819000,0.10612585,0.06162461,0.36909338,1.94672002,1.96297438,0.49465313,0
820000,0.05570228,0.06384439,-0.35430229,2.38168880,2.83622077,0.20396783,0
821000,0.08975565,0.06819424,0.29316732,2.84039633,4.07689919,0.91505170,0
822000,0.11383477,0.05052001,0.00000000,0.00000000,0.00000000,0.00000000,0
823000,0.11417969,0.02482275,0.50084064,0.16714557,0.13938949,0.32326796,0
824000,0.08319847,0.05851439,0.09441733,2.11218328,2.23511641,0.84892546,0
825000,0.18178707,0.02154236,1.91898359,0.05812795,1.84293844,0.79915679,0
826000,0.34035298,0.12949587,0.00000000,0.00000000,0.00000000,0.00000000,0
827000,0.13988139,0.05067420,0.00274502,-0.02598083,0.00000377,0.04721045,0
828000,0.12648955,0.02124985,0.08539457,-0.42436045,0.00364612,0.02811125,0
829000,0.18692763,0.13332953,0.91177183,2.18110829,2.79428062,0.03929560,0
830000,0.08359571,0.01048203,-0.23032741,-0.57871097,0.00000000,0.28508517,0
831000,0.08030367,0.05967383,-0.24335536,0.71352019,0.25455553,0.31396343,0
832000,0.09043771,0.00989702,-0.07932040,-0.57625605,0.00000000,0.04357214,0
833000,0.16641328,0.05458024,1.00488215,0.71337961,0.75934929,0.04451529,0
834000,0.07882760,0.05005455,-0.18214988,0.63104086,0.19910628,0.50940019,0
835000,0.08785690,0.01108521,-0.02917228,-0.53436418,0.00000000,0.06465211,0
836000,0.08760883,0.02057076,-0.01485701,-0.22364320,0.00000000,0.37672365,0
837000,0.22001056,0.00564999,2.03983841,-0.70944594,2.08047037,0.18087795,0
838000,0.09702563,0.01052526,0.16760243,-0.54796307,0.01404529,0.28970331,0
839000,0.14845644,0.05808977,1.01356439,1.09752334,1.11593513,0.38765459,0
840000,0.19204122,0.03013333,1.75887710,0.14841994,1.55783857,0.91833357,0
841000,0.12032566,0.06171881,0.61207488,1.30239825,1.03543843,0.36922460,0
842000,0.31797928,0.04007322,3.97555974,0.54479767,8.05093987,0.89750652,0
843000,0.10547344,0.09117890,0.40544478,2.47008768,3.13285931,0.23572420,0
844000,0.09153949,0.04442513,0.18209101,0.74685075,0.29547159,0.13517775,0
845000,0.06651214,0.01865713,-0.24343121,-0.22701965,0.00000000,0.80170815,0
846000,0.10047436,0.08863007,0.36711957,2.50964524,3.21654801,0.91939969,0
847000,0.05899850,0.02447951,-0.36858385,0.00910594,0.00004146,0.43854052,0
848000,0.35171711,0.02995668,4.97163284,0.23749404,12.38676824,0.52357136,0
849000,0.18054792,0.05611783,1.87868602,1.30887994,2.62131392,0.43128259,0
850000,0.20686169,0.14412887,0.00000000,0.00000000,0.00000000,0.00000000,0
851000,0.22111024,0.10684253,0.00000000,0.00000000,0.00000000,0.00000000,0
852000,0.12022002,0.03222543,0.15407812,-0.00372370,0.01187003,0.12362458,0
853000,0.08287065,0.00248834,-0.13891581,-0.79224707,0.00000000,0.58231539,0
854000,0.14913560,0.03487050,0.00000000,0.00000000,0.00000000,0.00000000,0
855000,0.29101908,0.00301025,1.70060841,-0.78804836,1.44603448,0.12172815,0
856000,0.09154513,0.02284032,-0.16082640,-0.32257571,0.00000000,0.27916560,0
857000,0.18140757,0.05045507,0.00000000,0.00000000,0.00000000,0.00000000,0
858000,0.10055095,0.04905376,-0.11643036,0.02701722,0.00036496,0.88648105,0
859000,0.10818685,0.00383510,0.01740439,-0.86387851,0.00015146,0.92561579,0
860000,0.05821600,0.00516127,-0.75085382,-0.81531196,0.00000000,2.37206266,0
861000,0.06576835,0.02064025,-0.59467656,-0.40648994,0.00000000,0.99505748,0
862000,0.12310236,0.08515441,0.46468386,1.41005656,1.10209529,0.78040519,0
863000,0.10316235,0.00428365,0.18362831,-0.80917103,0.01685968,0.21919081,0
864000,0.08623118,0.02688912,-0.08784745,-0.11673165,0.00000000,0.23578291,0
865000,0.16886942,0.13966678,1.52837285,3.48454790,7.23899881,0.62136353,0
866000,0.13463114,0.05198599,0.00000000,0.00000000,0.00000000,0.00000000,0
867000,0.23381062,0.10798015,2.14583101,3.77624619,9.43231301,0.18029117,0
868000,0.09528168,0.00647665,0.25834534,-0.76702110,0.03337116,0.19549004,0
869000,0.10414507,0.01618223,0.48731107,-0.27581072,0.11873604,0.43470758,0
870000,0.17006558,0.03492525,0.00000000,0.00000000,0.00000000,0.00000000,0
871000,0.21395661,0.00854085,1.37950087,-0.60279898,0.95151132,0.08674816,0
872000,0.18768103,0.00659821,1.18286777,-0.68939470,0.69958808,1.29813251,0
873000,0.09697346,0.11764012,-0.00997015,2.37212168,2.81348062,0.60448257,0
874000,0.29517359,0.11372625,0.00000000,0.00000000,0.00000000,0.00000000,0
875000,0.09483486,0.14824054,-0.26341321,2.29372000,2.63057572,0.28443458,0
876000,0.12001082,0.06775811,0.06577741,0.78678158,0.31167596,0.25749033,0
877000,0.18439993,0.11413672,0.00000000,0.00000000,0.00000000,0.00000000,0
878000,0.11881848,0.01322233,0.14474467,-0.47089899,0.01047551,0.16464180,0
879000,0.11390348,0.00242126,0.25252066,-0.77632093,0.03188334,0.19202003,0
880000,0.07733869,0.13364224,-0.20787771,3.59377215,6.45759913,0.27829501,0
881000,0.07536261,0.06109096,-0.18598209,1.32370833,0.87610187,0.29560809,0
882000,0.10212558,0.15944529,0.00000000,0.00000000,0.00000000,0.00000000,0
883000,0.09679432,0.09782291,-0.04384313,1.07497983,0.57779082,0.21172963,0
884000,0.07636879,0.07347371,-0.20667478,0.87671578,0.38431528,0.30984586,0
885000,0.08340155,0.02890600,-0.07237820,0.00352693,0.00000622,0.05932635,0
886000,0.18723942,0.14077713,0.00000000,0.00000000,0.00000000,0.00000000,0
887000,0.16824636,0.04963137,0.00000000,0.00000000,0.00000000,0.00000000,0
888000,0.14252906,0.08967249,0.32342689,1.55773722,1.26557510,0.03793443,0
889000,0.12093801,0.05090894,0.27895439,0.74144386,0.31377727,0.22058199,0
890000,0.09099086,0.03136897,-0.03843400,0.13965957,0.00975240,0.55815699,0
891000,0.10289004,0.04767186,0.00000000,0.00000000,0.00000000,0.00000000,0
892000,0.08967716,0.02545597,-0.05977822,-0.06148441,0.00000000,0.08973793,0
893000,0.09467454,0.06732995,0.06130731,1.21132414,0.73553238,0.11953342,0
894000,0.18136799,0.18622732,0.00000000,0.00000000,0.00000000,0.00000000,0
895000,0.09000665,0.10833994,-0.09364207,1.99910726,1.99821492,0.60708287,0
896000,0.09839332,0.04110778,0.08568285,0.43089698,0.09650688,0.25142874,0
897000,0.09698413,0.01867474,0.12871019,-0.22839218,0.00828316,0.38862295,0
898000,0.07816540,0.05972619,-0.11242597,1.24344502,0.77307776,0.42295444,0
899000,0.13833384,0.18457092,0.00000000,0.00000000,0.00000000,0.00000000,0
900000,0.12902871,0.06492347,0.45444900,1.03728991,0.64124712,0.49594470,0
901000,0.11011838,0.00926207,0.36517072,-0.57204424,0.06667483,0.15088750,0
902000,0.09124406,0.06095197,0.14239066,1.35292040,0.92533435,0.91281967,0
903000,0.11508736,0.07452720,0.57866447,1.99806673,2.16356162,0.89636468,0
904000,0.16549902,0.01672578,0.00000000,0.00000000,0.00000000,0.00000000,0
905000,0.13572533,0.03296013,0.16826770,-0.11979033,0.01415701,0.14532106,0
906000,0.09430583,0.06968133,-0.14267823,0.81915521,0.33550763,0.26916133,0
907000,0.09832272,0.01563719,-0.02794590,-0.41916177,0.00000000,0.14556539,0
908000,0.08716071,0.02282636,-0.13030704,-0.19617865,0.00000000,0.33947854,0
909000,0.07817040,0.04239890,-0.22384022,0.42604712,0.09075807,0.18527544,0
910000,0.30304408,0.05525964,0.00000000,0.00000000,0.00000000,0.00000000,0
911000,0.07719278,0.00714977,-0.20531948,-0.69594887,0.00000000,0.19837903,0
912000,0.14199123,0.04754220,0.77991408,0.62340162,0.49844778,0.82643635,0
913000,0.10969572,0.06369177,0.41814906,1.35535651,1.00591995,0.10672628,0
914000,0.17759719,0.10327225,1.62755719,3.03969377,5.94434032,0.33430000,0
915000,0.23969792,0.05271170,0.00000000,0.00000000,0.00000000,0.00000000,0
916000,0.19174406,0.12872280,1.34795147,2.66864219,4.46931214,0.05703906,0
917000,0.19946930,0.01364874,1.75079439,-0.49664148,1.53264049,0.95826121,0
918000,0.11066217,0.01648051,0.43515206,-0.39550345,0.09467866,0.61581219,0
919000,0.09745560,0.03841983,0.28598566,0.49827928,0.16503502,0.24166141,0
920000,0.19409804,0.04464158,0.00000000,0.00000000,0.00000000,0.00000000,0
921000,0.09906091,0.06683810,0.12640862,1.93740159,1.88475202,0.00000000,0
922000,0.16292384,0.10850978,1.14113430,4.41546726,10.39926933,1.12004651,0
923000,0.10459086,0.01813569,0.00000000,0.00000000,0.00000000,0.00000000,0
924000,0.10242980,0.04541813,0.00000000,0.00000000,0.00000000,0.00000000,0
925000,0.18265350,0.09308437,0.77022019,2.34413798,3.04411100,0.42938453,0
926000,0.13565466,0.07510290,0.00000000,0.00000000,0.00000000,0.00000000,0
927000,0.14419231,0.04855320,0.32834608,0.48450027,0.17127583,0.19132532,0
928000,0.12607217,0.02734453,0.00000000,0.00000000,0.00000000,0.00000000,0
929000,0.09749994,0.01706192,0.06314659,-0.37505640,0.00199375,0.13743850,0
930000,0.11151186,0.10021213,0.40109810,3.22610513,5.28431700,0.38207440,0
931000,0.12390233,0.01167430,0.71509405,-0.54431963,0.25567975,0.51167680,0
932000,0.12664969,0.10941016,0.00000000,0.00000000,0.00000000,0.00000000,0
933000,0.09922303,0.06637835,-0.02784018,1.23248764,0.75951290,0.12908524,0
934000,0.13326986,0.06805721,0.54730240,1.65185865,1.51408846,0.79988803,0
935000,0.11144944,0.00174919,0.37976279,-0.91830931,0.07210989,0.45704926,0
936000,0.14004701,0.21131200,0.00000000,0.00000000,0.00000000,0.00000000,0
937000,0.10542850,0.09916232,0.10534072,2.82182680,3.98690159,0.38831072,0
938000,0.09834073,0.01683791,0.10770429,-0.37875078,0.00580011,0.63587000,0
939000,0.12502865,0.19117671,0.00000000,0.00000000,0.00000000,0.00000000,0
940000,0.14068148,0.03607063,0.43560049,0.24959100,0.12602172,0.14652639,0
941000,0.09266058,0.00492662,-0.01017938,-0.78533493,0.00000000,0.26117355,0
942000,0.06678128,0.00958098,-0.30450954,-0.61832130,0.00000000,0.44535308,0
943000,0.11360296,0.06890181,0.38719401,1.84167309,1.77083948,0.60881985,0
944000,0.10015114,0.01737255,0.00000000,0.00000000,0.00000000,0.00000000,0
945000,0.08072075,0.00232224,-0.19935325,-0.83757887,0.00000000,0.17129919,0
946000,0.15186976,0.05061961,0.71788678,0.99943279,0.75711367,1.04941628,0
947000,0.07317692,0.00885643,-0.19724668,-0.67219002,0.00000000,0.64949444,0
948000,0.10002308,0.07010334,0.00000000,0.00000000,0.00000000,0.00000000,0
949000,0.17448656,0.02441023,0.56149398,-0.30841153,0.15763774,0.14490226,0
950000,0.07486134,0.01456091,-0.27483477,-0.47873430,0.00000000,0.43746166,0
951000,0.09486300,0.01319406,0.04275809,-0.48533180,0.00091413,0.33954988,0
952000,0.06303724,0.01515220,-0.32478491,-0.39656136,0.00000000,0.32021309,0
953000,0.09292693,0.04312469,0.13795688,0.63169793,0.20903719,0.68655088,0
954000,0.09720901,0.06264903,0.24552818,1.43889211,1.06534729,0.40776385,0
955000,0.09334672,0.05380267,0.22150814,1.16854117,0.70727716,0.54948135,0
956000,0.06923653,0.00358927,-0.15869472,-0.84196244,0.00000000,0.71985163,0
957000,0.10612664,0.06409772,0.00000000,0.00000000,0.00000000,0.00000000,0
958000,0.08191062,0.02879268,-0.17095238,0.00456651,0.00001043,0.17097284,0
959000,0.11595197,0.08048028,0.00000000,0.00000000,0.00000000,0.00000000,0
960000,0.10935569,0.08834339,-0.13465803,0.78442205,0.30765898,0.14881063,0
961000,0.13270399,0.07567619,0.13710502,0.72906604,0.27516754,1.04655522,0
962000,0.09935304,0.02893770,-0.21339829,-0.20754828,0.00000000,1.02783309,0
963000,0.12071809,0.04058912,0.10770426,0.11565348,0.01248797,0.64440110,0
964000,0.12573010,0.10138047,0.22224953,1.77170000,1.59415787,0.52309528,0
965000,0.10520897,0.04150597,-0.02411982,0.22556845,0.02544056,1.24510450,0
966000,0.21289679,0.14437453,0.00000000,0.00000000,0.00000000,0.00000000,0
967000,0.10736057,0.00294953,0.04641339,-0.87072674,0.00107710,0.18603671,0
968000,0.14106005,0.08768779,0.50419347,1.61410654,1.42977548,0.30965009,0
969000,0.08982889,0.04769070,-0.04640582,0.55694968,0.15509647,0.09049360,0
970000,0.13393308,0.09129293,0.60233155,2.15496553,2.50333986,0.23760260,0
971000,0.07642633,0.00967309,-0.15647323,-0.64784773,0.00000000,0.41161671,0
972000,0.06761619,0.03152001,-0.26502570,0.18976081,0.01800458,0.16482023,0
973000,0.09363825,0.00857187,0.17314589,-0.67901818,0.01498975,0.28961140,0
974000,0.09161033,0.07485076,0.17340404,2.04146470,2.09882355,1.29456564,0
975000,0.05316586,0.01851144,-0.45781276,-0.26806023,0.00000000,1.24266062,0
976000,0.05118291,0.01756328,-0.49121152,-0.29762534,0.00000000,0.45633869,0
977000,0.18576932,0.02035287,0.00000000,0.00000000,0.00000000,0.00000000,0
978000,0.07767033,0.07179073,-0.26191986,1.08959952,0.59361356,0.11016558,0
979000,0.10914823,0.10267241,0.23727714,2.34857561,2.78605392,0.16740119,0
980000,0.21859282,0.11802591,0.00000000,0.00000000,0.00000000,0.00000000,0
981000,0.12893698,0.08093993,0.38669089,1.44879379,1.12426665,0.06783612,0
982000,0.08738685,0.04849062,-0.05441705,0.66600054,0.22177836,0.79005884,0
983000,0.17618567,0.10963156,0.00000000,0.00000000,0.00000000,0.00000000,0
984000,0.12398759,0.03350872,-0.02670933,-0.18995710,0.00000000,0.02033535,0
985000,0.15932034,0.04066371,0.47503297,0.09159482,0.11702297,0.22673190,0
986000,0.09578954,0.02387613,-0.08376829,-0.21828852,0.00000000,0.30567038,0
987000,0.08899236,0.02565771,0.00000000,0.00000000,0.00000000,0.00000000,0
988000,0.10994627,0.02165982,0.06555693,-0.27418006,0.00214886,0.71380024,0
989000,0.05380052,0.02900773,-0.56273355,0.00518380,0.00001344,0.53131205,0
990000,0.13036366,0.06970022,0.00000000,0.00000000,0.00000000,0.00000000,0
991000,0.13203475,0.01141785,0.35546111,-0.49317483,0.06317630,0.47494738,0
992000,0.20513226,0.02307646,1.38556071,-0.08180929,0.95988924,0.44685520,0
993000,0.14776193,0.01928153,0.78343105,-0.20447265,0.30688211,0.22429101,0
994000,0.19207363,0.12361683,0.00000000,0.00000000,0.00000000,0.00000000,0
995000,0.09684844,0.09550058,0.01032078,1.82591888,1.66704313,0.46346012,0
996000,0.11528680,0.01837963,0.00000000,0.00000000,0.00000000,0.00000000,0
997000,0.09501257,0.01719782,0.01279747,-0.30202379,0.00008189,0.01927726,0
998000,0.12682030,0.05737093,0.00000000,0.00000000,0.00000000,0.00000000,0
999000,0.14923613,0.08024777,0.58052444,1.60105944,1.45019997,0.05312247,0
1000000,0.15958326,0.07104214,0.97615332,1.72464498,1.96363782,0.24785790,0
1001000,0.11604252,0.01159603,0.50363746,-0.49562144,0.12682535,0.53107019,0
1002000,0.09373366,0.00606922,0.21953399,-0.74302121,0.02409759,0.30974164,0
1003000,0.10104059,0.02049988,0.38019069,-0.08366422,0.07227248,0.82882558,0
1004000,0.07066865,0.00270019,0.00000000,0.00000000,0.00000000,0.00000000,0
1005000,0.11134605,0.04654934,0.16260054,0.68755986,0.24958875,0.13801359,0
1006000,0.12864769,0.05322378,0.52041218,1.14831096,0.79472345,0.18923754,0
1007000,0.30538487,0.01393328,0.00000000,0.00000000,0.00000000,0.00000000,0
1008000,0.06914955,0.00896444,-0.35105674,-0.66499227,0.00000000,0.54780369,0
1009000,0.09492036,0.00775054,0.13279048,-0.63334251,0.00881666,0.04160309,0
1010000,0.13341659,0.06383012,0.00000000,0.00000000,0.00000000,0.00000000,0
1011000,0.09061258,0.00909124,-0.05734702,-0.58181877,0.00000000,0.12392605,0
1012000,0.05760721,0.07225177,-0.34183818,1.85874692,1.72747007,0.17144840,0
1013000,0.08313932,0.00888147,0.04680047,-0.58363022,0.00109514,0.09288505,0
1014000,0.15740336,0.01512432,1.21556597,-0.32034190,0.73880031,0.75963478,0
1015000,0.14367893,0.07615802,1.08915550,2.56956817,3.89447014,1.07488422,0
1016000,0.11712654,0.01686526,0.00000000,0.00000000,0.00000000,0.00000000,0
1017000,0.10815907,0.03447277,0.41307766,0.39405111,0.16295472,0.21217595,0
1018000,0.21435834,0.01169915,0.00000000,0.00000000,0.00000000,0.00000000,0
1019000,0.39465913,0.05156444,2.93511126,0.38499447,4.38154943,0.16206821,0
1020000,0.12778939,0.00297543,0.50670458,-0.65387468,0.12837476,0.49520992,0
1021000,0.22854218,0.01452405,2.09095221,-0.31000203,2.18604057,0.15419018,0
1022000,0.07048211,0.02946746,-0.06923287,0.20606514,0.02123142,0.15892638,0
1023000,0.10970769,0.03855038,0.59149070,0.57324767,0.33923707,0.50278995,0
1024000,0.09056774,0.02469958,0.31345108,0.08199356,0.05248726,1.30746567,0
1025000,0.08781502,0.07349386,0.00000000,0.00000000,0.00000000,0.00000000,0
1026000,0.15634505,0.00448923,0.69919595,-0.76101441,0.24443749,0.56955234,0
1027000,0.09830888,0.02798851,0.00000000,0.00000000,0.00000000,0.00000000,0
1028000,0.33953360,0.09576301,2.93628491,3.21682391,9.48486256,0.34482470,0
1029000,0.10464948,0.02795620,0.31692603,0.23528588,0.07790078,0.41502207,0
1030000,0.23940653,0.15131415,0.00000000,0.00000000,0.00000000,0.00000000,0
1031000,0.10164994,0.00661064,0.09406507,-0.64652006,0.00442412,0.07751314,0
1032000,0.07409117,0.08571845,-0.13784112,1.87833049,1.76406272,0.40590831,0
1033000,0.13070403,0.08416042,0.00000000,0.00000000,0.00000000,0.00000000,0
1034000,0.08441973,0.09687077,-0.08188719,1.82424373,1.66393259,0.21230494,0
1035000,0.07346156,0.08036164,-0.14541549,1.77606349,1.57720075,0.49583939,0
1036000,0.12750314,0.01567169,0.68445919,-0.33545716,0.23424219,0.86294701,0
1037000,0.08434168,0.05213780,0.06309951,1.05643134,0.56001436,1.50320411,0
1038000,0.10399434,0.04821063,0.40729000,0.96135948,0.54504859,1.22156715,0
1039000,0.12311486,0.05519148,0.00000000,0.00000000,0.00000000,0.00000000,0
1040000,0.08553128,0.00824313,-0.20638734,-0.67419446,0.00000000,0.34515966,0
1041000,0.38368791,0.03745522,0.00000000,0.00000000,0.00000000,0.00000000,0
1042000,0.09049132,0.03274262,-0.14323499,0.02265575,0.00025664,0.08142771,0
1043000,0.09044161,0.07371957,-0.02902537,1.48049953,1.09593943,0.46758020,0
1044000,0.09341791,0.00850374,0.07073420,-0.66758167,0.00250166,0.45053460,0
1045000,0.10005566,0.02023665,0.00000000,0.00000000,0.00000000,0.00000000,0
1046000,0.21548945,0.09540186,1.09317497,1.72294067,2.08177803,0.31055371,0
1047000,0.12833427,0.00767400,0.39447685,-0.66192066,0.07780599,0.32708798,0
1048000,0.10451796,0.05453608,0.20114017,1.00239631,0.52262787,0.15709895,0
1049000,0.09258623,0.04639967,0.00000000,0.00000000,0.00000000,0.00000000,0
1050000,0.08007905,0.07423118,-0.23667084,0.90445168,0.40901642,0.40552687,0
1051000,0.08792602,0.00609401,-0.06945535,-0.69865242,0.00000000,0.50857718,0
1052000,0.27236670,0.00000750,0.00000000,0.00000000,0.00000000,0.00000000,0
1053000,0.09615096,0.00323439,0.00000000,0.00000000,0.00000000,0.00000000,0
1054000,0.11194382,0.06611770,0.20992823,1.32917078,0.90538241,0.03280011,0
1055000,0.06730264,0.03153853,-0.21999746,0.29587277,0.04377035,0.20911792,0
1056000,0.11724485,0.05937476,0.62430278,1.65908021,1.57115055,1.01983896,0
1057000,0.17209342,0.01716408,0.00000000,0.00000000,0.00000000,0.00000000,0
1058000,0.12484748,0.00405589,0.60048116,-0.87482004,0.18028881,0.40352467,0
1059000,0.07440105,0.02070006,-0.05294460,-0.04225511,0.00000000,0.69568366,0
1060000,0.09912887,0.01409130,0.41333793,-0.36804807,0.08542412,0.70795337,0
1061000,0.06903648,0.02351962,-0.06971241,0.18661914,0.01741335,0.52034344,0
1062000,0.09917536,0.04361609,0.00000000,0.00000000,0.00000000,0.00000000,0
1063000,0.04706410,0.05004408,-0.50767745,0.90468145,0.40922426,0.41074396,0
1064000,0.20161751,0.02864097,1.80621791,0.19652441,1.65052249,0.38306897,0
1065000,0.08197191,0.04511385,0.00000000,0.00000000,0.00000000,0.00000000,0
1066000,0.04679683,0.00895533,-0.57048184,-0.56930498,0.00000000,0.28474990,0
1067000,0.08874688,0.01430442,0.00000000,0.00000000,0.00000000,0.00000000,0
1068000,0.10896734,0.01240303,0.11610076,-0.60500808,0.00673969,0.36781276,0
1069000,0.13348891,0.09389614,0.00000000,0.00000000,0.00000000,0.00000000,0
1070000,0.07778518,0.03114185,-0.31324567,-0.11198859,0.00000000,0.26392124,0
1071000,0.08605730,0.08145984,0.00000000,0.00000000,0.00000000,0.00000000,0
1072000,0.04144736,0.01020625,-0.64082394,-0.55255874,0.00000000,0.06891306,0
1073000,0.12320069,0.05306074,0.55765368,0.93273624,0.59048726,0.57330462,0
1074000,0.16885561,0.02666149,0.00000000,0.00000000,0.00000000,0.00000000,0
1075000,0.08590361,0.04728259,-0.15860538,0.78422029,0.30750073,0.04172208,0
1076000,0.23353060,0.05810845,0.00000000,0.00000000,0.00000000,0.00000000,0
1077000,0.30730951,0.00142557,2.72177905,-0.78189320,3.70404059,0.09559824,0
1078000,0.08753771,0.03108617,0.00989752,0.06525178,0.00217788,0.23319714,0
1079000,0.08835534,0.09882202,0.00000000,0.00000000,0.00000000,0.00000000,0
1080000,0.11594209,0.04189399,0.12152832,0.18725455,0.02491670,0.16233721,0
1081000,0.07776751,0.00648928,-0.18876848,-0.63227682,0.00000000,0.43745906,0
1082000,0.26400068,0.06656371,0.00000000,0.00000000,0.00000000,0.00000000,0
1083000,0.10061965,0.00193943,0.09243986,-0.82038538,0.00427256,0.22461520,0
1084000,0.05128774,0.01887160,-0.55402957,-0.29964473,0.00000000,0.39126595,0
1085000,0.11197203,0.08832029,0.00000000,0.00000000,0.00000000,0.00000000,0
1086000,0.09946846,0.01455664,0.16855747,-0.43726923,0.01420581,0.76757170,0
1087000,0.08216513,0.05074987,0.03833614,0.84161782,0.35489511,0.21376165,0
1088000,0.11162983,0.02913710,0.60606971,0.16070883,0.19657391,1.15275660,0
1089000,0.12205130,0.01636672,0.88220830,-0.30110840,0.38914575,0.32802939,0
1090000,0.11757713,0.08775121,0.00000000,0.00000000,0.00000000,0.00000000,0
1091000,0.09698123,0.04790100,-0.10614887,0.27481015,0.03776031,0.14039325,0
1092000,0.09159050,0.01419535,-0.08525887,-0.48435073,0.00000000,0.40178774,0
1093000,0.11664388,0.09786738,0.00000000,0.00000000,0.00000000,0.00000000,0
1094000,0.10166065,0.01759038,-0.12066047,-0.41472868,0.00000000,0.13052182,0
1095000,0.06016238,0.03738489,-0.49400113,0.08925904,0.00398359,0.07220458,0
1096000,0.04983185,0.03490996,-0.59918412,0.08806724,0.00387792,0.53516963,0
1097000,0.06303893,0.01018267,-0.42151919,-0.57656996,0.00000000,0.35891500,0
1098000,0.18001832,0.00747333,0.00000000,0.00000000,0.00000000,0.00000000,0
1099000,0.06702797,0.07373507,-0.32611884,2.02061277,2.04143798,0.52629787,0
1100000,0.06849644,0.02373769,-0.26561648,-0.06209990,0.00000000,1.74810007,0
1101000,0.12284822,0.03620618,0.00000000,0.00000000,0.00000000,0.00000000,0
1102000,0.10859503,0.04604372,-0.07400650,0.13592812,0.00923823,0.13577789,0
1103000,0.08064228,0.03768517,-0.26955151,0.06512608,0.00212070,0.22321882,0
1104000,0.09516223,0.03972789,-0.07254516,0.16278350,0.01324923,0.32535917,0
1105000,0.08966352,0.01441009,-0.10348406,-0.50201675,0.00000000,0.78208089,0
1106000,0.11389372,0.03524607,0.26198045,0.14424349,0.04471997,0.18384512,0
1107000,0.10387585,0.02367602,0.17784374,-0.18469779,0.01581420,1.21411418,0
1108000,0.25729877,0.00183735,2.43108818,-0.89600533,2.95509486,0.20483042,0
1109000,0.07291786,0.00303341,-0.22380424,-0.86019474,0.00000000,0.63694840,0
1110000,0.05161102,0.01616654,-0.53855080,-0.40159519,0.00000000,0.52483731,0
1111000,0.04744307,0.01695937,-0.60649622,-0.36965244,0.00000000,0.69820447,0
1112000,0.09426132,0.00751521,0.15330782,-0.72134279,0.01175164,0.76956446,0
1113000,0.06486279,0.00399338,-0.31699143,-0.85615565,0.00000000,0.55404329,0
1114000,0.10068400,0.10400923,0.00000000,0.00000000,0.00000000,0.00000000,0
1115000,0.08110115,0.08244950,-0.31665500,1.30185133,0.84740844,0.02427233,0
1116000,0.07393681,0.01986128,-0.29942578,-0.35112185,0.00000000,0.16012782,0
1117000,0.06785108,0.01086723,-0.33408957,-0.64085190,0.00000000,0.49325624,0
1118000,0.09020005,0.04274582,0.00000000,0.00000000,0.00000000,0.00000000,0
1119000,0.28866830,0.10934546,1.98745881,2.30425481,4.62979138,0.22952715,0
1120000,0.10123331,0.04054413,0.00000000,0.00000000,0.00000000,0.00000000,0
1121000,0.10671245,0.07482240,0.22856135,1.74253776,1.54433907,0.65299645,0
1122000,0.08857612,0.01922368,0.00000000,0.00000000,0.00000000,0.00000000,0
1123000,0.05897638,0.06529517,-0.42299290,1.08251922,0.58592393,0.42350903,0
1124000,0.08201660,0.02630540,0.00000000,0.00000000,0.00000000,0.00000000,0
1125000,0.07451893,0.02262893,-0.33639274,-0.24360172,0.00000000,0.09517351,0
1126000,0.06854957,0.00990826,-0.35713301,-0.63955115,0.00000000,0.49543542,0
1127000,0.06630267,0.01877378,-0.32760889,-0.29018598,0.00000000,0.15838677,0
1128000,0.07081483,0.00331363,-0.24698522,-0.90197381,0.00000000,0.44501380,0
1129000,0.13959748,0.09755884,0.82858333,3.04372697,4.97541210,0.59947667,0
1130000,0.07711630,0.03653991,0.00000000,0.00000000,0.00000000,0.00000000,0
1131000,0.16904384,0.02021960,0.78691006,-0.29278212,0.30961372,0.21594036,0
1132000,0.07540710,0.00376380,0.00000000,0.00000000,0.00000000,0.00000000,0
1133000,0.09192060,0.06203096,-0.08810394,0.89447825,0.40004567,0.02132597,0
1134000,0.10145067,0.02093928,0.12215754,-0.21529014,0.00746123,0.36098784,0
1135000,0.04865000,0.00706186,-0.52012091,-0.69691302,0.00000000,0.36519807,0
1136000,0.07261958,0.08075449,0.00000000,0.00000000,0.00000000,0.00000000,0
1137000,0.05340018,0.03088102,-0.49067105,0.01676188,0.00014048,0.25921587,0
1138000,0.12030467,0.01797152,0.53329525,-0.30050308,0.14220191,0.69442342,0
1139000,0.17167735,0.09021573,1.46672567,2.39669253,3.94770964,0.28634542,0
1140000,0.06987824,0.03635874,-0.14450062,0.47231212,0.11153937,1.45894722,0
1141000,0.08481918,0.03651940,0.13200911,0.51598556,0.14183375,1.14607760,0
1142000,0.10380703,0.07346306,0.00000000,0.00000000,0.00000000,0.00000000,0
1143000,0.12725900,0.01145184,0.41353532,-0.49472118,0.08550573,0.20603618,0
1144000,0.06225016,0.08624090,-0.23949142,1.96039587,1.92157598,0.11389795,0
1145000,0.09850286,0.01176117,0.31570183,-0.46850260,0.04983382,0.70457028,0
1146000,0.07501802,0.04022482,0.00000000,0.00000000,0.00000000,0.00000000,0
1147000,0.05538535,0.00559340,-0.42418760,-0.70917344,0.00000000,0.21132733,0
1148000,0.06709313,0.00722958,-0.26299895,-0.67872275,0.00000000,0.34066602,0
1149000,0.04876871,0.06744084,-0.47616697,1.76257544,1.55333609,0.27580913,0
1150000,0.11501223,0.00401265,0.00000000,0.00000000,0.00000000,0.00000000,0
1151000,0.09260755,0.07570275,0.04189797,1.96707960,1.93557880,0.46798881,0
1152000,0.04746442,0.02445541,-0.54927924,-0.00799904,0.00000000,0.95150077,0
1153000,0.20540528,0.00194645,0.00000000,0.00000000,0.00000000,0.00000000,0
1154000,0.13125925,0.01667952,0.69759306,-0.34284479,0.24331804,0.99702325,0
1155000,0.15255712,0.07525005,0.00000000,0.00000000,0.00000000,0.00000000,0
1156000,0.15397885,0.05653913,0.57197483,0.57049310,0.32630879,0.48186326,0
1157000,0.07411666,0.06430134,-0.21282534,1.05314034,0.55455229,0.91485928,0
1158000,0.14751121,0.01332948,0.88047464,-0.44676203,0.38761779,0.15054935,0
1159000,0.04882560,0.02872798,-0.52685235,0.11063083,0.00611959,0.74641612,0
1160000,0.08503420,0.08685077,0.00000000,0.00000000,0.00000000,0.00000000,0
1161000,0.20634295,0.05967965,1.52174003,1.68800065,2.58251945,0.33159733,0
1162000,0.20228751,0.04665388,0.00000000,0.00000000,0.00000000,0.00000000,0
1163000,0.06445403,0.05196680,0.00000000,0.00000000,0.00000000,0.00000000,0
1164000,0.10461099,0.00357703,0.12954937,-0.86215650,0.00839152,0.12741735,0
1165000,0.23207946,0.12837510,0.00000000,0.00000000,0.00000000,0.00000000,0
1166000,0.07711627,0.02524566,-0.38658190,-0.29118698,0.00000000,0.02690062,0
1167000,0.08714806,0.01294993,-0.17329646,-0.54293696,0.00000000,0.15872199,0
1168000,0.04942825,0.01530211,-0.49788772,-0.45063405,0.00000000,0.25298657,0
1169000,0.06720838,0.02987249,-0.29520670,0.04281421,0.00091653,0.05054962,0
1170000,0.10694551,0.00879123,0.19083140,-0.67050872,0.01820831,0.51129829,0
1171000,0.05159782,0.04654789,-0.46858403,0.72231683,0.26087080,0.41782736,0
1172000,0.07392412,0.03923262,-0.16859810,0.48884820,0.11948628,1.37687027,0
1173000,0.04488779,0.00946696,-0.54699619,-0.64629036,0.00000000,0.16685085,0
1174000,0.08067466,0.00179481,-0.02736735,-0.96090109,0.00000000,0.47992799,0
1175000,0.06281573,0.01329322,0.00000000,0.00000000,0.00000000,0.00000000,0
1176000,0.25672117,0.00327223,2.47747853,-0.85665904,3.06894993,0.19755727,0
1177000,0.26499826,0.05033551,3.07699228,1.09961330,5.33851545,0.48274201,0
1178000,0.11926534,0.07966924,0.00000000,0.00000000,0.00000000,0.00000000,0
1179000,0.07467820,0.02861132,-0.13981851,0.04866349,0.00118407,0.34633753,0
1180000,0.06597061,0.06299847,-0.24002212,1.40444981,0.98623964,0.30280188,0
1181000,0.12381147,0.00560382,0.00000000,0.00000000,0.00000000,0.00000000,0
1182000,0.10938706,0.07423210,0.39450560,2.48162929,3.15705931,0.12365338,0
1183000,0.11458962,0.06802529,0.00000000,0.00000000,0.00000000,0.00000000,0
1184000,0.06453093,0.03730079,-0.26572734,0.12428657,0.00772358,0.04161659,0
1185000,0.07248419,0.00807880,-0.06957068,-0.57904391,0.00000000,0.14915624,0
1186000,0.05235491,0.02703980,-0.34067539,0.07755105,0.00300708,0.12429269,0
1187000,0.11062925,0.00217856,0.72135873,-0.81203290,0.26017921,0.63927281,0
1188000,0.05265472,0.06686585,-0.34209813,1.70770171,1.45812256,0.94602482,0
1189000,0.17025051,0.02651520,2.00255016,0.12893453,2.01341563,1.18473866,0
1190000,0.20284510,0.09837263,0.00000000,0.00000000,0.00000000,0.00000000,0
1191000,0.08329125,0.01251611,0.00000000,0.00000000,0.00000000,0.00000000,0
1192000,0.21129614,0.10158551,1.55443601,2.07639652,3.36384689,0.39411432,0
1193000,0.09517249,0.10525337,0.21407361,2.68494818,3.62738711,0.45565079,0
1194000,0.10689683,0.00244211,0.46114304,-0.80251300,0.10632645,0.51197944,0
1195000,0.06739391,0.05575469,0.00000000,0.00000000,0.00000000,0.00000000,0
1196000,0.06723308,0.03078600,0.00000000,0.00000000,0.00000000,0.00000000,0
1197000,0.06650978,0.00392155,-0.22916437,-0.75906403,0.00000000,0.58307575,0
1198000,0.24087763,0.07272342,0.00000000,0.00000000,0.00000000,0.00000000,0
1199000,0.10399334,0.02823882,0.01636845,-0.03180158,0.00013396,0.08010373,0
1200000,0.04959755,0.03594307,-0.45596109,0.24047866,0.02891499,0.05081439,0
1201000,0.07578398,0.06381820,0.00000000,0.00000000,0.00000000,0.00000000,0
1202000,0.09999564,0.03712793,0.21506148,0.45894523,0.12844108,0.19338462,0
1203000,0.21384768,0.00752723,0.00000000,0.00000000,0.00000000,0.00000000,0
1204000,0.06768160,0.01104526,-0.33000560,-0.52621722,0.00000000,0.00000000,0
1205000,0.08154562,0.00633447,-0.10130537,-0.75349882,0.00000000,0.37458997,0
1206000,0.11327323,0.02453921,0.00000000,0.00000000,0.00000000,0.00000000,0
1207000,0.19726472,0.00812468,1.21415477,-0.61972753,0.73708590,0.08039966,0
1208000,0.07602605,0.02869694,-0.18215118,0.02134694,0.00022785,0.18563308,0
1209000,0.09105001,0.00329266,0.08476471,-0.77719878,0.00359253,0.07863723,0
1210000,0.04999016,0.01071242,-0.52980655,-0.53306309,0.00000000,0.19423116,0
1211000,0.12146225,0.00253950,0.00000000,0.00000000,0.00000000,0.00000000,0
1212000,0.10315876,0.09850369,-0.04258125,1.51902303,1.15371549,0.00178609,0
1213000,0.05146242,0.00348036,-0.51774787,-0.74513202,0.00000000,0.07758234,0
1214000,0.12003529,0.02297961,0.00000000,0.00000000,0.00000000,0.00000000,0
1215000,0.06229315,0.00078754,-0.16670020,-1.13827883,0.00000000,0.65316007,0
1216000,0.12523885,0.04696741,0.00000000,0.00000000,0.00000000,0.00000000,0
1217000,0.10818783,0.08008196,0.11725883,1.37872102,0.95731064,0.01387849,0
1218000,0.06031781,0.03715998,-0.34797158,0.28110086,0.03950885,0.13252617,0
1219000,0.06397896,0.01468240,-0.27117897,-0.40910415,0.00000000,0.39427401,0
1220000,0.06149874,0.02246133,-0.28172630,-0.10070171,0.00000000,0.12923807,0
1221000,0.04573413,0.03616701,-0.50877838,0.46324503,0.10729798,0.39889122,0
1222000,0.15127143,0.03240306,1.18133840,0.35209796,0.75976669,0.39204925,0
1223000,0.10852864,0.03258382,0.00000000,0.00000000,0.00000000,0.00000000,0
1224000,0.09239969,0.02471932,0.00000000,0.00000000,0.00000000,0.00000000,0
1225000,0.10777339,0.00228222,0.45734323,-0.92620916,0.10458141,0.00000000,0
1226000,0.11195525,0.02012910,0.70558110,-0.14218416,0.24892234,0.62041629,0
1227000,0.10070669,0.09050080,0.00000000,0.00000000,0.00000000,0.00000000,0
1228000,0.06781110,0.14903025,0.00000000,0.00000000,0.00000000,0.00000000,0
1229000,0.14831039,0.02398493,0.72477643,-0.19128396,0.26265044,0.08500012,0
1230000,0.07606967,0.06072953,0.00000000,0.00000000,0.00000000,0.00000000,0
1231000,0.06495824,0.06208087,-0.40793366,0.82993404,0.34439526,0.10624977,0
1232000,0.14742382,0.03917373,0.76187799,0.33366159,0.34589406,0.01961022,0
1233000,0.11460399,0.01228185,0.40231372,-0.52240020,0.08092816,0.13430604,0
1234000,0.11137881,0.01827607,0.00000000,0.00000000,0.00000000,0.00000000,0
1235000,0.06391372,0.04732968,-0.33031790,0.67711517,0.22924248,0.30983837,0
1236000,0.05997879,0.05642066,-0.35714210,1.20631195,0.72759426,0.33927592,0
1237000,0.06855848,0.01516105,-0.19578006,-0.41074211,0.00000000,0.67183367,0
1238000,0.06382982,0.01353908,0.00000000,0.00000000,0.00000000,0.00000000,0
1239000,0.05130104,0.01316450,-0.49474211,-0.47035937,0.00000000,0.02176093,0
1240000,0.20494246,0.07759308,1.64878387,1.78520284,2.95271873,0.28947824,0
1241000,0.05287322,0.05214006,-0.45820228,1.03578691,0.53642726,0.34366042,0
1242000,0.27526873,0.01803496,0.00000000,0.00000000,0.00000000,0.00000000,0
1243000,0.27386668,0.12891129,0.00000000,0.00000000,0.00000000,0.00000000,0
1244000,0.06973987,0.06866529,-0.42769414,0.41431153,0.08582702,0.00820027,0
1245000,0.07156406,0.05623066,-0.36507850,0.43640900,0.09522641,0.03454802,0
1246000,0.09280472,0.08746025,0.00000000,0.00000000,0.00000000,0.00000000,0
1247000,0.14896066,0.04211394,0.25493772,0.04444814,0.03348444,0.00000000,0
1248000,0.04377640,0.02229604,-0.68542167,-0.24619438,0.00000000,0.04189929,0
1249000,0.04214828,0.04585963,-0.70903807,0.48609452,0.11814394,0.30484206,0
1250000,0.05546014,0.01091982,-0.53427715,-0.55842037,0.00000000,0.53219316,0
1251000,0.11330549,0.02237716,0.00000000,0.00000000,0.00000000,0.00000000,0
1252000,0.05448743,0.00536213,-0.52943694,-0.87060543,0.00000000,0.10241342,0
1253000,0.15080568,0.11597938,0.00000000,0.00000000,0.00000000,0.00000000,0
1254000,0.08851912,0.07141185,-0.23720346,0.60583827,0.18352000,0.02628228,0
1255000,0.09939186,0.04553902,0.00000000,0.00000000,0.00000000,0.00000000,0
1256000,0.12614824,0.00607442,0.52323856,-0.71957209,0.13688930,0.16280064,0
1257000,0.16873942,0.00409281,0.00000000,0.00000000,0.00000000,0.00000000,0
1258000,0.07725038,0.01461140,-0.25246158,-0.48392812,0.00000000,0.03645344,0
1259000,0.17729156,0.04327322,1.24490264,0.45535783,0.87856667,0.13935272,0
1260000,0.09405535,0.02027656,0.00000000,0.00000000,0.00000000,0.00000000,0
1261000,0.05092845,0.01952909,-0.58132961,-0.36577839,0.00000000,0.31168969,0
1262000,0.07652085,0.05258093,-0.19346832,0.69522308,0.24166756,0.25119669,0
1263000,0.10628484,0.01304225,0.00000000,0.00000000,0.00000000,0.00000000,0
1264000,0.06897254,0.02949270,-0.38141130,-0.01544372,0.00000000,0.14784742,0
1265000,0.07586536,0.09158474,0.00000000,0.00000000,0.00000000,0.00000000,0
1266000,0.17387831,0.05548992,0.99441820,0.78806299,0.80495541,0.13716147,0
1267000,0.13471827,0.06354781,0.63919508,1.26521888,1.00467458,0.09205124,0
1268000,0.07053687,0.01361501,-0.29688126,-0.52532305,0.00000000,0.81885697,0
1269000,0.08846493,0.01568415,0.02589767,-0.42739723,0.00033534,0.33515272,0
1270000,0.12598272,0.04719940,0.00000000,0.00000000,0.00000000,0.00000000,0
1271000,0.06992462,0.04347953,0.00000000,0.00000000,0.00000000,0.00000000,0
1272000,0.13355325,0.02417482,0.44525174,-0.24481638,0.09912456,0.69001514,0
1273000,0.14183199,0.01483419,0.80087673,-0.42589390,0.32070177,0.44579396,0
1274000,0.09513415,0.03399178,0.00000000,0.00000000,0.00000000,0.00000000,0
1275000,0.08146748,0.01046682,-0.09989720,-0.66703997,0.00000000,0.00000000,0
1276000,0.05804464,0.05748970,0.00000000,0.00000000,0.00000000,0.00000000,0
1277000,0.14817578,0.05006316,0.00000000,0.00000000,0.00000000,0.00000000,0
1278000,0.06968136,0.00164480,-0.39771895,-0.87432977,0.00000000,0.28760208,0
1279000,0.09746552,0.04290778,0.04853036,0.58940704,0.17487792,0.29109433,0
1280000,0.13384341,0.03757550,0.69086778,0.48278108,0.35518793,0.38380916,0
1281000,0.08199354,0.02677540,-0.10322416,0.07266451,0.00264007,0.61534941,0
1282000,0.09565293,0.02615539,0.00000000,0.00000000,0.00000000,0.00000000,0
1283000,0.07505727,0.01339426,-0.34363781,-0.52770112,0.00000000,0.26291729,0
1284000,0.17231894,0.00680885,0.00000000,0.00000000,0.00000000,0.00000000,0
1285000,0.07423882,0.02089936,-0.21663326,-0.24128676,0.00000000,0.23419534,0
1286000,0.13169344,0.03608814,0.75967061,0.54703643,0.43817415,0.35773195,0
1287000,0.10378449,0.00833358,0.37504427,-0.79712358,0.07032910,0.58499091,0
1288000,0.07525904,0.05539023,-0.11920109,1.72275600,1.48394411,1.17451294,0
1289000,0.04676870,0.03255967,0.00000000,0.00000000,0.00000000,0.00000000,0
1290000,0.21396188,0.10547958,0.32184329,0.70641852,0.30130511,0.00062627,0
1291000,0.09317849,0.09650496,-0.38636155,0.88682723,0.39323127,1.15408845,0
1292000,0.29096809,0.10832826,1.39964046,1.32745063,1.86055929,0.26796549,0
1293000,0.07740054,0.06579100,-0.40264453,0.63248475,0.20001848,0.03143471,0
1294000,0.05346920,0.01926668,-0.61690012,-0.34162453,0.00000000,0.02342396,0
1295000,0.12973770,0.03174160,0.18101126,-0.03985022,0.01638254,0.56718528,0
1296000,0.07883530,0.02820526,-0.32161239,-0.09381940,0.00000000,0.02005909,0
1297000,0.14033709,0.01527552,0.40843377,-0.42016817,0.08340907,0.02495827,0
1298000,0.08438320,0.08131738,-0.23130037,1.43465775,1.02912143,0.20805942,0
1299000,0.08929516,0.01648698,-0.16315958,-0.38964233,0.00000000,0.04884973,0
1300000,0.05406632,0.04107198,-0.58982881,0.34895337,0.06088423,0.21323928,0
1301000,0.07438389,0.04125096,-0.31993930,0.37628577,0.07079549,0.19902124,0
1302000,0.05856935,0.03543290,-0.52065672,0.21541377,0.02320155,0.24947563,0
1303000,0.14646973,0.00271414,0.00000000,0.00000000,0.00000000,0.00000000,0
1304000,0.08189472,0.01818306,-0.14131068,-0.35824834,0.00000000,0.22348766,0
1305000,0.12039123,0.04528714,0.52610402,0.71264386,0.39232336,0.09547906,0
1306000,0.34412542,0.03040036,4.52013456,0.20055627,10.23591964,0.85462102,0
1307000,0.16935220,0.03116502,0.00000000,0.00000000,0.00000000,0.00000000,0
1308000,0.12437872,0.00694887,0.25228914,-0.68942849,0.03182490,0.03611005,0
1309000,0.12407916,0.05052775,0.43398332,0.80681225,0.41964376,0.14147629,0
1310000,0.09864540,0.01516152,0.15792881,-0.42097814,0.01247075,0.26157446,0
1311000,0.07258446,0.02154885,-0.20111727,-0.15110035,0.00000000,0.13818082,0
1312000,0.09997131,0.01005223,0.29176328,-0.62384451,0.04256291,0.45304211,0
1313000,0.24232900,0.05621924,0.00000000,0.00000000,0.00000000,0.00000000,0
1314000,0.05022703,0.01378899,-0.56360562,-0.52332063,0.00000000,0.63764369,0
1315000,0.35515133,0.10357150,0.00000000,0.00000000,0.00000000,0.00000000,0
1316000,0.04540690,0.08592438,-0.63763884,1.83628727,1.68597548,0.07128028,0
1317000,0.04496090,0.09368155,-0.64105074,2.60873053,3.40273749,0.42549611,0
1318000,0.05852877,0.00392278,-0.39688458,-0.93269699,0.00000000,0.18583667,0
1319000,0.06176381,0.04136189,0.00000000,0.00000000,0.00000000,0.00000000,0
1320000,0.38221991,0.20363273,4.11403786,6.13761919,27.29783840,0.48059086,0
1321000,0.26170713,0.02396261,0.00000000,0.00000000,0.00000000,0.00000000,0
1322000,0.09569674,0.02172175,0.00000000,0.00000000,0.00000000,0.00000000,0
1323000,0.10167331,0.07811061,-0.01871325,0.78161600,0.30546178,0.27137905,0
1324000,0.09408532,0.11901768,0.04671043,2.19974778,2.42053607,0.22329841,0
1325000,0.08849862,0.06492147,0.04868538,1.06920193,0.57278152,0.08630140,0
1326000,0.06974737,0.02134246,-0.22035997,-0.16089105,0.00000000,0.23502522,0
1327000,0.13758536,0.01610191,1.01368840,-0.32284054,0.51378208,0.15236838,0
1328000,0.16137914,0.15840347,0.00000000,0.00000000,0.00000000,0.00000000,0
1329000,0.12224854,0.01019960,0.62665192,-0.57515801,0.19634631,0.42621189,0
1330000,0.19082099,0.03407562,1.98795598,0.41388122,2.06163332,0.33577331,0
1331000,0.07897435,0.02201486,-0.04140314,-0.07591425,0.00000000,0.52455153,0
1332000,0.09208000,0.11625033,0.00000000,0.00000000,0.00000000,0.00000000,0
1333000,0.15856032,0.06258572,0.08184103,0.29169775,0.04589276,0.00000000,0
1334000,0.12033200,0.02175111,-0.02376783,-0.34440190,0.00000000,0.00442418,0
1335000,0.13157381,0.00142559,0.18579662,-0.76919631,0.01726019,0.10538108,0
1336000,0.07625592,0.03041755,-0.26488984,-0.03284665,0.00000000,0.02576618,0
1337000,0.08516531,0.01628689,-0.16098092,-0.40358445,0.00000000,0.06218529,0
1338000,0.18622938,0.03343504,0.95189279,0.11932455,0.46016912,0.10195886,0
1339000,0.15485963,0.01852363,0.66051698,-0.32308909,0.21814134,0.13490267,0
1340000,0.08291264,0.08324896,-0.14141913,1.77254783,1.57096291,0.15893395,0
1341000,0.15550235,0.04340608,0.00000000,0.00000000,0.00000000,0.00000000,0
1342000,0.07359997,0.06979631,-0.37521334,1.15704580,0.66937750,0.27307895,0
1343000,0.15500219,0.02929102,0.81137195,0.02881647,0.32957741,0.16317930,0
1344000,0.06839756,0.03403861,0.00000000,0.00000000,0.00000000,0.00000000,0
1345000,0.10188046,0.07385881,-0.06000735,1.43375206,1.02782248,0.02783272,0
1346000,0.09486751,0.08565790,0.03935995,2.30701001,2.66192221,0.11494074,0
1347000,0.09619144,0.01515330,0.13460223,-0.44236431,0.00905888,0.68452836,0
1348000,0.09703036,0.03920374,0.19243974,0.68139267,0.25066452,0.36066140,0
1349000,0.23455329,0.05636539,2.59323864,1.56096137,4.58074352,0.80279451,0
1350000,0.08775239,0.01665179,0.00000000,0.00000000,0.00000000,0.00000000,0
1351000,0.18120843,0.02915859,1.19195135,-0.06597984,0.71037401,0.37583038,0
1352000,0.09052083,0.06389939,0.02026511,1.10658637,0.61247204,0.49439137,0
1353000,0.10844521,0.05313287,0.00000000,0.00000000,0.00000000,0.00000000,0
1354000,0.12979534,0.03454962,0.62326035,0.17249518,0.20910403,0.29964071,0
1355000,0.05049232,0.02870736,0.00000000,0.00000000,0.00000000,0.00000000,0
1356000,0.14288239,0.06742727,1.02749065,1.90509274,2.34255769,0.56999264,0
1357000,0.07999246,0.00405988,0.01906016,-0.91675050,0.00018164,0.62343325,0
1358000,0.15208207,0.02179716,0.00000000,0.00000000,0.00000000,0.00000000,0
1359000,0.11170919,0.02025246,0.22155332,-0.29908660,0.02454294,0.34544861,0
1360000,0.12493603,0.02576187,0.55598205,-0.08420453,0.15455802,0.23512649,0
1361000,0.06026020,0.06532232,0.00000000,0.00000000,0.00000000,0.00000000,0
1362000,0.11279665,0.04442624,0.20798002,0.40017641,0.10169842,0.13635626,0
1363000,0.08974589,0.05583835,0.01655082,1.03048248,0.53108403,0.40054185,0
1364000,0.04151239,0.02670506,-0.76419869,0.03881447,0.00075328,0.39186540,0
1365000,0.05832634,0.00985283,-0.45691861,-0.65284659,0.00000000,0.70601444,0
1366000,0.19311760,0.00602081,0.00000000,0.00000000,0.00000000,0.00000000,0
1367000,0.08422261,0.08881253,-0.22092730,1.41503115,1.00115658,0.03812140,0
1368000,0.07750473,0.07406524,-0.21407212,1.33663492,0.89329645,0.23125113,0
1369000,0.06771918,0.00980893,-0.34273441,-0.64283046,0.00000000,0.22456061,0
1370000,0.07740463,0.02194181,-0.17127850,-0.22268043,0.00000000,0.14590912,0
1371000,0.07848160,0.01972833,0.00000000,0.00000000,0.00000000,0.00000000,0
1372000,0.09159915,0.01142987,-0.06190390,-0.68079345,0.00000000,1.22656177,0
1373000,0.07156947,0.02233755,-0.24599484,-0.16527264,0.00000000,0.10077429,0
1374000,0.04509176,0.02206168,-0.64894262,-0.11643487,0.00000000,0.43754999,0
1375000,0.10589338,0.07342912,0.48796043,2.42459175,3.05837528,0.24034481,0
1376000,0.08305075,0.02460141,0.11030898,0.09415059,0.01051620,0.82070061,0
1377000,0.07358031,0.01423124,0.00000000,0.00000000,0.00000000,0.00000000,0
1378000,0.05106766,0.03566195,-0.51101710,0.26611215,0.03540784,0.25728404,0
1379000,0.10001937,0.05282045,0.23001697,0.92395846,0.45330352,0.25184367,0
1380000,0.05827392,0.07691894,-0.39756475,1.92830636,1.85918271,1.12896624,0
1381000,0.11710618,0.03545830,0.66859142,0.44289517,0.32158531,0.39736060,0
1382000,0.10087238,0.04194868,0.42119766,0.74840446,0.36875835,0.25546318,0
1383000,0.17064179,0.01777057,0.00000000,0.00000000,0.00000000,0.00000000,0
1384000,0.06090444,0.03095545,-0.32948611,0.28404353,0.04034036,0.68017404,0
1385000,0.17082870,0.03685276,0.00000000,0.00000000,0.00000000,0.00000000,0
1386000,0.20105699,0.06849719,0.90295914,0.76487973,0.70018810,1.63273011,0
1387000,0.08662651,0.10871656,-0.15124971,2.07610021,2.15509605,0.20558174,0
1388000,0.09813842,0.03021886,0.05196264,-0.01630317,0.00135006,0.09540785,0
1389000,0.11590873,0.05117270,0.32113375,0.69412597,0.29246888,0.38802576,0
1390000,0.11384417,0.03635385,0.32187419,0.23650883,0.07976971,0.56319053,0
1391000,0.08235069,0.04452093,0.00000000,0.00000000,0.00000000,0.00000000,0
1392000,0.07530406,0.01431236,-0.23509560,-0.40206788,0.00000000,0.07282209,0
1393000,0.07457820,0.05916778,-0.20235766,1.00409939,0.50410779,0.08632787,0
1394000,0.06745301,0.05036289,-0.27672866,0.85359660,0.36431358,0.04962760,0
1395000,0.08642960,0.09782042,0.00000000,0.00000000,0.00000000,0.00000000,0
1396000,0.12797387,0.03431636,0.81186229,0.36583110,0.39647638,0.32666170,0
1397000,0.09075704,0.02803943,0.25766955,0.20454218,0.05411555,0.63660450,0
1398000,0.05829058,0.00118505,-0.38281639,-1.05004441,0.00000000,0.37684105,0
1399000,0.14203934,0.01656586,1.53537971,-0.25939906,1.17869543,1.39448258,0
1400000,0.19113934,0.10879364,0.00000000,0.00000000,0.00000000,0.00000000,0
1401000,0.25712779,0.08587658,2.76345586,2.86616021,7.92578132,0.15910292,0
1402000,0.10223279,0.01657693,0.46925166,-0.22737773,0.11009856,0.83086430,0
1403000,0.15609011,0.10955706,1.64500748,4.92995376,13.50524683,0.97775237,0
1404000,0.09480973,0.06150009,0.00000000,0.00000000,0.00000000,0.00000000,0
1405000,0.18636021,0.09330271,1.79059235,2.52801415,4.79853824,0.20311521,0
1406000,0.09337520,0.07135993,0.37879053,2.02461402,2.12127211,0.22650058,0
1407000,0.15487644,0.20592076,0.00000000,0.00000000,0.00000000,0.00000000,0
1408000,0.08962355,0.01676165,0.00000000,0.00000000,0.00000000,0.00000000,0
1409000,0.08174556,0.00629487,-0.04637831,-0.69890526,0.00000000,0.05231781,0
1410000,0.07677301,0.00697857,-0.00454677,-0.67127561,0.00000000,0.50618887,0
1411000,0.07039703,0.03130137,-0.09860946,0.21679330,0.02349967,0.53114871,0
1412000,0.04128354,0.04015303,-0.67635217,0.62729693,0.19675072,0.87797182,0
1413000,0.09354192,0.04744050,0.41923491,1.00410519,0.59199257,0.63940356,0
1414000,0.25715774,0.02641287,0.00000000,0.00000000,0.00000000,0.00000000,0
1415000,0.07641809,0.00283970,-0.24189590,-1.01601933,0.00000000,0.16416383,0
1416000,0.04717460,0.03017754,-0.60705074,0.30422187,0.04627547,0.57501129,0
1417000,0.15557435,0.00384520,0.00000000,0.00000000,0.00000000,0.00000000,0
1418000,0.18251158,0.00695357,0.62000556,-0.74680210,0.19220345,0.01047894,0
1419000,0.08059648,0.01145223,-0.28966837,-0.60374708,0.00000000,0.26146479,0
1420000,0.06688684,0.04236216,-0.37879585,0.30487665,0.04647489,0.00525026,0
1421000,0.06715853,0.01867188,-0.35025484,-0.32584838,0.00000000,0.08160291,0
1422000,0.16331826,0.02125718,0.00000000,0.00000000,0.00000000,0.00000000,0
1423000,0.08385009,0.00539102,-0.14133526,-0.92812150,0.00000000,0.08510192,0
1424000,0.10133366,0.06000844,0.00000000,0.00000000,0.00000000,0.00000000,0
1425000,0.07073114,0.01023771,-0.22738547,-0.63362657,0.00000000,0.25271971,0
1426000,0.14476837,0.00712641,1.40930151,-0.78125290,0.99306537,0.73229933,0
1427000,0.09102783,0.07737743,0.33305510,2.97004426,4.46604431,1.83320019,0
1428000,0.07897406,0.00253266,0.00000000,0.00000000,0.00000000,0.00000000,0
1429000,0.12014959,0.08914666,0.31637950,1.86145266,1.78255100,0.05742424,0
1430000,0.07493906,0.05643833,-0.17777811,1.04308702,0.54401527,0.34484395,0
1431000,0.05906403,0.03398379,0.00000000,0.00000000,0.00000000,0.00000000,0
1432000,0.18351731,0.08280960,0.00000000,0.00000000,0.00000000,0.00000000,0
1433000,0.10020068,0.01112557,0.07906761,-0.46580980,0.00312584,0.02865790,0
1434000,0.10221507,0.08470918,0.26886539,1.89292426,1.82772542,0.06301174,0
1435000,0.04630059,0.01964702,-0.55937215,-0.13560115,0.00000000,0.24925900,0
1436000,0.15348274,0.00952643,1.41291117,-0.51389012,0.99815899,0.37635121,0
1437000,0.04253885,0.02134277,-0.61269483,-0.02805229,0.00000000,0.43057261,0
1438000,0.07829358,0.02832475,0.11655968,0.29105036,0.04914824,0.34010065,0
1439000,0.07436007,0.05861709,0.00000000,0.00000000,0.00000000,0.00000000,0
1440000,0.14143516,0.06522114,0.62248793,0.91135840,0.60903268,0.18466251,0
1441000,0.09385778,0.01676781,0.15636816,-0.25111963,0.01222550,0.27152150,0
1442000,0.06798134,0.09761668,-0.17575241,2.38401800,2.84177091,0.52870723,0
1443000,0.05631943,0.01919069,-0.32193755,-0.15312367,0.00000000,0.19494680,0
1444000,0.06243578,0.05557156,-0.20518781,1.21587193,0.73917228,0.14959507,0
1445000,0.14058284,0.00230422,1.22478880,-0.79672129,0.75005380,0.15866079,0
1446000,0.06688457,0.02994937,-0.09703603,0.31298170,0.04897877,1.44102609,0
1447000,0.18610667,0.14123783,2.22632587,5.03561183,15.15695668,0.43225433,0
1448000,0.08110043,0.05420779,0.21308211,1.41218819,1.01983973,0.38848839,0
1449000,0.05847445,0.01363934,-0.23169383,-0.35441003,0.00000000,0.80554657,0
1450000,0.06691996,0.07939053,-0.05028667,2.64810951,3.50624199,0.29615525,0
1451000,0.05191664,0.07699963,0.00000000,0.00000000,0.00000000,0.00000000,0
1452000,0.08176504,0.08405031,0.00000000,0.00000000,0.00000000,0.00000000,0
1453000,0.07128995,0.02540857,-0.24698448,-0.02567173,0.00000000,0.03337844,0
1454000,0.06584194,0.01705812,-0.20797406,-0.24280759,0.00000000,0.10740088,0
1455000,0.06403558,0.00872555,-0.17859646,-0.59776094,0.00000000,0.84490237,0
1456000,0.07705151,0.06249033,0.11696493,2.11126273,2.23555555,0.33611277,0
1457000,0.10717854,0.01919178,0.81056373,-0.06819735,0.32850678,0.84070284,0
1458000,0.06035143,0.04568823,0.00000000,0.00000000,0.00000000,0.00000000,0
1459000,0.14912033,0.00642708,0.71927954,-0.75070482,0.25868153,0.02722102,0
1460000,0.06334841,0.00700782,-0.35441010,-0.71369880,0.00000000,0.19869377,0
1461000,0.05982684,0.03013697,-0.38291995,0.17414082,0.01516251,0.66175328,0
1462000,0.15151803,0.10764653,0.00000000,0.00000000,0.00000000,0.00000000,0
1463000,0.12854472,0.01074132,0.33768605,-0.58521490,0.05701593,0.16031714,0
1464000,0.37990040,0.00519023,4.19607443,-0.75159273,8.80352031,0.20059828,0
1465000,0.09499396,0.07509302,0.08705578,1.74449114,1.52541403,0.10617837,0
1466000,0.24488759,0.01631438,2.69528672,-0.36120295,3.63228524,0.54085120,0
1467000,0.13776682,0.11456250,0.96979511,3.67478076,7.22225808,0.67217254,0
1468000,0.07797688,0.06251790,-0.05979978,1.65486983,1.36929708,0.75081095,0
1469000,0.07153119,0.06108056,-0.15656377,1.67620022,1.40482358,0.85139626,0
1470000,0.07212583,0.00122018,-0.12859116,-1.00168164,0.00000000,0.75871407,0
1471000,0.21864960,0.03972477,2.88600936,0.80808821,4.49102830,0.36664442,0
1472000,0.18271481,0.12552057,2.22399508,4.98461703,14.89628052,1.14983608,0
1473000,0.09373806,0.03908547,0.00000000,0.00000000,0.00000000,0.00000000,0
1474000,0.07484362,0.04063053,-0.00422932,0.85559954,0.36602529,1.08898905,0
1475000,0.07229878,0.01687467,-0.00165389,-0.22940023,0.00000000,0.39092700,0
1476000,0.21589874,0.04514645,0.00000000,0.00000000,0.00000000,0.00000000,0
1477000,0.08391404,0.00153743,-0.07770047,-0.77698126,0.00000000,0.20855819,0
1478000,0.14240988,0.06858838,0.93041073,1.52532160,1.59613505,0.19139873,0
1479000,0.07495082,0.02821414,-0.00333273,0.20389363,0.02078631,0.24168187,0
1480000,0.07671083,0.03781037,0.08494439,0.66981679,0.22793504,1.18081373,0
1481000,0.18137437,0.03862685,2.17225012,0.76968061,2.65553941,0.38852948,0
1482000,0.12808670,0.08816385,1.20997071,3.17838750,5.78308812,0.69919864,0
1483000,0.13376302,0.01871100,1.39809923,-0.09486620,0.97734073,0.62914005,0
1484000,0.06335048,0.08194358,-0.07802545,3.12999396,4.89843110,0.35415449,0
1485000,0.06710330,0.02535952,0.02173595,0.27331362,0.03758639,0.94923514,0
1486000,0.15434694,0.04817234,2.03497489,1.50690416,3.20594148,2.13278511,0
1487000,0.07952419,0.05911334,0.00000000,0.00000000,0.00000000,0.00000000,0
1488000,0.06723733,0.08529959,-0.05486646,3.37457958,5.69389366,1.01958489,0
1489000,0.19795671,0.15274963,2.86598948,7.59527339,32.95103678,1.32550200,0
1490000,0.08941279,0.03669796,0.00000000,0.00000000,0.00000000,0.00000000,0
1491000,0.07914986,0.05616816,0.00000000,0.00000000,0.00000000,0.00000000,0
1492000,0.06511038,0.11313418,-0.22358195,3.98622649,7.94500080,0.28492757,0
1493000,0.08478996,0.10235228,0.21697115,4.01109753,8.06798994,0.32002588,0
1494000,0.14860724,0.04856030,0.00000000,0.00000000,0.00000000,0.00000000,0
1495000,0.15475151,0.19528413,0.83623621,4.97515431,12.72572572,0.15080168,0
1496000,0.05406003,0.06889980,-0.40483770,1.49383450,1.11577076,0.54373576,0
1497000,0.06682436,0.10056367,0.00000000,0.00000000,0.00000000,0.00000000,0
1498000,0.13583475,0.03312489,0.87450852,0.41106189,0.46686852,0.20079711,0
1499000,0.07312949,0.02305087,-0.07556191,0.04876253,0.00118889,0.45465858,0
1500000,0.22295180,0.00308803,2.95099234,-0.95788580,4.35417790,0.95999879,0
1501000,0.05756762,0.05923427,0.00000000,0.00000000,0.00000000,0.00000000,0
1502000,0.08480345,0.06339636,0.00518150,1.88907562,1.78431677,1.08549298,0
1503000,0.09397434,0.02442911,0.00000000,0.00000000,0.00000000,0.00000000,0
1504000,0.06382076,0.03254399,-0.29498603,0.43552090,0.09483923,0.79690041,0
1505000,0.07624404,0.01081095,0.00000000,0.00000000,0.00000000,0.00000000,0
1506000,0.24900232,0.04294211,2.40760056,0.42208745,2.98734915,0.30865653,0
1507000,0.08067591,0.12655334,-0.08609879,3.34859994,5.60656078,0.18958469,0
1508000,0.04203513,0.01667757,-0.71360325,-0.30086367,0.00000000,0.12967953,0
1509000,0.04853462,0.00676971,-0.56308332,-0.66195225,0.00000000,0.30809946,0
1510000,0.07057009,0.04355188,-0.11416258,0.84972019,0.36101220,0.73356165,0
1511000,0.08825256,0.01080001,0.28261962,-0.51121759,0.03993693,0.66345521,0
1512000,0.21776730,0.02102401,3.12157103,-0.05280695,4.87210286,0.77536865,0
1513000,0.29591224,0.01653427,0.00000000,0.00000000,0.00000000,0.00000000,0
1514000,0.16928719,0.03477167,1.58186650,0.69572802,1.49316956,0.18830088,0
1515000,0.07284993,0.07943688,0.00000000,0.00000000,0.00000000,0.00000000,0
1516000,0.07849057,0.02772424,-0.21017962,-0.08715503,0.00000000,0.02260765,0
1517000,0.06962941,0.06263923,-0.21528781,0.95557832,0.45656497,0.20618638,0
1518000,0.09644118,0.07187316,0.29215938,1.43497813,1.07225967,0.19028961,0
1519000,0.06045870,0.02191074,-0.28404685,-0.07446535,0.00000000,0.53763872,0
1520000,0.23613526,0.08842727,2.99252412,2.33133935,7.19517189,0.51432089,0
1521000,0.24453667,0.00533769,0.00000000,0.00000000,0.00000000,0.00000000,0
1522000,0.07253791,0.04707778,-0.01420947,1.18240608,0.69904207,0.09746792,0
1523000,0.09208042,0.00252191,0.42532168,-0.99501134,0.09044927,0.78983821,0
1524000,0.10799427,0.06747790,0.00000000,0.00000000,0.00000000,0.00000000,0
1525000,0.12581736,0.04147758,0.57784162,0.45657334,0.27118007,0.05754588,0
1526000,0.05313365,0.07344940,-0.43901027,1.83055865,1.67547249,0.23747107,0
1527000,0.08390702,0.02534485,0.16336050,0.10764111,0.01913663,0.72123127,0
1528000,0.06907175,0.01046627,-0.07980797,-0.49664399,0.00000000,0.24768022,0
1529000,0.10921180,0.02025212,0.81068225,-0.03409659,0.32860286,0.18488755,0
1530000,0.09111962,0.09810422,0.00000000,0.00000000,0.00000000,0.00000000,0
1531000,0.06053448,0.02121003,-0.40981773,-0.24194021,0.00000000,0.24315256,0
1532000,0.07247821,0.01749377,-0.08154196,-0.27999878,0.00000000,0.08329972,0
1533000,0.06923483,0.05235784,-0.06067751,1.37667412,0.94761581,0.09999201,0
1534000,0.05773398,0.02433735,-0.24937850,0.13662690,0.00933345,0.52912018,0
1535000,0.05916390,0.00551376,-0.20149550,-0.79595249,0.00000000,0.53126386,0
1536000,0.28405538,0.05737867,4.73339508,1.97613518,13.15506959,1.42245335,0
1537000,0.08950025,0.10653311,0.00000000,0.00000000,0.00000000,0.00000000,0
1538000,0.05822518,0.06953277,-0.36510375,1.81074016,1.63938996,0.25104221,0
1539000,0.12207966,0.08022983,0.86980477,2.61694922,3.80249176,0.20896519,0
1540000,0.06434931,0.07099152,-0.12179083,2.44018137,2.97724255,0.41381576,0
1541000,0.05532856,0.01006125,-0.28255129,-0.54623979,0.00000000,0.63772483,0
1542000,0.23802039,0.05993828,3.68678095,2.15620690,9.12079099,1.18943432,0
1543000,0.05570706,0.06088120,0.00000000,0.00000000,0.00000000,0.00000000,0
1544000,0.09561250,0.05533887,0.55493433,2.31016457,2.82240623,0.27826187,0
1545000,0.08978838,0.07049418,0.00000000,0.00000000,0.00000000,0.00000000,0
1546000,0.05596080,0.04276732,-0.29979543,0.74676941,0.27883228,0.19631067,0
1547000,0.34205770,0.06147997,4.95509422,1.78823046,13.87536346,0.84421790,0
1548000,0.06453917,0.05562342,-0.05003938,1.70863109,1.45971010,0.49055675,0
1549000,0.21437155,0.02200687,3.12979673,0.06090193,4.89966830,0.76813677,0
1550000,0.06001861,0.09932853,0.00000000,0.00000000,0.00000000,0.00000000,0
1551000,0.05391105,0.04654719,-0.33317725,1.62276593,1.31668464,0.77586317,0
1552000,0.08222786,0.05795127,0.29684761,2.46768810,3.08880154,0.54423673,0
1553000,0.06839150,0.01867986,0.00000000,0.00000000,0.00000000,0.00000000,0
1554000,0.19148652,0.02228794,1.40752863,-0.09999373,0.99056842,0.11033155,0
1555000,0.16468723,0.04927989,1.30126630,0.91876996,1.26871611,0.37595712,0
1556000,0.08565474,0.00972895,0.16004767,-0.50012310,0.01280763,0.60870237,0
1557000,0.25505117,0.09160902,0.00000000,0.00000000,0.00000000,0.00000000,0
1558000,0.17041680,0.00415077,1.62746390,-0.86161042,1.32431937,1.02482157,0
1559000,0.09670708,0.12602210,0.00000000,0.00000000,0.00000000,0.00000000,0
1560000,0.05276304,0.00394438,-0.56937726,-0.86019583,0.00000000,0.19960227,0
1561000,0.06556439,0.04825449,-0.31264198,0.93636451,0.43838925,0.13541579,0
1562000,0.12182381,0.12884858,0.67953334,4.74990652,11.51168877,0.42374465,0
1563000,0.13428955,0.01624385,0.00000000,0.00000000,0.00000000,0.00000000,0
1564000,0.05321791,0.06828411,-0.38674829,2.33416164,2.72415529,0.29951878,0
1565000,0.07330682,0.02291550,0.00962180,0.14170391,0.01008629,0.82624785,0
1566000,0.26247942,0.00233051,0.00000000,0.00000000,0.00000000,0.00000000,0
1567000,0.18921651,0.10141261,0.37423443,0.95298688,0.52411770,0.02602377,0
1568000,0.06765169,0.01033609,-0.53605734,-0.62999395,0.00000000,0.02097358,0
1569000,0.09142639,0.05089623,-0.23491111,0.34957106,0.06109996,0.07400299,0
1570000,0.08743864,0.07464261,-0.22324571,1.04169158,0.54256068,0.17956585,0
1571000,0.09167115,0.00219462,-0.12929916,-0.79425982,0.00000000,1.08156340,0
1572000,0.13647850,0.02416968,0.44938644,-0.17827998,0.10097409,0.16807011,0
1573000,0.06176903,0.01179788,-0.44871557,-0.52042698,0.00000000,0.25343389,0
1574000,0.22345923,0.04958467,1.68931257,0.64853457,1.63718702,0.07838073,0
1575000,0.10602697,0.02273321,0.18758115,-0.15621565,0.01759334,0.23106575,0
1576000,0.13781869,0.00743978,0.66228989,-0.64016327,0.21931395,0.10223354,0
1577000,0.15129207,0.10258047,0.89707768,2.59485637,3.76901396,0.20524135,0
1578000,0.11794053,0.07466347,0.45070749,1.70452077,1.55426414,0.21293863,0
1579000,0.16734332,0.15816461,0.00000000,0.00000000,0.00000000,0.00000000,0
1580000,0.07844757,0.00960609,-0.39747922,-0.57975728,0.00000000,0.05486802,0
1581000,0.32695135,0.03174946,2.45088905,-0.06302734,3.00342856,0.08437299,0
1582000,0.05345764,0.01761524,-0.53041108,-0.32397605,0.00000000,0.06455026,0
1583000,0.07148030,0.07608712,-0.27646348,1.27711841,0.81551572,0.04490934,0
1584000,0.12198212,0.08512601,0.46928627,1.68105270,1.52308389,0.05847141,0
1585000,0.14251858,0.03015242,0.83773633,0.11688863,0.35773255,0.08726869,0
1586000,0.08360536,0.05911703,0.01369860,1.07948817,0.58274118,0.14989839,0
1587000,0.07859998,0.04777767,0.00000000,0.00000000,0.00000000,0.00000000,0
1588000,0.20571873,0.05962128,1.96482253,1.42425699,2.94451778,0.12954121,0
1589000,0.08970024,0.08223473,0.23472119,2.68792161,3.64000831,0.40516742,0
1590000,0.03831096,0.03092588,0.00000000,0.00000000,0.00000000,0.00000000,0
1591000,0.06594710,0.00431586,-0.21992151,-0.85118700,0.00000000,0.63321911,0
1592000,0.11174732,0.32032174,0.00000000,0.00000000,0.00000000,0.00000000,0
1593000,0.11258324,0.00647481,0.27618083,-0.54336238,0.03813793,0.28105863,0
1594000,0.07948604,0.02051393,-0.05980833,-0.19206152,0.00000000,0.15253861,0
1595000,0.07092637,0.02947314,-0.13269856,0.09698802,0.00470334,0.15470766,0
1596000,0.06169349,0.00913564,-0.24965920,-0.47973190,0.00000000,0.17471377,0
1597000,0.06560420,0.02763169,-0.15417078,0.13090067,0.00856749,0.24705761,0
1598000,0.21598800,0.01376694,2.64945507,-0.33485233,3.50980609,1.67858884,0
1599000,0.10433925,0.02923559,0.00000000,0.00000000,0.00000000,0.00000000,0
1600000,0.09209525,0.00056351,-0.10462867,-0.85408123,0.00000000,0.13956712,0
1601000,0.06776939,0.02327881,-0.32231973,-0.10479238,0.00000000,0.08965977,0
1602000,0.13900776,0.09396603,0.80807365,2.68446998,3.92968104,0.29177735,0
1603000,0.06978752,0.01464160,-0.19972667,-0.37942542,0.00000000,0.23102823,0
1604000,0.04769387,0.04755681,0.00000000,0.00000000,0.00000000,0.00000000,0
1605000,0.11031742,0.00320441,0.46860028,-0.91178686,0.10979311,0.12412387,0
1606000,0.08703488,0.05555024,0.23502494,1.58925580,1.29048536,0.53823156,0
1607000,0.10168558,0.06744101,0.62773459,2.39973342,3.07638559,0.57753258,0
1608000,0.06950421,0.00358365,0.03008396,-0.94923592,0.00045252,0.75567762,0
1609000,0.04552329,0.04463344,0.00000000,0.00000000,0.00000000,0.00000000,0
1610000,0.06893045,0.07323288,-0.01665063,2.85161282,4.06584783,0.47136234,0
1611000,0.08170673,0.03999568,0.33609297,1.19466206,0.77008797,0.67933765,0
1612000,0.07641748,0.02886401,0.00000000,0.00000000,0.00000000,0.00000000,0
1613000,0.27471045,0.05824700,2.81975015,1.25368516,4.76135870,0.08335098,0
1614000,0.19039690,0.00048104,1.84358021,-1.03293801,1.69939399,0.18662175,0
1615000,0.06368905,0.06480917,-0.21719123,1.95642457,1.91379856,0.71026454,0
1616000,0.10787936,0.04725442,0.63460583,1.21062662,0.93417069,0.97580086,0
1617000,0.09441569,0.06845316,0.41747093,2.36231289,2.87740208,0.84630814,0
1618000,0.06800949,0.02164790,-0.08408082,-0.01106569,0.00000000,0.82414397,0
1619000,0.13077699,0.07477532,1.26461614,2.84618069,4.84999926,0.91699888,0
1620000,0.14071742,0.08114062,1.53923939,3.27233343,6.53871200,0.75319787,0
1621000,0.22123989,0.02969900,0.00000000,0.00000000,0.00000000,0.00000000,0
1622000,0.06561834,0.01358955,-0.26171357,-0.47755350,0.00000000,0.17017481,0
1623000,0.09580731,0.00339565,0.29155822,-0.89898630,0.04250310,0.24878317,0
1624000,0.10479368,0.01337995,0.52093840,-0.44727652,0.13568841,0.40583856,0
1625000,0.06578110,0.06017905,-0.12386905,1.96554038,1.93167449,1.37408497,0
1626000,0.10459379,0.03133694,0.65915338,0.52945169,0.35740114,0.77763392,0
1627000,0.10493115,0.00316784,0.72085848,-0.99465760,0.25981847,0.54198020,0
1628000,0.04868277,0.01283086,-0.43117375,-0.44585866,0.00000000,1.08405462,0
1629000,0.26981002,0.02678257,4.46626965,0.38111724,10.04640749,0.62698464,0
1630000,0.06066217,0.00772022,0.00000000,0.00000000,0.00000000,0.00000000,0
1631000,0.06752738,0.01426608,-0.19028525,-0.44513927,0.00000000,0.35326035,0
1632000,0.15941037,0.03065699,1.69073071,0.47189199,1.54062619,0.55861817,0
1633000,0.07202498,0.03791000,0.00000000,0.00000000,0.00000000,0.00000000,0
1634000,0.12761444,0.04242016,0.48000813,0.58581287,0.28679226,0.09814805,0
1635000,0.07054653,0.04648528,-0.15672732,0.91964660,0.42287494,0.11330086,0
1636000,0.05310376,0.01686693,-0.39331068,-0.23358825,0.00000000,0.33762201,0
1637000,0.18305734,0.04927314,1.83441973,1.30048922,2.52818398,0.24768946,0
1638000,0.08657166,0.07168673,0.24896273,2.48714307,3.12393156,0.30254059,0
1639000,0.06665096,0.02553920,0.00000000,0.00000000,0.00000000,0.00000000,0
1640000,0.10532138,0.04803218,0.30327701,0.86499485,0.42009652,0.16208384,0
1641000,0.17710103,0.03303518,1.60453976,0.42691589,1.37840252,0.14812573,0
1642000,0.06324875,0.07207852,-0.18745138,2.26250026,2.55945372,0.26458169,0
1643000,0.06716556,0.01997786,-0.08607230,-0.06859678,0.00000000,0.71441491,0
1644000,0.07302380,0.02013319,0.05901170,-0.02698975,0.00174119,0.53981248,0
1645000,0.11347449,0.05369650,0.91452244,1.74820179,1.94628039,0.21899087,0
1646000,0.15253815,0.06416620,1.79162724,2.39396054,4.47048761,0.60252270,0
1647000,0.06112297,0.02499406,-0.11366150,0.29586887,0.04376919,0.53699651,0
1648000,0.06132070,0.14026949,0.00000000,0.00000000,0.00000000,0.00000000,0
1649000,0.04207861,0.04182766,-0.47724649,1.11268539,0.61903439,0.23927948,0
1650000,0.10553261,0.05817768,0.96558542,2.20802927,2.90387423,1.10144868,0
1651000,0.07281771,0.00538986,0.00000000,0.00000000,0.00000000,0.00000000,0
1652000,0.16298653,0.04271189,1.18314600,0.50769792,0.82879582,0.05947981,0
1653000,0.20971461,0.01984857,2.21454983,-0.15862766,2.45211547,0.27962765,0
1654000,0.24812713,0.00808178,3.15638607,-0.60712797,4.98138650,0.15473205,0
1655000,0.06049463,0.01953888,-0.19662403,-0.12415144,0.00000000,0.27503324,0
1656000,0.11460141,0.09396435,0.92887440,3.28911670,5.84054816,0.30566812,0
1657000,0.08063632,0.07710423,0.26643459,2.63731013,3.51319605,0.31487333,0
1658000,0.05302494,0.01973785,-0.30372664,-0.06763059,0.00000000,0.44218650,0
1659000,0.04037305,0.03476133,-0.57505401,0.69819329,0.24373694,0.84793846,0
1660000,0.04735298,0.00469508,-0.41327552,-0.83086031,0.00000000,0.53579129,0
1661000,0.05965097,0.03630665,-0.12095165,0.84347473,0.35572481,0.37247897,0
1662000,0.06293169,0.05521770,-0.03277768,1.89843094,1.80202002,0.42583185,0
1663000,0.06533037,0.04538386,0.03207718,1.39629460,0.97533377,0.96821241,0
1664000,0.12843722,0.06584828,1.62394806,2.57345650,4.62994282,1.17941284,0
1665000,0.07272103,0.09371087,0.00000000,0.00000000,0.00000000,0.00000000,0
1666000,0.10606610,0.05751190,0.00000000,0.00000000,0.00000000,0.00000000,0
1667000,0.05600551,0.02434143,-0.35557180,-0.01009264,0.00000000,0.20872632,0
1668000,0.04904522,0.06137848,-0.42239828,1.61802800,1.30900730,0.30945355,0
1669000,0.07354873,0.02957870,0.07449443,0.37667357,0.07371620,0.08069748,0
1670000,0.14732045,0.03050913,1.59962115,0.49506864,1.40194039,0.20171063,0
1671000,0.14640588,0.06276771,1.68842968,2.20107903,3.84777183,0.44565455,0
1672000,0.31760946,0.09538309,5.52737622,4.08218736,23.60807078,0.76930907,0
1673000,0.11803813,0.12193512,0.00000000,0.00000000,0.00000000,0.00000000,0
1674000,0.10692457,0.04051888,0.09417091,0.08532672,0.00807440,0.09226939,0
1675000,0.08554062,0.05030717,0.00534891,0.55377151,0.15334575,0.21078255,0
1676000,0.06751611,0.01276588,-0.17639868,-0.41464917,0.00000000,0.03744471,0
1677000,0.05539287,0.08009820,-0.32331199,1.85371597,1.71813144,0.16408210,0
1678000,0.05014827,0.03067340,-0.39280200,0.25466657,0.03242753,0.47567256,0
1679000,0.04699728,0.01877075,-0.43996143,-0.15582721,0.00000000,0.24425466,0
1680000,0.09984197,0.02260885,0.58938389,0.01412813,0.17378649,0.31234594,0
1681000,0.06962172,0.05133035,0.03376566,1.22600927,0.75211943,0.42542245,0
1682000,0.06157475,0.05865578,-0.10655899,1.60098512,1.28157667,0.35563510,0
1683000,0.21629171,0.05452110,3.16756531,1.47577211,6.10568665,0.52272128,0
1684000,0.15900682,0.10372222,2.01007060,3.74262616,9.02381719,1.40140584,0
1685000,0.10503697,0.00067158,0.87530716,-0.93613668,0.38308131,0.38960444,0
1686000,0.07235284,0.04413329,0.16612637,1.10966512,0.62947732,0.50224605,0
1687000,0.19215389,0.06868440,2.92323715,2.32218958,6.96893993,1.08736911,0
1688000,0.09925937,0.07725083,0.80942583,2.78914275,4.21724373,0.64694164,0
1689000,0.30544022,0.00357473,5.70047245,-0.83003058,16.24769308,1.17245423,0
1690000,0.09665734,0.07221035,0.77987492,2.64028581,3.78965703,1.02622961,0
1691000,0.09521212,0.08654301,0.00000000,0.00000000,0.00000000,0.00000000,0
1692000,0.07117016,0.00455979,0.06495385,-0.86068767,0.00210950,0.44843548,0
1693000,0.03386693,0.03138650,-0.67505372,0.68567222,0.23507320,0.57640999,0
1694000,0.05840594,0.06112078,-0.08563682,2.62019311,3.43270597,1.29293033,0
1695000,0.08129464,0.04325587,0.00000000,0.00000000,0.00000000,0.00000000,0
1696000,0.05257561,0.01926826,-0.37062037,-0.11478604,0.00000000,0.25418797,0
1697000,0.15669718,0.04915654,1.64713894,1.62019403,2.66904769,0.41708739,0
1698000,0.09133793,0.14428490,0.49400141,7.51443526,28.35538730,0.94836987,0
1699000,0.05987143,0.05817455,-0.11950199,2.46355163,3.03454331,0.77672751,0
1700000,0.05737390,0.00383525,-0.15989814,-0.98028876,0.00000000,0.88520641,0
1701000,0.08280473,0.05039105,0.45972714,2.11400470,2.34018246,1.07311826,0
1702000,0.08953717,0.01414416,0.65499263,-0.29391492,0.21450768,0.72838581,0
1703000,0.05627431,0.05436284,-0.14325238,2.49764738,3.11912123,0.81179621,0
1704000,0.07655814,0.01921010,0.39241108,0.07494046,0.07980126,0.72977666,0
1705000,0.15029173,0.01392396,2.35653740,-0.29327909,2.77663426,1.67500584,0
1706000,0.08480273,0.02197867,0.65477565,0.29454221,0.25774313,1.15180045,0
1707000,0.33526534,0.01599089,0.00000000,0.00000000,0.00000000,0.00000000,0
1708000,0.06105546,0.01101510,-0.18133824,-0.54888584,0.00000000,0.26152307,0
1709000,0.16186114,0.09651070,1.96888156,3.99105220,9.90249614,0.68028206,0
1710000,0.25686827,0.02141774,4.33939480,0.04704627,9.41628031,0.35147915,0
1711000,0.12520710,0.02916857,1.45037099,0.54201146,1.19867622,1.38320195,0
1712000,0.09961063,0.06796764,0.90247672,2.95648061,4.77762092,0.51675660,0
1713000,0.07187682,0.03789438,0.00000000,0.00000000,0.00000000,0.00000000,0
1714000,0.12196099,0.04066729,0.89416488,0.98766973,0.88751116,0.63073956,0
1715000,0.04691843,0.03332672,-0.48185906,0.70599983,0.24921788,0.34537196,0
1716000,0.09326851,0.02478641,0.57024909,0.28951282,0.20450085,0.68116627,0
1717000,0.09206304,0.00359764,0.59658616,-0.99640109,0.17795752,1.22747418,0
1718000,0.13597994,0.01335501,1.71508717,-0.38216159,1.47076199,1.36194728,0
1719000,0.05703779,0.00076430,0.00000000,0.00000000,0.00000000,0.00000000,0
1720000,0.05205747,0.00133208,-0.44911501,-0.81879328,0.00000000,0.08952592,0
1721000,0.06204484,0.01937149,-0.24588542,-0.21789753,0.00000000,0.09904866,0
1722000,0.08782752,0.02371015,0.27980350,-0.02892624,0.03914500,0.19323813,0
1723000,0.06447063,0.06114010,-0.13521743,1.57199041,1.23557693,0.57585864,0
1724000,0.06211337,0.05311159,0.00000000,0.00000000,0.00000000,0.00000000,0
1725000,0.10137101,0.06251765,0.34883992,1.31732065,0.92851149,0.15277205,0
1726000,0.10210010,0.03401680,0.48846123,0.39810849,0.19854237,0.40555820,0
1727000,0.06720278,0.06420249,-0.07082593,1.80751582,1.63355672,0.23317461,0
1728000,0.05273796,0.07103687,-0.32694133,2.28400662,2.60834313,0.30297205,0
1729000,0.12036628,0.03572793,1.09750025,0.65980728,0.81992622,0.66070427,0
1730000,0.05898803,0.07894780,-0.18453868,2.87651742,4.13717624,0.60622135,0
1731000,0.09647810,0.03122839,0.68663640,0.50281218,0.36214482,0.75297201,0
1732000,0.07299324,0.03129182,0.17227543,0.53182339,0.15625747,0.59314601,0
1733000,0.17790623,0.09293117,2.72196785,3.90124518,11.31441148,1.12154461,0
1734000,0.06452817,0.07217955,0.00106311,2.83986506,4.03241736,0.67409144,0
1735000,0.13423528,0.10938786,1.76929325,4.99366588,14.03354878,0.81248118,0
1736000,0.15150809,0.02261723,0.00000000,0.00000000,0.00000000,0.00000000,0
1737000,0.16250518,0.04603449,1.36345588,0.84245095,1.28436777,0.35824348,0
1738000,0.11060102,0.01282768,0.66768910,-0.43707730,0.22290437,0.25267000,0
1739000,0.11796469,0.02761389,0.00000000,0.00000000,0.00000000,0.00000000,0
1740000,0.08449300,0.02063377,0.07186261,-0.18958671,0.00258212,0.47777670,0
1741000,0.07577384,0.08531226,0.00568107,2.44254084,2.98301901,0.13202550,0
1742000,0.09982296,0.03899847,0.54812702,0.67192803,0.37596525,0.23902248,0
1743000,0.09181127,0.01315755,0.00000000,0.00000000,0.00000000,0.00000000,0
1744000,0.06807537,0.04048549,-0.24901548,0.35527066,0.06310862,0.04510572,0
1745000,0.08711153,0.04535213,0.16029095,0.67546448,0.24097273,0.12959191,0
1746000,0.07120462,0.06745644,-0.05666985,1.62999275,1.32843819,0.18098512,0
1747000,0.05044851,0.02914587,-0.43177178,0.22189458,0.02461860,0.61627988,0
1748000,0.08517767,0.07863254,0.29647137,2.35632253,2.82007557,0.37008902,0
1749000,0.06769550,0.10317667,0.00000000,0.00000000,0.00000000,0.00000000,0
1750000,0.10455129,0.02254505,0.39263848,-0.07608823,0.07708249,0.02239937,0
1751000,0.09213663,0.01954406,0.41126498,-0.13010088,0.08456944,0.13554876,0
1752000,0.07193626,0.06534646,0.11277752,2.24514270,2.52669225,0.13755983,0
1753000,0.13585982,0.01978195,1.59597040,-0.06390514,1.27356076,0.41543908,0
1754000,0.05325449,0.03937008,-0.25459522,1.05821900,0.55991372,1.30200720,0
1755000,0.21016474,0.05932993,3.62529935,2.28145221,9.17390977,1.07305164,0
1756000,0.05953463,0.00039559,-0.07672350,-1.17560615,0.00000000,0.99805511,0
1757000,0.09895896,0.02152757,0.98258938,0.10901620,0.48868321,1.19901386,0
1758000,0.38179234,0.01758118,0.00000000,0.00000000,0.00000000,0.00000000,0
1759000,0.07330652,0.13355386,0.09348214,5.25884116,13.83207462,0.92446764,0
1760000,0.06580001,0.04880418,-0.02689249,1.37925794,0.95117623,0.46405391,0
1761000,0.06546084,0.00317979,0.03181603,-0.98558803,0.00050613,0.46812256,0
1762000,0.05886281,0.10359593,0.00000000,0.00000000,0.00000000,0.00000000,0
1763000,0.12229531,0.02318015,0.00000000,0.00000000,0.00000000,0.00000000,0
1764000,0.07354438,0.02625140,0.04036397,0.15697696,0.01313551,0.28258856,0
1765000,0.06177295,0.01139118,-0.11237189,-0.49432204,0.00000000,0.34746378,0
1766000,0.05565532,0.04055782,-0.20087294,1.03858789,0.53933240,0.34002345,0
1767000,0.05851509,0.01284249,-0.11734321,-0.42851945,0.00000000,0.59133750,0
1768000,0.04085913,0.00692741,0.00000000,0.00000000,0.00000000,0.00000000,0
1769000,0.05838576,0.00796548,-0.25041650,-0.74648896,0.00000000,0.19434721,0
1770000,0.06336571,0.14242949,-0.07918541,6.17076359,19.03916163,0.74200950,0
1771000,0.06675992,0.02819464,0.06140980,0.40304955,0.08311005,0.17435096,0
1772000,0.12763864,0.04809155,1.49477299,1.61737104,2.42511768,0.81316405,0
1773000,0.06068631,0.00345282,-0.00131522,-1.01394070,0.00000000,0.43546566,0
1774000,0.18208873,0.04825357,3.08151502,1.79083065,6.35140461,0.51151878,0
1775000,0.05575069,0.00831716,0.00000000,0.00000000,0.00000000,0.00000000,0
1776000,0.05338718,0.05973101,-0.18203132,2.21706011,2.45767777,0.14811710,0
1777000,0.04475933,0.01039213,-0.36029120,-0.55850344,0.00000000,0.67848475,0
1778000,0.09628097,0.00716069,0.00000000,0.00000000,0.00000000,0.00000000,0
1779000,0.07549568,0.00701977,0.12518681,-0.62469244,0.00783587,0.12254945,0
1780000,0.08159769,0.09240948,0.31418149,3.16300646,5.05165992,0.68933027,0
1781000,0.07418905,0.02342637,0.19350769,0.10899651,0.02466273,0.30198179,0
1782000,0.05580368,0.01739627,-0.16374549,-0.15738084,0.00000000,0.28731446,0
1783000,0.06186773,0.00239632,0.00000000,0.00000000,0.00000000,0.00000000,0
1784000,0.14233015,0.00684678,1.22100952,-0.66359494,0.74543212,0.09133576,0
1785000,0.06159703,0.00344610,-0.07262700,-0.83334189,0.00000000,0.27559894,0
1786000,0.09693444,0.00093573,0.00000000,0.00000000,0.00000000,0.00000000,0
1787000,0.10249352,0.01061436,0.50505761,-0.55641184,0.12754159,0.51274788,0
1788000,0.07166635,0.07857537,0.08906602,2.86340175,4.10350117,0.84683056,0
1789000,0.07682604,0.03340546,0.28444371,0.67478677,0.26812270,0.28278008,0
1790000,0.12030437,0.05939045,0.00000000,0.00000000,0.00000000,0.00000000,0
1791000,0.09347425,0.05582723,0.12633432,1.04049335,0.54929338,0.03660624,0
1792000,0.06586679,0.01390051,-0.15823677,-0.43690612,0.00000000,0.19925065,0
1793000,0.08162303,0.15422007,0.20628259,6.06845041,18.43432145,0.50234412,0
1794000,0.08592720,0.02582299,0.37283880,0.17455262,0.08473869,0.43238144,0
1795000,0.19246112,0.03852400,2.68211433,0.87605011,3.98060055,0.39508890,0
1796000,0.10188680,0.00761658,0.84769876,-0.72927030,0.35929659,0.38377892,0
1797000,0.09069882,0.05109737,0.64773277,1.67772581,1.61716081,0.37579279,0
1798000,0.05780596,0.08867764,-0.08842988,3.87466810,7.50652644,0.70358878,0
1799000,0.04462131,0.00357818,-0.39115474,-0.96679658,0.00000000,0.71976723,0
1800000,0.04196932,0.01947223,-0.46291723,-0.03463470,0.00000000,0.73436434,0
1801000,0.08036215,0.04596630,0.00000000,0.00000000,0.00000000,0.00000000,0
1802000,0.04512759,0.01297320,-0.56494456,-0.54723214,0.00000000,0.19668220,0
1803000,0.11461929,0.00740858,0.84707910,-0.78320787,0.35877150,0.19250617,0
1804000,0.13448225,0.05200819,1.45454551,1.79949122,2.67693565,0.63976771,0
1805000,0.06523425,0.04749325,0.04102096,1.64664849,1.35656699,0.58943451,0
1806000,0.14583872,0.06924263,0.00000000,0.00000000,0.00000000,0.00000000,0
1807000,0.20980555,0.09766456,2.04905397,2.22654614,4.57806495,0.21697858,0
1808000,0.06572995,0.03999063,-0.07305296,0.54718092,0.14970348,0.18039776,0
1809000,0.15259714,0.02009358,1.71868578,-0.15963821,1.47694040,0.17382538,0
1810000,0.03857603,0.02981664,-0.52720721,0.30805141,0.04744784,0.33476710,0
1811000,0.06486526,0.00441917,0.07141704,-0.84448941,0.00255020,0.48356535,0
1812000,0.10596111,0.00487382,1.05466641,-0.84257006,0.55616062,0.62832644,0
1813000,0.10465773,0.06011011,1.07686099,1.93913470,2.45993649,0.97836353,0
1814000,0.07154398,0.04295489,0.28890778,1.11910153,0.66792797,0.63346137,0
1815000,0.06151002,0.01072943,0.05585410,-0.55822831,0.00155984,0.60387907,0
1816000,0.09899385,0.02698855,1.06498458,0.32824302,0.62096782,0.90526839,0
1817000,0.05193098,0.02538645,0.00000000,0.00000000,0.00000000,0.00000000,0
1818000,0.06110009,0.08118048,-0.10582282,3.41125096,5.81831657,0.78235735,0
1819000,0.16563912,0.00704792,2.58619935,-0.77668438,3.34421355,0.38102575,0
1820000,0.05535357,0.05593516,0.00000000,0.00000000,0.00000000,0.00000000,0
1821000,0.04005004,0.07562939,-0.60182153,2.98701697,4.46113519,0.38802753,0
1822000,0.15538532,0.01467691,1.99854107,-0.32125951,1.99708320,0.56523896,0
1823000,0.23711249,0.03766576,4.21553577,1.18692845,9.58977048,0.68622358,0
1824000,0.04787123,0.03771571,0.00000000,0.00000000,0.00000000,0.00000000,0
1825000,0.08195206,0.04242253,0.26437699,1.06327479,0.60022423,0.25357418,0
1826000,0.14898974,0.03402984,1.83441700,0.74083988,1.95696472,0.46110748,0
1827000,0.16471045,0.03095092,2.36575327,0.62630543,2.99452352,0.60252117,0
1828000,0.08482797,0.02200613,0.56431235,0.13275177,0.16803573,0.98522407,0
1829000,0.13367221,0.01721614,0.00000000,0.00000000,0.00000000,0.00000000,0
1830000,0.07087649,0.07063150,-0.02501051,2.01649327,2.03312256,0.32892855,0
1831000,0.08145387,0.00243886,0.26659660,-0.96314510,0.03553687,0.17500757,0
1832000,0.05496304,0.03181840,-0.23197992,0.53569275,0.14348336,0.40096779,0
1833000,0.17084144,0.06343881,2.42540745,2.30279061,5.59272294,0.83653379,0
1834000,0.10509557,0.01618893,0.00000000,0.00000000,0.00000000,0.00000000,0
1835000,0.07709312,0.05972596,0.13248573,1.60839602,1.30224512,0.14084716,0
1836000,0.04386113,0.00912811,-0.46535433,-0.62807361,0.00000000,0.28692682,0
1837000,0.09979568,0.05238500,0.79556145,1.60535694,1.60504446,0.20624282,0
1838000,0.16972612,0.02561345,2.52066865,0.25975430,3.21062136,0.71456489,0
1839000,0.06825254,0.04246498,0.19363553,1.23361429,0.77964947,1.36395064,0
1840000,0.18040948,0.03869145,3.05526549,1.05286305,5.22158390,1.35408526,0
1841000,0.06472928,0.07479709,0.13048389,3.22958213,5.22361339,0.80002925,0
1842000,0.05958036,0.07988053,0.00000000,0.00000000,0.00000000,0.00000000,0
1843000,0.05453600,0.02558892,-0.23591162,0.25299656,0.03200363,0.18292736,0
1844000,0.05804208,0.09308928,-0.09681784,4.41695195,9.75473226,0.69233285,0
1845000,0.13717683,0.13820015,0.00000000,0.00000000,0.00000000,0.00000000,0
1846000,0.05546025,0.02056270,-0.18826183,-0.02763986,0.00000000,0.32322082,0
1847000,0.10091386,0.01193975,0.86925455,-0.50618909,0.37780174,0.62524451,0
1848000,0.34992948,0.00576217,0.00000000,0.00000000,0.00000000,0.00000000,0
1849000,0.06683283,0.00042322,-0.01487878,-0.99518491,0.00000000,0.42020896,0
1850000,0.06404202,0.06406073,-0.01901798,1.92001245,1.84322390,0.21871001,0
1851000,0.30003357,0.00839092,5.62708948,-0.68681672,15.83206802,1.04506985,0
1852000,0.08988756,0.00695512,0.70197259,-0.76531332,0.24638276,1.22314070,0
1853000,0.19687320,0.00166787,3.57062480,-1.05617144,6.37468072,0.74340502,0
1854000,0.04821364,0.00753552,-0.32359477,-0.74206869,0.00000000,0.88085367,0
1855000,0.16687979,0.00652410,0.00000000,0.00000000,0.00000000,0.00000000,0
1856000,0.28905788,0.01687705,4.96347598,-0.26875253,12.31804689,0.56446763,0
1857000,0.16183583,0.07655704,2.40134797,3.17164069,7.91288838,0.85776176,0
1858000,0.06316976,0.02502201,0.00317104,0.25396927,0.03225522,0.77464029,0
1859000,0.36502331,0.05759778,8.36777035,2.31401104,37.68711382,1.54074373,0
1860000,0.22518218,0.07142633,0.00000000,0.00000000,0.00000000,0.00000000,0
1861000,0.11089937,0.03518699,0.53116797,0.34006029,0.19889021,0.40637557,0
1862000,0.21830291,0.00915433,2.57089715,-0.66527824,3.30475607,0.23697870,0
1863000,0.06280597,0.06047833,-0.14251193,1.71441451,1.46960856,0.22332721,0
1864000,0.14652775,0.05028933,0.00000000,0.00000000,0.00000000,0.00000000,0
1865000,0.09188700,0.00665383,-0.26755400,-0.56795185,0.00000000,0.00432544,0
1866000,0.07693796,0.05450497,-0.27014132,0.36390033,0.06621172,0.00287747,0
1867000,0.17785026,0.02009343,0.62078558,-0.27652560,0.19268737,0.00045870,0
1868000,0.07272597,0.01501029,-0.21278107,-0.37340464,0.00000000,0.02503136,0
1869000,0.05750572,0.02721235,-0.34155591,-0.04695605,0.00000000,0.10067791,0
1870000,0.08869472,0.08141229,0.01325859,1.52481664,1.16262079,0.10934141,0
1871000,0.10989331,0.06885378,0.27798412,1.24808085,0.81749049,0.02373366,0
1872000,0.15878430,0.00074538,0.89404736,-0.79821828,0.39966034,0.03593031,0
1873000,0.12391938,0.04142124,0.52267380,0.50200935,0.26260064,0.16567192,0
1874000,0.06670678,0.07014417,-0.15944886,1.49437728,1.11658173,0.12594548,0
1875000,0.11995980,0.10883095,0.53287220,2.87105004,4.26344055,0.17354469,0
1876000,0.10151376,0.01623103,0.30990603,-0.31232426,0.04802087,0.04154421,0
1877000,0.08156245,0.01457113,0.05478090,-0.37366758,0.00150047,0.15934988,0
1878000,0.28174227,0.03600841,2.86870510,0.41548757,4.20104943,0.11796032,0
1879000,0.11347627,0.04512601,0.53479532,0.77311767,0.44185848,0.22055640,0
1880000,0.08508136,0.00255015,0.14163768,-0.83695617,0.01003062,0.06348066,0
1881000,0.10094589,0.02024290,0.39231715,-0.15383633,0.07695637,0.19678720,0
1882000,0.07826973,0.01785901,0.06465610,-0.24296663,0.00209021,0.35707526,0
1883000,0.06631325,0.02411564,0.00000000,0.00000000,0.00000000,0.00000000,0
1884000,0.10095204,0.04892747,0.30113039,0.65444679,0.25949006,0.03362408,0
1885000,0.11753072,0.05691571,0.70967202,1.08530927,0.84076529,0.15092146,0
1886000,0.06333807,0.00629836,-0.17080926,-0.70321316,0.00000000,0.27140694,0
1887000,0.06854880,0.02347313,-0.03156439,-0.02072120,0.00000000,0.66144224,0
1888000,0.05619228,0.01792705,-0.25503437,-0.23570974,0.00000000,0.57013688,0
1889000,0.09114324,0.06748927,0.50468329,1.98153534,2.09059377,0.28339493,0
1890000,0.08527949,0.10428787,0.00000000,0.00000000,0.00000000,0.00000000,0
1891000,0.06964283,0.04640456,-0.02811385,0.97886481,0.47908816,0.01623499,0
1892000,0.06348917,0.03210155,-0.02512920,0.54467111,0.14833331,0.30939484,0
1893000,0.08541748,0.00264572,0.00000000,0.00000000,0.00000000,0.00000000,0
1894000,0.07400408,0.02940960,0.00363890,0.27298114,0.03726597,0.00000000,0
1895000,0.05746273,0.00144242,-0.22305969,-1.09566986,0.00000000,0.25754485,0
1896000,0.06256466,0.04484055,-0.07058371,1.38447209,0.95838149,0.74272004,0
1897000,0.05879650,0.00420310,-0.11576837,-0.98131076,0.00000000,1.32519691,0
1898000,0.06377467,0.00031517,0.04313295,-1.22981603,0.00093023,1.65070323,0
1899000,0.14934763,0.06168419,0.00000000,0.00000000,0.00000000,0.00000000,0
1900000,0.08212718,0.05602662,0.36544698,2.24939821,2.59667190,0.83595679,0
1901000,0.14754219,0.03715072,2.02153753,1.21728348,2.78419654,0.62637356,0
1902000,0.11792574,0.00737833,1.48188084,-0.76189872,1.09798541,1.01016260,0
1903000,0.05650216,0.03217981,-0.04081166,1.02188003,0.52211940,1.33023240,0
1904000,0.07602321,0.04693924,0.00000000,0.00000000,0.00000000,0.00000000,0
1905000,0.06701385,0.02694708,-0.09340925,0.22755650,0.02589098,0.14196259,0
1906000,0.07104787,0.02297369,0.09035581,0.09148982,0.00826728,0.72211066,0
1907000,0.10302971,0.14489244,0.00000000,0.00000000,0.00000000,0.00000000,0
1908000,0.04896151,0.04705260,-0.46966390,0.69650178,0.24255737,0.14192201,0
1909000,0.06008748,0.02532740,-0.24003686,-0.02983419,0.00000000,0.48821065,0
1910000,0.09222177,0.06493957,0.41968212,1.80226978,1.71215472,0.32605526,0
1911000,0.06836799,0.04000752,-0.00677478,0.75765309,0.28701910,0.90443118,0
1912000,0.06080882,0.04882583,0.00000000,0.00000000,0.00000000,0.00000000,0
1913000,0.07974824,0.00503140,0.07149149,-0.65021234,0.00255552,0.53958319,0
1914000,0.08858995,0.11831068,0.30725709,3.02795910,4.63147162,0.44919955,0
1915000,0.14949186,0.04814753,1.69819532,0.82301110,1.78060731,0.49318116,0
1916000,0.10774878,0.01659124,0.88990420,-0.29233588,0.39596474,0.58052372,0
1917000,0.15712875,0.02736358,2.15174704,0.16477549,2.32858314,0.24608998,0
1918000,0.10441403,0.05054060,0.95486218,1.17726929,1.14886238,0.61303382,0
1919000,0.08622574,0.01441081,0.54602354,-0.35609644,0.14907085,0.22915593,0
1920000,0.13019748,0.02548349,1.72523386,0.14794119,1.49915923,1.15758537,0
1921000,0.10936108,0.00981524,0.00000000,0.00000000,0.00000000,0.00000000,0
1922000,0.11715292,0.00895528,0.33993442,-0.68275627,0.05777770,1.56199419,0
1923000,0.10902332,0.08610906,0.38702146,2.36329261,2.86746878,0.19330437,0
1924000,0.09719223,0.01259260,0.30688356,-0.51466158,0.04708876,0.22306872,0
1925000,0.06622654,0.04351714,0.00000000,0.00000000,0.00000000,0.00000000,0
1926000,0.08021645,0.02584214,-0.13880578,-0.07361565,0.00000000,0.15731137,0
1927000,0.04628768,0.03118682,-0.62794916,0.18900887,0.01786218,0.45303049,0
1928000,0.05568101,0.01792286,-0.43249689,-0.28531486,0.00000000,0.27758202,0
1929000,0.09934620,0.00834447,0.40119287,-0.68581134,0.08047786,0.62427477,0
1930000,0.06835892,0.03775938,-0.14741624,0.65089266,0.21183063,0.11537689,0
1931000,0.04965422,0.03613198,-0.50848116,0.61030479,0.18623597,0.39094325,0
1932000,0.06816052,0.11795463,-0.10574636,4.62582191,10.69911416,0.53570434,0
1933000,0.04783475,0.04418430,-0.52323460,1.09234659,0.59661054,0.35724751,0
1934000,0.14809228,0.03530088,1.71887521,0.67227628,1.70324370,0.38572179,0
1935000,0.11148438,0.03953782,0.94535223,0.91612063,0.86648392,0.45835946,0
1936000,0.11632126,0.01278148,1.09079368,-0.47783569,0.59491543,0.65579759,0
1937000,0.07869808,0.03170888,0.23067209,0.54069438,0.17278001,0.72355018,0
1938000,0.09045745,0.01119499,0.00000000,0.00000000,0.00000000,0.00000000,0
1939000,0.21462460,0.02140673,2.00479032,-0.15632728,2.00959211,0.33603679,0
1940000,0.16492838,0.00347317,1.49950125,-0.84793157,1.12425201,0.06257105,0
1941000,0.06551234,0.09361981,-0.14410818,3.05016383,4.65174970,0.40022347,0
1942000,0.07609209,0.01959168,0.00000000,0.00000000,0.00000000,0.00000000,0
1943000,0.05159578,0.01667714,-0.42813430,-0.34073109,0.00000000,0.22187830,0
1944000,0.08963721,0.05456227,0.38110082,1.42298148,1.08505706,0.69372629,0
1945000,0.05467754,0.01292177,-0.31646068,-0.48273025,0.00000000,0.48827166,0
1946000,0.09031451,0.02737395,0.56310328,0.28749431,0.19986914,0.69911639,0
1947000,0.04849024,0.05298451,-0.43661654,1.69172096,1.43095990,0.53354629,0
1948000,0.10273046,0.00134541,0.97360048,-1.11033578,0.47394895,1.62315284,0
1949000,0.08772055,0.00031475,0.00000000,0.00000000,0.00000000,0.00000000,0
1950000,0.07932230,0.00278603,0.17377909,-0.98890080,0.01509959,1.04334960,0
1951000,0.09143616,0.01903600,0.55178032,-0.11380184,0.15223076,0.76702014,0
1952000,0.05631889,0.02601924,-0.20098913,0.31624475,0.05000537,0.61387235,0
1953000,0.21736442,0.01625891,3.94974378,-0.23845697,7.80023795,0.56562896,0
1954000,0.06984055,0.06021393,0.00000000,0.00000000,0.00000000,0.00000000,0
1955000,0.05974219,0.07258639,-0.25535205,2.22655733,2.47877878,0.94524669,0
1956000,0.11219604,0.04689430,0.89470613,1.20778393,1.12962055,0.37641079,0
1957000,0.06885170,0.00113293,0.02175611,-1.10247189,0.00023666,0.71587357,0
1958000,0.11687796,0.00173129,0.00000000,0.00000000,0.00000000,0.00000000,0
1959000,0.07018153,0.05202534,0.04399024,1.69357371,1.43506353,0.59238530,0
1960000,0.13055931,0.09622269,1.50514223,4.47531505,11.14694896,1.12478307,0
1961000,0.07955971,0.05853442,0.00000000,0.00000000,0.00000000,0.00000000,0
1962000,0.09572625,0.06133820,-0.01060609,0.82657214,0.34161075,0.05992211,0
1963000,0.06375012,0.05493545,-0.31598722,0.91736754,0.42078160,0.09823404,0
1964000,0.08576793,0.01846737,0.10535699,-0.27312580,0.00555005,0.19497763,0
1965000,0.16190065,0.02777941,0.00000000,0.00000000,0.00000000,0.00000000,0
1966000,0.07898309,0.05097746,0.00000000,0.00000000,0.00000000,0.00000000,0
1967000,0.05512122,0.01614469,-0.46852134,-0.45087634,0.00000000,0.35442237,0
1968000,0.07560642,0.00534327,-0.04482539,-0.93884953,0.00000000,0.50816028,0
1969000,0.12178639,0.06777611,0.91005933,2.31606292,3.09617772,0.16875700,0
1970000,0.15379281,0.03197518,1.69027190,0.49075428,1.54892942,0.37480897,0
1971000,0.12007716,0.00748329,1.08140180,-0.83047086,0.58471492,0.17849149,0
1972000,0.05808415,0.02096240,-0.25899556,-0.04936203,0.00000000,0.60276313,0
1973000,0.04550834,0.03923226,-0.54807955,1.04305713,0.54398409,0.80568500,0
1974000,0.07676936,0.03814335,0.00000000,0.00000000,0.00000000,0.00000000,0
1975000,0.13231584,0.00704072,1.29077736,-0.61920217,0.83305310,0.22529406,0
1976000,0.03730950,0.00648643,-0.68201751,-0.66787535,0.00000000,0.49649744,0
1977000,0.05582253,0.00113301,-0.21269948,-0.91891105,0.00000000,1.09321910,0
1978000,0.27491009,0.01604453,5.47621211,-0.26446339,14.99444952,0.49859996,0
1979000,0.06541194,0.04040560,0.09315176,0.92101861,0.42847626,0.89702163,0
1980000,0.05698980,0.04901120,0.00000000,0.00000000,0.00000000,0.00000000,0
1981000,0.11573093,0.01286392,0.93357336,-0.45307790,0.43577961,0.16823921,0
1982000,0.07345735,0.09019163,0.15431794,2.73808172,3.76045277,0.55858595,0
1983000,0.07202268,0.01323969,0.17220631,-0.41400438,0.01482751,0.40208794,0
1984000,0.07024412,0.02396469,0.00000000,0.00000000,0.00000000,0.00000000,0
1985000,0.28685081,0.03742229,3.88100647,0.55356138,7.68432073,0.59875415,0
1986000,0.04977985,0.01202271,-0.34175312,-0.44646721,0.00000000,0.39624371,0
1987000,0.14593703,0.02175622,1.74430523,-0.01799051,1.52130037,0.50903628,0
1988000,0.06328306,0.00076111,0.00000000,0.00000000,0.00000000,0.00000000,0
1989000,0.13782080,0.01332099,0.59884528,-0.39548345,0.17930784,0.04534095,0
1990000,0.06098121,0.03677466,-0.31406288,0.45454454,0.10330537,0.16218285,0
1991000,0.06011049,0.00724046,-0.29147188,-0.61584937,0.00000000,0.27827951,0
1992000,0.10906004,0.00049646,0.62766140,-0.91330008,0.19697941,0.20490659,0
1993000,0.16928521,0.03904736,1.82709143,0.76019939,1.95808310,0.66150045,0
1994000,0.11348683,0.12901701,0.80838479,4.94557556,12.55610177,1.97399310,0
1995000,0.06510148,0.01531452,-0.13498607,-0.30172996,0.00000000,0.50477140,0
1996000,0.10046332,0.00047294,0.61857665,-1.03044194,0.19131854,0.59849082,0
1997000,0.10908157,0.05014911,0.83819267,1.45346802,1.40756812,0.69407768,0
1998000,0.07091655,0.09288006,0.03294443,3.71380693,6.89672362,0.53106867,0
1999000,0.06668728,0.01808392,0.00000000,0.00000000,0.00000000,0.00000000,0
2000000,0.08049925,0.01565917,0.00421143,-0.40021996,0.00000887,0.45105083,0
2001000,0.08672534,0.05065632,0.22957613,1.41788653,1.03155371,0.62989038,0
2002000,0.10858922,0.06777763,0.78523559,2.47390912,3.36841064,0.45523820,0
2003000,0.05265645,0.00406796,-0.38536137,-0.97988085,0.00000000,0.87972145,0
2004000,0.12726504,0.02508275,0.00000000,0.00000000,0.00000000,0.00000000,0
2005000,0.05751373,0.06247025,-0.37717135,2.01843419,2.03703828,0.27305109,0
2006000,0.22424246,0.00751040,3.11957792,-0.77460228,4.86588319,0.59673610,0
2007000,0.08504384,0.06970466,0.32259568,2.94964589,4.40223941,0.84072613,0
2008000,0.04776739,0.04232872,-0.51256206,1.39259337,0.96965815,1.15344447,0
2009000,0.05727078,0.03706177,-0.26967001,1.11533489,0.62198595,0.96124540,0
2010000,0.11102247,0.07124206,0.00000000,0.00000000,0.00000000,0.00000000,0
2011000,0.07572556,0.06145832,-0.02874205,1.44268764,1.04067382,0.65639838,0
2012000,0.08889844,0.03960005,0.27709380,0.69338725,0.27878343,0.36128110,0
2013000,0.08996095,0.02480361,0.00000000,0.00000000,0.00000000,0.00000000,0
2014000,0.06832337,0.00921546,-0.17169317,-0.57924550,0.00000000,0.24834351,0
2015000,0.07752361,0.03716544,0.07218436,0.58901869,0.17607680,0.34325368,0
2016000,0.08127568,0.03047496,0.21400208,0.36664913,0.09011424,0.45623892,0
2017000,0.15542568,0.04130936,1.93899099,0.91947868,2.30256354,0.91449533,0
2018000,0.07424738,0.02222984,0.00000000,0.00000000,0.00000000,0.00000000,0
2019000,0.11524753,0.02751962,0.63194851,0.19865522,0.21941141,0.21096125,0
2020000,0.07630102,0.01177690,0.01551960,-0.52960397,0.00012043,0.45536529,0
2021000,0.05624485,0.02407441,-0.39412462,0.13220035,0.00873847,0.57766496,0
2022000,0.05816956,0.04717755,-0.32621750,1.48085122,1.09646017,0.79018531,0
2023000,0.05349367,0.02348207,-0.41072608,0.14441099,0.01042727,0.71062489,0
2024000,0.07971319,0.02908066,0.24700352,0.50763011,0.15934953,0.70007562,0
2025000,0.07200044,0.03099571,0.00000000,0.00000000,0.00000000,0.00000000,0
2026000,0.09296454,0.04761614,0.10104621,0.91726482,0.42579254,0.27419729,0
2027000,0.05774375,0.08013424,-0.43395931,2.55534684,3.26489872,0.18918157,0
2028000,0.06070422,0.03259767,-0.34789465,0.43611268,0.09509713,0.71618866,0
2029000,0.06046221,0.01900321,-0.31263640,-0.20789599,0.00000000,0.67205683,0
2030000,0.31575221,0.00220081,5.12179266,-1.08241286,13.11638004,0.70093007,0
2031000,0.06609713,0.00770040,0.00000000,0.00000000,0.00000000,0.00000000,0
2032000,0.08753302,0.10705398,0.10003295,2.31805885,2.69170172,0.11078625,0
2033000,0.12633166,0.01087314,0.89947957,-0.52870840,0.40453175,0.22856995,0
2034000,0.16477643,0.00944088,1.82751334,-0.57733921,1.66990250,0.46881494,0
2035000,0.09363228,0.00748751,0.49144573,-0.65466829,0.12075945,0.19992462,0
2036000,0.07280335,0.00118046,0.09620474,-0.93724824,0.00462768,0.30545452,0
2037000,0.06051905,0.04786667,-0.15501002,1.16764442,0.68169675,0.34224215,0
2038000,0.15140626,0.04586056,2.04941926,1.13230974,2.74112232,1.54099560,0
2039000,0.10303088,0.09418527,0.00000000,0.00000000,0.00000000,0.00000000,0
2040000,0.05858359,0.00735256,-0.41681655,-0.55650551,0.00000000,0.04137074,0
2041000,0.10312395,0.00874604,0.23915815,-0.51929142,0.02859831,0.17398371,0
2042000,0.05582653,0.01826137,-0.37730878,-0.24667995,0.00000000,0.02035660,0
2043000,0.10383646,0.04296397,0.41552049,0.52509857,0.22419289,0.19390196,0
2044000,0.30350879,0.00368261,3.89013673,-0.69233293,7.56658189,0.23233221,0
2045000,0.08490343,0.03164721,0.17797578,0.24360849,0.04551024,0.23810272,0
2046000,0.24940152,0.00417049,3.27660114,-0.70444437,5.36805753,0.22245964,0
2047000,0.04518811,0.03895096,-0.53220494,0.57315989,0.16425613,0.10085825,0
2048000,0.16775648,0.00997850,1.91782266,-0.50315521,1.83902187,0.27498647,0
2049000,0.05731583,0.02245458,-0.26725227,-0.00914381,0.00000000,0.19680967,0
2050000,0.07449710,0.05536427,0.09806473,1.33545749,0.89653170,0.46835739,0
2051000,0.18656649,0.10130308,0.00000000,0.00000000,0.00000000,0.00000000,0
2052000,0.11806174,0.11891682,-0.22507867,1.39862325,0.97807350,0.01105336,0
2053000,0.09117034,0.02353442,-0.28422240,-0.26878248,0.00000000,0.02962835,0
2054000,0.09040277,0.00287124,-0.19822172,-0.71278003,0.00000000,0.03446517,0
2055000,0.07289628,0.04891076,-0.31944559,0.47705326,0.11378991,0.06309188,0
2056000,0.09615790,0.00938954,0.00946526,-0.53953743,0.00004480,0.10654673,0
2057000,0.06007879,0.00701760,0.00000000,0.00000000,0.00000000,0.00000000,0
2058000,0.10050720,0.00818600,0.17233422,-0.57452523,0.01484954,0.02670983,0
2059000,0.06228170,0.01521605,-0.24839610,-0.32647723,0.00000000,0.09529283,0
2060000,0.08702784,0.03995306,0.16960130,0.66603333,0.23618250,0.14540607,0
2061000,0.13309564,0.00740613,0.99322158,-0.63177350,0.49324455,0.26433106,0
2062000,0.06997478,0.02625446,0.00000000,0.00000000,0.00000000,0.00000000,0
2063000,0.08369385,0.00362365,0.15296409,-0.94797943,0.01169901,0.48070802,0
2064000,0.12054891,0.00251844,1.08343517,-1.01419226,0.58691589,0.27704704,0
2065000,0.08121387,0.03300104,0.27116099,0.54352544,0.18447409,1.33156477,0
2066000,0.26154417,0.05490568,0.00000000,0.00000000,0.00000000,0.00000000,0
2067000,0.11318421,0.00564112,0.76018439,-0.84777249,0.28894016,0.44799554,0
2068000,0.06467113,0.02976386,0.00000000,0.00000000,0.00000000,0.00000000,0
2069000,0.21074420,0.00262426,2.07924970,-0.81615295,2.16163966,0.20493338,0
2070000,0.15036032,0.06670469,0.00000000,0.00000000,0.00000000,0.00000000,0
2071000,0.11036362,0.04892100,0.05152654,0.49003974,0.12139697,0.02856425,0
2072000,0.08427017,0.05432095,-0.19620659,0.88711136,0.39348328,0.34714364,0
2073000,0.07351636,0.04312916,-0.33783481,0.57795447,0.16701569,0.35277185,0
2074000,0.06627590,0.03250743,0.00000000,0.00000000,0.00000000,0.00000000,0
2075000,0.11079191,0.02495564,0.26119281,-0.04216188,0.03411084,0.55698010,0
2076000,0.10437329,0.10674471,0.00000000,0.00000000,0.00000000,0.00000000,0
2077000,0.08741127,0.06034224,-0.19040414,0.63503832,0.20163683,0.53642018,0
2078000,0.09096523,0.08508138,-0.10903407,1.50614070,1.13422991,0.97108049,0
2079000,0.06652247,0.00950661,0.00000000,0.00000000,0.00000000,0.00000000,0
2080000,0.08431030,0.01584833,-0.21523300,-0.55105052,0.00000000,0.00887107,0
2081000,0.08760380,0.00639804,-0.04428289,-0.89653441,0.00000000,0.15190459,0
2082000,0.10075832,0.07358109,0.23978613,2.04684081,2.12352734,0.79221535,0
2083000,0.08974153,0.00140675,0.10548498,-1.13796116,0.00556354,0.40795854,0
2084000,0.15852363,0.07329137,0.00000000,0.00000000,0.00000000,0.00000000,0
2085000,0.10040123,0.07901984,0.04903958,1.41226159,0.99844384,0.08086216,0
2086000,0.13536137,0.04078794,0.67713386,0.41357980,0.31477926,0.07004124,0
2087000,0.05645984,0.02577298,-0.46717698,-0.05653990,0.00000000,0.36489188,0
2088000,0.06751615,0.01292358,-0.24147394,-0.52225800,0.00000000,0.17088089,0
2089000,0.20714007,0.15549739,0.00000000,0.00000000,0.00000000,0.00000000,0
2090000,0.14732389,0.03800046,0.96858710,0.36348922,0.53514270,0.11743838,0
2091000,0.06367864,0.07994756,-0.29549484,2.24957405,2.53029169,0.09382521,0
2092000,0.04941611,0.05866769,-0.54395320,1.54483906,1.19326385,0.31047720,0
2093000,0.08122703,0.00171629,0.15018132,-1.03031724,0.01127721,0.34572838,0
2094000,0.09449713,0.05361459,0.49998739,1.52721657,1.29118892,0.24172573,0
2095000,0.10200462,0.06881621,0.72851834,2.37262473,3.08004353,1.33417274,0
2096000,0.05571853,0.06891854,-0.33977784,2.46134107,3.02909994,0.42183154,0
2097000,0.09261197,0.02169868,0.00000000,0.00000000,0.00000000,0.00000000,0
2098000,0.07361916,0.06039997,0.00000000,0.00000000,0.00000000,0.00000000,0
2099000,0.27222371,0.05483614,2.47478771,0.88513450,3.45401865,0.04547725,0
2100000,0.02873313,0.05353967,0.00000000,0.00000000,0.00000000,0.00000000,0
2101000,0.05968979,0.01440084,-0.28472111,-0.38887334,0.00000000,0.22674232,0
2102000,0.07633295,0.10438825,0.00000000,0.00000000,0.00000000,0.00000000,0
2103000,0.05131198,0.02443184,-0.47791506,-0.11430331,0.00000000,0.10441449,0
2104000,0.06628492,0.02336458,-0.21305222,-0.09162481,0.00000000,0.09258550,0
2105000,0.10296050,0.01959576,0.47999215,-0.19685455,0.11519623,0.21882002,0
2106000,0.08228671,0.05425640,0.14586053,1.11124500,0.62807037,0.58733948,0
2107000,0.06248547,0.03560260,-0.22169830,0.46724525,0.10915906,0.58015322,0
2108000,0.03659755,0.02663407,0.00000000,0.00000000,0.00000000,0.00000000,0
2109000,0.04657116,0.02740461,0.00000000,0.00000000,0.00000000,0.00000000,0
2110000,0.06680922,0.03468560,-0.25163506,0.43734943,0.09563726,0.25872950,0
2111000,0.12897748,0.07055315,1.03518822,2.26928176,3.11062718,0.27868622,0
2112000,0.19473262,0.02237806,0.00000000,0.00000000,0.00000000,0.00000000,0
2113000,0.09212177,0.08738374,-0.27820807,0.52060419,0.13551436,0.00112149,0
2114000,0.06725828,0.02553128,-0.35721812,-0.24413653,0.00000000,0.00002041,0
2115000,0.03283799,0.02164253,-0.57292277,-0.26270240,0.00000000,0.00141305,0
2116000,0.06659976,0.08102266,-0.28766770,0.97471648,0.47503611,0.03111886,0
2117000,0.03538391,0.01914106,-0.54288686,-0.26153381,0.00000000,0.04321329,0
2118000,0.06147296,0.02613036,-0.31072881,-0.10490316,0.00000000,0.09100652,0
2119000,0.04943563,0.00332114,-0.41441707,-0.63854612,0.00000000,0.04142863,0
2120000,0.02668723,0.02867373,-0.65045165,0.00253284,0.00000321,0.01294843,0
2121000,0.04254846,0.00140332,-0.48133909,-0.70435288,0.00000000,0.04587285,0
2122000,0.05060058,0.04566571,-0.38852177,0.50669960,0.12837224,0.00817345,0
2123000,0.04161160,0.01382779,-0.48993222,-0.36935451,0.00000000,0.04145683,0
2124000,0.05954487,0.00615811,-0.27473465,-0.59370687,0.00000000,0.02537173,0
2125000,0.16482969,0.06769340,0.00000000,0.00000000,0.00000000,0.00000000,0
2126000,0.09090059,0.03749532,0.03380858,0.30243366,0.04630457,0.03503568,0
2127000,0.06279745,0.05164903,-0.25367755,1.03823623,0.53896723,0.13812585,0
2128000,0.07485075,0.02926734,0.00733241,0.26065917,0.03399848,0.11237291,0
2129000,0.13176103,0.06695557,1.12927579,2.05868172,2.75671712,0.14624499,0
2130000,0.06397151,0.01436859,-0.10722187,-0.35725296,0.00000000,0.20536412,0
2131000,0.06819709,0.00886600,0.00051937,-0.62765417,0.00000013,0.53503321,0
2132000,0.10314636,0.03816972,0.78366860,0.90117255,0.71312422,0.14433938,0
2133000,0.06360464,0.04590660,-0.05798024,1.35579032,0.91908370,1.26603401,0
2134000,0.05877187,0.00938828,0.00000000,0.00000000,0.00000000,0.00000000,0
2135000,0.08452457,0.00502115,0.21890967,-0.60153750,0.02396072,0.08336462,0
2136000,0.04326295,0.01146714,-0.48410472,-0.39317584,0.00000000,0.21607111,0
2137000,0.08584575,0.07703241,0.00000000,0.00000000,0.00000000,0.00000000,0
2138000,0.12234554,0.03487566,1.40636948,0.79106664,1.30183076,0.38890814,0
2139000,0.17307363,0.07615766,0.00000000,0.00000000,0.00000000,0.00000000,0
2140000,0.04768968,0.05196650,-0.26246477,1.22105699,0.74549009,0.10508440,0
2141000,0.04452595,0.00205877,-0.35011953,-0.81670137,0.00000000,0.27215794,0
2142000,0.10307872,0.06131130,0.00000000,0.00000000,0.00000000,0.00000000,0
2143000,0.06711545,0.06439722,-0.32354466,0.42092839,0.08859035,0.00000000,0
2144000,0.11008314,0.02082367,0.24451576,-0.25851892,0.02989398,0.37455592,0
2145000,0.08614301,0.06039037,0.00113365,0.71509197,0.25567891,0.21143144,0
2146000,0.09321206,0.03419937,0.15289795,0.14199143,0.02176968,0.25562129,0
2147000,0.04648079,0.04859094,-0.51400247,0.60109368,0.18065681,0.23311373,0
2148000,0.06641558,0.02022503,-0.19097653,-0.19808268,0.00000000,0.16107510,0
2149000,0.05782039,0.03753833,-0.32421865,0.36612602,0.06702413,0.44142919,0
2150000,0.06601717,0.09539734,-0.17940374,2.32028257,2.69185561,0.34479413,0
2151000,0.06548086,0.00794134,0.00000000,0.00000000,0.00000000,0.00000000,0
2152000,0.06202764,0.04539028,-0.18554928,0.89046553,0.39646443,0.23132010,0
2153000,0.11151935,0.05646097,0.00000000,0.00000000,0.00000000,0.00000000,0
2154000,0.05308126,0.04078552,-0.32189436,0.83027653,0.34467955,0.55731829,0
2155000,0.05775283,0.01391536,-0.17346812,-0.36605608,0.00000000,0.23098228,0
2156000,0.05202930,0.04272826,-0.25177937,1.22619513,0.75177725,0.39869383,0
2157000,0.04181215,0.05149937,-0.48477652,1.80930674,1.63679543,1.38243457,0
2158000,0.07378215,0.01274362,0.00000000,0.00000000,0.00000000,0.00000000,0
2159000,0.13339148,0.00893356,1.20615777,-0.52327730,0.72740828,0.03652318,0
2160000,0.15236337,0.05284389,1.84671066,1.31782073,2.57349588,0.12804830,0
2161000,0.16405466,0.00778199,2.33520855,-0.56292786,2.72659949,0.12233985,0
2162000,0.12952496,0.01635949,1.67997690,-0.16699587,1.41116119,0.20927395,0
2163000,0.07982618,0.01056838,0.52671646,-0.45491266,0.13871511,1.11140319,0
2164000,0.08100369,0.00775656,0.00000000,0.00000000,0.00000000,0.00000000,0
2165000,0.11946832,0.08916977,1.24063173,3.82411903,8.08152672,0.44514238,0
2166000,0.10340824,0.03870508,1.04517531,1.17849138,1.24061668,0.47592398,0
2167000,0.08974491,0.02137838,0.82362794,0.18599539,0.35647863,0.58563312,0
2168000,0.19572844,0.07432257,0.00000000,0.00000000,0.00000000,0.00000000,0
2169000,0.10348456,0.03048059,0.58094067,0.25680792,0.20172119,0.05645558,0
2170000,0.08621275,0.04900938,0.40115868,1.07950290,0.66312740,0.93310242,0
2171000,0.05915570,0.02861418,-0.08527901,0.32961874,0.05432426,0.61273886,0
2172000,0.11201072,0.00578311,1.12252427,-0.67501102,0.63003037,0.25711109,0
2173000,0.12440623,0.03457305,1.49448814,0.68072327,1.34843948,0.70377339,0
2174000,0.14132701,0.02018279,1.98625588,0.00975163,1.97265376,0.70720334,0
2175000,0.05766017,0.01598595,-0.04857333,-0.19334306,0.00000000,1.60740005,0
2176000,0.16429849,0.15394709,0.00000000,0.00000000,0.00000000,0.00000000,0
2177000,0.07261416,0.00597633,0.05955265,-0.79337248,0.00177326,0.44066862,0
2178000,0.07733407,0.05320726,0.25064743,1.64298158,1.38110630,0.39148610,0
2179000,0.03713096,0.04397731,-0.56513959,1.32249192,0.87449244,0.27676564,0
2180000,0.08176133,0.03370938,0.00000000,0.00000000,0.00000000,0.00000000,0
2181000,0.12640248,0.01588206,0.79760276,-0.25296143,0.31808508,0.00628304,0
2182000,0.06107699,0.02358328,-0.12466025,0.01969483,0.00019394,0.08910562,0
2183000,0.10399529,0.08748975,0.68815576,2.44835693,3.23400501,0.41666822,0
2184000,0.20464446,0.06980031,0.00000000,0.00000000,0.00000000,0.00000000,0
2185000,0.07125950,0.06662036,-0.34274158,0.32029704,0.05129510,0.00125084,0
2186000,0.07252945,0.03484067,-0.20043751,0.01637386,0.00013405,0.00743422,0
2187000,0.11606537,0.06702291,0.35172951,0.76358887,0.35339081,0.02291556,0
2188000,0.05285449,0.03513263,-0.30311426,0.16677919,0.01390765,0.04458976,0
2189000,0.08228343,0.02297509,0.09234616,-0.08123220,0.00426391,0.13956299,0
2190000,0.10028731,0.00820136,0.36217853,-0.45792123,0.06558664,0.02978250,0
2191000,0.04390294,0.00338030,-0.38921707,-0.59511249,0.00000000,0.06293561,0
2192000,0.04891327,0.01846159,-0.30511377,-0.16863965,0.00000000,0.02024843,0
2193000,0.04473873,0.00774555,-0.36125497,-0.48211892,0.00000000,0.16030946,0
2194000,0.05415799,0.05670144,-0.21280328,1.03857334,0.53931729,0.10427426,0
2195000,0.11504158,0.02728408,0.79799939,0.13088408,0.32696683,0.14639733,0
2196000,0.04785720,0.02031998,-0.30842833,-0.08422072,0.00000000,0.14301107,0
2197000,0.13008927,0.06931160,1.13265810,1.60118678,1.92335673,0.05492449,0
2198000,0.07939605,0.05322060,0.26941600,1.08631905,0.62633703,0.02907108,0
2199000,0.23850036,0.07599305,0.00000000,0.00000000,0.00000000,0.00000000,0
2200000,0.12857965,0.00406692,1.26413718,-0.85824130,0.79902140,0.07956609,0
2201000,0.06918802,0.04085800,0.00000000,0.00000000,0.00000000,0.00000000,0
2202000,0.07670734,0.01514084,-0.00236425,-0.31683389,0.00000000,0.13114960,0
2203000,0.04798214,0.01296889,-0.40447835,-0.40489361,0.00000000,0.35434435,0
2204000,0.07164861,0.06313542,0.00000000,0.00000000,0.00000000,0.00000000,0
2205000,0.11444549,0.09292121,1.05673016,3.87279192,8.05759796,0.32991125,0
2206000,0.05603667,0.03750434,-0.15625577,1.03184398,0.53235100,0.59797196,0
2207000,0.07445397,0.01949924,0.35791361,0.03887034,0.06480653,0.38477118,0
2208000,0.13465242,0.06824737,0.00000000,0.00000000,0.00000000,0.00000000,0
2209000,0.08148489,0.00046339,-0.02380785,-0.81421450,0.00000000,0.03100805,0
2210000,0.07935881,0.08025387,0.05953554,1.93660515,1.87699199,0.14621034,0
2211000,0.04576230,0.03336726,-0.40143405,0.40755452,0.08305034,0.13768507,0
2212000,0.04451240,0.02117377,-0.40720484,-0.02473294,0.00000000,0.14528275,0
2213000,0.12539832,0.00537314,1.13144836,-0.69834050,0.64008770,0.07931972,0
2214000,0.13530357,0.04413738,1.42501103,1.10254408,1.62312994,0.09336011,0
2215000,0.09646478,0.02505593,0.69949896,0.22476891,0.26990993,0.24957977,0
2216000,0.10320836,0.09849638,0.00000000,0.00000000,0.00000000,0.00000000,0
2217000,0.10795914,0.02493947,0.55981261,0.04018301,0.15750242,0.41388775,0
2218000,0.10153446,0.04292954,0.00000000,0.00000000,0.00000000,0.00000000,0
2219000,0.08880776,0.01564773,0.12510314,-0.38572364,0.00782540,0.22875770,0
2220000,0.32646126,0.03242483,4.59107816,0.44736544,10.63906724,0.46754238,0
2221000,0.13545381,0.02569227,1.26802659,0.18618944,0.82127897,0.47334417,0
2222000,0.08863514,0.03870393,0.41885002,0.94896728,0.53798712,0.07065560,0
2223000,0.07235128,0.00249212,0.11967152,-1.02766810,0.00716064,0.28534603,0
2224000,0.07924408,0.01082201,0.32135280,-0.55063975,0.05163381,0.29423725,0
2225000,0.11592326,0.08809365,0.00000000,0.00000000,0.00000000,0.00000000,0
2226000,0.07577496,0.00583699,0.39666343,-0.77174049,0.07867094,0.75072593,0
2227000,0.11658634,0.04031377,1.62934304,1.34042055,2.22574299,0.81680570,0
2228000,0.07116622,0.00405687,0.45799195,-0.89974942,0.10487831,1.17970190,0
2229000,0.20723635,0.03094218,0.00000000,0.00000000,0.00000000,0.00000000,0
2230000,0.04875414,0.07901595,-0.17881456,3.85335166,7.42415950,0.29318235,0
2231000,0.07958055,0.00184733,0.72042837,-1.07538182,0.25950852,0.96358110,0
2232000,0.05062986,0.03186825,0.00000000,0.00000000,0.00000000,0.00000000,0
2233000,0.11905421,0.04275489,1.68149946,1.57405821,2.65254983,0.34984656,0
2234000,0.07480651,0.08650658,0.00000000,0.00000000,0.00000000,0.00000000,0
2235000,0.16563722,0.04753047,1.92833555,1.58054285,3.10829685,0.46251601,0
2236000,0.09614558,0.01263280,0.79300297,-0.35588956,0.31442686,0.47175980,0
2237000,0.10822321,0.02609984,0.00000000,0.00000000,0.00000000,0.00000000,0
2238000,0.06458134,0.02907294,0.16052847,0.54505806,0.16142884,0.25862731,0
2239000,0.05496289,0.01069677,0.01858868,-0.46062821,0.00017277,0.30979577,0
2240000,0.06771701,0.02765534,0.00000000,0.00000000,0.00000000,0.00000000,0
2241000,0.06058427,0.03469599,0.09686635,0.96514896,0.47044780,0.39377360,0
2242000,0.07441537,0.04506882,0.55404429,1.76380866,1.70899303,0.53166718,0
2243000,0.11789217,0.05279984,0.00000000,0.00000000,0.00000000,0.00000000,0
2244000,0.06948400,0.04563124,0.17584958,1.53706731,1.19674950,0.27735103,0
2245000,0.07240736,0.00502713,0.37431198,-0.76991219,0.07005473,1.17825984,0
2246000,0.07400710,0.02761683,0.00000000,0.00000000,0.00000000,0.00000000,0
2247000,0.05266329,0.05725701,0.00000000,0.00000000,0.00000000,0.00000000,0
2248000,0.05533437,0.02885690,-0.08227949,0.35365749,0.06253681,0.00152832,0
2249000,0.05658627,0.01044936,-0.00066562,-0.35238091,0.00000000,0.05009009,0
2250000,0.06273277,0.00328107,0.15135292,-0.70215703,0.01145385,0.09148526,0
2251000,0.07382812,0.03660199,0.42198697,0.97613510,0.56545637,0.25077802,0
2252000,0.08673475,0.01955500,0.74786067,0.10723430,0.28539739,0.19365880,0
2253000,0.28342813,0.00820462,5.56902520,-0.51502048,15.50702083,0.48092099,0
2254000,0.07285111,0.05552908,0.00000000,0.00000000,0.00000000,0.00000000,0
2255000,0.06362773,0.04422249,-0.11588533,0.83320739,0.34711728,0.39031411,0
2256000,0.07108361,0.08865811,0.10004625,2.98122886,4.44886738,0.28870567,0
2257000,0.07619008,0.08411010,0.00000000,0.00000000,0.00000000,0.00000000,0
2258000,0.06605039,0.00983972,0.06889995,-0.49454221,0.00237360,0.08732644,0
2259000,0.08728515,0.04005815,0.64501125,1.22662973,0.96033001,0.47135681,0
2260000,0.05930194,0.03778896,0.00000000,0.00000000,0.00000000,0.00000000,0
2261000,0.11260333,0.00788901,0.98809780,-0.65086684,0.48816863,0.17718370,0
2262000,0.15417308,0.05278925,0.00000000,0.00000000,0.00000000,0.00000000,0
2263000,0.13556220,0.03527788,1.69129203,0.88794967,1.82446168,0.69302414,0
2264000,0.14447685,0.01372751,2.19906949,-0.25189249,2.41795330,0.20907650,0
2265000,0.06631552,0.04308121,0.00000000,0.00000000,0.00000000,0.00000000,0
2266000,0.06523254,0.02542384,0.20273319,0.40203837,0.10136780,0.23390255,0
2267000,0.09127700,0.04248072,0.95944842,1.54148924,1.64836518,0.81181623,0
2268000,0.06976526,0.02213210,0.44710786,0.32633073,0.15319859,0.52030176,0
2269000,0.08254910,0.04272897,0.00000000,0.00000000,0.00000000,0.00000000,0
2270000,0.08464506,0.02644256,0.38984534,0.23942203,0.10465115,0.22239411,0
2271000,0.06373964,0.01587593,0.02319695,-0.24261666,0.00026905,0.94880353,0
2272000,0.23848283,0.26877546,0.00000000,0.00000000,0.00000000,0.00000000,0
2273000,0.09589334,0.02224736,-0.12454480,-0.24582577,0.00000000,0.00000000,0
2274000,0.06867146,0.01402082,-0.18531817,-0.30702923,0.00000000,0.00024917,0
2275000,0.08548152,0.04827956,-0.00133620,0.38798508,0.07526621,0.00682019,0
2276000,0.06570932,0.01622444,-0.14387180,-0.23411291,0.00000000,0.03603635,0
2277000,0.05344610,0.00165446,-0.24407344,-0.57353996,0.00000000,0.01987538,0
2278000,0.04823121,0.00171239,-0.30015591,-0.59794753,0.00000000,0.05507475,0
2279000,0.13787736,0.03695609,0.77829121,0.34802230,0.36342837,0.24289128,0
2280000,0.06360823,0.02354110,-0.10965591,-0.01373115,0.00000000,0.06356262,0
2281000,0.10603411,0.05834278,0.45417160,1.03764414,0.64148860,0.03399746,0
2282000,0.06081658,0.02407991,-0.12671318,0.02798584,0.00039160,0.17029098,0
2283000,0.09680159,0.07554405,0.37654078,1.68084223,1.48350677,0.09179142,0
2284000,0.05476203,0.00743979,-0.21348079,-0.50792323,0.00000000,0.22252154,0
2285000,0.04281011,0.02894110,-0.38213441,0.21855333,0.02388278,0.13330899,0
2286000,0.14003034,0.01054923,1.10578205,-0.41023290,0.61137697,0.17817456,0
2287000,0.10505802,0.01142603,0.59131430,-0.38118021,0.17482630,0.07833160,0
2288000,0.06223568,0.04315409,-0.07918193,0.76631328,0.29361802,0.61195293,0
2289000,0.07307834,0.02162665,0.00000000,0.00000000,0.00000000,0.00000000,0
2290000,0.08086388,0.04821627,-0.19988997,0.36945650,0.06824905,0.44632142,0
2291000,0.09102629,0.02586202,0.00000000,0.00000000,0.00000000,0.00000000,0
2292000,0.11442806,0.02658327,0.00000000,0.00000000,0.00000000,0.00000000,0
2293000,0.08658428,0.00802392,-0.08778075,-0.78126072,0.00000000,0.20850217,0
2294000,0.10585535,0.03950115,0.00000000,0.00000000,0.00000000,0.00000000,0
2295000,0.07613689,0.05473939,-0.17049517,1.40682111,0.98957281,0.51518250,0
2296000,0.06620280,0.00692425,0.00000000,0.00000000,0.00000000,0.00000000,0
2297000,0.07314707,0.05947836,-0.28859115,1.11908462,0.62617520,0.46501429,0
2298000,0.06023056,0.00070163,-0.44325400,-1.02333916,0.00000000,0.54333543,0
2299000,0.05810247,0.02330786,-0.44144807,-0.07079420,0.00000000,1.48840863,0
2300000,0.06481072,0.00796458,-0.26432592,-0.74682399,0.00000000,0.37933463,0
2301000,0.06602234,0.03390682,-0.18847883,0.53055924,0.14074655,1.31882541,0
2302000,0.05779183,0.03523057,-0.32122270,0.65405899,0.21389658,0.36994390,0
2303000,0.05790742,0.01210093,-0.27460634,-0.51023080,0.00000000,0.25323838,0
2304000,0.10594724,0.02684292,0.92948328,0.30341733,0.47800062,0.41215402,0
2305000,0.06064666,0.00282786,-0.15069469,-1.00750405,0.00000000,0.56541140,0
2306000,0.07165070,0.01627076,0.00000000,0.00000000,0.00000000,0.00000000,0
2307000,0.04277867,0.02041511,-0.54230301,-0.12731691,0.00000000,0.28451433,0
2308000,0.06076960,0.05272024,-0.18973112,1.40550548,0.98772283,0.20794198,0
2309000,0.08296255,0.03695437,0.00000000,0.00000000,0.00000000,0.00000000,0
2310000,0.06844612,0.04015340,0.00203647,0.77219600,0.29814540,0.06285261,0
2311000,0.10467031,0.09530365,0.77560051,3.64852358,6.95664022,0.33509722,0
2312000,0.07065639,0.03730777,0.15117516,0.88254543,0.40087018,0.37621333,0
2313000,0.12837034,0.11430676,1.51496492,5.26811474,15.02407584,0.71911913,0
2314000,0.08527683,0.05699080,0.59840102,2.18366773,2.56324427,2.41810784,0
2315000,0.10369522,0.08779380,0.00000000,0.00000000,0.00000000,0.00000000,0
2316000,0.05315141,0.01188879,-0.36430850,-0.42007866,0.00000000,0.03797757,0
2317000,0.05423825,0.01531819,-0.29420466,-0.27963658,0.00000000,0.08393532,0
2318000,0.06104701,0.00484411,-0.12928928,-0.63511062,0.00000000,0.08943380,0
2319000,0.08504047,0.01005015,0.00000000,0.00000000,0.00000000,0.00000000,0
2320000,0.06572647,0.04213576,-0.03069080,0.49406501,0.12205012,0.02568349,0
2321000,0.07748517,0.09540933,0.26382968,2.33792375,2.76774678,0.22709945,0
2322000,0.07827955,0.04877786,0.33293735,0.96666046,0.52263986,0.20568876,0
2323000,0.08343106,0.01428705,0.50539578,-0.25279251,0.12771245,0.50975103,0
2324000,0.08911881,0.04373113,0.00000000,0.00000000,0.00000000,0.00000000,0
2325000,0.07914519,0.04301051,-0.36948266,0.05512164,0.00151920,0.21867504,0
2326000,0.06413063,0.02916084,-0.51154209,-0.16642725,0.00000000,0.45801363,0
2327000,0.10045633,0.07514873,-0.07735320,1.05338690,0.55481198,0.24500860,0
2328000,0.09046628,0.03465531,-0.18912532,0.03426421,0.00058702,0.58979956,0
2329000,0.11841672,0.03954972,0.20285969,0.20034147,0.04064438,0.50364404,0
2330000,0.10567252,0.00248994,0.00000000,0.00000000,0.00000000,0.00000000,0
2331000,0.06449573,0.05063379,-0.52628240,0.46268352,0.10703802,0.06257288,0
2332000,0.06238656,0.02965756,-0.53637773,-0.08081770,0.00000000,0.37631514,0
2333000,0.06975830,0.07617350,-0.42481822,1.63334084,1.33390114,0.42784278,0
2334000,0.08128698,0.02838053,-0.22633302,-0.02900808,0.00000000,1.06206892,0
2335000,0.09964578,0.00904707,0.08961197,-0.76789234,0.00401515,0.71594101,0
2336000,0.06821307,0.00345350,-0.42468287,-1.00271723,0.00000000,0.59946629,0
2337000,0.06165708,0.04755972,0.00000000,0.00000000,0.00000000,0.00000000,0
2338000,0.23671935,0.30025822,0.36756435,3.01544106,4.61399417,0.05527972,0
2339000,0.05830406,0.13838296,-0.46196441,1.38116551,0.95380908,0.00009218,0
2340000,0.07320216,0.09819281,-0.32395387,1.00303219,0.50303678,0.00000512,0
2341000,0.06236358,0.07619513,-0.37604383,0.75474867,0.28482278,0.04195077,0
2342000,0.11630693,0.05288075,0.08190095,0.38931471,0.07913685,0.00035424,0
2343000,0.06493492,0.03793706,-0.31157643,0.12271553,0.00752955,0.00764271,0
2344000,0.05810734,0.01870680,-0.35364319,-0.28769508,0.00000000,0.00370039,0
2345000,0.06733090,0.02118271,-0.25125279,-0.21392133,0.00000000,0.01984144,0
2346000,0.05137699,0.00349159,-0.38569470,-0.65100438,0.00000000,0.00513672,0
2347000,0.05390786,0.00870731,-0.35999802,-0.52075889,0.00000000,0.09973468,0
2348000,0.19599196,0.20047809,0.00000000,0.00000000,0.00000000,0.00000000,0
2349000,0.09817537,0.00369963,-0.00987989,-0.53736204,0.00000000,0.05503037,0
2350000,0.06200551,0.01137423,-0.26829476,-0.37846885,0.00000000,0.01250454,0
2351000,0.09607341,0.05103465,0.00000000,0.00000000,0.00000000,0.00000000,0
2352000,0.09577884,0.07192221,0.69333929,2.22779646,2.72189822,0.13138117,0
2353000,0.12259730,0.04360241,1.47812547,1.17743436,1.78560329,0.32770689,0
2354000,0.05662964,0.01817437,0.05685874,-0.04419124,0.00161646,0.56187375,0
2355000,0.16628610,0.02294949,2.95405824,0.25962021,4.39693137,0.32890948,0
2356000,0.13864671,0.11900504,0.00000000,0.00000000,0.00000000,0.00000000,0
2357000,0.06961800,0.07430167,0.33498671,3.60484455,6.55356017,0.40134846,0
2358000,0.04881123,0.06326672,-0.07775734,3.22536009,5.20147385,0.97701452,0
2359000,0.06698850,0.03370775,0.00000000,0.00000000,0.00000000,0.00000000,0
2360000,0.05979045,0.06920636,0.16155389,3.14632043,4.96271596,1.71999653,0
2361000,0.11563744,0.00176287,0.00000000,0.00000000,0.00000000,0.00000000,0
2362000,0.05059404,0.01420064,-0.19142095,-0.30482755,0.00000000,0.10372136,0
2363000,0.11848003,0.11431285,1.47622944,5.45840070,15.98669577,0.48977122,0
2364000,0.10111121,0.02265633,1.23641543,0.30008640,0.80938749,0.26005736,0
2365000,0.05300196,0.01434190,0.05586107,-0.18555552,0.00156023,0.55940877,0
2366000,0.06979448,0.03186304,0.55757638,1.00053880,0.65598465,0.36127881,0
2367000,0.04608743,0.00688922,-0.09867639,-0.67025077,0.00000000,1.37508314,0
2368000,0.12061876,0.03638439,0.00000000,0.00000000,0.00000000,0.00000000,0
2369000,0.07819548,0.09050553,0.13220526,3.42463885,5.87281475,0.26153214,0
2370000,0.07360829,0.04305674,0.00000000,0.00000000,0.00000000,0.00000000,0
2371000,0.13672614,0.06056976,1.19502557,2.02719879,2.76881053,0.27598963,0
2372000,0.09778439,0.00533319,0.00000000,0.00000000,0.00000000,0.00000000,0
2373000,0.05387311,0.03482153,-0.11906231,0.90944560,0.41354565,0.10005234,0
2374000,0.05738860,0.01024061,0.03056536,-0.47792915,0.00046712,0.66842283,0
2375000,0.08474375,0.01886506,0.00000000,0.00000000,0.00000000,0.00000000,0
2376000,0.08897553,0.01729845,0.44216751,-0.19837762,0.09775605,0.59974341,0
2377000,0.08618081,0.00023087,0.00000000,0.00000000,0.00000000,0.00000000,0
2378000,0.09260774,0.06451444,0.28621522,1.81308300,1.68459456,0.21652831,0
2379000,0.06334114,0.01386105,-0.13059674,-0.38690304,0.00000000,0.61453003,0
2380000,0.07153629,0.00290582,0.04011114,-0.95392702,0.00080445,0.20665919,0
2381000,0.07374394,0.04988354,0.11148464,1.59013202,1.27047433,0.99559011,0
2382000,0.07835677,0.00262710,0.00000000,0.00000000,0.00000000,0.00000000,0
2383000,0.21464208,0.32087964,0.82941540,5.39934412,14.92042344,0.13030787,0
2384000,0.12433228,0.04258154,0.19007109,0.18243544,0.03470485,0.04272915,0
2385000,0.07208422,0.01937792,-0.25494547,-0.28423741,0.00000000,0.02057095,0
2386000,0.05586677,0.03623886,-0.37941301,0.21477068,0.02306322,0.01115361,0
2387000,0.06146156,0.02254820,0.00000000,0.00000000,0.00000000,0.00000000,0
2388000,0.04906948,0.06256889,-0.30686872,1.03848026,0.53922062,0.03459418,0
2389000,0.04126615,0.05508927,-0.38201401,1.07080890,0.57331585,0.01276579,0
2390000,0.06160520,0.02124874,0.00258779,0.02889009,0.00042067,0.11499506,0
2391000,0.19838908,0.01143042,2.70887057,-0.31170127,3.66898988,0.21696520,0
2392000,0.08001336,0.02858507,0.45414022,0.38583656,0.17755660,0.38368485,0
2393000,0.07755785,0.01146255,0.44736393,-0.30779371,0.10006724,0.12111980,0
2394000,0.05937713,0.01438409,0.06672132,-0.18100575,0.00222587,0.61209001,0
2395000,0.10727400,0.02434725,0.00000000,0.00000000,0.00000000,0.00000000,0
2396000,0.05514175,0.03757792,-0.19116595,0.67454539,0.22750574,0.09154097,0
2397000,0.04996398,0.06860691,-0.22756732,2.25940411,2.55245347,0.58935783,0
2398000,0.06812677,0.02522041,0.16024320,0.33236920,0.06807358,0.31477082,0
2399000,0.10346618,0.02906075,0.00000000,0.00000000,0.00000000,0.00000000,0
2400000,0.05362986,0.02728792,-0.13733440,0.22546044,0.02541620,0.05492419,0
2401000,0.07635974,0.03288950,0.36304169,0.51659743,0.19933609,0.22456340,0
2402000,0.05744245,0.03956898,-0.00772313,0.87156790,0.37981530,0.37738443,0
2403000,0.05850399,0.01502891,0.00000000,0.00000000,0.00000000,0.00000000,0
2404000,0.03029964,0.04242951,-0.69901754,0.40025340,0.08010139,0.09860290,0
2405000,0.06048946,0.06453383,-0.22171592,1.21640180,0.73981667,0.02108122,0
2406000,0.13279776,0.04110458,0.98050211,0.61565272,0.67020633,0.03467130,0
2407000,0.06053039,0.01361999,-0.12719269,-0.29001724,0.00000000,0.11457002,0
2408000,0.03569951,0.05244853,-0.51902073,1.20619228,0.72744991,0.12552198,0
2409000,0.12142706,0.03007360,1.08056993,0.38557661,0.65815034,0.25784849,0
2410000,0.08599093,0.15630241,0.00000000,0.00000000,0.00000000,0.00000000,0
2411000,0.05239059,0.09075020,0.04050962,4.30979655,9.28799368,0.30035002,0
2412000,0.07657035,0.02911895,0.84249074,0.81332338,0.68564278,0.82562702,0
2413000,0.07501958,0.04432661,0.00000000,0.00000000,0.00000000,0.00000000,0
2414000,0.06256872,0.06861883,0.01379438,2.83667466,4.02345670,0.20720127,0
2415000,0.03867170,0.05375968,0.00000000,0.00000000,0.00000000,0.00000000,0
2416000,0.05866912,0.02899538,0.06489538,0.50317281,0.12869714,0.73589676,0
2417000,0.10240314,0.02576767,0.00000000,0.00000000,0.00000000,0.00000000,0
2418000,0.07995124,0.03954793,0.02795929,0.70505875,0.24894478,0.31039456,0
2419000,0.08543831,0.01804602,0.00000000,0.00000000,0.00000000,0.00000000,0
2420000,0.08741806,0.01385202,0.07468435,-0.33411468,0.00278888,0.11734044,0
2421000,0.04607014,0.02339134,0.00000000,0.00000000,0.00000000,0.00000000,0
2422000,0.07392509,0.01543545,-0.07484755,-0.30109489,0.00000000,0.06964448,0
2423000,0.06055471,0.10045998,0.00000000,0.00000000,0.00000000,0.00000000,0
2424000,0.09996101,0.00614721,0.10300717,-0.59812238,0.00530524,0.04520329,0
2425000,0.06757133,0.08032050,-0.27247235,1.93215049,1.86660276,0.04550508,0
2426000,0.09728821,0.09159583,0.31030474,2.73163263,3.77905293,0.34134793,0
2427000,0.08046459,0.00652506,0.00000000,0.00000000,0.00000000,0.00000000,0
2428000,0.06021023,0.07354274,0.12108120,2.91878882,4.26699440,0.16089121,0
2429000,0.80668110,0.18039034,0.00000000,0.00000000,0.00000000,0.00000000,0
2430000,0.17735612,0.05405660,-0.37995923,-0.43152143,0.00000000,0.01111588,0
2431000,0.15785004,0.14569943,-0.51476194,0.48536891,0.11779149,0.05768656,0
2432000,0.10605919,0.10066154,-0.84910066,0.13687116,0.00936686,0.06489685,0
2433000,0.18252140,0.05076679,-0.26500656,-0.34712734,0.00000000,0.01178978,0
2434000,0.12508684,0.07618418,-0.66771688,-0.02128038,0.00000000,0.05640187,0
2435000,0.23557091,0.15428032,0.00000000,0.00000000,0.00000000,0.00000000,0
2436000,0.18960422,0.02932354,-0.06445425,-0.59164011,0.00000000,0.14573947,0
2437000,0.13914663,0.01388377,-0.46330310,-0.88594181,0.00000000,0.30121564,0
2438000,0.14316209,0.06216710,-0.45510603,-0.12504709,0.00000000,0.31838125,0
2439000,0.12326524,0.07427046,-0.60821505,0.11168332,0.00623658,0.17878351,0
2440000,0.11935077,0.02364716,-0.64383376,-0.77099285,0.00000000,0.59526117,0
2441000,0.13208567,0.01982770,-0.49281970,-0.84003004,0.00000000,0.08845974,0
2442000,0.10467234,0.11107828,-0.71357306,0.90344538,0.40810678,0.00781558,0
2443000,0.07985552,0.10977345,-0.89903742,0.94922234,0.45051152,0.00626289,0
2444000,0.08912957,0.05877686,-0.72774619,0.00653486,0.00002135,0.00740227,0
2445000,0.11716587,0.13503036,-0.36799103,1.60647476,1.29038058,0.00056814,0
2446000,0.09527033,0.19165750,-0.52544224,2.86387966,4.10090337,0.02146359,0
2447000,0.09219484,0.14786062,-0.56565694,1.98377465,1.96768093,0.07904064,0
2448000,0.24438988,0.21371859,1.05489703,3.43760675,6.46497394,0.13961117,0
2449000,0.25426057,0.18160067,0.00000000,0.00000000,0.00000000,0.00000000,0
2450000,0.28798711,0.11493669,0.93479379,1.00234930,0.93927177,0.03928695,0
2451000,0.08739056,0.04159358,-0.40289652,-0.19584712,0.00000000,0.00122333,0
2452000,0.07139017,0.08089646,-0.59832545,0.63119836,0.19920568,0.13458646,0
2453000,0.10324389,0.05724978,-0.33395452,0.18031434,0.01625663,0.13909686,0
2454000,0.05544518,0.01257950,-0.81075842,-0.82199024,0.00000000,0.11610071,0
2455000,0.10451467,0.09263249,-0.32671929,1.10147517,0.60662378,0.15382068,0
2456000,0.08725575,0.04087391,-0.51168482,-0.12530624,0.00000000,0.26084332,0
2457000,0.26044914,0.22667767,0.00000000,0.00000000,0.00000000,0.00000000,0
2458000,0.25576371,0.04106953,0.56800975,-0.35720449,0.16131754,0.00000000,0
2459000,0.15030125,0.11372844,0.04966405,0.87393710,0.38311629,0.00077100,0
2460000,0.29401490,0.09089372,1.45528657,0.58937684,1.23261203,0.08296119,0
2461000,0.14674750,0.04866315,0.06595871,-0.17103682,0.00217528,0.43716443,0
2462000,0.10517711,0.06087444,-0.41421529,0.08524460,0.00363332,0.12764139,0
2463000,0.09102751,0.01268620,-0.58345798,-0.88408198,0.00000000,0.16797232,0
2464000,0.10796075,0.02545014,-0.38014554,-0.60360323,0.00000000,0.12622723,0
2465000,0.11753862,0.08993388,-0.25020652,0.84707228,0.35876572,0.05247228,0
2466000,0.11588328,0.03031044,-0.26215162,-0.48946043,0.00000000,0.14827848,0
2467000,0.12532064,0.04312302,-0.13376527,-0.18785207,0.00000000,0.19106584,0
2468000,0.12262335,0.07089800,-0.15626464,0.48174816,0.11604064,0.35278455,0
2469000,0.07236227,0.02814525,-0.82908881,-0.53256615,0.00000000,0.21476437,0
2470000,0.07428109,0.02024035,-0.79282373,-0.71685559,0.00000000,0.42901976,0
2471000,0.06311768,0.02081474,-0.96496285,-0.70382141,0.00000000,1.06557384,0
2472000,0.11751772,0.11190113,-0.16657106,1.60558544,1.28895230,0.32853317,0
2473000,0.09561507,0.07168029,-0.45410306,0.61637480,0.18995895,0.62443864,0
2474000,0.30972782,0.09450416,2.71376061,1.23127531,4.44026778,0.09811174,0
2475000,0.13198774,0.13917954,0.14630194,2.44292760,2.99464976,0.15215213,0
2476000,0.11774967,0.11787727,-0.02865272,1.92006063,1.84331640,0.01039801,0
2477000,0.19249927,0.07733178,1.10200192,0.85053107,0.96890567,0.51297489,0
2478000,0.19567700,0.09632596,1.17621616,1.37684334,1.63959102,0.44297880,0
2479000,0.05977471,0.03885968,-0.85863187,-0.16316596,0.00000000,0.16847355,0
2480000,0.25893867,0.20631507,0.00000000,0.00000000,0.00000000,0.00000000,0
2481000,0.15649021,0.07462310,-0.12841724,0.05966991,0.00178025,0.00037906,0
2482000,0.32145599,0.03959912,1.09086240,-0.29790151,0.59499039,0.00126176,0
2483000,0.34725502,0.05717307,1.56068671,0.08920608,1.22185037,0.00075689,0
2484000,0.10778264,0.07776289,-0.10527569,0.52512613,0.13787872,0.00011279,0
2485000,0.19080819,0.02068042,0.63038215,-0.48678251,0.19869083,0.33207905,0
2486000,0.10857767,0.09150925,-0.04764091,0.95115610,0.45234896,0.00282614,0
2487000,0.05244107,0.04280385,-0.55498776,-0.00502741,0.00000000,0.03873305,0
2488000,0.11257934,0.01130445,0.05835135,-0.67044618,0.00170244,0.01460816,0
2489000,0.07463806,0.11691819,-0.33817340,1.69339707,1.43379681,0.30293458,0
2490000,0.10777264,0.08493688,-0.00367246,0.99360634,0.49362678,0.18968911,0
2491000,0.10760229,0.04356651,-0.01579949,0.04529000,0.00102559,0.48123499,0
2492000,0.19569525,0.02260331,0.97748196,-0.45706820,0.47773549,0.42116896,0
2493000,0.06524860,0.12245038,-0.51559231,1.99136101,1.98275933,0.28920678,0
2494000,0.04297781,0.04431597,-0.78858039,0.07777841,0.00302474,0.36840974,0
2495000,0.08471598,0.06646008,-0.29361790,0.64341796,0.20699333,0.22618272,0
2496000,0.04050043,0.00618773,-0.85703272,-0.89520631,0.00000000,0.74276891,0
2497000,0.06300722,0.02771599,-0.59421644,-0.33752155,0.00000000,0.27668738,0
2498000,0.06159466,0.01629068,-0.62959416,-0.63808855,0.00000000,0.75114181,0
2499000,0.05187183,0.00373913,-0.76342507,-0.97635717,0.00000000,0.24708049,0
2500000,0.06333290,0.02422380,-0.62635550,-0.42992617,0.00000000,0.12679583,0
2501000,0.11566837,0.03450467,0.05684156,-0.14866879,0.00161548,0.30107889,0
2502000,0.08229490,0.03031212,-0.39185102,-0.25746101,0.00000000,0.04180862,0
2503000,0.10564195,0.02251054,-0.08497076,-0.47470076,0.00000000,0.40293906,0
2504000,0.10760642,0.00314771,-0.06043131,-1.02369534,0.00000000,0.15484569,0
2505000,0.17715430,0.03219983,0.91482463,-0.19945931,0.41845205,0.22064806,0
2506000,0.08559857,0.06664163,-0.37587643,0.78969394,0.31180826,0.78950911,0
2507000,0.10138061,0.04874319,-0.15281234,0.28050834,0.03934246,0.22851960,0
2508000,0.09112321,0.05349632,-0.30643928,0.42432031,0.09002386,0.55063111,0
2509000,0.26963466,0.02058781,0.00000000,0.00000000,0.00000000,0.00000000,0
2510000,0.35106730,0.18378367,1.05059774,1.25771638,1.34280305,0.07779365,0
2511000,0.08219691,0.03173965,-0.77275625,-0.50458191,0.00000000,0.04304231,0
2512000,0.25322866,0.06088438,0.77073308,0.02358994,0.29729299,0.15553751,0
2513000,0.05611350,0.04815275,-0.93274067,-0.10792898,0.00000000,0.00753295,0
2514000,0.11042739,0.03765683,0.00000000,0.00000000,0.00000000,0.00000000,0
2515000,0.20425834,0.11147474,0.20251483,0.63989389,0.22523822,0.06364709,0
2516000,0.07148124,0.04259631,-0.80517330,-0.24264989,0.00000000,0.13275575,0
2517000,0.06761669,0.01003423,-0.86258980,-0.77191135,0.00000000,0.10401524,0
2518000,0.17909402,0.04416645,0.32445617,-0.08075464,0.05263590,0.24721614,0
2519000,0.11894459,0.11513882,-0.28752699,1.46397846,1.07161647,0.31856446,0
2520000,0.08887295,0.01096290,-0.62309696,-0.75687932,0.00000000,0.16637798,0
2521000,0.20070487,0.00414579,0.73996450,-0.91292075,0.27377373,0.10217559,0
2522000,0.07773685,0.01851731,-0.75442751,-0.57460279,0.00000000,0.62029346,0
2523000,0.10016187,0.07755926,-0.47253567,0.88296877,0.38981693,0.33759515,0
2524000,0.07927174,0.07554325,-0.74564234,0.86993133,0.37839026,0.64548175,0
2525000,0.13496986,0.05401488,0.00284620,0.34761366,0.06042168,0.24353671,0
2526000,0.09983573,0.01041066,-0.46208856,-0.79276911,0.00000000,0.62184510,0
2527000,0.09867638,0.03972189,-0.46946408,-0.00274829,0.00000000,0.38961383,0
2528000,0.13871592,0.10351589,0.10890594,1.77807499,1.58670559,0.40297666,0
2529000,0.06558597,0.01589919,-0.92088147,-0.63702437,0.00000000,0.45950064,0
2530000,0.16723208,0.14745751,0.00000000,0.00000000,0.00000000,0.00000000,0
2531000,0.09909298,0.04414362,-0.55180276,-0.29015545,0.00000000,0.00000000,0
2532000,0.09687407,0.03729789,-0.49427816,-0.23868099,0.00000000,0.00480513,0
2533000,0.05952090,0.01636504,-0.77516864,-0.53695892,0.00000000,0.02045328,0
2534000,0.09497260,0.12078911,-0.43337699,1.48000651,1.09520963,0.08222653,0
2535000,0.08909903,0.00106819,-0.49196053,-0.83437871,0.00000000,0.05893199,0
2536000,0.06569565,0.00590884,-0.74855944,-0.75556765,0.00000000,0.29372049,0
2537000,0.09818592,0.04429379,-0.40052618,0.10567243,0.00558333,0.09501678,0
2538000,0.08542845,0.02007945,-0.52612534,-0.43412143,0.00000000,0.36731608,0
2539000,0.20480061,0.05166159,0.00000000,0.00000000,0.00000000,0.00000000,0
2540000,0.14978412,0.02433901,-0.11278581,-0.54253046,0.00000000,0.00125461,0
2541000,0.07146715,0.01966103,-0.71440016,-0.55113485,0.00000000,0.05388085,0
2542000,0.06259535,0.04606204,-0.79286422,0.07023901,0.00246676,0.00802334,0
2543000,0.13107783,0.15957728,0.03339337,2.85863950,4.08646746,0.06601684,0
2544000,0.11059869,0.06291008,-0.18959991,0.61776895,0.19081924,0.45331392,0
2545000,0.09569430,0.00158066,-0.36139595,-0.96629764,0.00000000,0.27543157,0
2546000,0.07871627,0.01428635,-0.58089933,-0.62170257,0.00000000,0.18700460,0
2547000,0.10948648,0.10018422,-0.15590779,1.84280207,1.69795973,1.02160978,0
2548000,0.06052120,0.03685968,-0.84928953,0.04472740,0.00100027,0.15561678,0
2549000,0.19567877,0.12513028,1.17726980,2.76035766,4.50276930,0.27003371,0
2550000,0.09730834,0.03426690,-0.26428708,0.01005235,0.00005052,0.14643339,0
2551000,0.05310166,0.02907837,-0.93324352,-0.13805057,0.00000000,0.62699443,0
2552000,0.09394298,0.02612606,0.00000000,0.00000000,0.00000000,0.00000000,0
2553000,0.06222320,0.08084584,-0.71506320,1.73533441,1.50569275,0.72848220,0
2554000,0.18985659,0.02594058,0.00000000,0.00000000,0.00000000,0.00000000,0
2555000,0.20555180,0.12072583,0.00000000,0.00000000,0.00000000,0.00000000,0
2556000,0.12929893,0.02855342,-0.39981872,-0.60280567,0.00000000,0.08473085,0
2557000,0.13557278,0.10260005,-0.14177801,1.03116440,0.53165001,0.15918658,0
2558000,0.04859681,0.03649127,-1.04309681,-0.20662439,0.00000000,0.05604986,0
2559000,0.14281955,0.04285096,0.20232780,0.02263565,0.02072445,0.34896573,0
2560000,0.07313527,0.00291912,0.00000000,0.00000000,0.00000000,0.00000000,0
2561000,0.07308183,0.03798932,-0.64698744,0.00839796,0.00003526,0.10706155,0
2562000,0.19197032,0.12768885,0.00000000,0.00000000,0.00000000,0.00000000,0
2563000,0.08924806,0.02236927,-0.61958702,-0.56147308,0.00000000,0.02680813,0
2564000,0.07740381,0.03466057,-0.63460774,-0.18119226,0.00000000,0.04204317,0
2565000,0.07057021,0.03086681,-0.67028992,-0.19254361,0.00000000,0.03056498,0
2566000,0.11318966,0.01255069,0.00000000,0.00000000,0.00000000,0.00000000,0
2567000,0.22940812,0.02498645,1.27962448,-0.51315780,0.81871941,0.04035245,0
2568000,0.14292070,0.03659434,0.00000000,0.00000000,0.00000000,0.00000000,0
2569000,0.09402686,0.03863301,-0.41363235,-0.07874941,0.00000000,0.15178194,0
2570000,0.07397018,0.00727886,-0.69490399,-0.78852272,0.00000000,0.79726815,0
2571000,0.10898814,0.00894299,0.00000000,0.00000000,0.00000000,0.00000000,0
2572000,0.20773055,0.03244436,1.13978641,-0.07075861,0.64955653,0.01739953,0
2573000,0.11877112,0.06920547,0.00000000,0.00000000,0.00000000,0.00000000,0
2574000,0.12378263,0.06541471,0.12874562,0.98228224,0.49072692,0.08787763,0
2575000,0.11890685,0.10488329,0.20705351,2.64577468,3.52149741,0.54767156,0
2576000,0.16475740,0.08715779,0.00000000,0.00000000,0.00000000,0.00000000,0
2577000,0.25166672,0.25940415,0.00000000,0.00000000,0.00000000,0.00000000,0
2578000,0.10923041,0.05231596,-0.22874907,-0.01838028,0.00000000,0.11473680,0
2579000,0.08196092,0.02785454,-0.47600475,-0.32584770,0.00000000,0.05804041,0
2580000,0.09917223,0.08949578,0.00000000,0.00000000,0.00000000,0.00000000,0
2581000,0.11174192,0.02187940,-0.16453750,-0.54942974,0.00000000,0.03019295,0
2582000,0.07152591,0.11547811,-0.57501039,1.71151128,1.46463543,0.16093551,0
2583000,0.11634360,0.08236270,0.00000000,0.00000000,0.00000000,0.00000000,0
2584000,0.15794691,0.10175027,0.67231572,1.74969512,1.75672073,0.14703687,0
2585000,0.13225672,0.00567043,0.00000000,0.00000000,0.00000000,0.00000000,0
2586000,0.12103081,0.00778804,0.24914753,-0.78260409,0.03103725,0.04634022,0
2587000,0.16001970,0.00346676,1.09029831,-0.99290078,0.59437520,0.49891281,0
2588000,0.14619084,0.04524478,0.00000000,0.00000000,0.00000000,0.00000000,0
2589000,0.14261062,0.03736539,0.11564898,-0.19875741,0.00668734,0.34923336,0
2590000,0.10073986,0.06843550,-0.24026107,0.75202838,0.28277335,0.34650185,0
2591000,0.13379349,0.04065541,0.00000000,0.00000000,0.00000000,0.00000000,0
2592000,0.13576975,0.02379868,0.24084924,-0.33028260,0.02900418,0.67983842,0
2593000,0.11340997,0.09793216,0.06665735,2.19066883,2.40173656,0.33101938,0
2594000,0.13594829,0.05145223,0.49818685,0.79560077,0.44058536,0.69802251,0
2595000,0.12936395,0.08124420,0.45329682,2.02806862,2.15927017,0.76190600,0
2596000,0.13286193,0.03529008,0.57303630,0.28247177,0.20408045,0.72705944,0
2597000,0.16651145,0.01516776,0.00000000,0.00000000,0.00000000,0.00000000,0
2598000,0.13742122,0.07702927,0.00000000,0.00000000,0.00000000,0.00000000,0
2599000,0.10246728,0.02091569,-0.04282860,-0.53088025,0.00000000,0.51040724,0
2600000,0.13849957,0.14416762,0.67288282,3.53672647,6.48060270,0.38231638,0
2601000,0.11162684,0.03011337,0.26616349,-0.07421085,0.03542150,0.55422910,0
2602000,0.10084631,0.05818723,0.11332386,1.01203765,0.51853125,0.47739114,0
2603000,0.14885999,0.04057014,1.13245605,0.41870471,0.72888517,0.67361745,0
2604000,0.21173458,0.03914218,0.00000000,0.00000000,0.00000000,0.00000000,0
2605000,0.11443347,0.01320917,-0.01595727,-0.59006675,0.00000000,0.06479942,0
2606000,0.09011248,0.02268700,-0.21593060,-0.25815939,0.00000000,0.16173430,0
2607000,0.15066421,0.06414466,0.68963820,1.31564161,1.10325685,0.27210252,0
2608000,0.08174377,0.00805414,-0.28157288,-0.79506333,0.00000000,0.37391794,0
2609000,0.05260343,0.06790947,-0.74307604,1.70170738,1.44790400,0.25586989,0
2610000,0.11060752,0.00897800,0.23561360,-0.75927096,0.02775688,1.58376324,0
2611000,0.14502855,0.00783529,0.00000000,0.00000000,0.00000000,0.00000000,0
2612000,0.09794988,0.05015923,-0.11619177,0.22423203,0.02514000,0.19908061,0
2613000,0.08964904,0.04965850,-0.17829350,0.39470255,0.07789505,0.15054646,0
2614000,0.10929786,0.09655683,0.25624645,1.94643110,1.92712813,1.18290051,0
2615000,0.09460103,0.03341097,0.00705436,0.07666380,0.00296355,0.22856169,0
2616000,0.08459371,0.00886580,-0.17448218,-0.71882076,0.00000000,0.32949180,0
2617000,0.17145455,0.10464426,1.72082208,2.70038317,5.12664894,0.41630756,0
2618000,0.07753032,0.03817448,-0.27642800,0.36813654,0.06776226,0.51992518,0
2619000,0.10539756,0.01495307,0.35377734,-0.48183333,0.06257920,1.03372263,0
2620000,0.06180592,0.02539920,0.00000000,0.00000000,0.00000000,0.00000000,0
2621000,0.10442252,0.01026293,0.00203256,-0.50373811,0.00000207,0.01817046,0
2622000,0.14584690,0.02815491,0.67239213,-0.02267753,0.22605558,0.24030227,0
2623000,0.07753950,0.01646960,-0.30241601,-0.34440474,0.00000000,0.24040732,0
2624000,0.15464281,0.22351810,0.00000000,0.00000000,0.00000000,0.00000000,0
2625000,0.09297197,0.01957409,0.04270838,-0.27167024,0.00091200,0.03637918,0
2626000,0.23479927,0.11254000,0.00000000,0.00000000,0.00000000,0.00000000,0
2627000,0.06059808,0.00297363,-0.52498826,-0.89921247,0.00000000,0.48250194,0
2628000,0.12142934,0.04424601,0.00000000,0.00000000,0.00000000,0.00000000,0
2629000,0.09115505,0.13514113,-0.08042006,4.42656201,9.79722560,0.14074689,0
2630000,0.11015884,0.04376346,0.39953638,0.95208324,0.53304591,0.38187198,0
2631000,0.10376509,0.07319555,0.00000000,0.00000000,0.00000000,0.00000000,0
2632000,0.05142990,0.01044390,-0.77955233,-0.76725194,0.00000000,0.02649736,0
2633000,0.09167583,0.04793043,-0.09843961,0.93606820,0.43811184,0.73314754,0
2634000,0.13546652,0.05926667,0.00000000,0.00000000,0.00000000,0.00000000,0
2635000,0.11254954,0.07524586,0.11177449,1.59750472,1.28225743,0.08686869,0
2636000,0.13102333,0.02165038,0.00000000,0.00000000,0.00000000,0.00000000,0
2637000,0.08042330,0.05530128,-0.20382563,1.29761170,0.84189806,0.21945971,0
2638000,0.06460730,0.02051624,-0.41830455,-0.17841169,0.00000000,0.49677168,0
2639000,0.08835366,0.00599889,0.10410269,-0.89500579,0.00541868,0.60769549,0
2640000,0.05010182,0.02553620,-0.70864696,0.18823844,0.01771685,0.97803884,0
2641000,0.05581074,0.00228968,-0.58033582,-1.14503218,0.00000000,0.60141747,0
2642000,0.03603416,0.00360801,0.00000000,0.00000000,0.00000000,0.00000000,0
2643000,0.08907382,0.00566692,-0.13951957,-0.80169762,0.00000000,0.20644988,0
2644000,0.17810549,0.07767824,0.00000000,0.00000000,0.00000000,0.00000000,0
2645000,0.05629658,0.00759268,-0.47361019,-0.70312078,0.00000000,0.40266732,0
2646000,0.07802305,0.04484060,0.00000000,0.00000000,0.00000000,0.00000000,0
2647000,0.09595934,0.04295303,-0.24356934,0.39638211,0.07855939,0.26488714,0
2648000,0.09957942,0.07682308,0.00000000,0.00000000,0.00000000,0.00000000,0
2649000,0.05448463,0.02007067,-0.72076121,-0.29212003,0.00000000,0.33520944,0
2650000,0.06601232,0.01871689,0.00000000,0.00000000,0.00000000,0.00000000,0
2651000,0.07233349,0.02553865,-0.44677871,-0.02470129,0.00000000,0.21229923,0
2652000,0.05382922,0.01176422,-0.72681606,-0.55660231,0.00000000,0.41325734,0
2653000,0.06961067,0.01260231,-0.42205218,-0.52047918,0.00000000,0.58556653,0
2654000,0.04702774,0.05181294,0.00000000,0.00000000,0.00000000,0.00000000,0
2655000,0.05075494,0.01268439,-0.80746978,-0.59847667,0.00000000,0.18159653,0
2656000,0.05610429,0.00169366,0.00000000,0.00000000,0.00000000,0.00000000,0
2657000,0.06738853,0.03491890,-0.64939441,0.08864884,0.00392931,0.08749294,0
2658000,0.08502908,0.05535169,-0.29785491,0.96892469,0.46940753,0.54286096,0
2659000,0.16517302,0.04253659,0.00000000,0.00000000,0.00000000,0.00000000,0
2660000,0.09189728,0.10603540,-0.05354316,2.09158794,2.18737006,1.14068760,0
2661000,0.10371349,0.09591348,0.22583118,2.11910080,2.27079397,0.32471206,0
2662000,0.08757581,0.04827988,0.00000000,0.00000000,0.00000000,0.00000000,0
2663000,0.07335024,0.00139114,-0.31411926,-1.00371269,0.00000000,0.26090803,0
2664000,0.05124965,0.01098149,0.00000000,0.00000000,0.00000000,0.00000000,0
2665000,0.05641521,0.04507833,-0.62495697,0.78897730,0.31124259,0.24238461,0
2666000,0.04709343,0.01009163,-0.81971712,-0.65401576,0.00000000,0.16288508,0
2667000,0.05074574,0.00881979,-0.73356812,-0.70731350,0.00000000,0.56618723,0
2668000,0.05347088,0.00108951,-0.68184603,-1.11910268,0.00000000,0.55824960,0
2669000,0.14518635,0.04818954,0.00000000,0.00000000,0.00000000,0.00000000,0
2670000,0.13142931,0.02168577,0.34882026,-0.32494923,0.06083779,0.05910652,0
2671000,0.10647914,0.02215793,0.20808250,-0.20103547,0.02164916,0.30498538,0
2672000,0.07946360,0.03966174,0.00000000,0.00000000,0.00000000,0.00000000,0
2673000,0.20196627,0.29864383,0.77159559,4.85850527,12.10021659,0.16918393,0
2674000,0.07599759,0.06812987,-0.49547184,0.69801979,0.24361581,0.27445361,0
2675000,0.10029512,0.03426747,-0.09479027,0.00116481,0.00000068,0.12965216,0
2676000,0.10319810,0.09320651,0.00000000,0.00000000,0.00000000,0.00000000,0
2677000,0.07416832,0.05435349,-0.42005953,0.74656616,0.27868052,0.06463816,0
2678000,0.05568442,0.02906259,-0.66619980,0.00526418,0.00001386,0.21946662,0
2679000,0.04525989,0.03605110,-0.82440423,0.40142161,0.08056965,0.16951522,0
2680000,0.09664766,0.12171162,0.00000000,0.00000000,0.00000000,0.00000000,0
2681000,0.24030666,0.07511052,1.91078573,1.30500670,2.67707231,0.07489509,0
2682000,0.08373141,0.07874653,-0.25357979,1.71559241,1.47162866,0.25063508,0
2683000,0.09996817,0.11863822,0.04322632,3.38017363,5.71372113,1.09665760,0
2684000,0.11312287,0.25103334,0.00000000,0.00000000,0.00000000,0.00000000,0
2685000,0.05294384,0.02489391,-0.83361895,-0.39900076,0.00000000,0.27587965,0
2686000,0.03653111,0.00975978,-1.04827548,-0.72186269,0.00000000,0.26948491,0
2687000,0.07853206,0.01736130,-0.36545044,-0.46775470,0.00000000,0.66569565,0
2688000,0.09068377,0.01903318,0.00000000,0.00000000,0.00000000,0.00000000,0
2689000,0.09739175,0.02614310,0.04593353,-0.00208291,0.00105494,0.40231457,0
2690000,0.06914074,0.06066148,0.00000000,0.00000000,0.00000000,0.00000000,0
2691000,0.08417777,0.04105093,0.00000000,0.00000000,0.00000000,0.00000000,0
2692000,0.09591898,0.01297546,-0.09468814,-0.47665048,0.00000000,0.08652266,0
2693000,0.06846566,0.08623894,-0.37008734,2.48203997,3.08026122,0.47759366,0
2694000,0.08465914,0.07477839,-0.07557570,2.24863586,2.52818162,0.34977153,0
2695000,0.06923408,0.08537348,0.00000000,0.00000000,0.00000000,0.00000000,0
2696000,0.11025528,0.09965824,0.05823434,1.83924662,1.69310968,0.01354805,0
2697000,0.07543114,0.03830282,-0.48606781,0.22422183,0.02513771,1.62991615,0
2698000,0.08531924,0.04242574,0.00000000,0.00000000,0.00000000,0.00000000,0
2699000,0.09938084,0.07769325,0.05767717,1.88291587,1.77434941,0.20468545,0
2700000,0.07265184,0.06901777,0.00000000,0.00000000,0.00000000,0.00000000,0
2701000,0.06974649,0.01363649,0.00000000,0.00000000,0.00000000,0.00000000,0
2702000,0.08674685,0.02897532,-0.32743826,-0.06884855,0.00000000,0.17058335,0
2703000,0.07246741,0.06803402,-0.35755977,1.63980013,1.34447224,0.26625438,0
2704000,0.07495638,0.03804213,0.00000000,0.00000000,0.00000000,0.00000000,0
2705000,0.16475001,0.04573421,0.94114697,0.63272395,0.64304861,0.08615500,0
2706000,0.10317964,0.08840965,0.13606412,2.57898968,3.33485060,0.52994005,0
2707000,0.12675127,0.06064614,0.00000000,0.00000000,0.00000000,0.00000000,0
2708000,0.04277472,0.06319191,-0.82256866,1.10059257,0.60565200,0.18175672,0
2709000,0.08822045,0.05495586,-0.07764508,1.09934938,0.60428453,0.29275435,0
2710000,0.11466709,0.02389057,0.47287888,-0.02117193,0.11180722,0.16779264,0
2711000,0.07569494,0.10174523,0.00000000,0.00000000,0.00000000,0.00000000,0
2712000,0.11922592,0.00848852,0.14001175,-0.70612715,0.00980165,0.13707783,0
2713000,0.07860637,0.00397924,-0.31793016,-0.86824323,0.00000000,0.13696715,0
2714000,0.08927435,0.02962981,-0.06868240,0.15153415,0.01148130,0.19847468,0
2715000,0.05930660,0.06084106,-0.55923842,1.53809430,1.18286704,0.58569134,0
2716000,0.09057715,0.00398753,0.02796980,-0.88115478,0.00039115,0.52923787,0
2717000,0.10330398,0.01641947,0.28136019,-0.32589481,0.03958178,1.20991922,0
2718000,0.07151799,0.03835555,0.00000000,0.00000000,0.00000000,0.00000000,0
2719000,0.10550023,0.00132948,-0.05614980,-0.91217903,0.00000000,0.14929750,0
2720000,0.05740533,0.07031813,-0.71287467,1.65099924,1.36289924,0.25227436,0
2721000,0.05633001,0.07568217,-0.68498647,2.08713686,2.17807013,0.13252112,0
2722000,0.06003865,0.06303474,-0.60047359,1.69809006,1.44175492,0.29756290,0
2723000,0.06423840,0.07501318,-0.47268333,2.36571488,2.79830345,0.82022907,0
2724000,0.05558274,0.08414585,-0.58988356,2.92682522,4.28315293,0.24005568,0
2725000,0.05403477,0.00223434,0.00000000,0.00000000,0.00000000,0.00000000,0
2726000,0.08724093,0.06343842,0.01846357,1.42798598,1.01974243,0.08677855,0
2727000,0.05787477,0.01002354,-0.40754462,-0.56321358,0.00000000,0.26957092,0
2728000,0.06431615,0.01631742,-0.29855463,-0.28996669,0.00000000,1.38748655,0
2729000,0.14016499,0.06002629,0.00000000,0.00000000,0.00000000,0.00000000,0
2730000,0.09749198,0.04678933,0.11771962,0.95686183,0.46472124,0.10880554,0
2731000,0.08179589,0.00522270,0.00000000,0.00000000,0.00000000,0.00000000,0
2732000,0.04830393,0.03738699,-0.70504462,0.75791413,0.28721691,0.81038617,0
2733000,0.21752053,0.16134854,0.00000000,0.00000000,0.00000000,0.00000000,0
2734000,0.22518465,0.02946837,1.22941699,-0.01566146,0.75573307,0.04956043,0
2735000,0.15024273,0.02281469,0.68275754,-0.12094282,0.23307893,0.08540359,0
2736000,0.06565151,0.05303664,-0.27022411,0.91264637,0.41646170,0.03995847,0
2737000,0.12784271,0.07979929,0.55394582,1.97389425,2.10155724,0.82856582,0
2738000,0.13877520,0.06182378,0.75582510,1.42976925,1.30775584,0.10578516,0
2739000,0.10966411,0.00417173,0.35851387,-0.75315972,0.06426610,0.82120860,0
2740000,0.15573592,0.02807192,0.00000000,0.00000000,0.00000000,0.00000000,0
2741000,0.09354476,0.07936323,-0.14736346,1.12463167,0.63239819,0.01538045,0
2742000,0.07274483,0.06036094,-0.32959299,0.97096301,0.47138459,0.02981015,0
2743000,0.04355520,0.01326288,-0.71292619,-0.41651077,0.00000000,0.62613467,0
2744000,0.06839200,0.11290205,0.00000000,0.00000000,0.00000000,0.00000000,0
2745000,0.07860499,0.04644804,-0.14784724,0.69873440,0.24411488,0.02980188,0
2746000,0.14327575,0.00766774,0.88607966,-0.62945691,0.39256858,0.10327206,0
2747000,0.07986722,0.12003269,-0.05477607,4.01772079,8.07104016,0.15948227,0
2748000,0.06534488,0.08608244,-0.27647910,2.82887714,4.00127293,0.25418396,0
2749000,0.07806572,0.00169049,-0.01381190,-0.91712817,0.00000000,0.53985622,0
2750000,0.06503508,0.00796009,-0.23664463,-0.63302403,0.00000000,0.58525052,0
2751000,0.11537825,0.00173910,0.00000000,0.00000000,0.00000000,0.00000000,0
2752000,0.10859923,0.08918438,0.00000000,0.00000000,0.00000000,0.00000000,0
2753000,0.06942461,0.05284749,-0.69840842,0.07688318,0.00295551,0.05115345,0
2754000,0.06491738,0.01792144,-0.52109304,-0.38770973,0.00000000,0.04843158,0
2755000,0.03898614,0.00460698,-0.78144483,-0.64726490,0.00000000,0.11288906,0
2756000,0.12428248,0.01439187,0.39535823,-0.39798018,0.07815407,0.11345805,0
2757000,0.12041765,0.00572962,0.40551980,-0.61951185,0.08222316,0.07900321,0
2758000,0.10226612,0.02598441,0.19842022,-0.02791257,0.01968529,0.63578408,0
2759000,0.09035431,0.02871550,0.05681411,0.08924448,0.00559621,0.12666638,0
2760000,0.06346784,0.00544171,-0.33977897,-0.62430048,0.00000000,0.09543576,0
2761000,0.11050831,0.01072446,0.46875525,-0.45515194,0.10986574,0.17281686,0
2762000,0.08269800,0.03583997,0.02577305,0.40966292,0.08424398,0.20478718,0
2763000,0.06831443,0.00569211,-0.19656466,-0.62450063,0.00000000,0.05780681,0
2764000,0.09260952,0.03905260,0.00000000,0.00000000,0.00000000,0.00000000,0
2765000,0.09450432,0.01546929,0.05935798,-0.33862051,0.00176169,0.00785796,0
2766000,0.06033517,0.02286586,-0.31165912,0.07429133,0.00275960,0.21213748,0
2767000,0.07778670,0.00539322,0.06706962,-0.73167074,0.00224917,0.07326366,0
2768000,0.07997897,0.01057710,0.18998714,-0.46226694,0.01804756,0.04181595,0
2769000,0.05432156,0.01913116,-0.27707765,0.03980628,0.00079227,0.22853727,0
2770000,0.05767922,0.01374159,0.00000000,0.00000000,0.00000000,0.00000000,0
2771000,0.06407788,0.08374423,-0.08941301,3.53185251,6.23699107,0.24050838,0
2772000,0.10795708,0.00113734,0.88091191,-1.04661874,0.38800290,1.80330461,0
2773000,0.07572214,0.02688608,0.00000000,0.00000000,0.00000000,0.00000000,0
2774000,0.03870386,0.05758993,-0.57361804,1.64740240,1.35696733,0.24603995,0
2775000,0.04553356,0.03530134,-0.41147912,0.80465901,0.32373806,0.31301249,0
2776000,0.09341109,0.03684289,0.54656149,0.96755710,0.61744810,1.14182115,0
2777000,0.05694551,0.03410558,0.00000000,0.00000000,0.00000000,0.00000000,0
2778000,0.05928518,0.01647845,-0.30907877,-0.23477958,0.00000000,0.17822443,0
2779000,0.05928925,0.02004195,-0.21189558,0.00627363,0.00001968,0.39373719,0
2780000,0.04514964,0.02979042,-0.47705354,0.58785791,0.17278846,0.55840324,0
2781000,0.08482525,0.01501514,0.47713402,-0.21509462,0.11382843,0.36547822,0
2782000,0.05602696,0.01119382,-0.14813573,-0.43023580,0.00000000,0.35585440,0
2783000,0.06197752,0.06730276,0.00000000,0.00000000,0.00000000,0.00000000,0
2784000,0.08086912,0.03393876,0.60344531,1.29860418,1.02525953,1.65465263,0
2785000,0.09833753,0.01483318,0.00000000,0.00000000,0.00000000,0.00000000,0
2786000,0.07326754,0.01099296,0.07350531,-0.39626507,0.00270152,0.06732214,0
2787000,0.12922251,0.04726543,1.14756844,1.21341799,1.39464827,0.20688059,0
2788000,0.18549371,0.00386231,2.43205214,-0.71245354,2.95743881,0.13184912,0
2789000,0.09178428,0.03541850,0.65075636,0.88841297,0.60638072,0.11704183,0
2790000,0.07221269,0.04704063,0.28278890,1.58198028,1.29131558,1.18776590,0
2791000,0.27652347,0.04168216,0.00000000,0.00000000,0.00000000,0.00000000,0
2792000,0.04763691,0.03919006,-0.24828125,1.03146737,0.53196247,0.56995566,0
2793000,0.07472737,0.03343878,0.00000000,0.00000000,0.00000000,0.00000000,0
2794000,0.07726058,0.03745550,0.47930248,1.29267851,0.95037430,0.39457356,0
2795000,0.07042034,0.02486869,0.00000000,0.00000000,0.00000000,0.00000000,0
2796000,0.05283229,0.04131753,-0.21771429,0.90358225,0.40823044,0.14695455,0
2797000,0.05308292,0.01029367,-0.13377059,-0.46008218,0.00000000,0.37429943,0
2798000,0.02388121,0.02490941,-0.75699917,0.36342973,0.06604058,0.37700820,0
2799000,0.07565752,0.01112569,0.45318696,-0.39846370,0.10268921,0.63562481,0
2800000,0.05103068,0.01773135,-0.11891974,0.02382476,0.00028381,0.80705381,0
2801000,0.08297165,0.02284379,0.00000000,0.00000000,0.00000000,0.00000000,0
2802000,0.09498893,0.04470207,0.65137540,1.05856897,0.77242909,0.13134759,0
2803000,0.07428256,0.02897724,0.00000000,0.00000000,0.00000000,0.00000000,0
2804000,0.07241368,0.01046287,0.17553270,-0.37282118,0.01540587,0.15136276,0
2805000,0.04149849,0.01674350,-0.35378190,-0.00503271,0.00000000,0.12717401,0
2806000,0.06320892,0.04477764,0.14991935,1.68190269,1.42563624,0.30888507,0
2807000,0.07692368,0.09188277,0.00000000,0.00000000,0.00000000,0.00000000,0
2808000,0.08876692,0.09336109,0.46098951,2.62636949,3.55516402,0.07919837,0
2809000,0.28155729,0.02815813,4.33320435,0.40812836,9.47161437,0.11477749,0
2810000,0.20211445,0.08717781,0.00000000,0.00000000,0.00000000,0.00000000,0
2811000,0.11487238,0.04325119,0.26548504,0.29353377,0.07832219,0.09501073,0
2812000,0.13898572,0.01656066,0.82896888,-0.32073102,0.34359470,0.04384577,0
2813000,0.06688400,0.04007111,-0.16836283,0.53770339,0.14456247,0.02875168,0
2814000,0.09010600,0.03068236,0.00000000,0.00000000,0.00000000,0.00000000,0
2815000,0.08710589,0.06233378,-0.18332063,0.43827748,0.09604357,0.00083466,0
2816000,0.06976578,0.07281099,-0.18494374,0.93866145,0.44054266,0.01155664,0
2817000,0.06957051,0.03160455,-0.10942615,0.16167457,0.01306933,0.04601118,0
2818000,0.07978182,0.09585053,0.00000000,0.00000000,0.00000000,0.00000000,0
2819000,0.07115407,0.05874024,0.15905584,1.98168412,1.97618535,0.26552881,0
2820000,0.11295937,0.01702713,0.00000000,0.00000000,0.00000000,0.00000000,0
2821000,0.06836807,0.01800345,-0.13093187,-0.20589949,0.00000000,0.01106035,0
2822000,0.05778472,0.04594941,-0.15349802,1.19395847,0.71276841,0.02660483,0
2823000,0.13875690,0.01368046,1.23136637,-0.27718622,0.75813157,0.03969054,0
2824000,0.05827593,0.00376068,0.00000000,0.00000000,0.00000000,0.00000000,0
2825000,0.10972439,0.05110575,1.08574282,2.07868072,2.74987550,0.56773257,0
2826000,0.12023654,0.06853218,1.55542817,3.52242122,7.41340402,0.26893648,0
2827000,0.08485471,0.01682524,0.00000000,0.00000000,0.00000000,0.00000000,0
2828000,0.07919367,0.08290905,0.32756038,2.62919152,3.50997192,0.23649002,0
2829000,0.08046312,0.06251365,0.48687226,2.11159774,2.34794480,0.06739959,0
2830000,0.06715677,0.01741870,0.00000000,0.00000000,0.00000000,0.00000000,0
2831000,0.09122992,0.02118380,0.62788694,0.28130139,0.23668624,0.08889511,0
2832000,0.12902789,0.01723129,0.00000000,0.00000000,0.00000000,0.00000000,0
2833000,0.09539030,0.00976116,0.75576042,-0.46623525,0.28558690,0.25425227,0
2834000,0.08150822,0.02189093,0.00000000,0.00000000,0.00000000,0.00000000,0
2835000,0.05758632,0.08852469,-0.12900716,2.29711928,2.63837850,0.18866974,0
2836000,0.08847640,0.04730098,0.00000000,0.00000000,0.00000000,0.00000000,0
2837000,0.05262665,0.01751983,-0.21384937,-0.11093150,0.00000000,0.03136518,0
2838000,0.07523502,0.08259275,0.24380271,3.05570412,4.69838372,0.81989103,0
2839000,0.08495317,0.00544435,0.00000000,0.00000000,0.00000000,0.00000000,0
2840000,0.07079811,0.00478005,0.20852840,-0.78380598,0.02174205,0.06840874,0
2841000,0.16619593,0.04972830,2.35214423,1.91066096,4.59160389,0.48209041,0
2842000,0.06792660,0.10753362,0.00000000,0.00000000,0.00000000,0.00000000,0
2843000,0.05304124,0.03515857,-0.05408667,0.92171018,0.42477483,0.29399905,0
2844000,0.05137806,0.05868559,0.00000000,0.00000000,0.00000000,0.00000000,0
2845000,0.05097971,0.02001373,-0.10905426,0.21535353,0.02318857,0.27404665,0
2846000,0.07512864,0.02729047,0.54783055,0.81377129,0.48117102,0.32221032,0
2847000,0.05553779,0.08169673,0.00000000,0.00000000,0.00000000,0.00000000,0
2848000,0.05701860,0.05365206,-0.12010168,1.48643049,1.10473781,0.08287045,0
2849000,0.07019905,0.01761064,0.19658085,-0.05230122,0.01932202,0.32970072,0
2850000,0.05224246,0.00845391,-0.10298530,-0.51082328,0.00000000,0.04616381,0
2851000,0.08668646,0.06348407,0.00000000,0.00000000,0.00000000,0.00000000,0
2852000,0.14997886,0.01555452,1.59908733,-0.14413587,1.27854014,0.05918746,0
2853000,0.05395053,0.06652683,-0.05712529,2.60748247,3.39948241,0.10199289,0
2854000,0.11199498,0.07505918,0.00000000,0.00000000,0.00000000,0.00000000,0
2855000,0.06178657,0.02167854,0.39199388,0.53869942,0.22192813,0.36530948,0
2856000,0.05863556,0.00719531,0.00000000,0.00000000,0.00000000,0.00000000,0
2857000,0.03631293,0.04845816,0.00000000,0.00000000,0.00000000,0.00000000,0
2858000,0.07283561,0.02174415,0.30858359,0.34817210,0.10822382,1.23115685,0
2859000,0.06686497,0.07312451,0.27251881,4.25053539,9.07065881,0.51801498,0
2860000,0.07397753,0.05214297,0.53774892,2.88202697,4.29762668,0.84003877,0
2861000,0.10140958,0.04500182,0.00000000,0.00000000,0.00000000,0.00000000,0
2862000,0.07963100,0.01692574,0.00000000,0.00000000,0.00000000,0.00000000,0
2863000,0.09723689,0.03166964,0.73651413,0.67223928,0.49717936,0.11811580,0
2864000,0.07689017,0.05385170,0.49358484,2.03865465,2.19986939,0.07309568,0
2865000,0.07438389,0.07606757,0.00000000,0.00000000,0.00000000,0.00000000,0
2866000,0.06335631,0.03971072,0.01672636,1.29298262,0.83604192,0.07753456,0
2867000,0.06246131,0.04231076,0.00000000,0.00000000,0.00000000,0.00000000,0
2868000,0.06837805,0.06103453,0.13376744,2.49973482,3.13328395,0.08663957,0
2869000,0.07723969,0.03454949,0.00000000,0.00000000,0.00000000,0.00000000,0
2870000,0.06097455,0.00668093,0.09647593,-0.56505584,0.00465380,0.35802435,0
2871000,0.07564173,0.01943972,0.00000000,0.00000000,0.00000000,0.00000000,0
2872000,0.07155223,0.07041016,0.00000000,0.00000000,0.00000000,0.00000000,0
2873000,0.07051386,0.02453733,0.07716133,0.19288950,0.02158011,0.13418305,0
2874000,0.10323852,0.02674672,0.00000000,0.00000000,0.00000000,0.00000000,0
2875000,0.06208347,0.03745065,0.14428694,1.39275282,0.98028957,0.32227599,0
2876000,0.04744175,0.02756254,-0.15648371,0.86950940,0.37802330,0.68520552,0
2877000,0.07385127,0.01944700,0.00000000,0.00000000,0.00000000,0.00000000,0
2878000,0.04971383,0.00921337,-0.13254500,-0.44473980,0.00000000,0.29865107,0
2879000,0.12828320,0.02395743,0.00000000,0.00000000,0.00000000,0.00000000,0
2880000,0.07985368,0.01837524,0.25396749,-0.03145261,0.03224974,0.25452017,0
2881000,0.07468998,0.05112441,0.00000000,0.00000000,0.00000000,0.00000000,0
2882000,0.28843188,0.15389706,1.42225468,1.73479584,2.51616248,0.17238078,0
2883000,0.06157822,0.10534718,-0.47976758,1.39021688,0.96635149,0.01589176,0
2884000,0.07828212,0.05554131,-0.14014422,0.56347487,0.15875197,0.00026730,0
2885000,0.05027349,0.01528821,-0.39654155,-0.33169188,0.00000000,0.10454865,0
2886000,0.04398371,0.01003449,-0.42821619,-0.43938445,0.00000000,0.01741664,0
2887000,0.07779771,0.05055705,0.09729566,0.80203646,0.32636447,0.02090054,0
2888000,0.06143268,0.00500188,-0.10895315,-0.57805970,0.00000000,0.00498698,0
2889000,0.08911329,0.03426611,0.36072835,0.39920635,0.14474532,0.10355132,0
2890000,0.15530343,0.00756574,0.00000000,0.00000000,0.00000000,0.00000000,0
2891000,0.07293135,0.02886260,0.17244018,0.20271448,0.03541439,0.03240132,0
2892000,0.06585707,0.00851544,0.14150753,-0.43673603,0.01001219,0.06461459,0
2893000,0.04188257,0.03719718,0.00000000,0.00000000,0.00000000,0.00000000,0
2894000,0.08336956,0.05741030,0.59429771,2.28688119,2.79150767,0.19291812,0
2895000,0.04959164,0.00793513,0.00000000,0.00000000,0.00000000,0.00000000,0
2896000,0.12608723,0.02676149,1.50658080,0.64635784,1.34378208,0.06769866,0
2897000,0.09008413,0.04441478,0.93907010,1.92751248,2.29857851,0.32613597,0
2898000,0.09002240,0.08057262,0.00000000,0.00000000,0.00000000,0.00000000,0
2899000,0.04945552,0.00233462,-0.15372055,-0.65887815,0.00000000,0.20845623,0
2900000,0.06124082,0.01268035,0.12726941,-0.23629111,0.00809875,0.05346750,0
2901000,0.17620929,0.02527342,2.69426799,0.38949457,3.70539302,0.87128325,0
2902000,0.17258340,0.00971120,0.00000000,0.00000000,0.00000000,0.00000000,0
2903000,0.05143155,0.00353738,-0.27200712,-0.65038556,0.00000000,0.05718960,0
2904000,0.21382138,0.06085963,2.55622336,1.73579132,4.77362469,0.08189096,0
2905000,0.05823345,0.02103627,-0.01887914,0.13604288,0.00925383,0.10935394,0
2906000,0.05085152,0.02382957,-0.11853557,0.30587198,0.04677883,0.21347352,0
2907000,0.04609723,0.03332925,-0.20164441,0.83794604,0.35107678,0.24690427,0
2908000,0.07828092,0.03441425,0.00000000,0.00000000,0.00000000,0.00000000,0
2909000,0.07323658,0.01318961,0.30326657,-0.25751901,0.04598531,0.22443547,0
2910000,0.13169380,0.00565289,0.00000000,0.00000000,0.00000000,0.00000000,0
2911000,0.15278322,0.04655273,1.90887848,1.77224896,3.39234172,0.07358761,0
2912000,0.04845797,0.00312952,-0.09130162,-0.82464030,0.00000000,0.43092055,0
2913000,0.09480013,0.02783960,0.00000000,0.00000000,0.00000000,0.00000000,0
2914000,0.12492327,0.00996966,1.50224899,-0.40504096,1.12837601,0.23751365,0
2915000,0.07302938,0.02101068,0.00000000,0.00000000,0.00000000,0.00000000,0
2916000,0.13359697,0.02840410,0.00000000,0.00000000,0.00000000,0.00000000,0
2917000,0.09466001,0.00177080,0.80443792,-0.94332995,0.32356019,0.04642638,0
2918000,0.06505848,0.00799525,0.00000000,0.00000000,0.00000000,0.00000000,0
2919000,0.04565056,0.03629337,-0.24991874,1.31417428,0.86352702,0.14757561,0
2920000,0.05275349,0.01209123,-0.02344785,-0.26143608,0.00000000,0.66096382,0
2921000,0.05135298,0.03288586,0.00000000,0.00000000,0.00000000,0.00000000,0
2922000,0.04032321,0.02229911,-0.33386927,0.23683598,0.02804564,0.29673531,0
2923000,0.12031952,0.08797546,1.49333702,3.63943652,7.73777682,0.12447292,0
2924000,0.08462243,0.01622353,0.78115319,0.02116171,0.30532406,0.60188362,0
2925000,0.05967818,0.01947415,0.19398659,0.22646008,0.04445748,0.67487763,0
2926000,0.06161704,0.05628067,0.00000000,0.00000000,0.00000000,0.00000000,0
2927000,0.13505955,0.01195534,0.75884063,-0.38407782,0.28791955,0.07155292,0
2928000,0.06996062,0.07477318,-0.01920761,2.47444412,3.06143686,0.03633956,0
2929000,0.08503236,0.01228636,0.30756113,-0.30181427,0.04729692,0.02715586,0
2930000,0.10164728,0.03815704,0.69435340,1.08578715,0.83053019,0.18060283,0
2931000,0.08767781,0.00538532,0.00000000,0.00000000,0.00000000,0.00000000,0
2932000,0.06289034,0.01100168,0.11935055,-0.33855595,0.00712228,0.13908218,0
2933000,0.09454720,0.07771564,0.92798708,4.85316121,12.20716686,0.30694220,0
2934000,0.04999997,0.00472791,-0.02934177,-0.79618602,0.00000000,0.57832902,0
2935000,0.04252267,0.00769548,0.00000000,0.00000000,0.00000000,0.00000000,0
2936000,0.18189430,0.05747526,0.00000000,0.00000000,0.00000000,0.00000000,0
2937000,0.13575941,0.01805378,1.36951078,-0.02137722,0.93777989,0.27808911,0
2938000,0.07329928,0.02463933,0.34825885,0.36335874,0.12665690,0.30316500,0
2939000,0.12475849,0.01513412,1.53976056,-0.08761712,1.18543129,0.02684240,0
2940000,0.09462304,0.02013088,0.00000000,0.00000000,0.00000000,0.00000000,0
2941000,0.03778575,0.00639600,-0.44476384,-0.59872200,0.00000000,0.17141479,0
2942000,0.03941100,0.03616719,-0.36684157,0.99950910,0.49950922,0.03328240,0
2943000,0.08573177,0.02310103,0.00000000,0.00000000,0.00000000,0.00000000,0
2944000,0.05737104,0.04228795,-0.01343478,1.45143800,1.05333613,0.30148140,0
2945000,0.05147952,0.01897749,-0.07723505,0.18044117,0.01627951,0.25232563,0
2946000,0.07160390,0.00310589,0.00000000,0.00000000,0.00000000,0.00000000,0
2947000,0.05079150,0.01199642,-0.14731208,-0.32702248,0.00000000,0.11201719,0
2948000,0.05203370,0.03096959,-0.08326231,0.82297870,0.33864697,0.23420646,0
2949000,0.10118528,0.00812642,1.00188564,-0.54305910,0.50188742,0.27296327,0
2950000,0.04066383,0.00152987,0.00000000,0.00000000,0.00000000,0.00000000,0
2951000,0.05100210,0.00072802,0.00000000,0.00000000,0.00000000,0.00000000,0
2952000,0.05112682,0.02646735,0.00000000,0.00000000,0.00000000,0.00000000,0
2953000,0.04881355,0.01972650,-0.09227683,0.25872571,0.03346950,0.78097313,0
2954000,0.13897121,0.05395084,0.00000000,0.00000000,0.00000000,0.00000000,0
2955000,0.07574547,0.02068971,0.62581667,0.42149324,0.28465153,0.36529657,0
2956000,0.07490072,0.02875470,0.00000000,0.00000000,0.00000000,0.00000000,0
2957000,0.12013799,0.06357095,1.04929824,1.60845701,1.84408038,0.27186985,0
2958000,0.05372927,0.02494314,-0.07077347,0.27893176,0.03890146,0.24442311,0
2959000,0.06160062,0.01181662,0.12864265,-0.28726490,0.00827447,0.17344524,0
2960000,0.06758010,0.01185401,0.00000000,0.00000000,0.00000000,0.00000000,0
2961000,0.09741506,0.02035594,0.91232001,0.26549209,0.45140692,0.30160631,0
2962000,0.14034526,0.02913329,0.00000000,0.00000000,0.00000000,0.00000000,0
2963000,0.16313955,0.02271845,0.00000000,0.00000000,0.00000000,0.00000000,0
2964000,0.32583535,0.00531244,2.91547340,-0.54827875,4.24999258,0.02249993,0
2965000,0.08723047,0.03301134,0.29233053,0.61879097,0.23417970,0.05252088,0
2966000,0.08128503,0.00407755,0.27508681,-0.65497910,0.03783638,0.24394339,0
2967000,0.08994390,0.03854509,0.51181116,1.14467432,0.78611499,0.09223134,0
2968000,0.10364296,0.06336623,0.85853581,2.64744954,3.87303641,0.09990835,0
2969000,0.08130564,0.02039197,0.00000000,0.00000000,0.00000000,0.00000000,0
2970000,0.08414378,0.01599942,0.00000000,0.00000000,0.00000000,0.00000000,0
2971000,0.15090704,0.00122266,1.03074358,-0.74160471,0.53121617,0.07837311,0
2972000,0.08656335,0.07908043,0.39920979,2.90597999,4.30204409,0.05553351,0
2973000,0.10189226,0.02399380,0.84738801,0.39785544,0.43817770,0.10216278,0
2974000,0.07252683,0.08567870,0.35603030,4.08021958,8.38747468,0.22203384,0
2975000,0.10063145,0.02730760,0.00000000,0.00000000,0.00000000,0.00000000,0
2976000,0.12336132,0.01280027,1.29829830,-0.31435986,0.84278923,0.00000000,0
2977000,0.23477241,0.09572174,0.00000000,0.00000000,0.00000000,0.00000000,0
2978000,0.19050680,0.06612980,3.02441881,3.33416671,10.13188839,0.38793235,0
2979000,0.12419504,0.09327088,0.00000000,0.00000000,0.00000000,0.00000000,0
2980000,0.08092400,0.07973819,0.00000000,0.00000000,0.00000000,0.00000000,0
2981000,0.09545929,0.06514041,0.82184323,2.87887286,4.48166763,0.13270542,0
2982000,0.06360414,0.06723260,0.29829882,3.45091001,5.99888103,0.31062792,0
2983000,0.05851506,0.01326898,0.24819438,-0.07516030,0.03080022,0.34046039,0
2984000,0.04820000,0.00991642,0.00000000,0.00000000,0.00000000,0.00000000,0
2985000,0.23513365,0.02230044,4.37953661,0.34068769,9.64820452,0.46237912,0
2986000,0.08048192,0.07306332,0.00000000,0.00000000,0.00000000,0.00000000,0
2987000,0.40708479,0.00105921,7.46384502,-0.94585641,27.85449127,0.32124966,0
2988000,0.10919002,0.05055878,0.00000000,0.00000000,0.00000000,0.00000000,0
2989000,0.07463937,0.01197328,0.40179451,-0.24829585,0.08071942,0.12365120,0
2990000,0.16572049,0.01925423,2.62150740,0.27702484,3.47452189,0.23644552,0
2991000,0.05313845,0.04033526,0.06820815,1.86441314,1.74034436,0.79777217,0
2992000,0.06632172,0.00187930,0.00000000,0.00000000,0.00000000,0.00000000,0
2993000,0.07704397,0.01191997,0.35251007,-0.35679308,0.06213167,1.04371543,0
2994000,0.09669798,0.04498269,0.96925820,1.88238868,2.24142430,0.36408381,0
2995000,0.06874282,0.05182225,0.40348705,2.54802984,3.32762894,0.38422170,0
2996000,0.05340380,0.00094383,0.05836677,-1.05253075,0.00170334,1.00711264,0
2997000,0.09081008,0.08206270,1.14467789,5.14525595,13.89197314,0.81390151,0
2998000,0.24401739,0.07617044,0.00000000,0.00000000,0.00000000,0.00000000,0
2999000,0.05531893,0.01322260,-0.16284523,-0.38198092,0.00000000,0.09842451,0
3000000,0.05598610,0.00998006,-0.08605529,-0.48232772,0.00000000,0.13181074,0
3001000,0.20728591,0.06784710,3.40791557,2.52878459,9.00432003,0.18449688,0
3002000,0.08889776,0.00240879,0.00000000,0.00000000,0.00000000,0.00000000,0
3003000,0.03438482,0.02035315,-0.38150303,0.36050688,0.06498261,0.63814739,0
3004000,0.06424618,0.03396259,0.42044572,1.51086371,1.22974188,0.22710236,0
3005000,0.03737447,0.00967795,0.00000000,0.00000000,0.00000000,0.00000000,0
3006000,0.14387965,0.01559550,2.07420020,0.09285308,2.15546407,0.41063376,0
3007000,0.03847057,0.00531917,0.00000000,0.00000000,0.00000000,0.00000000,0
3008000,0.05537340,0.01789828,-0.01194783,0.08887711,0.00394957,0.15440096,0
3009000,0.06618199,0.02119551,0.25383371,0.32880129,0.08627092,0.49621518,0
3010000,0.07754188,0.08159296,0.56769834,4.35335596,9.63699474,0.18936296,0
3011000,0.06969432,0.01020092,0.00000000,0.00000000,0.00000000,0.00000000,0
3012000,0.06544808,0.02782545,0.21027105,0.76039933,0.31121053,0.25964176,0
3013000,0.07000287,0.05401185,0.42227173,2.89801929,4.28841462,0.46498702,0
3014000,0.21961933,0.01018189,0.00000000,0.00000000,0.00000000,0.00000000,0
3015000,0.08069807,0.02268704,-0.28893064,-0.36878310,0.00000000,0.00000566,0
3016000,0.06528492,0.00183273,-0.28383531,-0.67290690,0.00000000,0.05783399,0
3017000,0.07540508,0.06570216,-0.08148735,0.87902849,0.38634554,0.05149463,0
3018000,0.11848298,0.03308574,0.54631492,0.17636942,0.16478308,0.02269231,0
3019000,0.05859981,0.04103181,-0.18827646,0.46315520,0.10725637,0.03858153,0
3020000,0.05231156,0.00176744,-0.25192059,-0.64798925,0.00000000,0.04585744,0
3021000,0.14514224,0.01982155,0.00000000,0.00000000,0.00000000,0.00000000,0
3022000,0.26188830,0.06558394,3.32414517,2.02768699,7.58072783,0.09147656,0
3023000,0.07995175,0.05082508,0.38640503,1.63490369,1.41110947,0.81140838,0
3024000,0.07056209,0.02317466,0.25876091,0.30987384,0.08148950,0.13529634,0
3025000,0.10325167,0.04136103,1.02628850,1.38801449,1.48992616,0.34945693,0
3026000,0.07176548,0.02836307,0.00000000,0.00000000,0.00000000,0.00000000,0
3027000,0.07156240,0.05588078,0.28956709,2.22569576,2.51878535,0.46321646,0
3028000,0.06400786,0.02770327,0.00000000,0.00000000,0.00000000,0.00000000,0
3029000,0.07272226,0.04736299,-0.00096255,1.26014493,0.79398262,0.19097756,0
3030000,0.08946330,0.00282865,0.37727323,-0.84834687,0.07116754,0.43233893,0
3031000,0.18253574,0.12910874,2.19938602,6.30344660,22.28536894,0.34228559,0
3032000,0.08703993,0.02052613,0.49437572,0.17211239,0.13701501,0.16477281,0
3033000,0.05271184,0.00141660,0.00000000,0.00000000,0.00000000,0.00000000,0
3034000,0.09131603,0.00524767,0.00000000,0.00000000,0.00000000,0.00000000,0
3035000,0.05896539,0.01200924,-0.09771726,-0.27789633,0.00000000,0.06290751,0
3036000,0.09518291,0.05068284,0.60763730,1.25944705,0.97771499,0.49524882,0
3037000,0.06548709,0.00242748,0.00000000,0.00000000,0.00000000,0.00000000,0
3038000,0.08433132,0.00590152,0.30658108,-0.75896283,0.04699598,0.75708930,0
3039000,0.04585125,0.01114082,-0.31559131,-0.43688309,0.00000000,0.52576554,0
3040000,0.06971644,0.00494488,0.24384426,-0.84726698,0.02973001,0.13661527,0
3041000,0.12547588,0.05212303,0.00000000,0.00000000,0.00000000,0.00000000,0
3042000,0.09886928,0.00166472,1.06150349,-0.96732538,0.56339483,0.05806825,0
3043000,0.07301448,0.01636352,0.57902380,0.08568022,0.17130483,0.32612764,0
3044000,0.06755438,0.01091373,0.00000000,0.00000000,0.00000000,0.00000000,0
3045000,0.06068066,0.01812130,0.12822836,0.08688414,0.01199568,2.27053627,0
3046000,0.09507091,0.10195820,0.00000000,0.00000000,0.00000000,0.00000000,0
3047000,0.06665631,0.00589377,-0.00015849,-0.57536575,0.00000000,0.02279188,0
3048000,0.05005595,0.05051380,-0.21643222,1.28308192,0.82314960,0.28458109,0
3049000,0.06016502,0.08331776,0.00000000,0.00000000,0.00000000,0.00000000,0
3050000,0.04912195,0.04739309,-0.29463425,1.69707221,1.44002705,0.77476130,0
3051000,0.04768384,0.01773574,-0.29217194,0.02201753,0.00024239,0.38593117,0
3052000,0.04756251,0.03495452,0.00000000,0.00000000,0.00000000,0.00000000,0
3053000,0.04164823,0.00214528,0.00000000,0.00000000,0.00000000,0.00000000,0
3054000,0.06791732,0.02028304,0.17149421,0.09744483,0.01945288,0.48541136,0
3055000,0.06357393,0.00428032,0.17402178,-0.74391085,0.01514179,0.23871453,0
3056000,0.05409271,0.02679792,0.00524083,0.65675509,0.21567736,0.38834345,0
3057000,0.12102729,0.09793445,0.00000000,0.00000000,0.00000000,0.00000000,0
3058000,0.06771340,0.04231041,0.23173522,1.41627025,1.02976132,0.19932805,0
3059000,0.05712219,0.01750319,0.00000000,0.00000000,0.00000000,0.00000000,0
3060000,0.05050838,0.01173183,-0.10814846,-0.25971029,0.00000000,0.21348451,0
3061000,0.13614568,0.12243439,0.00000000,0.00000000,0.00000000,0.00000000,0
3062000,0.07710206,0.00590421,0.30706269,-0.64767477,0.04714375,0.29997258,0
3063000,0.05863820,0.04697175,0.00823627,1.89574288,1.79695445,0.20384553,0
3064000,0.11930394,0.04037837,1.42252994,1.64156434,2.35916245,0.74150417,0
3065000,0.11082969,0.04684643,1.34281804,2.20905647,3.34154538,0.41489398,0
3066000,0.08683356,0.01523135,0.00000000,0.00000000,0.00000000,0.00000000,0
3067000,0.05599330,0.07330659,-0.16415609,2.23171640,2.49027905,0.00490279,0
3068000,0.06460493,0.01356631,0.14236749,-0.27460905,0.01013425,0.10072300,0
3069000,0.06903935,0.02146424,0.33026565,0.23312035,0.08171025,0.25994268,0
3070000,0.15888114,0.02174231,0.00000000,0.00000000,0.00000000,0.00000000,0
3071000,0.06420172,0.04039526,0.12539506,1.02892564,0.53720595,0.04878793,0
3072000,0.07501039,0.03708923,0.00000000,0.00000000,0.00000000,0.00000000,0
3073000,0.06089753,0.03521495,0.07158497,1.00192817,0.50449223,0.04037218,0
3074000,0.04410597,0.01369610,-0.17820710,-0.16539741,0.00000000,0.24071764,0
3075000,0.09804165,0.00474470,0.00000000,0.00000000,0.00000000,0.00000000,0
3076000,0.06003186,0.02140968,0.16755138,0.48693682,0.13259046,0.69629736,0
3077000,0.46530455,0.00216486,0.00000000,0.00000000,0.00000000,0.00000000,0
3078000,0.04930447,0.02827930,-0.13278222,0.45248552,0.10237157,0.06487522,0
3079000,0.07537045,0.03736943,0.46555334,1.00144749,0.60981849,0.40420613,0
3080000,0.14578579,0.07389247,2.19934805,3.07626567,7.15027116,0.13814736,0
3081000,0.04045058,0.00441232,-0.26792004,-0.67172145,0.00000000,0.24649605,0
3082000,0.05829591,0.00756760,0.21138649,-0.50711600,0.02234212,0.11150153,0
3083000,0.08821124,0.06338563,0.00000000,0.00000000,0.00000000,0.00000000,0
3084000,0.09083176,0.02004782,0.00000000,0.00000000,0.00000000,0.00000000,0
3085000,0.07550843,0.03933865,0.17677634,0.68228286,0.24837989,0.01627686,0
3086000,0.11167651,0.06529569,1.04679700,2.03286989,2.61417197,0.16288409,0
3087000,0.05450200,0.01318677,-0.05603358,-0.23037561,0.00000000,0.14208177,0
3088000,0.31867969,0.01395321,6.09055256,-0.16840465,18.54741522,0.39440612,0
3089000,0.06654122,0.00345579,0.29640178,-0.73210055,0.04392701,0.46949152,0
3090000,0.10092548,0.02201025,0.00000000,0.00000000,0.00000000,0.00000000,0
3091000,0.06569794,0.02574414,-0.04510483,0.20137975,0.02027690,0.00019670,0
3092000,0.08523197,0.00385126,0.42809833,-0.72323399,0.09163409,0.12538047,0
3093000,0.07234815,0.00896038,0.29540886,-0.46318682,0.04363320,0.10142700,0
3094000,0.05187656,0.05079184,-0.07657071,2.10205868,2.20932534,0.33868735,0
3095000,0.07447343,0.05064189,0.47287277,2.23139242,2.60136039,0.27908634,0
3096000,0.06711285,0.01841247,0.34274122,0.15828422,0.07126272,0.54598864,0
3097000,0.05904670,0.01649459,0.18878954,0.05501257,0.01933394,0.26178299,0
3098000,0.05604455,0.03912378,0.00000000,0.00000000,0.00000000,0.00000000,0
3099000,0.10499498,0.01056195,1.00552134,-0.36815810,0.50553658,0.33053682,0
3100000,0.27117571,0.04628975,0.00000000,0.00000000,0.00000000,0.00000000,0
3101000,0.03692010,0.01472049,-0.33972612,-0.00383352,0.00000000,0.22287773,0
3102000,0.06744573,0.00659024,0.00000000,0.00000000,0.00000000,0.00000000,0
3103000,0.05644176,0.02376657,0.12480658,0.62225445,0.20138864,0.51249632,0
3104000,0.07166073,0.08510122,0.00000000,0.00000000,0.00000000,0.00000000,0
3105000,0.05332031,0.02114169,-0.14347190,0.04408976,0.00097195,0.02720282,0
3106000,0.06373229,0.02078240,0.00000000,0.00000000,0.00000000,0.00000000,0
3107000,0.07729024,0.06754410,0.70414179,3.58221317,6.66403341,0.39067006,0
3108000,0.15099399,0.05768843,2.93186342,3.23792732,9.53999821,0.75586121,0
3109000,0.08674065,0.00193232,1.25000477,-1.04690183,0.78125597,0.48395886,0
3110000,0.07076415,0.01710888,0.00000000,0.00000000,0.00000000,0.00000000,0
3111000,0.16051108,0.04927821,2.39307736,2.27740276,5.45669127,0.14676440,0
3112000,0.03784978,0.05394954,0.00000000,0.00000000,0.00000000,0.00000000,0
3113000,0.06574033,0.00770962,0.39197018,-0.54952877,0.07682031,0.37541281,0
3114000,0.06317182,0.01467241,0.00000000,0.00000000,0.00000000,0.00000000,0
3115000,0.19500816,0.04096783,0.00000000,0.00000000,0.00000000,0.00000000,0
3116000,0.07923449,0.10067806,0.40656758,4.35873253,9.58192323,0.13105271,0
3117000,0.12531346,0.06793715,1.65492589,3.26585506,6.70229448,0.57873447,0
3118000,0.10641419,0.04737272,0.00000000,0.00000000,0.00000000,0.00000000,0
3119000,0.15240340,0.03773627,0.00000000,0.00000000,0.00000000,0.00000000,0
3120000,0.12562038,0.10985425,0.29652348,1.62786168,1.36892991,0.59508733,0
3121000,0.08917695,0.01137104,0.06681051,-0.48065412,0.00223182,0.00280199,0
3122000,0.08106504,0.03231865,0.07130066,0.17058975,0.01709232,0.00362493,0
3123000,0.06350393,0.09028605,-0.11368860,2.05768357,2.11703084,0.02384855,0
3124000,0.07115024,0.02286405,0.04638775,-0.00251270,0.00107591,0.07998718,0
3125000,0.07120406,0.01747430,0.08566412,-0.15992523,0.00366917,0.02886413,0
3126000,0.06625636,0.03815789,0.02686256,0.62397432,0.19503278,0.09333015,0
3127000,0.43507966,0.08566959,0.00000000,0.00000000,0.00000000,0.00000000,0
3128000,0.06160480,0.00955304,0.00000000,0.00000000,0.00000000,0.00000000,0
3129000,0.06693719,0.03984044,0.01819488,1.03489045,0.53566465,0.00000000,0
3130000,0.08179322,0.07749835,0.44779587,3.52743354,6.32165424,0.12259364,0
3131000,0.05945837,0.00295553,0.00000000,0.00000000,0.00000000,0.00000000,0
3132000,0.10395598,0.04628247,1.06236167,1.53222524,1.73816325,0.28290462,0
3133000,0.09721620,0.00484119,0.00000000,0.00000000,0.00000000,0.00000000,0
3134000,0.06566855,0.02642644,-0.03079238,0.28154027,0.03963246,0.27155755,0
3135000,0.05887097,0.06129228,-0.05651044,2.24903404,2.52907705,0.15274404,0
3136000,0.08927273,0.01657753,0.00000000,0.00000000,0.00000000,0.00000000,0
3137000,0.06691570,0.01896509,0.05434723,0.02315116,0.00174480,0.03830782,0
3138000,0.05371546,0.03086890,-0.07277121,0.91403748,0.41773226,0.36478008,0
3139000,0.12816207,0.09524608,1.75417705,5.59147146,17.17084512,0.62096519,0
3140000,0.05520985,0.00523990,0.00000000,0.00000000,0.00000000,0.00000000,0
3141000,0.20213023,0.01608274,2.74288131,-0.14631077,3.76169893,0.15766247,0
3142000,0.40933141,0.00354436,0.00000000,0.00000000,0.00000000,0.00000000,0
3143000,0.07695789,0.00136212,0.27893241,-0.83554829,0.03890164,0.31340533,0
3144000,0.08181386,0.03116831,0.50809398,0.64446837,0.33674949,0.07723830,0
3145000,0.21372224,0.00495144,3.44045876,-0.70653223,5.91837825,0.22689522,0
3146000,0.21183047,0.01966241,0.00000000,0.00000000,0.00000000,0.00000000,0
3147000,0.12605812,0.01993291,0.00000000,0.00000000,0.00000000,0.00000000,0
3148000,0.08594646,0.01840016,0.65180258,0.17762220,0.22819812,0.03820554,0
3149000,0.11096094,0.07223152,1.36381158,4.22763393,9.86643533,0.45612897,0
3150000,0.05824710,0.00134251,0.00000000,0.00000000,0.00000000,0.00000000,0
3151000,0.05163330,0.03989882,0.00817046,1.49870244,1.12308788,0.35639440,0
3152000,0.16209519,0.06149497,3.09406873,3.12618660,9.67315200,0.60565649,0
3153000,0.09420067,0.02796508,0.00000000,0.00000000,0.00000000,0.00000000,0
3154000,0.05697328,0.00195315,0.05689898,-0.87834655,0.00161875,0.32822446,0
3155000,0.06312749,0.01112363,0.29820920,-0.29178226,0.04446436,0.17605969,0
3156000,0.08857220,0.11577881,0.00000000,0.00000000,0.00000000,0.00000000,0
3157000,0.05155662,0.04108900,0.00000000,0.00000000,0.00000000,0.00000000,0
3158000,0.05905122,0.01909635,0.31468722,0.25351702,0.08164946,0.29405433,0
3159000,0.07090029,0.00789425,0.00000000,0.00000000,0.00000000,0.00000000,0
3160000,0.11774846,0.02420373,1.17802825,0.36950127,0.76214087,0.04483510,0
3161000,0.11310899,0.03237438,1.30354704,0.99850699,1.34812554,0.19410654,0
3162000,0.09916396,0.06148926,1.14136813,3.07683076,5.38480435,0.15061497,0
3163000,0.05177032,0.00414750,0.02942742,-0.78079931,0.00043299,0.37675175,0
3164000,0.05140945,0.02707035,0.00000000,0.00000000,0.00000000,0.00000000,0
3165000,0.08707116,0.08204680,0.78670289,3.81131627,7.57251657,0.58392949,0
3166000,0.14438599,0.01310457,0.00000000,0.00000000,0.00000000,0.00000000,0
3167000,0.07153979,0.05727499,0.40702762,2.95940428,4.46187259,0.21639120,0
3168000,0.06645244,0.04120927,0.00000000,0.00000000,0.00000000,0.00000000,0
3169000,0.08596823,0.04211387,0.54409269,1.66825403,1.53955418,0.31740089,0
3170000,0.08930525,0.04159524,0.00000000,0.00000000,0.00000000,0.00000000,0
3171000,0.22010775,0.06042074,4.21744943,3.51852026,15.08343226,0.40367298,0
3172000,0.08759123,0.00261248,0.00000000,0.00000000,0.00000000,0.00000000,0
3173000,0.21265237,0.06903897,4.11399959,3.09230181,13.24366153,0.66343331,0
3174000,0.05892096,0.02390492,0.21753973,0.52004718,0.15888630,0.23767489,0
3175000,0.14749955,0.03238560,0.00000000,0.00000000,0.00000000,0.00000000,0
3176000,0.07734823,0.02721739,0.15419580,0.48168458,0.12789819,0.08618890,0
3177000,0.06308893,0.02737954,0.00000000,0.00000000,0.00000000,0.00000000,0
3178000,0.05961652,0.03456552,0.00166409,0.81161159,0.32935807,0.17332836,0
3179000,0.04772581,0.02248915,-0.17108654,0.32918052,0.05417991,0.33704002,0
3180000,0.08456533,0.00423364,0.67962648,-0.69412429,0.23094607,0.55627804,0
3181000,0.16693577,0.00116147,0.00000000,0.00000000,0.00000000,0.00000000,0
3182000,0.06310271,0.05868408,0.01776696,2.18490154,2.38705520,0.18553302,0
3183000,0.10825346,0.04350311,1.09623862,1.58240145,1.85286674,0.40436566,0
3184000,0.26128051,0.03565929,4.80334296,1.26011903,12.33000176,0.36771564,0
3185000,0.07173505,0.00126224,0.49370460,-0.99816142,0.12187212,0.16376410,0
3186000,0.13512684,0.02740158,2.18980720,0.87926396,2.78418034,0.36122500,0
3187000,0.07304085,0.07024818,0.00000000,0.00000000,0.00000000,0.00000000,0
3188000,0.06796052,0.01585264,0.32390331,0.05789409,0.05413254,0.66548598,0
3189000,0.08564170,0.04112874,0.00000000,0.00000000,0.00000000,0.00000000,0
3190000,0.06351046,0.03088478,0.25299404,1.22305039,0.77992912,0.14694059,0
3191000,0.04827993,0.00656601,0.00000000,0.00000000,0.00000000,0.00000000,0
3192000,0.04107701,0.00811244,-0.16060436,-0.50203126,0.00000000,0.62001526,0
3193000,0.08595749,0.03116514,0.00000000,0.00000000,0.00000000,0.00000000,0
3194000,0.02603446,0.03949864,-0.54167008,1.48672895,1.10518149,0.05459672,0
3195000,0.15123717,0.02647323,0.00000000,0.00000000,0.00000000,0.00000000,0
3196000,0.13100362,0.03996472,1.00745533,0.71349811,0.76202290,0.12162620,0
3197000,0.03636540,0.01300196,-0.33671569,-0.19122239,0.00000000,0.24696861,0
3198000,0.04802006,0.04233804,-0.10575600,1.16204642,0.67517594,0.08035008,0
3199000,0.06629712,0.07446091,0.00000000,0.00000000,0.00000000,0.00000000,0
3200000,0.06583375,0.00995608,0.36754173,-0.32248794,0.06754346,0.40567647,0
3201000,0.06323494,0.00684544,0.39006251,-0.59683986,0.07607438,0.80792519,0
3202000,0.08408807,0.01543293,0.00000000,0.00000000,0.00000000,0.00000000,0
3203000,0.06522543,0.02158337,0.28213550,0.39875702,0.11930380,0.17395517,0
3204000,0.06348779,0.01823409,0.33609743,0.27548769,0.09442747,0.39338872,0
3205000,0.06867539,0.04432837,0.00000000,0.00000000,0.00000000,0.00000000,0
3206000,0.28392380,0.00113718,4.95156627,-1.04901319,12.25900426,0.36576708,0
3207000,0.06826828,0.00459915,0.46925734,-0.80224254,0.11010122,0.34050703,0
3208000,0.14004996,0.03181024,0.00000000,0.00000000,0.00000000,0.00000000,0
3209000,0.05250062,0.04117882,-0.15237791,0.71434258,0.25514266,0.02857716,0
3210000,0.05665000,0.05327172,-0.01954317,1.41200625,0.99688082,0.02705356,0
3211000,0.04383576,0.02885063,-0.23273363,0.51770468,0.13400907,0.24349392,0
3212000,0.09415564,0.08578586,0.86515421,3.37332949,6.06392182,0.17577476,0
3213000,0.07509537,0.00114569,0.51740861,-0.78379838,0.13385583,0.10763877,0
3214000,0.07116925,0.01152151,0.46338765,-0.24922997,0.10736406,0.33002263,0
3215000,0.08535288,0.01641454,0.00000000,0.00000000,0.00000000,0.00000000,0
3216000,0.35149071,0.03359629,0.00000000,0.00000000,0.00000000,0.00000000,0
3217000,0.07861092,0.01867266,0.59685998,0.21509337,0.20125350,0.23437857,0
3218000,0.21263006,0.03686616,4.09687099,1.65582836,9.76305974,1.10555915,0
3219000,0.08003869,0.02207744,0.83594149,0.62660688,0.54571718,0.44434859,0
3220000,0.05713227,0.00975037,0.00000000,0.00000000,0.00000000,0.00000000,0
3221000,0.08349203,0.05181915,0.65119700,3.20679537,5.35379705,0.21600981,0
3222000,0.15002236,0.05055431,2.47729889,3.39240745,8.82271904,0.77479643,0
3223000,0.09156763,0.04447500,0.00000000,0.00000000,0.00000000,0.00000000,0
3224000,0.14572938,0.01082045,2.03639560,-0.33688267,2.07345352,0.11984438,0
3225000,0.07641436,0.01290461,0.59161705,-0.17579768,0.17500536,0.66520903,0
3226000,0.14066303,0.02003375,2.42695361,0.41624671,3.03168258,0.16481465,0
3227000,0.10064599,0.01314238,1.44565931,-0.10021778,1.04496541,0.31077614,0
3228000,0.07710434,0.02587356,0.00000000,0.00000000,0.00000000,0.00000000,0
3229000,0.05904298,0.01610511,-0.04032694,-0.05692432,0.00000000,0.06621092,0
3230000,0.10106218,0.07294691,0.00000000,0.00000000,0.00000000,0.00000000,0
3231000,0.17137501,0.04088495,2.32202664,1.36068450,3.62163500,0.17546673,0
3232000,0.05226431,0.04285477,0.00000000,0.00000000,0.00000000,0.00000000,0
3233000,0.06240835,0.00351234,0.03542314,-0.79252129,0.00062740,0.19895064,0
3234000,0.04294078,0.08652378,0.00000000,0.00000000,0.00000000,0.00000000,0
3235000,0.04952649,0.03260260,-0.24282399,0.48922528,0.11967069,0.02075576,0
3236000,0.11615306,0.04331592,0.84577477,1.07367493,0.93405641,0.06479631,0
3237000,0.17800424,0.01148946,0.00000000,0.00000000,0.00000000,0.00000000,0
3238000,0.04472661,0.00937901,-0.31810303,-0.43783660,0.00000000,0.20930480,0
3239000,0.17391123,0.09686136,0.00000000,0.00000000,0.00000000,0.00000000,0
3240000,0.10929011,0.06785382,0.92728070,3.93557266,8.17429083,0.15254551,0
3241000,0.25818098,0.01100768,0.00000000,0.00000000,0.00000000,0.00000000,0
3242000,0.11613268,0.00547037,0.10940525,-0.58474218,0.00598475,0.00076302,0
3243000,0.09018484,0.00218295,0.00960542,-0.66421170,0.00004613,0.04938420,0
3244000,0.19546196,0.06537022,1.14722483,1.46391732,1.72958937,0.05472671,0
3245000,0.32521868,0.05096274,0.00000000,0.00000000,0.00000000,0.00000000,0
3246000,0.08009847,0.06465224,0.24190607,1.98259077,1.99459235,0.30199024,0
3247000,0.06008781,0.06449059,0.00000000,0.00000000,0.00000000,0.00000000,0
3248000,0.23608060,0.01459255,2.92139615,-0.18872625,4.26727773,0.13506734,0
3249000,0.06461175,0.02281251,0.10997936,0.21327645,0.02879115,0.18244357,0
3250000,0.05091508,0.02942869,0.00000000,0.00000000,0.00000000,0.00000000,0
3251000,0.05962224,0.03132692,-0.22705154,0.33248729,0.05527390,0.00525154,0
3252000,0.05373792,0.00955323,-0.22918789,-0.42002337,0.00000000,0.05352891,0
3253000,0.05092165,0.00206095,-0.22592122,-0.75915371,0.00000000,0.08096126,0
3254000,0.06379676,0.00775591,0.05707763,-0.49039521,0.00162893,0.21656735,0
3255000,0.25062111,0.02736761,3.72292765,0.53992266,7.07585339,0.20010484,0
3256000,0.08165023,0.04603770,0.50199528,1.63269171,1.45884074,0.19519113,0
3257000,0.07057667,0.04154830,0.00000000,0.00000000,0.00000000,0.00000000,0
3258000,0.10564476,0.00353749,1.08343434,-0.88477352,0.58691498,0.23144550,0
3259000,0.07365917,0.03860131,0.51841716,2.05688642,2.24976905,0.46911178,0
3260000,0.08730714,0.06701440,0.00000000,0.00000000,0.00000000,0.00000000,0
3261000,0.05935650,0.00856190,0.02790058,-0.47167138,0.00038922,0.09488173,0
3262000,0.10503897,0.11712301,1.10555937,6.90211743,24.43074325,0.53265607,0
3263000,0.05167679,0.03875829,-0.03905654,1.70936132,1.46095806,0.68598328,0
3264000,0.07568847,0.05704573,0.00000000,0.00000000,0.00000000,0.00000000,0
3265000,0.04263471,0.01829658,-0.30208914,0.04191237,0.00087832,0.07035555,0
3266000,0.05966976,0.03176890,0.06704929,0.85862471,0.37086600,0.42558212,0
3267000,0.05654476,0.01575848,0.03926527,-0.01894471,0.00077088,0.58855242,0
3268000,0.25408182,0.06118822,0.00000000,0.00000000,0.00000000,0.00000000,0
3269000,0.04665567,0.00569240,-0.23361647,-0.50717745,0.00000000,0.04345781,0
3270000,0.05312230,0.03089880,0.00000000,0.00000000,0.00000000,0.00000000,0
3271000,0.07698363,0.01200735,0.58965899,-0.19290884,0.17384886,0.35088576,0
3272000,0.11498010,0.02960587,0.00000000,0.00000000,0.00000000,0.00000000,0
3273000,0.08202177,0.03342482,0.57452239,1.34356860,1.06762627,0.80404019,0
3274000,0.03867918,0.02193056,0.00000000,0.00000000,0.00000000,0.00000000,0
3275000,0.21320768,0.00400628,2.74736954,-0.64607089,3.77401969,0.21479904,0
3276000,0.04500662,0.05014036,-0.30368781,1.75976859,1.54839275,0.17349555,0
3277000,0.09948079,0.00472126,0.00000000,0.00000000,0.00000000,0.00000000,0
3278000,0.14949536,0.03192796,1.44208645,0.44099391,1.13704449,0.06774158,0
3279000,0.05298503,0.04619690,-0.10828638,1.14221963,0.65233284,0.05026223,0
3280000,0.11140940,0.00440359,1.12607047,-0.58344900,0.63401735,0.37781445,0
3281000,0.05997275,0.02897586,0.09680869,0.58657527,0.17672123,0.24161245,0
3282000,0.06687561,0.00265834,0.29158758,-0.70782715,0.04251166,0.29670895,0
3283000,0.09144694,0.05759146,0.00000000,0.00000000,0.00000000,0.00000000,0
3284000,0.04121328,0.01510274,-0.34476980,-0.10121568,0.00000000,0.12402157,0
3285000,0.06481849,0.01787030,0.22863445,0.06782411,0.02843691,0.28805129,0
3286000,0.09979635,0.11155424,0.00000000,0.00000000,0.00000000,0.00000000,0
3287000,0.11427798,0.01593509,0.82154907,-0.08138970,0.33747144,2.62213359,0
3288000,0.07074991,0.10657410,0.00000000,0.00000000,0.00000000,0.00000000,0
3289000,0.10667525,0.03883077,1.38461095,1.45620679,2.01884285,0.64968726,0
3290000,0.10973176,0.07280184,1.69812157,4.06460972,9.70233453,0.62570900,0
3291000,0.06548492,0.00713004,0.00000000,0.00000000,0.00000000,0.00000000,0
3292000,0.07195459,0.07708609,0.34507898,4.59967957,10.63806584,0.51929781,0
3293000,0.04195221,0.00900032,0.00000000,0.00000000,0.00000000,0.00000000,0
3294000,0.43864065,0.00243484,7.62815948,-0.80639977,29.09440852,0.34650386,0
3295000,0.08393639,0.01299446,0.69691982,-0.09977847,0.24284862,0.24391304,0
3296000,0.07960153,0.02426518,0.00000000,0.00000000,0.00000000,0.00000000,0
3297000,0.07962682,0.02847074,0.47929784,1.04525245,0.66113955,0.38028686,0
3298000,0.15434177,0.04057514,2.31078774,2.19607906,5.08125161,0.21024670,0
3299000,0.05264080,0.03690987,0.00000000,0.00000000,0.00000000,0.00000000,0
3300000,0.03427663,0.01582088,-0.40451667,0.04825796,0.00116442,0.12914179,0
3301000,0.07058238,0.01899961,0.00000000,0.00000000,0.00000000,0.00000000,0
3302000,0.05374277,0.01643125,-0.09214932,0.14181877,0.01005628,0.82101888,0
3303000,0.06183328,0.08787293,0.00000000,0.00000000,0.00000000,0.00000000,0
3304000,0.06945292,0.01298069,0.00947934,-0.30360046,0.00004493,0.13374749,0
3305000,0.06798962,0.00420985,0.05337164,-0.73475708,0.00142427,0.25811065,0
3306000,0.05141162,0.00807519,0.00000000,0.00000000,0.00000000,0.00000000,0
3307000,0.26252142,0.04247889,4.29430524,1.41860395,10.22674731,0.40957220,0
3308000,0.04921795,0.02621625,-0.13520296,0.60819166,0.18494855,0.09281141,0
3309000,0.05625636,0.02348862,0.00000000,0.00000000,0.00000000,0.00000000,0
3310000,0.09039681,0.01313201,0.36917296,-0.29585981,0.06814434,0.68487840,0
3311000,0.19663557,0.03005247,2.51849868,0.67661638,3.40032266,0.39110757,0
3312000,0.09260886,0.00740949,0.00000000,0.00000000,0.00000000,0.00000000,0
3313000,0.09337777,0.03725230,0.48010019,0.59800189,0.29405123,0.08223261,0
3314000,0.11758042,0.03121263,1.06907401,0.51780168,0.70551891,0.32612352,0
3315000,0.06581283,0.05667599,0.15447245,1.77401678,1.58549864,0.21297974,0
3316000,0.12040617,0.01483419,1.36855180,-0.10232110,0.93646701,0.26497638,0
3317000,0.11888822,0.04939511,0.00000000,0.00000000,0.00000000,0.00000000,0
3318000,0.10961068,0.06981955,0.47775907,2.30044766,2.76015658,0.29295121,0
3319000,0.07396688,0.00936634,0.00000000,0.00000000,0.00000000,0.00000000,0
3320000,0.05451073,0.03180252,-0.18887527,0.62860364,0.19757127,0.45810314,0
3321000,0.10418511,0.01041412,0.00000000,0.00000000,0.00000000,0.00000000,0
3322000,0.12058705,0.06474628,0.95031831,2.28065320,3.05224196,0.14802739,0
3323000,0.05435129,0.01995178,-0.12697018,0.18174385,0.01651541,0.46957125,0
3324000,0.09745558,0.03548088,0.00000000,0.00000000,0.00000000,0.00000000,0
3325000,0.05978533,0.02690254,-0.06374783,0.47682611,0.11368157,0.02087600,0
3326000,0.10849636,0.07682090,0.87288786,3.51868844,6.57155079,0.10772954,0
3327000,0.06540167,0.01983372,0.15120251,0.24761087,0.04208667,0.70882554,0
3328000,0.08436320,0.03281584,0.00000000,0.00000000,0.00000000,0.00000000,0
3329000,0.06390627,0.02624773,0.12603496,0.77784919,0.31046709,0.42973153,0
3330000,0.04910882,0.04868658,0.00000000,0.00000000,0.00000000,0.00000000,0
3331000,0.06562079,0.01059792,0.23047488,-0.29936037,0.02655934,0.23771191,0
3332000,0.18975684,0.02748224,3.31444109,0.92651160,5.92197173,0.53311739,0
3333000,0.11253262,0.03260525,1.62277066,1.39917577,2.29553872,0.67031618,0
3334000,0.09935667,0.00906134,0.00000000,0.00000000,0.00000000,0.00000000,0
3335000,0.06011331,0.02682377,0.16205838,0.99236630,0.50552689,0.53973917,0
3336000,0.05742539,0.04007377,0.00000000,0.00000000,0.00000000,0.00000000,0
3337000,0.04822829,0.01242861,-0.14125470,-0.19366400,0.00000000,0.23728024,0
3338000,0.03376214,0.03104399,-0.46421752,1.02217143,0.52241722,0.20975460,0
3339000,0.05839875,0.03455465,0.00000000,0.00000000,0.00000000,0.00000000,0
3340000,0.15878086,0.01294008,2.05615631,-0.20771908,2.11388938,0.62716145,0
3341000,0.05950039,0.00147522,0.00000000,0.00000000,0.00000000,0.00000000,0
3342000,0.07862967,0.02726214,0.28403134,0.55725651,0.19560431,0.37213357,0
3343000,0.07758701,0.03331786,0.48013681,1.22569770,0.86643311,0.50997947,0
3344000,0.09137611,0.03417896,0.00000000,0.00000000,0.00000000,0.00000000,0
3345000,0.05546170,0.05597492,0.14014565,3.17021500,5.03495197,0.69697185,0
3346000,0.22551717,0.05580629,0.00000000,0.00000000,0.00000000,0.00000000,0
3347000,0.40110826,0.00974753,7.94821061,-0.33059595,31.58702595,0.68328196,0
3348000,0.10963291,0.01706714,1.51468007,0.26169837,1.18137087,1.20500055,0
3349000,0.31796384,0.02541463,0.00000000,0.00000000,0.00000000,0.00000000,0
3350000,0.05226479,0.01171942,0.02135561,-0.19417872,0.00022803,0.25001860,0
3351000,0.07579661,0.06130965,0.69476167,3.85659216,7.67799843,0.83479540,0
3352000,0.08554034,0.05233287,0.00000000,0.00000000,0.00000000,0.00000000,0
3353000,0.09089030,0.02668346,0.73797669,0.87416414,0.65438626,0.41215052,0
3354000,0.23315074,0.02578374,0.00000000,0.00000000,0.00000000,0.00000000,0
3355000,0.15341958,0.13427544,0.15767171,1.45694626,1.07377638,0.00000000,0
3356000,0.10643514,0.05534872,0.05042038,0.53487110,0.14431465,0.01963131,0
3357000,0.08911200,0.02722145,0.00082453,0.06328543,0.00200286,0.00185513,0
3358000,0.08664996,0.04753290,0.03777132,0.64525839,0.20889253,0.04885623,0
3359000,0.34671599,0.03327514,2.70775921,0.34327721,3.72489960,0.01876978,0
3360000,0.04790124,0.00212472,-0.29464931,-0.56355077,0.00000000,0.01227472,0
3361000,0.05454009,0.00201560,-0.20869651,-0.58323926,0.00000000,0.02446475,0
3362000,0.19664122,0.03326270,1.49460690,0.47141059,1.22803886,0.03971592,0
3363000,0.08055200,0.03136088,0.00000000,0.00000000,0.00000000,0.00000000,0
3364000,0.08702218,0.03365635,0.43112058,0.60406222,0.27537806,0.08972194,0
3365000,0.09154303,0.07247708,0.68896690,2.66143505,3.77895596,0.57463948,0
3366000,0.06863754,0.01800174,0.29202660,0.06442370,0.04471498,0.57944881,0
3367000,0.08187501,0.08655555,0.67646083,4.05946584,8.46843106,0.55579628,0
3368000,0.13561748,0.00163831,0.00000000,0.00000000,0.00000000,0.00000000,0
3369000,0.07046613,0.05235297,0.13081712,2.35701535,2.78631724,0.16042879,0
3370000,0.05855502,0.04691755,-0.01103405,2.23435902,2.49618011,0.14600109,0
3371000,0.11788068,0.09403037,1.33847933,6.01718888,18.99904443,0.36673314,0
3372000,0.15594420,0.04718852,0.00000000,0.00000000,0.00000000,0.00000000,0
3373000,0.09360085,0.02782904,0.85249612,0.89186498,0.76108639,0.30611287,0
3374000,0.04124586,0.05198183,0.00000000,0.00000000,0.00000000,0.00000000,0
3375000,0.06854083,0.01660874,0.32886323,0.04178168,0.05494837,0.15376536,0
3376000,0.07475661,0.01561079,0.62250694,0.05296130,0.19515990,0.28357903,0
3377000,0.06793633,0.00447667,0.53065445,-0.81485350,0.14079707,0.82902823,0
3378000,0.07917398,0.02879335,0.00000000,0.00000000,0.00000000,0.00000000,0
3379000,0.07968695,0.04901754,0.74472025,2.56701548,3.57208837,0.29945808,0
3380000,0.06182319,0.00412950,0.37883234,-0.82343009,0.07175697,1.11093097,0
3381000,0.05591963,0.00801281,0.00000000,0.00000000,0.00000000,0.00000000,0
3382000,0.18241778,0.03100481,0.00000000,0.00000000,0.00000000,0.00000000,0
3383000,0.09328489,0.00146162,1.03918261,-0.79061055,0.53995025,0.23707972,0
3384000,0.18861051,0.05958620,3.86293612,2.81560884,11.42496433,0.43909449,0
3385000,0.44125441,0.03006967,0.00000000,0.00000000,0.00000000,0.00000000,0
3386000,0.11674821,0.00244050,1.21362541,-0.97782074,0.73644332,0.16659454,0
3387000,0.07518196,0.00100545,0.49233202,-1.14333210,0.12119541,0.61151615,0
3388000,0.19334961,0.05534875,0.00000000,0.00000000,0.00000000,0.00000000,0
3389000,0.07195546,0.00493463,0.19626319,-0.55484526,0.01925962,0.06509122,0
3390000,0.14806542,0.08679753,1.63380450,3.43959763,7.25007450,0.11043278,0
3391000,0.28149998,0.04632832,4.44248416,1.62243934,11.18398745,0.20174947,0
3392000,0.12663463,0.04509540,1.51533040,1.68094899,2.56090785,0.32976761,0
3393000,0.10600270,0.02640666,1.16970342,0.65830924,0.90078857,0.37967850,0
3394000,0.04737222,0.06601112,-0.11432883,3.20928782,5.14976417,0.64109781,0
3395000,0.07974628,0.01519266,0.00000000,0.00000000,0.00000000,0.00000000,0
3396000,0.21263793,0.02864291,0.00000000,0.00000000,0.00000000,0.00000000,0
3397000,0.07847125,0.01067622,0.20884360,-0.33903065,0.02180782,0.19100734,0
3398000,0.13726944,0.02140430,1.31198258,0.13773868,0.87013511,0.22287733,0
3399000,0.09937261,0.00079776,0.76679431,-0.78741970,0.29398676,0.28060686,0
3400000,0.12244850,0.04718431,1.30774673,1.54773817,2.05284747,0.10258189,0
3401000,0.15109037,0.03037604,2.00365828,0.76535801,2.30020968,0.29017094,0
3402000,0.06188060,0.03273652,0.00000000,0.00000000,0.00000000,0.00000000,0
3403000,0.08393969,0.02329275,0.50540034,0.31344289,0.17683798,0.38786605,0
3404000,0.04918875,0.00640904,0.00000000,0.00000000,0.00000000,0.00000000,0
3405000,0.07025595,0.00938180,0.00000000,0.00000000,0.00000000,0.00000000,0
3406000,0.21309499,0.01918177,2.81974152,0.27375086,4.01294089,0.17121628,0
3407000,0.12435721,0.01546970,1.41661346,0.08156067,1.00672292,0.60955588,0
3408000,0.04579654,0.02929730,0.00000000,0.00000000,0.00000000,0.00000000,0
3409000,0.21551250,0.06185440,3.51123507,3.72777562,13.11254138,0.56024228,0
3410000,0.06021434,0.10340384,0.00000000,0.00000000,0.00000000,0.00000000,0
3411000,0.11297708,0.04930014,0.00000000,0.00000000,0.00000000,0.00000000,0
3412000,0.08023930,0.06223465,-0.05177744,1.23891658,0.76745715,0.00000000,0
3413000,0.05426992,0.05256550,-0.20214495,1.37911364,0.95097722,0.01454077,0
3414000,0.06005807,0.02282631,-0.03056446,0.21733004,0.02361617,0.09757058,0
3415000,0.07108819,0.01789521,0.22223967,0.01954039,0.02488615,0.09016547,0
3416000,0.08209910,0.02521513,0.49619007,0.46128704,0.22949516,0.25490727,0
3417000,0.14011338,0.02277931,0.00000000,0.00000000,0.00000000,0.00000000,0
3418000,0.05299371,0.01426797,-0.19576948,-0.17835259,0.00000000,0.21761179,0
3419000,0.04414881,0.00691167,-0.29052152,-0.54916469,0.00000000,0.03597842,0
3420000,0.07947131,0.04874346,0.37176310,1.98618135,2.04156208,0.05591216,0
3421000,0.06449766,0.01907101,0.00000000,0.00000000,0.00000000,0.00000000,0
3422000,0.17882767,0.03420960,2.37241802,1.09157061,3.40994682,0.12797036,0
3423000,0.06910373,0.02930150,0.36281523,0.93811239,0.50584487,0.36419636,0
3424000,0.07921251,0.01676491,0.67884663,0.15165847,0.24191652,0.23780667,0
3425000,0.19368330,0.01336241,0.00000000,0.00000000,0.00000000,0.00000000,0
3426000,0.07082532,0.00383300,0.03778181,-0.61029627,0.00071373,0.06895812,0
3427000,0.11988947,0.01853613,0.99941830,0.10937186,0.50539957,0.14552447,0
3428000,0.11834424,0.02479901,1.18537749,0.54024503,0.84849224,0.15803176,0
3429000,0.09105740,0.04277705,0.77506758,1.75070291,1.83284521,0.17726018,0
3430000,0.07396606,0.01994091,0.00000000,0.00000000,0.00000000,0.00000000,0
3431000,0.25311670,0.02847162,0.00000000,0.00000000,0.00000000,0.00000000,0
3432000,0.11395916,0.02248360,-0.01936222,-0.24822261,0.00000000,0.00000000,0
3433000,0.10776023,0.11187111,0.09289716,1.89144295,1.79309317,0.00440801,0
3434000,0.06106911,0.04422589,-0.14132928,0.53009044,0.14049794,0.03862831,0
3435000,0.12860028,0.04854806,0.38682426,0.72711755,0.33916647,0.63215298,0
3436000,0.08421372,0.05019005,0.05720381,0.84599470,0.35948966,0.16195294,0
3437000,0.06585122,0.01150264,-0.07649018,-0.31228280,0.00000000,0.00663598,0
3438000,0.05947138,0.05647537,-0.11077678,1.25846105,0.79186210,0.03076017,0
3439000,0.05487927,0.00142613,-0.13854773,-0.65014599,0.00000000,0.01526224,0
3440000,0.12522684,0.06169924,0.63862893,1.61981307,1.51582065,0.02225010,0
3441000,0.13714126,0.00049388,0.81711508,-0.70826347,0.33383852,0.00567020,0
3442000,0.06877246,0.01425643,0.06015940,-0.15608465,0.00180958,0.13293814,0
3443000,0.05514481,0.03146216,-0.08944091,0.57090584,0.16296674,0.05658063,0
3444000,0.11835918,0.03638785,0.70914574,0.81324931,0.58213106,0.01123003,0
3445000,0.05942247,0.01706359,-0.01690804,-0.01189839,0.00000000,0.07816987,0
3446000,0.11986995,0.00223516,0.00000000,0.00000000,0.00000000,0.00000000,0
3447000,0.05599667,0.04037189,0.01495004,1.66650782,1.38873591,0.99752557,0
3448000,0.08202373,0.03142570,0.00000000,0.00000000,0.00000000,0.00000000,0
3449000,0.06715571,0.00753912,0.30240657,-0.50976718,0.04572487,0.14509449,0
3450000,0.07253329,0.00937989,0.00000000,0.00000000,0.00000000,0.00000000,0
3451000,0.08251894,0.01117278,0.00000000,0.00000000,0.00000000,0.00000000,0
3452000,0.04277789,0.00638047,-0.18623620,-0.35350963,0.00000000,0.10459422,0
3453000,0.05526631,0.03369691,0.12870662,0.50750264,0.13706216,0.20788079,0
3454000,0.04314873,0.01392643,0.00000000,0.00000000,0.00000000,0.00000000,0
3455000,0.04543477,0.03058613,-0.18664012,0.65611571,0.21524391,0.04608701,0
3456000,0.06947181,0.04030258,0.29991261,1.35143631,0.95816384,0.12462029,0
3457000,0.11753471,0.00268637,1.35860138,-0.74793896,0.92289886,0.33149073,0
3458000,0.12664199,0.01849502,0.00000000,0.00000000,0.00000000,0.00000000,0
3459000,0.07373918,0.01317107,0.23197342,-0.20746508,0.02690583,0.12078774,0
3460000,0.06544620,0.00278830,0.21120362,-0.77016534,0.02230348,0.15348223,0
3461000,0.25230795,0.05282889,0.00000000,0.00000000,0.00000000,0.00000000,0
3462000,0.06767444,0.02852936,0.36532002,0.84152005,0.42080736,0.15595723,0
3463000,0.07636253,0.01500852,0.65601272,0.06871825,0.21753744,0.68338925,0
3464000,0.06031812,0.02605261,0.30806812,0.92198764,0.47248359,0.67943284,0
3465000,0.05330612,0.02740741,0.00000000,0.00000000,0.00000000,0.00000000,0
3466000,0.13025607,0.01719238,1.08930748,0.01866108,0.59346951,0.09351032,0
3467000,0.06878705,0.03987715,0.14934416,1.66961612,1.40496083,0.42881270,0
3468000,0.06904682,0.00368129,0.00000000,0.00000000,0.00000000,0.00000000,0
3469000,0.17349671,0.02464746,2.69624300,0.77529274,3.93540258,0.32982528,0
3470000,0.25596324,0.02207015,0.00000000,0.00000000,0.00000000,0.00000000,0
3471000,0.06875896,0.00372606,0.31896278,-0.88948207,0.05086863,0.24188451,0
3472000,0.04941280,0.05145267,0.00000000,0.00000000,0.00000000,0.00000000,0
3473000,0.17069107,0.00201345,2.31424532,-0.93432933,2.67786570,0.15772623,0
3474000,0.18454753,0.03310895,2.96478058,1.39119357,5.36267172,0.33794450,0
3475000,0.07281499,0.02950894,0.00000000,0.00000000,0.00000000,0.00000000,0
3476000,0.04527239,0.00362046,-0.25481743,-0.55065302,0.00000000,0.03446593,0
3477000,0.04350755,0.01564777,-0.24794252,0.00055944,0.00000016,0.27023372,0
3478000,0.04266695,0.02094060,0.00000000,0.00000000,0.00000000,0.00000000,0
3479000,0.10998078,0.01075254,1.13613536,-0.31506917,0.64540178,1.96208345,0
3480000,0.05462157,0.02354618,0.01767054,0.71965327,0.25910654,0.32517825,0
3481000,0.06132601,0.03570648,0.00000000,0.00000000,0.00000000,0.00000000,0
3482000,0.32441550,0.00557928,5.85217639,-0.63675655,17.12398426,0.42139667,0
3483000,0.06093361,0.01034119,0.00000000,0.00000000,0.00000000,0.00000000,0
3484000,0.05174033,0.02791837,0.00000000,0.00000000,0.00000000,0.00000000,0
3485000,0.15808299,0.01310768,0.00000000,0.00000000,0.00000000,0.00000000,0
3486000,0.19709331,0.04974238,0.55840332,0.15424346,0.16780266,0.00121996,0
3487000,0.15467978,0.05176785,0.43576154,0.38899945,0.17060435,0.73401862,0
3488000,0.07328425,0.03680018,-0.18343877,0.18976699,0.01800576,0.04047381,0
3489000,0.07652339,0.01482299,-0.09430008,-0.27989494,0.00000000,0.00425696,0
3490000,0.09560006,0.00233027,0.15558652,-0.60043564,0.01210358,0.01497948,0
3491000,0.07117008,0.03052001,-0.08529538,0.19568729,0.01914676,0.00687447,0
3492000,0.07284154,0.07413466,-0.03463028,1.54954866,1.20055053,0.02597225,0
3493000,0.08681224,0.00330580,0.17130848,-0.57578499,0.01467330,0.05289260,0
3494000,0.07223164,0.00426904,0.01175375,-0.54476621,0.00006908,0.08716351,0
3495000,0.08397207,0.01016250,0.19095055,-0.34859823,0.01823106,0.04549677,0
3496000,0.06296334,0.02398908,-0.08070438,0.13993671,0.00979114,0.04980020,0
3497000,0.05050549,0.02472175,-0.24434832,0.18550104,0.01720532,0.01800826,0
3498000,0.04683376,0.02927447,-0.28923714,0.37443955,0.07010249,0.13865124,0
3499000,0.08650235,0.02657385,0.31060968,0.29143429,0.09070616,0.06898947,0
3500000,0.09662262,0.00895960,0.48440640,-0.37660566,0.11732478,0.13828293,0
3501000,0.07110999,0.00965547,0.10603621,-0.34881200,0.00562184,0.13912841,0
3502000,0.07205120,0.00440326,0.00000000,0.00000000,0.00000000,0.00000000,0
3503000,0.07058664,0.01403031,0.36370094,0.01786331,0.06629874,0.38427833,0
3504000,0.06791037,0.00243238,0.00000000,0.00000000,0.00000000,0.00000000,0
3505000,0.06046926,0.01961631,0.08711707,0.36582762,0.07070962,0.34645768,0
3506000,0.09818252,0.03438648,0.00000000,0.00000000,0.00000000,0.00000000,0
3507000,0.06157730,0.00201583,0.04562334,-0.73781532,0.00104074,0.02643950,0
3508000,0.17909899,0.00445875,2.30371797,-0.62770625,2.65355824,0.33450475,0
3509000,0.07646503,0.00417436,0.46290754,-0.67367949,0.10714170,0.53332648,0
3510000,0.06868614,0.00909092,0.00000000,0.00000000,0.00000000,0.00000000,0
3511000,0.14305085,0.01741183,0.00000000,0.00000000,0.00000000,0.00000000,0
3512000,0.06232680,0.02095754,0.14466557,0.24795193,0.04120414,0.09039880,0
3513000,0.11903019,0.01746296,1.57162992,0.15192790,1.24655135,0.34546221,0
3514000,0.06851704,0.02007298,0.00000000,0.00000000,0.00000000,0.00000000,0
3515000,0.22171292,0.00973710,3.48551507,-0.27515423,6.07440765,0.80519696,0
3516000,0.10453003,0.03879428,1.23081326,1.83750258,2.44565850,0.40115099,0
3517000,0.08376440,0.08723053,0.00000000,0.00000000,0.00000000,0.00000000,0
3518000,0.06670312,0.02237315,0.12904700,0.32301893,0.06049718,0.13541958,0
3519000,0.10399209,0.03003270,0.00000000,0.00000000,0.00000000,0.00000000,0
3520000,0.08968639,0.02829185,0.53026305,0.47822486,0.25493896,0.15892239,0
3521000,0.06094155,0.00240243,0.09549800,-0.64866792,0.00455993,0.06718108,0
3522000,0.07683616,0.02827921,0.45210906,0.71864869,0.36042927,0.60298627,0
3523000,0.21193537,0.03083812,0.00000000,0.00000000,0.00000000,0.00000000,0
3524000,0.04411287,0.02021100,-0.28830301,0.19238259,0.01850553,0.21754141,0
3525000,0.05626619,0.00813478,-0.00705915,-0.40232443,0.00000000,0.16835754,0
3526000,0.16831279,0.04865005,0.00000000,0.00000000,0.00000000,0.00000000,0
3527000,0.07661020,0.08825856,0.24353300,3.71698279,6.93763468,0.26470615,0
3528000,0.10171419,0.00063220,0.00000000,0.00000000,0.00000000,0.00000000,0
3529000,0.08217237,0.02284285,0.43551296,0.66026823,0.31281284,0.17449782,0
3530000,0.07634703,0.04925010,0.00000000,0.00000000,0.00000000,0.00000000,0
3531000,0.15338978,0.00619731,2.15533684,-0.55111655,2.32273845,0.32979400,0
3532000,0.06330564,0.02871827,0.00000000,0.00000000,0.00000000,0.00000000,0
3533000,0.07920998,0.01440018,0.61084700,-0.02723041,0.18656703,0.18094375,0
3534000,0.05807190,0.02101671,0.00000000,0.00000000,0.00000000,0.00000000,0
3535000,0.05314187,0.00593255,-0.08392509,-0.56082677,0.00000000,0.10913309,0
3536000,0.17118980,0.03343301,2.81372300,1.21922438,4.70177260,0.55670188,0
3537000,0.04179401,0.01085881,-0.26327178,-0.24715609,0.00000000,0.41248080,0
3538000,0.08033089,0.00954590,0.00000000,0.00000000,0.00000000,0.00000000,0
3539000,0.04121576,0.02196688,-0.33778416,0.09483711,0.00449704,0.02300112,0
3540000,0.06328898,0.07261114,0.02600184,2.10368303,2.21307920,0.03529687,0
3541000,0.05682657,0.04648336,-0.03820552,1.25104876,0.78256151,0.17494447,0
3542000,0.06461240,0.03844294,0.13093159,0.99312316,0.50171835,0.32141645,0
3543000,0.22741762,0.02425607,3.23372727,0.38181301,5.30138662,0.20422797,0
3544000,0.09377848,0.06503679,0.76974231,2.48994012,3.39615251,0.41018305,0
3545000,0.03882939,0.02506061,-0.31885568,0.48026745,0.11532841,1.27715097,0
3546000,0.08739132,0.03049954,0.71401770,0.79802608,0.57333345,0.51423828,0
3547000,0.11069126,0.10304479,0.00000000,0.00000000,0.00000000,0.00000000,0
3548000,0.07596857,0.01396344,0.66186219,-0.04128423,0.21903078,0.51375968,0
3549000,0.12061750,0.01453165,2.02184682,0.04838417,2.04510279,0.34392706,0
3550000,0.20910002,0.03234952,4.87322518,1.64578871,13.22847206,0.52825867,0
3551000,0.05853496,0.01873868,0.00000000,0.00000000,0.00000000,0.00000000,0
3552000,0.05861852,0.00365284,0.28223066,-0.87531124,0.03982707,0.68268968,0
3553000,0.08655144,0.00958030,0.00000000,0.00000000,0.00000000,0.00000000,0
3554000,0.17950426,0.18481265,0.00000000,0.00000000,0.00000000,0.00000000,0
3555000,0.11042867,0.01108792,0.17787009,-0.55887787,0.01581889,0.12128560,0
3556000,0.05568559,0.05870824,-0.35064284,0.85772242,0.36784388,0.00929490,0
3557000,0.19057578,0.01276726,1.68407799,-0.35912396,1.41805933,0.00645781,0
3558000,0.26266280,0.03897963,2.99041357,0.55368770,4.62457170,0.11795729,0
3559000,0.06346654,0.02373105,-0.07773954,0.09201047,0.00423296,0.17165657,0
3560000,0.05701151,0.03960331,-0.14580121,0.73114062,0.26728330,0.05729952,0
3561000,0.08398884,0.00904107,0.36107554,-0.41121718,0.06518777,0.21774680,0
3562000,0.06094880,0.05265514,-0.02151616,1.38813852,0.96346428,0.14379305,0
3563000,0.06947326,0.01708940,0.00000000,0.00000000,0.00000000,0.00000000,0
3564000,0.08617187,0.00770541,0.00000000,0.00000000,0.00000000,0.00000000,0
3565000,0.09347384,0.06004113,0.19026602,1.50337953,1.14817558,0.03683053,0
3566000,0.08490218,0.03828303,0.26106413,0.95668211,0.49169757,0.20038960,0
3567000,0.06260771,0.04309845,0.01881462,1.42319864,1.01292418,0.03411266,0
3568000,0.06150734,0.05796498,0.00000000,0.00000000,0.00000000,0.00000000,0
3569000,0.07545385,0.01700877,0.12142043,-0.08267073,0.00737146,0.03273584,0
3570000,0.05980630,0.02359069,0.00213631,0.24513607,0.03004813,0.05530676,0
3571000,0.05715357,0.00553721,0.01651964,-0.45361322,0.00013645,0.12535065,0
3572000,0.09396324,0.02890544,0.73254985,0.60248346,0.44980780,0.32955467,0
3573000,0.14792711,0.00403387,1.85760588,-0.54455424,1.72534980,0.10737411,0
3574000,0.04309437,0.04090064,-0.17092830,1.35070043,0.91219582,0.14196701,0
3575000,0.12824479,0.04407787,1.65569252,1.60112064,2.65245251,0.22861471,0
3576000,0.11080100,0.02035617,0.00000000,0.00000000,0.00000000,0.00000000,0
3577000,0.23111050,0.05473835,4.70129436,2.60329647,14.43966060,0.71853922,0
3578000,0.09088429,0.04128962,0.00000000,0.00000000,0.00000000,0.00000000,0
3579000,0.06315110,0.03091698,0.00000000,0.00000000,0.00000000,0.00000000,0
3580000,0.07783441,0.02197378,0.56393476,0.45403441,0.26208483,0.32147360,0
3581000,0.35213399,0.02974644,0.00000000,0.00000000,0.00000000,0.00000000,0
3582000,0.05752715,0.01009347,0.07697878,-0.28863334,0.00296287,0.19975728,0
3583000,0.07247908,0.04721640,0.53643905,2.08427641,2.31598750,0.05700535,0
3584000,0.06277695,0.07380077,0.00000000,0.00000000,0.00000000,0.00000000,0
3585000,0.16339171,0.01034665,2.44388228,-0.19063101,2.98628029,0.16950740,0
3586000,0.05050673,0.03111133,0.00000000,0.00000000,0.00000000,0.00000000,0
3587000,0.09741011,0.03947364,1.27060579,2.22136706,3.27445534,0.67438482,0
3588000,0.10086853,0.03424444,1.58839582,2.01355263,3.28869773,0.71589001,0
3589000,0.16808516,0.01158350,0.00000000,0.00000000,0.00000000,0.00000000,0
3590000,0.06377158,0.02551728,0.20838372,0.57438091,0.18666860,0.16632376,0
3591000,0.16002153,0.07372790,2.50765646,3.83161019,10.48478877,0.34038426,0
3592000,0.07311644,0.08436514,0.00000000,0.00000000,0.00000000,0.00000000,0
3593000,0.13715053,0.02326559,2.22506782,0.73510180,2.74565073,0.43528212,0
3594000,0.07310601,0.00607568,0.00000000,0.00000000,0.00000000,0.00000000,0
3595000,0.18960263,0.03837394,2.82618036,1.61145382,5.29203940,0.06620449,0
3596000,0.05776418,0.00797883,0.15526335,-0.47176681,0.01205335,0.08536636,0
3597000,0.19217101,0.06598844,0.00000000,0.00000000,0.00000000,0.00000000,0
3598000,0.05330384,0.00838603,0.06917338,-0.41964856,0.00239248,0.29763969,0
3599000,0.10005977,0.01264825,0.00000000,0.00000000,0.00000000,0.00000000,0
3600000,0.08614046,0.01942415,0.47705623,0.09383168,0.11819352,0.02794017,0
3601000,0.06437884,0.00887535,0.00000000,0.00000000,0.00000000,0.00000000,0
3602000,0.05234444,0.03692558,0.29538460,2.14319286,2.34026385,0.28149111,0
3603000,0.06726317,0.00892962,0.00000000,0.00000000,0.00000000,0.00000000,0
3604000,0.10029794,0.02987676,1.22398268,1.17614301,1.44072300,0.16307461,0
3605000,0.17791612,0.11505305,3.46282604,8.29215277,40.37548087,0.60270520,0
3606000,0.05482159,0.06007528,0.00000000,0.00000000,0.00000000,0.00000000,0
3607000,0.10558375,0.01643801,1.01722253,-0.00594602,0.51737084,0.33807134,0
3608000,0.06036956,0.01957290,0.19499853,0.28664354,0.06009447,0.58939732,0
3609000,0.19559427,0.04132087,3.64163460,1.94636039,8.52491066,0.24255654,0
3610000,0.10658052,0.06441116,0.00000000,0.00000000,0.00000000,0.00000000,0
3611000,0.09966788,0.04882268,0.00000000,0.00000000,0.00000000,0.00000000,0
3612000,0.04369647,0.00671143,-0.25818451,-0.37912233,0.00000000,0.01474015,0
3613000,0.07603224,0.00668848,0.36617257,-0.40502914,0.06704118,0.00888142,0
3614000,0.07783639,0.05770362,0.00000000,0.00000000,0.00000000,0.00000000,0
3615000,0.10660324,0.00451628,0.00000000,0.00000000,0.00000000,0.00000000,0
3616000,0.10683067,0.07958122,1.34000648,4.95709991,13.18422846,0.21230135,0
3617000,0.04530055,0.02154833,0.00849109,0.75153099,0.28243547,0.68271359,0
3618000,0.27787614,0.00529312,0.00000000,0.00000000,0.00000000,0.00000000,0
3619000,0.06506128,0.01010457,0.00000000,0.00000000,0.00000000,0.00000000,0
3620000,0.07802535,0.01729594,0.00000000,0.00000000,0.00000000,0.00000000,0
3621000,0.04655403,0.02016331,-0.05264161,0.22517419,0.02535171,0.29412158,0
3622000,0.07015947,0.00254154,0.00000000,0.00000000,0.00000000,0.00000000,0
3623000,0.34020731,0.01917759,0.00000000,0.00000000,0.00000000,0.00000000,0
3624000,0.13430040,0.01617776,1.73815843,-0.02219562,1.51059737,0.09699428,0
3625000,0.07548390,0.04675220,0.65445713,2.05625736,2.32825423,0.10337598,0
3626000,0.25168991,0.02885515,5.65179506,1.08316630,16.55801833,0.40949484,0
3627000,0.11390057,0.01742042,0.00000000,0.00000000,0.00000000,0.00000000,0
3628000,0.06392524,0.00455519,0.26034860,-0.63118588,0.03389070,0.30282577,0
3629000,0.11418098,0.02619722,1.58666816,0.97609087,1.73513462,0.25536223,0
3630000,0.05701584,0.00629426,0.00000000,0.00000000,0.00000000,0.00000000,0
3631000,0.04611908,0.04631898,-0.02776069,2.40525633,2.89262900,0.32989729,0
3632000,0.08258542,0.04592176,1.04155136,2.68227348,4.13971012,0.30091093,0
3633000,0.06960719,0.05645964,0.00000000,0.00000000,0.00000000,0.00000000,0
3634000,0.26788971,0.03162364,0.00000000,0.00000000,0.00000000,0.00000000,0
3635000,0.05239785,0.00930296,0.34421515,-0.31510454,0.05924203,1.09844242,0
3636000,0.08215198,0.05555961,0.00000000,0.00000000,0.00000000,0.00000000,0
3637000,0.32416308,0.06729568,0.00000000,0.00000000,0.00000000,0.00000000,0
3638000,0.07392395,0.02226971,0.00048339,0.00867259,0.00003772,0.00056087,0
3639000,0.05856505,0.02713914,-0.09194154,0.35106988,0.06162503,0.19242010,0
3640000,0.07390119,0.02038802,0.11600333,0.10670029,0.01242086,0.04356386,0
3641000,0.06906190,0.00803997,0.10272786,-0.50905452,0.00527651,0.00524006,0
3642000,0.12765151,0.02975882,0.00000000,0.00000000,0.00000000,0.00000000,0
3643000,0.21294758,0.03489612,0.00000000,0.00000000,0.00000000,0.00000000,0
3644000,0.24414136,0.03691449,3.96764621,1.25590691,8.65975930,0.23128723,0
3645000,0.08043842,0.05116417,0.70699642,2.40866551,3.15075674,0.35379598,0
3646000,0.09224936,0.01004602,0.00000000,0.00000000,0.00000000,0.00000000,0
3647000,0.14642918,0.06881052,0.00000000,0.00000000,0.00000000,0.00000000,0
3648000,0.18822363,0.00586613,2.33796755,-0.64435664,2.73304613,0.18550545,0
3649000,0.06752828,0.01151451,0.00000000,0.00000000,0.00000000,0.00000000,0
3650000,0.05697126,0.00086358,0.13994288,-0.95802781,0.00979200,0.21582901,0
3651000,0.23557590,0.00038100,0.00000000,0.00000000,0.00000000,0.00000000,0
3652000,0.10033879,0.01314167,0.99170034,-0.09916370,0.49173478,0.10331015,0
3653000,0.21923517,0.05840397,4.04238888,3.61703771,14.71193481,0.49531892,0
3654000,0.09615652,0.01967176,0.00000000,0.00000000,0.00000000,0.00000000,0
3655000,0.13122858,0.02814016,1.78675012,0.78970710,1.90805665,0.44628852,0
3656000,0.07394804,0.00284106,0.59382904,-0.79370536,0.17631647,0.22007209,0
3657000,0.07950665,0.00985468,0.00000000,0.00000000,0.00000000,0.00000000,0
3658000,0.21627077,0.00432369,0.00000000,0.00000000,0.00000000,0.00000000,0
3659000,0.13279402,0.00318089,1.21571907,-0.53173074,0.73898643,0.17042710,0
3660000,0.16046210,0.03259181,1.96730353,0.81497037,2.26722994,0.08059756,0
3661000,0.21118549,0.14852463,0.00000000,0.00000000,0.00000000,0.00000000,0
3662000,0.12489869,0.02581449,0.47774996,-0.00099694,0.11412251,0.00029208,0
3663000,0.08784331,0.04016097,0.26690882,0.53256632,0.17743360,0.00007554,0
3664000,0.08795210,0.05288737,0.32522017,1.06197501,0.61677954,0.05728905,0
3665000,0.08125822,0.02457782,0.30458495,0.21278081,0.06902383,0.00039596,0
3666000,0.07004051,0.04965737,0.20107359,1.21094526,0.75340950,0.03505497,0
3667000,0.04797160,0.00507305,-0.08609556,-0.47565666,0.00000000,0.02710449,0
3668000,0.05566889,0.01061436,0.03144838,-0.25010560,0.00049450,0.08349732,0
3669000,0.06365106,0.01293150,0.16489817,-0.14643666,0.01359570,0.02334326,0
3670000,0.06153743,0.00583281,0.14053271,-0.46478839,0.00987472,0.09695974,0
3671000,0.13031234,0.04119281,0.00000000,0.00000000,0.00000000,0.00000000,0
3672000,0.08782873,0.05188895,0.06169221,0.54240121,0.14900250,0.01164201,0
3673000,0.06035536,0.02082114,-0.17891950,-0.14176877,0.00000000,0.00353236,0
3674000,0.09481764,0.04475149,0.44165138,0.74301386,0.37356277,0.01079309,0
3675000,0.09690876,0.00176685,0.57435641,-0.68798795,0.16494264,0.31981565,0
3676000,0.06794406,0.07491375,0.13750399,2.16166679,2.34585533,0.13453073,0
3677000,0.04802049,0.00038201,-0.20295666,-0.75368495,0.00000000,0.03063466,0
3678000,0.11550329,0.01511583,1.15160097,-0.12395810,0.66309240,0.19612631,0
3679000,0.05416405,0.05823261,-0.03784340,1.83657711,1.68650775,0.06151334,0
3680000,0.37190983,0.01807660,6.68391496,0.04644936,22.33843834,0.36541980,0
3681000,0.06409863,0.01388321,0.22228696,-0.14069562,0.02470575,0.09106175,0
3682000,0.08616497,0.03394447,0.73848935,0.87557191,0.65599635,0.08084813,0
3683000,0.36922798,0.00385422,0.00000000,0.00000000,0.00000000,0.00000000,0
3684000,0.19157921,0.03714695,3.20316016,1.54853251,6.32909396,0.16012915,0
3685000,0.03775293,0.01396747,-0.23859356,0.02532024,0.00032056,0.23674708,0
3686000,0.04288100,0.01043543,0.00000000,0.00000000,0.00000000,0.00000000,0
3687000,0.28098634,0.09920456,0.00000000,0.00000000,0.00000000,0.00000000,0
3688000,0.04731217,0.00081940,-0.47602126,-0.89098225,0.00000000,0.07006117,0
3689000,0.16304371,0.02673324,1.45838880,0.31622220,1.11344719,0.12895073,0
3690000,0.05737324,0.01974042,-0.15808295,0.05097163,0.00129905,0.31546647,0
3691000,0.05736341,0.01928962,-0.08128037,0.08801225,0.00387308,0.08494163,0
3692000,0.14321813,0.13912185,0.00000000,0.00000000,0.00000000,0.00000000,0
3693000,0.41002485,0.05002839,6.60542523,1.92056231,23.66010099,0.42831826,0
3694000,0.09128119,0.01356401,0.87634862,-0.05980372,0.38399345,0.20702111,0
3695000,0.07482182,0.03820535,0.00000000,0.00000000,0.00000000,0.00000000,0
3696000,0.24915314,0.03869134,4.46520877,1.92404285,11.82001514,0.47228385,0
3697000,0.21008743,0.07339988,0.00000000,0.00000000,0.00000000,0.00000000,0
3698000,0.11255415,0.00797669,0.22537445,-0.50792811,0.02539682,0.00086003,0
3699000,0.06282993,0.06738505,-0.12782042,1.11699613,0.62384018,0.00588686,0
3700000,0.13899773,0.03507237,0.81543401,0.37646275,0.40332842,0.00256451,0
3701000,0.07429065,0.07709000,0.13008601,1.82499584,1.67376609,0.07563056,0
3702000,0.15164834,0.08671101,1.22104535,2.33126246,3.46286820,0.06024530,0
3703000,0.06156480,0.03743633,0.03257327,0.69425296,0.24152410,0.08828530,0
3704000,0.09579096,0.04334036,0.55262995,0.96552391,0.61881814,0.03227890,0
3705000,0.10850603,0.00273024,0.79017083,-0.60815229,0.31218497,0.07898641,0
3706000,0.09844147,0.04241674,0.00000000,0.00000000,0.00000000,0.00000000,0
3707000,0.04552912,0.01884480,-0.18406671,0.12158654,0.00739164,0.04207506,0
3708000,0.07415126,0.02111114,0.45155332,0.38060396,0.17437989,0.06243963,0
3709000,0.07065185,0.06808493,0.49233351,3.68998391,6.92918679,0.09102236,0
3710000,0.04776602,0.04270274,0.00000000,0.00000000,0.00000000,0.00000000,0
3711000,0.29033941,0.06463357,0.00000000,0.00000000,0.00000000,0.00000000,0
3712000,0.13714717,0.02959470,0.50677504,0.07890660,0.13152360,0.00238797,0
3713000,0.07841498,0.04262770,0.15766427,0.53875565,0.15755784,0.00305007,0
3714000,0.05824162,0.02182851,0.00114170,0.10080388,0.00508136,0.00359963,0
3715000,0.07796605,0.01803440,0.28798486,0.02450031,0.04176777,0.00956971,0
3716000,0.06046640,0.04946414,0.09710927,1.13637346,0.65038743,0.00102427,0
3717000,0.04888896,0.03595192,-0.04534705,0.73601148,0.27085645,0.01577919,0
3718000,0.17255259,0.02523556,1.93444923,0.37491037,1.94132580,0.04571321,0
3719000,0.20594421,0.05033687,0.00000000,0.00000000,0.00000000,0.00000000,0
3720000,0.35751307,0.05303267,6.98599663,2.09836446,26.60364113,0.29141499,0
3721000,0.03997654,0.01673296,-0.06757632,0.15972287,0.01275570,0.32712904,0
3722000,0.16970716,0.06621945,3.57752072,3.68855003,13.20202788,0.20073707,0
3723000,0.21177226,0.01901832,5.10886164,0.43710286,13.14576308,0.33721200,0
3724000,0.06822260,0.03221359,0.00000000,0.00000000,0.00000000,0.00000000,0
3725000,0.07686982,0.00019946,0.73217903,-0.91436754,0.26804306,0.18899891,0
3726000,0.04854339,0.05670907,0.00000000,0.00000000,0.00000000,0.00000000,0
3727000,0.20897050,0.06169175,4.42786266,3.76889968,16.90528624,0.36798711,0
3728000,0.10573076,0.16194484,0.00000000,0.00000000,0.00000000,0.00000000,0
3729000,0.06876156,0.01296709,0.70998274,-0.05291479,0.25203774,0.32028479,0
3730000,0.04848549,0.04809212,0.00000000,0.00000000,0.00000000,0.00000000,0
3731000,0.04095218,0.00819287,-0.15959881,-0.44386803,0.00000000,0.33066907,0
3732000,0.11730019,0.05863667,0.00000000,0.00000000,0.00000000,0.00000000,0
3733000,0.28386223,0.01790105,4.00217528,0.11444105,8.01525187,0.16882725,0
3734000,0.10147154,0.04442354,1.08281718,1.76006658,2.13516371,0.07331130,0
3735000,0.07380208,0.00488734,0.63589770,-0.59839295,0.20218294,0.07755521,0
3736000,0.06268205,0.03498290,0.00000000,0.00000000,0.00000000,0.00000000,0
3737000,0.05794790,0.01416324,0.02911147,-0.10220613,0.00042374,0.00778657,0
3738000,0.21121627,0.00226726,0.00000000,0.00000000,0.00000000,0.00000000,0
3739000,0.11605674,0.11400408,0.29836892,2.00803430,2.06061287,0.02824621,0
3740000,0.25201073,0.02043694,2.27502680,-0.16841557,2.58787347,0.71974427,0
3741000,0.05587100,0.00478094,-0.16281411,-0.57749543,0.00000000,0.00483308,0
3742000,0.06587672,0.02348216,0.03835988,0.08477395,0.00432905,0.01867461,0
3743000,0.06653503,0.05216419,0.11003210,1.20321580,0.72991766,0.08194331,0
3744000,0.09362261,0.00918221,0.62687048,-0.38589174,0.19648330,0.07659995,0
3745000,0.04669271,0.01677259,-0.16094271,-0.06603807,0.00000000,0.04647801,0
3746000,0.15359089,0.01441799,0.00000000,0.00000000,0.00000000,0.00000000,0
3747000,0.11487044,0.03699675,0.85125845,0.65135063,0.57444929,0.01002074,0
3748000,0.22649293,0.00829915,2.97241015,-0.34450321,4.41761104,0.06176000,0
3749000,0.08159709,0.04189171,0.67551362,1.30899419,1.08489222,0.06057937,0
3750000,0.09610252,0.05881536,1.06442882,2.37160521,3.37876000,0.30598828,0
3751000,0.17941149,0.00669655,3.00261564,-0.43199789,4.50785034,0.27208465,0
3752000,0.06377891,0.00021219,0.50830273,-0.82900059,0.12918583,0.10924727,0
3753000,0.12623954,0.14801636,0.00000000,0.00000000,0.00000000,0.00000000,0
3754000,0.09957404,0.00799155,0.45141963,-0.36396581,0.10188984,0.00014267,0
3755000,0.08706171,0.04772825,0.46182142,0.59243918,0.28213160,0.05122252,0
3756000,0.11928850,0.03222813,1.08827228,0.32325293,0.64441450,0.02250441,0
3757000,0.04257918,0.02478015,-0.10632758,0.18559427,0.01722262,0.03618282,0
3758000,0.13615200,0.02931047,1.63775025,0.36484978,1.40767063,0.01022295,0
3759000,0.07528911,0.01853994,0.56158686,0.05218546,0.15905156,0.09899212,0
3760000,0.08530457,0.01207664,0.81250888,-0.15588561,0.33008534,0.22233960,0
3761000,0.11148442,0.00440985,1.42295101,-0.43287006,1.01239479,0.15547497,0
3762000,0.17723702,0.09842116,2.93493530,3.17875894,9.35917682,0.11626983,0
3763000,0.09099188,0.03274344,1.07217679,0.68507717,0.80944690,0.22377557,0
3764000,0.12620084,0.02445932,1.92505041,0.37497773,1.92321369,0.70744552,0
3765000,0.08392680,0.08983836,0.96373968,3.17345924,5.49981885,0.14451993,0
3766000,0.23757975,0.03626466,4.74004557,0.92460421,11.66146248,0.41275859,0
3767000,0.08320265,0.00284982,0.00000000,0.00000000,0.00000000,0.00000000,0
3768000,0.05216276,0.02939179,0.16666240,1.52290975,1.17351523,0.23818900,0
3769000,0.04882357,0.00081529,0.00000000,0.00000000,0.00000000,0.00000000,0
3770000,0.07365782,0.02758972,0.43435299,0.61372182,0.28265850,0.08891684,0
3771000,0.15191887,0.01552649,2.12822540,0.10229538,2.26990385,0.06036312,0
3772000,0.09476713,0.04382380,1.11968089,1.82450972,2.29126051,0.10977386,0
3773000,0.11722481,0.01070412,0.00000000,0.00000000,0.00000000,0.00000000,0
3774000,0.22084826,0.00479833,3.99010038,-0.71184160,7.96045052,0.51907967,0
3775000,0.05729321,0.04142669,0.00000000,0.00000000,0.00000000,0.00000000,0
3776000,0.14548731,0.00587026,2.61061073,-0.58666403,3.40764419,0.22235906,0
3777000,0.06407905,0.01806092,0.00000000,0.00000000,0.00000000,0.00000000,0
3778000,0.04109714,0.07140310,-0.25673551,2.19392474,2.40665288,0.12667280,0
3779000,0.06359035,0.04347649,0.16122315,1.28477987,0.83832611,0.09013697,0
3780000,0.06318760,0.02225451,0.00000000,0.00000000,0.00000000,0.00000000,0
3781000,0.08773827,0.04283400,0.00000000,0.00000000,0.00000000,0.00000000,0
3782000,0.12750526,0.07321360,0.00000000,0.00000000,0.00000000,0.00000000,0
3783000,0.06401714,0.02782371,-0.09155422,0.26890117,0.03615392,0.00537146,0
3784000,0.07197902,0.04435110,0.19104054,1.25626358,0.80734733,0.21027296,0
3785000,0.12253192,0.04623469,1.28086450,1.61880015,2.13056389,0.12279009,0
3786000,0.28054795,0.01438306,4.71835227,-0.07210799,11.13142406,0.27692230,0
3787000,0.06006525,0.00108329,0.18327269,-0.87758856,0.01679444,0.11698458,0
3788000,0.04082556,0.00395632,0.00000000,0.00000000,0.00000000,0.00000000,0
3789000,0.05264088,0.03099375,-0.07746255,0.58024367,0.16834136,0.00737747,0
3790000,0.12784186,0.00645920,1.30152410,-0.45379567,0.84698249,0.03240161,0
3791000,0.04644967,0.04974611,-0.07296040,1.86534566,1.73975721,0.14801162,0
3792000,0.18276526,0.03989737,2.73750205,1.45777509,4.80951285,0.13110837,0
3793000,0.19644609,0.09979043,3.21769302,5.21433758,18.77143235,0.40741407,0
3794000,0.04962153,0.07986332,0.06326586,4.21865725,8.90053579,0.23382411,0
3795000,0.09426372,0.00025318,1.14135012,-0.90047689,0.65134005,0.14367786,0
3796000,0.06305258,0.05397270,0.00000000,0.00000000,0.00000000,0.00000000,0
3797000,0.04645813,0.06190828,0.00000000,0.00000000,0.00000000,0.00000000,0
3798000,0.12211191,0.05419965,0.50336179,0.78972491,0.43851926,0.01352911,0
3799000,0.19227836,0.00620198,1.55632956,-0.40522703,1.21108085,0.00627774,0
3800000,0.16906211,0.01900805,1.48961392,0.03462780,1.11007435,0.09283323,0
3801000,0.13626440,0.02921912,1.18533311,0.45572702,0.80635085,0.00380921,0
3802000,0.05638071,0.00183871,0.03719885,-0.56784601,0.00069188,0.25118453,0
3803000,0.04138596,0.04844289,-0.20313454,1.36480588,0.93134754,0.16697003,0
3804000,0.08492195,0.14089668,0.00000000,0.00000000,0.00000000,0.00000000,0
3805000,0.04024421,0.04603698,-0.12611287,1.44995370,1.05118287,0.01374742,0
3806000,0.03969124,0.01099170,-0.08647372,-0.16020256,0.00000000,0.09465403,0
3807000,0.07209734,0.02117000,0.81132506,0.53653989,0.47306170,0.59693435,0
3808000,0.04796033,0.01609628,0.22317488,0.26128547,0.05903856,0.14889752,0
3809000,0.07398491,0.01525315,1.05857301,0.23492993,0.58788444,0.16429517,0
3810000,0.06405941,0.01397592,0.00000000,0.00000000,0.00000000,0.00000000,0
3811000,0.04473954,0.00900023,0.09489903,-0.28122148,0.00450291,0.69195446,0
3812000,0.05461321,0.00507762,0.00000000,0.00000000,0.00000000,0.00000000,0
3813000,0.07491063,0.05806721,0.00000000,0.00000000,0.00000000,0.00000000,0
3814000,0.15265279,0.03008862,2.30665484,1.15277400,3.32477222,0.17018332,0
3815000,0.06888190,0.06078225,0.59299555,3.72811714,7.12525058,0.66260546,0
3816000,0.04062936,0.06815217,-0.08801855,4.63695191,10.75066151,0.70979497,0
3817000,0.10897399,0.05514941,0.00000000,0.00000000,0.00000000,0.00000000,0
3818000,0.07422318,0.03064177,0.42481076,0.75504987,0.37528224,0.30863910,0
3819000,0.03904893,0.03016608,-0.15294261,0.90454125,0.40909744,0.07569888,0
3820000,0.05574865,0.01229785,0.26746899,-0.06421286,0.03576983,0.07681205,0
3821000,0.04666031,0.02315130,0.10161371,0.67009396,0.22967563,0.12967516,0
3822000,0.26864970,0.02038497,0.00000000,0.00000000,0.00000000,0.00000000,0
3823000,0.19976379,0.02555771,3.41944453,0.94120436,6.28923327,0.36522682,0
3824000,0.12625116,0.02515090,0.00000000,0.00000000,0.00000000,0.00000000,0
3825000,0.10255103,0.00666864,0.63964623,-0.44511571,0.20457365,0.00509910,0
3826000,0.10467160,0.08930259,0.87304202,3.10638694,5.20592109,0.14104766,0
3827000,0.47723079,0.00022487,7.78683478,-0.73705837,30.31739793,0.74449282,0
3828000,0.13294105,0.02127129,1.70929361,0.33120143,1.51568951,0.03884696,0
3829000,0.06821161,0.00440527,0.49258867,-0.55205430,0.12132180,0.07275265,0
3830000,0.05827896,0.03082341,0.31014447,0.96587204,0.51454920,0.15249422,0
3831000,0.03766996,0.05480680,-0.13542106,2.47636008,3.06617961,0.12907173,0
3832000,0.05155930,0.00733254,0.20212409,-0.39631302,0.02042707,0.18249425,0
3833000,0.08883946,0.04932747,0.00000000,0.00000000,0.00000000,0.00000000,0
3834000,0.06108806,0.02675370,0.00000000,0.00000000,0.00000000,0.00000000,0
3835000,0.06105261,0.00429999,0.00000000,0.00000000,0.00000000,0.00000000,0
3836000,0.04835780,0.01727664,0.11913473,0.36580342,0.07400261,0.30245248,0
3837000,0.17617586,0.11403347,0.00000000,0.00000000,0.00000000,0.00000000,0
3838000,0.31516236,0.12974881,1.67733334,1.51292199,2.55119003,0.00566122,0
3839000,0.09545638,0.07039918,0.22043777,0.89499812,0.42480722,0.00132611,0
3840000,0.08145902,0.01484945,0.19912822,-0.14874295,0.01982602,0.06273863,0
3841000,0.03377857,0.01436407,-0.30021065,-0.14339953,0.00000000,0.00545302,0
3842000,0.05695853,0.00658101,0.00000000,0.00000000,0.00000000,0.00000000,0
3843000,0.14223424,0.04471022,1.36975432,1.54661181,2.13411749,0.09268665,0
3844000,0.17298660,0.06718255,2.37988162,3.44343662,8.76054614,0.08066675,0
3845000,0.04739518,0.03038356,0.00000000,0.00000000,0.00000000,0.00000000,0
3846000,0.04325822,0.03463574,-0.03764072,1.64927087,1.36004721,1.00193055,0
3847000,0.03893908,0.05277592,0.00000000,0.00000000,0.00000000,0.00000000,0
3848000,0.07357211,0.01901999,0.70217295,0.39836536,0.32587091,0.23395381,0
3849000,0.06529532,0.05645971,0.63461100,3.52219560,6.40429649,1.49364206,0
3850000,0.21460465,0.04243621,0.00000000,0.00000000,0.00000000,0.00000000,0
3851000,0.06546472,0.00952895,0.28097298,-0.41648945,0.03947291,0.70367874,0
3852000,0.04817191,0.00928746,-0.01140378,-0.40476635,0.00000000,0.82711609,0
3853000,0.04458527,0.01326109,0.00000000,0.00000000,0.00000000,0.00000000,0
3854000,0.19114016,0.02219453,4.44973926,0.78921650,10.21152106,0.98750132,0
3855000,0.10632144,0.01085435,2.17554978,-0.17218304,2.36650843,2.45855712,0
3856000,0.05761241,0.06940345,0.00000000,0.00000000,0.00000000,0.00000000,0
3857000,0.08845720,0.00365093,1.12567100,-0.82354757,0.63356760,0.28116457,0
3858000,0.26883823,0.06359775,6.61937006,4.24142428,30.90286993,0.99831567,0
3859000,0.10672202,0.01110949,0.00000000,0.00000000,0.00000000,0.00000000,0
3860000,0.03404997,0.00674100,-0.30039949,-0.59565390,0.00000000,0.36952370,0
3861000,0.04525632,0.03132852,0.00000000,0.00000000,0.00000000,0.00000000,0
3862000,0.09291951,0.04322576,1.08361661,2.14789698,2.89384320,0.19738754,0
3863000,0.05085180,0.00092571,0.00000000,0.00000000,0.00000000,0.00000000,0
3864000,0.05130918,0.04176048,0.00000000,0.00000000,0.00000000,0.00000000,0
3865000,0.05966824,0.03282945,0.14632237,1.20530457,0.73708467,0.25351626,0
3866000,0.14596236,0.02558323,2.25658621,0.85406380,2.91080314,0.24202306,0
3867000,0.08068837,0.03444903,0.86018724,1.65966633,1.74720721,0.20900536,0
3868000,0.04879218,0.04573765,0.00000000,0.00000000,0.00000000,0.00000000,0
3869000,0.05801580,0.01440424,0.31725257,0.06940117,0.05273286,0.34246853,0
3870000,0.05830596,0.00867932,0.42173372,-0.39600857,0.08892967,0.15696400,0
3871000,0.04787599,0.01077366,0.00000000,0.00000000,0.00000000,0.00000000,0
3872000,0.08615735,0.00168334,0.26126591,-0.55069035,0.03412994,0.03303171,0
3873000,0.09001371,0.00930537,0.44383148,-0.27415217,0.09849319,0.02574891,0
3874000,0.11535989,0.00460034,0.94337256,-0.48563679,0.44497589,0.01049317,0
3875000,0.05113039,0.04777429,-0.02973600,1.58314735,1.25317777,0.61832322,0
3876000,0.20488442,0.06039041,2.74100126,2.34650205,6.50957990,0.06568389,0
3877000,0.03966980,0.00384641,-0.18830828,-0.57469055,0.00000000,0.13728827,0
3878000,0.03769192,0.02426220,-0.21069505,0.57777228,0.16691040,0.15610148,0
3879000,0.07474166,0.02002977,0.00000000,0.00000000,0.00000000,0.00000000,0
3880000,0.06078720,0.02419402,0.16701024,0.51280533,0.14543086,0.21449095,0
3881000,0.10190197,0.00740337,1.22665668,-0.47934581,0.75234331,1.10304218,0
3882000,0.29454985,0.08498175,6.19373302,5.06585622,32.01261398,1.00956127,0
3883000,0.21204105,0.05925845,0.00000000,0.00000000,0.00000000,0.00000000,0
3884000,0.09166576,0.05094603,0.83967867,3.31881861,5.85980863,0.18422841,0
3885000,0.09644143,0.04759678,0.00000000,0.00000000,0.00000000,0.00000000,0
3886000,0.17911746,0.04042174,0.00000000,0.00000000,0.00000000,0.00000000,0
3887000,0.06652430,0.02333957,0.28135608,0.65761176,0.25580724,0.17652634,0
3888000,0.08298061,0.02136816,0.77723179,0.64015766,0.50694554,0.10758244,0
3889000,0.05919931,0.01322630,0.00000000,0.00000000,0.00000000,0.00000000,0
3890000,0.10928312,0.01041724,0.00000000,0.00000000,0.00000000,0.00000000,0
3891000,0.18227573,0.00706170,4.09819824,-0.47970663,8.39761443,0.19429199,0
3892000,0.04129728,0.04874567,0.00000000,0.00000000,0.00000000,0.00000000,0
3893000,0.12781157,0.04091991,2.13933457,2.30635100,4.94800368,0.12163435,0
3894000,0.06298567,0.02410731,0.00000000,0.00000000,0.00000000,0.00000000,0
3895000,0.26164567,0.08591938,4.62077841,6.05021930,28.97837333,0.49282228,0
3896000,0.05745193,0.07136992,0.35570483,5.35819286,14.41837830,0.93958738,0
3897000,0.05019392,0.05545205,0.00000000,0.00000000,0.00000000,0.00000000,0
3898000,0.13976872,0.08741768,1.65589336,5.47268519,16.34613301,0.50496277,0
3899000,0.05327257,0.00283453,0.10459244,-0.85537701,0.00546979,0.35418925,0
3900000,0.07883346,0.00650909,0.78594460,-0.54849633,0.30885446,0.31105186,0
3901000,0.26404998,0.02416197,5.60932830,1.09259492,16.32916379,0.54101748,0
3902000,0.28809568,0.02996679,0.00000000,0.00000000,0.00000000,0.00000000,0
3903000,0.06683015,0.02344256,0.13904837,0.46131230,0.11607174,0.29353926,0
3904000,0.16979811,0.00697214,2.28616504,-0.52606648,2.61327530,0.20541234,0
3905000,0.07228275,0.01938060,0.46888448,0.41558936,0.19628358,0.19083887,0
3906000,0.06507990,0.00754799,0.38896008,-0.46210473,0.07564497,0.27104157,0
3907000,0.09637262,0.02490368,0.00000000,0.00000000,0.00000000,0.00000000,0
3908000,0.05533051,0.01433456,0.37666941,0.16173648,0.08401927,0.28638007,0
3909000,0.07226761,0.06380784,0.00000000,0.00000000,0.00000000,0.00000000,0
3910000,0.10099075,0.02675208,1.42648205,0.89704189,1.41976760,0.66334439,0
3911000,0.17156667,0.03405840,0.00000000,0.00000000,0.00000000,0.00000000,0
3912000,0.15501253,0.05777507,0.66317489,0.42385976,0.30972902,0.17380400,0
3913000,0.06602023,0.05939852,-0.04810206,0.63270290,0.20015648,0.01042222,0
3914000,0.11802412,0.02619558,0.63167862,0.09701792,0.20421517,0.04920475,0
3915000,0.05987738,0.00214878,0.00120137,-0.38916000,0.00000072,0.00230964,0
3916000,0.04771328,0.02135488,-0.12167719,0.07667716,0.00293969,0.03596739,0
3917000,0.16785754,0.04198643,1.66144259,0.63934647,1.58457770,0.05826288,0
3918000,0.04578546,0.00028780,-0.11809415,-0.46297149,0.00000000,0.25009066,0
3919000,0.09518050,0.00923103,0.69281203,-0.21445805,0.23999426,0.09316683,0
3920000,0.06060613,0.02002303,0.16051216,0.11566466,0.01957123,0.38976411,0
3921000,0.06061865,0.01775420,0.00000000,0.00000000,0.00000000,0.00000000,0
3922000,0.06283661,0.07470412,0.35138108,3.09433497,4.84918880,0.22913456,0
3923000,0.04582119,0.00232971,0.05949076,-0.69726313,0.00176958,0.29354065,0
3924000,0.06909522,0.02195098,0.71157037,0.56694487,0.41387944,0.26619937,0
3925000,0.19985317,0.07109987,0.00000000,0.00000000,0.00000000,0.00000000,0
3926000,0.18093801,0.00043727,0.97424857,-0.46205313,0.47458014,0.00215102,0
3927000,0.11851092,0.02657958,0.56191687,0.06978104,0.16030998,0.00128415,0
3928000,0.11158439,0.00470091,0.62410227,-0.36377295,0.19475182,0.02377939,0
3929000,0.04059958,0.03071975,-0.23445779,0.29707954,0.04412813,0.00042850,0
3930000,0.15386395,0.02074228,1.42472363,0.07653045,1.01784717,0.02993097,0
3931000,0.06015804,0.01268411,0.09763017,-0.13135579,0.00476583,0.02189802,0
3932000,0.10809854,0.02477439,0.90332083,0.25401366,0.44025573,0.08550563,0
3933000,0.04315327,0.01140735,-0.14502750,-0.15834089,0.00000000,0.61630491,0
3934000,0.15417619,0.00875493,1.79272120,-0.24816652,1.60692464,0.13176738,0
3935000,0.08565854,0.02270856,0.62230549,0.24161606,0.22282122,0.33595597,0
3936000,0.21588624,0.00621077,3.07255447,-0.34860941,4.72029549,0.24716550,0
3937000,0.06018789,0.05959998,0.19221803,1.66190814,1.39944321,0.36433230,0
3938000,0.04655924,0.00998111,-0.06061069,-0.21148083,0.00000000,0.35669964,0
3939000,0.25610408,0.01419137,0.00000000,0.00000000,0.00000000,0.00000000,0
3940000,0.15017341,0.01860436,0.91529823,0.02691031,0.41924751,0.02507394,0
3941000,0.11121753,0.00136944,0.71403657,-0.68081771,0.25492411,0.00427566,0
3942000,0.09604792,0.05243772,0.65307183,1.96030426,2.13464781,0.00783268,0
3943000,0.08625712,0.03404205,0.00000000,0.00000000,0.00000000,0.00000000,0
3944000,0.05906845,0.02076802,0.16509870,0.32753537,0.06726850,0.04769165,0
3945000,0.05793302,0.04982981,0.00000000,0.00000000,0.00000000,0.00000000,0
3946000,0.05864962,0.04001707,0.20331838,1.30417497,0.87110536,0.03090245,0
3947000,0.06028033,0.01778018,0.33940690,0.24285816,0.08708856,0.06357522,0
3948000,0.06162904,0.01311749,0.44513306,-0.00052805,0.09907172,0.24678800,0
3949000,0.11185031,0.00092254,1.84727759,-0.82529292,1.70621725,0.17263361,0
3950000,0.14424519,0.02264449,0.00000000,0.00000000,0.00000000,0.00000000,0
3951000,0.21998988,0.02375031,5.07849184,1.17079002,13.58091431,0.68284983,0
3952000,0.04034065,0.03164910,0.02547060,2.17446702,2.36447779,0.72289924,0
3953000,0.13106719,0.00534512,0.00000000,0.00000000,0.00000000,0.00000000,0
3954000,0.11578001,0.07489398,2.14616708,6.37625658,22.63134055,0.94566991,0
3955000,0.10808739,0.06292738,0.00000000,0.00000000,0.00000000,0.00000000,0
3956000,0.08054247,0.00965173,0.51086228,-0.25309802,0.13049013,0.04333819,0
3957000,0.10318558,0.02992938,1.09365168,1.03605297,1.13473988,0.11816541,0
3958000,0.22898249,0.01703487,0.00000000,0.00000000,0.00000000,0.00000000,0
3959000,0.06498193,0.01041594,0.50053626,-0.21419206,0.12526827,0.60059005,0
3960000,0.05054424,0.01110754,0.22042157,-0.10352192,0.02429283,0.61555841,0
3961000,0.14415875,0.04375315,0.00000000,0.00000000,0.00000000,0.00000000,0
3962000,0.08555625,0.03675670,0.79669416,1.75313240,1.85409740,0.12763425,0
3963000,0.10735315,0.01868018,1.51404021,0.51460690,1.27856901,0.78380389,0
3964000,0.10248946,0.02220919,1.56597096,0.90748091,1.63789332,0.87795175,0
3965000,0.05525856,0.03865439,0.00000000,0.00000000,0.00000000,0.00000000,0
3966000,0.04991361,0.02196592,0.00000000,0.00000000,0.00000000,0.00000000,0
3967000,0.07800445,0.01805259,0.92324765,0.55402534,0.57966515,0.47689100,0
3968000,0.05339023,0.01165805,0.00000000,0.00000000,0.00000000,0.00000000,0
3969000,0.04604280,0.02845006,0.00000000,0.00000000,0.00000000,0.00000000,0
3970000,0.07340625,0.01583273,0.09286023,-0.16598205,0.00431151,1.70406662,0
3971000,0.04296948,0.06203605,-0.35118385,2.59832683,3.37565115,0.32861207,0
3972000,0.04481415,0.01264031,-0.29200052,-0.27830792,0.00000000,0.64534534,0
3973000,0.05543238,0.01973000,-0.05103245,0.22168195,0.02457144,1.03593367,0
3974000,0.04560348,0.01106895,-0.21639890,-0.31963612,0.00000000,0.17640005,0
3975000,0.09409250,0.02511046,0.00000000,0.00000000,0.00000000,0.00000000,0
3976000,0.07348080,0.00698721,0.36307430,-0.49244890,0.06591147,0.40848277,0
3977000,0.07169969,0.00913336,0.46099827,-0.35379256,0.10625970,0.45026274,0
3978000,0.09022516,0.02590547,1.01600782,0.97190763,0.98843816,0.17487160,0
3979000,0.06821527,0.01171287,0.00000000,0.00000000,0.00000000,0.00000000,0
3980000,0.23658387,0.03806729,4.28870550,2.08124799,11.36229405,0.39198661,0
3981000,0.07581688,0.07018092,0.00000000,0.00000000,0.00000000,0.00000000,0
3982000,0.09480169,0.03155892,0.90985744,0.97169010,0.88601111,0.25918963,0
3983000,0.07142607,0.00865963,0.00000000,0.00000000,0.00000000,0.00000000,0
3984000,0.08022386,0.06239929,0.16916864,1.57195934,1.24983710,0.00000000,0
3985000,0.05548118,0.01701245,-0.04937380,0.00588676,0.00001733,0.02412412,0
3986000,0.07182415,0.04915143,0.33699661,1.81146563,1.69748722,0.04961794,0
3987000,0.07068944,0.00968812,0.39540603,-0.29338257,0.07817296,0.07739746,0
3988000,0.03924851,0.01161905,-0.21689826,-0.15641215,0.00000000,0.20693715,0
3989000,0.05734666,0.04067555,0.22157512,1.79270671,1.63144644,0.29489181,0
3990000,0.06877080,0.09421730,0.00000000,0.00000000,0.00000000,0.00000000,0
3991000,0.25337198,0.06013390,5.44679115,3.90772123,22.46890954,1.00237592,0
3992000,0.07776985,0.06735682,0.00000000,0.00000000,0.00000000,0.00000000,0
3993000,0.05045819,0.00066430,-0.04931915,-0.86126761,0.00000000,0.06979698,0
3994000,0.12534921,0.01448137,0.00000000,0.00000000,0.00000000,0.00000000,0
3995000,0.05176276,0.01178805,0.09411270,-0.07389346,0.00442860,0.19893056,0
3996000,0.04390935,0.00736463,-0.02590459,-0.35508268,0.00000000,0.28537226,0
3997000,0.05204572,0.09566200,0.00000000,0.00000000,0.00000000,0.00000000,0
3998000,0.04485346,0.04852791,-0.14781736,1.37711377,0.94822116,0.06006974,0
3999000,0.37451890,0.06717812,6.00533757,2.55925909,21.30694322,0.28644225,0
4000000,0.08538817,0.01835636,0.00000000,0.00000000,0.00000000,0.00000000,0
4001000,0.07746337,0.01303277,0.77342428,-0.00368878,0.29909256,0.47243294,0
4002000,0.12319271,0.06423425,2.17739344,4.37571439,11.94395929,0.68650652,0
4003000,0.04411514,0.03196429,0.00000000,0.00000000,0.00000000,0.00000000,0
4004000,0.14959474,0.00796528,2.26748770,-0.38409389,2.57075024,0.19671532,0
4005000,0.06738955,0.05302881,0.00000000,0.00000000,0.00000000,0.00000000,0
4006000,0.17786457,0.04001016,0.00000000,0.00000000,0.00000000,0.00000000,0
4007000,0.14730094,0.03632069,2.34614279,1.79843255,4.36937282,0.26998681,0
4008000,0.07358450,0.00867094,0.75381307,-0.31674108,0.28411707,0.78440256,0
4009000,0.05118386,0.00544548,0.00000000,0.00000000,0.00000000,0.00000000,0
4010000,0.05543489,0.00610873,0.00000000,0.00000000,0.00000000,0.00000000,0
4011000,0.06846263,0.07461463,0.26503276,3.43885446,5.94798119,0.13060991,0
4012000,0.04254170,0.04778064,-0.14531929,2.24652897,2.52344621,0.27480126,0
4013000,0.04360393,0.04644051,-0.10254925,2.36639660,2.79991643,0.26413665,0
4014000,0.07138002,0.02675054,0.56634127,1.09191525,0.75651067,0.18740149,0
4015000,0.10840786,0.04014518,1.52504010,2.22957037,3.64836567,0.60080350,0
4016000,0.22924431,0.02753389,0.00000000,0.00000000,0.00000000,0.00000000,0
4017000,0.05061130,0.04340779,0.10230172,2.75878771,3.81068764,1.08601154,0
4018000,0.11289766,0.04759315,0.00000000,0.00000000,0.00000000,0.00000000,0
4019000,0.11487819,0.01055958,0.00000000,0.00000000,0.00000000,0.00000000,0
4020000,0.08940866,0.03547687,0.00000000,0.00000000,0.00000000,0.00000000,0
4021000,0.06141876,0.00261505,-0.31901768,-0.92479575,0.00000000,0.69617405,0
4022000,0.05749270,0.01003652,0.00000000,0.00000000,0.00000000,0.00000000,0
4023000,0.16156027,0.06903525,0.00000000,0.00000000,0.00000000,0.00000000,0
4024000,0.10430039,0.05899489,-0.08101213,0.31629930,0.05002262,0.01292049,0
4025000,0.23264584,0.01176337,0.00000000,0.00000000,0.00000000,0.00000000,0
4026000,0.05361728,0.02716555,-0.60943589,-0.15568093,0.00000000,0.30654323,0
4027000,0.12304920,0.05640971,0.15801945,0.65313634,0.22577861,0.86185330,0
4028000,0.06472465,0.02597552,-0.67175330,-0.14783676,0.00000000,0.40009516,0
4029000,0.22029345,0.04770727,1.55555500,0.51292169,1.34142001,1.31667714,0
4030000,0.07803181,0.01029328,-0.57094983,-0.69217631,0.00000000,1.47078566,0
4031000,0.07064347,0.03669985,0.00000000,0.00000000,0.00000000,0.00000000,0
4032000,0.06263121,0.10670888,-1.24829218,1.21211081,0.73460630,0.39217751,0
4033000,0.09026012,0.03338682,-1.00098384,-0.43213372,0.00000000,0.32369757,0
4034000,0.33129579,0.06980025,1.79023772,0.53262561,1.74432057,0.77190620,0
4035000,0.15303205,0.07291369,0.00000000,0.00000000,0.00000000,0.00000000,0
4036000,0.14716655,0.02996004,-0.35085104,-0.44436720,0.00000000,0.08518794,0
4037000,0.17229615,0.07165599,-0.04151090,0.45602052,0.10397736,0.57054224,0
4038000,0.11630883,0.00240504,-0.51561894,-0.98861982,0.00000000,0.45351884,0
4039000,0.79973507,0.01766430,0.00000000,0.00000000,0.00000000,0.00000000,0
4040000,0.15236224,0.04326410,-0.55128543,-0.31131001,0.00000000,0.02244516,0
4041000,0.08068128,0.07474583,-0.83981943,0.26793073,0.03589344,0.06906745,0
4042000,0.11798856,0.07439353,-0.59419454,0.36662495,0.06720693,0.12488393,0
4043000,0.08180796,0.02899379,-0.81968552,-0.39361297,0.00000000,0.10161183,0
4044000,0.07311395,0.00676678,-0.87353534,-0.81466269,0.00000000,0.19201563,0
4045000,0.46223772,0.18384326,0.00000000,0.00000000,0.00000000,0.00000000,0
4046000,0.08225454,0.01041122,-1.06659691,-0.86367785,0.00000000,0.05261237,0
4047000,0.06784688,0.00883947,-1.02548747,-0.81261263,0.00000000,0.01897310,0
4048000,0.06499614,0.00080093,-0.99650161,-0.89329997,0.00000000,0.00194333,0
4049000,0.15005723,0.09089399,-0.25573853,0.54661874,0.14939603,0.48809161,0
4050000,0.12533507,0.04938995,-0.45896906,-0.08866658,0.00000000,0.28568525,0
4051000,0.11182162,0.02574855,-0.56093345,-0.48024516,0.00000000,0.20399815,0
4052000,0.10751512,0.00938194,-0.58110148,-0.77764396,0.00000000,0.16647126,0
4053000,0.10052095,0.07586093,-0.63651986,0.52511426,0.13787250,0.08518931,0
4054000,0.11564415,0.05941845,-0.44837729,0.24103313,0.02904848,0.01384900,0
4055000,0.10532551,0.00784940,-0.53642755,-0.80177304,0.00000000,0.08090259,0
4056000,0.09680702,0.03718311,-0.60889670,-0.17251313,0.00000000,0.07288416,0
4057000,0.10975939,0.02201503,-0.45117328,-0.48825022,0.00000000,0.28986580,0
4058000,0.07362473,0.01049021,-0.84554403,-0.74138165,0.00000000,0.19070115,0
4059000,0.09728597,0.02172700,-0.55882835,-0.48228013,0.00000000,0.23946059,0
4060000,0.07053361,0.00652834,-0.85516840,-0.83098884,0.00000000,0.11551554,0
4061000,0.09369905,0.01921587,-0.56792793,-0.53159471,0.00000000,0.07312358,0
4062000,0.08578951,0.06543960,-0.64816821,0.59325484,0.17597565,0.06661897,0
4063000,0.06329960,0.06520645,-0.90647434,0.61058282,0.18640569,0.15313503,0
4064000,0.06850257,0.02516910,-0.83149659,-0.36717356,0.00000000,0.17803938,0
4065000,0.08851617,0.04397582,-0.57366178,0.11606712,0.00673579,0.10737354,0
4066000,0.09633587,0.01244488,-0.46501307,-0.68488868,0.00000000,0.39789914,0
4067000,0.09942192,0.05148518,-0.41472072,0.33512666,0.05615494,0.08946504,0
4068000,0.06896537,0.03389411,-0.79086833,-0.11394905,0.00000000,0.20652571,0
4069000,0.05363212,0.01862550,-0.98251370,-0.51351960,0.00000000,0.11030569,0
4070000,0.10121863,0.05005693,-0.36067612,0.34154724,0.05832726,0.16915596,0
4071000,0.06253006,0.02439226,-0.85830957,-0.34691477,0.00000000,0.17189722,0
4072000,0.07185071,0.02736295,-0.72803092,-0.25618341,0.00000000,0.13666758,0
4073000,0.07979276,0.02460677,-0.61539204,-0.32667932,0.00000000,0.06640276,0
4074000,0.09802346,0.05557051,0.00000000,0.00000000,0.00000000,0.00000000,0
4075000,0.10435038,0.05124348,0.00000000,0.00000000,0.00000000,0.00000000,0
4076000,0.04759220,0.05078591,-0.90273524,0.51067830,0.13039616,0.25591164,0
4077000,0.06274629,0.06933932,-0.70652438,1.39150325,0.96814065,0.13569608,0
4078000,0.06187316,0.06226397,-0.70272520,1.31389839,0.86316449,0.36536188,0
4079000,0.06538232,0.01861035,0.00000000,0.00000000,0.00000000,0.00000000,0
4080000,0.05765293,0.03328554,-0.83955922,0.26552146,0.03525082,0.39555521,0
4081000,0.08532097,0.07152630,0.00000000,0.00000000,0.00000000,0.00000000,0
4082000,0.05522775,0.05020820,-0.75757276,0.50504171,0.12753356,0.23730086,0
4083000,0.08935493,0.01645463,-0.35643955,-0.50110554,0.00000000,0.66005954,0
4084000,0.09510163,0.06583168,0.00000000,0.00000000,0.00000000,0.00000000,0
4085000,0.08968293,0.03670732,0.00000000,0.00000000,0.00000000,0.00000000,0
4086000,0.08712088,0.03938347,-0.70404983,-0.00561947,0.00000000,0.29203699,0
4087000,0.07906022,0.01093071,-0.77713230,-0.77193127,0.00000000,0.21314402,0
4088000,0.17954312,0.03675161,0.00000000,0.00000000,0.00000000,0.00000000,0
4089000,0.07222237,0.06323618,-0.55284434,0.69870129,0.24409175,0.39737201,0
4090000,0.07902545,0.01253415,0.00000000,0.00000000,0.00000000,0.00000000,0
4091000,0.06222357,0.03904562,0.00000000,0.00000000,0.00000000,0.00000000,0
4092000,0.05799676,0.08271550,-0.85794992,0.83752087,0.35072060,0.04941282,0
4093000,0.06662313,0.03623042,-0.59118039,0.02521367,0.00031786,0.00221810,0
4094000,0.06344014,0.01884868,-0.66659749,-0.42547310,0.00000000,0.21257158,0
4095000,0.06951891,0.00544471,-0.58515425,-0.81554194,0.00000000,0.18991914,0
4096000,0.06234561,0.06381319,-0.63314091,1.17935184,0.69543538,0.02368172,0
4097000,0.07920729,0.03186129,-0.39816095,0.14447488,0.01043650,0.29193314,0
4098000,0.05697673,0.00100634,0.00000000,0.00000000,0.00000000,0.00000000,0
4099000,0.05694441,0.06756045,-0.73031857,0.78433082,0.30758742,0.05262025,0
4100000,0.12255905,0.10796435,0.07313303,2.06761665,2.14019353,0.14285803,0
4101000,0.06454983,0.02356381,0.00000000,0.00000000,0.00000000,0.00000000,0
4102000,0.20427692,0.18915009,0.59215290,3.10281292,4.98904654,0.03350390,0
4103000,0.08775529,0.02515503,-0.31759751,-0.24420257,0.00000000,0.06019076,0
4104000,0.09446402,0.00493477,-0.22991488,-0.77594407,0.00000000,0.03430008,0
4105000,0.09442740,0.05802489,0.00000000,0.00000000,0.00000000,0.00000000,0
4106000,0.17194994,0.04558117,0.00000000,0.00000000,0.00000000,0.00000000,0
4107000,0.12380493,0.11709879,0.26776428,2.09876322,2.23825237,0.00238252,0
4108000,0.05523265,0.00931151,-0.43136652,-0.63011427,0.00000000,0.07693380,0
4109000,0.06501739,0.00568101,-0.37447339,-0.75526929,0.00000000,0.15727806,0
4110000,0.14455643,0.05275706,0.00000000,0.00000000,0.00000000,0.00000000,0
4111000,0.05685413,0.01583134,-0.68221762,-0.40206495,0.00000000,0.09264497,0
4112000,0.06597362,0.07172991,-0.56218283,2.04651315,2.09410804,0.27302685,0
4113000,0.07366383,0.03823067,-0.45907710,0.65272471,0.21302478,0.37137254,0
4114000,0.06407692,0.05195247,-0.59375485,1.35659358,0.92017307,0.64550897,0
4115000,0.10981576,0.02017224,0.15002313,-0.16991580,0.01125347,0.64568755,0
4116000,0.10799611,0.06621724,0.15934678,2.24684114,2.53684324,0.56013263,0
4117000,0.07974403,0.11324540,0.00000000,0.00000000,0.00000000,0.00000000,0
4118000,0.07529149,0.04212545,-0.36081968,0.18217691,0.01659421,0.05630240,0
4119000,0.11903259,0.06075485,0.00000000,0.00000000,0.00000000,0.00000000,0
4120000,0.06061321,0.00009666,-0.32304053,-1.11025884,0.00000000,0.93924893,0
4121000,0.10023477,0.05002351,0.00000000,0.00000000,0.00000000,0.00000000,0
4122000,0.08674787,0.04755322,-0.16703101,1.04269934,0.54361095,0.11776142,0
4123000,0.07009940,0.02290971,0.00000000,0.00000000,0.00000000,0.00000000,0
4124000,0.06984644,0.01131537,-0.31952511,-0.43870557,0.00000000,0.06834288,0
4125000,0.05842021,0.03915596,-0.43513270,0.71185947,0.25337195,0.24085848,0
4126000,0.06361172,0.06691654,-0.33905788,2.09093575,2.18600616,0.12900627,0
4127000,0.06187790,0.02851434,-0.34761755,0.42746443,0.09136292,0.30400005,0
4128000,0.11945251,0.05577964,0.00000000,0.00000000,0.00000000,0.00000000,0
4129000,0.10020339,0.10558945,0.14820031,2.20523036,2.44250213,0.00590499,0
4130000,0.04167665,0.03492925,-0.53729718,0.50008923,0.12504462,0.02259449,0
4131000,0.09458744,0.05879208,0.31592385,1.53651528,1.23034355,0.07843205,0
4132000,0.06951353,0.00757533,-0.06714444,-0.47093403,0.00000000,0.06813102,0
4133000,0.05298565,0.02576455,-0.37538882,0.33379469,0.05570945,0.42774611,0
4134000,0.17934035,0.00393688,0.00000000,0.00000000,0.00000000,0.00000000,0
4135000,0.05137564,0.00164027,-0.53076899,-0.74125868,0.00000000,0.04856884,0
4136000,0.10995189,0.14301895,0.00000000,0.00000000,0.00000000,0.00000000,0
4137000,0.14359756,0.05299246,0.00000000,0.00000000,0.00000000,0.00000000,0
4138000,0.08083904,0.00697424,0.00000000,0.00000000,0.00000000,0.00000000,0
4139000,0.08834635,0.06723378,-0.03947441,0.79222318,0.31380879,0.00000000,0
4140000,0.14210564,0.03221806,0.00000000,0.00000000,0.00000000,0.00000000,0
4141000,0.09007120,0.01580665,0.00000000,0.00000000,0.00000000,0.00000000,0
4142000,0.07651170,0.05359320,0.00000000,0.00000000,0.00000000,0.00000000,0
4143000,0.11453472,0.08266371,0.55175819,1.11616713,0.77513308,0.00000000,0
4144000,0.10126080,0.07937921,0.00000000,0.00000000,0.00000000,0.00000000,0
4145000,0.06117471,0.01252392,-0.12714287,-0.44815494,0.00000000,0.70144010,0
4146000,0.13709463,0.06123073,0.00000000,0.00000000,0.00000000,0.00000000,0
4147000,0.07736270,0.00418667,0.08796640,-0.70272412,0.00386904,0.05020713,0
4148000,0.14911398,0.02959273,0.00000000,0.00000000,0.00000000,0.00000000,0
4149000,0.06535942,0.02111861,-0.13275717,-0.04028802,0.00000000,0.01043784,0
4150000,0.09289698,0.03914766,0.42877108,0.78477034,0.39985456,0.05489505,0
4151000,0.07355361,0.03141614,0.15807062,0.58890939,0.18590029,0.92128981,0
4152000,0.07494932,0.03109358,0.00000000,0.00000000,0.00000000,0.00000000,0
4153000,0.08925653,0.01401116,0.50641170,-0.25239389,0.12822640,0.04808936,0
4154000,0.07159745,0.15725628,0.00000000,0.00000000,0.00000000,0.00000000,0
4155000,0.08267895,0.03504098,0.00000000,0.00000000,0.00000000,0.00000000,0
4156000,0.13417761,0.19088581,0.88223725,3.56940412,6.75949417,0.04759494,0
4157000,0.07337239,0.06325235,0.13579946,1.05176722,0.56232789,0.05015467,0
4158000,0.23653904,0.04587173,3.04450571,0.72478269,4.89716249,0.20918959,0
4159000,0.12386081,0.13693279,0.00000000,0.00000000,0.00000000,0.00000000,0
4160000,0.10790148,0.10915702,0.30498005,1.63255687,1.37912739,0.00000000,0
4161000,0.09877456,0.15385199,0.43413590,3.36927382,5.77024004,0.04848657,0
4162000,0.27215356,0.08289158,3.14697414,1.77768986,6.53181372,0.53312610,0
4163000,0.06271520,0.00764866,-0.07085158,-0.48839998,0.00000000,0.28999279,0
4164000,0.10876277,0.05407050,0.00000000,0.00000000,0.00000000,0.00000000,0
4165000,0.14896332,0.06279210,0.00000000,0.00000000,0.00000000,0.00000000,0
4166000,0.16377167,0.10392191,0.74462406,1.58902551,1.53973354,0.00000000,0
4167000,0.07976280,0.03816129,0.13154942,0.35179526,0.07053258,0.00191783,0
4168000,0.05936144,0.02519240,-0.12859670,0.07101404,0.00252150,0.15396296,0
4169000,0.06758983,0.03889168,0.02942144,0.64534366,0.20866703,0.01182303,0
4170000,0.06459595,0.03489084,0.00000000,0.00000000,0.00000000,0.00000000,0
4171000,0.11486883,0.04859090,0.88686273,0.99611179,0.88938210,0.04592336,0
4172000,0.10419264,0.04692403,0.00000000,0.00000000,0.00000000,0.00000000,0
4173000,0.10939242,0.03357500,0.00000000,0.00000000,0.00000000,0.00000000,0
4174000,0.11658316,0.25586066,0.00000000,0.00000000,0.00000000,0.00000000,0
4175000,0.10917541,0.19877422,0.73893809,3.90775886,7.90830441,0.05908304,0
4176000,0.11684240,0.04060199,1.07245644,0.48265691,0.69156025,0.00249342,0
4177000,0.07812500,0.05381349,0.00000000,0.00000000,0.00000000,0.00000000,0
4178000,0.08629920,0.07785559,0.68547535,2.34541306,2.98541945,0.00985419,0
4179000,0.04942870,0.01168402,-0.11782751,-0.36227982,0.00000000,1.05695946,0
4180000,0.06265720,0.04226538,0.04547784,1.11097974,0.61817211,0.35473560,0
4181000,0.04321123,0.02511402,-0.37136559,0.34554166,0.05969952,0.20430204,0
4182000,0.06828698,0.04135435,0.15410675,1.29116354,0.84542609,0.09687633,0
4183000,0.06170667,0.04257249,0.03329111,1.45703631,1.06203155,0.20625146,0
4184000,0.04603207,0.00143978,-0.32060658,-0.93113479,0.00000000,0.29645222,0
4185000,0.05057386,0.00294017,-0.20141621,-0.85154574,0.00000000,0.28719339,0
4186000,0.19663344,0.02838572,3.50551461,0.76826375,6.43943094,0.69401219,0
4187000,0.18580733,0.11969695,0.00000000,0.00000000,0.00000000,0.00000000,0
4188000,0.10831585,0.15499292,0.38076880,4.35669589,9.56289197,0.07580883,0
4189000,0.13774936,0.07545917,0.91731771,2.13661926,2.70330682,0.02538549,0
4190000,0.12462536,0.10108459,0.00000000,0.00000000,0.00000000,0.00000000,0
4191000,0.11544025,0.12097459,0.00000000,0.00000000,0.00000000,0.00000000,0
4192000,0.11297241,0.00104947,0.96101449,-0.52023259,0.46177442,0.00000000,0
4193000,0.07990532,0.07293262,0.00000000,0.00000000,0.00000000,0.00000000,0
4194000,0.11616306,0.17024843,0.00000000,0.00000000,0.00000000,0.00000000,0
4195000,0.09263117,0.01745782,0.08444864,-0.17245955,0.00356579,0.01245875,0
4196000,0.07063702,0.05373961,-0.11995545,1.38502652,0.95914923,0.19013880,0
4197000,0.06740575,0.02033532,-0.07460402,0.07976933,0.00318157,0.04069674,0
4198000,0.07137435,0.02900963,0.04171009,0.57439502,0.16583468,0.04876183,0
4199000,0.08634061,0.04206331,0.34718259,1.34563849,0.96563935,0.07951746,0
4200000,0.11465401,0.01018873,0.00000000,0.00000000,0.00000000,0.00000000,0
4201000,0.09235917,0.07563093,-0.39721999,0.34750601,0.06038021,0.01089405,0
4202000,0.13821945,0.16930899,0.25326899,2.17513881,2.39768702,0.00408922,0
4203000,0.12872896,0.19290020,0.29767128,3.00105719,4.54747624,0.22313915,0
4204000,0.11831430,0.01912074,0.34536058,-0.23124915,0.05963697,0.00009039,0
4205000,0.06986100,0.07575579,-0.10540039,1.06261322,0.56457342,0.11845731,0
4206000,0.06980813,0.00961819,-0.08147268,-0.40072953,0.00000000,0.05797940,0
4207000,0.05764422,0.01744320,-0.20476769,-0.19329416,0.00000000,0.01354521,0
4208000,0.06087315,0.02085309,-0.15920206,-0.08771312,0.00000000,0.01416461,0
4209000,0.26593754,0.06370451,0.00000000,0.00000000,0.00000000,0.00000000,0
4210000,0.16986488,0.05886105,0.00000000,0.00000000,0.00000000,0.00000000,0
4211000,0.21539052,0.08967270,2.54665477,1.95767464,5.15897027,0.03158970,0
4212000,0.19961618,0.38304606,0.00000000,0.00000000,0.00000000,0.00000000,0
4213000,0.05468436,0.02398128,-0.34089853,-0.09249644,0.00000000,0.04763815,0
4214000,0.03961698,0.03537045,-0.54267510,0.33712809,0.05682768,0.03888429,0
4215000,0.10782631,0.04715465,0.43325864,0.85957482,0.46329096,0.02456834,0
4216000,0.04314813,0.04883962,-0.46355498,1.07128799,0.57382898,0.03448327,0
4217000,0.06208744,0.03672344,-0.14894526,0.70132693,0.24592973,0.42669281,0
4218000,0.09853553,0.06432512,0.00000000,0.00000000,0.00000000,0.00000000,0
4219000,0.06453159,0.03290169,-0.02467939,0.31369112,0.04920106,0.01391457,0
4220000,0.08923429,0.02938636,0.37888859,0.34171754,0.13016372,0.05387873,0
4221000,0.07705647,0.01467262,0.00000000,0.00000000,0.00000000,0.00000000,0
4222000,0.14717905,0.06042036,1.54695055,2.00321164,3.20295644,0.01202956,0
4223000,0.06532577,0.06281730,0.00000000,0.00000000,0.00000000,0.00000000,0
4224000,0.09380570,0.02200777,1.06174021,0.36342709,0.62968576,0.00000000,0
4225000,0.11227877,0.06460777,1.40038444,2.85975787,5.06964584,0.82128260,0
4226000,0.07235141,0.01451038,0.00000000,0.00000000,0.00000000,0.00000000,0
4227000,0.19474724,0.24065191,0.00000000,0.00000000,0.00000000,0.00000000,0
4228000,0.08047908,0.02697697,0.42290640,0.46378984,0.19697542,0.47959699,0
4229000,0.08125202,0.15475738,0.00000000,0.00000000,0.00000000,0.00000000,0
4230000,0.08192903,0.01598239,0.74954460,-0.06827986,0.28090855,0.36526901,0
4231000,0.07121564,0.02135105,0.56346256,0.29079739,0.20102659,0.19712145,0
4232000,0.04943463,0.00504819,-0.01157597,-0.61580880,0.00000000,0.74855522,0
4233000,0.05143767,0.01576000,0.06838399,0.04956753,0.00356665,0.31875339,0
4234000,0.06136199,0.05273229,0.40906564,2.55252111,3.34134936,0.25034780,0
4235000,0.17270631,0.04336824,0.00000000,0.00000000,0.00000000,0.00000000,0
4236000,0.11541133,0.01968818,0.74399289,0.07108705,0.27928940,0.06772854,0
4237000,0.04949756,0.04124502,-0.23824829,1.47771550,1.09182155,0.46623212,0
4238000,0.04658255,0.04078862,-0.29783894,1.63846378,1.34228178,0.38444332,0
4239000,0.11511908,0.11692999,0.00000000,0.00000000,0.00000000,0.00000000,0
4240000,0.06025330,0.09215236,-0.04968902,1.96691904,1.93438525,0.17823290,0
4241000,0.10151110,0.09816932,0.00000000,0.00000000,0.00000000,0.00000000,0
4242000,0.07748089,0.01073729,0.00000000,0.00000000,0.00000000,0.00000000,0
4243000,0.07065175,0.01060538,0.01074455,-0.42838236,0.00005772,0.07507794,0
4244000,0.07075201,0.05959129,0.15606332,2.22277494,2.48254210,0.19019360,0
4245000,0.06372987,0.00708639,0.08667592,-0.55601281,0.00375636,0.99477563,0
4246000,0.04827198,0.01665279,-0.25620607,0.05086650,0.00129370,0.35040856,0
4247000,0.09410045,0.01851252,0.99473817,0.21166673,0.51715341,0.58303786,0
4248000,0.04372168,0.01953821,0.00000000,0.00000000,0.00000000,0.00000000,0
4249000,0.06998142,0.04765241,-0.27397055,0.56702015,0.16075592,0.01863709,0
4250000,0.08090054,0.05810633,-0.02707791,1.17136638,0.68604959,0.14967514,0
4251000,0.06323150,0.03363767,-0.17065010,0.49635352,0.12318341,0.07820690,0
4252000,0.07731749,0.00564098,0.05776207,-0.57508550,0.00166823,0.11008237,0
4253000,0.04569469,0.03683958,-0.40238281,0.78563058,0.30860770,0.14075071,0
4254000,0.32954827,0.04110935,4.32806065,1.05744381,9.92514819,0.21390514,0
4255000,0.05321509,0.00729741,-0.27025430,-0.52849752,0.00000000,0.36092161,0
4256000,0.14018989,0.03415596,0.00000000,0.00000000,0.00000000,0.00000000,0
4257000,0.09697796,0.02662661,0.36189998,0.10530143,0.07102999,0.01135823,0
4258000,0.08654612,0.06835254,0.31337819,1.58901983,1.31159495,0.34669260,0
4259000,0.08826634,0.02921513,0.41155899,0.36298950,0.15057109,0.07799756,0
4260000,0.08651353,0.02671228,0.44464829,0.33025149,0.15338907,0.07341556,0
4261000,0.10602657,0.09094549,0.00000000,0.00000000,0.00000000,0.00000000,0
4262000,0.07808194,0.04874099,0.08033118,0.99626510,0.49949863,0.14073173,0
4263000,0.08217971,0.06133905,0.00000000,0.00000000,0.00000000,0.00000000,0
4264000,0.07231834,0.03265791,-0.14720824,0.20259965,0.02052331,0.07467449,0
4265000,0.07667826,0.10773788,-0.00249452,3.07364701,4.72365297,0.40383277,0
4266000,0.09297381,0.01331069,0.36558818,-0.32172882,0.06682736,0.25638480,0
4267000,0.08384486,0.00877887,0.00000000,0.00000000,0.00000000,0.00000000,0
4268000,0.05629829,0.01152791,-0.47407961,-0.53595040,0.00000000,0.04469216,0
4269000,0.06774602,0.02041593,-0.22883322,-0.00892788,0.00000000,0.10013367,0
4270000,0.08692928,0.01275990,0.22181316,-0.36303765,0.02460054,0.25847266,0
4271000,0.13674359,0.03245971,1.37008893,0.85408631,1.30330355,0.67786788,0
4272000,0.07575143,0.05927857,0.11326844,2.62415849,3.44951876,1.10491472,0
4273000,0.05572750,0.04652612,-0.32627224,1.92595902,1.85465907,1.33649873,0
4274000,0.09827697,0.00397613,0.00000000,0.00000000,0.00000000,0.00000000,0
4275000,0.05662222,0.02147438,-0.45314357,-0.10095160,0.00000000,0.24713226,0
4276000,0.06189390,0.01341947,0.00000000,0.00000000,0.00000000,0.00000000,0
4277000,0.07928230,0.02156842,0.03371915,0.02503571,0.00088188,0.21870708,0
4278000,0.07193033,0.02802791,-0.02935013,0.42127894,0.08873797,0.19582209,0
4279000,0.06936491,0.00584164,-0.03424080,-0.68502025,0.00000000,0.49851788,0
4280000,0.05719822,0.00723124,-0.28666975,-0.62241440,0.00000000,0.74726595,0
4281000,0.06856232,0.04504013,0.00411618,1.63075196,1.32968445,0.78937758,0
4282000,0.07744030,0.04203378,0.00000000,0.00000000,0.00000000,0.00000000,0
4283000,0.06052760,0.05711667,-0.37068790,1.82649796,1.66804741,0.11080132,0
4284000,0.07449359,0.04858640,-0.05211117,1.73293193,1.50152653,0.77499588,0
4285000,0.05628687,0.04699896,0.00000000,0.00000000,0.00000000,0.00000000,0
4286000,0.05327751,0.01619087,-0.44335767,-0.16372471,0.00000000,0.08795189,0
4287000,0.06854672,0.06107968,-0.11337088,2.07728780,2.15756231,0.71903602,0
4288000,0.06841365,0.00394886,0.00000000,0.00000000,0.00000000,0.00000000,0
4289000,0.05222937,0.05227014,-0.42654166,1.98009907,1.96039616,0.56469393,0
4290000,0.07154302,0.02283307,0.00000000,0.00000000,0.00000000,0.00000000,0
4291000,0.08837264,0.01653113,-0.15431377,-0.40875323,0.00000000,0.04334926,0
4292000,0.04839800,0.01617030,-0.59205160,-0.29816894,0.00000000,0.11578115,0
4293000,0.07714551,0.00815932,-0.08163957,-0.59237587,0.00000000,0.18410948,0
4294000,0.08230986,0.05399226,0.06402158,1.68174305,1.41617923,0.43962612,0
4295000,0.08172183,0.04085923,0.11465331,1.12836303,0.64317426,0.25245023,0
4296000,0.11489958,0.01708366,0.00000000,0.00000000,0.00000000,0.00000000,0
4297000,0.06120894,0.01043949,-0.26552378,-0.45402955,0.00000000,0.14491995,0
4298000,0.06299162,0.01122263,-0.13280679,-0.36767119,0.00000000,0.34808139,0
4299000,0.05315932,0.01169813,-0.26868403,-0.32462670,0.00000000,0.29692621,0
4300000,0.04778120,0.00782636,-0.37019877,-0.54236179,0.00000000,0.82516575,0
4301000,0.05740329,0.03059204,-0.14289492,0.88634822,0.39280659,0.32061827,0
4302000,0.08926108,0.03741604,0.00000000,0.00000000,0.00000000,0.00000000,0
4303000,0.07039779,0.02910321,-0.16065854,0.50424553,0.12713178,0.14225683,0
4304000,0.07026618,0.00026632,-0.08294356,-1.03718418,0.00000000,0.27422780,0
4305000,0.20282724,0.19430210,0.00000000,0.00000000,0.00000000,0.00000000,0
4306000,0.06892664,0.00263636,-0.07148441,-0.73444639,0.00000000,0.35021240,0
4307000,0.07408386,0.02461367,0.07538816,0.33019415,0.05735578,0.42482002,0
4308000,0.07048976,0.01636592,0.07734372,-0.05377783,0.00299103,0.89395243,0
4309000,0.09204961,0.08525195,0.00000000,0.00000000,0.00000000,0.00000000,0
4310000,0.08132468,0.02080462,0.09751756,0.05687692,0.00637233,0.05543931,0
4311000,0.09995051,0.02536281,0.00000000,0.00000000,0.00000000,0.00000000,0
4312000,0.08233561,0.03318842,-0.00856977,0.55277229,0.15277860,0.23177675,0
4313000,0.06397233,0.00273409,-0.19112283,-0.88508311,0.00000000,0.68193626,0
4314000,0.05164105,0.02562554,0.00000000,0.00000000,0.00000000,0.00000000,0
4315000,0.06913479,0.01041037,-0.06344543,-0.41391589,0.00000000,0.61536187,0
4316000,0.07353969,0.03928247,0.11557042,1.44348189,1.04849825,0.46673803,0
4317000,0.03391808,0.01675353,0.00000000,0.00000000,0.00000000,0.00000000,0
4318000,0.10458888,0.04917754,0.75492863,2.02825870,2.34187530,0.45767071,0
4319000,0.07630920,0.03048835,0.00000000,0.00000000,0.00000000,0.00000000,0
4320000,0.06200262,0.00626116,-0.28166371,-0.65011906,0.00000000,1.99606377,0
4321000,0.08731788,0.02112976,0.00000000,0.00000000,0.00000000,0.00000000,0
4322000,0.07717037,0.03518795,0.02541304,0.59661694,0.17829880,0.50971894,0
4323000,0.10857107,0.00975532,0.00000000,0.00000000,0.00000000,0.00000000,0
4324000,0.08139976,0.03151257,0.03902285,0.46608599,0.10937947,0.00836374,0
4325000,0.04837712,0.01210725,-0.37042860,-0.34181085,0.00000000,0.16559621,0
4326000,0.07993525,0.00070993,0.21619974,-0.96020598,0.02337116,0.11888268,0
4327000,0.07171205,0.06460583,0.00000000,0.00000000,0.00000000,0.00000000,0
4328000,0.07249355,0.05232590,-0.10046861,1.32898047,0.88309454,0.01544817,0
4329000,0.06648549,0.01211030,-0.12787289,-0.37162686,0.00000000,0.20111660,0
4330000,0.08258439,0.05177655,0.26082633,1.89461066,1.82878996,0.89958138,0
4331000,0.06206148,0.05980352,0.00000000,0.00000000,0.00000000,0.00000000,0
4332000,0.09415273,0.08530284,0.00000000,0.00000000,0.00000000,0.00000000,0
4333000,0.08539951,0.02506150,0.03333385,0.22715809,0.02635597,0.32861371,0
4334000,0.07334177,0.00548059,-0.01465792,-0.69454280,0.00000000,0.55548585,0
4335000,0.06005021,0.01989954,-0.19107979,0.15936653,0.01269885,0.17466404,0
4336000,0.07841656,0.01742912,0.27571835,0.05251587,0.03938926,0.72007795,0
4337000,0.27737275,0.02509013,0.00000000,0.00000000,0.00000000,0.00000000,0
4338000,0.06420766,0.02412532,0.00000000,0.00000000,0.00000000,0.00000000,0
4339000,0.04271325,0.05858957,-0.46920472,2.57977368,3.32761612,2.01282966,0
4340000,0.06862219,0.00660628,0.00000000,0.00000000,0.00000000,0.00000000,0
4341000,0.07495689,0.04441102,0.06829568,0.98680310,0.48922233,0.34456933,0
4342000,0.06817282,0.04977983,0.02348174,1.46803329,1.07783657,0.15765976,0
4343000,0.07531611,0.00092239,0.24471278,-0.86613928,0.02994217,0.55420397,0
4344000,0.07162230,0.05552876,0.21302294,2.16516867,2.36666707,0.73377058,0
4345000,0.04784516,0.03244169,0.00000000,0.00000000,0.00000000,0.00000000,0
4346000,0.07165058,0.02391395,0.07244658,0.12501488,0.01043861,0.13866090,0
4347000,0.06270806,0.06590849,-0.01291283,1.82939276,1.67333893,0.57893450,0
4348000,0.06156444,0.03485677,0.00542448,0.72367109,0.26186464,0.20822574,0
4349000,0.08046112,0.01813026,0.00000000,0.00000000,0.00000000,0.00000000,0
4350000,0.07404873,0.01128951,0.19768229,-0.34036079,0.01953914,0.42663697,0
4351000,0.06947883,0.04934206,0.00000000,0.00000000,0.00000000,0.00000000,0
4352000,0.05619179,0.03200866,-0.31513112,0.80393067,0.32315226,0.59035802,0
4353000,0.07358208,0.05641627,0.00000000,0.00000000,0.00000000,0.00000000,0
4354000,0.08841793,0.00082955,0.00000000,0.00000000,0.00000000,0.00000000,0
4355000,0.07178847,0.01969170,0.02324838,0.06032482,0.00208979,0.05751541,0
4356000,0.04947678,0.03044705,-0.30810636,0.73107175,0.26723295,0.15545945,0
4357000,0.11048359,0.02577003,1.03811233,0.56108679,0.69624780,0.90414346,0
4358000,0.06497255,0.01125306,0.00000000,0.00000000,0.00000000,0.00000000,0
4359000,0.08497076,0.03615954,0.32751218,1.22826536,0.80795001,0.27375933,0
4360000,0.05595581,0.00315824,0.00000000,0.00000000,0.00000000,0.00000000,0
4361000,0.04647639,0.01249232,-0.46370422,-0.32006276,0.00000000,0.46329670,0
4362000,0.05987244,0.01240895,0.00000000,0.00000000,0.00000000,0.00000000,0
4363000,0.07495762,0.03693907,0.10256551,1.27265199,0.81508138,0.15526679,0
4364000,0.06915651,0.00300485,0.00000000,0.00000000,0.00000000,0.00000000,0
4365000,0.06796096,0.02950931,0.06474692,0.87775308,0.38732131,0.30707302,0
4366000,0.05840465,0.02751911,0.00000000,0.00000000,0.00000000,0.00000000,0
4367000,0.13718247,0.08181612,0.00000000,0.00000000,0.00000000,0.00000000,0
4368000,0.03755906,0.02814633,-0.61220057,0.43766980,0.09577743,0.00000000,0
4369000,0.07377223,0.01812470,0.14610363,0.01167307,0.01074127,0.29364112,0
4370000,0.06084862,0.03500994,-0.08701117,1.22883562,0.75501849,0.24926474,0
4371000,0.05972808,0.02168720,-0.06531823,0.37625973,0.07078569,1.05400637,0
4372000,0.09330916,0.01404481,0.00000000,0.00000000,0.00000000,0.00000000,0
4373000,0.06084276,0.04892458,-0.04597598,2.32238818,2.69674344,1.42154194,0
4374000,0.11233704,0.06544033,0.00000000,0.00000000,0.00000000,0.00000000,0
4375000,0.06555511,0.00679476,-0.07892091,-0.68532769,0.00000000,0.14745338,0
4376000,0.06796729,0.04352295,0.03576225,1.89173790,1.78997561,0.96858679,0
4377000,0.07158012,0.00129875,0.16743507,-1.09604009,0.01401725,0.34680220,0
4378000,0.05261160,0.02782124,0.00000000,0.00000000,0.00000000,0.00000000,0
4379000,0.07648591,0.03737826,0.00000000,0.00000000,0.00000000,0.00000000,0
4380000,0.06106522,0.00027442,-0.12768508,-1.03563831,0.00000000,0.34405961,0
4381000,0.05716339,0.00563050,-0.15471256,-0.73000388,0.00000000,0.33246923,0
4382000,0.05759496,0.03083337,-0.08363201,0.95744514,0.45835060,0.23612216,0
4383000,0.04716631,0.00035051,-0.31414889,-1.10246723,0.00000000,0.53785150,0
4384000,0.05946217,0.00188513,0.01599565,-1.01119138,0.00012793,0.56434177,0
4385000,0.05270140,0.01492121,0.00000000,0.00000000,0.00000000,0.00000000,0
4386000,0.05058444,0.04571214,-0.19143410,2.14615640,2.30299364,0.15423008,0
4387000,0.06287467,0.03132609,0.00000000,0.00000000,0.00000000,0.00000000,0
4388000,0.08127954,0.01582917,0.23106080,-0.16810695,0.02669455,0.21521523,0
4389000,0.06631406,0.09387369,0.00000000,0.00000000,0.00000000,0.00000000,0
4390000,0.12203506,0.11443241,1.00347510,4.76641845,11.86285357,0.40463408,0
4391000,0.06083943,0.01890225,-0.00258434,0.11659455,0.00679714,0.64057216,0
4392000,0.03222252,0.00513188,-0.61298342,-0.69833478,0.00000000,0.35739481,0
4393000,0.10298736,0.05465894,1.04691843,2.53993452,3.77365280,0.76717745,0
4394000,0.04383360,0.03377115,-0.34173838,1.23284426,0.75995249,0.62967653,0
4395000,0.06800324,0.01884261,0.28810004,0.23723269,0.06964049,0.67474093,0
4396000,0.06678683,0.02347084,0.27562824,0.59608162,0.21564211,0.73300870,0
4397000,0.05136498,0.01599652,0.00000000,0.00000000,0.00000000,0.00000000,0
4398000,0.06957678,0.02927724,0.18747120,0.98342185,0.50113199,0.37668177,0
4399000,0.05303669,0.00903662,0.00000000,0.00000000,0.00000000,0.00000000,0
4400000,0.04077359,0.00677586,-0.36817020,-0.50815676,0.00000000,0.06481226,0
4401000,0.07239617,0.00619765,0.20862279,-0.57397829,0.02176173,0.13563495,0
4402000,0.06947740,0.00142127,0.21175604,-0.86900909,0.02242031,0.13034262,0
4403000,0.05834898,0.00311076,0.00000000,0.00000000,0.00000000,0.00000000,0
4404000,0.10623254,0.00637873,0.80126148,-0.66991914,0.32100998,0.34604903,0
4405000,0.05982861,0.03904216,-0.03470169,1.35998469,0.92477918,0.38604055,0
4406000,0.06330379,0.04484658,0.11422875,1.93216943,1.87316345,0.91279486,0
4407000,0.04996804,0.02066601,-0.18955425,0.33843328,0.05726854,0.73020653,0
4408000,0.06835281,0.00170929,0.00000000,0.00000000,0.00000000,0.00000000,0
4409000,0.05433651,0.00346461,-0.13884709,-0.90080326,0.00000000,0.16043798,0
4410000,0.06081270,0.07544464,0.00000000,0.00000000,0.00000000,0.00000000,0
4411000,0.07586276,0.04341092,0.33025059,1.73882746,1.56629319,0.80362244,0
4412000,0.07262558,0.03125751,0.36164777,1.13242583,0.70658869,0.12787579,0
4413000,0.10123563,0.05323648,0.00000000,0.00000000,0.00000000,0.00000000,0
4414000,0.04909547,0.00230580,0.00000000,0.00000000,0.00000000,0.00000000,0
4415000,0.05425266,0.07116364,-0.27825421,3.28441591,5.39369392,0.10338859,0
4416000,0.07439815,0.02035150,0.00000000,0.00000000,0.00000000,0.00000000,0
4417000,0.05984272,0.02835553,-0.04860889,0.82925207,0.34382950,1.02034365,0
4418000,0.07375034,0.00623393,0.00000000,0.00000000,0.00000000,0.00000000,0
4419000,0.06779098,0.02928848,0.03254130,0.72459227,0.26304645,0.26511393,0
4420000,0.05216993,0.01913243,0.00000000,0.00000000,0.00000000,0.00000000,0
4421000,0.09958720,0.03864420,0.67384556,1.39581965,1.20119017,0.17716321,0
4422000,0.09851587,0.06308994,0.83625473,3.42714761,6.22233137,0.42979832,0
4423000,0.07798923,0.00208074,0.44265984,-1.11474985,0.09797387,0.97728517,0
4424000,0.07684910,0.04114033,0.00000000,0.00000000,0.00000000,0.00000000,0
4425000,0.04764743,0.03523559,-0.39656666,1.11479475,0.62138366,0.33577259,0
4426000,0.04737759,0.03192597,-0.41669171,0.99500003,0.49501253,1.29846526,0
4427000,0.28744245,0.02658792,5.34650505,0.74492362,14.57001372,0.72779880,0
4428000,0.09714311,0.08532854,0.00000000,0.00000000,0.00000000,0.00000000,0
4429000,0.07717841,0.02326336,-0.08953742,-0.02464138,0.00000000,1.55234714,0
4430000,0.06018318,0.01942448,-0.24650635,-0.09791374,0.00000000,0.14293139,0
4431000,0.06736021,0.01414962,-0.10319841,-0.27847266,0.00000000,0.28314909,0
4432000,0.08868386,0.04022864,0.00000000,0.00000000,0.00000000,0.00000000,0
4433000,0.11338800,0.01076194,0.32981642,-0.46375067,0.05438944,0.14458401,0
4434000,0.05875394,0.03874857,-0.27635078,0.94218235,0.44385379,0.14114208,0
4435000,0.05920108,0.00035885,-0.25839271,-1.05236285,0.00000000,0.38624851,0
4436000,0.05055328,0.00003542,-0.38607679,-1.09584289,0.00000000,0.25353581,0
4437000,0.12099728,0.02741723,0.87807246,0.55383892,0.53887440,0.73479248,0
4438000,0.09385651,0.03259306,0.42985912,0.91086986,0.50723138,0.50980886,0
4439000,0.07626059,0.07070252,0.00000000,0.00000000,0.00000000,0.00000000,0
4440000,0.08105917,0.09982222,0.27378453,4.45487423,9.96043118,0.36246961,0
4441000,0.04148827,0.05335826,-0.51480917,2.16868110,2.35158886,0.86298017,0
4442000,0.06425205,0.00184641,0.04485511,-1.00104247,0.00100599,0.52753611,0
4443000,0.07574297,0.04600685,0.36969710,2.00291410,2.07417042,1.16198521,0
4444000,0.09735479,0.00423197,0.00000000,0.00000000,0.00000000,0.00000000,0
4445000,0.04842118,0.03231855,-0.37230296,1.13886629,0.64850821,0.86897762,0
4446000,0.06517460,0.06843451,0.00000000,0.00000000,0.00000000,0.00000000,0
4447000,0.05490738,0.00879091,-0.21000393,-0.51939395,0.00000000,0.33650333,0
4448000,0.07465665,0.04714395,0.21362448,1.86512573,1.76216470,0.34035240,0
4449000,0.06112896,0.01664608,0.00143777,0.00885346,0.00004023,0.41711019,0
4450000,0.06568490,0.05083346,0.14274614,2.43024193,2.96322615,0.19111815,0
4451000,0.08792154,0.00792749,0.00000000,0.00000000,0.00000000,0.00000000,0
4452000,0.08277632,0.05553938,0.45384210,3.31130311,5.58535048,0.87035072,0
4453000,0.04908128,0.01963349,0.00000000,0.00000000,0.00000000,0.00000000,0
4454000,0.06994905,0.01202407,0.19100556,-0.26183711,0.01824156,0.84120449,0
4455000,0.05216602,0.07416003,-0.16148360,4.96382936,12.31980095,1.09001781,0
4456000,0.06234081,0.02135638,0.00000000,0.00000000,0.00000000,0.00000000,0
4457000,0.05589542,0.03899266,-0.13045485,1.66795534,1.39103751,0.52348507,0
4458000,0.05149399,0.02790123,-0.18169632,0.98424204,0.48436619,0.90349353,0
4459000,0.09726895,0.04515387,1.00263019,2.47978327,3.57729618,1.33017215,0
4460000,0.04993742,0.03303773,0.00000000,0.00000000,0.00000000,0.00000000,0
4461000,0.03974461,0.03480410,-0.50783554,1.25435442,0.78670250,0.34356533,0
4462000,0.06915342,0.01572324,0.00000000,0.00000000,0.00000000,0.00000000,0
4463000,0.08041361,0.07316009,0.31365366,3.34434704,5.64151788,0.57575888,0
4464000,0.08868653,0.03088680,0.00000000,0.00000000,0.00000000,0.00000000,0
4465000,0.06786159,0.05193008,-0.01627664,1.87605125,1.75978415,0.12822427,0
4466000,0.04817349,0.00453131,-0.32162657,-0.77206623,0.00000000,0.23788853,0
4467000,0.07704350,0.01381934,0.35140218,-0.18246611,0.06174175,1.37415367,0
4468000,0.08434390,0.05839836,0.00000000,0.00000000,0.00000000,0.00000000,0
4469000,0.06271908,0.00806580,-0.06176677,-0.59460246,0.00000000,0.40489415,0
4470000,0.08458812,0.02554103,0.43367919,0.70774215,0.34448829,0.43275362,0
4471000,0.05369304,0.05131981,-0.15185459,2.80834841,3.94341039,0.32509757,0
4472000,0.07415292,0.02531939,0.33670213,0.81014764,0.38485376,0.77735921,0
4473000,0.05416366,0.00777592,0.00000000,0.00000000,0.00000000,0.00000000,0
4474000,0.05448437,0.00208967,-0.25462944,-0.94261776,0.00000000,0.07215780,0
4475000,0.06351954,0.01922446,-0.01778393,0.13930643,0.00970314,0.38284138,0
4476000,0.04619297,0.01531548,-0.32743289,-0.09291280,0.00000000,0.73748399,0
4477000,0.07319476,0.04826999,0.27572753,2.33425677,2.76239017,0.34469561,0
4478000,0.11218909,0.02996678,0.00000000,0.00000000,0.00000000,0.00000000,0
4479000,0.09304582,0.00921843,0.36713297,-0.58619627,0.06739331,0.33949854,0
4480000,0.04497197,0.02752273,-0.39398760,0.76622792,0.29355261,0.19097927,0
4481000,0.05481918,0.04212467,-0.15360616,1.96942067,1.93930889,0.24114736,0
4482000,0.06178823,0.05573115,0.00000000,0.00000000,0.00000000,0.00000000,0
4483000,0.05275698,0.01539665,-0.31221929,-0.15465351,0.00000000,0.33588476,0
4484000,0.06471092,0.03351757,-0.00853403,1.05919509,0.56094712,0.87164852,0
4485000,0.06436279,0.04152201,0.03484118,1.74258268,1.51890415,1.01186097,0
4486000,0.09012172,0.04366091,0.00000000,0.00000000,0.00000000,0.00000000,0
4487000,0.07639716,0.02112002,0.02747456,0.01188357,0.00044804,0.17991062,0
4488000,0.08556169,0.00342599,0.25863844,-0.68902957,0.03344692,0.37326392,0
4489000,0.07761107,0.02455017,0.19335156,0.27466695,0.05641338,0.18712986,0
4490000,0.07403226,0.07383303,0.00000000,0.00000000,0.00000000,0.00000000,0
4491000,0.04594243,0.02568873,-0.39906406,0.59027393,0.17421166,0.37766879,0
4492000,0.07450476,0.08096396,0.00000000,0.00000000,0.00000000,0.00000000,0
4493000,0.06818665,0.10256972,-0.15871755,1.64688561,1.35611611,0.10442452,0
4494000,0.08279014,0.05856279,0.15036979,0.99621035,0.50752306,0.09100237,0
4495000,0.06139084,0.02048545,-0.10282137,-0.01610378,0.00000000,0.04567040,0
4496000,0.10901882,0.03277316,0.77232310,0.47088665,0.40910860,0.16744187,0
4497000,0.07978610,0.02791593,0.28516577,0.34073041,0.09870836,0.43224250,0
4498000,0.06376003,0.03444518,-0.00371534,0.65089766,0.21183388,0.33952517,0
4499000,0.06900458,0.02242277,0.00000000,0.00000000,0.00000000,0.00000000,0
4500000,0.04779065,0.01616058,-0.42515231,-0.17090657,0.00000000,0.55740667,0
4501000,0.07223499,0.06432677,0.08143921,2.78945019,3.89383235,0.66476313,0
4502000,0.06578045,0.03102630,-0.00983187,0.87223644,0.38039820,0.70459812,0
4503000,0.07915839,0.03291590,0.34115280,1.06926707,0.62985864,0.99885451,0
4504000,0.04246597,0.01575773,0.00000000,0.00000000,0.00000000,0.00000000,0
4505000,0.05841321,0.04960745,-0.16751724,2.14809758,2.30716161,0.49868033,0
4506000,0.03711095,0.00552096,0.00000000,0.00000000,0.00000000,0.00000000,0
4507000,0.06051648,0.01978761,-0.08305869,0.25514998,0.03255076,0.35902780,0
4508000,0.06076747,0.00886775,-0.01864948,-0.50519689,0.00000000,1.22580673,0
4509000,0.06165734,0.04599199,0.06517939,2.49901825,3.12467028,0.50739142,0
4510000,0.10382638,0.02432333,0.00000000,0.00000000,0.00000000,0.00000000,0
4511000,0.08021253,0.04902038,0.16271596,1.56469209,1.23736891,0.11893236,0
4512000,0.07051916,0.02943799,0.11328910,0.71085027,0.25907126,0.16455113,0
4513000,0.10378192,0.02221950,0.00000000,0.00000000,0.00000000,0.00000000,0
4514000,0.08045845,0.02717122,0.17728012,0.49276303,0.13712183,0.55033541,0
4515000,0.12768458,0.03341031,0.00000000,0.00000000,0.00000000,0.00000000,0
4516000,0.04808277,0.01430203,-0.40878359,-0.19675865,0.00000000,0.20439012,0
4517000,0.05287523,0.03002189,0.00000000,0.00000000,0.00000000,0.00000000,0
4518000,0.08669122,0.02361238,0.20677304,0.14102481,0.03132154,0.20139544,0
4519000,0.09726618,0.02214734,0.50663359,0.15699034,0.14066178,1.65976251,0
4520000,0.07066227,0.00163115,0.07952526,-0.82649101,0.00316213,0.42863025,0
4521000,0.08977477,0.00065247,0.54299498,-0.92018144,0.14742177,0.25227190,0
4522000,0.04738601,0.01476219,-0.34778659,-0.12281172,0.00000000,0.33362528,0
4523000,0.07050418,0.02517920,0.20725743,0.52310389,0.15829666,0.87934823,0
4524000,0.06847812,0.03162256,0.19504467,0.97715868,0.49644075,0.72631582,0
4525000,0.07332936,0.02560310,0.33983391,0.62748408,0.25461168,1.52868524,0
4526000,0.05684755,0.05356028,-0.06208165,2.52956225,3.19934258,0.72924053,0
4527000,0.06571757,0.05571369,0.00000000,0.00000000,0.00000000,0.00000000,0
4528000,0.05260765,0.02584663,-0.23619243,0.43265919,0.09359699,0.28284319,0
4529000,0.06088132,0.03645482,-0.00468991,1.19435663,0.71324388,0.90357451,0
4530000,0.05401378,0.03248452,-0.14660087,1.06403156,0.56608158,0.87391151,0
4531000,0.05519834,0.01483756,-0.10096215,-0.08747288,0.00000000,0.58245969,0
4532000,0.06791551,0.01060780,0.00000000,0.00000000,0.00000000,0.00000000,0
4533000,0.05699810,0.02361148,-0.20199183,0.41341563,0.08545624,0.68748744,0
4534000,0.09887359,0.06779660,0.75529565,3.68589485,7.07814620,0.87337036,0
4535000,0.07940320,0.02998345,0.00000000,0.00000000,0.00000000,0.00000000,0
4536000,0.08441295,0.01035305,0.12006060,-0.46358405,0.00720727,0.33000063,0
4537000,0.05640512,0.04677607,-0.25191699,1.41666887,1.00347535,0.67978158,0
4538000,0.06620525,0.02314206,-0.04361159,0.27031731,0.03653572,1.55958172,0
4539000,0.10335045,0.06421202,0.00000000,0.00000000,0.00000000,0.00000000,0
4540000,0.09828051,0.01286471,0.14737812,-0.39952613,0.01086016,0.03718109,0
4541000,0.09811196,0.05427170,0.31592565,1.51924803,1.20396180,0.43393427,0
4542000,0.04356968,0.01636283,-0.47496993,-0.15942702,0.00000000,0.40979782,0
4543000,0.07692238,0.02216318,0.11254855,0.18494339,0.02343562,0.44145709,0
4544000,0.10642412,0.00045015,0.00000000,0.00000000,0.00000000,0.00000000,0
4545000,0.07044187,0.00603838,-0.09716094,-0.66252525,0.00000000,0.29072646,0
4546000,0.06583383,0.03576899,-0.06495708,1.05110545,0.55241134,1.68726916,0
4547000,0.06428021,0.03401685,0.00000000,0.00000000,0.00000000,0.00000000,0
4548000,0.05838576,0.01414805,-0.19435899,-0.19507474,0.00000000,0.36458551,0
4549000,0.05615094,0.01971564,-0.19329031,0.27277075,0.03720194,1.43442274,0
4550000,0.05066392,0.01817253,-0.27707364,0.20015868,0.02003175,1.44370709,0
4551000,0.06465705,0.03256503,0.08076123,1.40138533,0.98520161,1.34659039,0
4552000,0.06435066,0.04796927,0.09035288,2.75140307,3.78919125,1.19282205,0
4553000,0.25636706,0.06542478,0.00000000,0.00000000,0.00000000,0.00000000,0
4554000,0.09075474,0.00444854,-0.08884797,-0.53049740,0.00000000,0.03433306,0
4555000,0.07351016,0.02961968,-0.14843483,0.07616189,0.00290032,0.00825214,0
4556000,0.07693276,0.00235598,-0.07926633,-0.59414830,0.00000000,0.09303988,0
4557000,0.07009409,0.04368141,-0.11958416,0.66020871,0.21793777,0.06629832,0
4558000,0.06857768,0.00874858,-0.11935471,-0.42197551,0.00000000,0.08247135,0
4559000,0.05432533,0.02001437,-0.28497500,-0.03327192,0.00000000,0.18830729,0
4560000,0.03720421,0.00176163,-0.51313822,-0.69500943,0.00000000,0.14168883,0
4561000,0.10279005,0.01550987,0.00000000,0.00000000,0.00000000,0.00000000,0
4562000,0.05901000,0.01869907,-0.28335274,-0.09715168,0.00000000,0.36750965,0
4563000,0.10199410,0.03252403,0.00000000,0.00000000,0.00000000,0.00000000,0
4564000,0.05218380,0.03957555,-0.38596029,1.25132408,0.78290597,0.38182795,0
4565000,0.03966559,0.01543923,-0.59293315,-0.10925244,0.00000000,0.63535706,0
4566000,0.10623084,0.04568876,0.87792446,2.10367303,2.59809579,1.62948054,0
4567000,0.04572699,0.00638260,-0.43348764,-0.71764368,0.00000000,0.91231918,0
4568000,0.07356697,0.00268435,0.00000000,0.00000000,0.00000000,0.00000000,0
4569000,0.07502498,0.05072825,-0.01389931,1.58818950,1.26117295,0.26735288,0
4570000,0.06983808,0.02842487,-0.01315000,0.61804092,0.19098729,0.38576722,0
4571000,0.06003505,0.00347260,-0.15684026,-0.84934819,0.00000000,0.60014487,0
4572000,0.07498533,0.02367978,0.18421031,0.44474656,0.11586647,0.61510914,0
4573000,0.04287773,0.00502720,-0.48720676,-0.78126632,0.00000000,0.75092884,0
4574000,0.06681686,0.03772216,0.09257216,1.51883377,1.15771281,0.94267308,0
4575000,0.08687135,0.05602958,0.00000000,0.00000000,0.00000000,0.00000000,0
4576000,0.06914882,0.00716548,-0.16365393,-0.42366662,0.00000000,0.03164069,0
4577000,0.04352363,0.00230674,-0.44165667,-0.56229512,0.00000000,0.07524841,0
4578000,0.04043542,0.00124365,-0.47323282,-0.62201670,0.00000000,0.12891551,0
4579000,0.07224519,0.00564369,0.05646027,-0.48275574,0.00159388,0.19149847,0
4580000,0.08918732,0.01644757,0.00000000,0.00000000,0.00000000,0.00000000,0
4581000,0.05465009,0.03700738,-0.30958520,0.48587646,0.11803797,0.11896051,0
4582000,0.04834542,0.01874842,-0.35877934,-0.06625514,0.00000000,0.14569465,0
4583000,0.06735248,0.00838204,0.05404797,-0.50478413,0.00146059,0.58809822,0
4584000,0.05484467,0.05634041,0.00000000,0.00000000,0.00000000,0.00000000,0
4585000,0.05021351,0.00370360,-0.32652547,-0.80893469,0.00000000,0.42312913,0
4586000,0.06064767,0.01330372,-0.07846549,-0.24548653,0.00000000,1.13787616,0
4587000,0.04814439,0.01405730,-0.31365843,-0.16976627,0.00000000,0.64860156,0
4588000,0.04971918,0.02604301,-0.26801440,0.69001381,0.23805953,1.71732363,0
4589000,0.07432280,0.00256004,0.38807133,-0.97562167,0.07529968,1.53657064,0
4590000,0.03710236,0.00611201,-0.57233995,-0.72544080,0.00000000,1.00136599,0
4591000,0.04966591,0.04468134,-0.21442477,2.24255080,2.51451705,1.12025090,0
4592000,0.05421891,0.02016810,0.00000000,0.00000000,0.00000000,0.00000000,0
4593000,0.04485905,0.02266330,-0.43660398,0.31192742,0.04864936,0.32291886,0
4594000,0.03423589,0.01377593,-0.63698048,-0.17949659,0.00000000,0.53869085,0
4595000,0.08266982,0.03731405,0.53561967,1.45982086,1.20898268,0.95643605,0
4596000,0.06828672,0.08739499,0.23512940,5.15197114,13.29904624,1.35041204,0
4597000,0.05700485,0.00321842,-0.03505602,-0.91477284,0.00000000,1.91736940,0
4598000,0.05610272,0.04087359,-0.03581987,1.97900385,1.95822812,1.61357146,0
4599000,0.05942487,0.01696666,0.08189135,0.16179941,0.01644262,1.24692089,0
4600000,0.07489265,0.00201195,0.00000000,0.00000000,0.00000000,0.00000000,0
4601000,0.09314504,0.05219007,0.43793926,2.03879887,2.17424582,0.18415433,0
4602000,0.04714572,0.00218310,-0.30892017,-0.95829629,0.00000000,0.36540445,0
4603000,0.04000843,0.04384070,-0.44218443,2.07843215,2.15994011,0.52850943,0
4604000,0.10633542,0.04405667,1.15423501,2.25406436,3.20653231,0.80953619,0
4605000,0.04641202,0.01768907,-0.23801755,0.23380407,0.02733217,0.83543954,0
4606000,0.09031673,0.05291706,0.93258999,3.21187153,5.59292141,0.98475922,0
4607000,0.08452135,0.00278259,0.00000000,0.00000000,0.00000000,0.00000000,0
4608000,0.08851364,0.03842364,0.27650459,1.24753253,0.81639610,0.43735018,0
4609000,0.05933657,0.01315051,-0.10333051,-0.24569905,0.00000000,0.31724222,0
4610000,0.08520254,0.01174859,0.52197243,-0.31946945,0.13622761,0.68454413,0
4611000,0.04511444,0.06393544,0.00000000,0.00000000,0.00000000,0.00000000,0
4612000,0.08602487,0.02221830,0.46188250,0.44727990,0.20669738,0.50799384,0
4613000,0.07169972,0.03698374,0.29581372,1.78692817,1.64030902,1.57923122,0
4614000,0.06521113,0.04215758,0.00000000,0.00000000,0.00000000,0.00000000,0
4615000,0.04885813,0.05255695,-0.25305361,2.87393511,4.12975149,0.80924817,0
4616000,0.03114571,0.05061406,-0.62392963,2.97472538,4.42449555,1.04572590,0
4617000,0.08878686,0.01575151,0.76596216,0.13008411,0.30180995,1.00103469,0
4618000,0.05752737,0.03295805,0.04112545,1.69289585,1.43379383,1.73043116,0
4619000,0.06365481,0.02661534,0.23500361,1.17324544,0.71586577,2.19191599,0
4620000,0.05058804,0.01513851,0.00000000,0.00000000,0.00000000,0.00000000,0
4621000,0.05794084,0.00558953,-0.16111717,-0.75171531,0.00000000,0.87706375,0
4622000,0.07645606,0.00973770,0.26046860,-0.47168997,0.03392195,0.78893770,0
4623000,0.06976810,0.00040845,0.17451983,-1.13755280,0.01522859,0.94617795,0
4624000,0.11414985,0.05812316,0.00000000,0.00000000,0.00000000,0.00000000,0
4625000,0.06921116,0.03791211,-0.13198337,0.42130839,0.08875038,0.02206861,0
4626000,0.08330809,0.02445360,0.00000000,0.00000000,0.00000000,0.00000000,0
4627000,0.05261757,0.00482045,-0.34408121,-0.76923095,0.00000000,0.18507806,0
4628000,0.07115153,0.04056387,0.04246655,1.13692349,0.64719922,0.97618289,0
4629000,0.03844748,0.03664432,-0.55050285,1.05272948,0.55411968,0.43171196,0
4630000,0.06639994,0.00679089,0.03482765,-0.64478101,0.00060648,0.32690844,0
4631000,0.04226585,0.02650079,-0.44038358,0.61049126,0.18634979,0.57194833,0
4632000,0.04590759,0.02577192,-0.35672557,0.60065592,0.18039376,0.51894701,0
4633000,0.07683640,0.01489014,0.00000000,0.00000000,0.00000000,0.00000000,0
4634000,0.07729851,0.01827481,0.10481682,0.01055032,0.00554894,0.11351813,0
4635000,0.09210046,0.01957260,0.47559114,0.18047959,0.12937991,0.49741491,0
4636000,0.07174357,0.02675027,0.17951480,0.70336597,0.26347463,0.21744363,0
4637000,0.04014323,0.01230118,-0.43792758,-0.23090813,0.00000000,0.90664095,0
4638000,0.18931894,0.00369916,0.00000000,0.00000000,0.00000000,0.00000000,0
4639000,0.05882793,0.02953083,-0.17153796,0.33237667,0.05523713,0.19291128,0
4640000,0.07114935,0.01427678,0.08742567,-0.17353073,0.00382162,0.11322371,0
4641000,0.25400001,0.04228747,3.49286046,1.11369914,6.72020000,0.30348358,0
4642000,0.06290358,0.01746850,0.02169243,0.01825079,0.00040183,0.16110639,0
4643000,0.08151273,0.02602560,0.40669148,0.46208643,0.18946091,0.53618417,0
4644000,0.08656917,0.02568363,0.55566038,0.46469299,0.26234902,0.26104137,0
4645000,0.06696049,0.01805802,0.16682367,0.07949568,0.01707485,0.68816508,0
4646000,0.06020850,0.00162700,0.00000000,0.00000000,0.00000000,0.00000000,0
4647000,0.06867605,0.01071075,-0.09254945,-0.44452495,0.00000000,0.07427252,0
4648000,0.07104488,0.00726389,0.09018482,-0.64752323,0.00406665,0.34966847,0
4649000,0.06248347,0.02147816,0.01259136,0.38214973,0.07309848,0.24544405,0
4650000,0.07148762,0.03008168,0.24559408,1.06815409,0.60063480,0.53599510,0
4651000,0.06967557,0.03277797,0.00000000,0.00000000,0.00000000,0.00000000,0
4652000,0.07488485,0.01901054,0.00162541,-0.09741092,0.00000132,0.03998096,0
4653000,0.07982521,0.03959590,0.17187887,0.74336126,0.29106416,0.11119424,0
4654000,0.06188105,0.00958546,-0.03346944,-0.36076874,0.00000000,0.04192509,0
4655000,0.03775879,0.00140388,-0.41222495,-0.72428896,0.00000000,0.10226110,0
4656000,0.06561211,0.03716681,0.07686561,0.93306054,0.43825514,0.30429735,0
4657000,0.05551204,0.04541728,-0.08974005,1.40738104,0.99036070,0.15724731,0
4658000,0.05858386,0.00250827,-0.02126834,-0.74580239,0.00000000,0.43549072,0
4659000,0.11622457,0.06320948,1.14460801,2.47860063,3.72679429,0.36230575,0
4660000,0.04531171,0.02458973,-0.27380012,0.44103659,0.09725664,1.02580392,0
4661000,0.05333091,0.06796489,-0.10095099,2.91407533,4.24591753,0.66481130,0
4662000,0.07216282,0.05605593,0.30907341,2.29588067,2.68329722,0.70799502,0
4663000,0.06400204,0.00969301,0.15133706,-0.38242486,0.01145145,0.59987746,0
4664000,0.06260196,0.01666404,0.13496332,0.04239408,0.01000618,0.36067313,0
4665000,0.05891835,0.02171035,0.06300768,0.35903036,0.06643638,0.65397995,0
4666000,0.05523917,0.00351916,-0.00943466,-0.76424896,0.00000000,0.76673489,0
4667000,0.05794740,0.02770431,0.06590963,0.76555872,0.29521212,0.80990922,0
4668000,0.09087793,0.02843673,0.00000000,0.00000000,0.00000000,0.00000000,0
4669000,0.14910813,0.11015914,1.08999335,5.18867118,14.05519704,0.12966795,0
4670000,0.09614329,0.01294655,0.57316454,-0.21068712,0.16425880,0.42480775,0
4671000,0.05279098,0.01997425,-0.10526933,0.28618698,0.04095149,1.10096748,0
4672000,0.04516105,0.00116229,-0.24725761,-1.05594418,0.00000000,0.54087958,0
4673000,0.05619515,0.03064238,-0.00246800,1.22657419,0.75224213,0.58773938,0
4674000,0.13461755,0.00398275,1.75430405,-0.84469146,1.53879135,0.54337814,0
4675000,0.04514679,0.05770049,-0.19400108,3.61123976,6.52052632,0.55519534,0
4676000,0.04803894,0.03023924,-0.11107742,1.38602935,0.96053867,1.05026403,0
4677000,0.05891326,0.03374190,0.16676968,1.73226640,1.51427951,1.00798300,0
4678000,0.04419340,0.00800363,0.00000000,0.00000000,0.00000000,0.00000000,0
4679000,0.06012290,0.02280889,0.03497785,0.59358700,0.17678449,0.35247308,0
4680000,0.07004309,0.01506443,0.36671367,0.06911240,0.06962772,0.47346566,0
4681000,0.05299495,0.00735369,0.00000000,0.00000000,0.00000000,0.00000000,0
4682000,0.11622459,0.05913718,0.88862451,2.54611525,3.63617818,0.01636178,0
4683000,0.06222486,0.06396174,0.14240818,3.52239365,6.21376855,0.84998772,0
4684000,0.07726458,0.00540746,0.57040184,-0.70888300,0.16267913,0.59279933,0
4685000,0.34726951,0.01306427,0.00000000,0.00000000,0.00000000,0.00000000,0
4686000,0.09496954,0.04728053,-0.39812610,-0.11750768,0.00000000,0.00000064,0
4687000,0.07533934,0.00119203,-0.34682786,-0.56803572,0.00000000,0.00000000,0
4688000,0.07805029,0.05399083,-0.25286534,0.26154898,0.03420394,0.00170613,0
4689000,0.05286705,0.01959017,-0.38919599,-0.21627851,0.00000000,0.00008151,0
4690000,0.09260762,0.02630637,-0.02735922,-0.06335430,0.00000000,0.01536398,0
4691000,0.03679699,0.05814574,-0.46968410,0.58501655,0.17112218,0.01361363,0
4692000,0.11944326,0.02811632,0.30337319,0.03621371,0.04667336,0.15426852,0
4693000,0.06220699,0.02261882,-0.20140969,-0.05313685,0.00000000,0.00184972,0
4694000,0.07712238,0.00722050,-0.03902647,-0.38344525,0.00000000,0.13430629,0
4695000,0.04056979,0.05173864,-0.40221710,0.65972098,0.21761589,0.02773139,0
4696000,0.04383212,0.03222468,-0.36464954,0.22267960,0.02479310,0.05888901,0
4697000,0.07401633,0.02541094,-0.02539334,0.07383817,0.00272604,0.04073965,0
4698000,0.07751643,0.00736091,0.02836443,-0.37922473,0.00040227,0.04922953,0
4699000,0.05623982,0.00497674,-0.20867489,-0.44537884,0.00000000,0.30354970,0
4700000,0.09007616,0.00396185,0.20347097,-0.47192061,0.02070022,0.04534839,0
4701000,0.07724171,0.02869964,0.06491198,0.22035092,0.02638405,0.02199338,0
4702000,0.07877665,0.01454508,0.09434216,-0.17452058,0.00445022,0.03098398,0
4703000,0.08900230,0.02135916,0.23538568,0.03001719,0.02815373,0.79281559,0
4704000,0.15067248,0.12703431,0.00000000,0.00000000,0.00000000,0.00000000,0
4705000,0.11097756,0.04877187,0.14943321,0.27473696,0.04890534,0.00900684,0
4706000,0.07392337,0.01931813,-0.07213339,-0.12373986,0.00000000,0.00709109,0
4707000,0.08221962,0.01382386,0.09385437,-0.19749450,0.00440432,0.08645766,0
4708000,0.07794715,0.01676772,0.09347708,-0.11160035,0.00436898,0.08444426,0
4709000,0.06498428,0.01206934,-0.03000779,-0.21154259,0.00000000,0.18252008,0
4710000,0.03259054,0.00393170,-0.46884813,-0.43690122,0.00000000,0.32362575,0
4711000,0.10747413,0.02321842,0.64117188,0.12740409,0.21366659,0.40376559,0
4712000,0.06170068,0.00145160,-0.02773767,-0.53604984,0.00000000,0.07040206,0
4713000,0.08363958,0.01738925,0.32548283,-0.03712250,0.05296954,0.33013320,0
4714000,0.05261260,0.02724331,-0.15947209,0.30503940,0.04652452,0.25239826,0
4715000,0.05944103,0.01323790,-0.03265159,-0.15980457,0.00000000,0.25512960,0
4716000,0.09119204,0.00597923,0.52857484,-0.41673495,0.13969568,0.24373168,0
4717000,0.05838510,0.01492313,-0.03346918,-0.09147065,0.00000000,0.45424301,0
4718000,0.06556356,0.04388454,0.10216654,1.01057240,0.51584729,0.15881390,0
4719000,0.05979868,0.02182926,0.00650836,0.18445042,0.01703216,0.13109118,0
4720000,0.07246169,0.01664479,0.25410238,-0.01009572,0.03228401,0.46156090,0
4721000,0.06777719,0.03724513,0.17827074,0.83392553,0.36360612,0.08529372,0
4722000,0.05498344,0.05479266,-0.05919476,1.58517802,1.25639467,0.12538676,0
4723000,0.10214011,0.03731370,0.87533248,0.87900399,0.76942748,0.33583768,0
4724000,0.04612031,0.00099567,-0.22849193,-0.66335711,0.00000000,0.18729570,0
4725000,0.04060705,0.03925237,-0.33655462,1.00327266,0.50327801,0.47917029,0
4726000,0.11170066,0.06772212,0.00000000,0.00000000,0.00000000,0.00000000,0
4727000,0.09084474,0.01593349,0.25008849,-0.15849812,0.03127213,0.02339159,0
4728000,0.05694414,0.01952591,-0.12171847,0.04832111,0.00116746,0.09933897,0
4729000,0.06801213,0.02503124,0.09658462,0.33348925,0.06027183,0.15480332,0
4730000,0.04244774,0.01362660,-0.31162189,-0.16832771,0.00000000,0.13461115,0
4731000,0.04713935,0.02432777,-0.22217650,0.39580836,0.07833213,0.26832072,0
4732000,0.07975387,0.03010980,0.40988456,0.74531314,0.36174852,0.93837649,0
4733000,0.06296242,0.04564724,0.10696872,1.66028333,1.38399153,0.70220446,0
4734000,0.07180291,0.06675848,0.30548682,2.94848712,4.39344924,0.33972429,0
4735000,0.05771395,0.04478302,0.02965850,1.73434618,1.50441815,1.02707955,0
4736000,0.05450208,0.02035474,-0.02710983,0.29873007,0.04461983,0.69653083,0
4737000,0.04946094,0.03392768,-0.12980866,1.17372823,0.68881898,0.71731805,0
4738000,0.03871993,0.00873709,-0.36766566,-0.41562690,0.00000000,0.56344694,0
4739000,0.03650819,0.04176456,-0.41271295,1.76073709,1.55009755,0.59117720,0
4740000,0.05918135,0.02239588,0.13206977,0.50257423,0.13501164,2.49022940,0
4741000,0.05786550,0.01021948,0.00000000,0.00000000,0.00000000,0.00000000,0
4742000,0.07388320,0.04753641,0.01998484,1.62407309,1.31900640,0.27096382,0
4743000,0.05080525,0.00163514,-0.25500045,-0.95832819,0.00000000,0.26926329,0
4744000,0.06805443,0.02277301,0.12037696,0.44885710,0.10798165,0.31492182,0
4745000,0.09312167,0.01042813,0.65274490,-0.36961491,0.21303795,0.53682818,0
4746000,0.05395480,0.00403247,-0.08321687,-0.81910704,0.00000000,0.19957155,0
4747000,0.06122397,0.02688242,0.09392607,0.92434381,0.43161680,0.15511171,0
4748000,0.06160110,0.02095621,0.13471282,0.51230158,0.14030022,0.53245554,0
4749000,0.08411916,0.02636482,0.67977506,0.97192800,0.70336908,0.64381327,0
4750000,0.05397293,0.04258216,0.00000000,0.00000000,0.00000000,0.00000000,0
4751000,0.07330672,0.05801665,0.37562327,3.37926075,5.78024801,0.17935155,0
4752000,0.04837092,0.03166314,-0.07913236,1.53970265,1.18534212,0.40271555,0
4753000,0.03761204,0.02021227,0.00000000,0.00000000,0.00000000,0.00000000,0
4754000,0.04877520,0.02335414,-0.23726942,0.46494154,0.10808532,0.56346548,0
4755000,0.07199576,0.01412419,0.29889265,-0.04626810,0.04466841,0.15827355,0
4756000,0.07479439,0.02212568,0.00000000,0.00000000,0.00000000,0.00000000,0
4757000,0.04779206,0.01568062,-0.21879248,-0.00567837,0.00000000,0.18373268,0
4758000,0.04691195,0.03040753,-0.18675537,0.97977782,0.47998229,0.12271362,0
4759000,0.07146229,0.01553184,0.40605516,0.08101794,0.08572235,0.24998291,0
4760000,0.05571543,0.03116260,0.08756508,1.22322512,0.75197366,0.60644267,0
4761000,0.06087665,0.01073328,0.25242281,-0.22700042,0.03185864,1.84432755,0
4762000,0.05127379,0.01503702,0.00000000,0.00000000,0.00000000,0.00000000,0
4763000,0.06150842,0.00033354,0.20291130,-1.11910670,0.02058650,0.21217184,0
4764000,0.03990027,0.04089368,-0.24691550,2.64303390,3.49281409,1.30312225,0
4765000,0.20112081,0.02713885,0.00000000,0.00000000,0.00000000,0.00000000,0
4766000,0.11411208,0.06151198,0.58333360,0.79251486,0.48417894,0.07468051,0
4767000,0.07419392,0.00363633,0.12882750,-0.42190976,0.00829826,0.11957540,0
4768000,0.06681348,0.01139741,0.06673870,-0.21708103,0.00222703,0.52328237,0
4769000,0.06720878,0.00751495,0.10915614,-0.32830072,0.00595753,0.40309290,0
4770000,0.08502733,0.00067588,0.46163883,-0.56615166,0.10655520,0.47056361,0
4771000,0.07407352,0.00792178,0.28237734,-0.33310003,0.03986848,0.96244463,0
4772000,0.06737728,0.00076719,0.18057952,-0.59871578,0.01630448,0.20726191,0
4773000,0.04897758,0.03608783,-0.18775056,0.74588203,0.27817000,0.32224785,0
4774000,0.05063434,0.02604155,-0.13777028,0.38470035,0.07399718,0.30094870,0
4775000,0.04593691,0.03860247,-0.23240731,0.93051582,0.43292985,0.11978888,0
4776000,0.08101715,0.04445327,0.57844286,1.22069180,0.91234230,0.59738041,0
4777000,0.07242832,0.02035601,0.39743200,0.18961729,0.09695346,1.49724272,0
4778000,0.07626589,0.04828345,0.51032190,1.47344542,1.21573492,0.44911993,0
4779000,0.06997631,0.01234582,0.37616030,-0.15549265,0.07074829,0.18561982,0
4780000,0.06385495,0.02772459,0.00000000,0.00000000,0.00000000,0.00000000,0
4781000,0.05322802,0.02664118,-0.05182208,1.03652859,0.53719576,0.47258131,0
4782000,0.05805282,0.00190867,0.11562329,-1.01785385,0.00668437,1.43841913,0
4783000,0.05562387,0.00691094,0.10790556,-0.55937867,0.00582181,0.43814902,0
4784000,0.03599799,0.04585822,-0.36993098,3.27643325,5.36750742,1.88488609,0
4785000,0.09394430,0.06247637,0.00000000,0.00000000,0.00000000,0.00000000,0
4786000,0.05506530,0.00690086,0.02570671,-0.51581641,0.00033042,0.53708671,0
4787000,0.07967263,0.01068457,0.00000000,0.00000000,0.00000000,0.00000000,0
4788000,0.12471559,0.00088333,1.26001237,-0.96681837,0.79381559,0.18519300,0
4789000,0.03954006,0.02914613,-0.33066500,1.18103344,0.69741999,0.59081381,0
4790000,0.07372136,0.05091622,0.54430270,3.14240825,5.08549751,0.54549734,0
4791000,0.06805623,0.01152124,0.00000000,0.00000000,0.00000000,0.00000000,0
4792000,0.05602922,0.00326011,0.00256419,-0.86630027,0.00000329,0.59523869,0
4793000,0.05879373,0.03001308,0.12092181,1.48181292,1.10519580,0.53220793,0
4794000,0.05694541,0.01523694,0.13031369,0.21103354,0.03075841,1.02202254,0
4795000,0.06602982,0.02744261,0.00000000,0.00000000,0.00000000,0.00000000,0
4796000,0.05585759,0.00384865,-0.06023889,-0.83167901,0.00000000,0.63837020,0
4797000,0.05089381,0.01801814,-0.06821370,0.36134253,0.06528421,0.18768437,0
4798000,0.08193688,0.02107350,0.00000000,0.00000000,0.00000000,0.00000000,0
4799000,0.10078271,0.00576397,0.72709854,-0.70734061,0.26433615,0.15740502,0
4800000,0.06163261,0.01577173,0.12641386,0.03464934,0.00859052,0.45164079,0
4801000,0.04932746,0.00378007,-0.08922222,-0.84037589,0.00000000,0.65315835,0
4802000,0.04224860,0.02403751,-0.22181506,0.83297769,0.34692591,1.04662624,0
4803000,0.05746850,0.02311277,0.20904304,0.81816058,0.35654286,0.96694900,0
4804000,0.05163988,0.02961682,0.00000000,0.00000000,0.00000000,0.00000000,0
4805000,0.05333403,0.02692423,0.02078338,0.93733827,0.43951749,0.68395840,0
4806000,0.17333439,0.03920388,0.00000000,0.00000000,0.00000000,0.00000000,0
4807000,0.05315512,0.00118518,0.02508501,-0.96167845,0.00031463,0.17249674,0
4808000,0.04517394,0.00520328,0.00000000,0.00000000,0.00000000,0.00000000,0
4809000,0.04670214,0.04711817,-0.16339347,1.92876783,1.86007267,0.31273056,0
4810000,0.05257860,0.05034044,0.01875043,2.49361446,3.10923234,0.70818199,0
4811000,0.06711504,0.03511417,0.40199158,1.62161449,1.39561539,0.23352449,0
4812000,0.08255165,0.02359451,0.82325829,0.84358433,0.69469437,1.18381052,0
4813000,0.05257574,0.03384337,0.14375093,1.75404865,1.54867549,0.50467851,0
4814000,0.06047396,0.02303960,0.00000000,0.00000000,0.00000000,0.00000000,0
4815000,0.04925206,0.01525905,-0.09417308,0.10425621,0.00543468,0.12777560,0
4816000,0.04549748,0.02174007,0.00000000,0.00000000,0.00000000,0.00000000,0
4817000,0.06343403,0.01211042,0.05743119,-0.16461491,0.00164917,0.35758965,0
4818000,0.03008764,0.00310196,-0.51070488,-0.80005224,0.00000000,0.44523088,0
4819000,0.07067749,0.00317087,0.45754743,-0.81976629,0.10467483,0.23142538,0
4820000,0.04555131,0.01793021,-0.10207286,0.44812172,0.10040654,0.35691590,0
4821000,0.05731959,0.01066417,0.00000000,0.00000000,0.00000000,0.00000000,0
4822000,0.09782302,0.02285127,0.72504617,0.47840722,0.37728271,0.09056887,0
4823000,0.05430990,0.03368534,0.03363849,1.36415577,0.93102625,0.55152781,0
4824000,0.05703387,0.00600195,0.00000000,0.00000000,0.00000000,0.00000000,0
4825000,0.05615836,0.00769096,0.01830628,-0.50348303,0.00016756,0.41177484,0
4826000,0.09833442,0.03756920,0.99495045,1.92362987,2.34513914,0.75350144,0
4827000,0.09036817,0.04546072,0.00000000,0.00000000,0.00000000,0.00000000,0
4828000,0.06825090,0.00674200,0.54833656,-0.55598091,0.15033649,0.91529752,0
4829000,0.05935783,0.01081308,0.43162557,-0.17489370,0.09315032,0.58622872,0
4830000,0.04614905,0.02040121,0.08815988,0.77974858,0.30789000,0.95787155,0
4831000,0.07918753,0.07339084,0.00000000,0.00000000,0.00000000,0.00000000,0
4832000,0.06194245,0.00138307,0.13581932,-0.63600777,0.00922344,0.08238514,0
4833000,0.05406501,0.03693631,0.07197137,1.11292225,0.62188791,0.18231370,0
4834000,0.07857648,0.00138800,0.63809557,-0.72959324,0.20358298,0.16044629,0
4835000,0.05068906,0.00157834,0.07374343,-0.75043666,0.00271905,0.27592680,0
4836000,0.05251822,0.04424220,0.14763772,1.92726169,1.86806726,0.45952345,0
4837000,0.13581194,0.03401643,2.28880857,1.36290681,3.54807982,0.74401209,0
4838000,0.04614519,0.01027943,0.00000000,0.00000000,0.00000000,0.00000000,0
4839000,0.04787076,0.01784938,0.00336172,0.42775505,0.09149284,0.66639700,0
4840000,0.03997845,0.02164947,0.00000000,0.00000000,0.00000000,0.00000000,0
4841000,0.21745972,0.01621683,2.64375702,-0.00123824,3.49472560,0.07896685,0
4842000,0.08114181,0.03155221,0.53930019,1.14928789,0.80585368,0.38305821,0
4843000,0.05665147,0.04126186,0.11837889,2.05224400,2.11285949,0.33359803,0
4844000,0.05099334,0.02464132,0.03161709,0.89906932,0.40466264,0.75388033,0
4845000,0.04735868,0.00251053,-0.01554134,-0.86848624,0.00000000,0.20508201,0
4846000,0.04584948,0.04472388,0.00000000,0.00000000,0.00000000,0.00000000,0
4847000,0.08615661,0.03082703,0.73137443,1.44077798,1.30537488,0.19633489,0
4848000,0.03804864,0.01303286,-0.23602164,0.06417952,0.00205951,0.51480146,0
4849000,0.05812014,0.03605859,0.28492509,2.24341643,2.55704980,0.52221977,0
4850000,0.03336878,0.00187346,0.00000000,0.00000000,0.00000000,0.00000000,0
4851000,0.06100590,0.03650327,0.20009806,1.91268767,1.84920667,0.24766429,0
4852000,0.04817152,0.00530709,0.00000000,0.00000000,0.00000000,0.00000000,0
4853000,0.05520190,0.02297912,0.07538036,0.66816538,0.22606359,0.22807950,0
4854000,0.05672057,0.01769094,0.16705205,0.35338906,0.07639511,0.63389085,0
4855000,0.07217000,0.03113681,0.00000000,0.00000000,0.00000000,0.00000000,0
4856000,0.05109503,0.00513101,-0.00137641,-0.67839283,0.00000000,0.54660661,0
4857000,0.06355432,0.02596464,0.00000000,0.00000000,0.00000000,0.00000000,0
4858000,0.06996214,0.01797077,0.12888208,-0.01241041,0.00830530,0.01130624,0
4859000,0.06353533,0.00700194,0.11859568,-0.35342385,0.00703247,0.02496468,0
4860000,0.03921274,0.01952059,-0.27038633,0.14636020,0.01071065,0.02334458,0
4861000,0.04485828,0.03715765,-0.15795122,0.96636706,0.46693265,0.26060536,0
4862000,0.06746751,0.04476695,0.31759427,1.41055858,1.04527082,0.08746294,0
4863000,0.04605549,0.04314677,0.00000000,0.00000000,0.00000000,0.00000000,0
4864000,0.06437802,0.00976007,-0.03745328,-0.45231855,0.00000000,0.15663731,0
4865000,0.04145064,0.04847167,-0.32253430,1.81905292,1.65447677,0.28798688,0
4866000,0.04783756,0.05139992,0.00000000,0.00000000,0.00000000,0.00000000,0
4867000,0.06003432,0.00872595,0.34988497,-0.33773597,0.06120975,0.28341823,0
4868000,0.03510293,0.00970235,0.00000000,0.00000000,0.00000000,0.00000000,0
4869000,0.05008139,0.03979652,-0.04008403,1.72029650,1.47971003,0.12852824,0
4870000,0.05260913,0.00361568,0.07330846,-0.79644872,0.00268707,0.12371271,0
4871000,0.04495351,0.01606669,0.00000000,0.00000000,0.00000000,0.00000000,0
4872000,0.03878534,0.00158146,-0.35502282,-1.07012994,0.00000000,0.25136058,0
4873000,0.04681850,0.01949627,0.00000000,0.00000000,0.00000000,0.00000000,0
4874000,0.06177000,0.01628681,0.10699199,0.01971749,0.00591803,0.28732652,0
4875000,0.05519260,0.02351408,0.08363759,0.52097548,0.13920535,0.18220431,0
4876000,0.05341008,0.04076985,0.09837777,1.71228839,1.47080486,0.38557426,0
4877000,0.05889651,0.01328534,0.25333005,-0.02771760,0.03208806,0.37926140,0
4878000,0.06850263,0.00562243,0.53213077,-0.55973268,0.14158158,0.65909956,0
4879000,0.05916546,0.00299384,0.00000000,0.00000000,0.00000000,0.00000000,0
4880000,0.04455404,0.03517556,-0.16927722,1.50920549,1.13885060,0.48240551,0
4881000,0.06125971,0.01944883,0.32380309,0.47931458,0.16729545,0.36009540,0
4882000,0.05407243,0.07723646,0.00000000,0.00000000,0.00000000,0.00000000,0
4883000,0.08458540,0.11554800,0.58121296,5.62552470,15.99216832,0.54755872,0
4884000,0.21189100,0.04729595,0.00000000,0.00000000,0.00000000,0.00000000,0
4885000,0.05277191,0.01914594,-0.19176798,-0.07300342,0.00000000,0.02291056,0
4886000,0.05657852,0.05398411,-0.13217457,0.81638180,0.33323962,0.05032025,0
4887000,0.05600420,0.04108445,-0.11485340,0.61154474,0.18699348,0.10780547,0
4888000,0.13188626,0.08018310,0.00000000,0.00000000,0.00000000,0.00000000,0
4889000,0.08902158,0.05883508,0.32046906,0.71998704,0.31054088,0.01233087,0
4890000,0.09714509,0.03620690,0.58437243,0.39522277,0.24884609,0.18318604,0
4891000,0.04535657,0.02733454,-0.22902925,0.24780036,0.03070251,0.27098380,0
4892000,0.09500243,0.01031604,0.73401494,-0.20539616,0.26938897,0.18390484,0
4893000,0.05922022,0.00108124,0.07543867,-0.49722674,0.00284550,0.56089668,0
4894000,0.04433419,0.02812653,-0.21085058,0.40037173,0.08014876,0.44152665,0
4895000,0.05072673,0.05125800,-0.06624418,1.24963676,0.78079602,0.91438918,0
4896000,0.05059413,0.01403373,-0.06039456,-0.07122105,0.00000000,0.26909287,0
4897000,0.04377050,0.02313919,-0.20336918,0.28960632,0.04193591,0.42821644,0
4898000,0.05645500,0.00277976,0.10987215,-0.50845372,0.00603594,0.57448957,0
4899000,0.04868354,0.01853525,-0.06386709,0.13729439,0.00942488,0.21701084,0
4900000,0.06206668,0.02243725,0.28065368,0.31515982,0.08904610,0.26823855,0
4901000,0.04068346,0.00754361,-0.24154552,-0.32880728,0.00000000,0.35588212,0
4902000,0.07531666,0.00003725,0.00000000,0.00000000,0.00000000,0.00000000,0
4903000,0.12259575,0.05218691,0.32471695,0.79585329,0.36941178,0.11031970,0
4904000,0.09107447,0.08986948,0.10640072,2.50969234,3.15493839,0.21498583,0
4905000,0.09067739,0.09450743,0.21251406,3.04678485,4.66403008,0.16895644,0
4906000,0.06485808,0.00018000,-0.12260193,-0.93860876,0.00000000,0.10504338,0
4907000,0.05522633,0.03382752,-0.22618854,0.67727017,0.22934744,0.08687212,0
4908000,0.07629889,0.01480078,0.19874838,-0.20807358,0.01975046,0.47587854,0
4909000,0.06979634,0.03367059,0.12679572,0.81075521,0.33670058,0.20210603,0
4910000,0.05989709,0.00160776,-0.03358817,-0.88155924,0.00000000,0.13938570,0
4911000,0.04538085,0.00841848,0.00000000,0.00000000,0.00000000,0.00000000,0
4912000,0.07016600,0.01657989,0.25661863,-0.03196320,0.03292656,0.22668639,0
4913000,0.06512594,0.01185759,0.22562080,-0.20230873,0.02545237,0.48187804,0
4914000,0.04297767,0.00848921,-0.20838951,-0.35527746,0.00000000,0.50648188,0
4915000,0.07658086,0.00661027,0.58319253,-0.44588246,0.17005677,0.38189449,0
4916000,0.14544998,0.00761915,2.29554932,-0.40421636,2.63477334,0.77409755,0
4917000,0.03413063,0.00192882,0.00000000,0.00000000,0.00000000,0.00000000,0
4918000,0.06047397,0.05173379,0.16440807,2.61486146,3.43226524,0.62938258,0
4919000,0.07177836,0.02142910,0.00000000,0.00000000,0.00000000,0.00000000,0
4920000,0.05789047,0.02390581,0.15579596,0.62353766,0.20653580,0.21015712,0
4921000,0.07913174,0.00573419,0.00000000,0.00000000,0.00000000,0.00000000,0
4922000,0.05346308,0.00125080,-0.22513996,-0.93890337,0.00000000,0.26433780,0
4923000,0.06643051,0.00622930,0.09194024,-0.68538320,0.00422650,0.28090683,0
4924000,0.08788721,0.03039422,0.61302094,0.93850757,0.62829556,0.33040905,0
4925000,0.05419020,0.06838780,0.00000000,0.00000000,0.00000000,0.00000000,0
4926000,0.05093560,0.00857036,-0.10618614,-0.35926136,0.00000000,0.29961310,0
4927000,0.07981350,0.01328462,0.00000000,0.00000000,0.00000000,0.00000000,0
4928000,0.04811202,0.04460280,-0.10769568,1.78405774,1.59143100,0.28937390,0
4929000,0.10635193,0.05045073,0.00000000,0.00000000,0.00000000,0.00000000,0
4930000,0.09270808,0.05758873,0.30822357,1.26956252,0.85339538,0.00000000,0
4931000,0.04725789,0.00644984,-0.20511014,-0.45198400,0.00000000,0.12978979,0
4932000,0.11543773,0.02179904,1.10992821,0.30643566,0.66292172,0.07682364,0
4933000,0.30171734,0.14122939,0.00000000,0.00000000,0.00000000,0.00000000,0
4934000,0.09336042,0.11437488,0.06651771,1.03641814,0.53929359,0.00042886,0
4935000,0.05902223,0.07739756,-0.14167601,0.81536607,0.33241092,0.00261022,0
4936000,0.07092252,0.00402471,0.01676268,-0.33261191,0.00014049,0.02908980,0
4937000,0.06438983,0.04511565,0.00444599,0.49845022,0.12423619,0.01015132,0
4938000,0.06490266,0.04578397,0.03595571,0.57824650,0.16783091,0.04882989,0
4939000,0.10541407,0.01607778,0.60015233,-0.06011824,0.18009141,0.03041513,0
4940000,0.05371911,0.06829370,-0.06819429,1.26243937,0.79687658,0.01399465,0
4941000,0.06255778,0.00065930,0.07423656,-0.44867955,0.00275553,0.00962668,0
4942000,0.04437024,0.00961169,-0.18701236,-0.21283153,0.00000000,0.02208569,0
4943000,0.07773031,0.01370119,0.34405893,-0.10127903,0.05918828,0.17130062,0
4944000,0.04687892,0.05215587,-0.14244181,1.05179002,0.55313112,0.21341511,0
4945000,0.04002430,0.04555662,-0.25371583,0.89462723,0.40017894,0.47067411,0
4946000,0.05313800,0.00817225,-0.03348960,-0.26830525,0.00000000,0.35077476,0
4947000,0.05142653,0.01246488,-0.05903755,-0.12920135,0.00000000,0.19261031,0
4948000,0.05854762,0.00694945,0.06918507,-0.31496842,0.00239329,0.17336709,0
4949000,0.05990463,0.01853961,0.09805247,0.08480982,0.00840350,0.06790041,0
4950000,0.04342901,0.00741025,-0.19389570,-0.30207979,0.00000000,0.07295362,0
4951000,0.05623023,0.00048810,0.04944212,-0.55602321,0.00122226,0.45681024,0
4952000,0.03429598,0.02873967,-0.36352688,0.48586865,0.11803417,0.29571735,0
4953000,0.08612324,0.05288484,0.00000000,0.00000000,0.00000000,0.00000000,0
4954000,0.13878222,0.00535022,1.38382827,-0.51013104,0.95749034,0.05642434,0
4955000,0.11832099,0.05234499,1.18978773,1.67919646,2.11764779,0.35299228,0
4956000,0.07461834,0.03596405,0.00000000,0.00000000,0.00000000,0.00000000,0
4957000,0.17025651,0.01606504,2.06262036,-0.12998366,2.12720137,0.07934115,0
4958000,0.06308548,0.00808081,0.10491582,-0.54147431,0.00550367,0.34042558,0
4959000,0.13448814,0.04449035,0.00000000,0.00000000,0.00000000,0.00000000,0
4960000,0.19921584,0.08060047,0.00000000,0.00000000,0.00000000,0.00000000,0
4961000,0.08254639,0.02141537,-0.11449172,-0.13517732,0.00000000,0.03469257,0
4962000,0.07355277,0.00651641,-0.12441647,-0.46108055,0.00000000,0.07983918,0
4963000,0.08105478,0.00314099,0.02169961,-0.58451400,0.00023544,0.06232396,0
4964000,0.07610951,0.00404804,0.02269153,-0.57014627,0.00025745,0.44186677,0
4965000,0.07447498,0.01703837,0.02839570,-0.13894958,0.00040316,0.15556962,0
4966000,0.06615079,0.00821939,-0.03992552,-0.43794878,0.00000000,0.03881714,0
4967000,0.06955896,0.04941768,0.00000000,0.00000000,0.00000000,0.00000000,0
4968000,0.05759255,0.03156327,-0.06921084,0.73749190,0.27194715,0.28238036,0
4969000,0.07180011,0.00753424,0.33246697,-0.53729963,0.05526714,0.30538239,0
4970000,0.04725907,0.00927263,-0.10958262,-0.40475759,0.00000000,0.20165933,0
4971000,0.07606046,0.00783053,0.64684047,-0.50454632,0.20920129,0.25792039,0
4972000,0.04750236,0.03050042,-0.02054848,1.29293729,0.83584342,0.09554947,0
4973000,0.07174513,0.03829854,0.00000000,0.00000000,0.00000000,0.00000000,0
4974000,0.05901488,0.03781825,0.13630147,1.30416016,0.85970591,0.04098994,0
4975000,0.04975744,0.01395113,0.00395725,-0.03636340,0.00000783,0.14897588,0
4976000,0.05776826,0.00113115,0.25552105,-0.89127656,0.03264550,0.55244989,0
4977000,0.06921116,0.04452264,0.00000000,0.00000000,0.00000000,0.00000000,0
4978000,0.13707246,0.02068128,1.60955891,0.36742841,1.36284176,0.61864703,0
4979000,0.03777317,0.03883728,0.00000000,0.00000000,0.00000000,0.00000000,0
4980000,0.08724394,0.03178765,0.00000000,0.00000000,0.00000000,0.00000000,0
4981000,0.09755233,0.03072377,0.95207323,1.31345684,1.31580615,0.31677210,0
4982000,0.06519349,0.03560400,0.36996694,1.90804703,1.88875951,0.81546662,0
4983000,0.06784593,0.02070925,0.00000000,0.00000000,0.00000000,0.00000000,0
4984000,0.05657520,0.02165041,0.09929580,0.66082478,0.22327452,0.36387619,0
4985000,0.03612466,0.00747273,-0.31944732,-0.44428652,0.00000000,1.02907541,0
4986000,0.04971829,0.01771575,0.00000000,0.00000000,0.00000000,0.00000000,0
4987000,0.07882875,0.04219430,0.34369628,1.85057522,1.77137789,0.03592029,0
4988000,0.05519293,0.00665449,0.00849247,-0.58209938,0.00003606,0.27874949,0
4989000,0.27480447,0.04632532,5.36608679,2.85931045,18.48527182,0.66920422,0
4990000,0.06840767,0.05255628,0.51169279,3.69500826,6.95745778,1.12579918,0
4991000,0.06150419,0.08522159,0.00000000,0.00000000,0.00000000,0.00000000,0
4992000,0.06221863,0.01173594,0.39613168,-0.08764412,0.07846015,0.46857999,0
4993000,0.06310281,0.01040900,0.00000000,0.00000000,0.00000000,0.00000000,0
4994000,0.05878512,0.05025648,0.23427996,2.86430617,4.12956847,0.20034531,0
4995000,0.04263214,0.00862875,-0.06659580,-0.39095537,0.00000000,0.42179362,0
4996000,0.05265314,0.04802672,0.00000000,0.00000000,0.00000000,0.00000000,0
4997000,0.05740287,0.02282401,0.03164272,0.31916067,0.05143240,0.09391012,0
4998000,0.05691830,0.00265061,0.11302226,-0.67593275,0.00638702,0.03427315,0
4999000,0.05667252,0.00451520,0.19168433,-0.58555312,0.01837144,0.31127197,0
5000000,0.62087250,2.74341583,0.00000000,0.00000000,0.00000000,0.00000000,0
5001000,0.79998362,0.61172807,0.00000000,0.00000000,0.00000000,0.00000000,0
5002000,0.56746078,0.80761170,-0.18613529,1.19828856,0.71794774,0.26188325,0
5003000,0.49998656,0.36549306,-0.30372099,-0.05562998,0.00000000,0.01525476,0
5004000,0.60754484,0.04244963,0.29854324,-1.11916987,0.04456403,0.01828448,0
5005000,0.48244470,0.26813346,-0.02789696,-0.28269862,0.00000000,0.00680154,0
5006000,0.64211708,0.24521759,0.78298934,-0.33047462,0.30653615,0.00247508,0
5007000,0.38646400,0.03111645,-0.19188599,-1.14851084,0.00000000,0.00865290,0
5008000,0.31464669,0.09255707,-0.42460271,-0.90582816,0.00000000,0.00522501,0
5009000,0.45503989,0.24097729,0.26414228,-0.28859103,0.03488557,0.00914042,0
5010000,0.25628242,0.15899356,-0.57651971,-0.61306152,0.00000000,0.02476500,0
5011000,0.28745639,0.22529764,-0.38753656,-0.31510584,0.00000000,0.06643569,0
5012000,0.45158970,0.10726515,0.42684152,-0.81288381,0.09109684,0.02837623,0
5013000,0.37522668,0.32825899,0.12087627,0.18521219,0.02445731,0.00448631,0
5014000,0.22746871,0.38038796,-0.54450774,0.45260481,0.10242556,0.03704233,0
5015000,0.20203866,0.03507476,-0.60225042,-1.07968994,0.00000000,0.00007737,0
5016000,0.44770336,0.45033351,0.58109447,0.83033689,0.51356507,0.01898485,0
5017000,0.49044526,0.43315771,0.80927710,0.77447623,0.62737142,0.00542960,0
5018000,0.41217005,0.51848340,0.42598545,1.18617116,0.79423282,1.52696943,0
5019000,0.24627331,1.02486455,0.00000000,0.00000000,0.00000000,0.00000000,0
5020000,0.38143077,0.40442842,0.75608774,0.71267688,0.53978851,0.01487499,0
5021000,0.36732879,0.36383799,0.83694451,0.69466451,0.59151745,0.14235366,0
5022000,0.29962057,0.87667334,0.45407706,3.38097446,5.81858714,0.09848164,0
5023000,0.35493842,0.42821655,0.89980764,1.17952341,1.10046464,0.01030284,0
5024000,0.26617011,0.57318127,0.35415513,2.08621258,2.23885439,0.00936773,0
5025000,0.25577164,0.52192765,0.32514188,1.87196884,1.80499229,0.01421968,0
5026000,0.24417694,0.49981347,0.29331033,1.81601147,1.69196431,0.08282612,0
5027000,0.19856511,0.54604882,-0.00202023,2.18780895,2.39325401,0.00427238,0
5028000,0.14982980,0.28067213,-0.30345069,0.62835318,0.19741386,0.00003235,0
5029000,0.16205354,0.53054821,-0.10332220,2.31263628,2.67414328,0.00674245,0
5030000,0.17316940,0.41859517,0.06328157,1.67997843,1.41316604,0.00000059,0
5031000,0.15972021,0.18969479,0.02423602,0.22530656,0.02567522,0.00000588,0
5032000,0.26637575,0.05565960,0.96091609,-0.64107946,0.46167987,0.00000000,0
5033000,0.09748210,0.02362111,-0.38120141,-0.83064138,0.00000000,0.00000028,0
5034000,0.15917683,0.04365411,0.18907404,-0.65564164,0.01787450,0.00000251,0
5035000,0.10477981,0.08561751,-0.22411260,-0.32049118,0.00000000,0.00000052,0
5036000,0.18580216,0.03809874,0.51856617,-0.63153010,0.13445544,0.00000170,0
5037000,0.29552990,0.23126400,1.51970496,0.82628735,1.49612698,0.00000000,0
5038000,0.21771915,0.05320667,0.89387099,-0.45895397,0.39950268,0.00000021,0
5039000,0.23321295,0.24144240,1.07733542,0.99621010,1.07654309,0.00000473,0
5040000,0.14859964,0.03664456,0.36773396,-0.53388294,0.06761413,0.00000426,0
5041000,0.14945526,0.15609847,0.41160554,0.41848293,0.17227354,0.00000000,0
5042000,0.08385251,0.01012035,-0.15292637,-0.70109285,0.00000000,0.00000069,0
5043000,0.27605313,0.09143394,1.64620970,-0.03618250,1.35500318,0.00000024,0
5044000,0.26651630,0.10663982,1.60082012,0.11014454,1.28737843,0.00000041,0
5045000,0.39926928,0.15506542,2.89280381,0.53046550,4.32485377,0.02325134,0
5046000,0.25530589,0.17198072,1.57636782,0.69870924,1.48656505,0.00000419,0
5047000,0.22090594,0.16624349,1.28429337,0.67868737,1.05501300,0.00000445,0
5048000,0.16949888,0.02375042,0.82017840,-0.50390186,0.33634630,0.00000244,0
5049000,0.28665185,0.02491129,1.99684322,-0.48166004,1.99369143,0.00000233,0
5050000,0.28109851,0.06136567,1.98042398,-0.15363897,1.96103957,0.00000249,0
5051000,0.29744813,0.27494970,2.18160234,1.73632282,3.88710284,0.01887767,0
5052000,0.21000718,0.31886378,1.33705975,2.16029680,3.22730552,0.01228136,0
5053000,0.12539206,0.06775936,0.50425110,-0.05492065,0.12713459,0.00000363,0
5054000,0.20785333,0.21025127,1.37275761,1.25044785,1.72404164,0.00000000,0
5055000,0.25166726,0.10118797,1.85525220,0.27808331,1.75964552,0.00000950,0
5056000,0.13894619,0.15243363,0.70875364,0.76811734,0.54616798,0.00000417,0
5057000,0.15709919,0.18304412,0.92170741,1.07413964,1.00166026,0.00000569,0
5058000,0.09621614,0.09421447,0.29799224,0.25848241,0.07780627,0.00000402,0
5059000,0.17708947,0.01952760,1.18047947,-0.43853901,0.69676589,0.00002598,0
5060000,0.12612407,0.02152555,0.65410162,-0.41211356,0.21392447,0.00000608,0
5061000,0.19647716,0.26126444,1.43745874,1.92090556,2.87808290,0.00878917,0
5062000,0.10858382,0.16575836,0.49853200,1.01338459,0.63774125,0.00002050,0
5063000,0.20673990,0.03350814,1.59867040,-0.27369198,1.27787352,0.00000316,0
5064000,0.10268998,0.06077348,0.46514393,0.00503987,0.10819214,0.00001693,0
5065000,0.16622674,0.23691782,1.19243258,1.78442836,2.30304002,0.00303863,0
5066000,0.08849407,0.06951756,0.33513655,0.11250149,0.06248655,0.00000037,0
5067000,0.15594520,0.08949029,1.11550044,0.32661674,0.67550987,0.00000414,0
5068000,0.42006260,0.08200195,4.15933668,0.26089550,8.68407403,0.06684446,0
5069000,0.28686395,0.09345552,2.66274951,0.39048827,3.62135802,0.01622127,0
5070000,0.23377861,0.11899960,2.07474895,0.66926152,2.37624709,0.00377557,0
5071000,0.26755506,0.03068699,2.49395472,-0.24858340,3.10990507,0.01110448,0
5072000,0.19295284,0.07472920,1.64181677,0.22523975,1.37314763,0.00000275,0
5073000,0.12709920,0.14135656,0.88134284,0.94821480,0.83793826,0.00000440,0
5074000,0.28561583,0.00122207,2.78792990,-0.54866654,3.88627657,0.01886725,0
5075000,0.26384622,0.00444019,2.55346493,-0.51021145,3.26009157,0.01260504,0
5076000,0.13840809,0.09323966,1.06187550,0.46486968,0.67184170,0.00000568,0
5077000,0.16058283,0.17616464,1.34691420,1.38900966,1.87176285,0.00000260,0
5078000,0.32940581,0.15832180,3.43124645,1.20740212,6.61563605,0.04615636,0
5079000,0.25919005,0.02507212,2.59541086,-0.26631352,3.36807878,0.01368278,0
5080000,0.22531660,0.05505482,2.19928863,0.07561712,2.42129422,0.00421649,0
5081000,0.22353080,0.04768424,2.19813594,-0.00083678,2.41590082,0.00416695,0
5082000,0.35773087,0.84306467,3.90333466,9.07014354,48.75176266,0.46752625,0
5083000,0.14002465,0.00886722,1.18441821,-0.43387415,0.70142325,0.03084208,0
5084000,0.08845107,0.06085853,0.54193359,0.16731640,0.16084340,0.14174668,0
5085000,0.07301475,0.08055376,0.35317457,0.39983692,0.14230092,0.01068077,0
5086000,0.08297994,0.05912583,0.48863560,0.15645710,0.13162179,0.00000162,0
5087000,0.16580985,0.21268609,1.56906424,1.96934476,3.17014068,0.01170141,0
5088000,0.21831612,0.00174363,2.26744457,-0.51062194,2.57065245,0.00663436,0
5089000,0.25303614,0.05255840,2.74145405,0.09676951,3.76246733,0.01763462,0
5090000,0.24228308,0.12303212,2.62077668,0.94701384,3.88265281,0.01883615,0
5091000,0.24436472,0.13805510,2.66850904,1.13843104,4.20848285,0.02209437,0
5092000,0.24985535,0.20213149,2.76210947,1.92644276,5.67021521,0.03671348,0
5093000,0.33416384,0.03554865,3.91390291,-0.08774416,7.65931798,0.05662148,0
5094000,0.15535253,0.15439725,1.52590094,1.37263278,2.10624722,0.00107043,0
5095000,0.10978059,0.00470892,0.91966639,-0.45958377,0.42289313,0.00001873,0
5096000,0.14949599,0.04780960,1.47161386,0.07678995,1.08577202,0.00000488,0
5097000,0.14671877,0.02205682,1.44557632,-0.23891201,1.04484545,0.00000920,0
5098000,0.20949931,0.33859801,2.32458921,3.72903773,9.65471869,0.07655524,0
5099000,0.09446460,0.26163414,0.74452959,2.78335318,4.15068963,0.02153640,0
5100000,0.12889479,0.05034428,1.23313149,0.12710767,0.76838482,0.00001484,0
5101000,0.24295795,0.08677611,2.84351110,0.59543910,4.22005156,0.02220482,0
5102000,0.15480410,0.16623943,1.61902727,1.61897048,2.62115734,0.00624789,0
5103000,0.07472187,0.13895531,0.49629746,1.28057540,0.94309226,0.00001056,0
5104000,0.15629831,0.00597716,1.66489432,-0.42769023,1.38593654,0.00000911,0
5105000,0.14458688,0.08326662,1.50936234,0.57778692,1.30600621,0.00002001,0
5106000,0.19141994,0.11934103,2.19445288,1.05546826,2.96481834,0.00966715,0
5107000,0.19250326,0.00018838,2.22466659,-0.49856325,2.47457071,0.00476310,0
5108000,0.13212112,0.03249023,1.36252397,-0.07131186,0.92823578,0.00000882,0
5109000,0.34195039,0.05382491,4.43389384,0.21469146,9.85275352,0.07853840,0
5110000,0.22681065,0.07940417,2.77090066,0.55987562,3.99567558,0.01996933,0
5111000,0.10623563,0.02580444,1.01219211,-0.15027556,0.51226643,0.00001242,0
5112000,0.08030556,0.13097523,0.63679049,1.26519731,1.00311318,0.00002205,0
5113000,0.13916507,0.09620275,1.51793050,0.80522715,1.47625189,0.00001138,0
5114000,0.08683849,0.13434225,0.74710147,1.32915822,1.16241110,0.00002074,0
5115000,0.10661830,0.01075749,1.05038399,-0.34425027,0.55165326,0.00001125,0
5116000,0.16898622,0.05940354,1.99785936,0.32309472,2.04791611,0.00048313,0
5117000,0.19472194,0.01669176,2.39931100,-0.25890217,2.87834665,0.00878742,0
5118000,0.18594298,0.03630413,2.27967459,0.01362237,2.59855091,0.00599960,0
5119000,0.10215676,0.01733772,1.01426466,-0.24585661,0.51436640,0.00000990,0
5120000,0.19612581,0.09503567,2.46216849,0.83762980,3.38194868,0.01383181,0
5121000,0.10665148,0.04577420,1.09860074,0.15566963,0.61557831,0.00000073,0
5122000,0.21972401,0.02246074,2.85402212,-0.16786713,4.07272113,0.02073474,0
5123000,0.23421715,0.17781356,3.09412564,2.02479121,6.83669646,0.04838272,0
5124000,0.18536142,0.09727708,2.34836835,0.89600852,3.15883258,0.01160374,0
5125000,0.12860751,0.15503581,1.47256706,1.72382242,2.57000874,0.00571555,0
5126000,0.21682933,0.08039763,2.86790343,0.66831411,4.33575691,0.02336334,0
5127000,0.13876319,0.02126000,1.65003658,-0.17409473,1.36131036,0.00000928,0
5128000,0.23253913,0.01333937,3.14512770,-0.28608908,4.94591413,0.02946424,0
5129000,0.17760836,0.07565361,2.28645892,0.61593974,2.80363808,0.00805316,0
5130000,0.11957030,0.07920889,1.37072338,0.67260549,1.16564037,0.00002196,0
5131000,0.17187995,0.01866899,2.21768981,-0.20384592,2.45907404,0.00460153,0
5132000,0.13455944,0.11553416,1.62793986,1.21443062,2.06251495,0.00063372,0
5133000,0.26232082,0.04285622,3.70216440,0.15501945,6.86502615,0.04865609,0
5134000,0.26109731,0.06342559,3.69892858,0.46134372,6.94745533,0.04949589,0
5135000,0.09456869,0.10057420,1.00242687,1.01506917,1.01761253,0.00043852,0
5136000,0.12753326,0.06322517,1.54758383,0.46692106,1.30651550,0.00001792,0
5137000,0.09633932,0.06617696,1.04358504,0.51528501,0.67729419,0.00001966,0
5138000,0.09090450,0.03958884,0.96005935,0.12197875,0.46829638,0.00001236,0
5139000,0.09643694,0.01274884,1.05757204,-0.27799390,0.55922931,0.00000290,0
5140000,0.23122433,0.02055534,3.30102034,-0.15938877,5.44836764,0.03449215,0
5141000,0.27828518,0.13007270,4.09935901,1.49882248,9.52560655,0.07526410,0
5142000,0.18579984,0.09758931,2.56971743,1.01337909,3.81519242,0.01819201,0
5143000,0.13307349,0.18705519,1.69627386,2.38180080,4.27516003,0.02277546,0
5144000,0.16039771,0.13460664,2.16459934,1.59086821,3.60817599,0.01610306,0
5145000,0.15225571,0.17943548,2.03682980,2.28641339,4.68818090,0.02689805,0
5146000,0.23789915,0.00276195,3.49821660,-0.42300112,6.11875970,0.04119760,0
5147000,0.17764206,0.02892145,2.48651226,-0.01826976,3.09137161,0.01107251,0
5148000,0.08932678,0.07645287,0.98828891,0.72059219,0.74798403,0.00973185,0
5149000,0.09917199,0.03889469,1.16180880,0.14079430,0.68481136,0.00001534,0
5150000,0.13801357,0.04480157,1.83434417,0.23527761,1.71008704,0.00675941,0
5151000,0.19178377,0.17239666,2.76803374,2.23597229,6.33079146,0.04672294,0
5152000,0.13331309,0.02617768,1.76400379,-0.05247687,1.55585469,0.00094814,0
5153000,0.11670022,0.01921419,1.48019845,-0.16092029,1.09549373,0.01384385,0
5154000,0.11169697,0.00341149,1.39736460,-0.40985021,0.97631392,0.00020042,0
5155000,0.15663129,0.08055996,2.18683019,0.81487727,2.72312561,0.01561510,0
5156000,0.16693716,0.11284083,2.37348396,1.33324366,3.70548239,0.01707601,0
5157000,0.15127239,0.02581720,2.10416068,-0.05146277,2.21374609,0.00223480,0
5158000,0.10725067,0.10450961,1.33302683,1.21114719,1.62191903,0.04306136,0
5159000,0.15561809,0.14813891,2.19259498,1.91799567,4.24309007,0.02378399,0
5160000,0.10527331,0.00670117,1.30507067,-0.35561538,0.85160473,0.00002032,0
5161000,0.21839800,0.13412461,3.32270785,1.70669723,6.97660145,0.05386836,0
5162000,0.13027574,0.13276245,1.75749129,1.69133651,2.97469742,0.00977523,0
5163000,0.14492950,0.05000117,2.02492249,0.35071035,2.11165442,0.00114125,0
5164000,0.09913657,0.05345104,1.20778961,0.40962187,0.81327291,0.01048918,0
5165000,0.09375980,0.14607990,1.11401150,1.93010835,2.48316993,0.00494497,0
5166000,0.09314004,0.05123042,1.10565145,0.37865986,0.68292420,0.00124166,0
5167000,0.12547858,0.01205078,1.69482505,-0.26459744,1.43621597,0.00004613,0
5168000,0.11645270,0.08209556,1.53467253,0.89429395,1.57749072,0.00317610,0
5169000,0.12907733,0.11755833,1.76868347,1.48663392,2.66916082,0.00674306,0
5170000,0.14691012,0.04442187,2.09973517,0.27617735,2.24258086,0.00243651,0
5171000,0.09836234,0.05849758,1.21527260,0.51341697,0.87024224,0.00001337,0
5172000,0.10913834,0.00614493,1.41697637,-0.35951918,1.00391102,0.00006222,0
5173000,0.21926096,0.05225043,3.45344700,0.41495357,6.04924131,0.04049743,0
5174000,0.15653388,0.07046155,2.30278211,0.72405655,2.91353167,0.00916863,0
5175000,0.07067892,0.10390355,0.71606901,1.29218160,1.09124406,0.00000925,0
5176000,0.06664842,0.07682017,0.64319148,0.83893696,0.55875525,0.00000114,0
5177000,0.20195225,0.06247846,3.17084324,0.59933606,5.20672527,0.03207155,0
5178000,0.14621256,0.15643385,2.13674211,2.20228500,4.70786304,0.02708923,0
5179000,0.10807382,0.01827984,1.42699188,-0.14878325,1.01815291,0.00001935,0
5180000,0.08413594,0.01743238,0.98052108,-0.16219644,0.48071079,0.00001588,0
5181000,0.10717600,0.01742289,1.41846663,-0.16135884,1.00602379,0.00000333,0
5182000,0.13938601,0.05543510,2.03244226,0.49405009,2.18745353,0.00188225,0
5183000,0.08207094,0.04056697,0.95019916,0.24018740,0.48028422,0.00000432,0
5184000,0.16290475,0.07169314,2.49183750,0.78126475,3.40981438,0.01410234,0
5185000,0.19921201,0.15010194,3.19193021,2.14601080,7.39689041,0.05457269,0
5186000,0.11661471,0.13923723,1.61986950,1.96412827,3.24088854,0.01245668,0
5187000,0.18709466,0.07842518,2.97711491,0.90955463,4.84525140,0.02846365,0
5188000,0.12410381,0.02134020,1.77302900,-0.08553790,1.57181592,0.00000681,0
5189000,0.05804862,0.02137305,0.50306856,-0.08388974,0.12653899,0.00000312,0
5190000,0.13152458,0.05055312,1.92617397,0.43069087,1.94782040,0.00001048,0
5191000,0.13033199,0.00021052,1.90809995,-0.45491354,1.82042270,0.00003859,0
5192000,0.26339889,0.01402205,4.50105240,-0.21043524,10.12973636,0.08130400,0
5193000,0.13153291,0.12455149,1.94147461,1.75026695,3.41637903,0.01417183,0
5194000,0.14050619,0.03130130,2.12200909,0.09823710,2.25628656,0.00256627,0
5195000,0.14860535,0.07077453,2.28621012,0.80316496,2.93591533,0.00944584,0
5196000,0.10694172,0.02806116,1.47344163,0.04328984,1.08645212,0.00000904,0
5197000,0.14725065,0.16592555,2.27151958,2.51467047,5.74168437,0.03743480,0
5198000,0.20059508,0.49489778,3.33091281,8.43077686,41.08648930,0.39090834,0
5199000,0.12890102,0.12734103,1.91982233,1.83495712,3.52639271,0.01532174,0
5200000,0.09477007,0.01523891,1.24717105,-0.18280470,0.77771781,0.00003051,0
5201000,0.08116598,0.03517238,0.97958842,0.17880361,0.49578210,0.00000352,0
5202000,0.08691351,0.06882627,1.09677526,0.79096337,0.91426952,0.00000272,0
5203000,0.06108663,0.00470982,0.58276418,-0.37204284,0.16980704,0.00000951,0
5204000,0.09583745,0.03099590,1.28077686,0.10744830,0.82596726,0.00001327,0
5205000,0.06375200,0.05878444,0.63894075,0.61663698,0.39424323,0.00001200,0
5206000,0.07149739,0.03080496,0.79644618,0.10673769,0.32285973,0.00000674,0
5207000,0.18354070,0.08058456,3.06026215,1.02213324,5.20498039,0.03205651,0
5208000,0.13870059,0.23154864,2.15942902,3.80424233,9.56769670,0.07574755,0
5209000,0.12098598,0.09098988,1.80464501,1.22086189,2.37362368,0.00376616,0
5210000,0.09883650,0.04286307,1.35805512,0.33455451,0.97812022,0.09637986,0
5211000,0.12981454,0.24769901,1.99236659,4.13385172,10.52912733,0.08991270,0
5212000,0.10056631,0.14927541,1.39917877,2.31558428,3.65981588,0.02612783,0
5213000,0.11345264,0.18437032,1.66577514,2.97540330,5.81391579,0.03917753,0
5214000,0.09462036,0.11160128,1.28270820,1.62476134,2.14259487,0.00143651,0
5215000,0.20598058,0.16501357,3.57403624,2.62879213,9.84214155,0.07878156,0
5216000,0.09003832,0.11552528,1.19268290,1.70742732,2.16890027,0.00176357,0
5217000,0.17574921,0.08645997,2.96487287,1.16584406,5.07483175,0.03343122,0
5218000,0.12333124,0.00079438,1.88659952,-0.44449987,1.77962888,0.00037243,0
5219000,0.09187399,0.02260592,1.23764710,-0.03301176,0.76588518,0.00901845,0
5220000,0.15762903,0.06486140,2.60611420,0.76724179,3.69024559,0.01825283,0
5221000,0.11006960,0.03395263,1.62154118,0.18360886,1.33155401,0.00004837,0
5222000,0.07214941,0.02296116,0.83374191,-0.02410933,0.34756279,0.02232614,0
5223000,0.10951313,0.06034781,1.61693006,0.68884018,1.54448180,0.00525459,0
5224000,0.08233840,0.06866664,1.05114281,0.85005830,0.91375016,0.00008765,0
5225000,0.10786165,0.01426953,1.58929083,-0.18819409,1.26292268,0.00467224,0
5226000,0.14804032,0.06177338,2.43797349,0.72258149,3.23291938,0.01276905,0
5227000,0.08273622,0.14544083,1.06679677,2.33275681,3.28990486,0.01440118,0
5228000,0.17577888,0.10054392,3.03644036,1.47418425,5.69659462,0.03698547,0
5229000,0.19872098,0.11517888,3.52933357,1.76075672,7.77822983,0.05789676,0
5230000,0.14708103,0.00967451,2.44109160,-0.27509317,2.97946411,0.00989057,0
5231000,0.08619115,0.00449120,1.15151697,-0.37532409,0.66299567,0.00646995,0
5232000,0.06626359,0.09171636,0.72945617,1.31874904,1.13560266,0.00017506,0
5233000,0.08238411,0.03367803,1.07549337,0.19257691,0.59688593,0.00083921,0
5234000,0.09931830,0.03864850,1.44039342,0.29057744,1.07958422,0.00182796,0
5235000,0.17008284,0.05821078,2.96058801,0.67385953,4.60958401,0.03359701,0
5236000,0.18939024,0.00040290,3.38082525,-0.45625647,5.71498968,0.04863701,0
5237000,0.11686508,0.15292878,1.82649510,2.53496871,4.88107537,0.02890152,0
5238000,0.09308448,0.08827434,1.31799427,1.26981857,1.67477406,0.00029864,0
5239000,0.11293793,0.18740080,1.74992919,3.22578309,6.73396438,0.05134280,0
5240000,0.07463003,0.03310747,0.92380139,0.18729649,0.44424449,0.01609827,0
5241000,0.08619608,0.14991581,1.17649360,2.49853735,3.81341304,0.01922916,0
5242000,0.15394418,0.13923980,2.65127441,2.29241790,6.14221791,0.04179373,0
5243000,0.11168084,0.16940437,1.73606869,2.89659513,5.70209893,0.03724861,0
5244000,0.11754198,0.04973974,1.86703960,0.52186916,1.87909214,0.00664196,0
5245000,0.10739917,0.20321244,1.64899036,3.58311244,7.77893199,0.06156457,0
5246000,0.10512034,0.07673677,1.60178800,1.06418106,1.84910307,0.03547246,0
5247000,0.09087891,0.09225667,1.29136024,1.37705630,1.78194767,0.00653843,0
5248000,0.12339518,0.09957745,2.00776831,1.52678118,3.18109718,0.06859576,0
5249000,0.15752083,0.08035830,2.76084714,1.14384989,4.46533475,0.18404833,0
5250000,0.26156625,0.12318517,5.05542461,2.00741940,14.79352534,0.17722713,0
5251000,0.12280032,0.27739769,1.99911572,5.11857758,15.09815008,0.24044459,0
5252000,0.07790332,0.18994947,1.00856069,3.36130751,6.15779142,0.12725166,0
5253000,0.24185185,0.13353467,4.63646968,2.22648010,13.22703237,0.13892887,0
5254000,0.07285192,0.09980114,0.89883174,1.54746809,1.60127799,0.00034012,0
5255000,0.07212987,0.02522016,0.88470448,0.03694856,0.39203361,0.00586999,0
5256000,0.14406303,0.13321923,2.48637759,2.23394865,5.58630004,0.06793947,0
5257000,0.05802061,0.09324094,0.57440572,1.42421652,1.17916731,0.00134364,0
5258000,0.18630280,0.02213219,3.43939765,-0.02388667,5.91472809,0.04294374,0
5259000,0.13768634,0.03818716,2.35897300,0.30509465,2.82891817,0.01475311,0
5260000,0.09804846,0.06311928,1.47583568,0.81706350,1.42284186,0.00355694,0
5261000,0.11261737,0.07639279,1.80627261,1.09193704,2.22747363,0.00257242,0
5262000,0.08108756,0.04850026,1.10176733,0.52122080,0.74278119,0.00085113,0
5263000,0.12244172,0.02081384,2.03567091,-0.04737260,2.07197804,0.00690381,0
5264000,0.06914865,0.02679811,0.83832476,0.07687283,0.35434891,0.00503353,0
5265000,0.12561029,0.04844861,2.11615688,0.52561965,2.37719798,0.00381268,0
5266000,0.13347685,0.02834364,2.29868968,0.11101822,2.64814965,0.00654691,0
5267000,0.12635854,0.06198516,2.14205311,0.81008339,2.62231330,0.02006906,0
5268000,0.14074628,0.12772551,2.47298323,2.17906205,5.43197873,0.04175546,0
5269000,0.09841129,0.26100537,1.51484692,4.95922944,13.44435892,0.12186537,0
5270000,0.17897193,0.05954776,3.35215595,0.76528430,5.91130479,0.05251578,0
5271000,0.11568918,0.11374512,1.91476534,1.90015595,3.63845947,0.01664737,0
5272000,0.10062341,0.07194795,1.57453170,1.02922626,1.76922838,0.00008905,0
5273000,0.07975206,0.02061514,1.10043716,-0.04477741,0.60548097,0.00003371,0
5274000,0.09746987,0.00099719,1.50939374,-0.45623598,1.13913473,0.00006931,0
5275000,0.06584568,0.02942751,0.78701440,0.14239220,0.31983360,0.00001806,0
5276000,0.05778845,0.02664071,0.60415944,0.08469002,0.18609051,0.00443786,0
5277000,0.05988996,0.02972986,0.65462555,0.15090023,0.22565275,0.00087304,0
5278000,0.07128402,0.13267171,0.91968667,2.33011848,3.13763785,0.02955569,0
5279000,0.06474197,0.06276076,0.77092015,0.85316331,0.66110276,0.00035527,0
5280000,0.16933815,0.05384205,3.19322845,0.66591361,5.32007443,0.04405044,0
5281000,0.12286001,0.07470601,2.12195743,1.11145808,2.86902119,0.01233857,0
5282000,0.06244598,0.14356284,0.72392221,2.58103045,3.59289077,0.02069767,0
5283000,0.04737963,0.02713166,0.37607612,0.10184703,0.07590303,0.00046339,0
5284000,0.15286267,0.02364954,2.83420359,0.02853750,4.01676219,0.02653246,0
5285000,0.10929289,0.07809404,1.82371542,1.19514725,2.37715745,0.00377959,0
5286000,0.05924070,0.00938529,0.65866853,-0.27545360,0.21692212,0.00020789,0
5287000,0.14721578,0.00620477,2.71863806,-0.34339049,3.69549646,0.01699684,0
5288000,0.10143623,0.08095946,1.65144789,1.26543392,2.16430157,0.02156055,0
5289000,0.12466107,0.14718185,2.20000939,2.69567236,6.05334540,0.05214767,0
5290000,0.09140451,0.11178094,1.42288899,1.93671157,2.88773239,0.01351333,0
5291000,0.07819302,0.00126426,1.11544130,-0.44894956,0.62210465,0.00307462,0
5292000,0.08186383,0.01248850,1.20482498,-0.20573417,0.72580161,0.00004881,0
5293000,0.17347139,0.10573896,3.36988710,1.81778969,7.33024922,0.05382144,0
5294000,0.08362241,0.10582133,1.25241223,1.82348495,2.44681688,0.00447123,0
5295000,0.07819305,0.09766449,1.12666239,1.64966521,1.99538172,0.00006940,0
5296000,0.07131445,0.02582748,0.96632923,0.08704104,0.47068416,0.00043793,0
5297000,0.09722605,0.04979705,1.58415895,0.61147905,1.44173311,0.00005591,0
5298000,0.13852662,0.02128559,2.56980130,-0.01026564,3.30193936,0.02664366,0
5299000,0.08193741,0.10816397,1.22703527,1.89354698,2.54556786,0.00549955,0
5300000,0.11112922,0.03925579,1.92617928,0.38565045,1.92944645,0.00636363,0
5301000,0.04455262,0.06174077,0.33994730,0.88122351,0.44605952,0.00564732,0
5302000,0.11490670,0.08502306,2.02423826,1.39588802,3.02302195,0.01075067,0
5303000,0.19634634,0.09755737,3.97891100,1.67527549,9.31914035,0.07372041,0
5304000,0.11867424,0.04345138,2.12267720,0.48420180,2.37010494,0.00420624,0
5305000,0.09341076,0.10270252,1.51984991,1.79597921,2.76774254,0.01028660,0
5306000,0.17360395,0.08542711,3.45221342,1.41710912,6.96298787,0.04964806,0
5307000,0.12023533,0.15722014,2.17257560,3.01255248,6.89777858,0.04907763,0
5308000,0.12064985,0.03159242,2.18666811,0.22701670,2.41652700,0.00701044,0
5309000,0.09057277,0.06667975,1.46409689,1.00892884,1.58075854,0.00335282,0
5310000,0.10206070,0.08228995,1.74501735,1.35910428,2.44612500,0.00598371,0
5311000,0.10051193,0.09501169,1.71105175,1.64595898,2.81843953,0.00819922,0
5312000,0.07704133,0.04763512,1.14493815,0.59020995,0.82961557,0.00092379,0
5313000,0.03983203,0.04438619,0.24393531,0.51928140,0.16457880,0.00493462,0
5314000,0.04125585,0.06002786,0.28020526,0.87167311,0.41916450,0.00000104,0
5315000,0.06398378,0.08910768,0.83538172,1.52687291,1.51460176,0.00000185,0
5316000,0.05349049,0.01029546,0.58185095,-0.24225021,0.16927526,0.00036590,0
5317000,0.07318510,0.11580760,1.06487726,2.13456659,2.84516906,0.00845782,0
5318000,0.10792397,0.09149588,1.91692003,1.59030050,3.10181904,0.02321881,0
5319000,0.06016967,0.01378836,0.75123716,-0.16170862,0.28217863,0.00001835,0
5320000,0.05942194,0.04661421,0.73501837,0.58141435,0.43914733,0.00000972,0
5321000,0.05171488,0.04838724,0.54790089,0.62328193,0.34433787,0.00002111,0
5322000,0.06756448,0.01771853,0.93931201,-0.07081867,0.44115352,0.02537269,0
5323000,0.10043931,0.03878902,1.75103175,0.40864949,1.61655330,0.00182314,0
5324000,0.06264957,0.06107697,0.82281610,0.91722487,0.75916390,0.00007927,0
5325000,0.10463178,0.00674240,1.86114696,-0.31887375,1.73193400,0.00145487,0
5326000,0.09373475,0.09715605,1.59544952,1.74484444,2.79497064,0.00960970,0
5327000,0.06631994,0.10908765,0.92006361,2.02085236,2.46518067,0.00744329,0
5328000,0.19690131,0.03825756,4.15869119,0.40362584,8.72881311,0.07495640,0
5329000,0.09648967,0.03845890,1.67350525,0.40967374,1.48422620,0.00026912,0
5330000,0.10966752,0.07088331,2.00425622,1.15535149,2.67594002,0.00857286,0
5331000,0.07079464,0.09461322,1.04073847,1.70322291,1.99205242,0.00196846,0
5332000,0.07684866,0.05054097,1.19409307,0.69197078,0.95234090,0.00003172,0
5333000,0.10045604,0.11452848,1.78551287,2.16876273,3.94579398,0.02232079,0
5334000,0.09213048,0.02285568,1.58099174,0.05660236,1.25136935,0.00001747,0
5335000,0.05713475,0.04112215,0.70897356,0.47979426,0.36642302,0.00001498,0
5336000,0.04807845,0.10371011,0.48424146,1.93022380,1.98012686,0.00001863,0
5337000,0.09644187,0.07183645,1.69853669,1.19481444,2.15630421,0.00225279,0
5338000,0.04730892,0.01961817,0.46842461,-0.01482550,0.10971081,0.00044943,0
5339000,0.08719344,0.06084559,1.47262445,0.94439499,1.53025233,0.00003677,0
5340000,0.10088100,0.12627998,1.82011153,2.46980281,4.70636596,0.02712842,0
5341000,0.07995389,0.05918356,1.29618989,0.90998492,1.25409040,0.00000441,0
5342000,0.10936700,0.25255698,2.04101951,5.42578624,16.80245848,0.14805048,0
5343000,0.14022920,0.28556335,2.82427867,6.20562640,23.24317449,0.22543005,0
5344000,0.11887224,0.01264895,2.28885640,-0.17310843,2.61943181,0.00624366,0
5345000,0.11207771,0.07232451,2.12087153,1.22621528,3.00084998,0.01002687,0
5346000,0.07610025,0.12131332,1.21270993,2.37844284,3.56382785,0.01568424,0
5347000,0.07104935,0.01228914,1.08725090,-0.17974442,0.59105726,0.00038792,0
5348000,0.06153284,0.01631451,0.84797382,-0.08435278,0.35952980,0.00000271,0
5349000,0.07633274,0.01299222,1.22669881,-0.16190121,0.75239499,0.00204097,0
5350000,0.12830983,0.06324103,2.55326653,1.02449645,3.78438147,0.01785489,0
5351000,0.07816340,0.00923450,1.27855028,-0.24953160,0.81734541,0.00006639,0
5352000,0.03988678,0.04453266,0.30389854,0.58614900,0.21796249,0.00001829,0
5353000,0.14332435,0.09241804,2.94963913,1.72226109,5.83327713,0.03833289,0
5354000,0.06338395,0.05946194,0.90823331,0.94346170,0.85750387,0.00001812,0
5355000,0.05383186,0.10616263,0.66567731,2.05495163,2.33297625,0.00333063,0
5356000,0.01921588,0.02151760,-0.22043344,0.04500628,0.00101278,0.00003280,0
5357000,0.08607373,0.06869310,1.49777545,1.16960780,1.80565685,0.00000396,0
5358000,0.06913590,0.00530308,1.06507068,-0.33993820,0.56718777,0.00001586,0
5359000,0.09691714,0.02120251,1.78268721,0.04016873,1.58979361,0.00000038,0
5360000,0.05854961,0.02158919,0.79690366,0.05025537,0.31879052,0.00370276,0
5361000,0.11051891,0.04674623,2.14016500,0.65350492,2.50368745,0.00503931,0
5362000,0.11846164,0.12481183,2.34898012,2.52661672,5.95074982,0.04498467,0
5363000,0.06958587,0.05152818,1.08837894,0.77143435,0.88983984,0.00004748,0
5364000,0.18464777,0.02371238,4.07082264,0.10464160,8.29127341,0.06291397,0
5365000,0.08709631,0.03576886,1.54719268,0.39575507,1.27521364,0.00425039,0
5366000,0.05513126,0.00108831,0.72035179,-0.43869058,0.25945335,0.00000025,0
5367000,0.06116051,0.10461897,0.87880364,2.05977298,2.50748028,0.00560790,0
5368000,0.04876284,0.09434146,0.55835946,1.81479528,1.80262360,0.00001344,0
5369000,0.05107876,0.06364863,0.62039142,1.07535410,0.77063598,0.00000209,0
5370000,0.07824059,0.02133343,1.33057754,0.05246954,0.88659482,0.00000385,0
5371000,0.08428719,0.07190531,1.49108218,1.27986737,1.93069327,0.00000090,0
5372000,0.05113430,0.04046971,0.62728573,0.51886048,0.33135179,0.00004578,0
5373000,0.06740503,0.04380979,1.05497414,0.60153572,0.73740783,0.00000000,0
5374000,0.04637683,0.07921223,0.50638558,1.46494961,1.20125186,0.00029732,0
5375000,0.13117135,0.01472376,2.73198047,-0.10438191,3.73185865,0.01732000,0
5376000,0.06598271,0.12509646,1.02438588,2.58997283,3.87866286,0.01880084,0
5377000,0.13808338,0.29832816,2.92191125,6.82729511,27.57476196,0.25576461,0
5378000,0.06003346,0.13977154,0.87232032,2.95696336,4.75228752,0.02754553,0
5379000,0.05151282,0.00864672,0.64978102,-0.25092206,0.21110769,0.00010229,0
5380000,0.05286444,0.01256476,0.68723285,-0.15440656,0.23614449,0.00000205,0
5381000,0.10376450,0.02356710,2.03308155,0.11631593,2.07347498,0.00078495,0
5382000,0.08197850,0.10735536,1.46053717,2.17751692,3.43737438,0.01437404,0
5383000,0.06295127,0.05612390,0.95967246,0.91957388,0.88329368,0.00000327,0
5384000,0.09461439,0.14868619,1.80071693,3.20309494,6.75119933,0.04752894,0
5385000,0.06660813,0.14039508,1.06090138,3.00311942,5.07211898,0.03072603,0
5386000,0.10039281,0.04256400,1.96013360,0.59012393,2.09518500,0.00096246,0
5387000,0.05847319,0.00248919,0.84910972,-0.39985419,0.36049366,0.00000021,0
5388000,0.11519095,0.13178222,2.36031911,2.80301950,6.71401232,0.04714107,0
5389000,0.04821197,0.19300061,0.57971677,4.32520521,9.52173580,0.07537642,0
5390000,0.05998199,0.10137445,0.89515344,2.05613470,2.51449480,0.00653614,0
5391000,0.12650511,0.01372086,2.67300982,-0.11970771,3.57249075,0.01573349,0
5392000,0.12264594,0.02252827,2.57374313,0.10010434,3.31708729,0.01319096,0
5393000,0.08841497,0.03782413,1.66169820,0.48201805,1.49679116,0.00002816,0
5394000,0.06366462,0.11547444,1.00161681,2.42059553,3.43125948,0.01834344,0
5395000,0.06327276,0.11601117,0.99319276,2.43747275,3.46385263,0.01466230,0
5396000,0.06304742,0.10099440,0.98921615,2.06558864,2.62260252,0.00722657,0
5397000,0.06707802,0.03296253,1.09963871,0.36550471,0.67139949,0.00001435,0
5398000,0.11630132,0.09036493,2.42577619,1.80548013,4.57207430,0.02872897,0
5399000,0.12345044,0.01168716,2.62179585,-0.16621145,3.43690673,0.01442150,0
5400000,0.08034538,0.12704407,1.46355495,2.73262588,4.80461864,0.02839328,0
5401000,0.09500432,0.00743394,1.86172974,-0.27217814,1.73301881,0.00000483,0
5402000,0.07723363,0.09261473,1.38462563,1.87337567,2.71336228,0.00716422,0
5403000,0.08948421,0.05419164,1.71840749,0.90759362,1.88832524,0.00038766,0
5404000,0.10759281,0.13294627,2.21138258,2.89734113,6.64239928,0.04642759,0
5405000,0.06466389,0.06469943,1.05161796,1.17673951,1.24530811,0.00000230,0
5406000,0.06097141,0.02229275,0.95361801,0.10592243,0.46030344,0.00000000,0
5407000,0.05406767,0.00699981,0.76822175,-0.28058934,0.29508233,0.00000947,0
5408000,0.09105763,0.03451282,1.77530641,0.41746917,1.66299669,0.00001284,0
5409000,0.11761706,0.09212264,2.50069537,1.88121553,4.89622460,0.02898154,0
5410000,0.07521831,0.05268375,1.34956898,0.88159367,1.29927191,0.00002609,0
5411000,0.06586999,0.04654955,1.09706394,0.72723323,0.86620873,0.00143503,0
5412000,0.09585219,0.08836901,1.91740223,1.79407117,3.44756133,0.01448075,0
5413000,0.07253774,0.04679320,1.28355346,0.73655204,1.09500919,0.00000063,0
5414000,0.05304793,0.03978291,0.75299507,0.55914331,0.43982141,0.00018430,0
5415000,0.12142172,0.02157035,2.62619640,0.09490714,3.45295744,0.01453018,0
5416000,0.06987293,0.01383094,1.21744405,-0.10234175,0.74108501,0.00432881,0
5417000,0.11915736,0.35361940,2.57138689,8.60326542,40.31410318,0.38314122,0
5418000,0.09135668,0.08321621,1.81173990,1.67837467,3.04967151,0.01059660,0
5419000,0.02791597,0.02192247,0.07107719,0.10715793,0.00826739,0.00010565,0
5420000,0.05692405,0.00997688,0.87019602,-0.19901569,0.37862056,0.00000007,0
5421000,0.12841512,0.01973970,2.84070993,0.05271500,4.03620588,0.02037663,0
5422000,0.07506486,0.01685132,1.37403094,-0.02094177,0.94398051,0.00000158,0
5423000,0.18499415,0.14309742,4.40946564,3.23571454,14.95661791,0.12956696,0
5424000,0.06928643,0.10297209,1.21916110,2.20391794,3.17180404,0.01176088,0
5425000,0.07560652,0.03694391,1.39604870,0.50038212,1.09966712,0.00000498,0
5426000,0.06759658,0.00277294,1.17686530,-0.38250002,0.69250597,0.00000039,0
5427000,0.09990493,0.15831533,2.07387367,3.64694020,8.80056242,0.06801311,0
5428000,0.15198793,0.05640525,3.52093509,1.00875076,6.70728100,0.05260333,0
5429000,0.14254086,0.12253711,3.26311965,2.72732182,9.04311708,0.07044931,0
5430000,0.07407317,0.03523160,1.36514390,0.46191767,1.03849291,0.00042028,0
5431000,0.11385839,0.02935207,2.47384410,0.31017493,3.10805655,0.01108174,0
5432000,0.08014449,0.08032203,1.53885440,1.63879649,2.52686340,0.00527072,0
5433000,0.11228621,0.04621707,2.43683120,0.75200828,3.25183136,0.01616851,0
5434000,0.11065542,0.08045133,2.39462749,1.64705129,4.22350937,0.02224598,0
5435000,0.09133425,0.05190166,1.85853464,0.90348001,2.13521357,0.00536300,0
5436000,0.04753549,0.01806242,0.63748373,0.01997364,0.20339223,0.00000666,0
5437000,0.05102322,0.02341705,0.73665668,0.16096280,0.28428604,0.00000120,0
5438000,0.05084187,0.00710491,0.73328008,-0.26578433,0.26884983,0.00000000,0
5439000,0.03558432,0.00081035,0.30737746,-0.43057580,0.04724045,0.00000568,0
5440000,0.07085343,0.00030408,1.29788228,-0.44368102,0.84224921,0.00215406,0
5441000,0.05871403,0.02021804,0.95920498,0.08019909,0.46325304,0.00000550,0
5442000,0.14291874,0.05403293,3.32735668,0.97122999,6.00729510,0.04007872,0
5443000,0.11169866,0.01489059,2.45319606,-0.05870339,3.00908544,0.01041637,0
5444000,0.16858567,0.00654303,4.05809399,-0.27829038,8.23406341,0.06235827,0
5445000,0.03494159,0.02063275,0.29648783,0.09418168,0.04838761,0.00001290,0
5446000,0.09842565,0.00218072,2.08851560,-0.39285154,2.18094871,0.00181566,0
5447000,0.15994549,0.04284159,3.82837718,0.68351176,7.56183006,0.05562261,0
5448000,0.12818237,0.03930181,2.93524208,0.59111932,4.48253406,0.02483183,0
5449000,0.17164426,0.08730356,4.16828504,1.86539506,10.42714947,0.08427917,0
5450000,0.08181767,0.10166705,1.62977646,2.24922475,3.85759164,0.01861461,0
5451000,0.08295952,0.02035982,1.66462248,0.09149274,1.38966946,0.00000145,0
5452000,0.09278609,0.06206901,1.94582100,1.20177945,2.61524660,0.00615764,0
5453000,0.08065543,0.02369876,1.60413067,0.18191330,1.30316383,0.00000726,0
5454000,0.13279296,0.03416196,3.08820321,0.46167545,4.87507165,0.02875123,0
5455000,0.04204030,0.01620553,0.51039627,-0.01640387,0.13025218,0.00003728,0
5456000,0.18663944,0.01491170,4.62872834,-0.05034865,10.71256304,0.08712563,0
5457000,0.18033579,0.09545711,4.45414112,2.10392464,12.13293600,0.10470812,0
5458000,0.15022190,0.11429466,3.60014184,2.61092741,9.88898159,0.07891488,0
5459000,0.04897926,0.00941049,0.71390038,-0.19609105,0.25482688,0.00001949,0
5460000,0.12405564,0.11398172,2.86081485,2.60910681,7.49584996,0.05495935,0
5461000,0.08324781,0.10270751,1.69715132,2.30965142,4.10740613,0.02108133,0
5462000,0.03961074,0.04983542,0.45039702,0.89168960,0.49898391,0.00000221,0
5463000,0.12160616,0.03919653,2.80118596,0.60702267,4.10755965,0.02107715,0
5464000,0.02914187,0.01130195,0.15267184,-0.14298878,0.01165435,0.00192013,0
5465000,0.05464296,0.00708203,0.88579490,-0.25623986,0.39231630,0.00000027,0
5466000,0.07453484,0.03847998,1.45904488,0.59140557,1.23928625,0.00000092,0
5467000,0.06278463,0.07819000,1.12325941,1.66516758,2.01724739,0.00018316,0
5468000,0.08115052,0.00694940,1.65379304,-0.25881996,1.36751570,0.00000029,0
5469000,0.04785482,0.09845653,0.69683872,2.21825065,2.70311008,0.00703110,0
5470000,0.09555433,0.00406382,2.07381920,-0.33629734,2.15036304,0.00151360,0
5471000,0.04377284,0.01028765,0.58194026,-0.16723600,0.16932723,0.00029706,0
5472000,0.07033493,0.01332107,1.35063588,-0.08442026,0.91210864,0.00000770,0
5473000,0.11842197,0.00506213,2.74314190,-0.30831165,3.76241373,0.01762453,0
5474000,0.12685727,0.10036173,2.99053745,2.28419790,7.08043714,0.05081194,0
5475000,0.08925433,0.12382405,1.90479812,2.92582633,6.09435781,0.04097054,0
5476000,0.05520806,0.01107726,0.92025232,-0.14353097,0.42343217,0.00096000,0
5477000,0.09502345,0.10957494,2.07731705,2.54407209,5.39377447,0.03393848,0
5478000,0.05949335,0.01665561,1.04809309,0.00975521,0.54929715,0.00000286,0
5479000,0.06792482,0.03982750,1.29489918,0.64369603,1.04555424,0.00012301,0
5480000,0.07539516,0.00453719,1.51424586,-0.32059837,1.14647027,0.00000134,0
5481000,0.03404433,0.01649743,0.31223745,0.00725227,0.04877241,0.00000393,0
5482000,0.04169202,0.04826218,0.53630103,0.87869439,0.52986131,0.00000000,0
5483000,0.05897204,0.00332999,1.04169644,-0.35287069,0.54256574,0.00003777,0
5484000,0.07132449,0.04400139,1.40408357,0.76453311,1.27798078,0.00001214,0
5485000,0.05611965,0.02661948,0.96190969,0.28798941,0.50410408,0.00000000,0
5486000,0.06723700,0.04994281,1.28877195,0.93074139,1.26360634,0.00000170,0
5487000,0.03017025,0.02531060,0.20569141,0.25369509,0.05333508,0.00000727,0
5488000,0.04837132,0.11576933,0.73996498,2.74877107,4.05164529,0.02051761,0
5489000,0.05182734,0.00495341,0.84278745,-0.30646406,0.35514535,0.00000121,0
5490000,0.03830607,0.02539962,0.44756612,0.25870091,0.13362080,0.00002011,0
5491000,0.05669102,0.06347167,0.98886423,1.31234659,1.35005302,0.00000021,0
5492000,0.10406028,0.13690121,2.38300932,3.34660890,8.43926227,0.06439545,0
5493000,0.06848285,0.10802242,1.33908386,2.55017510,4.14826931,0.02151361,0
5494000,0.07415622,0.01857085,1.50815602,0.07263979,1.13990557,0.00000439,0
5495000,0.08884614,0.09921422,1.94324222,2.31176096,4.56021452,0.02560215,0
5496000,0.06507931,0.02093541,1.24467687,0.13970214,0.78436860,0.00000987,0
5497000,0.10875273,0.20023417,2.53582806,5.12662777,16.35636811,0.14357268,0
5498000,0.10391016,0.12645406,2.39562297,3.07807329,7.60677229,0.05624063,0
5499000,0.04989486,0.11876729,0.80121511,2.86741492,4.43200700,0.02432931,0
5500000,0.06493841,0.01757884,1.24795587,0.04885314,0.77989024,0.00000207,0
5501000,0.08047741,0.04571239,1.71007720,0.83477595,1.81060746,0.00000199,0
5502000,0.09236013,0.04475687,2.06455604,0.80940964,2.45876780,0.00458928,0
5503000,0.04932972,0.03884931,0.79042649,0.64556613,0.52076484,0.00000854,0
5504000,0.05658021,0.03138921,1.00721849,0.43793539,0.60313825,0.00000790,0
5505000,0.04555399,0.00114409,0.68119462,-0.40844439,0.23201306,0.00000089,0
5506000,0.15450741,0.06943385,3.92318250,1.50683749,8.83096008,0.06832574,0
5507000,0.08916771,0.00272339,1.98208066,-0.36373018,1.96432187,0.00015798,0
5508000,0.06446489,0.03840604,1.24858040,0.63903437,0.98365897,0.00001510,0
5509000,0.08122401,0.01589789,1.75013395,0.00725050,1.53151070,0.00000112,0
5510000,0.12146841,0.06090496,2.95333355,1.27463475,5.17343641,0.03175106,0
5511000,0.07369240,0.05291264,1.52971766,1.05122609,1.72255620,0.00001521,0
5512000,0.06763278,0.01751078,1.35062709,0.05443689,0.91357845,0.00020587,0
5513000,0.11491842,0.08643767,2.76702770,2.00046384,5.82914893,0.03830445,0
5514000,0.07307968,0.00173210,1.51743703,-0.39026646,1.15130758,0.00005481,0
5515000,0.05323817,0.04120506,0.92490589,0.72594048,0.69122024,0.00001630,0
5516000,0.16392261,0.19065022,4.24560703,4.95646372,21.29585582,0.19296887,0
5517000,0.05123259,0.05058089,0.86777500,0.99388160,0.87041705,0.00003466,0
5518000,0.18749745,0.02929229,4.96220735,0.39180095,12.38850489,0.10388505,0
5519000,0.05343076,0.05679728,0.93676297,1.17316148,1.12691636,0.00004027,0
5520000,0.13282698,0.01093507,3.32699209,-0.12782281,5.53443817,0.03534550,0
5521000,0.05287147,0.02812741,0.92300876,0.36138421,0.49127186,0.00081998,0
5522000,0.08674765,0.05457819,1.94537094,1.11487079,2.51370248,0.00564874,0
5523000,0.07512511,0.11011443,1.59718221,2.69805848,4.91525527,0.02915582,0
5524000,0.14383362,0.01944305,3.67304032,0.11644154,6.75239191,0.04753502,0
5525000,0.04871955,0.00851366,0.80358830,-0.19471749,0.32287708,0.00001159,0
5526000,0.10476500,0.08955961,2.49939136,2.11997882,5.37063367,0.03370692,0
5527000,0.07236829,0.01611210,1.52187611,0.02316485,1.15832175,0.00017019,0
5528000,0.07882589,0.00282974,1.71939823,-0.35618784,1.47816513,0.01679067,0
5529000,0.16850320,0.01014167,4.43914218,-0.14659138,9.85299165,0.07854913,0
5530000,0.08499911,0.03370239,1.91088910,0.52900279,1.96567054,0.00011059,0
5531000,0.10860383,0.01531813,2.62956597,0.00270285,3.45731224,0.01464336,0
5532000,0.02265085,0.04520719,0.02135534,0.86124638,0.37110069,0.00483338,0
5533000,0.06994696,0.07220875,1.46003105,1.63837465,2.40798107,0.00408033,0
5534000,0.20133270,0.07676946,5.45944377,1.77151016,16.47188723,0.15088783,0
5535000,0.07607479,0.03773175,1.65038772,0.64994101,1.57310148,0.00011688,0
5536000,0.12868370,0.02837101,3.25568491,0.38137453,5.37246537,0.03424389,0
5537000,0.07395300,0.00648849,1.58973332,-0.24872616,1.26362601,0.00001316,0
5538000,0.06683119,0.00361399,1.37434993,-0.33136060,0.94441886,0.00015721,0
5539000,0.06272545,0.05906272,1.25067537,1.27043818,1.58910102,0.00000753,0
5540000,0.08846853,0.14106162,2.03937009,3.64262064,8.71385775,0.06713858,0
5541000,0.13022842,0.08777386,3.31936340,2.10442521,7.72338943,0.05724002,0
5542000,0.08482938,0.00737492,1.93254009,-0.22158617,1.86735560,0.00001293,0
5543000,0.09099651,0.01815564,2.12376533,0.09123686,2.25935168,0.00767784,0
5544000,0.14547037,0.03923496,3.79669210,0.70334336,7.45478140,0.05455151,0
5545000,0.05891282,0.00228220,1.14377030,-0.36847984,0.65410524,0.00007524,0
5546000,0.08215888,0.02288920,1.85938122,0.23057988,1.75523281,0.00012655,0
5547000,0.05731361,0.00436992,1.09783668,-0.30732739,0.60262269,0.00000001,0
5548000,0.05621293,0.01981022,1.06552263,0.14241353,0.57781004,0.00000466,0
5549000,0.09288007,0.03358540,2.19593522,0.54441061,2.55925719,0.00618664,0
5550000,0.14007929,0.00186013,3.65255361,-0.37972768,6.67057395,0.04672185,0
5551000,0.07930915,0.05509895,1.78217530,1.17423756,2.27749132,0.00281430,0
5552000,0.10130841,0.05338094,2.46308368,1.12552608,3.66679509,0.01668400,0
5553000,0.10652994,0.04394639,2.62692762,0.85119003,3.81263660,0.01812749,0
5554000,0.06094958,0.06929478,1.22094032,1.59408061,2.01589412,0.00017044,0
5555000,0.06808955,0.00178214,1.44344141,-0.38110180,1.04176156,0.00000522,0
5556000,0.09416614,0.04778850,2.25237434,0.96746094,3.00458542,0.01006075,0
5557000,0.04371893,0.03410435,0.69213819,0.56738419,0.40049004,0.00000222,0
5558000,0.07158108,0.04132149,1.55712392,0.78026632,1.51672522,0.00000000,0
5559000,0.04394063,0.01204050,0.70146145,-0.07889416,0.24602408,0.00000932,0
5560000,0.07178108,0.11529869,1.56709224,2.95807604,5.60299598,0.03603297,0
5561000,0.07933577,0.04172871,1.80370172,0.79572972,1.94326284,0.02767094,0
5562000,0.11128783,0.08322666,2.79928829,2.01925030,5.95669337,0.03956842,0
5563000,0.04408038,0.03045960,0.71080084,0.46587397,0.36113819,0.00000346,0
5564000,0.06560128,0.00316253,1.38220725,-0.33864166,0.95524844,0.00000281,0
5565000,0.05505639,0.03407064,1.05531660,0.57424584,0.72172571,0.00027438,0
5566000,0.14918129,0.00739486,3.99237695,-0.21315044,7.96953687,0.06010159,0
5567000,0.11449084,0.01382176,2.91327980,-0.02275471,4.24359959,0.02244114,0
5568000,0.11406212,0.12386591,2.90272013,3.23534404,9.44661762,0.07448475,0
5569000,0.05518429,0.04584859,1.06516769,0.92694623,0.99690576,0.00040858,0
5570000,0.07417479,0.00566279,1.66068396,-0.26335492,1.37893560,0.00000403,0
5571000,0.05098883,0.03139887,0.93675793,0.50067088,0.56409338,0.00003225,0
5572000,0.06013276,0.04551896,1.22449610,0.92094619,1.17376629,0.00152596,0
5573000,0.07266695,0.04088203,1.61901083,0.78433899,1.61819186,0.00002887,0
5574000,0.06734911,0.10408229,1.45397141,2.66558570,4.60968998,0.02612595,0
5575000,0.05795391,0.16114734,1.16071723,4.36722857,10.20997492,0.08238276,0
5576000,0.03932212,0.06708111,0.57679316,1.56824771,1.39604562,0.00002703,0
5577000,0.05412103,0.05622363,1.04323762,1.24621982,1.32070428,0.00000985,0
5578000,0.05184790,0.01832280,0.97317482,0.11655257,0.48032687,0.00000058,0
5579000,0.11385541,0.03487774,2.92722584,0.61164549,4.47138066,0.02471443,0
5580000,0.04334208,0.00411763,0.70785224,-0.30690877,0.25052739,0.00551394,0
5581000,0.05576325,0.02889341,1.10078266,0.43457527,0.70028906,0.00000171,0
5582000,0.04265749,0.05307759,0.68865769,1.15955777,0.90941182,0.00000528,0
5583000,0.11290959,0.03026838,2.90862777,0.47744146,4.34403294,0.02344201,0
5584000,0.05423465,0.02258062,1.05685391,0.24774820,0.58915968,0.00001468,0
5585000,0.04107256,0.02951880,0.64193264,0.45665935,0.31030764,0.02808317,0
5586000,0.06703334,0.02586157,1.46477065,0.34767026,1.13321383,0.00011072,0
5587000,0.08036020,0.04662988,1.88865984,0.97278124,2.25666966,0.00256819,0
5588000,0.06840549,0.06389093,1.51172728,1.49332014,2.25766220,0.00947993,0
5589000,0.05073257,0.00523076,0.95294816,-0.27125792,0.45405510,0.00000041,0
5590000,0.10528620,0.05839976,2.68600870,1.33121373,4.49338637,0.02503637,0
5591000,0.07602783,0.01699422,1.75915419,0.08401569,1.55084105,0.00290183,0
5592000,0.10323135,0.00424258,2.62583230,-0.30033332,3.44749763,0.01448547,0
5593000,0.04758128,0.04712629,0.85803881,0.99523396,0.86336062,0.00000063,0
5594000,0.05340551,0.00937671,1.04476486,-0.14464042,0.54576681,0.00000000,0
5595000,0.05200632,0.02499221,1.00158266,0.32813773,0.55542110,0.00001577,0
5596000,0.04047945,0.02904426,0.63547976,0.45157245,0.30387610,0.00000080,0
5597000,0.04936152,0.02153353,0.91994077,0.22480656,0.44841451,0.00041323,0
5598000,0.07826997,0.03505402,1.84418034,0.63547110,1.90241232,0.00000276,0
5599000,0.14344902,0.03228548,3.92850424,0.55243678,7.86916600,0.05869315,0
5600000,0.03934607,0.01703752,0.60358774,0.09021444,0.18622840,0.00002250,0
5601000,0.04370175,0.04186711,0.74405587,0.84548994,0.63423619,0.00000189,0
5602000,0.05990836,0.08732422,1.26412344,2.22940801,3.28413407,0.01618983,0
5603000,0.05946476,0.02367606,1.25134485,0.29391291,0.82612436,0.00004882,0
5604000,0.07450747,0.05457239,1.73515994,1.23594754,2.26917316,0.00269261,0
5605000,0.06160698,0.01232371,1.32308753,-0.05084681,0.87528030,0.00086524,0
5606000,0.14052084,0.00845208,3.85831771,-0.16854087,7.44330777,0.05455249,0
5607000,0.10330667,0.00470765,2.66600061,-0.28258317,3.55377964,0.01555984,0
5608000,0.04210954,0.04605108,0.70093541,0.98119022,0.72702235,0.00000968,0
5609000,0.06043052,0.08397261,1.29157994,2.14225840,3.12872490,0.01128725,0
5610000,0.12995408,0.21624234,3.53152078,6.19296665,25.41223746,0.23412444,0
5611000,0.08012206,0.08607238,1.92910135,2.21074737,4.30441797,0.02306773,0
5612000,0.04867286,0.02297256,0.91712848,0.27854991,0.45935735,0.00000167,0
5613000,0.06506211,0.14977412,1.44717780,4.16940696,9.73913899,0.07739139,0
5614000,0.06192862,0.01132951,1.34762313,-0.07757704,0.90804405,0.00001648,0
5615000,0.07944039,0.01257606,1.91494701,-0.03886049,1.83351102,0.00000151,0
5616000,0.05560899,0.00368061,1.14644154,-0.31197383,0.65716411,0.00000000,0
5617000,0.14514789,0.09519501,4.04465975,2.50442306,11.31570366,0.09317361,0
5618000,0.10000368,0.03976503,2.58651288,0.79969560,3.66478097,0.01665668,0
5619000,0.03626953,0.03708170,0.52405093,0.71805159,0.39511373,0.00001258,0
5620000,0.06018634,0.01486143,1.30036812,0.03370512,0.84604664,0.00002464,0
5621000,0.04134531,0.03024923,0.69067967,0.50915765,0.36813996,0.00000000,0
5622000,0.04132969,0.04408394,0.69128561,0.93735234,0.67825260,0.00000354,0
5623000,0.02883373,0.01965131,0.28643827,0.18323047,0.05781014,0.00003689,0
5624000,0.13129230,0.09513783,3.61806803,2.51906313,9.71804765,0.07718066,0
5625000,0.07801997,0.04537188,1.88818260,0.98067340,2.26347693,0.00266810,0
5626000,0.07456190,0.02034125,1.77752197,0.20634855,1.60108204,0.00000206,0
5627000,0.09907559,0.08996074,2.57783032,2.36550543,6.12041253,0.04121261,0
5628000,0.09634019,0.03107857,2.49103536,0.54070240,3.24880812,0.01249061,0
5629000,0.08719768,0.00095935,2.19512621,-0.39369547,2.40928954,0.00409385,0
5630000,0.06406125,0.05710405,1.44202324,1.35113529,1.95249880,0.00001445,0
5631000,0.10334810,0.04523266,2.72679686,0.98341267,4.20126080,0.02202133,0
5632000,0.05691231,0.02014866,1.21142429,0.20385711,0.75455326,0.00100087,0
5633000,0.08743269,0.07826124,2.21104491,2.01429316,4.47304826,0.02476113,0
5634000,0.17127259,0.09866323,4.95711090,2.65204752,15.80315224,0.13804219,0
5635000,0.05200261,0.00876602,1.05480122,-0.14945601,0.55630281,0.00001947,0
5636000,0.07827307,0.06354883,1.91709162,1.56083187,3.05571820,0.01055718,0
5637000,0.11948802,0.05653280,3.27060106,1.34320879,6.25052057,0.04251646,0
5638000,0.07353295,0.01184590,1.76529395,-0.05220361,1.55813136,0.00327517,0
5639000,0.05322606,0.05067549,1.10022619,1.16286021,1.28137077,0.00000014,0
5640000,0.07127278,0.05184280,1.69459161,1.20068213,2.15663914,0.00157190,0
5641000,0.05573375,0.02097725,1.18531351,0.23500436,0.73009758,0.00095452,0
5642000,0.04779519,0.00097639,0.92550239,-0.39143757,0.42827733,0.00000004,0
5643000,0.07656377,0.05170648,1.87397104,1.20030884,2.47625439,0.00477072,0
5644000,0.02947292,0.00157218,0.32413263,-0.37245027,0.05253098,0.00001641,0
5645000,0.03332714,0.00881421,0.45205364,-0.14472986,0.10217625,0.00000000,0
5646000,0.10527538,0.00447898,2.82671062,-0.28070185,3.99514646,0.01995172,0
5647000,0.06656025,0.04012432,1.55094210,0.84107440,1.55641377,0.00011363,0
5648000,0.06596169,0.01031513,1.53280175,-0.09650495,1.17474061,0.00100997,0
5649000,0.11770730,0.01613298,3.24503023,0.08716145,5.26890917,0.03269180,0
5650000,0.10689432,0.00208889,2.89001567,-0.35519763,4.17609528,0.02177520,0
5651000,0.05249686,0.01261558,1.09180115,-0.02284148,0.59601487,0.00408012,0
5652000,0.03899799,0.02329092,0.64599200,0.31467761,0.25816383,0.00000639,0
5653000,0.14233720,0.13029316,4.07221326,3.69676369,15.12449130,0.13124491,0
5654000,0.05237695,0.04530659,1.09174826,1.01221714,1.10824890,0.00001085,0
5655000,0.11932095,0.05105766,3.31483745,1.19534089,6.20849357,0.04229927,0
5656000,0.05696358,0.07046808,1.24660804,1.81132784,2.41747007,0.00427269,0
5657000,0.08573024,0.04922739,2.20397523,1.13990037,3.07843984,0.01231593,0
5658000,0.09435403,0.05611540,2.49274249,1.35958367,4.03111645,0.02031493,0
5659000,0.06911717,0.01117297,1.65514982,-0.06538674,1.36976047,0.00001717,0
5660000,0.06777150,0.00020149,1.61201875,-0.41344215,1.29930223,0.00001388,0
5661000,0.08867858,0.08296194,2.31023142,2.21697932,5.12608326,0.03126746,0
5662000,0.07178024,0.08617242,1.74890655,2.32102788,4.22292228,0.02332469,0
5663000,0.04832266,0.00034401,0.96800210,-0.40857618,0.46851404,0.00458294,0
5664000,0.05551843,0.00058607,1.20937380,-0.40074414,0.73129249,0.00000703,0
5665000,0.03764450,0.00410671,0.61363114,-0.28839403,0.18827159,0.00014288,0
5666000,0.13933887,0.06480922,4.01388147,1.64790413,9.41341625,0.08203562,0
5667000,0.05046820,0.03355762,1.04439145,0.65199455,0.75792520,0.00017125,0
5668000,0.09955633,0.04781429,2.68859283,1.10821766,4.22833890,0.02228534,0
5669000,0.05367114,0.00525773,1.15404446,-0.25079237,0.66590930,0.00000829,0
5670000,0.06140431,0.05787914,1.41450949,1.43252158,2.02647758,0.00283110,0
5671000,0.06019510,0.03669987,1.37541470,0.75603013,1.23167357,0.00001632,0
5672000,0.05703246,0.00343938,1.27065466,-0.30835806,0.80728164,0.00223958,0
5673000,0.05304720,0.01795967,1.13812979,0.15720236,0.66002600,0.00069200,0
5674000,0.15254815,0.02736042,4.48267649,0.45925634,10.15265243,0.08152655,0
5675000,0.15724470,0.05238460,4.64395513,1.26315764,11.58094324,0.09600110,0
5676000,0.05063635,0.03808821,1.06084889,0.80525892,0.88692115,0.00002168,0
5677000,0.07207476,0.01744961,1.78380576,0.14289601,1.60119114,0.00000688,0
5678000,0.08210284,0.02077762,2.12329433,0.25045406,2.28555302,0.00324299,0
5679000,0.03902758,0.00283054,0.67330599,-0.32660018,0.22667048,0.00012053,0
5680000,0.03298279,0.00281456,0.47042682,-0.32694643,0.11065070,0.00000001,0
5681000,0.05523839,0.01225773,1.22235790,-0.02241065,0.74707942,0.00000809,0
5682000,0.09199542,0.00095695,2.46493620,-0.38650513,3.03795522,0.01037955,0
5683000,0.04370941,0.01221461,0.83537437,-0.02302980,0.34892517,0.01255440,0
5684000,0.05414622,0.02468783,1.18936104,0.38019004,0.77956207,0.00000089,0
5685000,0.09264356,0.07272879,2.49317633,1.93346751,4.97711241,0.02977284,0
5686000,0.06576283,0.22696206,1.58516393,6.92323423,25.22195844,0.23291499,0
5687000,0.11072937,0.00981574,3.11003650,-0.09922600,4.83616352,0.02956428,0
5688000,0.03121116,0.01226791,0.41696035,-0.01949193,0.08692797,0.00001175,0
5689000,0.07212867,0.02800704,1.80566493,0.49095849,1.75073304,0.00000031,0
5690000,0.02652289,0.00903717,0.25946337,-0.12350205,0.03366062,0.00002558,0
5691000,0.06157836,0.02562000,1.45071351,0.41497101,1.13838531,0.00017633,0
5692000,0.05767888,0.00197149,1.31963159,-0.35229541,0.87071376,0.00227051,0
5693000,0.03360559,0.00939658,0.50240235,-0.11088404,0.12620406,0.00012199,0
5694000,0.06688589,0.02280255,1.63559860,0.32537996,1.39052746,0.00000067,0
5695000,0.11940118,0.04145918,3.42503119,0.93303978,6.30070095,0.04358531,0
5696000,0.10929505,0.02358443,3.08337188,0.35201323,4.81554774,0.02815988,0
5697000,0.29375973,0.10658447,9.37383273,3.05705418,48.60716011,0.46607556,0
5698000,0.13079642,0.09343673,3.82154727,2.63079151,10.76264378,0.08765652,0
5699000,0.07796431,0.00154981,2.02121872,-0.36507426,2.04266256,0.00047225,0
5700000,0.07125248,0.03207589,1.79376802,0.63172236,1.80833842,0.00021096,0
5701000,0.06306915,0.05311244,1.51575894,1.31981201,2.01971444,0.00019992,0
5702000,0.08082947,0.04417754,2.12445871,1.02897991,2.78606224,0.00786543,0
5703000,0.05379647,0.02765514,1.20130609,0.48950844,0.84137742,0.00001042,0
5704000,0.05293960,0.03212043,1.17325436,0.63641023,0.89077189,0.00000435,0
5705000,0.03764478,0.02457560,0.65054208,0.39007176,0.28768049,0.00000460,0
5706000,0.06912728,0.02678349,1.73061947,0.46309259,1.60474925,0.00000012,0
5707000,0.06440484,0.03324093,1.57023021,0.67560928,1.46103542,0.00082942,0
5708000,0.03754272,0.00787658,0.64977447,-0.15610580,0.21110343,0.00000871,0
5709000,0.06532976,0.05582283,1.60486360,1.41897911,2.29454445,0.00296003,0
5710000,0.08438893,0.06813663,2.26116403,1.82492123,4.22160012,0.03180401,0
5711000,0.09223209,0.04151787,2.53270533,0.95097513,3.65947499,0.01665511,0
5712000,0.07666043,0.00112784,1.99897924,-0.37730949,1.99795901,0.00002340,0
5713000,0.08416417,0.04356916,2.25898358,1.02051731,3.07223119,0.01073149,0
5714000,0.06211624,0.03869690,1.50137284,0.86098752,1.49770995,0.00306198,0
5715000,0.11992133,0.09299012,3.49513007,2.65228455,9.62527378,0.07626957,0
5716000,0.04611363,0.00380052,0.95226420,-0.28859229,0.45340355,0.00001230,0
5717000,0.09576433,0.01412821,2.66670295,0.05262222,3.55703687,0.02148488,0
5718000,0.05031613,0.01184064,1.09955626,-0.02253015,0.60451199,0.00000643,0
5719000,0.09156121,0.00554048,2.52573313,-0.23045933,3.18966393,0.01189664,0
5720000,0.04641544,0.03119921,0.96706768,0.61862958,0.65896122,0.00000574,0
5721000,0.13998143,0.11652059,4.20468904,3.44395143,14.77010567,0.12783036,0
5722000,0.09576763,0.11110350,2.67732286,3.26702470,8.92075404,0.06927514,0
5723000,0.07533423,0.02139771,1.97180423,0.29599630,1.98781286,0.00316907,0
5724000,0.11620646,0.00185310,3.38975866,-0.35172176,5.74523187,0.03746775,0
5725000,0.03886909,0.01297071,0.71078359,0.01743424,0.25275863,0.00000369,0
5726000,0.06066784,0.01056861,1.46800048,-0.06194574,1.07751271,0.00000000,0
5727000,0.04732389,0.01667924,1.00618998,0.14148259,0.51621780,0.00000000,0
5728000,0.03475647,0.05864810,0.57075342,1.53763024,1.34503312,0.00000000,0
5729000,0.04512808,0.00795156,0.93202694,-0.14805732,0.43433711,0.00000228,0
5730000,0.04197764,0.01015866,0.82352329,-0.07428711,0.33909530,0.00001385,0
5731000,0.07246951,0.02375964,1.88545769,0.37920364,1.84937304,0.00479341,0
5732000,0.04563722,0.00410990,0.95288536,-0.27532070,0.45399526,0.00000021,0
5733000,0.02089233,0.00788659,0.09189691,-0.14913541,0.00422252,0.00000667,0
5734000,0.03249696,0.00307252,0.49695061,-0.30958356,0.12347995,0.00000132,0
5735000,0.08715667,0.01461806,2.40418391,0.07626954,2.89295865,0.00893862,0
5736000,0.06254760,0.00198780,1.54722530,-0.34551138,1.19695306,0.00000622,0
5737000,0.08864103,0.00919106,2.45979553,-0.10443023,3.02529704,0.01025648,0
5738000,0.04843035,0.01511965,1.05672603,0.09429735,0.56278095,0.00000133,0
5739000,0.04778376,0.08487406,1.03520502,2.43085839,3.49036096,0.01491282,0
5740000,0.03392604,0.01998984,0.55154528,0.25834370,0.18547183,0.00055644,0
5741000,0.05463716,0.03258745,1.27732465,0.68132509,1.04788107,0.00000002,0
5742000,0.05256400,0.01826887,1.20594007,0.20165407,0.74747791,0.00000188,0
5743000,0.04060215,0.04279147,0.78794736,1.02549134,0.83624677,0.00020152,0
5744000,0.05345540,0.03008231,1.23955243,0.59952539,0.94796046,0.00000218,0
5745000,0.06249503,0.00885382,1.55788207,-0.11338574,1.21349827,0.00001458,0
5746000,0.05979512,0.01174430,1.46451284,-0.01585456,1.07239893,0.00001474,0
5747000,0.02169319,0.02053586,0.12745504,0.28035545,0.04742198,0.00001032,0
5748000,0.05899053,0.02469525,1.43879678,0.42099608,1.12368693,0.00008144,0
5749000,0.04624810,0.01087422,0.99204799,-0.04416647,0.49207961,0.00011737,0
5750000,0.03454600,0.00856765,0.58137583,-0.12161228,0.16899893,0.00000005,0
5751000,0.04890888,0.11505952,1.08783172,3.47216807,6.61966447,0.04619870,0
5752000,0.05675294,0.10666809,1.36522209,3.19131279,6.02415435,0.04024854,0
5753000,0.05527406,0.02283702,1.31436742,0.36126234,0.92903610,0.00000593,0
5754000,0.05603712,0.02026719,1.34251366,0.27496966,0.93897562,0.00000294,0
5755000,0.07372329,0.00174709,1.96781330,-0.35102516,1.93614460,0.00000356,0
5756000,0.06060808,0.00307789,1.50636867,-0.30584389,1.13457329,0.00000000,0
5757000,0.03852708,0.04781657,0.72767526,1.20966156,0.99639618,0.00000133,0
5758000,0.05682709,0.05813086,1.37542053,1.56034782,2.16323347,0.00163360,0
5759000,0.07648265,0.06434710,2.07178279,1.77243913,3.71691219,0.02157178,0
5760000,0.09359854,0.01072212,2.67910103,-0.04581704,3.58879116,0.01591307,0
5761000,0.07621593,0.00094654,2.06563451,-0.37745048,2.13342296,0.00359248,0
5762000,0.05700977,0.01611403,1.38685510,0.13799353,0.97120464,0.01841150,0
5763000,0.03363993,0.02699674,0.55975359,0.50842051,0.28590775,0.00000297,0
5764000,0.03453685,0.00820246,0.59237307,-0.13024218,0.17545293,0.00001595,0
5765000,0.09735861,0.04481587,2.82253769,1.11629689,4.60641888,0.02606505,0
5766000,0.18618064,0.23770608,5.97833484,7.68700822,47.41529140,0.45415513,0
5767000,0.07163399,0.02688118,1.91270269,0.50713379,1.95780812,0.01255149,0
5768000,0.02733290,0.01772023,0.33951415,0.19540046,0.07672560,0.00000972,0
5769000,0.06407778,0.03157397,1.64707239,0.66857910,1.57992274,0.00000056,0
5770000,0.03037950,0.02697119,0.44925404,0.51215583,0.23206640,0.00017778,0
5771000,0.06682882,0.02892153,1.74781206,0.57946709,1.69531455,0.00001199,0
5772000,0.06314972,0.01550388,1.61818230,0.12150985,1.31663930,0.00003351,0
5773000,0.06391512,0.00745908,1.64679773,-0.15322198,1.35597139,0.00313228,0
5774000,0.05473049,0.00298219,1.32060542,-0.30618053,0.87199934,0.00001350,0
5775000,0.03710441,0.00450107,0.69284175,-0.25398985,0.24001485,0.00112748,0
5776000,0.02951906,0.01385138,0.42286456,0.06662882,0.09162692,0.00000005,0
5777000,0.03124315,0.00878665,0.48515234,-0.10664134,0.11768639,0.00000000,0
5778000,0.08105177,0.03615113,2.26630618,0.83248559,2.91458798,0.00914588,0
5779000,0.07458057,0.07564116,2.03659723,2.18899185,4.46970678,0.02469746,0
5780000,0.06706051,0.08075681,1.76906452,2.36635546,4.36461373,0.02365988,0
5781000,0.05522065,0.05464624,1.34655211,1.47068281,1.98805526,0.00000290,0
5782000,0.07976998,0.01827626,2.22724863,0.22109111,2.50475888,0.00504759,0
5783000,0.06244096,0.01561756,1.60778120,0.13009183,1.30094214,0.00000662,0
5784000,0.07544031,0.02752619,2.07536602,0.54056400,2.29967677,0.00299684,0
5785000,0.03279437,0.00232006,0.54661877,-0.32720400,0.14939604,0.00000157,0
5786000,0.07943252,0.00405826,2.22191086,-0.26710964,2.46844393,0.00470286,0
5787000,0.07277212,0.00261806,1.98431208,-0.31659449,1.96874721,0.00068334,0
5788000,0.07845093,0.00998126,2.18992154,-0.06229108,2.39787818,0.00400206,0
5789000,0.03666560,0.01373629,0.68882051,0.06767324,0.23952668,0.00000172,0
5790000,0.04738528,0.00846139,1.07537667,-0.11422568,0.57821749,0.00341624,0
5791000,0.06271795,0.14103365,1.62845985,4.46993793,11.31611330,0.09316128,0
5792000,0.08315012,0.09874374,2.36582740,3.00979706,7.32800882,0.05328490,0
5793000,0.06169885,0.01428998,1.59440114,0.08834461,1.27495988,0.00003931,0
5794000,0.05197694,0.03120808,1.24510642,0.67474959,1.00278850,0.00010897,0
5795000,0.04190616,0.00653904,0.88287633,-0.17949218,0.38973530,0.00268102,0
5796000,0.04278581,0.01848345,0.91556702,0.23496493,0.44673574,0.00344694,0
5797000,0.07189470,0.04658685,1.96791923,1.21058524,2.66911136,0.00669766,0
5798000,0.13709638,0.02267830,4.32578028,0.38153325,9.42897133,0.07431404,0
5799000,0.10185309,0.03249944,3.05417139,0.72327487,4.92554471,0.03070779,0
5800000,0.07351352,0.04376448,2.03097439,1.11560939,2.68472064,0.00685139,0
5801000,0.08882196,0.00924088,2.58663850,-0.08417003,3.34534936,0.01346139,0
5802000,0.05174973,0.01957810,1.24577625,0.27587864,0.81403375,0.00002220,0
5803000,0.03698969,0.04083299,0.71199888,1.01648753,0.77009466,0.00075807,0
5804000,0.12149516,0.01289966,3.77675218,0.04417576,7.13290427,0.05133027,0
5805000,0.03937886,0.02235505,0.80027623,0.37413987,0.39021134,0.00003856,0
5806000,0.06101377,0.04012959,1.58643319,0.99472488,1.75312393,0.00000000,0
5807000,0.04712632,0.00937715,1.08339740,-0.07771931,0.58687496,0.00000324,0
5808000,0.04134367,0.02931782,0.87432514,0.61896388,0.57378037,0.00002175,0
5809000,0.05014672,0.01787458,1.19529632,0.21980422,0.73852359,0.00000068,0
5810000,0.04697374,0.02558627,1.08092842,0.48989823,0.70420327,0.00002483,0
5811000,0.09757492,0.08523352,2.92340623,2.57720094,7.59413435,0.05594654,0
5812000,0.13150233,0.07985746,4.16068012,2.39076786,11.51351502,0.11927928,0
5813000,0.06631567,0.01578296,1.78859881,0.14831397,1.61054137,0.00001337,0
5814000,0.04802041,0.02157199,1.12314676,0.35162035,0.69254776,0.00046072,0
5815000,0.08779614,0.01219625,2.57476400,0.02341222,3.31497889,0.04851274,0
5816000,0.16054408,0.07494973,5.23090123,2.22543228,16.15743824,0.14373577,0
5817000,0.05914607,0.00993199,1.53239235,-0.05543303,1.17411316,0.03913278,0
5818000,0.07226653,0.00890519,2.01288638,-0.09119102,2.02585579,0.01264614,0
5819000,0.09884905,0.08203991,2.98585345,2.47943502,7.53145942,0.05531591,0
5820000,0.08882999,0.01591532,2.62145381,0.15587139,3.44815797,0.01448899,0
5821000,0.07753067,0.02937620,2.20991062,0.62992390,2.64025454,0.00640378,0
5822000,0.10312542,0.00235386,3.14836773,-0.32071669,4.95610969,0.03541199,0
5823000,0.05262863,0.03042618,1.30111268,0.66830054,1.06975991,0.00001250,0
5824000,0.03144114,0.00294686,0.52588557,-0.29950548,0.13827782,0.00000847,0
5825000,0.08619575,0.02928601,2.53397001,0.62953188,3.40865721,0.01994779,0
5826000,0.13181020,0.00572353,4.20886494,-0.20120208,8.85727204,0.06860481,0
5827000,0.04341878,0.00789390,0.96758279,-0.12435338,0.46810823,0.00008700,0
5828000,0.03280979,0.00509869,0.57899579,-0.22284697,0.16761806,0.00000137,0
5829000,0.04175654,0.02831384,0.90843578,0.59792360,0.59138410,0.01671536,0
5830000,0.06296556,0.02852102,1.68887172,0.60589640,1.60969907,0.00000847,0
5831000,0.04148452,0.01193284,0.90015208,0.01957641,0.40532851,0.00000089,0
5832000,0.05022730,0.06787030,1.22275219,2.00042864,2.74841884,0.00860464,0
5833000,0.08161853,0.07007029,2.37942480,2.07978180,4.99357734,0.02996609,0
5834000,0.05843313,0.00831146,1.52705494,-0.10782270,1.16594840,0.00002231,0
5835000,0.04407573,0.01770168,0.99914743,0.22546128,0.52456418,0.00004500,0
5836000,0.02915879,0.00481481,0.45006539,-0.23137627,0.10127943,0.00002094,0
5837000,0.04903935,0.00294893,1.18414444,-0.29742950,0.70109903,0.00000427,0
5838000,0.12914923,0.02991151,4.14205554,0.66057691,8.79649295,0.06796739,0
5839000,0.10356976,0.03233427,3.19997555,0.74738716,5.39921554,0.03400653,0
5840000,0.14840664,0.17211436,4.85869329,5.71942245,28.15934682,0.26234171,0
5841000,0.10730682,0.04012131,3.34224459,1.02595737,6.11159370,0.04113811,0
5842000,0.03672816,0.00932709,0.73396367,-0.06957051,0.26935134,0.00000199,0
5843000,0.07498439,0.08699011,2.15044069,2.69743233,5.95026818,0.03950426,0
5844000,0.04087453,0.05607200,0.88904309,1.59717134,1.67067696,0.00134523,0
5845000,0.10877109,0.02446226,3.40504745,0.47101818,5.90810312,0.03921272,0
5846000,0.07550501,0.01133325,2.17426880,0.00309409,2.36372720,0.00363896,0
5847000,0.06687632,0.04704897,1.85582546,1.27858825,2.53943803,0.00550510,0
5848000,0.03569880,0.02104514,0.70049205,0.35066218,0.30682654,0.00000030,0
5849000,0.06508815,0.04075109,1.79222676,1.05554248,2.16312334,0.00163283,0
5850000,0.06646429,0.02975562,1.84467116,0.66321854,1.92133526,0.00000838,0
5851000,0.07298303,0.03936209,2.08826318,1.00764951,2.68810033,0.00688115,0
5852000,0.04822689,0.00836034,1.16936567,-0.10142008,0.68370804,0.00003766,0
5853000,0.19640811,0.10249501,6.68200026,3.27097667,27.67420791,0.25674208,0
5854000,0.17027739,0.06197138,5.71336205,1.82061182,17.97856668,0.15980037,0
5855000,0.11566877,0.02489722,3.68340434,0.49236196,6.90494391,0.04908797,0
5856000,0.07965232,0.01935256,2.34398585,0.29398560,2.79034859,0.00793018,0
5857000,0.10153580,0.00595375,3.16120458,-0.18657032,4.99660720,0.03001055,0
5858000,0.05473686,0.02081937,1.41809496,0.34762210,1.06591722,0.00005036,0
5859000,0.02535926,0.00301645,0.32316737,-0.29171747,0.05221858,0.00000384,0
5860000,0.04501841,0.00159760,1.05757028,-0.34260226,0.55922745,0.00000142,0
5861000,0.04148910,0.02435794,0.92670802,0.47644917,0.54289578,0.00014783,0
5862000,0.07118145,0.01428136,2.03705497,0.11426415,2.08132461,0.00092142,0
5863000,0.04959729,0.06044405,1.23156492,1.77736303,2.33788575,0.00338176,0
5864000,0.09995133,0.00635144,3.11596965,-0.17082679,4.85463343,0.02855038,0
5865000,0.05003549,0.07417943,1.24988735,2.27515202,3.36926754,0.01369834,0
5866000,0.08185679,0.04769921,2.44232641,1.32127940,3.85536877,0.01857656,0
5867000,0.05133678,0.01785640,1.30064068,0.24504320,0.87585617,0.00002588,0
5868000,0.03947444,0.00287061,0.85709964,-0.29575771,0.36730990,0.00001190,0
5869000,0.04189105,0.02199509,0.94853356,0.39548850,0.52806353,0.00010328,0
5870000,0.05910992,0.00491496,1.59540051,-0.22155767,1.27265139,0.00708376,0
5871000,0.06138478,0.01352149,1.68197028,0.08995452,1.41855791,0.00000116,0
5872000,0.05681896,0.02651547,1.51172781,0.56064110,1.29981971,0.00004642,0
5873000,0.04198039,0.04883043,0.95533887,1.36938235,1.39394019,0.00001225,0
5874000,0.06025800,0.08221879,1.64327341,2.58019389,4.67887400,0.02680171,0
5875000,0.07859117,0.01033238,2.33401400,-0.02428496,2.72381067,0.00746318,0
5876000,0.03039162,0.02907116,0.52181197,0.65571582,0.35112548,0.00000188,0
5877000,0.03995652,0.01097087,0.88256293,-0.00054827,0.38945866,0.00000313,0
5878000,0.04314938,0.00919309,1.00361435,-0.06480818,0.50362088,0.00001183,0
5879000,0.14718582,0.01762122,4.92530426,0.24166425,12.15851183,0.10160060,0
5880000,0.04825035,0.03269519,1.19770796,0.79005217,1.02934340,0.00003281,0
5881000,0.04582043,0.00840176,1.10701072,-0.09280697,0.61273637,0.00000918,0
5882000,0.03967302,0.00389589,0.87592169,-0.25653098,0.38361940,0.00197474,0
5883000,0.03210080,0.01943330,0.59081834,0.30933157,0.22237617,0.00007832,0
5884000,0.05479935,0.01185709,1.44909175,0.03378854,1.05050429,0.00000000,0
5885000,0.02714955,0.01963710,0.40508112,0.31767950,0.13250549,0.00001066,0
5886000,0.06457902,0.01382296,1.82114497,0.10610530,1.66391366,0.00108078,0
5887000,0.04737839,0.02420097,1.17163750,0.48512798,0.80404180,0.00000005,0
5888000,0.04030049,0.01689593,0.90466509,0.21899801,0.43318953,0.00001777,0
5889000,0.08270039,0.12604630,2.51136205,4.20624568,11.99972104,0.09999721,0
5890000,0.13734467,0.06895088,4.58355049,2.12215196,12.75623200,0.10757718,0
5891000,0.11137782,0.18481612,3.60171221,6.36009320,26.71155820,0.24713123,0
5892000,0.05108071,0.04209211,1.31686301,1.14238933,1.51959079,0.00002677,0
5893000,0.04730600,0.03311228,1.17464154,0.81460309,1.02168047,0.00058015,0
5894000,0.06917284,0.02392522,2.00576644,0.47885577,2.12620092,0.00127114,0
5895000,0.06114843,0.00211193,1.70232033,-0.31989140,1.44894725,0.00000589,0
5896000,0.03813923,0.00903056,0.82908527,-0.06614273,0.34369119,0.00007389,0
5897000,0.03704271,0.01065002,0.78819984,-0.00647476,0.31062950,0.00000000,0
5898000,0.03426981,0.00415272,0.68347807,-0.24463053,0.23357114,0.00024309,0
5899000,0.05393182,0.00500420,1.43249891,-0.21321140,1.02602657,0.00012473,0
5900000,0.03703034,0.00518644,0.79001586,-0.20634304,0.31206253,0.00000049,0
5901000,0.06131507,0.00714510,1.71593629,-0.13415657,1.47221868,0.00000000,0
5902000,0.08423182,0.01222265,2.59055412,0.05280178,3.35687935,0.01362881,0
5903000,0.11428732,0.06037581,3.73829028,1.82493294,8.65259723,0.06652779,0
5904000,0.12737641,0.08377163,4.23981312,2.68745515,12.59921523,0.10601937,0
5905000,0.06922338,0.05698880,2.02255883,1.70258618,3.49477197,0.01496201,0
5906000,0.06243280,0.03313655,1.76458422,0.82473571,1.89697322,0.00003356,0
5907000,0.13815053,0.00773907,4.65862954,-0.11101782,10.85141459,0.08855209,0
5908000,0.10061339,0.01083089,3.22635569,0.00326750,5.20469087,0.03243456,0
5909000,0.03270379,0.01754705,0.63123315,0.25144549,0.23084006,0.00039342,0
5910000,0.06975015,0.05573387,2.04933662,1.66207090,3.48113013,0.01649093,0
5911000,0.11865649,0.00916254,3.92276977,-0.05753459,7.69406134,0.05696628,0
5912000,0.09836549,0.01346613,3.14789571,0.10179515,4.95980484,0.02960122,0
5913000,0.06831583,0.06416304,1.99838017,1.97723871,3.95149810,0.01951718,0
5914000,0.05057457,0.00980990,1.31957662,-0.03280911,0.87064123,0.00000704,0
5915000,0.07965555,0.00182108,2.43593871,-0.32832391,2.96689870,0.00967079,0
5916000,0.05811580,0.01047833,1.61095589,-0.00750945,1.29758944,0.00000043,0
5917000,0.10717518,0.00020528,3.49548956,-0.38798300,6.10922364,0.04109224,0
5918000,0.02970655,0.00863450,0.52209470,-0.07533111,0.13629144,0.00480555,0
5919000,0.02318851,0.01445053,0.27223005,0.14068534,0.04695078,0.00925571,0
5920000,0.06208723,0.03992690,1.76820541,1.08673694,2.15377377,0.00154417,0
5921000,0.04722888,0.02275368,1.19789612,0.44976779,0.81862310,0.00373008,0
5922000,0.08694451,0.01944762,2.72715599,0.32743598,3.77229705,0.01772313,0
5923000,0.11820861,0.15765212,3.93245417,5.46586124,22.66991745,0.20671358,0
5924000,0.15567598,0.14724123,5.37780590,5.08163561,27.37190838,0.25376050,0
5925000,0.05990643,0.00783576,1.69009728,-0.10337717,1.42821441,0.00008383,0
5926000,0.03893582,0.07886386,0.88275644,2.54144715,3.61910628,0.02656985,0
5927000,0.03598963,0.01614574,0.76989890,0.20663326,0.31772081,0.00000537,0
5928000,0.04399434,0.01382637,1.07953920,0.12057884,0.58997207,0.00000707,0
5929000,0.04179008,0.02635295,0.99533250,0.58804604,0.66824247,0.00000010,0
5930000,0.03866770,0.00603275,0.87556199,-0.16950781,0.38330440,0.00000112,0
5931000,0.03287062,0.01942223,0.65230675,0.33050183,0.26736778,0.00000863,0
5932000,0.06214034,0.05416828,1.78462416,1.62860076,2.91861192,0.01200197,0
5933000,0.05987761,0.04815947,1.69829783,1.40517256,2.42936273,0.00832557,0
5934000,0.05870505,0.00073281,1.65406556,-0.36684610,1.36796643,0.00051159,0
5935000,0.10260607,0.16885045,3.35489694,5.92132437,23.15870791,0.21171788,0
5936000,0.02398085,0.00642172,0.31131637,-0.15377671,0.04845894,0.00001651,0
5937000,0.02522863,0.02285376,0.36020670,0.46166226,0.17144045,0.00000000,0
5938000,0.03709800,0.04298872,0.82091406,1.21640532,1.07677090,0.00002210,0
5939000,0.03391494,0.01792632,0.69818106,0.27800494,0.28237177,0.00000121,0
5940000,0.08224929,0.03427796,2.57457282,0.89155741,3.71164990,0.01860835,0
5941000,0.06640952,0.02991402,1.96116067,0.72855570,2.18847228,0.00188749,0
5942000,0.11177343,0.06656170,3.72451662,2.10474939,9.15099701,0.07151784,0
5943000,0.06987949,0.02726793,2.09849452,0.63046081,2.40058005,0.00402290,0
5944000,0.03804882,0.00317764,0.86226503,-0.27408416,0.37175049,0.01251193,0
5945000,0.07819249,0.00166356,2.42450848,-0.33086517,2.93912069,0.00939796,0
5946000,0.08290333,0.02909461,2.60930541,0.70091135,3.64987573,0.01649946,0
5947000,0.09591837,0.12267977,3.11757962,4.22296901,13.77638495,0.11777944,0
5948000,0.04332880,0.00936214,1.07085967,-0.04076079,0.57337022,0.00002307,0
5949000,0.06545643,0.01455656,1.93402664,0.15515672,1.88226633,0.00000000,0
5950000,0.05954437,0.03334153,1.70476018,0.86340124,1.82583449,0.00361354,0
5951000,0.03404734,0.04513412,0.71136983,1.30869801,1.10936876,0.01101210,0
5952000,0.04843139,0.00159981,1.27337178,-0.33255940,0.81073784,0.00044338,0
5953000,0.02543614,0.00292387,0.37655064,-0.28247950,0.07089519,0.00034704,0
5954000,0.05193196,0.05493378,1.41198387,1.68148397,2.41054340,0.01625902,0
5955000,0.06695015,0.05441670,1.99984615,1.66304250,3.38254748,0.01383498,0
5956000,0.03361798,0.02495540,0.69798659,0.55060585,0.39517604,0.00004480,0
5957000,0.03204199,0.00161623,0.63702836,-0.33139972,0.20290257,0.00000561,0
5958000,0.05891210,0.00777262,1.68910634,-0.09836965,1.42654012,0.00000731,0
5959000,0.05314331,0.00837487,1.46433771,-0.07536738,1.07214247,0.00028146,0
5960000,0.05012536,0.00253146,1.34716896,-0.29639662,0.90743211,0.00000373,0
5961000,0.05777364,0.03604634,1.64782284,0.97354740,1.83155733,0.00002349,0
5962000,0.06403152,0.01328882,1.89426227,0.11162502,1.80034484,0.00000000,0
5963000,0.09127925,0.20683502,2.96408835,7.45231101,32.16137954,0.30161380,0
5964000,0.07162495,0.00438173,2.19458831,-0.22575759,2.40810893,0.01924903,0
5965000,0.05603742,0.06370319,1.58407767,2.02640596,3.30781160,0.01307932,0
5966000,0.09311701,0.06880477,3.04132223,2.22141684,7.09216683,0.05195419,0
5967000,0.03847674,0.01405934,0.89625660,0.14247921,0.41178811,0.00001169,0
5968000,0.14689837,0.01871209,5.15871811,0.31971177,13.35729409,0.11357451,0
5969000,0.07487117,0.06856605,2.32896401,2.21639263,5.16823483,0.03170379,0
5970000,0.05580352,0.01489714,1.58021513,0.17538426,1.26391974,0.00066649,0
5971000,0.03585357,0.00947305,0.79607138,-0.03075705,0.31686482,0.00131657,0
5972000,0.09743799,0.04398973,3.22180388,1.28428608,6.01470547,0.04014900,0
5973000,0.05225720,0.08888876,1.44367667,2.99624608,5.53084646,0.03536929,0
5974000,0.10087392,0.00669096,3.36077946,-0.13612372,5.64741929,0.03813684,0
5975000,0.15370326,0.11345237,5.44566317,3.93666382,22.57628469,0.20602698,0
5976000,0.12478655,0.05541425,4.30769627,1.72376009,10.76379803,0.08795035,0
5977000,0.03520370,0.01774077,0.77457430,0.28635274,0.34098162,0.00077289,0
5978000,0.04402065,0.00505503,1.12339773,-0.19786280,0.63101123,0.00013973,0
5979000,0.07003751,0.13755794,2.15192142,4.86659646,14.15726343,0.12158901,0
5980000,0.03456397,0.00894056,0.75137946,-0.04897043,0.28228555,0.00271572,0
5981000,0.09696186,0.06207796,3.21900949,1.98414496,7.14942666,0.05149524,0
5982000,0.03117188,0.02304282,0.61861584,0.49128898,0.31202521,0.00006683,0
5983000,0.04860535,0.01318903,1.30909559,0.11445982,0.86341615,0.00280880,0
5984000,0.03006061,0.00578128,0.57588293,-0.16901732,0.16582058,0.00005069,0
5985000,0.05779753,0.01084243,1.67497278,0.02513736,1.40308285,0.00086440,0
5986000,0.13709047,0.12407892,4.81786585,4.36782274,21.14485342,0.19150937,0
5987000,0.06147323,0.01766413,1.82279058,0.28740453,1.70258344,0.00002673,0
5988000,0.05914931,0.01624338,1.73174988,0.23327207,1.52668676,0.00552588,0
5989000,0.05415861,0.01410062,1.53485674,0.15134562,1.18934535,0.00000024,0
5990000,0.04218385,0.07095135,1.06056340,2.33596081,3.29075383,0.01295291,0
5991000,0.04000153,0.04206123,0.97467727,1.22677328,1.22748423,0.00001245,0
5992000,0.09306305,0.12906262,3.08347250,4.57348456,15.21228184,0.13212533,0
5993000,0.04563233,0.09203287,1.19994201,3.15114432,5.68478567,0.03689126,0
5994000,0.03936325,0.03230654,0.95154490,0.85377501,0.81718473,0.00031890,0
5995000,0.05734873,0.02802466,1.66777841,0.68953195,1.62846958,0.00000490,0
5996000,0.04591258,0.01068398,1.21371735,0.02195894,0.73679600,0.00174258,0
5997000,0.05857420,0.00463452,1.71870133,-0.21097462,1.47696713,0.00002119,0
5998000,0.04357833,0.00886497,1.12246824,-0.04766390,0.62996747,0.00000037,0
5999000,0.04471528,0.01424031,1.16861740,0.15997386,0.69562913,0.00012893,0
6000000,0.07562748,0.07451104,2.40186931,2.48697882,5.97701991,0.03977448,0
6001000,0.22368328,0.36242673,8.30850374,13.60823676,127.10767103,1.25112475,0
6002000,0.11796822,0.19170052,0.00000000,0.00000000,0.00000000,0.00000000,0
6003000,0.05743780,0.05237452,0.00000000,0.00000000,0.00000000,0.00000000,0
6004000,0.03011801,0.02961192,3.61661067,6.07958637,25.02062157,0.31644918,0
6005000,0.04036152,0.03778220,6.15706184,9.07701415,60.15079819,0.70522796,0
6006000,0.03615017,0.01197803,0.00000000,0.00000000,0.00000000,0.00000000,0
6007000,0.04992585,0.00942279,9.80073131,2.14237119,50.32204425,0.74136715,0
6008000,0.09138983,0.05370023,0.00000000,0.00000000,0.00000000,0.00000000,0
6009000,0.05997387,0.06997300,0.00000000,0.00000000,0.00000000,0.00000000,0
6010000,0.02517622,0.01608254,0.00000000,0.00000000,0.00000000,0.00000000,0
6011000,0.09375608,0.09761638,17.80955072,30.06300002,610.48203365,0.00000000,1
6012000,0.16767503,0.09034133,19.90448357,16.06760243,327.17815710,0.00000000,1
6013000,0.06491225,0.00866320,6.19879348,0.42663027,19.30352700,0.17303527,0
6014000,0.11969388,0.02154750,0.00000000,0.00000000,0.00000000,0.00000000,0
6015000,0.07941788,0.07627913,9.94096774,16.60850779,187.33268526,1.86082295,0
6016000,0.04249518,0.03464593,0.00000000,0.00000000,0.00000000,0.00000000,0
6017000,0.04454535,0.02063810,0.00000000,0.00000000,0.00000000,0.00000000,0
6018000,0.05807824,0.01228566,11.92637517,3.46751952,77.13105814,1.07864530,0
6019000,0.08959174,0.01149187,22.17864237,3.39508360,251.70938492,2.61749198,0
6020000,0.09312406,0.00476010,0.00000000,0.00000000,0.00000000,0.00000000,0
6021000,0.06927012,0.06866590,8.15355606,20.97896032,253.29862617,2.74846480,0
6022000,0.23008452,0.04456956,0.00000000,0.00000000,0.00000000,0.00000000,0
6023000,0.08615183,0.05677915,0.00000000,0.00000000,0.00000000,0.00000000,0
6024000,0.03933976,0.00514516,2.69826164,0.35081698,3.70184420,0.02927500,0
6025000,0.04511578,0.02539421,0.00000000,0.00000000,0.00000000,0.00000000,0
6026000,0.02080215,0.01254651,3.47287185,3.73208764,12.99465853,0.62506211,0
6027000,0.04987986,0.01029553,0.00000000,0.00000000,0.00000000,0.00000000,0
6028000,0.06018870,0.01193039,0.00000000,0.00000000,0.00000000,0.00000000,0
6029000,0.06043823,0.00984708,6.75457478,2.53568902,26.02699962,0.36153458,0
6030000,0.03650689,0.00845219,0.00000000,0.00000000,0.00000000,0.00000000,0
6031000,0.04930067,0.00001767,0.00000000,0.00000000,0.00000000,0.00000000,0
6032000,0.05148698,0.02017523,8.14727542,5.91088045,50.65830226,0.75859105,0
6033000,0.09330817,0.11883243,0.00000000,0.00000000,0.00000000,0.00000000,0
6034000,0.07288477,0.05125969,0.00000000,0.00000000,0.00000000,0.00000000,0
6035000,0.03769572,0.01826734,4.66989073,3.62014042,17.45664808,0.17697181,0
6036000,0.02756908,0.01163172,0.00000000,0.00000000,0.00000000,0.00000000,0
6037000,0.09100562,0.03170139,14.51887389,6.72278327,127.99675697,1.30707880,0
6038000,0.02643796,0.00574850,0.00000000,0.00000000,0.00000000,0.00000000,0
6039000,0.06148086,0.13636060,13.12620790,50.54318273,1363.45532716,0.00000000,1
6040000,0.07757191,0.06577722,5.70846225,12.13734404,89.95083077,0.87950831,0
6041000,0.03493446,0.00770555,3.07476921,1.03045198,5.25801847,0.03428309,0
6042000,0.05994413,0.02349356,7.04217315,5.73041867,41.21495042,0.62827965,0
6043000,0.04390313,0.00659571,0.00000000,0.00000000,0.00000000,0.00000000,0
6044000,0.07886548,0.00088726,16.94565824,-0.83726027,143.57766656,1.78756151,0
6045000,0.06004335,0.02087030,0.00000000,0.00000000,0.00000000,0.00000000,0
6046000,0.06376941,0.00841544,11.42901961,2.07169914,67.45721324,1.11385202,0
6047000,0.07385375,0.05794939,0.00000000,0.00000000,0.00000000,0.00000000,0
6048000,0.08492512,0.02014380,0.00000000,0.00000000,0.00000000,0.00000000,0
6049000,0.10351487,0.00205067,0.00000000,0.00000000,0.00000000,0.00000000,0
6050000,0.08038599,0.12498306,14.35965462,44.34912673,1086.52236110,0.00000000,1
6051000,0.10394806,0.05564118,6.57833996,10.66208745,78.47733269,0.76477333,0
6052000,0.11651363,0.07600603,0.00000000,0.00000000,0.00000000,0.00000000,0
6053000,0.04927393,0.04584208,0.00000000,0.00000000,0.00000000,0.00000000,0
6054000,0.02677470,0.00297547,3.26166743,-0.14286248,5.31923723,0.23443455,0
6055000,0.04997645,0.08520517,0.00000000,0.00000000,0.00000000,0.00000000,0
6056000,0.03668025,0.08404224,0.00000000,0.00000000,0.00000000,0.00000000,0
6057000,0.02945315,0.00282257,5.48800145,-0.19357635,15.05907994,0.41039523,0
6058000,0.04882916,0.01431645,11.61350889,3.15388958,72.41030409,0.95152701,0
6059000,0.02478958,0.01426079,0.00000000,0.00000000,0.00000000,0.00000000,0
6060000,0.02787806,0.00365522,5.25842782,0.03941989,13.82630851,0.27002396,0
6061000,0.09662800,0.02446107,26.60060193,7.85099811,384.61509716,0.00000000,1
6062000,0.07436278,0.02320495,11.57516779,5.99689558,84.97363300,0.82973633,0
6063000,0.05032253,0.01068379,0.00000000,0.00000000,0.00000000,0.00000000,0
6064000,0.04628668,0.03445036,6.34933958,9.70318967,67.23300148,0.72508005,0
6065000,0.08144808,0.02359966,0.00000000,0.00000000,0.00000000,0.00000000,0
6066000,0.07987651,0.10199527,16.59512126,37.38893883,836.66539826,0.00000000,1
6067000,0.07999727,0.00890617,9.07874704,1.15824494,41.88258962,0.39882590,0
6068000,0.05158980,0.03051774,0.00000000,0.00000000,0.00000000,0.00000000,0
6069000,0.03965878,0.02110478,0.00000000,0.00000000,0.00000000,0.00000000,0
6070000,0.03438709,0.00106300,4.54417139,-0.83131192,10.32474682,0.22487881,0
6071000,0.07236069,0.01485421,12.82072290,4.47454596,92.19624855,1.43063760,0
6072000,0.04417199,0.00772355,0.00000000,0.00000000,0.00000000,0.00000000,0
6073000,0.10299684,0.02727996,18.03840801,4.78783630,174.15376995,2.15945516,0
6074000,0.04248735,0.00400594,0.00000000,0.00000000,0.00000000,0.00000000,0
6075000,0.09113229,0.02849158,8.38231126,5.31918791,49.27845108,0.51251920,0
6076000,0.05496892,0.00915913,0.00000000,0.00000000,0.00000000,0.00000000,0
6077000,0.08941163,0.03057984,20.99659339,11.60513344,287.76802801,0.00000000,1
6078000,0.06763651,0.02216749,10.95592630,6.57140839,81.60786468,0.79607865,0
6079000,0.04253358,0.01400687,0.00000000,0.00000000,0.00000000,0.00000000,0
6080000,0.02781411,0.00387411,5.86363596,0.24672080,17.22154892,0.50580182,0
6081000,0.06777023,0.13583301,19.21090176,53.06897149,1592.68724085,0.00000000,1
6082000,0.05665128,0.06116630,5.44420326,14.86392439,125.28779878,1.23287799,0
6083000,0.09608264,0.02603885,13.25172348,7.16879588,113.49990471,1.36201722,0
6084000,0.09504169,0.00037513,0.00000000,0.00000000,0.00000000,0.00000000,0
6085000,0.05504670,0.01238471,5.03026462,2.41760364,15.57418475,0.16373784,0
6086000,0.06067214,0.05619013,0.00000000,0.00000000,0.00000000,0.00000000,0
6087000,0.04078900,0.03430629,4.70595353,11.10721314,72.75809122,0.83968525,0
6088000,0.04188989,0.05882674,0.00000000,0.00000000,0.00000000,0.00000000,0
6089000,0.07663640,0.00807723,11.49395937,1.40543374,67.04317299,0.67106827,0
6090000,0.06803747,0.11509229,11.78906755,38.22509180,800.06987851,0.00000000,1
6091000,0.04572784,0.02361110,4.72159280,5.28787333,25.12752145,0.23127521,0
6092000,0.05054139,0.02622890,7.15196674,7.26390437,51.95746745,0.63076074,0
6093000,0.07222626,0.03458365,0.00000000,0.00000000,0.00000000,0.00000000,0
6094000,0.07762984,0.00251323,6.75302789,-0.22458542,22.80169287,0.21813954,0
6095000,0.06986585,0.01819045,7.19440779,4.79831342,37.39165755,0.41503259,0
6096000,0.07246601,0.05756171,0.00000000,0.00000000,0.00000000,0.00000000,0
6097000,0.13515973,0.07529368,16.92119311,19.99282190,343.01985204,0.00000000,1
6098000,0.05456299,0.01175720,4.70489777,1.48504931,12.17071724,0.10170717,0
6099000,0.07335593,0.08869941,9.03136553,21.78091243,277.98685495,2.77020204,0
6100000,0.06012975,0.00546661,0.00000000,0.00000000,0.00000000,0.00000000,0
6101000,0.08972964,0.11497156,10.84633126,37.86837021,775.82818229,0.00000000,1
6102000,0.05442436,0.02908678,4.08252176,4.55375158,18.70181870,0.16701819,0
6103000,0.09022442,0.08290282,9.87019641,18.11130689,212.72010727,2.36940424,0
6104000,0.06543995,0.01460928,0.00000000,0.00000000,0.00000000,0.00000000,0
6105000,0.06008982,0.06235174,0.00000000,0.00000000,0.00000000,0.00000000,0
6106000,0.04242063,0.04500560,3.23685046,7.83724692,35.94982006,0.34408532,0
6107000,0.04555797,0.02999155,0.00000000,0.00000000,0.00000000,0.00000000,0
6108000,0.07092362,0.03086402,11.56745518,8.28181234,101.19721752,1.22336897,0
6109000,0.05913060,0.00112690,0.00000000,0.00000000,0.00000000,0.00000000,0
6110000,0.03814819,0.01294885,6.01887519,3.77890495,25.25349058,0.34605283,0
6111000,0.05354644,0.01451921,10.29268270,4.65541848,63.80611922,0.88367789,0
6112000,0.03177727,0.03088351,0.00000000,0.00000000,0.00000000,0.00000000,0
6113000,0.05296105,0.05363517,3.48976930,7.75802875,36.18274990,0.43769154,0
6114000,0.06344914,0.02776227,5.23084627,4.38388510,23.29010064,0.25614710,0
6115000,0.10477292,0.03095563,10.35145481,5.53157830,68.87548760,0.71591574,0
6116000,0.04123047,0.01559466,3.99785999,2.63922519,11.47419706,0.11930475,0
6117000,0.05981223,0.00589907,6.69081380,0.54472408,22.53185682,0.23324211,0
6118000,0.04555782,0.03766587,5.20797949,8.43257752,49.11570700,0.58633115,0
6119000,0.04805308,0.00951062,5.86301766,1.55450700,18.39573405,0.27859682,0
6120000,0.04922026,0.02758709,6.34727368,6.43683558,40.86036773,0.43006739,0
6121000,0.05946724,0.01086113,0.00000000,0.00000000,0.00000000,0.00000000,0
6122000,0.05385272,0.03070497,0.00000000,0.00000000,0.00000000,0.00000000,0
6123000,0.04885354,0.02958969,0.00000000,0.00000000,0.00000000,0.00000000,0
6124000,0.06253375,0.00014804,0.00000000,0.00000000,0.00000000,0.00000000,0
6125000,0.05358668,0.04701626,10.63375964,16.12216758,186.50056575,2.26651953,0
6126000,0.18141836,0.14147794,0.00000000,0.00000000,0.00000000,0.00000000,0
6127000,0.05595095,0.00795486,0.00000000,0.00000000,0.00000000,0.00000000,0
6128000,0.09531389,0.11463498,15.24676895,44.36259862,1100.25205983,0.00000000,1
6129000,0.06076262,0.00144835,5.95753372,-0.58350607,17.74610400,0.15746104,0
6130000,0.05321873,0.01407007,6.81390679,2.55938696,26.48989371,0.58772519,0
6131000,0.03452214,0.00716639,4.79112195,1.00337524,11.98080569,0.17402078,0
6132000,0.05984293,0.00140527,10.31391302,-0.60690594,53.18840094,0.61957505,0
6133000,0.05655748,0.01683492,0.00000000,0.00000000,0.00000000,0.00000000,0
6134000,0.10397703,0.05703682,26.28761009,22.94304994,608.71099240,0.00000000,1
6135000,0.06874987,0.04004569,4.96392755,8.41611631,47.73579528,0.45735795,0
6136000,0.10679109,0.06565028,11.09242498,18.04301395,224.29612205,2.26193660,0
6137000,0.04297696,0.04176413,0.00000000,0.00000000,0.00000000,0.00000000,0
6138000,0.03482866,0.00838529,3.89628286,1.43526399,8.62050142,0.09985258,0
6139000,0.02770283,0.01473063,3.44939422,3.68517103,12.73940299,0.14836225,0
6140000,0.07446534,0.13283028,12.40519503,44.57624144,1070.46508216,0.00000000,1
6141000,0.06640819,0.02264181,8.50780347,4.89639745,48.17871392,0.46178714,0
6142000,0.03993979,0.00299118,6.28021875,-0.14484475,19.72057379,0.41989442,0
6143000,0.07759842,0.04624431,15.49717639,14.99393604,232.49029703,2.41203220,0
6144000,0.10099262,0.12025536,0.00000000,0.00000000,0.00000000,0.00000000,0
6145000,0.06097020,0.03723656,0.00000000,0.00000000,0.00000000,0.00000000,0
6146000,0.05922197,0.01632172,11.07744991,3.56417565,67.70662234,0.74087258,0
6147000,0.06266080,0.04410125,0.00000000,0.00000000,0.00000000,0.00000000,0
6148000,0.06108256,0.00349609,0.00000000,0.00000000,0.00000000,0.00000000,0
6149000,0.05753092,0.02787597,9.44589115,8.96110366,84.76311923,1.10652682,0
6150000,0.04046146,0.01675035,0.00000000,0.00000000,0.00000000,0.00000000,0
6151000,0.09631986,0.03723421,16.30342567,15.16227108,247.84807644,2.63818658,0
6152000,0.04321402,0.00037282,0.00000000,0.00000000,0.00000000,0.00000000,0
6153000,0.06381872,0.01019846,11.74113160,2.68474499,72.53101352,0.83357128,0
6154000,0.03124697,0.00870641,0.00000000,0.00000000,0.00000000,0.00000000,0
6155000,0.05406660,0.02566707,12.79383824,9.35774344,125.62482958,1.84956633,0
6156000,0.06019861,0.02561802,0.00000000,0.00000000,0.00000000,0.00000000,0
6157000,0.04721985,0.02663596,0.00000000,0.00000000,0.00000000,0.00000000,0
6158000,0.02667015,0.00754684,4.65928087,1.29671181,11.69517987,0.17616142,0
6159000,0.02988646,0.00029452,0.00000000,0.00000000,0.00000000,0.00000000,0
6160000,0.06802455,0.03829822,12.33356923,13.12748393,162.22388208,1.63182415,0
6161000,0.06928313,0.03091511,0.00000000,0.00000000,0.00000000,0.00000000,0
6162000,0.06766586,0.06846593,10.95352105,20.59428719,272.05214415,2.86791881,0
6163000,0.05071798,0.01257308,0.00000000,0.00000000,0.00000000,0.00000000,0
6164000,0.04803278,0.00023184,10.11565083,-1.05228705,51.16319589,1.81832460,0
6165000,0.05493125,0.00448193,0.00000000,0.00000000,0.00000000,0.00000000,0
6166000,0.04926533,0.04518143,8.35195727,16.07692647,164.11137751,1.78539389,0
6167000,0.05273385,0.04828656,0.00000000,0.00000000,0.00000000,0.00000000,0
6168000,0.10792759,0.00026448,24.98868249,-0.89730546,312.21712638,0.00000000,1
6169000,0.07594153,0.01399562,7.35730670,2.84470916,31.11116608,0.29111166,0
6170000,0.04811542,0.02212917,0.00000000,0.00000000,0.00000000,0.00000000,0
6171000,0.06304938,0.02410009,12.06035409,8.54115235,109.20171212,1.33355266,0
6172000,0.14633641,0.02313144,0.00000000,0.00000000,0.00000000,0.00000000,0
6173000,0.08207866,0.02616168,0.00000000,0.00000000,0.00000000,0.00000000,0
6174000,0.05202267,0.00990065,8.79509359,3.04751368,43.32050539,0.53144104,0
6175000,0.09260609,0.05344692,0.00000000,0.00000000,0.00000000,0.00000000,0
6176000,0.06011103,0.13572735,12.08136822,48.97234319,1272.12492765,0.00000000,1
6177000,0.07388643,0.00960101,6.47538631,1.37824823,21.91509799,0.19915098,0
6178000,0.07033943,0.01527252,8.31208721,3.43831473,40.45640098,0.41519236,0
6179000,0.06396879,0.02112057,0.00000000,0.00000000,0.00000000,0.00000000,0
6180000,0.11037169,0.04932617,24.41329023,16.47624959,433.73777026,0.00000000,1
6181000,0.09104335,0.03802048,8.56579922,7.77636852,66.92241180,0.64922412,0
6182000,0.06644824,0.03997946,0.00000000,0.00000000,0.00000000,0.00000000,0
6183000,0.11868406,0.00678021,12.25000983,1.38814900,75.99484919,0.82982053,0
6184000,0.05536004,0.01518894,6.30763699,4.80759686,31.44963600,0.57407529,0
6185000,0.03078644,0.00388585,0.00000000,0.00000000,0.00000000,0.00000000,0
6186000,0.08212146,0.00412361,18.49225492,0.28110923,171.02125719,1.93654737,0
6187000,0.12835073,0.00320517,0.00000000,0.00000000,0.00000000,0.00000000,0
6188000,0.15037821,0.08354498,0.00000000,0.00000000,0.00000000,0.00000000,0
6189000,0.05151515,0.02382769,0.00000000,0.00000000,0.00000000,0.00000000,0
6190000,0.07384337,0.04627698,13.86310532,15.22959983,212.06320008,0.00000000,1
6191000,0.08605533,0.07830513,7.26160662,17.04864199,171.69356222,1.69693562,0
6192000,0.03396576,0.01966481,0.00000000,0.00000000,0.00000000,0.00000000,0
6193000,0.03355344,0.07481282,7.13878261,27.44425830,402.07476530,0.00000000,1
6194000,0.05714048,0.03638964,9.71816853,11.53603894,113.76149698,1.11761497,0
6195000,0.07470124,0.03152752,0.00000000,0.00000000,0.00000000,0.00000000,0
6196000,0.08654723,0.00689749,0.00000000,0.00000000,0.00000000,0.00000000,0
6197000,0.03377658,0.01289585,4.24085749,2.76864673,12.82513848,0.17526746,0
6198000,0.09970429,0.05254398,17.05689711,15.65707228,268.04082578,0.00000000,1
6199000,0.09301423,0.01732346,8.59192380,3.75620038,43.96509799,0.41965098,0
6200000,0.04440803,0.01565667,4.99146066,4.04509542,20.63873826,0.23922503,0
6201000,0.05908863,0.06988058,8.27956701,24.08234120,324.25519379,0.00000000,1
6202000,0.04551242,0.02723700,5.31530291,8.57882667,50.92435605,0.48924356,0
6203000,0.07631209,0.01142706,12.54925602,3.38550266,84.47272750,1.29175937,0
6204000,0.04575318,0.00716349,8.12093119,1.78938083,34.57570353,1.70931249,0
6205000,0.04722945,0.01877105,0.00000000,0.00000000,0.00000000,0.00000000,0
6206000,0.04256516,0.01701958,8.28145965,5.47715707,49.29091172,1.73619881,0
6207000,0.05530984,0.00327681,0.00000000,0.00000000,0.00000000,0.00000000,0
6208000,0.05049402,0.01019350,9.58285350,2.57477240,49.23026708,0.70396171,0
6209000,0.06671594,0.02282176,0.00000000,0.00000000,0.00000000,0.00000000,0
6210000,0.05854421,0.00492733,11.98697681,0.74389821,72.12049877,0.97318216,0
6211000,0.17024788,0.00846236,0.00000000,0.00000000,0.00000000,0.00000000,0
6212000,0.03703241,0.00214863,0.00000000,0.00000000,0.00000000,0.00000000,0
6213000,0.07312536,0.01693872,12.06928017,4.96074313,85.13824807,0.86843586,0
6214000,0.07498813,0.04495962,14.96435700,16.64301749,250.46100580,0.00000000,1
6215000,0.06942192,0.00317275,7.16964832,0.01756507,25.70208276,0.23702083,0
6216000,0.09639286,0.03340760,13.84737165,11.72816964,164.64983238,1.67033894,0
6217000,0.04329223,0.03972530,0.00000000,0.00000000,0.00000000,0.00000000,0
6218000,0.03345905,0.02641996,4.45830974,8.03547934,42.22272701,0.55141532,0
6219000,0.04372163,0.04671697,0.00000000,0.00000000,0.00000000,0.00000000,0
6220000,0.07868918,0.00590701,18.30511686,1.13723617,168.18530463,1.94790540,0
6221000,0.05538045,0.03107728,0.00000000,0.00000000,0.00000000,0.00000000,0
6222000,0.09426696,0.02369798,16.36873352,8.22161189,167.76516965,1.96844161,0
6223000,0.07050842,0.03038059,0.00000000,0.00000000,0.00000000,0.00000000,0
6224000,0.08238818,0.03118958,16.91139767,10.42495999,197.33758093,2.07188377,0
6225000,0.11169925,0.01688644,0.00000000,0.00000000,0.00000000,0.00000000,0
6226000,0.04339678,0.03572204,3.40407208,9.03626720,46.62091587,0.55628477,0
6227000,0.05423177,0.00486967,5.35255187,0.52257558,14.46144836,0.15588432,0
6228000,0.04990465,0.04218477,0.00000000,0.00000000,0.00000000,0.00000000,0
6229000,0.07783984,0.10247264,11.92057905,39.28792882,842.82077778,0.00000000,1
6230000,0.11847008,0.08073563,13.89673467,14.38396196,200.00879814,1.98008798,0
6231000,0.11598639,0.09834339,0.00000000,0.00000000,0.00000000,0.00000000,0
6232000,0.09264298,0.07756817,0.00000000,0.00000000,0.00000000,0.00000000,0
6233000,0.08652359,0.08023903,10.04969386,21.22861874,275.82530020,2.74562413,0
6234000,0.03405437,0.00993910,0.00000000,0.00000000,0.00000000,0.00000000,0
6235000,0.02711927,0.00310189,2.09461550,0.02528685,2.19402675,0.19238038,0
6236000,0.13410068,0.04465802,15.79157198,17.13931802,271.56498376,2.76019086,0
6237000,0.03661164,0.01365907,4.16310205,4.63340455,19.39992817,0.40544271,0
6238000,0.05093686,0.01457147,6.73962376,5.18232488,36.13950975,1.28439412,0
6239000,0.07720110,0.05022175,0.00000000,0.00000000,0.00000000,0.00000000,0
6240000,0.06494757,0.05005617,8.80511027,14.95421710,150.57928790,1.52600329,0
6241000,0.04580508,0.00644731,0.00000000,0.00000000,0.00000000,0.00000000,0
6242000,0.07162187,0.00759002,12.22978741,1.48761488,75.89034911,0.98959601,0
6243000,0.04360633,0.00267085,0.00000000,0.00000000,0.00000000,0.00000000,0
6244000,0.04860783,0.00272459,0.00000000,0.00000000,0.00000000,0.00000000,0
6245000,0.04122024,0.01906063,6.83277963,5.41883871,38.02534517,0.75234429,0
6246000,0.08308727,0.00916039,0.00000000,0.00000000,0.00000000,0.00000000,0
6247000,0.04016005,0.01274001,3.02351700,2.05288582,6.67799762,0.11875587,0
6248000,0.08087993,0.04386358,8.17248533,10.29458188,86.38396624,0.85570145,0
6249000,0.04970045,0.06003455,5.37531939,15.83349943,139.79688130,1.44335202,0
6250000,0.07239226,0.06189213,0.00000000,0.00000000,0.00000000,0.00000000,0
6251000,0.06006736,0.09144491,4.81889422,14.62871791,118.61056464,1.25031532,0
6252000,0.05479714,0.03161076,0.00000000,0.00000000,0.00000000,0.00000000,0
6253000,0.03980875,0.01354048,6.78644963,3.54735469,29.31981197,0.75365687,0
6254000,0.05678877,0.03702436,11.77800076,12.75380875,150.69046973,1.63507368,0
6255000,0.04806101,0.04541935,0.00000000,0.00000000,0.00000000,0.00000000,0
6256000,0.07476236,0.03108868,0.00000000,0.00000000,0.00000000,0.00000000,0
6257000,0.05406330,0.02556655,7.20913285,7.17997711,51.76183387,0.53495282,0
6258000,0.03900819,0.01479072,0.00000000,0.00000000,0.00000000,0.00000000,0
6259000,0.07246552,0.01471505,12.54415137,4.17078098,87.37557377,0.93113747,0
6260000,0.08465023,0.01808959,0.00000000,0.00000000,0.00000000,0.00000000,0
6261000,0.14887574,0.19341348,22.11709874,82.39799065,3639.29746018,0.00000000,1
6262000,0.10629874,0.12590531,8.17006166,7.28036994,59.87684696,0.57876847,0
6263000,0.07518891,0.01131630,7.55089215,0.49510560,28.63055094,0.26644591,0
6264000,0.04657695,0.05804656,5.24208274,5.39872697,28.31284219,0.27158585,0
6265000,0.02899832,0.01280991,0.00000000,0.00000000,0.00000000,0.00000000,0
6266000,0.06747813,0.00046594,0.00000000,0.00000000,0.00000000,0.00000000,0
6267000,0.03816662,0.01218150,6.42753086,4.42311262,30.43853914,1.08551107,0
6268000,0.09201927,0.03424726,0.00000000,0.00000000,0.00000000,0.00000000,0
6269000,0.04261519,0.03554521,4.69622191,10.64488611,67.68405021,0.85167623,0
6270000,0.07429659,0.00878642,10.52841397,2.12890160,57.68986140,0.77015415,0
6271000,0.07034028,0.02756071,0.00000000,0.00000000,0.00000000,0.00000000,0
6272000,0.08051297,0.00584124,15.86915850,1.11451999,126.53617318,1.50435972,0
6273000,0.07317634,0.06159741,0.00000000,0.00000000,0.00000000,0.00000000,0
6274000,0.03558189,0.02814570,5.03001843,9.09035971,53.96786256,0.67997167,0
6275000,0.03837699,0.00066062,0.00000000,0.00000000,0.00000000,0.00000000,0
6276000,0.05096397,0.00418236,10.14402988,0.26889604,51.48682369,0.99217605,0
6277000,0.06558114,0.00516923,0.00000000,0.00000000,0.00000000,0.00000000,0
6278000,0.05237102,0.00960348,4.89611714,2.59478727,15.35244204,0.23595674,0
6279000,0.08838613,0.03708515,10.47127140,14.42157184,158.81462960,1.87164546,0
6280000,0.04834285,0.02692168,0.00000000,0.00000000,0.00000000,0.00000000,0
6281000,0.06199912,0.00140055,16.77785663,-0.68446921,140.74823662,1.49086688,0
6282000,0.04283868,0.00723578,12.49088757,1.78296900,79.60062534,1.08044196,0
6283000,0.05781937,0.00101373,0.00000000,0.00000000,0.00000000,0.00000000,0
6284000,0.05531555,0.01575426,11.54913932,5.62026436,82.48499529,1.42289360,0
6285000,0.06051304,0.02924263,0.00000000,0.00000000,0.00000000,0.00000000,0
6286000,0.06239552,0.01712103,10.31730286,4.96544893,65.55121066,0.96310339,0
6287000,0.04757481,0.00472351,0.00000000,0.00000000,0.00000000,0.00000000,0
6288000,0.02855402,0.01446973,5.81164339,4.93507134,29.06506404,0.51396361,0
6289000,0.03688853,0.04410637,0.00000000,0.00000000,0.00000000,0.00000000,0
6290000,0.05356396,0.01031046,0.00000000,0.00000000,0.00000000,0.00000000,0
6291000,0.09350875,0.10764220,13.69770216,38.33439111,828.57629331,0.00000000,1
6292000,0.06267631,0.05099031,3.10353000,11.21858646,67.74429029,0.65744290,0
6293000,0.06797533,0.01279275,0.00000000,0.00000000,0.00000000,0.00000000,0
6294000,0.07773992,0.06645698,0.00000000,0.00000000,0.00000000,0.00000000,0
6295000,0.03967489,0.02582709,6.09817615,6.44288101,39.34923400,0.62845488,0
6296000,0.04339473,0.00112311,0.00000000,0.00000000,0.00000000,0.00000000,0
6297000,0.08614057,0.03127504,0.00000000,0.00000000,0.00000000,0.00000000,0
6298000,0.08771863,0.02882641,0.00000000,0.00000000,0.00000000,0.00000000,0
6299000,0.04698994,0.03513695,8.01955647,9.42245376,76.54796042,0.83354142,0
6300000,0.01965001,0.01586358,0.00000000,0.00000000,0.00000000,0.00000000,0
6301000,0.04588399,0.02459161,0.00000000,0.00000000,0.00000000,0.00000000,0
6302000,0.05629161,0.05862619,9.66171362,22.01967835,289.10747229,0.00000000,1
6303000,0.08132599,0.02482902,6.61873353,5.04289112,34.61919219,0.32619192,0
6304000,0.07327279,0.00154975,8.06458696,-0.45250293,32.51878141,0.31342658,0
6305000,0.04895317,0.00278724,6.06913209,-0.08747109,18.41718219,0.42548065,0
6306000,0.04567545,0.01938950,0.00000000,0.00000000,0.00000000,0.00000000,0
6307000,0.05982806,0.06367043,8.61588823,21.63825042,271.22370563,2.76103652,0
6308000,0.11304557,0.00228991,0.00000000,0.00000000,0.00000000,0.00000000,0
6309000,0.06006972,0.01798920,0.00000000,0.00000000,0.00000000,0.00000000,0
6310000,0.10671748,0.01226358,15.14360807,3.64273515,121.29919243,1.25799441,0
6311000,0.04950738,0.01392635,7.72389299,4.70883224,40.91581201,0.54762615,0
6312000,0.08632913,0.01429640,0.00000000,0.00000000,0.00000000,0.00000000,0
6313000,0.03456696,0.02996901,4.11850639,9.55187249,54.10018148,0.53263115,0
6314000,0.04777756,0.00063410,7.24576893,-0.88831664,26.25058372,0.33193828,0
6315000,0.06334864,0.08109476,0.00000000,0.00000000,0.00000000,0.00000000,0
6316000,0.02569219,0.01026192,0.00000000,0.00000000,0.00000000,0.00000000,0
6317000,0.09472483,0.01312619,16.44622762,3.89038124,142.80673455,1.54308655,0
6318000,0.04395786,0.01374558,0.00000000,0.00000000,0.00000000,0.00000000,0
6319000,0.08253755,0.00737796,8.71454874,1.61719477,39.27933931,0.46225584,0
6320000,0.06618416,0.01066822,0.00000000,0.00000000,0.00000000,0.00000000,0
6321000,0.10365910,0.09705016,20.98161028,36.29717920,878.85659402,0.00000000,1
6322000,0.05568970,0.06808027,3.01514324,6.59029575,26.26154339,0.24261543,0
6323000,0.04708026,0.06888605,3.54363399,9.19868023,48.58652989,0.48691767,0
6324000,0.06945395,0.02699353,6.67186700,3.88300950,29.79578601,0.28510531,0
6325000,0.04582269,0.01175442,0.00000000,0.00000000,0.00000000,0.00000000,0
6326000,0.05086537,0.00549626,11.04076363,1.02053563,61.46997723,1.69547138,0
6327000,0.08828171,0.02211038,0.00000000,0.00000000,0.00000000,0.00000000,0
6328000,0.17295846,0.14321178,0.00000000,0.00000000,0.00000000,0.00000000,0
6329000,0.03502092,0.01811413,0.00000000,0.00000000,0.00000000,0.00000000,0
6330000,0.05037608,0.04679061,6.40592996,13.20104911,107.65181807,1.16886202,0
6331000,0.03396657,0.06655158,0.00000000,0.00000000,0.00000000,0.00000000,0
6332000,0.03515996,0.00304844,0.00000000,0.00000000,0.00000000,0.00000000,0
6333000,0.03863585,0.01629605,8.41165078,4.32027923,44.71034074,0.46404515,0
6334000,0.07553887,0.08535259,0.00000000,0.00000000,0.00000000,0.00000000,0
6335000,0.06126675,0.01472293,0.00000000,0.00000000,0.00000000,0.00000000,0
6336000,0.05026749,0.02455347,9.84400692,9.16500451,90.45088998,1.30257266,0
6337000,0.07378039,0.03319553,0.00000000,0.00000000,0.00000000,0.00000000,0
6338000,0.06049432,0.00865960,0.00000000,0.00000000,0.00000000,0.00000000,0
6339000,0.05289232,0.02226068,8.96804812,7.77862321,70.46643310,0.96386000,0
6340000,0.03485293,0.00618986,6.37074992,1.44117041,21.33171338,0.48645067,0
6341000,0.05262843,0.01381789,0.00000000,0.00000000,0.00000000,0.00000000,0
6342000,0.08998081,0.02694212,23.22755652,10.67073671,326.69200178,0.00000000,1
6343000,0.03091928,0.00507063,1.73500342,0.59680808,1.68320838,0.00000000,0
6344000,0.06448106,0.01696680,5.86031189,5.16016906,30.48530012,0.38662638,0
6345000,0.03833083,0.01763365,3.83440050,5.91192306,24.82673072,0.31295555,0
6346000,0.05004076,0.04460520,5.89210456,17.53089243,171.02454285,2.38873321,0
6347000,0.03624414,0.03066513,0.00000000,0.00000000,0.00000000,0.00000000,0
6348000,0.13856381,0.03110381,13.13233793,8.83082401,125.22087608,1.63298009,0
6349000,0.11800195,0.02889049,0.00000000,0.00000000,0.00000000,0.00000000,0
6350000,0.07098471,0.03574945,0.00000000,0.00000000,0.00000000,0.00000000,0
6351000,0.05220009,0.02544890,0.00000000,0.00000000,0.00000000,0.00000000,0
6352000,0.02970634,0.01436033,4.94159282,3.47940457,18.26279787,0.28662739,0
6353000,0.03911608,0.04076805,0.00000000,0.00000000,0.00000000,0.00000000,0
6354000,0.06108801,0.06678062,0.00000000,0.00000000,0.00000000,0.00000000,0
6355000,0.05315773,0.00504700,0.00000000,0.00000000,0.00000000,0.00000000,0
6356000,0.07184843,0.02394628,12.84293977,8.34754266,117.31128526,1.60505115,0
6357000,0.05441858,0.03713368,11.03244296,14.50507272,166.05596619,1.85257819,0
6358000,0.05385402,0.00046098,0.00000000,0.00000000,0.00000000,0.00000000,0
6359000,0.07874762,0.02538319,18.74319179,9.52033789,220.97203606,2.54087381,0
6360000,0.11133755,0.00997043,0.00000000,0.00000000,0.00000000,0.00000000,0
6361000,0.06018540,0.05110056,0.00000000,0.00000000,0.00000000,0.00000000,0
6362000,0.05244664,0.04509730,0.00000000,0.00000000,0.00000000,0.00000000,0
6363000,0.04424058,0.01103962,6.96114611,2.46058881,27.25602623,1.10785962,0
6364000,0.02373590,0.01485057,3.81505346,4.20590051,16.12211603,0.21570305,0
6365000,0.06456262,0.00136359,14.08606011,-0.64431753,99.20854471,1.14804588,0
6366000,0.07379464,0.04903585,0.00000000,0.00000000,0.00000000,0.00000000,0
6367000,0.03362293,0.00585332,4.65402755,1.14005414,11.47984792,0.46049087,0
6368000,0.04279167,0.01023597,7.32468270,3.10802636,31.65540229,1.24348971,0
6369000,0.10200338,0.00442700,0.00000000,0.00000000,0.00000000,0.00000000,0
6370000,0.05708090,0.00843925,8.52920577,1.97948035,38.33284676,0.82909312,0
6371000,0.07569151,0.02654632,13.67039075,9.49621142,138.52880730,1.58267720,0
6372000,0.03381537,0.03549009,0.00000000,0.00000000,0.00000000,0.00000000,0
6373000,0.06333338,0.00810726,8.36503573,1.69465043,36.42283141,0.53070140,0
6374000,0.09817109,0.01822866,0.00000000,0.00000000,0.00000000,0.00000000,0
6375000,0.11104739,0.02066389,15.75598597,7.60240131,153.02379973,1.96606846,0
6376000,0.09378614,0.03080392,0.00000000,0.00000000,0.00000000,0.00000000,0
6377000,0.06161808,0.00470991,0.00000000,0.00000000,0.00000000,0.00000000,0
6378000,0.03823221,0.00003531,5.07005535,-1.22592389,12.85273062,0.21888209,0
6379000,0.01594869,0.00147780,0.00000000,0.00000000,0.00000000,0.00000000,0
6380000,0.07514248,0.03874474,17.36774821,13.42808405,240.97605950,2.71363474,0
6381000,0.05074725,0.07628091,0.00000000,0.00000000,0.00000000,0.00000000,0
6382000,0.05487595,0.05075883,0.00000000,0.00000000,0.00000000,0.00000000,0
6383000,0.07521877,0.02516172,16.30730334,7.41154750,160.42958934,1.68282843,0
6384000,0.05400439,0.01090943,0.00000000,0.00000000,0.00000000,0.00000000,0
6385000,0.04659241,0.01540325,0.00000000,0.00000000,0.00000000,0.00000000,0
6386000,0.07097188,0.06962808,0.00000000,0.00000000,0.00000000,0.00000000,0
6387000,0.09169874,0.04912077,0.00000000,0.00000000,0.00000000,0.00000000,0
6388000,0.04189138,0.01924840,0.00000000,0.00000000,0.00000000,0.00000000,0
6389000,0.03256648,0.00780261,0.00000000,0.00000000,0.00000000,0.00000000,0
6390000,0.04116428,0.00951525,6.74264464,2.83081100,26.73837384,0.63627489,0
6391000,0.03507043,0.03107267,0.00000000,0.00000000,0.00000000,0.00000000,0
6392000,0.03657479,0.01572507,7.97205581,5.01305175,44.34218081,0.74404395,0
6393000,0.10330834,0.05335881,0.00000000,0.00000000,0.00000000,0.00000000,0
6394000,0.03683585,0.01408578,6.41681828,4.16292465,29.25274920,1.24700533,0
6395000,0.06548170,0.00777146,14.55051895,2.00001076,107.85882235,1.21041649,0
6396000,0.05173722,0.02719070,0.00000000,0.00000000,0.00000000,0.00000000,0
6397000,0.03274060,0.00101833,0.00000000,0.00000000,0.00000000,0.00000000,0
6398000,0.04083510,0.00277480,4.43455382,-0.16932054,9.83263379,0.10612696,0
6399000,0.06772795,0.08748205,9.49434842,27.92803771,435.05897121,0.00000000,1
6400000,0.14619619,0.02728890,11.30936695,8.65338112,101.39139283,0.99391393,0
6401000,0.05289654,0.02256060,0.00000000,0.00000000,0.00000000,0.00000000,0
6402000,0.06119636,0.03403449,9.80448775,13.84245886,143.87082366,1.53973544,0
6403000,0.03729234,0.02836435,0.00000000,0.00000000,0.00000000,0.00000000,0
6404000,0.04288652,0.03555124,4.98306708,9.18258180,54.57538302,0.75450410,0
6405000,0.02773968,0.00923412,0.00000000,0.00000000,0.00000000,0.00000000,0
6406000,0.04181048,0.05044983,5.52535484,16.96687436,159.20218580,2.00605380,0
6407000,0.07980439,0.05682430,0.00000000,0.00000000,0.00000000,0.00000000,0
6408000,0.06411628,0.02798001,8.14583747,7.69984540,62.82114364,0.64120330,0
6409000,0.06815420,0.08378813,10.25821563,27.91253109,442.17018995,0.00000000,1
6410000,0.07057086,0.01430057,11.01440497,4.06908744,68.93729470,0.66937295,0
6411000,0.03445072,0.02450347,6.16218063,9.14268656,60.78059381,0.82879143,0
6412000,0.05166855,0.00562234,0.00000000,0.00000000,0.00000000,0.00000000,0
6413000,0.09713332,0.00500838,16.51254802,0.86314711,136.70463251,1.45525257,0
6414000,0.03858329,0.01067385,0.00000000,0.00000000,0.00000000,0.00000000,0
6415000,0.04443595,0.01449886,6.71199634,4.21568976,31.41146750,0.42293284,0
6416000,0.05572288,0.00204058,0.00000000,0.00000000,0.00000000,0.00000000,0
6417000,0.08530381,0.12564847,0.00000000,0.00000000,0.00000000,0.00000000,0
6418000,0.05423617,0.01300324,0.00000000,0.00000000,0.00000000,0.00000000,0
6419000,0.04008251,0.02090937,8.53487678,4.78422507,47.86646557,0.53738003,0
6420000,0.08309209,0.07047230,0.00000000,0.00000000,0.00000000,0.00000000,0
6421000,0.11771809,0.06281467,0.00000000,0.00000000,0.00000000,0.00000000,0
6422000,0.04293352,0.03901197,0.00000000,0.00000000,0.00000000,0.00000000,0
6423000,0.02678226,0.01733545,0.00000000,0.00000000,0.00000000,0.00000000,0
6424000,0.05034873,0.00695810,9.67149325,1.47808342,47.86125618,0.49991240,0
6425000,0.04763845,0.02492396,0.00000000,0.00000000,0.00000000,0.00000000,0
6426000,0.03008986,0.03351778,2.68789800,11.27281545,67.15058198,0.66428612,0
6427000,0.06109340,0.00031674,7.48659519,-1.07360006,28.02455380,0.48512839,0
6428000,0.06287719,0.01668201,8.73621753,5.87207918,55.40140537,0.57055351,0
6429000,0.10797436,0.09825413,0.00000000,0.00000000,0.00000000,0.00000000,0
6430000,0.06281960,0.02569908,0.00000000,0.00000000,0.00000000,0.00000000,0
6431000,0.07795861,0.02398933,9.87454511,7.55468109,77.28992373,0.84227154,0
6432000,0.09572072,0.01076565,0.00000000,0.00000000,0.00000000,0.00000000,0
6433000,0.08273666,0.00441903,0.00000000,0.00000000,0.00000000,0.00000000,0
6434000,0.11978628,0.00482573,0.00000000,0.00000000,0.00000000,0.00000000,0
6435000,0.04532485,0.02835706,0.00000000,0.00000000,0.00000000,0.00000000,0
6436000,0.05717228,0.01888154,8.17685780,5.75282532,49.97800137,0.69934652,0
6437000,0.04528803,0.02152384,7.28849621,7.38241722,53.81113051,1.50366015,0
6438000,0.05304274,0.03171055,0.00000000,0.00000000,0.00000000,0.00000000,0
6439000,0.07590318,0.02379628,10.56828787,8.09661708,88.62195830,0.93084241,0
6440000,0.17407919,0.03080116,0.00000000,0.00000000,0.00000000,0.00000000,0
6441000,0.05376282,0.00564345,5.41296522,0.89145605,15.04744315,0.17275876,0
6442000,0.08237554,0.00750901,10.45851761,1.81139029,56.33086273,0.58349308,0
6443000,0.04046762,0.02279987,0.00000000,0.00000000,0.00000000,0.00000000,0
6444000,0.04299666,0.08072147,0.00000000,0.00000000,0.00000000,0.00000000,0
6445000,0.05096567,0.01149536,0.00000000,0.00000000,0.00000000,0.00000000,0
6446000,0.04661001,0.01314392,6.19639174,4.07476538,27.49949175,0.44424670,0
6447000,0.09291612,0.00475634,0.00000000,0.00000000,0.00000000,0.00000000,0
6448000,0.04771578,0.01379378,0.00000000,0.00000000,0.00000000,0.00000000,0
6449000,0.06509925,0.02218341,11.36299967,7.85873304,95.43872326,1.82173973,0
6450000,0.06764449,0.05956824,0.00000000,0.00000000,0.00000000,0.00000000,0
6451000,0.05958675,0.08494880,10.66113114,29.87195556,502.99672305,0.00000000,1
6452000,0.03286912,0.00425594,2.79980686,0.58036170,4.08786907,0.02087869,0
6453000,0.04518140,0.00083458,5.59548130,-0.81687904,15.65470550,0.24682359,0
6454000,0.09800405,0.04311581,0.00000000,0.00000000,0.00000000,0.00000000,0
6455000,0.16223791,0.03020833,0.00000000,0.00000000,0.00000000,0.00000000,0
6456000,0.06522798,0.00871296,8.80299368,2.21860001,41.20744185,0.47147637,0
6457000,0.05707601,0.02844939,8.91133461,10.63926817,96.30295581,1.23707252,0
6458000,0.09392501,0.01670745,17.30327797,6.12185578,168.44027334,1.71924959,0
6459000,0.09743144,0.05683529,0.00000000,0.00000000,0.00000000,0.00000000,0
6460000,0.04873318,0.02191732,0.00000000,0.00000000,0.00000000,0.00000000,0
6461000,0.14060560,0.00251188,29.47849779,-0.20937338,434.49091585,0.00000000,1
6462000,0.07017251,0.00568367,3.43183297,0.03918890,5.88950665,0.03889507,0
6463000,0.06554314,0.02666688,4.51303500,3.19934272,15.30163937,0.13443769,0
6464000,0.07029723,0.00568358,5.93599044,0.34450391,17.67733270,0.21722510,0
6465000,0.05901518,0.07548347,5.57242948,13.63307907,108.45640768,1.17287014,0
6466000,0.05012046,0.04103722,5.11871626,7.78305011,43.38856260,0.41837599,0
6467000,0.09105467,0.06128907,0.00000000,0.00000000,0.00000000,0.00000000,0
6468000,0.06947048,0.00575365,10.92145734,0.80089772,59.95983382,0.63188971,0
6469000,0.07333758,0.01340420,0.00000000,0.00000000,0.00000000,0.00000000,0
6470000,0.03481255,0.02519285,0.00000000,0.00000000,0.00000000,0.00000000,0
6471000,0.04829074,0.01275587,10.32720819,3.90409924,60.94660994,0.82303623,0
6472000,0.07572161,0.02714999,0.00000000,0.00000000,0.00000000,0.00000000,0
6473000,0.07249507,0.00917422,16.47680783,2.23129503,138.23193688,2.57505800,0
6474000,0.13687606,0.04725352,0.00000000,0.00000000,0.00000000,0.00000000,0
6475000,0.11624860,0.05717102,0.00000000,0.00000000,0.00000000,0.00000000,0
6476000,0.04606592,0.03571017,5.44901159,9.51823200,60.14423387,0.64142692,0
6477000,0.05906794,0.07282387,8.66260528,22.93772487,300.58997617,0.00000000,1
6478000,0.05223493,0.04958467,7.71545430,17.42205104,181.52804868,1.79528049,0
6479000,0.07845606,0.03092751,0.00000000,0.00000000,0.00000000,0.00000000,0
6480000,0.06547347,0.00367520,0.00000000,0.00000000,0.00000000,0.00000000,0
6481000,0.07925355,0.03540109,14.61049351,10.59361563,162.84560645,2.00693780,0
6482000,0.05239132,0.00918823,0.00000000,0.00000000,0.00000000,0.00000000,0
6483000,0.11633213,0.03555272,17.95917481,8.76926822,199.71601254,2.51124631,0
6484000,0.05940191,0.06138991,0.00000000,0.00000000,0.00000000,0.00000000,0
6485000,0.03565315,0.01083987,0.00000000,0.00000000,0.00000000,0.00000000,0
6486000,0.03233527,0.00604049,5.84198686,1.08931186,17.65770540,0.41902557,0
6487000,0.05144422,0.00869339,0.00000000,0.00000000,0.00000000,0.00000000,0
6488000,0.06420740,0.04273964,9.52480304,15.24650435,161.58888398,1.77132297,0
6489000,0.07961842,0.10282356,0.00000000,0.00000000,0.00000000,0.00000000,0
6490000,0.04562224,0.02013863,0.00000000,0.00000000,0.00000000,0.00000000,0
6491000,0.03800867,0.01404010,7.24275292,3.87486754,33.73603414,0.38101124,0
6492000,0.15277211,0.04438499,0.00000000,0.00000000,0.00000000,0.00000000,0
6493000,0.04049468,0.02901822,5.95320751,9.13105991,59.40846730,0.60728458,0
6494000,0.04284325,0.01220859,7.51218713,3.62900982,34.80133387,0.41397703,0
6495000,0.04700168,0.01490233,9.31072124,4.99694444,55.82949192,1.06396538,0
6496000,0.09696022,0.01745767,0.00000000,0.00000000,0.00000000,0.00000000,0
6497000,0.09045806,0.02700609,12.49205640,6.64773876,100.12195186,1.01168213,0
6498000,0.07665396,0.01342844,0.00000000,0.00000000,0.00000000,0.00000000,0
6499000,0.06554015,0.04010604,5.45091513,5.94984117,32.55654286,0.35918339,0
6500000,0.02831311,0.00638320,2.41865628,0.59286010,3.10069064,0.11190767,0
6501000,0.04804007,0.01843800,5.28063290,3.28968220,19.35354641,0.49215521,0
6502000,0.06009936,0.03451913,7.51764219,7.31647232,55.02285561,0.53568895,0
6503000,0.04412399,0.01913345,0.00000000,0.00000000,0.00000000,0.00000000,0
6504000,0.04768924,0.00273873,9.16528888,-0.03408404,42.00126009,1.31644591,0
6505000,0.06313107,0.01202440,0.00000000,0.00000000,0.00000000,0.00000000,0
6506000,0.04747615,0.02004507,0.00000000,0.00000000,0.00000000,0.00000000,0
6507000,0.07763906,0.00874780,12.86343294,2.03190626,84.79827507,0.92361108,0
6508000,0.06137667,0.02487586,0.00000000,0.00000000,0.00000000,0.00000000,0
6509000,0.04685483,0.02207151,8.40486925,6.59780441,57.08642507,0.69217265,0
6510000,0.05944771,0.00071370,0.00000000,0.00000000,0.00000000,0.00000000,0
6511000,0.03777204,0.02144555,6.20611113,8.29031436,53.62256381,0.78610794,0
6512000,0.04887723,0.01694817,0.00000000,0.00000000,0.00000000,0.00000000,0
6513000,0.05853331,0.00076726,10.11536823,-0.84259730,51.16033718,0.59221505,0
6514000,0.05827979,0.01443461,0.00000000,0.00000000,0.00000000,0.00000000,0
6515000,0.03136214,0.01282664,3.19597841,4.18983152,13.88448308,0.20454236,0
6516000,0.06790709,0.00283003,9.37719161,0.10347279,43.97121457,0.51770557,0
6517000,0.03861904,0.01220555,0.00000000,0.00000000,0.00000000,0.00000000,0
6518000,0.10676641,0.04903042,12.36303016,17.99817823,238.38946723,2.62258306,0
6519000,0.11560878,0.00319491,0.00000000,0.00000000,0.00000000,0.00000000,0
6520000,0.08438893,0.01971819,11.72740734,6.67988576,91.07647829,0.97967464,0
6521000,0.07875092,0.06149790,12.83658460,25.40454613,405.08443407,0.00000000,1
6522000,0.05450201,0.05485170,3.75718216,11.69387047,75.43151221,0.73431512,0
6523000,0.09775348,0.00308117,10.03184240,-0.06995104,50.31893094,0.49721305,0
6524000,0.08501177,0.00363956,0.00000000,0.00000000,0.00000000,0.00000000,0
6525000,0.04398613,0.03081214,4.19860723,9.07484145,49.99052505,0.65402454,0
6526000,0.04028722,0.01550188,0.00000000,0.00000000,0.00000000,0.00000000,0
6527000,0.07024992,0.00422034,0.00000000,0.00000000,0.00000000,0.00000000,0
6528000,0.08444922,0.05017852,0.00000000,0.00000000,0.00000000,0.00000000,0
6529000,0.04682429,0.05416878,7.20266342,16.74495440,166.13592909,1.68107183,0
6530000,0.06964470,0.02850898,0.00000000,0.00000000,0.00000000,0.00000000,0
6531000,0.06233810,0.01498381,15.81573613,5.33959652,139.32440019,1.62742936,0
6532000,0.04107280,0.00431122,0.00000000,0.00000000,0.00000000,0.00000000,0
6533000,0.05547052,0.00651386,11.21925517,1.67202221,64.33367236,0.77672033,0
6534000,0.07326479,0.03351766,0.00000000,0.00000000,0.00000000,0.00000000,0
6535000,0.16748579,0.17677692,17.77810255,57.23584339,1796.00134932,0.00000000,1
6536000,0.04269572,0.04358601,3.25921750,5.84234375,22.37773960,0.20377740,0
6537000,0.03524490,0.02489251,3.58961451,4.15309995,15.06678574,0.14781663,0
6538000,0.05769486,0.06551062,7.65564710,14.18167544,129.86442547,1.31166004,0
6539000,0.05260015,0.00939396,0.00000000,0.00000000,0.00000000,0.00000000,0
6540000,0.04494607,0.03798854,5.13546073,10.70525684,70.48774047,0.69139718,0
6541000,0.03893800,0.02139090,0.00000000,0.00000000,0.00000000,0.00000000,0
6542000,0.05507414,0.02215564,8.77678599,7.53967633,66.93934569,0.74921232,0
6543000,0.07865566,0.00712040,0.00000000,0.00000000,0.00000000,0.00000000,0
6544000,0.03473090,0.00680762,5.53994234,1.79837239,16.96255216,0.60795149,0
6545000,0.06041437,0.05040225,0.00000000,0.00000000,0.00000000,0.00000000,0
6546000,0.08228706,0.04261808,0.00000000,0.00000000,0.00000000,0.00000000,0
6547000,0.06192039,0.03868642,7.00696266,11.92896256,95.69883674,1.01664004,0
6548000,0.03446021,0.01753605,4.20217375,5.38545629,23.33070185,0.24631106,0
6549000,0.06910329,0.01364638,0.00000000,0.00000000,0.00000000,0.00000000,0
6550000,0.06893683,0.03657534,9.34268532,13.71728452,137.72483179,1.48936876,0
6551000,0.07109305,0.00327429,0.00000000,0.00000000,0.00000000,0.00000000,0
6552000,0.03031215,0.00690437,0.00000000,0.00000000,0.00000000,0.00000000,0
6553000,0.08703317,0.09051196,22.02106400,34.53622795,838.83915056,0.00000000,1
6554000,0.06110175,0.04630808,6.27109019,12.91694310,103.08699556,1.01086996,0
6555000,0.05998285,0.02130334,8.35373948,6.61799717,56.79142487,0.72505648,0
6556000,0.04752193,0.03426526,7.65170557,12.37676953,105.86651106,1.13246258,0
6557000,0.07849938,0.03028781,0.00000000,0.00000000,0.00000000,0.00000000,0
6558000,0.04412113,0.01106139,0.00000000,0.00000000,0.00000000,0.00000000,0
6559000,0.04981175,0.01932178,8.15067521,6.29872214,53.05370348,0.61386796,0
6560000,0.07936036,0.02883292,0.00000000,0.00000000,0.00000000,0.00000000,0
6561000,0.03779715,0.01573972,6.56507032,4.60512948,32.15368289,0.34538376,0
6562000,0.08665308,0.00754947,0.00000000,0.00000000,0.00000000,0.00000000,0
6563000,0.06364276,0.00413007,0.00000000,0.00000000,0.00000000,0.00000000,0
6564000,0.07283559,0.05708380,12.57533603,23.46612870,354.39913635,0.00000000,1
6565000,0.05990209,0.00626667,6.34249910,0.79831033,20.43229712,0.18432297,0
6566000,0.07182330,0.01333769,10.30114321,3.44387070,58.98689847,0.81910984,0
6567000,0.08137716,0.00982163,13.93113900,2.54967201,100.28873063,1.10841383,0
6568000,0.04836845,0.02390165,8.78121787,8.33260959,73.27108494,0.79925748,0
6569000,0.04770826,0.00101149,9.40974499,-0.72451205,44.27165043,0.64450802,0
6570000,0.04591079,0.02558956,9.69268242,9.85400511,95.52475458,1.34937024,0
6571000,0.05166809,0.00315805,11.73993673,0.20231660,68.93352325,0.98434431,0
6572000,0.07453816,0.01775284,0.00000000,0.00000000,0.00000000,0.00000000,0
6573000,0.02987204,0.01377766,3.40279565,3.43193195,11.67858758,0.10456627,0
6574000,0.07792164,0.03768512,12.36748856,12.35201733,152.76355270,1.59098563,0
6575000,0.04582652,0.02449295,7.69314793,8.33765609,64.35051704,0.65124300,0
6576000,0.04304498,0.03398865,7.79577429,12.59859883,109.74939467,1.21822925,0
6577000,0.02987833,0.00058359,0.00000000,0.00000000,0.00000000,0.00000000,0
6578000,0.06630874,0.07627972,16.57843663,34.27383323,724.77010283,0.00000000,1
6579000,0.18578345,0.05378492,13.65986698,16.02752029,221.73668622,2.19736686,0
6580000,0.15775093,0.02155677,0.00000000,0.00000000,0.00000000,0.00000000,0
6581000,0.10061932,0.00053040,9.93434431,-0.63700013,49.34559844,0.48965786,0
6582000,0.05668702,0.00876162,0.00000000,0.00000000,0.00000000,0.00000000,0
6583000,0.12020762,0.03077481,11.85095178,9.84428378,118.67749068,1.32600507,0
6584000,0.08588140,0.00890056,9.98016776,2.41645845,52.72150994,0.52081202,0
6585000,0.06646286,0.03336185,0.00000000,0.00000000,0.00000000,0.00000000,0
6586000,0.11367465,0.07447796,19.49607260,19.64637229,383.03839553,0.00000000,1
6587000,0.05434287,0.02285849,3.95409943,3.89878283,15.41770493,0.13417705,0
6588000,0.03359821,0.01883657,3.13503512,4.12665176,13.42884997,0.11901409,0
6589000,0.04730295,0.02633809,0.00000000,0.00000000,0.00000000,0.00000000,0
6590000,0.02142702,0.00394951,2.81640527,0.68943507,4.20372966,0.34011339,0
6591000,0.09292299,0.03609924,0.00000000,0.00000000,0.00000000,0.00000000,0
6592000,0.07168641,0.00752477,0.00000000,0.00000000,0.00000000,0.00000000,0
6593000,0.02796227,0.00983410,4.11395089,2.91995307,12.72535894,0.20325535,0
6594000,0.04226545,0.01877131,0.00000000,0.00000000,0.00000000,0.00000000,0
6595000,0.05873290,0.03206978,11.98587035,13.45237567,162.31374970,1.68404272,0
6596000,0.04143173,0.01241614,0.00000000,0.00000000,0.00000000,0.00000000,0
6597000,0.02940840,0.00337629,0.00000000,0.00000000,0.00000000,0.00000000,0
6598000,0.03228609,0.02725155,6.27847894,11.57196938,86.66488660,1.05428978,0
6599000,0.06736261,0.05499812,0.00000000,0.00000000,0.00000000,0.00000000,0
6600000,0.04547625,0.01567188,0.00000000,0.00000000,0.00000000,0.00000000,0
6601000,0.11565861,0.02384401,26.58006523,9.33225195,396.79539707,0.00000000,1
6602000,0.04049489,0.00028582,7.81781019,-1.05927173,30.55907812,0.28559078,0
6603000,0.04944775,0.02602638,0.00000000,0.00000000,0.00000000,0.00000000,0
6604000,0.08128363,0.02322482,0.00000000,0.00000000,0.00000000,0.00000000,0
6605000,0.03698918,0.03713748,0.00000000,0.00000000,0.00000000,0.00000000,0
6606000,0.03795180,0.00928587,5.15295227,2.95371831,17.63868450,0.26143562,0
6607000,0.05407552,0.01495007,0.00000000,0.00000000,0.00000000,0.00000000,0
6608000,0.02603805,0.01241383,4.33577193,3.58688717,15.83233891,0.18403772,0
6609000,0.08132961,0.00199414,19.07943367,-0.32282277,182.01239451,2.00795227,0
6610000,0.07406385,0.00235667,0.00000000,0.00000000,0.00000000,0.00000000,0
6611000,0.06039224,0.05839309,7.17530729,19.67925807,219.37911647,2.27899895,0
6612000,0.03958498,0.05988337,0.00000000,0.00000000,0.00000000,0.00000000,0
6613000,0.04001062,0.00077348,4.43702846,-0.70789888,9.84361079,0.19520692,0
6614000,0.04929231,0.00543103,0.00000000,0.00000000,0.00000000,0.00000000,0
6615000,0.01406428,0.01628659,1.97134049,5.79875716,18.75588398,0.20815583,0
6616000,0.06239531,0.03638763,0.00000000,0.00000000,0.00000000,0.00000000,0
6617000,0.09674953,0.01362766,19.14302273,4.17849544,191.95757178,2.08025123,0
6618000,0.08753247,0.03453340,0.00000000,0.00000000,0.00000000,0.00000000,0
6619000,0.03714519,0.00943005,4.09582643,2.40318901,11.27555576,0.19754335,0
6620000,0.02569978,0.01432491,3.12349811,4.68484010,15.85198360,0.23448588,0
6621000,0.08098796,0.04423466,13.40680545,17.71567803,246.79384017,2.68333331,0
6622000,0.03651265,0.01540645,0.00000000,0.00000000,0.00000000,0.00000000,0
6623000,0.04096179,0.03122334,7.48118439,10.09654581,78.95417863,0.83009560,0
6624000,0.16075848,0.01951649,0.00000000,0.00000000,0.00000000,0.00000000,0
6625000,0.04124270,0.03313197,5.92384632,14.48751973,122.49009156,1.70648118,0
6626000,0.03292014,0.00671789,0.00000000,0.00000000,0.00000000,0.00000000,0
6627000,0.07166217,0.00261342,0.00000000,0.00000000,0.00000000,0.00000000,0
6628000,0.09944668,0.06499042,0.00000000,0.00000000,0.00000000,0.00000000,0
6629000,0.06044253,0.02685619,10.42980024,7.58914514,83.18792851,0.89647313,0
6630000,0.06142429,0.03223202,0.00000000,0.00000000,0.00000000,0.00000000,0
6631000,0.07700741,0.04417733,11.57788843,14.94895145,178.75932504,1.90101223,0
6632000,0.04682231,0.01926671,0.00000000,0.00000000,0.00000000,0.00000000,0
6633000,0.06714068,0.01774298,12.17561985,6.69193124,96.51383122,1.06846787,0
6634000,0.03912957,0.03278806,0.00000000,0.00000000,0.00000000,0.00000000,0
6635000,0.04727348,0.01828251,0.00000000,0.00000000,0.00000000,0.00000000,0
6636000,0.08981045,0.07350875,0.00000000,0.00000000,0.00000000,0.00000000,0
6637000,0.08786264,0.02047491,0.00000000,0.00000000,0.00000000,0.00000000,0
6638000,0.04301739,0.00949757,6.03623639,2.50551299,21.35687254,0.31706698,0
6639000,0.08618425,0.07533520,15.55463667,30.06766086,573.00547578,0.00000000,1
6640000,0.05013505,0.02725147,5.55034828,5.39912560,29.97846166,0.27978462,0
6641000,0.07012411,0.01987413,11.02945536,4.89470498,72.80351123,0.77838608,0
6642000,0.05388149,0.02687298,0.00000000,0.00000000,0.00000000,0.00000000,0
6643000,0.05438744,0.03373181,0.00000000,0.00000000,0.00000000,0.00000000,0
6644000,0.02603261,0.00470031,4.83901277,0.59398061,11.88442880,0.14896593,0
6645000,0.05059649,0.00272074,12.50113316,-0.06332979,78.13916520,1.74135212,0
6646000,0.05986998,0.03405458,0.00000000,0.00000000,0.00000000,0.00000000,0
6647000,0.01930985,0.01348884,0.00000000,0.00000000,0.00000000,0.00000000,0
6648000,0.08487577,0.05847932,19.04101435,24.07021017,470.96762251,0.00000000,1
6649000,0.04897552,0.02237199,5.22511610,7.32428147,40.47346868,0.38473469,0
6650000,0.05137189,0.01277855,0.00000000,0.00000000,0.00000000,0.00000000,0
6651000,0.05946680,0.00216027,15.43280896,-0.29661854,119.08579613,1.35021015,0
6652000,0.05010843,0.01582885,0.00000000,0.00000000,0.00000000,0.00000000,0
6653000,0.09179050,0.02058012,0.00000000,0.00000000,0.00000000,0.00000000,0
6654000,0.02564349,0.01349737,0.00000000,0.00000000,0.00000000,0.00000000,0
6655000,0.04171600,0.04977461,8.06811340,21.20789432,257.43461760,2.79020320,0
6656000,0.08883493,0.00446119,0.00000000,0.00000000,0.00000000,0.00000000,0
6657000,0.06866776,0.00508915,10.94465780,0.88155153,60.28133372,0.63038353,0
6658000,0.08355998,0.04293914,0.00000000,0.00000000,0.00000000,0.00000000,0
6659000,0.08954931,0.04486530,0.00000000,0.00000000,0.00000000,0.00000000,0
6660000,0.07355895,0.00085035,8.07678399,-0.72490549,32.61721978,0.33549133,0
6661000,0.03516093,0.00097832,4.10725546,-0.68678686,8.43477370,0.14466327,0
6662000,0.05714006,0.00664368,0.00000000,0.00000000,0.00000000,0.00000000,0
6663000,0.02238911,0.01764448,4.83043725,7.37763356,38.88130048,0.68394265,0
6664000,0.05535227,0.01088524,0.00000000,0.00000000,0.00000000,0.00000000,0
6665000,0.06054671,0.01554773,0.00000000,0.00000000,0.00000000,0.00000000,0
6666000,0.05602653,0.01609242,9.99889625,6.26112008,69.58977542,1.97077329,0
6667000,0.03770043,0.01884658,0.00000000,0.00000000,0.00000000,0.00000000,0
6668000,0.06317227,0.00494219,0.00000000,0.00000000,0.00000000,0.00000000,0
6669000,0.05963166,0.00443470,0.00000000,0.00000000,0.00000000,0.00000000,0
6670000,0.05617293,0.01252784,7.81864358,4.27824890,39.71730055,0.48020350,0
6671000,0.04267086,0.07691573,6.69150180,34.53699173,618.78999700,0.00000000,1
6672000,0.05525020,0.03899769,6.91254428,9.43473772,68.39877215,0.66398772,0
6673000,0.06790861,0.02661397,11.53163552,7.70840747,96.19908170,1.07170922,0
6674000,0.02789154,0.00963429,0.00000000,0.00000000,0.00000000,0.00000000,0
6675000,0.03602308,0.03323392,3.92913795,11.63430175,75.39755117,0.81292966,0
6676000,0.03826319,0.01962357,5.06420972,6.95184259,36.98716775,0.52936985,0
6677000,0.04547951,0.03175772,7.07340504,12.79895412,106.92314265,1.13718168,0
6678000,0.04537349,0.02283488,0.00000000,0.00000000,0.00000000,0.00000000,0
6679000,0.04651548,0.02705653,10.42851193,10.53129623,109.83103074,1.18895127,0
6680000,0.07479792,0.01162518,0.00000000,0.00000000,0.00000000,0.00000000,0
6681000,0.02661949,0.02914929,0.00000000,0.00000000,0.00000000,0.00000000,0
6682000,0.05371699,0.00822243,8.45856363,2.72549715,39.48781669,0.60896559,0
6683000,0.20277280,0.03348519,0.00000000,0.00000000,0.00000000,0.00000000,0
6684000,0.03745210,0.01741208,0.00000000,0.00000000,0.00000000,0.00000000,0
6685000,0.03828845,0.02122595,6.47983738,9.76818079,68.70282424,0.96706676,0
6686000,0.10344794,0.00359954,0.00000000,0.00000000,0.00000000,0.00000000,0
6687000,0.03091899,0.00429471,5.31751337,0.51040900,14.26823290,0.19272100,0
6688000,0.05667077,0.01695210,12.50855708,5.57634473,93.77981046,1.22635156,0
6689000,0.07259115,0.07254665,0.00000000,0.00000000,0.00000000,0.00000000,0
6690000,0.05739524,0.02407347,0.00000000,0.00000000,0.00000000,0.00000000,0
6691000,0.05398035,0.00977189,10.76954224,2.67535937,61.57029389,0.66701964,0
6692000,0.10681809,0.02743202,0.00000000,0.00000000,0.00000000,0.00000000,0
6693000,0.08135892,0.00811869,0.00000000,0.00000000,0.00000000,0.00000000,0
6694000,0.05803067,0.03930008,10.54108492,11.68112725,123.78160255,1.40322936,0
6695000,0.06825409,0.00770170,0.00000000,0.00000000,0.00000000,0.00000000,0
6696000,0.06248349,0.00537680,12.91100567,0.97432442,83.82168768,1.31318415,0
6697000,0.02735339,0.00180379,0.00000000,0.00000000,0.00000000,0.00000000,0
6698000,0.05403786,0.02357312,8.04290993,8.95774021,72.46475486,0.91851661,0
6699000,0.09858613,0.00580236,0.00000000,0.00000000,0.00000000,0.00000000,0
6700000,0.06831323,0.02605612,0.00000000,0.00000000,0.00000000,0.00000000,0
6701000,0.05514662,0.02513439,9.52162550,8.87855065,84.74500693,1.36975368,0
6702000,0.05809053,0.01550288,0.00000000,0.00000000,0.00000000,0.00000000,0
6703000,0.04187708,0.00937113,0.00000000,0.00000000,0.00000000,0.00000000,0
6704000,0.04444432,0.00849347,6.28854235,2.53074936,22.97522858,0.60412927,0
6705000,0.06219042,0.01358372,10.84956044,5.13922620,72.06230380,0.83629628,0
6706000,0.10029978,0.02678468,0.00000000,0.00000000,0.00000000,0.00000000,0
6707000,0.07500286,0.02237668,0.00000000,0.00000000,0.00000000,0.00000000,0
6708000,0.14196537,0.02120378,19.21529579,7.47533610,212.55412098,2.34509895,0
6709000,0.06509346,0.00517703,0.00000000,0.00000000,0.00000000,0.00000000,0
6710000,0.05942152,0.02416961,7.54257670,8.62385239,65.63064666,0.70339137,0
6711000,0.07464122,0.04262470,11.58370884,17.45618681,219.45038430,2.45724368,0
6712000,0.09545462,0.01767260,0.00000000,0.00000000,0.00000000,0.00000000,0
6713000,0.04524203,0.02842716,4.22724114,8.66576023,46.48248402,0.45380193,0
6714000,0.03610407,0.01806938,0.00000000,0.00000000,0.00000000,0.00000000,0
6715000,0.05997904,0.00475864,0.00000000,0.00000000,0.00000000,0.00000000,0
6716000,0.03779709,0.02300759,0.00000000,0.00000000,0.00000000,0.00000000,0
6717000,0.03307251,0.01975884,4.78734763,7.26460186,37.84656874,0.42830351,0
6718000,0.02187672,0.03262457,3.27904085,13.70594513,99.30252037,1.22162566,0
6719000,0.08001555,0.04874252,0.00000000,0.00000000,0.00000000,0.00000000,0
6720000,0.07350776,0.00011989,0.00000000,0.00000000,0.00000000,0.00000000,0
6721000,0.02556275,0.00490245,3.84022844,0.90329285,7.78164623,0.14376367,0
6722000,0.06442478,0.04892299,13.49268047,20.78392331,307.01194708,0.00000000,1
6723000,0.04432768,0.07946046,4.89290854,26.17406669,354.51116064,0.00000000,1
6724000,0.08222266,0.02022280,13.53191115,4.36660024,101.08990853,0.99089909,0
6725000,0.03781259,0.00631886,0.00000000,0.00000000,0.00000000,0.00000000,0
6726000,0.03605533,0.00516615,7.93508882,1.22319128,32.23091574,0.69806281,0
6727000,0.09046853,0.00370506,25.70245520,0.58176290,330.47732581,0.00000000,1
6728000,0.02286019,0.00282511,1.97187812,-0.03655692,1.94415166,0.00000000,0
6729000,0.05606749,0.02052599,8.19538081,7.78117444,63.85547115,1.08646263,0
6730000,0.05905920,0.00087418,0.00000000,0.00000000,0.00000000,0.00000000,0
6731000,0.06876659,0.02240303,9.53060576,7.67185326,74.84488929,0.78039904,0
6732000,0.06514824,0.01795883,0.00000000,0.00000000,0.00000000,0.00000000,0
6733000,0.06586882,0.00119929,13.61615483,-0.61027333,92.69983621,1.45492707,0
6734000,0.04498090,0.00648998,10.32988518,1.65226449,54.71825292,0.63413383,0
6735000,0.09432524,0.01590399,0.00000000,0.00000000,0.00000000,0.00000000,0
6736000,0.02427462,0.00748203,4.47269461,2.52747604,13.19656611,0.27097923,0
6737000,0.02121581,0.01734959,0.00000000,0.00000000,0.00000000,0.00000000,0
6738000,0.04253896,0.00754195,9.22118183,2.23956386,45.02292033,0.81453707,0
6739000,0.09864876,0.04136637,0.00000000,0.00000000,0.00000000,0.00000000,0
6740000,0.09972226,0.04818616,13.13732903,17.81435088,244.97025574,2.45988059,0
6741000,0.06760867,0.01752160,0.00000000,0.00000000,0.00000000,0.00000000,0
6742000,0.03398093,0.00628047,5.31332107,1.55152875,15.31931112,0.22622069,0
6743000,0.03718274,0.01629876,7.02717388,6.58794343,46.39108570,1.76044376,0
6744000,0.03914080,0.00813792,0.00000000,0.00000000,0.00000000,0.00000000,0
6745000,0.11926807,0.03558059,28.51855860,19.05692994,588.23738165,0.00000000,1
6746000,0.04561067,0.00661804,6.77780665,1.78686903,24.56578193,0.22565782,0
6747000,0.03259295,0.00040119,5.96974583,-1.13257968,17.81893266,0.32656263,0
6748000,0.06270114,0.01909322,14.78096879,8.95396327,149.32524828,2.00086624,0
6749000,0.06254579,0.05969710,0.00000000,0.00000000,0.00000000,0.00000000,0
6750000,0.02857707,0.00849310,5.14037599,2.12446563,15.46840976,0.27483096,0
6751000,0.09352770,0.06295309,22.96643584,24.64588398,567.43838627,0.00000000,1
6752000,0.03024336,0.02790641,3.54511565,8.72151625,44.31634537,0.42316345,0
6753000,0.02090442,0.00969644,2.87069812,2.76572540,7.94507235,0.73135479,0
6754000,0.02742366,0.01424356,4.90227185,5.09532732,24.99731491,0.79109201,0
6755000,0.05851457,0.00015121,13.39948471,-1.13705361,89.77309529,1.45207582,0
6756000,0.05421800,0.02656229,0.00000000,0.00000000,0.00000000,0.00000000,0
6757000,0.07239518,0.00918408,16.69525964,2.77574934,143.21823936,2.73099656,0
6758000,0.05561843,0.01789011,0.00000000,0.00000000,0.00000000,0.00000000,0
6759000,0.06698266,0.01367458,10.86969096,5.70494600,75.34829527,1.12199994,0
6760000,0.17693305,0.00181791,0.00000000,0.00000000,0.00000000,0.00000000,0
6761000,0.05264357,0.02829148,8.93344321,11.99739101,111.87189925,1.20360557,0
6762000,0.11738376,0.06522653,0.00000000,0.00000000,0.00000000,0.00000000,0
6763000,0.07930713,0.00878909,0.00000000,0.00000000,0.00000000,0.00000000,0
6764000,0.07279463,0.05171123,11.53489644,20.72078815,281.20244881,2.82853654,0
6765000,0.05373871,0.04061342,0.00000000,0.00000000,0.00000000,0.00000000,0
6766000,0.03657806,0.02174229,0.00000000,0.00000000,0.00000000,0.00000000,0
6767000,0.06696993,0.00362054,6.57975025,0.42541259,21.73704461,0.20195675,0
6768000,0.03334042,0.04642186,0.00000000,0.00000000,0.00000000,0.00000000,0
6769000,0.07553400,0.05177128,15.09455467,18.78780267,290.41355499,2.93939665,0
6770000,0.06345334,0.00641751,0.00000000,0.00000000,0.00000000,0.00000000,0
6771000,0.08223973,0.02575191,15.11508038,9.57663198,160.08876748,1.73885468,0
6772000,0.08646138,0.01025041,0.00000000,0.00000000,0.00000000,0.00000000,0
6773000,0.07478338,0.02684786,0.00000000,0.00000000,0.00000000,0.00000000,0
6774000,0.05566427,0.01210973,0.00000000,0.00000000,0.00000000,0.00000000,0
6775000,0.10458850,0.07553211,24.61499795,23.92330886,589.11141556,0.00000000,1
6776000,0.06003261,0.03273406,7.78933277,6.63530473,52.35048691,0.50350487,0
6777000,0.05014044,0.04553627,8.39356865,12.37954608,111.85257791,1.26460663,0
6778000,0.07176644,0.04837375,0.00000000,0.00000000,0.00000000,0.00000000,0
6779000,0.08437926,0.08108857,0.00000000,0.00000000,0.00000000,0.00000000,0
6780000,0.03558506,0.00751580,4.82812533,1.38871228,12.61965798,0.34680092,0
6781000,0.05867190,0.01725881,10.22813480,5.04717268,65.04434682,0.94980347,0
6782000,0.03820530,0.00002868,7.04498483,-1.03931699,24.81590560,0.49286018,0
6783000,0.02998369,0.01433247,5.77087739,4.64674569,27.44763570,0.30453350,0
6784000,0.04068935,0.00426508,0.00000000,0.00000000,0.00000000,0.00000000,0
6785000,0.02634929,0.01455425,4.85941921,5.74566550,28.31331356,0.43479124,0
6786000,0.06965135,0.06481995,0.00000000,0.00000000,0.00000000,0.00000000,0
6787000,0.08838665,0.04472503,0.00000000,0.00000000,0.00000000,0.00000000,0
6788000,0.08282438,0.00463079,13.51729646,0.68878712,91.59586568,0.93851833,0
6789000,0.04743364,0.01549073,0.00000000,0.00000000,0.00000000,0.00000000,0
6790000,0.13333638,0.03094934,36.79378877,16.01467140,805.12629593,0.00000000,1
6791000,0.02379199,0.03424829,3.16284323,13.65950414,98.29281531,0.96292815,0
6792000,0.06272234,0.01038520,0.00000000,0.00000000,0.00000000,0.00000000,0
6793000,0.07486712,0.01743198,0.00000000,0.00000000,0.00000000,0.00000000,0
6794000,0.04807355,0.00107168,5.81886078,-0.68193429,16.92957041,0.18763529,0
6795000,0.07527333,0.03681038,0.00000000,0.00000000,0.00000000,0.00000000,0
6796000,0.04416113,0.03037282,6.48351838,9.75691196,68.61667084,0.74352177,0
6797000,0.11546142,0.00350534,0.00000000,0.00000000,0.00000000,0.00000000,0
6798000,0.03867136,0.01263941,6.95635717,3.17226732,29.22709255,0.30571679,0
6799000,0.04860590,0.01566970,0.00000000,0.00000000,0.00000000,0.00000000,0
6800000,0.03609923,0.01112134,4.58395821,3.28381465,15.89805579,0.39465162,0
6801000,0.07983842,0.00457200,13.42075313,0.82186908,90.39604163,1.03811988,0
6802000,0.07742497,0.00880909,0.00000000,0.00000000,0.00000000,0.00000000,0
6803000,0.07271529,0.01657481,5.57000545,5.31130541,29.61746292,0.31171033,0
6804000,0.07392133,0.09975890,0.00000000,0.00000000,0.00000000,0.00000000,0
6805000,0.06010773,0.06176004,8.89463289,16.31377477,172.62687083,1.71652729,0
6806000,0.02572454,0.00718101,0.00000000,0.00000000,0.00000000,0.00000000,0
6807000,0.03946613,0.01366584,6.68208545,3.88141551,29.85782612,0.43384509,0
6808000,0.05096196,0.03126535,0.00000000,0.00000000,0.00000000,0.00000000,0
6809000,0.04983179,0.01340587,12.19297692,5.19835535,87.84579227,1.20384922,0
6810000,0.08927805,0.09673667,0.00000000,0.00000000,0.00000000,0.00000000,0
6811000,0.04243476,0.00236197,0.00000000,0.00000000,0.00000000,0.00000000,0
6812000,0.09629360,0.00491438,16.24878839,0.79170638,132.32496156,1.47997271,0
6813000,0.11358224,0.01291627,0.00000000,0.00000000,0.00000000,0.00000000,0
6814000,0.04571055,0.04323388,4.65061500,15.02017831,123.61698823,1.42612969,0
6815000,0.04657399,0.01777405,5.65437247,6.14733951,34.88085551,0.58239986,0
6816000,0.02668140,0.00250736,3.25784207,-0.03034629,5.30676748,0.59978102,0
6817000,0.02223832,0.01651008,2.81401937,6.39561116,24.41127354,0.39342493,0
6818000,0.02990746,0.00190819,0.00000000,0.00000000,0.00000000,0.00000000,0
6819000,0.02247755,0.01306381,4.04674050,4.69645021,19.21637666,1.29317624,0
6820000,0.10187997,0.02981013,0.00000000,0.00000000,0.00000000,0.00000000,0
6821000,0.07007242,0.00444294,0.00000000,0.00000000,0.00000000,0.00000000,0
6822000,0.12123787,0.00369404,15.62536446,0.09257875,122.08029262,1.21850535,0
6823000,0.11028247,0.05332648,0.00000000,0.00000000,0.00000000,0.00000000,0
6824000,0.04472020,0.01258876,0.00000000,0.00000000,0.00000000,0.00000000,0
6825000,0.04944200,0.01446504,0.00000000,0.00000000,0.00000000,0.00000000,0
6826000,0.03216966,0.01842228,0.00000000,0.00000000,0.00000000,0.00000000,0
6827000,0.03520443,0.00410515,6.93720659,0.93160821,24.49636457,0.42794911,0
6828000,0.08197498,0.01687527,0.00000000,0.00000000,0.00000000,0.00000000,0
6829000,0.06267919,0.00526415,0.00000000,0.00000000,0.00000000,0.00000000,0
6830000,0.02766472,0.04681208,4.91952514,21.13995189,235.54964665,2.46307623,0
6831000,0.06052702,0.00585275,0.00000000,0.00000000,0.00000000,0.00000000,0
6832000,0.04016123,0.00120053,7.09305306,-0.61338298,25.15570087,0.49859295,0
6833000,0.04217540,0.02003133,0.00000000,0.00000000,0.00000000,0.00000000,0
6834000,0.03380495,0.01264226,7.37354983,4.13564431,35.73639545,0.43755653,0
6835000,0.03112879,0.00339084,7.80051676,0.37085788,30.49279863,0.41458275,0
6836000,0.07214505,0.00860778,0.00000000,0.00000000,0.00000000,0.00000000,0
6837000,0.09334992,0.03023461,0.00000000,0.00000000,0.00000000,0.00000000,0
6838000,0.06119068,0.02178932,0.00000000,0.00000000,0.00000000,0.00000000,0
6839000,0.03758353,0.01037653,6.88016366,2.37688129,26.49310835,0.33656473,0
6840000,0.04815408,0.02371469,0.00000000,0.00000000,0.00000000,0.00000000,0
6841000,0.03385045,0.02743945,6.46995763,10.06932981,71.62587723,0.83482890,0
6842000,0.07811228,0.00499346,0.00000000,0.00000000,0.00000000,0.00000000,0
6843000,0.04778424,0.00137070,11.43185290,-0.49665154,65.34363042,1.05700513,0
6844000,0.04592576,0.00350544,0.00000000,0.00000000,0.00000000,0.00000000,0
6845000,0.02486139,0.01247776,0.00000000,0.00000000,0.00000000,0.00000000,0
6846000,0.05300107,0.03750923,11.48572489,16.61386853,203.97125187,2.13675568,0
6847000,0.08272048,0.05696120,0.00000000,0.00000000,0.00000000,0.00000000,0
6848000,0.08879349,0.01043731,0.00000000,0.00000000,0.00000000,0.00000000,0
6849000,0.05974480,0.00301700,9.55718827,0.06908299,45.67231009,0.56046132,0
6850000,0.09603334,0.09046424,0.00000000,0.00000000,0.00000000,0.00000000,0
6851000,0.03306599,0.01852417,0.00000000,0.00000000,0.00000000,0.00000000,0
6852000,0.03829516,0.05706095,6.97903800,16.09075880,153.80974513,1.68366777,0
6853000,0.09105738,0.01020741,0.00000000,0.00000000,0.00000000,0.00000000,0
6854000,0.04023543,0.02123371,0.00000000,0.00000000,0.00000000,0.00000000,0
6855000,0.05073074,0.00803374,0.00000000,0.00000000,0.00000000,0.00000000,0
6856000,0.10524668,0.01900938,24.47045526,5.32167751,313.56171602,0.00000000,1
6857000,0.08015432,0.03227517,18.04377690,15.51929198,283.21315410,2.81213154,0
6858000,0.06032504,0.04891104,0.00000000,0.00000000,0.00000000,0.00000000,0
6859000,0.05586446,0.08508258,0.00000000,0.00000000,0.00000000,0.00000000,0
6860000,0.03253337,0.01005205,0.00000000,0.00000000,0.00000000,0.00000000,0
6861000,0.08129463,0.06368747,11.76587174,19.40815741,257.55615590,2.83952244,0
6862000,0.04975022,0.01084478,0.00000000,0.00000000,0.00000000,0.00000000,0
6863000,0.01726740,0.00118418,0.00000000,0.00000000,0.00000000,0.00000000,0
6864000,0.03146849,0.00941001,8.59862242,3.56653126,43.32822639,0.61739745,0
6865000,0.05201214,0.00125118,0.00000000,0.00000000,0.00000000,0.00000000,0
6866000,0.04194286,0.00456307,0.00000000,0.00000000,0.00000000,0.00000000,0
6867000,0.05800002,0.04970596,13.68233176,23.79818423,376.77988753,0.00000000,1
6868000,0.21068498,0.02150702,28.31234343,6.41480401,421.36925056,0.00000000,1
6869000,0.08181151,0.05181206,14.45881142,23.55986046,382.06212625,0.00000000,1
6870000,0.03513773,0.00713498,3.97873916,1.35903346,8.83866863,0.06838669,0
6871000,0.05171009,0.00692111,8.54709276,1.66771397,37.91703229,0.91851980,0
6872000,0.06931496,0.02035214,0.00000000,0.00000000,0.00000000,0.00000000,0
6873000,0.03094821,0.02433161,0.00000000,0.00000000,0.00000000,0.00000000,0
6874000,0.06356792,0.01648135,11.21963096,7.29568832,89.55359347,1.39491006,0
6875000,0.04082066,0.00313098,0.00000000,0.00000000,0.00000000,0.00000000,0
6876000,0.04249295,0.00121910,8.52250188,-0.57415538,36.31651915,0.63462840,0
6877000,0.02293392,0.07697743,4.54892218,29.72793527,452.22141429,0.00000000,1
6878000,0.06055983,0.00363664,10.07119539,0.23026713,50.74099977,0.48741000,0
6879000,0.10411972,0.12581435,0.00000000,0.00000000,0.00000000,0.00000000,0
6880000,0.06742450,0.01160460,0.00000000,0.00000000,0.00000000,0.00000000,0
6881000,0.05489862,0.01578908,11.49679196,4.02837168,74.20200184,1.00349198,0
6882000,0.03620771,0.03099155,0.00000000,0.00000000,0.00000000,0.00000000,0
6883000,0.04958345,0.01369057,5.36494416,4.60286578,24.98449962,0.42626408,0
6884000,0.09942277,0.06792670,0.00000000,0.00000000,0.00000000,0.00000000,0
6885000,0.09971052,0.03960843,11.61409189,12.39262781,144.23217732,1.45798865,0
6886000,0.06088311,0.02586298,0.00000000,0.00000000,0.00000000,0.00000000,0
6887000,0.02410419,0.01047436,0.00000000,0.00000000,0.00000000,0.00000000,0
6888000,0.05204128,0.13150479,0.00000000,0.00000000,0.00000000,0.00000000,0
6889000,0.06140566,0.02414169,0.00000000,0.00000000,0.00000000,0.00000000,0
6890000,0.07332031,0.02447246,13.03425999,7.87561558,115.95862705,1.42842966,0
6891000,0.03051630,0.02886017,0.00000000,0.00000000,0.00000000,0.00000000,0
6892000,0.02173915,0.00195084,3.62927046,-0.20035898,6.58580204,0.08524604,0
6893000,0.10813662,0.03758024,26.85519258,18.55909766,532.82073737,0.00000000,1
6894000,0.06322380,0.02954812,11.54501782,11.14974310,128.80210381,1.26802104,0
6895000,0.02709203,0.00333004,0.00000000,0.00000000,0.00000000,0.00000000,0
6896000,0.06160088,0.05873588,11.10548657,25.16107910,378.20586681,0.00000000,1
6897000,0.10737564,0.10877532,9.80044786,26.09380042,388.46759941,0.00000000,1
6898000,0.02468748,0.00538770,1.08602599,0.45480460,0.69314984,0.00000000,0
6899000,0.10862245,0.00507701,9.20432945,0.61993501,42.55200006,0.43901986,0
6900000,0.07224997,0.05788171,0.00000000,0.00000000,0.00000000,0.00000000,0
6901000,0.07472815,0.11174306,10.90284826,34.86212329,667.11987018,0.00000000,1
6902000,0.05490161,0.05356298,4.05932123,10.60033042,64.42254689,0.62422547,0
6903000,0.06666848,0.08091991,6.95413120,21.33190648,251.70508744,2.51604724,0
6904000,0.06100401,0.00460545,0.00000000,0.00000000,0.00000000,0.00000000,0
6905000,0.03791658,0.01901177,4.31875229,4.61070310,19.95510220,0.26216890,0
6906000,0.05047370,0.00057958,7.21596942,-0.70266052,26.03510735,0.24925343,0
6907000,0.04947440,0.01783992,0.00000000,0.00000000,0.00000000,0.00000000,0
6908000,0.05994963,0.00042405,10.46709878,-0.98993359,54.78007841,0.76039777,0
6909000,0.04296370,0.00703450,0.00000000,0.00000000,0.00000000,0.00000000,0
6910000,0.04895329,0.02883453,8.95597410,13.75586845,134.71669450,2.07232152,0
6911000,0.07008034,0.02587359,0.00000000,0.00000000,0.00000000,0.00000000,0
6912000,0.04532585,0.00651995,0.00000000,0.00000000,0.00000000,0.00000000,0
6913000,0.04799027,0.00839521,7.75704044,2.53183392,33.29092969,0.45413530,0
6914000,0.06265928,0.01609149,12.33020475,6.49613178,97.11683860,1.91376054,0
6915000,0.04308135,0.00312336,9.00781921,0.32565173,40.62342798,0.53759534,0
6916000,0.03235420,0.00154783,7.02462372,-0.45951342,24.67266919,0.63416314,0
6917000,0.07622709,0.01525089,0.00000000,0.00000000,0.00000000,0.00000000,0
6918000,0.08112423,0.04126119,0.00000000,0.00000000,0.00000000,0.00000000,0
6919000,0.04659188,0.01225885,0.00000000,0.00000000,0.00000000,0.00000000,0
6920000,0.03544474,0.02523302,5.57531870,8.44483253,51.19968749,0.63108562,0
6921000,0.15888321,0.03023032,33.91883680,11.44611274,640.75049320,0.00000000,1
6922000,0.02891183,0.00529235,4.42315879,1.24802189,10.56094616,0.08560946,0
6923000,0.04221541,0.01819918,0.00000000,0.00000000,0.00000000,0.00000000,0
6924000,0.03011948,0.00629759,0.00000000,0.00000000,0.00000000,0.00000000,0
6925000,0.02891681,0.00477252,4.74975514,0.95321577,11.73439711,0.15504055,0
6926000,0.06479787,0.04341846,0.00000000,0.00000000,0.00000000,0.00000000,0
6927000,0.06342058,0.04122543,0.00000000,0.00000000,0.00000000,0.00000000,0
6928000,0.06496377,0.02071575,14.27846616,8.06934656,134.49447488,1.51994915,0
6929000,0.06009999,0.00904114,0.00000000,0.00000000,0.00000000,0.00000000,0
6930000,0.08389494,0.01556202,16.60743573,5.53792309,153.23775681,1.52050876,0
6931000,0.03313926,0.00517447,6.74386441,1.22641409,23.49189937,0.54827664,0
6932000,0.02962610,0.01649611,0.00000000,0.00000000,0.00000000,0.00000000,0
6933000,0.03929905,0.00028342,8.35010993,-1.09966524,34.86216792,0.67947422,0
6934000,0.06944023,0.03909113,0.00000000,0.00000000,0.00000000,0.00000000,0
6935000,0.02485546,0.00082827,2.61197429,-0.77945598,3.41120485,0.05349357,0
6936000,0.08556119,0.02003888,13.44669346,8.59784048,127.36821294,1.72270123,0
6937000,0.07972138,0.00294730,0.00000000,0.00000000,0.00000000,0.00000000,0
6938000,0.09859858,0.08294997,0.00000000,0.00000000,0.00000000,0.00000000,0
6939000,0.09652250,0.01886350,14.20238553,4.65275553,111.67794437,1.16462312,0
6940000,0.05914152,0.00615371,0.00000000,0.00000000,0.00000000,0.00000000,0
6941000,0.07121620,0.01287747,12.34497698,5.01287880,88.76370521,1.24862026,0
6942000,0.06999011,0.18216425,0.00000000,0.00000000,0.00000000,0.00000000,0
6943000,0.05588439,0.04043739,0.00000000,0.00000000,0.00000000,0.00000000,0
6944000,0.03776317,0.01079328,5.89700155,2.53091003,20.59006641,0.27365579,0
6945000,0.08252627,0.02215414,16.85644938,7.06564293,167.03159786,0.00000000,1
6946000,0.08607415,0.00357820,18.60061678,0.44671864,173.09125114,1.71091251,0
6947000,0.03274459,0.01166453,7.92410601,4.56051956,41.79489738,1.58145621,0
6948000,0.06220255,0.04088210,19.07598450,20.28356953,387.65818862,0.00000000,1
6949000,0.06106642,0.08634754,5.06448465,32.72711652,548.35658031,0.00000000,1
6950000,0.05551272,0.00636687,7.53336983,0.51458328,28.50822845,0.26508228,0
6951000,0.03650591,0.05330564,6.12505024,12.79396740,100.60092118,1.09116620,0
6952000,0.04206194,0.11525491,0.00000000,0.00000000,0.00000000,0.00000000,0
6953000,0.02870385,0.00263357,3.64208950,-0.14742788,6.63240795,0.08183029,0
6954000,0.02762626,0.04932619,4.15435646,12.32085927,84.53112539,0.93188959,0
6955000,0.05381395,0.02952081,0.00000000,0.00000000,0.00000000,0.00000000,0
6956000,0.08612879,0.00303788,0.00000000,0.00000000,0.00000000,0.00000000,0
6957000,0.03595608,0.01879824,4.03454699,7.66149853,37.48806454,0.44278155,0
6958000,0.04101202,0.01079099,5.57301571,4.22057162,24.43586443,0.77725384,0
6959000,0.02655989,0.01721782,0.00000000,0.00000000,0.00000000,0.00000000,0
6960000,0.04529256,0.02738385,0.00000000,0.00000000,0.00000000,0.00000000,0
6961000,0.09533995,0.00197679,13.56443618,-0.32887040,91.99696444,1.07661400,0
6962000,0.03873944,0.02326263,0.00000000,0.00000000,0.00000000,0.00000000,0
6963000,0.02621814,0.02387848,5.35148526,10.76500229,72.26183437,1.12861713,0
6964000,0.04765013,0.01954044,0.00000000,0.00000000,0.00000000,0.00000000,0
6965000,0.03933594,0.00197458,0.00000000,0.00000000,0.00000000,0.00000000,0
6966000,0.08886320,0.04233287,0.00000000,0.00000000,0.00000000,0.00000000,0
6967000,0.08962525,0.02796587,0.00000000,0.00000000,0.00000000,0.00000000,0
6968000,0.06744856,0.00287896,6.55165855,0.15002667,21.47336888,0.57856873,0
6969000,0.08885650,0.02708086,0.00000000,0.00000000,0.00000000,0.00000000,0
6970000,0.05940451,0.00214965,7.40858800,-0.11256769,27.44358808,0.26327859,0
6971000,0.03103907,0.01781036,4.12415988,8.20153922,42.13697015,0.64087486,0
6972000,0.06375071,0.00742142,0.00000000,0.00000000,0.00000000,0.00000000,0
6973000,0.08157733,0.01102675,18.27912517,4.58331438,177.56659388,1.93227179,0
6974000,0.10915508,0.01512834,0.00000000,0.00000000,0.00000000,0.00000000,0
6975000,0.08449296,0.06161463,0.00000000,0.00000000,0.00000000,0.00000000,0
6976000,0.03815710,0.01389430,0.00000000,0.00000000,0.00000000,0.00000000,0
6977000,0.05380377,0.00322325,0.00000000,0.00000000,0.00000000,0.00000000,0
6978000,0.04208422,0.02982452,7.24923412,15.77221240,150.65703962,1.68929150,0
6979000,0.02329190,0.04176942,4.14605650,23.91404718,294.53571848,0.00000000,1
6980000,0.04346487,0.11025452,6.87086441,48.80302813,1214.47216626,0.00000000,1
6981000,0.04163452,0.09001593,4.43871877,19.53166014,200.59398612,1.98593986,0
6982000,0.05229182,0.01799303,0.00000000,0.00000000,0.00000000,0.00000000,0
6983000,0.05165276,0.04633268,0.00000000,0.00000000,0.00000000,0.00000000,0
6984000,0.05013970,0.02468653,10.77427795,9.51554232,103.31530549,1.06081920,0
6985000,0.04649189,0.01080858,0.00000000,0.00000000,0.00000000,0.00000000,0
6986000,0.04488371,0.01924228,9.98143801,8.28003321,84.09402731,1.10327990,0
6987000,0.06699421,0.00635882,0.00000000,0.00000000,0.00000000,0.00000000,0
6988000,0.09863449,0.00323519,0.00000000,0.00000000,0.00000000,0.00000000,0
6989000,0.05615042,0.02159327,6.50047251,9.06840836,62.24608649,0.96439147,0
6990000,0.02025691,0.00478628,2.19681056,1.21049987,3.14564329,0.12523704,0
6991000,0.03718115,0.01406616,5.45489152,6.20556356,34.13243030,0.78118064,0
6992000,0.16396093,0.01801623,0.00000000,0.00000000,0.00000000,0.00000000,0
6993000,0.08783026,0.03179777,14.71309356,13.50299877,199.40304890,2.01578192,0
6994000,0.08496775,0.06158404,0.00000000,0.00000000,0.00000000,0.00000000,0
6995000,0.06280272,0.05147445,0.00000000,0.00000000,0.00000000,0.00000000,0
6996000,0.03178990,0.01227334,0.00000000,0.00000000,0.00000000,0.00000000,0
6997000,0.05983928,0.03692814,12.26295974,18.71222919,250.26385151,2.81959166,0
6998000,0.05168772,0.02575253,0.00000000,0.00000000,0.00000000,0.00000000,0
6999000,0.04279586,0.01568709,0.00000000,0.00000000,0.00000000,0.00000000,0
7000000,0.09757334,0.02792592,19.54521088,10.75917817,248.88759152,2.49813629,0
7001000,0.09495887,0.03770606,0.00000000,0.00000000,0.00000000,0.00000000,0
7002000,0.05980355,0.00043539,0.00000000,0.00000000,0.00000000,0.00000000,0
7003000,0.11296072,0.03613766,23.37280573,14.81421954,382.87457404,0.00000000,1
7004000,0.04579413,0.03109927,2.92723928,7.83026362,34.94087905,0.32940879,0
7005000,0.04058911,0.00195489,3.59785725,-0.28335217,6.47228839,0.04735925,0
7006000,0.05985963,0.01169974,6.73412834,3.47287301,28.70466570,0.41875593,0
7007000,0.08833576,0.00658027,11.67223344,1.64264169,69.46965262,0.70523931,0
7008000,0.04190137,0.02126952,5.63481119,8.11154619,48.77413938,0.48046296,0
7009000,0.02850351,0.01140119,0.00000000,0.00000000,0.00000000,0.00000000,0
7010000,0.07981391,0.03852114,19.46704444,19.79335097,385.37128081,0.00000000,1
7011000,0.11313391,0.04460224,10.88816930,17.81733341,218.00480023,2.16004800,0
7012000,0.05969898,0.01062620,0.00000000,0.00000000,0.00000000,0.00000000,0
7013000,0.04428440,0.00373202,0.00000000,0.00000000,0.00000000,0.00000000,0
7014000,0.12530187,0.00858698,26.20153289,2.64634182,346.76172538,0.00000000,1
7015000,0.05847025,0.03134666,14.09431306,12.52511395,177.76407006,1.75764070,0
7016000,0.04210069,0.06242593,0.00000000,0.00000000,0.00000000,0.00000000,0
7017000,0.03820449,0.05961840,0.00000000,0.00000000,0.00000000,0.00000000,0
7018000,0.06012287,0.03780022,13.36146511,12.29430333,164.83932212,1.67105347,0
7019000,0.09749530,0.00763749,0.00000000,0.00000000,0.00000000,0.00000000,0
7020000,0.09983680,0.04720334,0.00000000,0.00000000,0.00000000,0.00000000,0
7021000,0.05460176,0.02950399,0.00000000,0.00000000,0.00000000,0.00000000,0
7022000,0.11166806,0.03278244,22.71003675,12.70899863,338.63220760,0.00000000,1
7023000,0.04213907,0.02834300,6.78745934,10.19131500,74.96625282,0.72966253,0
7024000,0.06320097,0.04060498,0.00000000,0.00000000,0.00000000,0.00000000,0
7025000,0.06498624,0.02128611,10.41739496,7.89524066,85.42847140,1.11705057,0
7026000,0.06988315,0.03715417,0.00000000,0.00000000,0.00000000,0.00000000,0
7027000,0.06336507,0.01649611,9.89998793,7.02898780,73.70821533,0.81388789,0
7028000,0.11111993,0.00172458,21.23059133,-0.27770916,225.36900415,2.47053298,0
7029000,0.05876558,0.00022540,0.00000000,0.00000000,0.00000000,0.00000000,0
7030000,0.03406077,0.00708602,4.32530460,2.36154614,12.14258001,0.13348168,0
7031000,0.03422645,0.00973732,0.00000000,0.00000000,0.00000000,0.00000000,0
7032000,0.04321987,0.01454928,9.73504189,7.41210098,74.85514074,1.19142796,0
7033000,0.05091814,0.00606820,0.00000000,0.00000000,0.00000000,0.00000000,0
7034000,0.06861547,0.01318169,0.00000000,0.00000000,0.00000000,0.00000000,0
7035000,0.09626877,0.08022188,0.00000000,0.00000000,0.00000000,0.00000000,0
7036000,0.05861776,0.01191246,7.76573193,2.31687953,32.83726156,0.32940467,0
7037000,0.02951545,0.00363272,4.15780605,0.29145131,8.68614753,0.10483808,0
7038000,0.05488178,0.01718557,9.72993309,4.86290478,59.15972046,0.59955714,0
7039000,0.06689216,0.04570402,0.00000000,0.00000000,0.00000000,0.00000000,0
7040000,0.04914780,0.00639426,0.00000000,0.00000000,0.00000000,0.00000000,0
7041000,0.04546065,0.01134472,8.87457969,4.46993717,49.36925145,0.48064955,0
7042000,0.06764086,0.02520004,0.00000000,0.00000000,0.00000000,0.00000000,0
7043000,0.06060963,0.07790694,0.00000000,0.00000000,0.00000000,0.00000000,0
7044000,0.04639621,0.03575608,7.35866906,9.83667680,75.45511033,0.76187612,0
7045000,0.04988294,0.01082237,9.35220661,2.81768728,47.70156509,1.82119421,0
7046000,0.09573945,0.00828694,21.31737771,2.15627795,229.54006343,2.33324045,0
7047000,0.04906158,0.04364626,0.00000000,0.00000000,0.00000000,0.00000000,0
7048000,0.05747313,0.03625669,0.00000000,0.00000000,0.00000000,0.00000000,0
7049000,0.04347660,0.04873867,9.63405777,17.77998327,204.47143704,2.42188295,0
7050000,0.03481017,0.02674991,0.00000000,0.00000000,0.00000000,0.00000000,0
7051000,0.02915896,0.01908494,5.72015812,7.63835277,45.53232103,0.51977266,0
7052000,0.04044126,0.00129756,0.00000000,0.00000000,0.00000000,0.00000000,0
7053000,0.05965701,0.00432060,18.67886416,0.91113434,174.86506610,1.87808960,0
7054000,0.05052597,0.01921665,0.00000000,0.00000000,0.00000000,0.00000000,0
7055000,0.09545863,0.02671593,18.14105341,5.96008844,182.31023653,1.81762891,0
7056000,0.03822172,0.00936301,0.00000000,0.00000000,0.00000000,0.00000000,0
7057000,0.06274094,0.04406702,0.00000000,0.00000000,0.00000000,0.00000000,0
7058000,0.10780048,0.09030460,0.00000000,0.00000000,0.00000000,0.00000000,0
7059000,0.07575105,0.02770521,12.58381790,6.98033675,103.53878702,1.03454451,0
7060000,0.08031533,0.05167391,0.00000000,0.00000000,0.00000000,0.00000000,0
7061000,0.06867482,0.01200350,11.20176870,3.54816130,69.03453536,0.73550073,0
7062000,0.11804750,0.01300867,23.39382384,4.37808769,283.21932275,2.85162133,0
7063000,0.03632521,0.01996982,0.00000000,0.00000000,0.00000000,0.00000000,0
7064000,0.04872595,0.00009575,0.00000000,0.00000000,0.00000000,0.00000000,0
7065000,0.04242212,0.10160068,8.00900372,50.55471645,1309.96174779,0.00000000,1
7066000,0.07126401,0.02524956,13.19728108,6.09548816,105.66160184,1.03661602,0
7067000,0.16161305,0.03305676,0.00000000,0.00000000,0.00000000,0.00000000,0
7068000,0.04551633,0.00098883,6.89869897,-0.62438190,23.79602374,0.22822018,0
7069000,0.05627447,0.01352000,10.41255067,4.96234980,66.52306350,1.03584636,0
7070000,0.06639080,0.03548409,0.00000000,0.00000000,0.00000000,0.00000000,0
7071000,0.06070362,0.04236233,7.63344730,16.01077841,157.30727145,1.61813020,0
7072000,0.03483035,0.01482586,0.00000000,0.00000000,0.00000000,0.00000000,0
7073000,0.11972359,0.00742337,15.44210791,1.99540232,121.22016353,1.25408955,0
7074000,0.02803158,0.01724944,3.63654233,6.47223592,27.55713896,0.34240681,0
7075000,0.04180001,0.04281364,6.57460275,18.69987693,196.45539922,2.18084137,0
7076000,0.04312255,0.02962309,0.00000000,0.00000000,0.00000000,0.00000000,0
7077000,0.04401019,0.01178114,0.00000000,0.00000000,0.00000000,0.00000000,0
7078000,0.05983464,0.01834307,15.97461182,7.53913693,156.01340419,1.61235020,0
7079000,0.05887871,0.01109356,0.00000000,0.00000000,0.00000000,0.00000000,0
7080000,0.04746815,0.00187606,7.24921410,-0.26010004,26.27555251,0.72678905,0
7081000,0.05164047,0.02198472,0.00000000,0.00000000,0.00000000,0.00000000,0
7082000,0.02882635,0.00833802,0.00000000,0.00000000,0.00000000,0.00000000,0
7083000,0.10003169,0.06314650,20.47536086,28.85615823,625.95913513,0.00000000,1
7084000,0.19270244,0.00156307,21.40723079,-0.39721094,229.13476496,2.27134765,0
7085000,0.10158205,0.04748487,0.00000000,0.00000000,0.00000000,0.00000000,0
7086000,0.03550000,0.00242535,0.00000000,0.00000000,0.00000000,0.00000000,0
7087000,0.07338568,0.05427404,14.35045663,24.50598918,403.23955548,0.00000000,1
7088000,0.04613759,0.01948602,4.39165344,5.80716539,26.50489490,0.24504895,0
7089000,0.04836469,0.00566983,6.23860043,1.34671399,20.36688696,0.20827117,0
7090000,0.06291185,0.00837291,9.99170809,2.71581849,53.60495027,0.90582612,0
7091000,0.04994491,0.03837934,0.00000000,0.00000000,0.00000000,0.00000000,0
7092000,0.05408227,0.04638021,9.96898373,16.27505909,182.12909242,1.93425553,0
7093000,0.03922042,0.02823834,0.00000000,0.00000000,0.00000000,0.00000000,0
7094000,0.02804135,0.02690521,0.00000000,0.00000000,0.00000000,0.00000000,0
7095000,0.06076258,0.01711469,12.51778498,7.76603945,108.50315475,1.28435517,0
7096000,0.08155520,0.03391310,0.00000000,0.00000000,0.00000000,0.00000000,0
7097000,0.03871351,0.07549081,0.00000000,0.00000000,0.00000000,0.00000000,0
7098000,0.08959776,0.04258670,16.09354834,15.15951804,244.40664273,2.66051470,0
7099000,0.12068494,0.08315431,0.00000000,0.00000000,0.00000000,0.00000000,0
7100000,0.06839772,0.02027171,0.00000000,0.00000000,0.00000000,0.00000000,0
7101000,0.04332769,0.02095864,5.63140863,8.32671549,50.52347706,1.07989242,0
7102000,0.03927892,0.01334562,0.00000000,0.00000000,0.00000000,0.00000000,0
7103000,0.04577358,0.04614105,0.00000000,0.00000000,0.00000000,0.00000000,0
7104000,0.03455745,0.00845527,0.00000000,0.00000000,0.00000000,0.00000000,0
7105000,0.04795378,0.00432747,9.49439180,0.79716626,45.38947484,0.77731653,0
7106000,0.07901208,0.03582631,0.00000000,0.00000000,0.00000000,0.00000000,0
7107000,0.12061557,0.01352516,16.59960122,3.40056645,143.55530648,1.42395489,0
7108000,0.10662645,0.09905478,0.00000000,0.00000000,0.00000000,0.00000000,0
7109000,0.06587222,0.05833364,5.91734333,6.43810307,38.23206162,0.41150053,0
7110000,0.04137827,0.05635128,4.21674380,7.51403293,37.12080957,0.59238347,0
7111000,0.02947810,0.01196822,3.20947042,1.40605686,6.13884814,0.07333368,0
7112000,0.09209285,0.01162345,13.02501256,1.52310524,85.98540083,0.88218098,0
7113000,0.06699495,0.07498103,9.99920763,13.87225466,146.21180136,1.44243060,0
7114000,0.06218343,0.03232536,0.00000000,0.00000000,0.00000000,0.00000000,0
7115000,0.06285847,0.09081022,10.58132966,34.59450042,654.37199825,0.00000000,1
7116000,0.11330968,0.13998850,9.22945136,22.53477898,296.49951803,2.94499518,0
7117000,0.03997031,0.00767848,0.00000000,0.00000000,0.00000000,0.00000000,0
7118000,0.07892290,0.01245654,13.32446198,3.39566341,94.53590851,0.95942169,0
7119000,0.01878753,0.00146874,2.84804546,-0.34476098,4.05568146,0.08622094,0
7120000,0.02906417,0.01754834,5.71964353,6.43755633,37.07822682,0.50497909,0
7121000,0.06060271,0.03179277,14.58647162,13.15297798,192.88299201,2.03292774,0
7122000,0.05043842,0.00457343,0.00000000,0.00000000,0.00000000,0.00000000,0
7123000,0.02973109,0.02777755,6.14670846,12.38580582,95.59510534,1.43549228,0
7124000,0.08648502,0.00156583,24.01275665,-0.38403170,288.30624095,0.00000000,1
7125000,0.06460447,0.01130714,6.00928686,4.40442171,27.75522958,0.25755230,0
7126000,0.02342431,0.00797218,2.40347361,3.14777335,7.84258121,0.14425069,0
7127000,0.06411429,0.08336783,9.56205760,47.76588122,1186.50617697,0.00000000,1
7128000,0.13229273,0.03770106,14.82391590,13.54437268,201.59925689,1.99599257,0
7129000,0.04163574,0.01812130,0.00000000,0.00000000,0.00000000,0.00000000,0
7130000,0.01893278,0.00610027,2.42832597,1.10438293,3.55821433,0.20795832,0
7131000,0.02059260,0.00275614,3.25185967,0.11093903,5.29344938,0.13176340,0
7132000,0.05344549,0.03734713,11.69218913,13.35855648,157.57915890,1.68565264,0
7133000,0.03946164,0.01072156,0.00000000,0.00000000,0.00000000,0.00000000,0
7134000,0.05436357,0.02412892,0.00000000,0.00000000,0.00000000,0.00000000,0
7135000,0.02649505,0.02023649,0.00000000,0.00000000,0.00000000,0.00000000,0
7136000,0.05160576,0.04261710,0.00000000,0.00000000,0.00000000,0.00000000,0
7137000,0.06324321,0.02924595,13.78544447,12.29925681,170.65509857,1.95991051,0
7138000,0.07082213,0.01336721,0.00000000,0.00000000,0.00000000,0.00000000,0
7139000,0.03149175,0.00528509,0.00000000,0.00000000,0.00000000,0.00000000,0
7140000,0.06042363,0.04601958,16.87738612,21.36475956,370.64955665,0.00000000,1
7141000,0.15943469,0.05529001,43.83268118,26.72593420,1317.78974897,0.00000000,1
7142000,0.05713691,0.01055164,7.83394691,3.68526292,37.47594350,0.35475943,0
7143000,0.07772826,0.00787516,0.00000000,0.00000000,0.00000000,0.00000000,0
7144000,0.05852841,0.00273977,5.96044085,0.07128757,17.76596854,0.42443696,0
7145000,0.03838239,0.00794545,4.69865724,2.79652162,14.94895650,0.22006686,0
7146000,0.03703970,0.03352771,5.28090447,16.78685087,154.84315713,1.61027174,0
7147000,0.07447557,0.02993514,0.00000000,0.00000000,0.00000000,0.00000000,0
7148000,0.04453516,0.02123935,8.67990475,9.00091122,78.17857461,0.82599827,0
7149000,0.05619043,0.01987508,0.00000000,0.00000000,0.00000000,0.00000000,0
7150000,0.04368863,0.01336573,8.93113456,5.49328029,54.97064646,0.81669847,0
7151000,0.07697088,0.08405162,0.00000000,0.00000000,0.00000000,0.00000000,0
7152000,0.11569417,0.06682942,0.00000000,0.00000000,0.00000000,0.00000000,0
7153000,0.07548818,0.03133963,13.72623376,7.65905574,123.53531398,1.53738653,0
7154000,0.08619615,0.01769674,0.00000000,0.00000000,0.00000000,0.00000000,0
7155000,0.02815793,0.00414026,3.91825705,0.50031698,7.80152771,0.10997016,0
7156000,0.05076551,0.01501144,9.40405632,4.90058719,56.22601504,0.58902856,0
7157000,0.05364478,0.00710388,0.00000000,0.00000000,0.00000000,0.00000000,0
7158000,0.06148777,0.01510139,0.00000000,0.00000000,0.00000000,0.00000000,0
7159000,0.03872561,0.02216559,7.06139536,9.27066509,67.90426788,1.06234563,0
7160000,0.03406437,0.01435104,0.00000000,0.00000000,0.00000000,0.00000000,0
7161000,0.08187307,0.05040412,0.00000000,0.00000000,0.00000000,0.00000000,0
7162000,0.10396197,0.03830018,0.00000000,0.00000000,0.00000000,0.00000000,0
7163000,0.05716886,0.00904627,8.87467586,1.89211159,41.16997896,0.48518996,0
7164000,0.05445790,0.01048100,9.94203844,2.76904631,53.25587288,0.57922025,0
7165000,0.02500300,0.00944679,4.40752636,2.66951992,13.27631263,0.12598155,0
7166000,0.04057464,0.00205713,8.75007622,-0.17596958,38.28191691,0.49241405,0
7167000,0.05945609,0.01168763,14.37681999,3.96626000,111.21208577,1.46945364,0
7168000,0.08545307,0.02115422,0.00000000,0.00000000,0.00000000,0.00000000,0
7169000,0.07716297,0.01274219,23.58160558,4.84114540,289.76440519,0.00000000,1
7170000,0.04909492,0.01949882,5.36539070,7.46960861,42.29123511,0.40291235,0
7171000,0.06052144,0.00334807,0.00000000,0.00000000,0.00000000,0.00000000,0
7172000,0.04778188,0.00544235,9.06591947,1.77025679,42.66235250,0.51322458,0
7173000,0.05325464,0.00431667,0.00000000,0.00000000,0.00000000,0.00000000,0
7174000,0.02750539,0.00646274,8.45751676,2.14927079,38.07447729,0.45257727,0
7175000,0.04176448,0.03924631,0.00000000,0.00000000,0.00000000,0.00000000,0
7176000,0.07232542,0.20062013,15.23245131,57.37367228,1761.88292200,0.00000000,1
7177000,0.09959360,0.06948242,7.83395456,6.66820558,52.91790485,0.50917905,0
7178000,0.03299696,0.01883804,3.09274960,2.07783025,6.94123933,0.17603029,0
7179000,0.05395871,0.04331374,6.69390451,6.67766455,44.69978071,0.45767717,0
7180000,0.06174600,0.01893517,8.80503390,2.98074956,43.20674491,1.36905684,0
7181000,0.06389076,0.12107736,0.00000000,0.00000000,0.00000000,0.00000000,0
7182000,0.10990983,0.03186114,0.00000000,0.00000000,0.00000000,0.00000000,0
7183000,0.07930178,0.05029867,0.00000000,0.00000000,0.00000000,0.00000000,0
7184000,0.05423631,0.05108516,6.60962811,15.77635000,146.29020148,1.44351456,0
7185000,0.02314577,0.00666986,0.00000000,0.00000000,0.00000000,0.00000000,0
7186000,0.03727052,0.01158242,7.83837807,4.74103484,41.95879104,0.47153997,0
7187000,0.07214883,0.00494355,0.00000000,0.00000000,0.00000000,0.00000000,0
7188000,0.06711112,0.00213024,0.00000000,0.00000000,0.00000000,0.00000000,0
7189000,0.07259204,0.06396040,12.54432373,25.58471447,405.96883618,0.00000000,1
7190000,0.07503565,0.03575097,8.17101755,11.33570824,97.63190457,0.95631905,0
7191000,0.04299477,0.00748219,5.93270065,1.94943944,19.49862558,0.24541540,0
7192000,0.05500103,0.02273624,9.33166099,9.00317602,84.06853765,1.06220479,0
7193000,0.02995087,0.01269158,0.00000000,0.00000000,0.00000000,0.00000000,0
7194000,0.08425036,0.02739730,30.57083537,15.33120938,584.81097809,0.00000000,1
7195000,0.05749763,0.00861776,2.80993028,2.82290567,7.93225230,0.05932252,0
7196000,0.03881020,0.01730928,0.00000000,0.00000000,0.00000000,0.00000000,0
7197000,0.07534198,0.05127741,24.69249019,23.32520249,576.89207139,0.00000000,1
7198000,0.05528760,0.00287553,5.01514721,0.07460398,12.57863365,0.10578634,0
7199000,0.02851077,0.02278193,3.14242411,9.32086891,48.37671325,0.46917585,0
7200000,0.06366768,0.02799431,0.00000000,0.00000000,0.00000000,0.00000000,0
7201000,0.06403072,0.05991339,0.00000000,0.00000000,0.00000000,0.00000000,0
7202000,0.06853730,0.10808136,0.00000000,0.00000000,0.00000000,0.00000000,0
7203000,0.06475257,0.01243142,6.68733337,2.52638683,25.55152897,0.53441631,0
7204000,0.08600838,0.03291924,10.96080126,9.31065596,103.41373941,1.03605710,0
7205000,0.10938475,0.02386152,0.00000000,0.00000000,0.00000000,0.00000000,0
7206000,0.09546167,0.02404364,23.27552437,13.25632697,358.74011972,0.00000000,1
7207000,0.08753024,0.03542658,12.35149480,13.06555759,161.63410956,1.59634110,0
7208000,0.05293987,0.00324451,0.00000000,0.00000000,0.00000000,0.00000000,0
7209000,0.04476657,0.00461953,7.83090403,1.39935789,31.64063021,1.78462140,0
7210000,0.05335951,0.00531772,0.00000000,0.00000000,0.00000000,0.00000000,0
7211000,0.05499958,0.05149542,13.15477205,24.49503694,386.52743126,0.00000000,1
7212000,0.07587703,0.00187692,5.85123531,-0.27136159,17.11847732,0.15118477,0
7213000,0.06442712,0.02461900,6.77523120,10.02883540,73.24064865,0.72481524,0
7214000,0.08705314,0.01375767,0.00000000,0.00000000,0.00000000,0.00000000,0
7215000,0.05477241,0.00417773,0.00000000,0.00000000,0.00000000,0.00000000,0
7216000,0.03593919,0.03588729,5.84516174,20.60760783,229.41970821,2.42503237,0
7217000,0.03261615,0.00372947,0.00000000,0.00000000,0.00000000,0.00000000,0
7218000,0.06906191,0.01572446,16.50790564,6.24176230,155.73527258,1.58013891,0
7219000,0.08079465,0.04120438,0.00000000,0.00000000,0.00000000,0.00000000,0
7220000,0.05575341,0.01665934,6.73880277,6.09710044,41.29304827,0.68680379,0
7221000,0.11285099,0.11044949,17.67359248,51.62921942,1488.96608461,0.00000000,1
7222000,0.11145152,0.09425195,6.92991916,19.80576742,220.14610133,2.18146101,0
7223000,0.03158956,0.01938836,0.00000000,0.00000000,0.00000000,0.00000000,0
7224000,0.04799264,0.05672261,9.06549532,27.25351108,412.46853573,0.00000000,1
7225000,0.05699830,0.03470156,5.53382719,12.14306968,89.03869235,0.87038692,0
7226000,0.04838746,0.01505267,0.00000000,0.00000000,0.00000000,0.00000000,0
7227000,0.03637810,0.00103855,4.51184164,-0.64045699,10.17835751,0.09795445,0
7228000,0.09029839,0.01685491,14.93234925,7.59745368,140.34817830,1.68278748,0
7229000,0.04289533,0.00685864,0.00000000,0.00000000,0.00000000,0.00000000,0
7230000,0.04204718,0.01262072,8.05889933,5.22747942,46.13619976,1.04059021,0
7231000,0.06881417,0.01132650,0.00000000,0.00000000,0.00000000,0.00000000,0
7232000,0.06887923,0.00320967,9.20814263,0.16637678,42.40878598,0.42576530,0
7233000,0.05128196,0.01756068,8.54637197,6.91020745,60.39572043,0.79635038,0
7234000,0.03629522,0.01521140,0.00000000,0.00000000,0.00000000,0.00000000,0
7235000,0.04019473,0.01435520,0.00000000,0.00000000,0.00000000,0.00000000,0
7236000,0.07278535,0.02416496,16.14468444,10.70553602,187.62966849,2.03282384,0
7237000,0.06328838,0.01547201,0.00000000,0.00000000,0.00000000,0.00000000,0
7238000,0.09760642,0.01048267,0.00000000,0.00000000,0.00000000,0.00000000,0
7239000,0.10564595,0.08809996,0.00000000,0.00000000,0.00000000,0.00000000,0
7240000,0.04697319,0.00559936,0.00000000,0.00000000,0.00000000,0.00000000,0
7241000,0.04363383,0.00299714,5.01560597,0.31572508,12.62799278,0.15865932,0
7242000,0.08620984,0.06295337,12.72790082,31.34068845,572.11910589,0.00000000,1
7243000,0.11598642,0.03809865,7.57211945,11.21484738,91.55489737,0.89554897,0
7244000,0.06425250,0.02952412,5.59183778,10.44205119,70.15254143,0.69531116,0
7245000,0.05271455,0.00718810,5.38923920,2.02100020,16.56417047,0.18279802,0
7246000,0.07429435,0.04173816,9.01401754,18.03317356,203.22393037,2.03423799,0
7247000,0.16834734,0.07072254,0.00000000,0.00000000,0.00000000,0.00000000,0
7248000,0.14497519,0.00293713,0.00000000,0.00000000,0.00000000,0.00000000,0
7249000,0.05035495,0.00731679,7.32041991,2.36174048,29.58318285,0.28677544,0
7250000,0.09357920,0.01086616,17.07639881,4.46677336,155.77773029,1.55947992,0
7251000,0.04295344,0.03267552,0.00000000,0.00000000,0.00000000,0.00000000,0
7252000,0.02810842,0.03621223,0.00000000,0.00000000,0.00000000,0.00000000,0
7253000,0.05902231,0.00191455,0.00000000,0.00000000,0.00000000,0.00000000,0
7254000,0.04736222,0.01401623,7.29176358,6.33421838,46.64606933,0.77992396,0
7255000,0.04182957,0.00795638,0.00000000,0.00000000,0.00000000,0.00000000,0
7256000,0.04096874,0.00400279,9.64740282,1.10602403,47.14783516,0.76046765,0
7257000,0.07010369,0.02673124,0.00000000,0.00000000,0.00000000,0.00000000,0
7258000,0.07317932,0.01839301,12.69983660,6.55516713,102.12803292,1.02722985,0
7259000,0.07063886,0.06261098,0.00000000,0.00000000,0.00000000,0.00000000,0
7260000,0.05187749,0.00865273,0.00000000,0.00000000,0.00000000,0.00000000,0
7261000,0.05890092,0.04974583,9.05989361,24.83061482,349.32055232,0.00000000,1
7262000,0.04497420,0.00302419,7.52480336,0.19225997,28.32981473,0.26329815,0
7263000,0.05434317,0.03335200,12.18184904,15.27189573,190.81412271,2.03231827,0
7264000,0.04128573,0.01437505,0.00000000,0.00000000,0.00000000,0.00000000,0
7265000,0.03360797,0.02161839,0.00000000,0.00000000,0.00000000,0.00000000,0
7266000,0.03344424,0.00634611,4.38046405,1.58064315,10.84344903,0.09579955,0
7267000,0.03454449,0.01075287,5.45634599,3.79910347,22.10244936,0.21312227,0
7268000,0.06563775,0.01291307,12.65531956,5.09945116,93.08075767,1.23147145,0
7269000,0.07737007,0.01831678,0.00000000,0.00000000,0.00000000,0.00000000,0
7270000,0.08196954,0.00111601,11.43390666,-0.59640349,65.36711079,0.70075739,0
7271000,0.03860933,0.01487111,0.00000000,0.00000000,0.00000000,0.00000000,0
7272000,0.03882452,0.00781747,5.82092715,1.76455707,18.49842726,0.18086206,0
7273000,0.03190516,0.01406596,0.00000000,0.00000000,0.00000000,0.00000000,0
7274000,0.02497404,0.02160271,5.59477450,10.40618351,69.79507840,1.56552715,0
7275000,0.03727794,0.00216465,10.44433215,-0.04943600,54.54203698,1.37451712,0
7276000,0.03629503,0.00491926,0.00000000,0.00000000,0.00000000,0.00000000,0
7277000,0.06491759,0.01066514,0.00000000,0.00000000,0.00000000,0.00000000,0
7278000,0.07907309,0.03151163,9.02694746,10.95463705,100.74492667,1.07787411,0
7279000,0.04004265,0.01955688,0.00000000,0.00000000,0.00000000,0.00000000,0
7280000,0.08171393,0.03614343,7.57019687,10.47765470,83.54456432,0.81853089,0
7281000,0.05735428,0.00454720,0.00000000,0.00000000,0.00000000,0.00000000,0
7282000,0.04374818,0.01659798,7.40028470,6.83233007,50.72247387,0.73238116,0
7283000,0.09244573,0.01647518,0.00000000,0.00000000,0.00000000,0.00000000,0
7284000,0.09359912,0.00409059,0.00000000,0.00000000,0.00000000,0.00000000,0
7285000,0.07741860,0.07272643,0.00000000,0.00000000,0.00000000,0.00000000,0
7286000,0.07926601,0.01873053,8.46343323,6.26618863,55.44741096,0.55327544,0
7287000,0.08725967,0.00762957,0.00000000,0.00000000,0.00000000,0.00000000,0
7288000,0.04635382,0.00773873,0.00000000,0.00000000,0.00000000,0.00000000,0
7289000,0.03808752,0.02447939,6.88706642,10.86352625,82.72394322,0.91073720,0
7290000,0.04035897,0.01189029,0.00000000,0.00000000,0.00000000,0.00000000,0
7291000,0.03566551,0.02776614,0.00000000,0.00000000,0.00000000,0.00000000,0
7292000,0.05306883,0.02743888,10.28432909,13.29285509,141.23371071,1.67615215,0
7293000,0.04325981,0.03820099,0.00000000,0.00000000,0.00000000,0.00000000,0
7294000,0.06836586,0.05484441,16.75981993,25.80364241,473.35976282,0.00000000,1
7295000,0.03068149,0.05058603,3.77019125,18.63949016,180.82246779,1.78822468,0
7296000,0.06075688,0.00857758,0.00000000,0.00000000,0.00000000,0.00000000,0
7297000,0.04396226,0.04431225,0.00000000,0.00000000,0.00000000,0.00000000,0
7298000,0.09135672,0.06905073,20.43721910,28.49262465,614.75479192,0.00000000,1
7299000,0.06755555,0.03085220,8.12871663,7.42220347,60.58256916,0.58582569,0
7300000,0.03150675,0.01509711,4.55551445,4.19261491,19.16536588,0.32212087,0
7301000,0.05179184,0.01801117,9.74189562,5.95571703,65.18754783,0.98328991,0
7302000,0.10229183,0.07439777,0.00000000,0.00000000,0.00000000,0.00000000,0
7303000,0.10769511,0.04293850,0.00000000,0.00000000,0.00000000,0.00000000,0
7304000,0.05823811,0.01137877,8.15892800,2.83907649,37.31423068,0.36473395,0
7305000,0.03790045,0.01421527,0.00000000,0.00000000,0.00000000,0.00000000,0
7306000,0.03331026,0.00080468,7.82646930,-0.83351855,30.62681087,1.14097792,0
7307000,0.03098989,0.00251331,8.29924083,0.15947172,34.45141483,1.25914579,0
7308000,0.05241093,0.04585809,0.00000000,0.00000000,0.00000000,0.00000000,0
7309000,0.09089667,0.01558311,0.00000000,0.00000000,0.00000000,0.00000000,0
7310000,0.08197796,0.04838340,0.00000000,0.00000000,0.00000000,0.00000000,0
7311000,0.07183411,0.03049336,10.01356557,11.15911486,112.39866999,1.25823307,0
7312000,0.05687401,0.00749139,0.00000000,0.00000000,0.00000000,0.00000000,0
7313000,0.07081733,0.05174731,15.50094766,24.79148019,427.44843407,0.00000000,1
7314000,0.08935384,0.11194827,8.11369059,30.30151356,492.00684959,0.00000000,1
7315000,0.04361446,0.01718021,5.94786686,2.70407441,21.34456929,0.19344569,0
7316000,0.03261692,0.00496888,5.63748176,0.50041378,16.01580726,0.17706108,0
7317000,0.04833625,0.01187494,10.46414900,2.76249262,58.56488987,0.62536233,0
7318000,0.03916862,0.01265121,9.24150428,3.34284501,48.29000705,0.58353896,0
7319000,0.04254345,0.00000919,0.00000000,0.00000000,0.00000000,0.00000000,0
7320000,0.05152028,0.02185204,10.93352780,9.59984176,105.84949601,1.07853747,0
7321000,0.09114848,0.00050667,0.00000000,0.00000000,0.00000000,0.00000000,0
7322000,0.06126898,0.05490975,10.89625437,26.64151955,414.24946163,0.00000000,1
7323000,0.05982251,0.00456373,8.78952270,0.76586659,38.92113045,0.36921130,0
7324000,0.07108438,0.05117495,0.00000000,0.00000000,0.00000000,0.00000000,0
7325000,0.02693237,0.01476996,0.00000000,0.00000000,0.00000000,0.00000000,0
7326000,0.05800060,0.00927582,14.85273448,3.12270546,115.17750547,1.40814155,0
7327000,0.04744468,0.04827287,0.00000000,0.00000000,0.00000000,0.00000000,0
7328000,0.08104128,0.02519581,0.00000000,0.00000000,0.00000000,0.00000000,0
7329000,0.07078541,0.00604245,0.00000000,0.00000000,0.00000000,0.00000000,0
7330000,0.11589816,0.00121890,0.00000000,0.00000000,0.00000000,0.00000000,0
7331000,0.07565594,0.04670960,0.00000000,0.00000000,0.00000000,0.00000000,0
7332000,0.10007654,0.02383435,21.80508776,7.01561944,262.34038419,0.00000000,1
7333000,0.05701691,0.04353061,13.37642718,23.29952865,360.89841976,0.00000000,1
7334000,0.07556444,0.02449306,7.22621036,4.67337550,37.02927735,0.35029277,0
7335000,0.02942258,0.00381493,3.25951457,0.34386537,5.37133930,0.04216948,0
7336000,0.02962862,0.02264298,3.96801026,6.66925526,30.11203555,0.30261834,0
7337000,0.08599817,0.09541576,15.13391152,33.65774555,680.93955666,0.00000000,1
7338000,0.06976530,0.07972602,7.05751888,21.58756860,257.91584550,2.55915845,0
7339000,0.03114096,0.01475563,0.00000000,0.00000000,0.00000000,0.00000000,0
7340000,0.02620363,0.00352541,4.14816299,0.42618785,8.69444614,0.11269192,0
7341000,0.02731066,0.04414218,5.18229719,19.41419141,201.88351606,2.07832322,0
7342000,0.08301573,0.04413676,0.00000000,0.00000000,0.00000000,0.00000000,0
7343000,0.04542172,0.01980372,0.00000000,0.00000000,0.00000000,0.00000000,0
7344000,0.03599413,0.00086748,3.67605146,-0.74375658,6.75667718,0.17231408,0
7345000,0.06390051,0.00845768,8.60234550,3.83937069,44.37055770,0.74877861,0
7346000,0.07242311,0.03528363,0.00000000,0.00000000,0.00000000,0.00000000,0
7347000,0.13035929,0.02579252,0.00000000,0.00000000,0.00000000,0.00000000,0
7348000,0.05863222,0.00061742,7.10989369,-0.67936962,25.27529413,0.26717560,0
7349000,0.03901538,0.03083187,5.38147232,12.62941253,94.23115252,0.94275065,0
7350000,0.05420607,0.03551061,0.00000000,0.00000000,0.00000000,0.00000000,0
7351000,0.08760510,0.04799731,0.00000000,0.00000000,0.00000000,0.00000000,0
7352000,0.08125287,0.03318483,0.00000000,0.00000000,0.00000000,0.00000000,0
7353000,0.03983237,0.01879216,6.19184949,5.28202586,33.11939861,0.34208761,0
7354000,0.04112136,0.02844433,7.61538153,9.70850816,76.12458332,0.94304677,0
7355000,0.04352562,0.01138281,0.00000000,0.00000000,0.00000000,0.00000000,0
7356000,0.05270006,0.00209596,0.00000000,0.00000000,0.00000000,0.00000000,0
7357000,0.06002503,0.02425454,8.97411889,10.76894414,98.25248383,1.36280076,0
7358000,0.04174528,0.00749697,0.00000000,0.00000000,0.00000000,0.00000000,0
7359000,0.08101325,0.00118125,10.96062101,-0.50280979,60.06760644,0.61031061,0
7360000,0.03514468,0.00447223,5.06409132,0.76666089,13.11639488,0.13829232,0
7361000,0.09163845,0.00942069,16.75369721,2.95630847,144.71306506,1.55715166,0
7362000,0.08416771,0.03377228,0.00000000,0.00000000,0.00000000,0.00000000,0
7363000,0.07024465,0.01241520,0.00000000,0.00000000,0.00000000,0.00000000,0
7364000,0.07787382,0.03059449,17.54021217,13.35291937,242.97974932,2.53936398,0
7365000,0.10305773,0.06777347,0.00000000,0.00000000,0.00000000,0.00000000,0
7366000,0.06098849,0.00960867,0.00000000,0.00000000,0.00000000,0.00000000,0
7367000,0.08685391,0.00745232,0.00000000,0.00000000,0.00000000,0.00000000,0
7368000,0.05927590,0.01513023,11.24685132,5.73288287,79.67880533,0.82294504,0
7369000,0.07813360,0.00265691,17.88986930,0.16791430,160.03780931,1.63225592,0
7370000,0.07371116,0.00841757,0.00000000,0.00000000,0.00000000,0.00000000,0
7371000,0.06603982,0.00570083,7.26189875,1.89299788,28.15930719,0.37317237,0
7372000,0.08687028,0.06044592,0.00000000,0.00000000,0.00000000,0.00000000,0
7373000,0.07321233,0.01894246,10.01659078,5.31416828,64.28623768,0.68976737,0
7374000,0.04483744,0.07483470,0.00000000,0.00000000,0.00000000,0.00000000,0
7375000,0.03626569,0.00543169,0.00000000,0.00000000,0.00000000,0.00000000,0
7376000,0.05062521,0.04382940,10.82233863,14.08407763,157.74212804,2.01969766,0
7377000,0.06002973,0.06655208,0.00000000,0.00000000,0.00000000,0.00000000,0
7378000,0.08107989,0.03668217,0.00000000,0.00000000,0.00000000,0.00000000,0
7379000,0.03953115,0.00902589,6.90355991,2.01080666,25.85124145,0.43613138,0
7380000,0.05633999,0.05249181,12.23795936,18.09755332,238.64454274,2.56439824,0
7381000,0.05803635,0.02851674,0.00000000,0.00000000,0.00000000,0.00000000,0
7382000,0.07433005,0.06767560,7.91160517,21.73310727,267.46072412,2.77647141,0
7383000,0.09990169,0.08068472,0.00000000,0.00000000,0.00000000,0.00000000,0
7384000,0.03842318,0.01029571,3.23267714,2.20331973,7.65240968,0.07357223,0
7385000,0.03351370,0.00795242,3.33999944,1.79230603,7.18397859,0.05299552,0
7386000,0.03771975,0.01818980,4.41950122,5.76106910,26.36095408,0.28018448,0
7387000,0.06164161,0.01370084,8.51013678,4.44285406,46.08069008,0.51595736,0
7388000,0.03056841,0.00485798,0.00000000,0.00000000,0.00000000,0.00000000,0
7389000,0.04815640,0.00624307,9.04719264,1.87706837,42.68754020,0.60150917,0
7390000,0.04801552,0.03510047,10.57061284,17.04993756,201.21911328,2.05705365,0
7391000,0.10885431,0.02112453,0.00000000,0.00000000,0.00000000,0.00000000,0
7392000,0.04916251,0.00827293,0.00000000,0.00000000,0.00000000,0.00000000,0
7393000,0.07517464,0.02100827,16.01386365,10.01195248,178.34151082,1.89607020,0
7394000,0.04918881,0.03630422,0.00000000,0.00000000,0.00000000,0.00000000,0
7395000,0.05521495,0.02431901,0.00000000,0.00000000,0.00000000,0.00000000,0
7396000,0.03675918,0.01601332,4.68948973,4.39709328,20.66287165,0.29198578,0
7397000,0.03860864,0.00890632,5.94646853,2.42811937,20.62812584,0.60085879,0
7398000,0.05846445,0.02943658,0.00000000,0.00000000,0.00000000,0.00000000,0
7399000,0.05998199,0.01849013,7.45183841,7.60933474,56.71593543,0.60399330,0
7400000,0.04602227,0.00156301,6.58876474,-0.44461561,21.70591038,0.45415124,0
7401000,0.06063836,0.00508792,0.00000000,0.00000000,0.00000000,0.00000000,0
7402000,0.14368014,0.01038290,37.91314967,4.21616101,727.59146568,0.00000000,1
7403000,0.03996011,0.02119282,9.32447275,8.51118149,79.69300118,0.77693001,0
7404000,0.07368155,0.12167151,0.00000000,0.00000000,0.00000000,0.00000000,0
7405000,0.07695832,0.07741575,11.68609899,19.93419781,266.96857601,2.85677915,0
7406000,0.07679877,0.02934213,0.00000000,0.00000000,0.00000000,0.00000000,0
7407000,0.13754660,0.01816186,21.56675871,5.85538358,249.70529915,2.82841672,0
7408000,0.05914827,0.01577049,0.00000000,0.00000000,0.00000000,0.00000000,0
7409000,0.02740439,0.03112084,0.00000000,0.00000000,0.00000000,0.00000000,0
7410000,0.03514983,0.02605401,5.18524617,11.62569514,81.02178265,1.03618279,0
7411000,0.04164497,0.01916008,0.00000000,0.00000000,0.00000000,0.00000000,0
7412000,0.07355355,0.06242199,9.53840294,23.50611275,321.75923351,0.00000000,1
7413000,0.06057709,0.00348976,3.14829683,0.14434440,4.96630411,0.02966304,0
7414000,0.07380725,0.03552245,5.57664433,11.71905291,84.21758152,0.85399162,0
7415000,0.07714511,0.03133136,7.05007894,11.42693491,90.13922728,0.96368069,0
7416000,0.03006803,0.01829568,2.72024862,6.76440250,26.57844689,0.25609130,0
7417000,0.02109262,0.01609418,1.91434856,6.18315550,20.94807115,0.20800118,0
7418000,0.05532393,0.01417044,6.68964472,5.58662676,37.98087247,0.40310880,0
7419000,0.07989983,0.00076525,10.70396963,-0.74358771,57.28748292,0.60955223,0
7420000,0.05068620,0.00035799,0.00000000,0.00000000,0.00000000,0.00000000,0
7421000,0.06584338,0.01290472,13.04987351,5.72361345,101.52947471,1.15841997,0
7422000,0.08272499,0.01731342,0.00000000,0.00000000,0.00000000,0.00000000,0
7423000,0.05138893,0.00814280,12.01848218,3.30426082,77.68102677,0.95320525,0
7424000,0.04903523,0.01249167,0.00000000,0.00000000,0.00000000,0.00000000,0
7425000,0.02385591,0.01048255,2.80785175,3.64372303,10.58037449,0.21727395,0
7426000,0.06700376,0.03101643,11.46517228,14.25962391,167.39352466,1.67777225,0
7427000,0.03479909,0.01490538,0.00000000,0.00000000,0.00000000,0.00000000,0
7428000,0.03226483,0.04332948,7.64430571,19.29108736,215.29073066,2.14167285,0
7429000,0.08077199,0.04197552,0.00000000,0.00000000,0.00000000,0.00000000,0
7430000,0.10257291,0.03948029,0.00000000,0.00000000,0.00000000,0.00000000,0
7431000,0.14254317,0.08572620,14.04206352,29.61716660,537.17805272,0.00000000,1
7432000,0.05231676,0.00991130,4.75721918,1.99116070,13.29792762,0.11297928,0
7433000,0.03280449,0.01446620,3.72971806,4.26115980,16.03413983,0.17707937,0
7434000,0.04072443,0.00796185,5.84494272,2.28706766,19.69701695,0.24831276,0
7435000,0.02741657,0.03118630,4.13077384,12.62970841,88.28641350,0.90415807,0
7436000,0.05544479,0.01788931,10.33718943,7.19034610,79.27928112,1.15680209,0
7437000,0.06624018,0.01970721,13.54720368,8.39785187,127.02532182,1.70217764,0
7438000,0.06171437,0.00770957,0.00000000,0.00000000,0.00000000,0.00000000,0
7439000,0.05878084,0.04720728,13.67219269,21.85785997,332.34744773,0.00000000,1
7440000,0.06418671,0.00264255,5.42214810,0.07598931,14.70273221,0.12702732,0
7441000,0.06326667,0.00731476,7.39335838,2.71692665,31.02171930,0.42095400,0
7442000,0.08034206,0.01237614,0.00000000,0.00000000,0.00000000,0.00000000,0
7443000,0.06216151,0.01220929,0.00000000,0.00000000,0.00000000,0.00000000,0
7444000,0.05250236,0.01004255,6.13180955,3.65064803,25.46315968,0.68149880,0
7445000,0.06167545,0.02484657,0.00000000,0.00000000,0.00000000,0.00000000,0
7446000,0.07423170,0.03746070,0.00000000,0.00000000,0.00000000,0.00000000,0
7447000,0.07209972,0.01025353,11.49196050,4.04768406,74.22445114,0.74467077,0
7448000,0.06009145,0.05604703,0.00000000,0.00000000,0.00000000,0.00000000,0
7449000,0.04903424,0.01038671,0.00000000,0.00000000,0.00000000,0.00000000,0
7450000,0.04131028,0.00422621,7.98011431,1.15234972,32.50506716,0.48565117,0
7451000,0.03778143,0.00914147,0.00000000,0.00000000,0.00000000,0.00000000,0
7452000,0.04352569,0.00684740,7.85992058,2.78088245,34.75582939,0.57868991,0
7453000,0.07238113,0.00217625,0.00000000,0.00000000,0.00000000,0.00000000,0
7454000,0.07607672,0.00274132,0.00000000,0.00000000,0.00000000,0.00000000,0
7455000,0.03893061,0.01766798,0.00000000,0.00000000,0.00000000,0.00000000,0
7456000,0.05678470,0.00559346,10.59520616,1.62652377,57.45198654,0.57838003,0
7457000,0.04342457,0.01549864,0.00000000,0.00000000,0.00000000,0.00000000,0
7458000,0.03307373,0.00658226,0.00000000,0.00000000,0.00000000,0.00000000,0
7459000,0.06233703,0.00811956,11.90464727,3.49898594,76.98176458,1.16627137,0
7460000,0.03331601,0.01206106,0.00000000,0.00000000,0.00000000,0.00000000,0
7461000,0.06505349,0.01282551,0.00000000,0.00000000,0.00000000,0.00000000,0
7462000,0.28670472,0.02127023,0.00000000,0.00000000,0.00000000,0.00000000,0
7463000,0.07688484,0.02905996,7.07408195,14.73070505,133.51815327,1.35519868,0
7464000,0.04671466,0.02068456,0.00000000,0.00000000,0.00000000,0.00000000,0
7465000,0.02906446,0.00475094,4.94098106,1.39041270,13.17327064,0.33730868,0
7466000,0.06745542,0.01587716,15.12755490,7.84581256,145.19984594,1.63169436,0
7467000,0.07921330,0.00228882,0.00000000,0.00000000,0.00000000,0.00000000,0
7468000,0.03412032,0.02547272,7.38658694,13.38390906,116.84534424,2.03786740,0
7469000,0.09580790,0.05520095,0.00000000,0.00000000,0.00000000,0.00000000,0
7470000,0.07235226,0.03629841,0.00000000,0.00000000,0.00000000,0.00000000,0
7471000,0.05634631,0.02382671,4.92200196,5.48310499,27.14527179,0.26608772,0
7472000,0.02828729,0.01205898,0.00000000,0.00000000,0.00000000,0.00000000,0
7473000,0.04311615,0.07603253,6.96934222,40.93754726,862.22725318,0.00000000,1
7474000,0.10298755,0.01868887,12.18251306,7.47196476,102.12194088,1.00121941,0
7475000,0.03207819,0.02925690,0.00000000,0.00000000,0.00000000,0.00000000,0
7476000,0.04985933,0.05492865,9.23145596,26.98069437,406.58882390,0.00000000,1
7477000,0.06728344,0.08762956,18.03054705,38.78914468,914.84918615,0.00000000,1
7478000,0.03486906,0.02054110,3.55849579,4.25353315,15.37771828,0.13377718,0
7479000,0.04082008,0.01996558,5.92026364,5.35443852,31.85976672,0.32105163,0
7480000,0.08949763,0.04341281,16.67469973,14.46403016,243.62688967,2.74459903,0
7481000,0.04949445,0.01364051,0.00000000,0.00000000,0.00000000,0.00000000,0
7482000,0.05716209,0.03098768,14.82217359,13.51159923,201.13007186,2.07468643,0
7483000,0.08645792,0.05249316,0.00000000,0.00000000,0.00000000,0.00000000,0
7484000,0.04481471,0.00067859,3.64041821,-0.67004221,6.62632239,0.10383808,0
7485000,0.07003851,0.09638355,7.32182694,37.29812812,722.37975556,0.00000000,1
7486000,0.10899138,0.05545856,14.42295836,11.05959810,165.16821908,1.63168219,0
7487000,0.09314207,0.01609169,0.00000000,0.00000000,0.00000000,0.00000000,0
7488000,0.08394006,0.04770835,0.00000000,0.00000000,0.00000000,0.00000000,0
7489000,0.05466167,0.01211140,7.67871156,4.05941081,37.72071368,0.37133126,0
7490000,0.04320185,0.05134248,6.96416223,22.85795542,285.49284084,0.00000000,1
7491000,0.06630186,0.03197435,6.81201266,9.94089460,72.61245095,0.70612451,0
7492000,0.02408035,0.00028026,2.83555944,-0.90270202,4.02019867,0.08083799,0
7493000,0.04023282,0.01412950,6.38698600,5.45072852,35.25201575,0.39103367,0
7494000,0.07745159,0.01863290,14.88424950,8.08342953,143.44135806,2.16014803,0
7495000,0.09909543,0.00121969,0.00000000,0.00000000,0.00000000,0.00000000,0
7496000,0.07793523,0.01576250,0.00000000,0.00000000,0.00000000,0.00000000,0
7497000,0.05062634,0.12187669,0.00000000,0.00000000,0.00000000,0.00000000,0
7498000,0.07070474,0.07703769,0.00000000,0.00000000,0.00000000,0.00000000,0
7499000,0.06974387,0.02380940,10.47284560,4.64285592,65.61830299,0.69075204,0
7500000,0.05021949,0.02363664,0.00000000,0.00000000,0.00000000,0.00000000,0
7501000,0.02785192,0.01099937,4.66682220,4.66210522,21.75722723,0.89260044,0
7502000,0.05172278,0.02911834,11.39049744,15.74178797,188.77366026,1.97255709,0
7503000,0.16984573,0.02146356,0.00000000,0.00000000,0.00000000,0.00000000,0
7504000,0.07060523,0.05095658,3.65369689,3.07687356,11.40832593,0.11575318,0
7505000,0.04448435,0.01345052,2.53538632,0.72749437,3.47871593,0.03599407,0
7506000,0.04872160,0.00650715,3.31580401,0.23567485,5.52504944,0.04579634,0
7507000,0.02838983,0.00756569,1.86435918,0.40590436,1.82029676,0.01769700,0
7508000,0.02589326,0.02347988,1.81715952,2.26941886,4.22616536,0.16144310,0
7509000,0.04299423,0.00722249,3.78704780,0.47902042,7.28559581,0.11228937,0
7510000,0.01556784,0.00459181,0.97281474,0.18801466,0.49085902,0.00012939,0
7511000,0.03927792,0.00378086,3.84620080,0.10449478,7.40208989,0.05402754,0
7512000,0.02411419,0.00851910,2.18039424,0.79991525,2.69699172,0.02338848,0
7513000,0.06755398,0.02743497,7.89453181,3.68927359,37.96718604,0.36207173,0
7514000,0.06703736,0.02224415,0.00000000,0.00000000,0.00000000,0.00000000,0
7515000,0.06748415,0.02695033,12.11471597,11.14030466,135.43636547,1.37173598,0
7516000,0.08461639,0.04849084,0.00000000,0.00000000,0.00000000,0.00000000,0
7517000,0.03174888,0.01314339,0.00000000,0.00000000,0.00000000,0.00000000,0
7518000,0.06345244,0.01422280,0.00000000,0.00000000,0.00000000,0.00000000,0
7519000,0.05183260,0.00798117,0.00000000,0.00000000,0.00000000,0.00000000,0
7520000,0.04225687,0.00559776,7.55298780,1.48110717,29.62065156,0.51185835,0
7521000,0.03881554,0.02841844,8.09528998,13.42013308,122.81684593,1.27944793,0
7522000,0.05536231,0.01131249,13.60378523,4.90655083,104.56860684,1.75667234,0
7523000,0.10675941,0.04480040,0.00000000,0.00000000,0.00000000,0.00000000,0
7524000,0.08408140,0.01131249,0.00000000,0.00000000,0.00000000,0.00000000,0
7525000,0.06144648,0.02913312,9.91397509,12.19173359,123.46263497,1.37890632,0
7526000,0.06180814,0.01261286,0.00000000,0.00000000,0.00000000,0.00000000,0
7527000,0.02804337,0.00832043,0.00000000,0.00000000,0.00000000,0.00000000,0
7528000,0.02382454,0.00607776,4.28761174,2.29120636,11.81662053,0.37168283,0
7529000,0.03069112,0.01835144,0.00000000,0.00000000,0.00000000,0.00000000,0
7530000,0.07641634,0.00660375,9.69285168,1.63617421,48.31421983,0.50118297,0
7531000,0.05033001,0.01402323,7.36434172,5.31015091,41.21561581,0.40752183,0
7532000,0.03651433,0.02246609,0.00000000,0.00000000,0.00000000,0.00000000,0
7533000,0.04247432,0.03221820,11.94186497,15.35079984,189.12759740,2.37847721,0
7534000,0.06398856,0.00227982,0.00000000,0.00000000,0.00000000,0.00000000,0
7535000,0.07287203,0.00993722,0.00000000,0.00000000,0.00000000,0.00000000,0
7536000,0.06947429,0.03313282,11.35981060,16.89576448,207.25607704,2.32126102,0
7537000,0.08545219,0.02443640,0.00000000,0.00000000,0.00000000,0.00000000,0
7538000,0.07208101,0.03538807,19.10205436,17.56405961,336.69233546,0.00000000,1
7539000,0.06055410,0.02388536,6.61651800,9.43635529,66.41155583,0.64411556,0
7540000,0.03768766,0.00788695,0.00000000,0.00000000,0.00000000,0.00000000,0
7541000,0.06366213,0.01876605,0.00000000,0.00000000,0.00000000,0.00000000,0
7542000,0.03976719,0.00016622,0.00000000,0.00000000,0.00000000,0.00000000,0
7543000,0.02371589,0.01734292,6.04141073,8.67278457,55.85791791,1.18680250,0
7544000,0.05663728,0.00625479,0.00000000,0.00000000,0.00000000,0.00000000,0
7545000,0.04576915,0.01930440,7.35952554,10.40896900,81.25462585,0.97534280,0
7546000,0.03741923,0.01526389,0.00000000,0.00000000,0.00000000,0.00000000,0
7547000,0.07866196,0.01202489,0.00000000,0.00000000,0.00000000,0.00000000,0
7548000,0.08365617,0.05043441,0.00000000,0.00000000,0.00000000,0.00000000,0
7549000,0.04733742,0.00566307,8.73618663,1.13373086,38.80315121,0.67278664,0
7550000,0.06658825,0.04412289,15.09522970,17.01634578,258.71099168,2.63082500,0
7551000,0.03727759,0.00928476,0.00000000,0.00000000,0.00000000,0.00000000,0
7552000,0.02181281,0.00548768,3.12784015,1.59260210,6.15988272,0.70403930,0
7553000,0.07292788,0.00480458,15.24843975,1.40852327,117.24942634,1.25901816,0
7554000,0.02680878,0.02187707,0.00000000,0.00000000,0.00000000,0.00000000,0
7555000,0.03206375,0.00626972,2.52331624,2.04774319,5.28018853,0.09178743,0
7556000,0.05768355,0.02930939,6.04592864,14.83669139,128.34033220,1.52792940,0
7557000,0.06335159,0.01269484,0.00000000,0.00000000,0.00000000,0.00000000,0
7558000,0.06988809,0.00038974,12.63882427,-0.95134726,79.86993952,0.87166086,0
7559000,0.05673562,0.01407033,0.00000000,0.00000000,0.00000000,0.00000000,0
7560000,0.04493750,0.00493099,0.00000000,0.00000000,0.00000000,0.00000000,0
7561000,0.12008356,0.00634313,16.21616404,1.64934515,132.84215783,1.34855008,0
7562000,0.04845326,0.01945428,0.00000000,0.00000000,0.00000000,0.00000000,0
7563000,0.05288711,0.01099978,10.66338859,5.21053703,70.42877618,0.95795067,0
7564000,0.04452216,0.00969683,0.00000000,0.00000000,0.00000000,0.00000000,0
7565000,0.09695657,0.06953710,21.60317689,31.55099310,731.08120867,0.00000000,1
7566000,0.04538167,0.08327464,4.27238654,20.02070038,209.54086529,2.07540865,0
7567000,0.06153575,0.02332338,0.00000000,0.00000000,0.00000000,0.00000000,0
7568000,0.03027431,0.01036594,6.72562781,3.06744709,27.32165057,0.27606756,0
7569000,0.05127947,0.05748191,0.00000000,0.00000000,0.00000000,0.00000000,0
7570000,0.05370484,0.06024801,0.00000000,0.00000000,0.00000000,0.00000000,0
7571000,0.04669765,0.00364911,10.20864347,0.47502886,52.22102694,1.00301496,0
7572000,0.04808905,0.00829088,0.00000000,0.00000000,0.00000000,0.00000000,0
7573000,0.03075026,0.00051387,0.00000000,0.00000000,0.00000000,0.00000000,0
7574000,0.03908712,0.00342594,0.00000000,0.00000000,0.00000000,0.00000000,0
7575000,0.05650825,0.02850715,11.01777086,12.28684031,136.17885980,1.44565321,0
7576000,0.04040533,0.01096826,0.00000000,0.00000000,0.00000000,0.00000000,0
7577000,0.08841596,0.03548730,0.00000000,0.00000000,0.00000000,0.00000000,0
7578000,0.02856961,0.00459230,0.00000000,0.00000000,0.00000000,0.00000000,0
7579000,0.04436246,0.02057764,0.00000000,0.00000000,0.00000000,0.00000000,0
7580000,0.05644136,0.02293780,12.64899564,8.15902388,113.28338066,1.22963822,0
7581000,0.01619656,0.01826158,0.00000000,0.00000000,0.00000000,0.00000000,0
7582000,0.08473000,0.05127561,0.00000000,0.00000000,0.00000000,0.00000000,0
7583000,0.05360239,0.01454650,0.00000000,0.00000000,0.00000000,0.00000000,0
7584000,0.03681691,0.04397460,6.00782745,20.21527578,222.37568274,2.21565866,0
7585000,0.07105288,0.04027091,0.00000000,0.00000000,0.00000000,0.00000000,0
7586000,0.10149763,0.09712179,11.62857110,31.34603386,558.89875229,0.00000000,1
7587000,0.03247220,0.02095483,1.45639155,2.59576537,4.42953710,0.02429537,0
7588000,0.10180362,0.04095897,7.89072239,7.60329213,60.03677558,0.58069927,0
7589000,0.08233744,0.03720802,7.59679475,8.16302120,62.17310273,0.60301517,0
7590000,0.07135417,0.00422922,0.00000000,0.00000000,0.00000000,0.00000000,0
7591000,0.03591198,0.02155459,7.37842634,10.01829312,77.40368617,0.84408468,0
7592000,0.10098467,0.03431791,0.00000000,0.00000000,0.00000000,0.00000000,0
7593000,0.05572176,0.03230512,0.00000000,0.00000000,0.00000000,0.00000000,0
7594000,0.05548824,0.00014963,0.00000000,0.00000000,0.00000000,0.00000000,0
7595000,0.04900415,0.00347135,0.00000000,0.00000000,0.00000000,0.00000000,0
7596000,0.11188611,0.01826238,24.07677151,8.09532820,322.61263241,0.00000000,1
7597000,0.12694809,0.04076877,22.69607059,19.85199875,454.60673733,0.00000000,1
7598000,0.06026793,0.01642807,9.08238609,5.07251235,54.11005928,0.52110059,0
7599000,0.04585441,0.00738573,0.00000000,0.00000000,0.00000000,0.00000000,0
7600000,0.18409866,0.04720204,0.00000000,0.00000000,0.00000000,0.00000000,0
7601000,0.04424281,0.00389634,3.49280617,0.65868485,6.31678033,0.06120511,0
7602000,0.06225992,0.05594112,6.21986024,24.80642502,327.02269175,0.00000000,1
7603000,0.07234906,0.05570728,9.53580528,16.26367936,177.71942432,1.75719424,0
7604000,0.06166208,0.03057355,0.00000000,0.00000000,0.00000000,0.00000000,0
7605000,0.05083389,0.01241732,5.85829383,4.20147538,25.98600101,0.29362955,0
7606000,0.04888046,0.01722393,6.74031651,6.89158844,46.46292897,0.58745809,0
7607000,0.02920738,0.02360166,0.00000000,0.00000000,0.00000000,0.00000000,0
7608000,0.04202684,0.01373170,9.47786251,4.91597620,56.99834992,0.65897083,0
7609000,0.05760287,0.02668656,0.00000000,0.00000000,0.00000000,0.00000000,0
7610000,0.04979466,0.00698084,0.00000000,0.00000000,0.00000000,0.00000000,0
7611000,0.03350952,0.00698648,6.06567713,3.11549270,23.24936690,0.34592808,0
7612000,0.06005700,0.02866739,0.00000000,0.00000000,0.00000000,0.00000000,0
7613000,0.02993630,0.01880579,0.00000000,0.00000000,0.00000000,0.00000000,0
7614000,0.07087374,0.02785096,15.47597152,9.77084056,167.48750992,2.28411403,0
7615000,0.07428782,0.05443747,0.00000000,0.00000000,0.00000000,0.00000000,0
7616000,0.10070971,0.04593369,0.00000000,0.00000000,0.00000000,0.00000000,0
7617000,0.06734335,0.03694161,10.87150727,13.05966175,144.37221773,1.57163217,0
7618000,0.07035518,0.00635326,0.00000000,0.00000000,0.00000000,0.00000000,0
7619000,0.06387057,0.01195737,0.00000000,0.00000000,0.00000000,0.00000000,0
7620000,0.05293755,0.02114146,8.81919107,8.87093223,78.23578486,0.77642674,0
7621000,0.05184568,0.02611668,0.00000000,0.00000000,0.00000000,0.00000000,0
7622000,0.06359093,0.03890449,12.33697574,18.43237252,245.97666361,2.53534758,0
7623000,0.10901098,0.03936531,0.00000000,0.00000000,0.00000000,0.00000000,0
7624000,0.03504437,0.00179195,0.00000000,0.00000000,0.00000000,0.00000000,0
7625000,0.03082406,0.00808201,6.82546074,2.59189708,26.65242237,0.33657012,0
7626000,0.05690414,0.00604720,15.89826515,1.91268059,128.20659094,1.63590133,0
7627000,0.07089870,0.05695300,0.00000000,0.00000000,0.00000000,0.00000000,0
7628000,0.04924935,0.02921579,0.00000000,0.00000000,0.00000000,0.00000000,0
7629000,0.02879338,0.00795575,4.53553445,2.67514939,13.86374849,0.31907931,0
7630000,0.05264337,0.00784359,11.02836279,2.89789580,65.01129296,0.69494180,0
7631000,0.11054653,0.02975597,0.00000000,0.00000000,0.00000000,0.00000000,0
7632000,0.04167779,0.07124393,0.00000000,0.00000000,0.00000000,0.00000000,0
7633000,0.06354426,0.03280890,7.98490168,12.98281203,116.15603149,1.14431403,0
7634000,0.09553293,0.09129227,0.00000000,0.00000000,0.00000000,0.00000000,0
7635000,0.05757796,0.06826827,0.00000000,0.00000000,0.00000000,0.00000000,0
7636000,0.12471486,0.00655665,0.00000000,0.00000000,0.00000000,0.00000000,0
7637000,0.07818790,0.02886384,0.00000000,0.00000000,0.00000000,0.00000000,0
7638000,0.03385038,0.01024999,0.00000000,0.00000000,0.00000000,0.00000000,0
7639000,0.13871492,0.14492144,40.08508488,91.93628563,5029.54732301,0.00000000,1
7640000,0.07384957,0.03732303,8.74531186,6.48897967,59.29366830,0.57293668,0
7641000,0.04467618,0.00904753,0.00000000,0.00000000,0.00000000,0.00000000,0
7642000,0.08803861,0.02006315,17.85728169,8.49206215,195.49881447,2.01961947,0
7643000,0.04751218,0.02276423,0.00000000,0.00000000,0.00000000,0.00000000,0
7644000,0.05273724,0.01426588,12.70878310,6.93601375,104.81072727,1.92974696,0
7645000,0.08288959,0.03480539,0.00000000,0.00000000,0.00000000,0.00000000,0
7646000,0.06756394,0.00673836,0.00000000,0.00000000,0.00000000,0.00000000,0
7647000,0.09239445,0.01978127,11.57343720,9.92808118,116.25562220,1.24126460,0
7648000,0.08057266,0.00584613,0.00000000,0.00000000,0.00000000,0.00000000,0
7649000,0.04340871,0.01710741,0.00000000,0.00000000,0.00000000,0.00000000,0
7650000,0.04216943,0.01759056,5.92063275,8.63301842,54.79144962,0.54592244,0
7651000,0.08070218,0.03188097,0.00000000,0.00000000,0.00000000,0.00000000,0
7652000,0.05529436,0.00221872,0.00000000,0.00000000,0.00000000,0.00000000,0
7653000,0.04801920,0.01505166,8.95587028,6.60758708,61.93390975,0.76848009,0
7654000,0.08635284,0.02424938,0.00000000,0.00000000,0.00000000,0.00000000,0
7655000,0.06354520,0.01196575,0.00000000,0.00000000,0.00000000,0.00000000,0
7656000,0.08597168,0.05677078,15.75949024,17.17432698,271.65951996,2.70323883,0
7657000,0.05367044,0.02300213,0.00000000,0.00000000,0.00000000,0.00000000,0
7658000,0.14564148,0.00299528,0.00000000,0.00000000,0.00000000,0.00000000,0
7659000,0.08036110,0.02688577,16.51734357,14.23848034,237.77848052,2.40975614,0
7660000,0.06764842,0.02258330,0.00000000,0.00000000,0.00000000,0.00000000,0
7661000,0.13801630,0.02576280,10.47926006,4.69797061,65.94290965,0.76525539,0
7662000,0.14330830,0.00954661,13.17434512,1.67456540,88.18376936,0.86198848,0
7663000,0.05813592,0.01185806,5.68331726,2.53279239,19.35756615,0.24544929,0
7664000,0.09034328,0.01832033,10.19240888,4.65163819,62.76146831,0.65910965,0
7665000,0.06391039,0.01709242,0.00000000,0.00000000,0.00000000,0.00000000,0
7666000,0.06694017,0.01338763,7.59441800,3.49250742,34.93639644,0.33032908,0
7667000,0.05328651,0.07863324,0.00000000,0.00000000,0.00000000,0.00000000,0
7668000,0.05850847,0.00192496,0.00000000,0.00000000,0.00000000,0.00000000,0
7669000,0.05354848,0.06605513,0.00000000,0.00000000,0.00000000,0.00000000,0
7670000,0.19292860,0.03023681,37.23441249,9.60494326,739.32820405,0.00000000,1
7671000,0.04781746,0.01295075,4.84356785,4.94852302,23.97401482,0.21974015,0
7672000,0.04845436,0.01109508,0.00000000,0.00000000,0.00000000,0.00000000,0
7673000,0.03369990,0.03429624,5.31071966,16.81274557,155.43607844,1.60832377,0
7674000,0.03950206,0.02445791,0.00000000,0.00000000,0.00000000,0.00000000,0
7675000,0.06680274,0.02880290,0.00000000,0.00000000,0.00000000,0.00000000,0
7676000,0.03720134,0.01201680,9.20417704,4.11690218,50.83287923,0.72129291,0
7677000,0.04814669,0.04157269,14.17216496,18.65021049,274.34030545,0.00000000,1
7678000,0.05804856,0.00553871,5.10086355,0.89803412,13.41263711,0.11412637,0
7679000,0.09620602,0.04036942,0.00000000,0.00000000,0.00000000,0.00000000,0
7680000,0.02978378,0.03170378,4.24752183,14.43325473,113.18014188,1.31584807,0
7681000,0.08605198,0.03367342,0.00000000,0.00000000,0.00000000,0.00000000,0
7682000,0.06950906,0.00109935,0.00000000,0.00000000,0.00000000,0.00000000,0
7683000,0.03471725,0.02041617,5.69804686,6.17816454,35.31872752,0.51192210,0
7684000,0.04302495,0.00269225,0.00000000,0.00000000,0.00000000,0.00000000,0
7685000,0.07861850,0.03172821,16.83358221,11.71146031,210.26389632,2.18693558,0
7686000,0.01474089,0.01676888,0.00000000,0.00000000,0.00000000,0.00000000,0
7687000,0.04102414,0.02133201,0.00000000,0.00000000,0.00000000,0.00000000,0
7688000,0.06059903,0.01591922,15.17029572,6.41582293,135.65032800,1.36865709,0
7689000,0.03685916,0.04428192,9.98712787,21.81896813,287.90504662,0.00000000,1
7690000,0.05058500,0.00006301,5.96997314,-1.03737529,17.82028964,0.15820290,0
7691000,0.20401202,0.02781657,0.00000000,0.00000000,0.00000000,0.00000000,0
7692000,0.03681947,0.00190523,5.32123824,-0.11755080,14.15778823,0.13732041,0
7693000,0.04970647,0.01702018,9.00815766,8.21194919,74.29150698,1.08519451,0
7694000,0.09032817,0.02801636,0.00000000,0.00000000,0.00000000,0.00000000,0
7695000,0.04512053,0.02348277,0.00000000,0.00000000,0.00000000,0.00000000,0
7696000,0.02104388,0.02403676,2.05142213,8.87743533,41.50859544,0.41048761,0
7697000,0.02048127,0.01657074,0.00000000,0.00000000,0.00000000,0.00000000,0
