step,surprise_raw,surprise_clipped,state_action_pseudo_count,familiarity,e_t,block_E_k,W_k,block_completed,warmup_remaining,regime_change,mean_total_var,mean_epistemic_var,raw_residual_mse,raw_delta_state_mse,raw_reward_sq_error,mean_total_var_raw,mean_epistemic_var_raw,gradient_coherence,gradient_novelty,predictor_nll
0,3.62886524,3.62886524,0,0.00000000,0.00000000,nan,0.00000000,0,9999,0,1.00173795,0.00019866,3.64880919,3.83994150,0.39956334,1.00173795,0.00019866,nan,nan,49.25938988
100,1.09654176,1.09654176,0,0.00000000,0.00000000,nan,0.00000000,0,9899,0,1.03826499,0.00614859,42.70302582,45.21367645,0.02190786,39.84826279,0.14868881,0.13550139,0.86449861,26.85875206
200,0.38415137,0.38415137,0,0.00000000,0.00000000,nan,0.00000000,0,9799,0,1.02101469,0.00328682,20.10145760,21.27183342,0.20510712,38.70514297,0.08477855,-0.44691119,1.44691119,20.28073025
300,0.53477597,0.53477597,0,0.00000000,0.00000000,nan,0.00000000,0,9699,0,1.01038074,0.00263688,12.73760891,13.48380280,0.05230499,35.98871613,0.06046418,0.24733156,0.75266844,21.57394648
400,0.53534961,0.53534961,0,0.00000000,0.00000000,nan,0.00000000,0,9599,0,1.00718987,0.00283881,12.54238319,13.27700329,0.05382526,35.75725937,0.08516729,0.10194322,0.89805678,21.46741867
500,0.31993780,0.31993780,0,0.00000000,0.00000000,nan,0.00000000,0,9499,0,0.99848527,0.00199922,5.22408676,5.52285624,0.14500637,34.22425079,0.07600096,-0.18047128,1.18047128,19.40587568
600,0.49231121,0.49231121,0,0.00000000,0.00000000,nan,0.00000000,0,9399,0,0.98133975,0.00203818,5.77543211,6.11515856,0.00008299,32.91819000,0.05080430,0.02310748,0.97689252,20.76782036
700,0.31287283,0.31287283,0,0.00000000,0.00000000,nan,0.00000000,0,9299,0,0.95881242,0.00303204,14.48571110,15.32075405,0.28995651,31.24621964,0.14445052,0.18304729,0.81695271,19.04189491
800,0.56395614,0.56395614,0,0.00000000,0.00000000,nan,0.00000000,0,9199,0,0.95758629,0.00609435,15.04989815,15.93509674,0.00152060,31.37758446,0.12387159,0.29657184,0.70342816,21.23847809
900,0.94895196,0.94895196,0,0.00000000,0.00000000,nan,0.00000000,0,9099,0,0.95061314,0.00602663,4.83046103,5.07733965,0.63352090,31.16613388,0.10500802,0.10733174,0.89266826,23.99358940
1000,0.62569308,0.62569308,0,0.00000000,0.00000000,nan,0.00000000,0,8999,0,0.94579053,0.00829767,9.94983387,10.52496529,0.17258368,30.19164276,0.25047976,-0.14064423,1.14064423,22.15003014
1100,1.03020501,1.03020501,0,0.00000000,0.00000000,nan,0.00000000,0,8899,0,0.91188580,0.01313602,29.76934814,31.51151085,0.15261848,28.71189308,0.38451546,0.17763032,0.82236968,25.67959785
1200,0.61806577,0.61806577,0,0.00000000,0.00000000,nan,0.00000000,0,8799,0,0.84778959,0.02429526,13.25599766,14.03139305,0.07428182,27.17020988,0.63855511,0.15758575,0.84241425,20.41248989
1300,0.32467136,0.32467136,0,0.00000000,0.00000000,nan,0.00000000,0,8699,0,0.80323762,0.03519358,4.61182737,4.87974930,0.05716088,26.43388939,1.81869936,0.02035323,0.97964677,16.41569924
1400,0.54644912,0.54644912,0,0.00000000,0.00000000,nan,0.00000000,0,8599,0,0.77860999,0.04429756,19.89975357,21.06393242,0.10868476,24.54845238,1.74422312,0.15588250,0.84411750,19.87179613
1500,0.91549122,0.91549122,0,0.00000000,0.00000000,nan,0.00000000,0,8499,0,0.82898831,0.01535508,18.96032333,20.06480980,0.18404499,23.60367775,0.57004422,-0.07332523,1.07332523,23.37450790
1600,0.27351910,0.27351910,0,0.00000000,0.00000000,nan,0.00000000,0,8399,0,0.78458142,0.01806988,7.88365269,8.34465981,0.04652115,22.60334015,1.23305845,0.09120136,0.90879864,17.39073054
1700,0.46992862,0.46992862,0,0.00000000,0.00000000,nan,0.00000000,0,8299,0,0.87729484,0.05350173,20.08484268,21.25767326,0.14674887,25.64238548,3.21752715,-0.02317772,1.02317772,18.88674974
1800,1.40825605,1.40825605,0,0.00000000,0.00000000,nan,0.00000000,0,8199,0,0.85131574,0.10893615,21.64841080,22.90462303,0.29275054,26.02202988,5.67044163,0.13741531,0.86258469,28.90641467
1900,0.60267985,0.60267985,0,0.00000000,0.00000000,nan,0.00000000,0,8099,0,0.79674447,0.04754048,10.34729671,10.95424461,0.02918616,21.87451935,2.11951923,0.02847903,0.97152097,19.44083309
2000,0.33320427,0.33320427,0,0.00000000,0.00000000,nan,0.00000000,0,7999,0,0.77509969,0.02564535,2.77893162,2.93923950,0.05369445,22.21389389,1.11622477,-0.13916525,1.13916525,17.12529206
2100,0.48675027,0.48675027,0,0.00000000,0.00000000,nan,0.00000000,0,7899,0,0.77050483,0.05222127,15.51941299,16.43089104,0.02427827,21.96800423,3.18011642,0.09650031,0.90349969,20.08436728
2200,0.25976291,0.25976291,0,0.00000000,0.00000000,nan,0.00000000,0,7799,0,0.47179285,0.02869548,1.75148022,1.85437655,0.00224320,11.20018482,1.07566726,0.04101694,0.95898306,9.89553944
2300,0.95448560,0.95448560,0,0.00000000,0.00000000,nan,0.00000000,0,7699,0,0.62166482,0.07746109,2.68662858,2.83532143,0.15884681,15.32527637,3.00419664,0.02122341,0.97877659,22.36814804
2400,0.22008564,0.22008564,0,0.00000000,0.00000000,nan,0.00000000,0,7599,0,0.53689337,0.02652673,1.21741426,1.28111744,0.13445896,12.23234749,1.39724326,0.10103920,0.89896080,12.07960574
2500,0.29882297,0.29882297,0,0.00000000,0.00000000,nan,0.00000000,0,7499,0,0.36505154,0.06846915,1.95094252,2.06569791,0.00010562,7.91130733,2.61825585,-0.02153355,1.02153355,5.87713218
2600,0.42155665,0.42155665,0,0.00000000,0.00000000,nan,0.00000000,0,7399,0,0.28079993,0.04080162,2.04346180,2.16343498,0.00391559,5.16990376,0.89581597,0.03632941,0.96367059,9.48691797
2700,0.60576016,0.60576016,0,0.00000000,0.00000000,nan,0.00000000,0,7299,0,0.32913658,0.05311860,1.32146668,1.39458597,0.07843881,8.20653915,2.47978354,-0.00756917,1.00756917,14.80398512
2800,0.13467921,0.13467921,0,0.00000000,0.00000000,nan,0.00000000,0,7199,0,0.51907456,0.04437370,0.90043765,0.95235890,0.01777729,10.73396683,1.81502938,0.06708926,0.93291074,11.98589611
2900,0.30443197,0.30443197,0,0.00000000,0.00000000,nan,0.00000000,0,7099,0,0.37571871,0.04588991,0.66985756,0.70744389,0.03089054,5.64335537,0.88309789,0.06788752,0.93211248,8.45888186
3000,0.17481381,0.17481381,0,0.00000000,0.00000000,nan,0.00000000,0,6999,0,0.54900897,0.02118070,0.69205606,0.72281647,0.16912930,11.58152390,0.97329372,-0.06998695,1.06998695,12.19123478
3100,0.48399279,0.48399279,0,0.00000000,0.00000000,nan,0.00000000,0,6899,0,0.42843741,0.02990657,0.99593312,1.02955961,0.42428187,6.61781263,0.76568329,-0.07278631,1.07278631,12.39167833
3200,0.34285963,0.34285963,0,0.00000000,0.00000000,nan,0.00000000,0,6799,0,0.32318425,0.03815029,0.57369679,0.59366506,0.23423606,4.93268776,1.12863731,-0.02392251,1.02392251,7.28076935
3300,0.08080104,0.08080104,0,0.00000000,0.00000000,nan,0.00000000,0,6699,0,0.30194497,0.01962180,0.15954143,0.16724727,0.02854207,5.22333002,0.67627311,-0.01119779,1.01119779,3.95121900
3400,0.08545566,0.08545566,0,0.00000000,0.00000000,nan,0.00000000,0,6599,0,0.40789220,0.02420156,0.43490440,0.45981368,0.01144674,6.51618385,0.78977305,-0.01173152,1.01173152,7.64905421
3500,0.85065329,0.85065329,0,0.00000000,0.00000000,nan,0.00000000,0,6499,0,0.31979442,0.04363400,1.13937557,1.20639527,0.00004056,3.31184864,0.94437355,-0.02048569,1.02048569,14.09150839
3600,0.19879873,0.19879873,0,0.00000000,0.00000000,nan,0.00000000,0,6399,0,0.49953592,0.02819918,0.72936344,0.77134782,0.01562928,6.46890450,0.82708287,-0.02948163,1.02948163,11.16106892
3700,0.28450930,0.28450930,0,0.00000000,0.00000000,nan,0.00000000,0,6299,0,0.49354866,0.02135404,0.97711253,1.02529967,0.15793094,6.18956661,0.48200014,-0.07822475,1.07822475,11.57589340
3800,0.44708171,0.44708171,0,0.00000000,0.00000000,nan,0.00000000,0,6199,0,0.42212486,0.03676480,0.67672473,0.69385660,0.38548338,4.61828709,0.80611253,-0.02632421,1.02632421,10.60352945
3900,0.21229789,0.21229789,0,0.00000000,0.00000000,nan,0.00000000,0,6099,0,0.35114843,0.02731172,0.50082183,0.51682889,0.22870205,3.40312076,0.49880832,0.03834465,0.96165535,6.21585687
4000,0.63582247,0.63582247,0,0.00000000,0.00000000,nan,0.00000000,0,5999,0,0.46000278,0.01816281,1.31475830,1.34315670,0.83198482,6.97384071,0.74381810,-0.11282718,1.11282718,14.31660628
4100,0.80702758,0.80702758,0,0.00000000,0.00000000,nan,0.00000000,0,5899,0,0.30213955,0.03886313,2.05308867,2.16406035,0.16656926,2.89218950,0.89562154,0.05769307,0.94230693,13.66036669
4200,0.29048267,0.29048267,0,0.00000000,0.00000000,nan,0.00000000,0,5799,0,0.34734821,0.02791081,1.27005780,1.34464025,0.00215421,4.88974333,1.03963768,0.04773116,0.95226884,7.42828274
4300,0.53016365,0.53016365,0,0.00000000,0.00000000,nan,0.00000000,0,5699,0,0.29872862,0.02582174,1.29960334,1.37459981,0.02466425,4.24807835,0.90910298,0.07522589,0.92477411,9.69198501
4400,0.32779652,0.32779652,0,0.00000000,0.00000000,nan,0.00000000,0,5599,0,0.33481309,0.02951617,0.47822863,0.50539857,0.01633932,4.89823484,0.94557083,-0.00999171,1.00999171,7.77581275
4500,0.23285238,0.23285238,0,0.00000000,0.00000000,nan,0.00000000,0,5499,0,0.22330219,0.03480871,0.34533268,0.36562797,0.00031260,2.77209997,0.99106956,-0.01068368,1.01068368,3.51541798
4600,0.97161663,0.97161663,0,0.00000000,0.00000000,nan,0.00000000,0,5399,0,0.27111301,0.04877917,2.06255937,2.15416217,0.50531012,5.24358940,2.55672622,-0.06101770,1.06101770,12.05071131
4700,0.45748934,0.45748934,0,0.00000000,0.00000000,nan,0.00000000,0,5299,0,0.27051270,0.03581714,2.02940798,2.14089537,0.13412042,4.28410578,1.44930851,-0.09379982,1.09379982,10.26458263
4800,0.23780881,0.23780881,0,0.00000000,0.00000000,nan,0.00000000,0,5199,0,0.40127367,0.02323969,0.45649433,0.46963748,0.23306115,5.15117121,0.74579388,-0.02721602,1.02721602,8.16203964
4900,0.23642953,0.23642953,0,0.00000000,0.00000000,nan,0.00000000,0,5099,0,0.39666197,0.04154411,1.18325555,1.25281489,0.00074477,4.95557404,1.30667114,-0.10286059,1.10286059,7.20534674
5000,0.05001276,0.05001276,0,0.00000000,0.00000000,nan,0.00000000,0,4999,0,0.57886344,0.01286303,0.29188210,0.30902150,0.00051133,10.29416084,0.37540075,-0.03507025,1.03507025,11.11486220
5100,0.80591822,0.80591822,0,0.00000000,0.00000000,nan,0.00000000,0,4899,0,0.46743187,0.02636752,2.43932104,2.54137397,0.70442116,5.55189323,0.46859270,-0.00684701,1.00684701,15.37765765
5200,1.16836023,1.16836023,0,0.00000000,0.00000000,nan,0.00000000,0,4799,0,0.26628283,0.02913181,1.73414755,1.82921851,0.11794391,3.09650803,0.74821377,-0.01913242,1.01913242,16.43185552
5300,0.80641961,0.80641961,0,0.00000000,0.00000000,nan,0.00000000,0,4699,0,0.24841478,0.02027657,2.88324356,3.01800370,0.59231788,2.81588030,0.66494316,-0.04901966,1.04901966,10.26076031
5400,0.38720775,0.38720775,0,0.00000000,0.00000000,nan,0.00000000,0,4599,0,0.30206096,0.01867800,1.81631339,1.91819000,0.08441085,4.06400728,0.36080000,-0.06782222,1.06782222,7.58700450
5500,0.59075665,0.59075665,0,0.00000000,0.00000000,nan,0.00000000,0,4499,0,0.16911367,0.05881161,0.54082882,0.53608936,0.62139910,2.65370560,2.08557606,-0.00881245,1.00881245,19.38853010
5600,0.21316558,0.21316558,0,0.00000000,0.00000000,nan,0.00000000,0,4399,0,0.28001648,0.02075570,0.14678729,0.15390575,0.02577368,3.76360536,0.70478684,-0.01497036,1.01497036,4.92588794
5700,0.05192021,0.05192021,0,0.00000000,0.00000000,nan,0.00000000,0,4299,0,0.28511551,0.02443213,0.15410608,0.16265583,0.00876043,4.86362267,1.10090339,0.02699120,0.97300880,4.69345808
5800,0.38050148,0.38050148,0,0.00000000,0.00000000,nan,0.00000000,0,4199,0,0.17042041,0.01668204,0.77733380,0.81949449,0.06060196,2.31309628,0.55583745,-0.01892509,1.01892509,2.14137352
5900,0.20699376,0.20699376,0,0.00000000,0.00000000,nan,0.00000000,0,4099,0,0.29203364,0.01950670,1.31915593,1.39395797,0.04752107,4.18946218,0.60030550,0.01480403,0.98519597,5.49651098
6000,0.47073883,0.47073883,0,0.00000000,0.00000000,nan,0.00000000,0,3999,0,0.28534654,0.01847744,0.73061788,0.75883347,0.25095314,4.52667236,0.49370465,-0.07409049,1.07409049,8.22751725
6100,0.16150960,0.16150960,0,0.00000000,0.00000000,nan,0.00000000,0,3899,0,0.17296943,0.02064747,0.33382562,0.35295087,0.00869635,2.13873363,0.33357972,0.06636479,0.93363521,0.70959769
6200,0.44686019,0.44686019,0,0.00000000,0.00000000,nan,0.00000000,0,3799,0,0.16720641,0.02995906,0.60847831,0.64349800,0.01314396,2.41089511,0.70975834,0.05674513,0.94325487,4.66473373
6300,0.39797163,0.39797163,0,0.00000000,0.00000000,nan,0.00000000,0,3699,0,0.10324200,0.02333217,0.46593142,0.48719859,0.10438955,1.60401344,0.67174160,0.01256668,0.98743332,2.29311359
6400,0.59775609,0.59775609,0,0.00000000,0.00000000,nan,0.00000000,0,3599,0,0.20599245,0.02315513,1.35743034,1.43559122,0.02869785,2.93526459,0.53476894,0.05200164,0.94799836,7.66051376
6500,0.77902913,0.77902913,0,0.00000000,0.00000000,nan,0.00000000,0,3499,0,0.17867170,0.02553270,0.79266071,0.83063376,0.14711846,2.63762069,0.71761405,-0.01070424,1.01070424,7.89015746
6600,0.69070268,0.69070268,0,0.00000000,0.00000000,nan,0.00000000,0,3399,0,0.15493760,0.02974013,2.45789766,2.60231423,0.00281880,2.12033367,0.62916875,-0.01447106,1.01447106,6.30290186
6700,0.10775129,0.10775129,0,0.00000000,0.00000000,nan,0.00000000,0,3299,0,0.13980860,0.02034067,0.13793696,0.14604990,0.00001684,2.13773704,0.46104825,0.02326084,0.97673916,-1.23763029
6800,0.09578094,0.09578094,0,0.00000000,0.00000000,nan,0.00000000,0,3199,0,0.17717139,0.01556076,0.10258467,0.10574494,0.04886011,2.47563887,0.28368783,0.05183113,0.94816887,-0.11549509
6900,0.39326715,0.39326715,0,0.00000000,0.00000000,nan,0.00000000,0,3099,0,0.16978949,0.03072707,0.38329807,0.40287036,0.05056993,2.41040015,0.79828286,-0.04511022,1.04511022,nan
7000,0.77280354,0.77280354,0,0.00000000,0.00000000,nan,0.00000000,0,2999,0,0.25841400,0.01601042,1.06114411,1.08857632,0.59479660,4.01797819,0.52725190,0.02250811,0.97749189,10.46142602
7100,0.16224647,0.16224647,0,0.00000000,0.00000000,nan,0.00000000,0,2899,0,0.22799659,0.01901714,0.35065228,0.37114868,0.00221335,3.02254796,0.50662339,0.02483205,0.97516795,3.22586846
7200,0.62256134,0.62256134,0,0.00000000,0.00000000,nan,0.00000000,0,2799,0,0.16129830,0.02609429,1.14441824,1.21172023,0.00028666,2.28089190,1.01501560,-0.07411495,1.07411495,8.49441814
7300,0.31534481,0.31534481,0,0.00000000,0.00000000,nan,0.00000000,0,2699,0,0.20394044,0.01646367,0.05472188,0.05521756,0.04629540,2.86921096,0.34974781,0.03504231,0.96495769,3.87382102
7400,0.34808785,0.34808785,0,0.00000000,0.00000000,nan,0.00000000,0,2599,0,0.14095849,0.01414358,0.12273167,0.12186837,0.13740766,1.78877532,0.28424037,0.01475425,0.98524575,0.74225698
7500,0.50181442,0.50181442,0,0.00000000,0.00000000,nan,0.00000000,0,2499,0,0.20586489,0.03724059,0.73421520,0.76391220,0.22936600,2.73249125,0.73191583,-0.06980139,1.06980139,8.24211645
7600,2.27622914,2.27622914,0,0.00000000,0.00000000,nan,0.00000000,0,2399,0,0.38463360,0.04138486,6.08985329,6.42323542,0.42236182,3.29541898,0.84001374,-0.08186992,1.08186992,32.97752523
7700,0.97909778,0.97909778,0,0.00000000,0.00000000,nan,0.00000000,0,2299,0,0.39570147,0.06571124,1.59600008,1.66535282,0.41700360,3.02648306,1.59384561,-0.01574170,1.01574170,23.19293809
7800,0.22034939,0.22034939,0,0.00000000,0.00000000,nan,0.00000000,0,2199,0,0.46327364,0.03153444,0.26091236,0.27391288,0.03990358,3.02415895,0.59792763,0.00448458,0.99551542,6.90756869
7900,0.21169651,0.21169651,0,0.00000000,0.00000000,nan,0.00000000,0,2099,0,0.45738840,0.02219782,0.41973913,0.43309718,0.19265109,3.08181477,0.31191471,0.02281210,0.97718790,6.55914831
8000,0.17819780,0.17819780,0,0.00000000,0.00000000,nan,0.00000000,0,1999,0,0.51503670,0.01100748,1.09354961,1.15444183,0.05838279,6.81400204,0.19279814,0.03694891,0.96305109,10.05916595
8100,0.05866055,0.05866055,0,0.00000000,0.00000000,nan,0.00000000,0,1899,0,0.41621014,0.01137149,0.23731200,0.25109899,0.00293310,4.62517452,0.32717514,0.00271123,0.99728877,6.37166131
8200,0.12798144,0.12798144,0,0.00000000,0.00000000,nan,0.00000000,0,1799,0,0.26095736,0.01858720,0.39054373,0.41328546,0.00393433,2.35459185,0.51195210,-0.02390340,1.02390340,2.03633052
8300,0.09158611,0.09158611,0,0.00000000,0.00000000,nan,0.00000000,0,1699,0,0.17050378,0.01946275,0.14373566,0.15184394,0.00589496,1.56566405,0.42512292,0.01974260,0.98025740,-2.28222334
8400,0.15028526,0.15028526,0,0.00000000,0.00000000,nan,0.00000000,0,1599,0,0.17393389,0.01503779,0.20753419,0.21445826,0.08982546,2.05664396,0.32376662,0.10168713,0.89831287,-1.16170216
8500,0.28258145,0.28258145,0,0.00000000,0.00000000,nan,0.00000000,0,1499,0,0.14308213,0.02280934,0.13264702,0.13966900,0.01327330,1.83548307,0.49843523,0.02457978,0.97542022,-0.47255377
8600,0.34188604,0.34188604,0,0.00000000,0.00000000,nan,0.00000000,0,1399,0,0.15070313,0.03974454,0.46788085,0.49031079,0.08657192,2.15403104,1.08491957,0.02910780,0.97089220,1.99778888
8700,0.49289355,0.49289355,0,0.00000000,0.00000000,nan,0.00000000,0,1299,0,0.19262238,0.01316645,0.52306366,0.55004680,0.06435087,2.73874712,0.31681749,0.00696412,0.99303588,4.89920266
8800,0.11016858,0.11016858,0,0.00000000,0.00000000,nan,0.00000000,0,1199,0,0.17562723,0.00638236,0.22891289,0.24129422,0.01843055,2.58454728,0.25292233,-0.05159824,1.05159824,0.18925475
8900,0.18882686,0.18882686,0,0.00000000,0.00000000,nan,0.00000000,0,1099,0,0.08827014,0.01750516,0.20358512,0.21419850,0.02315757,1.12545145,0.45252746,0.02289162,0.97710838,-4.61449349
9000,0.39285538,0.39285538,0,0.00000000,0.00000000,nan,0.00000000,0,999,0,0.22376734,0.01071958,0.51763248,0.54226822,0.09882642,3.56503344,0.23290107,-0.12215587,1.12215587,5.81077347
9100,0.40116844,0.40116844,0,0.00000000,0.00000000,nan,0.00000000,0,899,0,0.18638879,0.01960396,0.18259257,0.18966137,0.06242322,2.32714415,0.40978470,0.04556942,0.95443058,4.78619128
9200,0.17912188,0.17912188,0,0.00000000,0.00000000,nan,0.00000000,0,799,0,0.12180833,0.02093705,0.26748028,0.28106695,0.03650685,1.53887701,0.48493513,-0.02263445,1.02263445,0.30743469
9300,0.37239194,0.37239194,0,0.00000000,0.00000000,nan,0.00000000,0,699,0,0.09072778,0.02356296,0.18926682,0.19927378,0.01914838,1.50519347,0.90792805,0.00454134,0.99545866,8.34845734
9400,0.19818246,0.19818246,0,0.00000000,0.00000000,nan,0.00000000,0,599,0,0.11694892,0.01524906,0.19827186,0.20974229,0.00327448,1.77330589,0.34516525,0.04400351,0.95599649,-2.93947848
9500,0.27681875,0.27681875,0,0.00000000,0.00000000,nan,0.00000000,0,499,0,0.08628347,0.02751206,0.32965568,0.34708905,0.03328878,1.35292220,0.55027658,0.02941255,0.97058745,-1.32845588
9600,0.07716431,0.07716431,0,0.00000000,0.00000000,nan,0.00000000,0,399,0,0.08970958,0.00756560,0.05531879,0.05791130,0.01124613,1.36947894,0.14840706,-0.00722484,1.00722484,-5.34580517
9700,1.56836331,1.56836331,0,0.00000000,0.00000000,nan,0.00000000,0,299,0,0.06071367,0.01295569,0.48297659,0.51121229,0.00296908,0.90680546,0.27271217,0.03467269,0.96532731,9.69419301
9800,0.07490437,0.07490437,0,0.00000000,0.00000000,nan,0.00000000,0,199,0,0.06734651,0.01837099,0.04786687,0.05060159,0.00137657,1.08205247,0.36677897,-0.05176415,1.05176415,-6.48671049
9900,1.83703780,1.83703780,0,0.00000000,0.00000000,nan,0.00000000,0,99,0,0.08399674,0.01545940,2.91624427,3.08716035,0.01067072,1.31591499,0.36005834,0.04999430,0.95000570,14.87580318
10000,0.40615287,0.40615287,0,0.00000000,0.00000000,nan,0.00000000,0,0,0,0.13490318,0.01507194,0.37356943,0.39550793,0.00061480,2.07183528,0.27905437,0.02181367,0.97818633,1.34823406
10100,0.18883584,0.18883584,2,0.18126925,0.00020388,nan,0.00000000,0,0,0,0.14966656,0.01514057,0.30404201,0.32185960,0.00114280,1.79876029,0.18607357,0.03529564,0.96470436,-0.82053828
10200,0.50888491,0.50888491,2,0.18126925,0.00054943,nan,0.00000000,0,0,0,0.10123433,0.01987338,1.29082549,1.36652887,0.00386862,1.33556235,0.53713500,0.07790163,0.92209837,2.37929916
10300,0.41394973,0.41394973,4,0.32967995,0.00489010,nan,0.00000000,0,0,0,0.10280477,0.02362490,0.64450300,0.67945695,0.05028595,1.68194914,0.80544329,0.02439521,0.97560479,-2.67425346
10400,0.31707028,0.31707028,8,0.55067104,0.02915577,nan,0.00000000,0,0,0,0.07397921,0.00742518,0.23426189,0.24709219,0.01614692,1.12788880,0.24402472,0.02910107,0.97089893,-4.43772928
10500,0.13904679,0.13904679,8,0.55067104,0.01278586,nan,0.00000000,0,0,0,0.07278016,0.00985868,0.08470368,0.08965947,0.00045534,1.18757427,0.34959948,0.03286280,0.96713720,-6.68785000
10600,0.14930899,0.14930899,2,0.18126925,0.00016121,nan,0.00000000,0,0,0,0.08406370,0.01314549,0.11065868,0.11716328,0.00008058,1.27970397,0.29162729,0.00908471,0.99091529,-4.42586303
10700,0.68047893,0.68047893,16,0.79810348,0.27609053,nan,0.00000000,0,0,0,0.05556654,0.01101023,0.37920877,0.39673114,0.08132888,0.90703458,0.34109461,0.00442222,0.99557778,-3.80636422
10800,0.52064180,0.52064180,0,0.00000000,0.00000000,nan,0.00000000,0,0,0,0.10336937,0.03497094,0.49455282,0.52341223,0.00394334,1.87086725,1.00866091,0.06288026,0.93711974,6.01847474
10900,0.21881633,0.21881633,14,0.75340304,0.07050001,nan,0.00000000,0,0,0,0.09967457,0.01193305,0.31129211,0.32954639,0.00096926,1.42001450,0.21121280,-0.02018291,1.02018291,-2.71311291
11000,0.36396334,0.36396334,14,0.75340304,0.11726465,nan,0.00000000,0,0,0,0.14752190,0.01153294,0.11163013,0.11741804,0.01323566,2.35942030,0.24948052,0.02095142,0.97904858,2.16048041
11100,0.14132221,0.14132221,15,0.77686984,0.05147584,nan,0.00000000,0,0,0,0.18866110,0.01301956,0.19387285,0.20102495,0.07228687,2.47103930,0.22983414,0.04901297,0.95098703,1.46784389
11200,0.16250366,0.16250366,15,0.77686984,0.05919107,nan,0.00000000,0,0,0,0.09757136,0.01060625,0.05733471,0.05828480,0.04118316,1.20387506,0.34713724,0.00911558,0.99088442,-5.28151703
11300,0.39273936,0.39273936,38,0.97762923,0.35875762,nan,0.00000000,0,0,0,0.14233769,0.00959331,1.79588974,1.90087020,0.01122318,1.87314141,0.15847903,0.06773614,0.93226386,1.26661158
11400,0.46976048,0.46976048,12,0.69880579,0.11202177,nan,0.00000000,0,0,0,0.10005774,0.00954960,0.29012060,0.30713657,0.00084928,1.38865137,0.26928636,0.06261176,0.93738824,-0.45405388
11500,0.51039654,0.51039654,10,0.63212056,0.08149058,nan,0.00000000,0,0,0,0.09982547,0.01795864,0.42557022,0.45046616,0.00233983,1.66437590,0.54540133,0.03673000,0.96327000,1.07946452
11600,0.23738606,0.23738606,24,0.90928205,0.16227428,nan,0.00000000,0,0,0,0.07703509,0.00838522,0.20105761,0.21248582,0.00677820,1.19921029,0.23722376,0.07084535,0.92915465,-4.43391913
11700,0.05048207,0.05048207,47,0.99090472,0.04867038,nan,0.00000000,0,0,0,0.11557394,0.01172057,0.09002943,0.09525706,0.00115963,1.94787085,0.14158212,0.04860644,0.95139356,-3.62668824
11800,0.69856870,0.69856870,13,0.72746821,0.19564340,nan,0.00000000,0,0,0,0.05521583,0.01872681,0.17180048,0.17886156,0.05176209,1.00560570,0.52576625,-0.03379119,1.03379119,-0.44453005
11900,0.29646841,0.29646841,51,0.99390325,0.28930429,nan,0.00000000,0,0,0,0.06661205,0.00792078,0.29716408,0.31128642,0.05708399,1.09925032,0.10841991,0.04855045,0.95144955,-5.19683361
12000,1.73956299,1.73956299,36,0.97267628,1.55708907,nan,0.00000000,0,0,0,0.09958138,0.01333362,1.20317602,1.26054072,0.22798026,1.73011208,0.35474852,-0.00960446,1.00960446,12.27122235
12100,0.20621954,0.20621954,2,0.18126925,0.00022265,nan,0.00000000,0,0,0,0.11731488,0.01707745,0.44950569,0.47575638,0.00324455,1.51689386,0.37057340,0.07712708,0.92287292,-3.44824576
12200,0.44273835,0.44273835,43,0.98643144,0.41919372,nan,0.00000000,0,0,0,0.08372012,0.01244992,0.09642828,0.10210010,0.00000724,1.01345885,0.18670599,0.01468523,0.98531477,-2.60279059
12300,0.14266945,0.14266945,30,0.95021293,0.11630938,nan,0.00000000,0,0,0,0.05032777,0.00816722,0.05769702,0.06104175,0.00083674,0.57116091,0.10319676,0.06612385,0.93387615,-9.88577557
12400,0.18649937,0.18649937,48,0.99177025,0.18043537,nan,0.00000000,0,0,0,0.06468343,0.01228396,0.08913854,0.09435980,0.00037701,0.92927635,0.23162276,-0.02539488,1.02539488,-6.69776833
12500,0.14805800,0.14805800,51,0.99390325,0.14448020,nan,0.00000000,0,0,0,0.05469988,0.01176768,0.25507340,0.27007285,0.00008278,0.81245410,0.22270687,-0.03790099,1.03790099,-8.70811081
12600,0.63662267,0.63662267,14,0.75340304,0.20511223,nan,0.00000000,0,0,0,0.07194715,0.01355024,0.14591020,0.15373403,0.01290532,1.11560917,0.26142195,-0.00554814,1.00554814,0.55523944
12700,0.37716398,0.37716398,35,0.96980262,0.33362886,nan,0.00000000,0,0,0,0.08796509,0.00993291,0.12123011,0.12274586,0.09546241,1.54400301,0.28085780,0.02689031,0.97310969,-2.17728166
12800,1.48610985,1.48610985,3,0.25918178,0.00670608,nan,0.00000000,0,0,0,0.07438428,0.01907767,3.14548635,3.33041191,0.00174824,1.19481373,0.38701373,0.03979754,0.96020246,9.78346558
12900,0.73863435,0.73863435,6,0.45118836,0.03060984,nan,0.00000000,0,0,0,0.08379602,0.02137534,0.13471681,0.14029747,0.03984522,1.40635228,0.59336531,0.01629428,0.98370572,1.93531489
13000,0.47873724,0.47873724,20,0.86466472,0.26760126,nan,0.00000000,0,0,0,0.25008351,0.01278399,1.34613836,1.42107987,0.07213145,3.75803590,0.31181934,-0.06115589,1.06115589,7.34047921
13100,0.11971623,0.11971623,40,0.98168436,0.11118355,nan,0.00000000,0,0,0,0.19130875,0.00974399,0.35114282,0.37168139,0.00198726,2.77080870,0.17056148,0.00438923,0.99561077,1.32118274
13200,0.41996813,0.41996813,16,0.79810348,0.17039355,nan,0.00000000,0,0,0,0.10876596,0.01827343,0.21223004,0.22414351,0.00970120,1.42454588,0.37197065,-0.00020024,1.00020024,0.07053717
13300,0.85094208,0.85094208,26,0.92572642,0.62492894,nan,0.00000000,0,0,0,0.08848192,0.02212140,0.75698012,0.79941100,0.03565462,1.31281722,0.67230123,-0.04569931,1.04569931,8.05797881
13400,0.23809952,0.23809952,3,0.25918178,0.00107443,nan,0.00000000,0,0,0,0.14583151,0.01419791,0.20925432,0.21968076,0.03200487,2.20828032,0.53245592,0.04057265,0.95942735,-0.42366789
13500,0.43911001,0.43911001,10,0.63212056,0.07010888,nan,0.00000000,0,0,0,0.07122415,0.01483004,0.26885059,0.28462613,0.00066678,0.77382886,0.29419285,-0.01906628,1.01906628,-5.74028126
13600,0.07289597,0.07289597,23,0.89974116,0.04777205,nan,0.00000000,0,0,0,0.13571672,0.00844931,0.06122924,0.06471775,0.00192447,1.85094857,0.16448815,0.06895969,0.93104031,-2.13306212
13700,1.18816173,1.18816173,5,0.39346934,0.02847863,nan,0.00000000,0,0,0,0.10933521,0.02601522,1.53046262,1.61369205,0.11556213,1.39446843,0.40117353,0.00679276,0.99320724,8.27099490
13800,0.12567848,0.12567848,49,0.99255342,0.12197659,nan,0.00000000,0,0,0,0.11031462,0.01181324,0.09806074,0.10381201,0.00028915,1.71913397,0.36102438,0.04271908,0.95728092,-3.49625635
13900,0.23947082,0.23947082,4,0.32967995,0.00282893,nan,0.00000000,0,0,0,0.12352961,0.02250936,0.15528256,0.16071680,0.06290047,1.71010840,0.58539677,-0.09657513,1.09657513,-0.76089318
14000,0.27481389,0.27481389,75,0.99944692,0.27420641,nan,0.00000000,0,0,0,0.25347835,0.01313545,0.75522685,0.79915601,0.00843150,3.39030123,0.30566782,-0.01066134,1.01066134,5.98655812
14100,0.84060907,0.84060907,23,0.89974116,0.55088940,nan,0.00000000,0,0,0,0.16808216,0.01781605,0.97663510,1.03317928,0.01538414,1.84127128,0.38356903,0.07122411,0.92877589,6.36281443
14200,0.07829485,0.07829485,83,0.99975148,0.07821705,nan,0.00000000,0,0,0,0.17086777,0.00734665,0.20524126,0.21699497,0.00542800,1.88873839,0.13991886,0.04713039,0.95286961,-0.82150620
14300,0.26350987,0.26350987,16,0.79810348,0.10691379,nan,0.00000000,0,0,0,0.08738361,0.01724044,0.11386030,0.12047237,0.00145507,0.96673626,0.43518656,0.01564662,0.98435338,-6.10088142
14400,0.13228254,0.13228254,36,0.97267628,0.11840658,nan,0.00000000,0,0,0,0.11426023,0.00833498,0.42806199,0.45247144,0.01310180,1.46170926,0.13621575,0.02927596,0.97072404,-3.40258905
14500,1.32240093,1.32240093,20,0.86466472,0.73918662,nan,0.00000000,0,0,0,0.03888256,0.00987301,0.06060011,0.06167181,0.04238115,0.43575317,0.23325028,-0.04756426,1.04756426,9.34958315
14600,0.05234054,0.05234054,85,0.99979653,0.05229796,nan,0.00000000,0,0,0,0.12544599,0.00794751,0.12017965,0.12719856,0.00085844,1.95881319,0.17731231,-0.01382206,1.01382206,-2.93764050
14700,0.70885849,0.70885849,51,0.99390325,0.69172902,nan,0.00000000,0,0,0,0.08384047,0.00917874,0.06375890,0.06504607,0.04187695,1.10122669,0.17700988,-0.00273951,1.00273951,-1.09869516
14800,0.07299758,0.07299758,97,0.99993872,0.07297968,nan,0.00000000,0,0,0,0.10044900,0.02399601,0.05547546,0.05860328,0.00230250,1.65793180,0.67722738,0.02464347,0.97535653,-3.58353190
14900,0.26622698,0.26622698,69,0.99899221,0.26515540,nan,0.00000000,0,0,0,0.05255365,0.00869659,0.05609413,0.05683298,0.04353378,0.79667473,0.23917776,-0.03419238,1.03419238,-7.89145918
15000,0.36860386,0.36860386,73,0.99932446,0.36760884,nan,0.00000000,0,0,0,0.17972936,0.01010646,0.34059837,0.35219708,0.14341989,3.13770485,0.24006063,0.06990226,0.93009774,4.63636414
15100,0.33473575,0.33473575,53,0.99500841,0.32810217,nan,0.06819099,0,0,0,0.09360159,0.01381212,0.20970279,0.22188868,0.00254253,1.34361243,0.35644957,0.04752666,0.95247334,-4.20716405
15200,0.38184094,0.38184094,37,0.97527647,0.34545659,nan,0.00000000,0,0,0,0.09751404,0.01092283,0.27182713,0.28401411,0.06464858,1.39651978,0.22488277,0.02000406,0.97999594,-2.18088418
15300,0.13567513,0.13567513,47,0.99090472,0.13080605,nan,0.08833046,0,0,0,0.10481247,0.01365940,0.13161352,0.13638325,0.05052806,1.38915038,0.23811916,0.09537685,0.90462315,-3.96763396
15400,0.66399503,0.66399503,2,0.18126925,0.00071690,nan,0.00000000,0,0,0,0.07829401,0.02024355,0.25154054,0.26628953,0.00080770,0.82699317,0.29021966,0.02893976,0.97106024,-1.34691048
15500,0.25295088,0.25295088,40,0.98168436,0.23492199,nan,0.00000000,0,0,0,0.05151125,0.01473505,0.19830446,0.20933670,0.01075636,0.76113391,0.37066793,-0.03040447,1.03040447,-4.93955784
15600,0.19263165,0.19263165,14,0.75340304,0.06206362,nan,0.00000000,0,0,0,0.11624307,0.01289743,0.07393698,0.07706307,0.02079345,1.72250605,0.33105263,0.02200809,0.97799191,-1.93283042
15700,0.28820828,0.28820828,115,0.99998987,0.28819660,nan,0.00000000,0,0,0,0.10966274,0.00937472,0.24552764,0.25994518,0.00042908,1.76658082,0.28917366,0.08881793,0.91118207,-1.61987712
15800,0.13501376,0.13501376,80,0.99966454,0.13483268,nan,0.00000000,0,0,0,0.08746941,0.00966278,0.11157468,0.11809017,0.00081135,1.26856899,0.28255036,0.04498831,0.95501169,-6.33123509
15900,0.09125388,0.09125388,66,0.99863963,0.09075833,nan,0.00000000,0,0,0,0.14454132,0.01064275,0.30518174,0.32224002,0.01519062,2.28148198,0.23188585,-0.02845510,1.02845510,-1.59761930
16000,0.12262850,0.12262850,73,0.99932446,0.12229748,nan,0.04462443,0,0,0,0.20390032,0.01492260,0.43531382,0.46077561,0.00246308,3.11705399,0.39723933,-0.00447053,1.00447053,1.74078736
16100,0.42750525,0.42750525,91,0.99988833,0.42731434,nan,0.26858819,0,0,0,0.13396181,0.02485124,0.70545971,0.74642116,0.00911560,1.47609305,0.43485436,0.04793984,0.95206016,1.55789533
16200,0.29891273,0.29891273,17,0.81731648,0.13338452,nan,0.10513234,0,0,0,0.15427226,0.01569745,0.66454256,0.70260960,0.01740244,1.62581968,0.22636850,0.08244536,0.91755464,0.96807460
16300,0.48146847,0.48146847,48,0.99177025,0.46581360,nan,0.03029216,0,0,0,0.11101706,0.01697926,1.88936341,2.00024915,0.00430775,1.67181265,0.49656031,0.03273402,0.96726598,2.10169967
16400,0.17269585,0.17269585,43,0.98643144,0.16351196,nan,0.00000000,0,0,0,0.11860427,0.01465441,0.11729530,0.12363958,0.00944236,1.32449317,0.18843770,0.00653371,0.99346629,-1.78972840
16500,0.88194108,0.88194108,24,0.90928205,0.60288439,nan,0.00000000,0,0,0,0.16358846,0.02173593,1.64166653,1.73821545,0.00033253,2.27877164,0.66662282,0.10802080,0.89197920,10.85295081
16600,0.33609018,0.33609018,62,0.99797057,0.33337018,nan,0.00000000,0,0,0,0.10858418,0.01048383,1.19047022,1.26017225,0.00553745,1.51309180,0.26768357,0.06200791,0.93799209,-2.62218416
16700,0.82397199,0.82397199,20,0.86466472,0.46057822,nan,0.00000000,0,0,0,0.08199579,0.01018912,1.48010886,1.56584036,0.02267336,1.27163768,0.30119568,-0.03762720,1.03762720,1.26857531
16800,0.17723562,0.17723562,66,0.99863963,0.17627316,nan,0.00000000,0,0,0,0.11367112,0.01547240,0.14292237,0.15132940,0.00000301,1.66683948,0.23693858,-0.01229042,1.01229042,-2.31419311
16900,0.56273878,0.56273878,62,0.99797057,0.55818451,nan,0.00000000,0,0,0,0.08259206,0.01098933,0.89896417,0.95139265,0.00767915,1.23971558,0.24102715,-0.06476185,1.06476185,-0.10975569
17000,0.46026325,0.46026325,66,0.99863963,0.45776385,nan,0.00000000,0,0,0,0.22979133,0.01352085,0.27632794,0.29084626,0.02951704,3.76906753,0.18418485,-0.12930911,1.12930911,7.82776117
17100,0.48595127,0.48595127,8,0.55067104,0.04468499,nan,0.31256741,0,0,0,0.16490145,0.01892435,0.73945588,0.77315837,0.16651292,2.04700756,0.51178294,0.10137577,0.89862423,2.30252528
17200,0.19288714,0.19288714,52,0.99448344,0.18866594,nan,0.22698263,0,0,0,0.11896471,0.01413843,0.43242037,0.45782128,0.00060487,1.45342505,0.23995730,-0.15567007,1.15567007,-2.25193843
17300,1.69818068,1.69818068,1,0.09516258,0.00013927,nan,0.39926776,0,0,0,0.32166502,0.04044470,4.45008326,4.70746374,0.07460928,2.54520583,0.63043052,0.13751037,0.86248963,21.26110744
17400,0.92792344,0.92792344,0,0.00000000,0.00000000,nan,0.50469049,0,0,0,0.42727435,0.03462588,1.59784341,1.68973815,0.03563242,2.62431622,0.51861924,-0.04275806,1.04275806,12.47298741
17500,0.36429119,0.36429119,31,0.95495080,0.30295118,nan,0.51658732,0,0,0,0.45536697,0.02461401,0.36217076,0.38301912,0.00774867,3.90116882,0.42162248,-0.08247238,1.08247238,9.49884256
17600,0.12099143,0.12099143,20,0.86466472,0.06763096,nan,0.48623801,0,0,0,0.31960583,0.01949516,0.08543412,0.09032466,0.00229486,2.13755798,0.50530362,0.08214214,0.91785786,2.75699649
17700,0.37095785,0.37095785,33,0.96311683,0.31918352,nan,0.50398395,0,0,0,0.29195055,0.01860876,0.53714049,0.55948657,0.15725748,1.98480654,0.36790815,0.09709835,0.90290165,4.56935778
17800,0.50776434,0.50776434,130,0.99999774,0.50775975,nan,0.47611949,0,0,0,0.29544273,0.01153191,0.33241925,0.31735376,0.58853263,2.29712677,0.30792773,0.02840190,0.97159810,6.34909868
17900,0.72111529,0.72111529,96,0.99993227,0.72091995,nan,0.45519536,0,0,0,0.34804642,0.02726324,0.92185444,0.93480515,0.70169216,1.85090554,0.39062813,-0.08322885,1.08322885,8.02639484
18000,0.24961117,0.24961117,83,0.99975148,0.24936313,nan,0.55573192,0,0,0,0.48757887,0.01625704,0.99904293,1.04203212,0.26822650,4.80073977,0.45129830,-0.00792848,1.00792848,9.52350569
18100,0.18842173,0.18842173,75,0.99944692,0.18800522,nan,0.43646847,0,0,0,0.25258109,0.01768002,0.53216237,0.56241924,0.01779609,1.79289329,0.37571871,0.00674115,0.99325885,1.83916068
18200,0.23789144,0.23789144,60,0.99752125,0.23554150,nan,0.27823189,0,0,0,0.22624309,0.01231352,0.69257814,0.73260289,0.01215697,1.94258940,0.25465640,0.04962175,0.95037825,1.91229224
18300,0.20970264,0.20970264,70,0.99908812,0.20893879,nan,0.10467889,0,0,0,0.18379758,0.01317816,0.88822132,0.93751472,0.05023418,2.09192634,0.36484876,0.06949001,0.93050999,0.82796991
18400,0.15406844,0.15406844,197,1.00000000,0.15406844,nan,0.00348115,0,0,0,0.18874179,0.01656619,0.58016497,0.61418056,0.00189981,2.90394211,0.54646707,0.12184353,0.87815647,2.09286314
18500,0.53256667,0.53256667,40,0.98168436,0.49460838,nan,0.00000000,0,0,0,0.10174101,0.01891425,0.88673425,0.93485230,0.06872665,1.54352856,0.56534880,0.03226556,0.96773444,0.43399449
18600,0.69927824,0.69927824,17,0.81731648,0.31204054,nan,0.00000000,0,0,0,0.10036182,0.01524674,0.43855110,0.46419469,0.00261029,1.21238852,0.46250936,-0.09743819,1.09743819,4.31597292
18700,0.23487012,0.23487012,67,0.99876909,0.23371584,nan,0.03334614,0,0,0,0.09597386,0.00816502,0.14927991,0.15755713,0.00856748,1.26140249,0.25833344,-0.02491891,1.02491891,-4.28944120
18800,0.30667937,0.30667937,14,0.75340304,0.09880844,nan,0.00000000,0,0,0,0.10591878,0.01558193,0.41227245,0.43652076,0.00005155,1.43526590,0.50858814,0.07485011,0.92514989,-1.26399889
18900,1.03998041,1.03998041,70,0.99908812,1.03619224,nan,0.00000000,0,0,0,0.09697214,0.01540211,1.46893299,1.55458379,0.01286786,1.24902105,0.26615605,-0.01163457,1.01163457,5.38370025
19000,0.10010041,0.10010041,111,0.99998489,0.10009436,nan,0.00000000,0,0,0,0.19375597,0.00844473,0.24853280,0.26193991,0.02061202,3.13553119,0.17977989,0.06764088,0.93235912,1.16514498
19100,0.12975714,0.12975714,25,0.91791500,0.09211728,nan,0.22393847,0,0,0,0.13709812,0.01263037,0.07966571,0.08389764,0.00772311,1.87735832,0.50011802,-0.01681114,1.01681114,-3.39079893
19200,2.57388973,2.57388973,20,0.86466472,1.43873526,nan,0.09287881,0,0,0,0.08895181,0.02228021,0.59422928,0.62166125,0.12788588,1.23330450,0.61224324,-0.06643326,1.06643326,26.12808657
19300,3.04401684,3.04401684,0,0.00000000,0.00000000,nan,0.41067269,0,0,0,0.24338119,0.05441034,3.62578750,3.74981260,1.51736319,1.40705538,0.58999896,-0.05149813,1.05149813,40.86806393
19400,0.42530021,0.42530021,123,0.99999545,0.42529247,nan,0.53437702,0,0,0,0.33354604,0.02672199,0.47386011,0.49127612,0.17778777,2.86285305,0.57213676,-0.04727916,1.04727916,7.72506730
19500,0.80937397,0.80937397,18,0.83470111,0.39289202,nan,0.60187787,0,0,0,0.28312019,0.02042733,0.88069791,0.90816230,0.41380268,2.00531960,0.55013895,-0.00818408,1.00818408,8.00550508
19600,0.55390149,0.55390149,72,0.99925341,0.55224921,nan,0.66184034,0,0,0,0.55100471,0.02460130,1.11310911,1.17724788,0.02274839,3.81035280,0.53271985,0.00769027,0.99230973,11.73884439
19700,0.67919189,0.67919189,13,0.72746821,0.19021666,nan,0.59206705,0,0,0,0.42908096,0.02133846,0.94926643,1.00070894,0.07474362,2.46193314,0.39751592,-0.02942657,1.02942657,7.47141361
19800,0.16398525,0.16398525,7,0.50341470,0.01053194,nan,0.49362898,0,0,0,0.36715874,0.02370863,0.24717362,0.25791800,0.06451906,1.49375236,0.48193964,-0.03674383,1.03674383,1.56305432
19900,1.38138580,1.38138580,19,0.85043138,0.72255697,nan,0.48419617,0,0,0,0.32641226,0.02453960,1.03510082,1.06913471,0.45652628,1.61494529,0.69656318,-0.16520639,1.16520639,14.52612559
20000,0.66938001,0.66938001,81,0.99969646,0.66856765,nan,0.43133164,0,0,0,0.42444125,0.01228308,0.65104550,0.62569636,1.08198082,3.74296141,0.22802435,-0.03635530,1.03635530,11.42797852
20100,0.18869540,0.18869540,132,0.99999815,0.18869400,nan,0.34129538,0,0,0,0.23238079,0.00754038,0.28794357,0.30384496,0.01761979,1.91046143,0.15779550,0.06156761,0.93843239,1.46810329
20200,0.11987095,0.11987095,47,0.99090472,0.11556905,nan,0.12473647,0,0,0,0.14147814,0.00835226,0.16528863,0.17429924,0.01210831,1.26307058,0.16875932,0.03788000,0.96212000,-3.70779514
20300,0.49976709,0.49976709,15,0.77686984,0.18203743,nan,0.03018611,0,0,0,0.15450317,0.00924755,0.85785669,0.90747130,0.01440796,1.65723634,0.19046974,0.12261828,0.87738172,1.60491538
20400,0.70194715,0.70194715,12,0.69880579,0.16739034,nan,0.04304551,0,0,0,0.11050609,0.01953030,0.65220666,0.68866628,0.03239300,1.46041131,0.68057579,-0.07620203,1.07620203,5.97229838
20500,0.22854097,0.22854097,31,0.95495080,0.19005883,nan,0.00000000,0,0,0,0.07707692,0.01121367,0.11138299,0.11792693,0.00013585,0.69486165,0.22828658,-0.02171030,1.02171030,-5.75164896
20600,0.23892683,0.23892683,68,0.99888622,0.23786416,nan,0.00000000,0,0,0,0.07851150,0.01040443,0.16895181,0.17875250,0.00234037,0.91566712,0.26371023,0.12073420,0.87926580,-6.26037741
20700,0.98725003,0.98725003,41,0.98342732,0.92341354,nan,0.00000000,0,0,0,0.16442472,0.03132622,0.36501259,0.38490182,0.02689511,1.52896667,0.61545086,-0.03408157,1.03408157,11.84183717
20800,1.42239189,1.42239189,53,0.99500841,1.39420382,nan,0.27329852,0,0,0,0.40500772,0.04430606,2.17246151,2.29103494,0.15671025,2.76595950,1.13163614,-0.08628660,1.08628660,17.42211914
20900,0.22758839,0.22758839,38,0.97762923,0.20789632,nan,0.31066149,0,0,0,0.43207109,0.02995942,0.61583835,0.64233500,0.16539492,3.59747744,0.61027288,-0.09612137,1.09612137,6.73259807
21000,0.83990055,0.83990055,73,0.99932446,0.83763331,nan,0.23962145,0,0,0,0.43229830,0.01482478,0.70076764,0.70303357,0.66224647,4.24289608,0.38169801,0.00795593,0.99204407,13.66573715
21100,0.55523491,0.55523491,20,0.86466472,0.31036141,nan,0.09158756,0,0,0,0.21798062,0.01821536,2.84703422,3.01226902,0.03804288,2.06554723,0.35287592,0.04793707,0.95206293,5.68570310
21200,0.39983571,0.39983571,21,0.87754357,0.23711353,nan,0.00000000,0,0,0,0.17249912,0.01832621,1.18480682,1.25152302,0.05063327,1.41128206,0.26722065,-0.08798440,1.08798440,1.63595550
21300,0.31390551,0.31390551,23,0.89974116,0.20571657,nan,0.00000000,0,0,0,0.17971812,0.01395597,0.24527748,0.25914574,0.00951710,1.55916488,0.47106633,0.01218225,0.98781775,-0.66159865
21400,1.23059797,1.23059797,54,0.99548342,1.20851576,nan,0.00076531,0,0,0,0.12413485,0.01860202,0.47548988,0.47815838,0.43012539,1.30346441,0.34092936,-0.04000298,1.04000298,5.94376628
21500,0.47358629,0.47358629,89,0.99986361,0.47332798,nan,0.00000000,0,0,0,0.10530539,0.02190185,0.34732607,0.36527678,0.04216392,1.14133310,0.60171348,-0.02924680,1.02924680,1.04770438
21600,0.25477937,0.25477937,37,0.97527647,0.23050229,nan,0.00000000,0,0,0,0.13454181,0.01183274,0.65306908,0.69006747,0.02409720,1.62065363,0.20716301,-0.00508796,1.00508796,-1.36798537
21700,0.57459641,0.57459641,18,0.83470111,0.27892463,nan,0.00000000,0,0,0,0.09110492,0.01811632,0.26706636,0.28025499,0.04285953,0.99619061,0.44053954,-0.07192484,1.07192484,5.02762604
21800,0.10463870,0.10463870,79,0.99962926,0.10448361,nan,0.00000000,0,0,0,0.07769647,0.01292001,0.08197866,0.08660502,0.00333046,0.85009027,0.23021562,0.01113225,0.98886775,-4.95774817
21900,0.16095310,0.16095310,86,0.99981589,0.16083461,nan,0.00000000,0,0,0,0.11040049,0.01493784,0.13484477,0.14228800,0.00830997,1.60797739,0.43056297,-0.02855087,1.02855087,-3.04871945
22000,0.22111681,0.22111681,151,0.99999972,0.22111657,nan,0.00000000,0,0,0,0.17491359,0.00471304,0.43558863,0.46072984,0.00818823,2.81114483,0.17165706,0.07800953,0.92199047,1.73725761
22100,0.06947175,0.06947175,183,0.99999999,0.06947175,nan,0.01637020,0,0,0,0.11394867,0.01062211,0.09443525,0.09945188,0.00915267,1.44289732,0.20532118,-0.09201901,1.09201901,-3.69520873
22200,0.36861360,0.36861360,169,0.99999995,0.36861353,nan,0.00000000,0,0,0,0.08033006,0.00752876,0.07331380,0.07538489,0.03810526,0.93729550,0.20446439,0.03597862,0.96402138,-4.92706251
22300,0.31449607,0.31449607,53,0.99500841,0.30826358,nan,0.00000000,0,0,0,0.13244258,0.01147630,0.40243250,0.42596450,0.00238857,1.84766912,0.32745793,0.01556822,0.98443178,-0.08885887
22400,0.22588593,0.22588593,42,0.98500442,0.21263850,nan,0.00000000,0,0,0,0.10675953,0.01668153,0.27751061,0.29134881,0.04226106,1.40592909,0.39244705,0.03924706,0.96075294,-2.56184345
22500,0.54191840,0.54191840,78,0.99959027,0.54103077,nan,0.39707353,0,0,0,0.25529352,0.02291490,0.56673682,0.58698446,0.22252735,2.20958710,0.54483235,0.02443030,0.97556970,5.29780499
22600,0.32429093,0.32429093,2,0.18126925,0.00035013,nan,0.42848688,0,0,0,0.44689718,0.02856235,0.40685222,0.42662999,0.07063051,2.28989697,0.49994346,0.09326825,0.90673175,5.77633286
22700,0.13707422,0.13707422,78,0.99959027,0.13684970,nan,0.34092684,0,0,0,0.36495468,0.01648412,0.11831424,0.12523167,0.00071780,2.09983301,0.38122284,-0.01033481,1.01033481,1.84388822
22800,0.39954001,0.39954001,59,0.99726056,0.39517989,nan,0.32069385,0,0,0,0.24796224,0.02569350,0.11824232,0.12419148,0.01710653,1.53082025,0.38817108,0.06840036,0.93159964,1.70462847
22900,0.61747581,0.61747581,35,0.96980262,0.54620208,nan,0.24354899,0,0,0,0.28219220,0.02294217,0.45463213,0.48019385,0.02008259,1.57325196,0.59950078,-0.01235284,1.01235284,2.99968839
23000,0.84555560,0.84555560,65,0.99849656,0.84048209,nan,0.20975843,0,0,0,0.30298969,0.01433751,0.67539585,0.66446996,0.86113596,2.75956702,0.27812016,-0.00858911,1.00858911,9.76431052
23100,0.18838255,0.18838255,185,0.99999999,0.18838254,nan,0.11085519,0,0,0,0.15411484,0.00553551,0.19783017,0.20922142,0.00417874,1.15544343,0.11331187,0.01515283,0.98484717,-3.03934711
23200,0.77239758,0.77239758,94,0.99991728,0.77214203,nan,0.00000000,0,0,0,0.14450498,0.01324474,0.62550819,0.65861791,0.06264275,1.22131324,0.33628646,0.08280340,0.91719660,4.39502954
23300,0.23699413,0.23699413,95,0.99992515,0.23692318,nan,0.00000000,0,0,0,0.13190982,0.02020315,0.24505991,0.25859880,0.01489888,1.08412838,0.38018063,0.08197288,0.91802712,-1.39948261
23400,0.13944983,0.13944983,26,0.92572642,0.10241148,nan,0.00000000,0,0,0,0.11214478,0.01204454,0.28690463,0.30374599,0.00060102,1.38594413,0.33250502,-0.06112496,1.06112496,-3.60976122
23500,0.63312203,0.63312203,24,0.90928205,0.43279465,nan,0.00000000,0,0,0,0.10870878,0.01769911,1.69995070,1.79993415,0.00023009,1.44413316,0.43660292,-0.06006468,1.06006468,2.86245167
23600,0.20588784,0.20588784,88,0.99984927,0.20576373,nan,0.00000000,0,0,0,0.11150886,0.01954957,0.20430790,0.21629508,0.00052597,1.64472365,0.54774690,0.07920750,0.92079250,-0.77021165
23700,0.34562311,0.34562311,25,0.91791500,0.24536501,nan,0.00000000,0,0,0,0.11966077,0.02936221,0.13726729,0.13471682,0.18062504,1.37257338,0.46287781,0.02168305,0.97831695,1.39088817
23800,0.07205310,0.07205310,161,0.99999990,0.07205307,nan,0.22810509,0,0,0,0.38899076,0.01470411,0.31349540,0.33174911,0.00318250,3.34121704,0.10753806,0.05784538,0.94215462,4.94919813
23900,0.26614863,0.26614863,25,0.91791500,0.18894443,nan,0.10561874,0,0,0,0.24945945,0.01676690,0.68831062,0.72775584,0.01774195,1.79064834,0.40685177,0.09651635,0.90348365,3.14313263
24000,0.22154902,0.22154902,159,0.99999988,0.22154891,nan,0.10466103,0,0,0,0.29091257,0.01459357,0.42484516,0.44130757,0.14498475,3.29759765,0.20293331,0.05896777,0.94103223,4.12765002
24100,0.96780139,0.96780139,205,1.00000000,0.96780139,nan,0.08128116,0,0,0,0.20125329,0.01369112,1.28762579,1.35788918,0.09314732,1.68670225,0.36865884,0.14950505,0.85049495,7.79401550
24200,1.72836626,1.72836626,23,0.89974116,1.13267711,nan,0.01790388,0,0,0,0.12234113,0.02254899,2.48974824,2.63028193,0.10067206,1.20188975,0.35419071,0.08077751,0.91922249,19.74666262
24300,0.23916367,0.23916367,13,0.72746821,0.06698095,nan,0.02106677,0,0,0,0.23013881,0.01712994,0.78067619,0.82624382,0.00602764,1.92826903,0.21876787,0.05365054,0.94634946,1.47778669
24400,0.16852555,0.16852555,133,0.99999833,0.16852442,nan,0.00000000,0,0,0,0.14032356,0.01210705,0.36755180,0.38524142,0.06682812,1.62339604,0.32999590,-0.00314094,1.00314094,-1.80959049
24500,0.93643242,0.93643242,131,0.99999795,0.93642476,nan,0.00000000,0,0,0,0.12472807,0.01389783,1.99538743,2.11147666,0.02186731,0.97667289,0.28011090,0.10069704,0.89930296,6.47455478
24600,0.32623482,0.32623482,99,0.99994983,0.32616935,nan,0.00000000,0,0,0,0.10337496,0.00796069,0.19866319,0.21026373,0.00145415,1.32700944,0.21371990,0.02851072,0.97148928,-2.69683909
24700,0.34843153,0.34843153,136,0.99999876,0.34842980,nan,0.00000000,0,0,0,0.08576649,0.01485103,0.40955946,0.43359357,0.00097925,1.12535834,0.37282375,-0.01448250,1.01448250,-3.28519815
24800,0.73821521,0.73821521,50,0.99326205,0.71851918,nan,0.00000000,0,0,0,0.11642296,0.02383962,0.64249492,0.67846709,0.03096727,1.37874269,0.46780252,0.07349581,0.92650419,4.48182050
24900,0.21928607,0.21928607,36,0.97267628,0.19628375,nan,0.13377443,0,0,0,0.14258227,0.01993405,0.29042217,0.30270010,0.08169743,1.59514749,0.41877800,0.09204751,0.90795249,-1.31337643
25000,0.67454618,0.67454618,259,1.00000000,0.67454618,nan,0.20579783,0,0,0,0.25059727,0.01196906,3.53114891,3.73853731,0.00554292,3.29085565,0.16521733,0.09941724,0.90058276,8.72191544
25100,0.46730196,0.46730196,41,0.98342732,0.43708579,nan,0.16948610,0,0,0,0.13984688,0.01462213,0.74137473,0.78358287,0.02383724,1.45933831,0.34119436,0.13828390,0.86171610,-0.24408897
25200,0.20922017,0.20922017,144,0.99999944,0.20921970,nan,0.00000000,0,0,0,0.09484529,0.01110128,0.21608631,0.22854070,0.00436184,0.95393413,0.29519871,-0.08546609,1.08546609,-7.71356964
25300,0.13457690,0.13457690,59,0.99726056,0.13310829,nan,0.00000000,0,0,0,0.12150492,0.01077964,0.07143389,0.07484925,0.01337292,1.23598742,0.27270401,-0.04615714,1.04615714,-4.14258504
25400,0.38788831,0.38788831,88,0.99984927,0.38765449,nan,0.01592770,0,0,0,0.15259811,0.01520033,1.12150967,1.18676782,0.01212120,1.69580817,0.32493305,-0.02671551,1.02671551,0.11554790
25500,0.58269340,0.58269340,135,0.99999863,0.58269020,nan,0.00000000,0,0,0,0.11306632,0.01642529,0.15994784,0.16422571,0.08722404,1.09015656,0.48036915,0.00430418,0.99569582,1.85626276
25600,0.10895411,0.10895411,121,0.99999444,0.10895169,nan,0.00000000,0,0,0,0.10130332,0.01546163,0.04641010,0.04876617,0.00635705,1.14596903,0.37255135,-0.03641166,1.03641166,-4.72137046
25700,0.46523756,0.46523756,166,0.99999994,0.46523744,nan,0.00000000,0,0,0,0.12748851,0.01847909,0.10948344,0.11294629,0.05061479,1.45436335,0.39120415,0.00277610,0.99722390,1.31731555
25800,0.63426685,0.63426685,160,0.99999989,0.63426657,nan,0.00000000,0,0,0,0.06981216,0.01701458,0.24382742,0.25542885,0.04660302,0.84191489,0.19080377,-0.01997434,1.01997434,-5.77424145
25900,0.33201370,0.33201370,175,0.99999997,0.33201366,nan,0.00000000,0,0,0,0.09687144,0.00836064,0.18993178,0.20066521,0.00746344,1.35691798,0.12597613,-0.02890071,1.02890071,-2.91243482
26000,1.01646066,1.01646066,168,0.99999995,1.01646045,nan,0.00000000,0,0,0,0.11640961,0.00980938,0.12016656,0.10603664,0.36037508,1.62241709,0.18641257,0.05455057,0.94544943,5.94094849
26100,0.14691928,0.14691928,106,0.99997508,0.14690464,nan,0.06532898,0,0,0,0.09101465,0.00783439,0.08416394,0.08681660,0.03906873,1.31159294,0.20274413,-0.02031066,1.02031066,-5.28374036
26200,0.43084648,0.43084648,36,0.97267628,0.38565223,nan,0.00000000,0,0,0,0.09260798,0.01810414,0.62100625,0.65689474,0.01090192,1.23765349,0.41131136,-0.00624283,1.00624283,-0.43563914
26300,0.45042956,0.45042956,170,0.99999996,0.45042948,nan,0.00000000,0,0,0,0.08077930,0.00919748,0.07960967,0.08337025,0.01567987,1.00860989,0.11634696,0.13106300,0.86893700,-3.38832468
26400,0.33167943,0.33167943,63,0.99816370,0.32924988,nan,0.00000000,0,0,0,0.10407484,0.01241666,0.60855126,0.64189059,0.04178229,1.47179055,0.17321748,-0.11239479,1.11239479,-1.32941759
26500,0.33263391,0.33263391,127,0.99999695,0.33262985,nan,0.00000000,0,0,0,0.07144305,0.00944163,0.44927609,0.47566822,0.00060902,1.05019844,0.22893575,-0.02351769,1.02351769,-5.21823996
26600,0.57642102,0.57642102,32,0.95923780,0.48802823,nan,0.00000000,0,0,0,0.08448961,0.01330940,1.68377662,1.78202212,0.01360360,1.61391866,0.41175878,-0.04204652,1.04204652,1.07642156
26700,0.19401567,0.19401567,129,0.99999750,0.19401373,nan,0.00000000,0,0,0,0.08047047,0.00696481,0.09405443,0.09898643,0.01021052,1.27424848,0.07007332,0.03354809,0.96645191,-5.47330650
26800,0.35347351,0.35347351,171,0.99999996,0.35347346,nan,0.00000000,0,0,0,0.08257536,0.01066406,0.28940010,0.30630198,0.00206808,1.15505946,0.22394630,-0.00628305,1.00628305,-3.75703043
26900,0.34919479,0.34919479,56,0.99630214,0.34405828,nan,0.02664589,0,0,0,0.08255839,0.01276847,0.09748762,0.10265401,0.00965897,0.97485584,0.26084960,0.10021321,0.89978679,-3.45021260
27000,0.76091456,0.76091456,117,0.99999171,0.76088932,nan,0.00977005,0,0,0,0.15129358,0.01278670,0.28549567,0.28600001,0.27692270,1.87693357,0.31598723,-0.07682327,1.07682327,4.23170598
27100,1.14644623,1.14644623,85,0.99979653,1.14551345,nan,0.18706424,0,0,0,0.19419126,0.02534474,0.50210083,0.50782782,0.40474150,2.17635512,0.53220272,-0.04695352,1.04695352,10.62283173
27200,0.27814212,0.27814212,106,0.99997508,0.27811440,nan,0.15466393,0,0,0,0.33521345,0.01842134,0.28926915,0.29599589,0.17491494,2.37606478,0.32410824,-0.08793931,1.08793931,3.83839202
27300,0.67352653,0.67352653,116,0.99999083,0.67350183,nan,0.06715591,0,0,0,0.38261512,0.02930199,0.67509526,0.71021831,0.07800212,2.22493958,0.48080736,0.01047521,0.98952479,11.71259737
27400,0.19598354,0.19598354,127,0.99999695,0.19598115,nan,0.02525719,0,0,0,0.22906582,0.02012474,0.24723032,0.26024252,0.02602281,2.00827312,0.60194618,0.11461184,0.88538816,0.45304734
27500,0.22120684,0.22120684,88,0.99984927,0.22107350,nan,0.00000000,0,0,0,0.29591390,0.03099857,0.67187494,0.71137780,0.00032681,2.99335217,0.54274154,0.09554804,0.90445196,1.94624269
27600,0.41512722,0.41512722,24,0.90928205,0.28377601,nan,0.00000000,0,0,0,0.36890990,0.02766696,0.58381665,0.60410321,0.23894525,2.65832257,0.79420704,0.04818798,0.95181202,6.15684517
27700,0.19198398,0.19198398,116,0.99999083,0.19197694,nan,0.00000000,0,0,0,0.27816540,0.01813599,0.34290034,0.36164117,0.02430696,2.62567687,0.46375003,0.17660899,0.82339101,3.93606885
27800,0.19107133,0.19107133,174,0.99999997,0.19107131,nan,0.00000000,0,0,0,0.30575213,0.01882530,0.15568754,0.16196513,0.04896858,2.62679672,0.39954150,-0.02503110,1.02503110,4.73046923
27900,0.35312283,0.35312283,59,0.99726056,0.34926926,nan,0.00000000,0,0,0,0.23565735,0.01726039,0.21322745,0.21155198,0.24171039,1.35959160,0.40082222,-0.04784865,1.04784865,2.35895801
28000,1.32563233,1.32563233,156,0.99999983,1.32563144,nan,0.00000000,0,0,0,0.24970804,0.01080194,0.60491055,0.57413232,1.12814081,2.80285478,0.29615879,0.09172341,0.90827659,13.59717298
28100,0.17883791,0.17883791,184,0.99999999,0.17883790,nan,0.00000000,0,0,0,0.13036072,0.01074546,0.14314243,0.14772214,0.06528725,1.35286415,0.25703579,-0.10957041,1.10957041,-3.24987674
28200,0.23313750,0.23313750,99,0.99994983,0.23309072,nan,0.00000000,0,0,0,0.09955009,0.00695023,0.07707880,0.08076937,0.01433904,1.33751249,0.20422906,-0.00273838,1.00273838,-4.94135793
28300,0.22659808,0.22659808,55,0.99591323,0.22291651,nan,0.00000000,0,0,0,0.09580871,0.01652907,0.07063803,0.07372627,0.01813808,1.27103209,0.44770861,0.00832017,0.99167983,-2.84796020
28400,0.70016444,0.70016444,194,1.00000000,0.70016443,nan,0.00000000,0,0,0,0.12386611,0.01081187,0.57754505,0.61074769,0.01310142,1.53978074,0.26721328,0.18378722,0.81621278,2.84768143
28500,0.56559181,0.56559181,205,1.00000000,0.56559181,nan,0.00000000,0,0,0,0.13940263,0.00629014,0.52968663,0.55405140,0.11548523,1.79890275,0.08818715,0.11996897,0.88003103,0.91638307
28600,0.20191947,0.20191947,98,0.99994455,0.20187468,nan,0.00000000,0,0,0,0.08390099,0.00789679,0.28217602,0.29875705,0.00029848,1.17995369,0.19460046,0.08439488,0.91560512,-5.61878490
28700,1.40746772,1.40746772,326,1.00000000,1.40746772,nan,0.00000000,0,0,0,0.07149288,0.00719824,0.22980887,0.23066752,0.21521209,0.83414733,0.17132701,0.04896059,0.95103941,5.02129728
28800,0.54348683,0.54348683,66,0.99863963,0.54053549,nan,0.00000000,0,0,0,0.10846802,0.01332118,0.58549732,0.61478043,0.08768479,1.45867574,0.38304934,-0.00918523,1.00918523,-1.08898449
28900,0.04541488,0.04541488,180,0.99999998,0.04541488,nan,0.00000000,0,0,0,0.07120600,0.00815452,0.04680807,0.04955697,0.00007674,1.05531800,0.18130766,0.10309937,0.89690063,-8.52662627
29000,0.07391207,0.07391207,159,0.99999988,0.07391203,nan,0.00000000,0,0,0,0.13370873,0.00993432,0.15002671,0.15871851,0.00226590,1.95244598,0.21661030,0.05898351,0.94101649,-2.54158890
29100,0.13759875,0.13759875,121,0.99999444,0.13759569,nan,0.06243033,0,0,0,0.09718660,0.01113456,0.07851432,0.08298445,0.00252228,0.82820374,0.19054005,0.00672908,0.99327092,-6.04940192
29200,0.39195666,0.39195666,106,0.99997508,0.39191759,nan,0.00000000,0,0,0,0.06148191,0.00899979,0.23239991,0.24605471,0.00026844,0.71934736,0.26799190,-0.04305671,1.04305671,-5.40754700
29300,0.19802099,0.19802099,189,0.99999999,0.19802099,nan,0.00000000,0,0,0,0.06573662,0.00979990,0.03820499,0.04040262,0.00084515,0.93964303,0.23275693,0.04234145,0.95765855,-6.71840107
29400,0.23091987,0.23091987,17,0.81731648,0.10304391,nan,0.00000000,0,0,0,0.06446268,0.01332281,0.13923946,0.14724755,0.00310182,0.80595380,0.21959011,-0.00062221,1.00062221,-6.53797555
29500,0.19975883,0.19975883,136,0.99999876,0.19975784,nan,0.00000000,0,0,0,0.04951115,0.00901029,0.18639430,0.19725996,0.00167819,0.79461741,0.35232121,-0.02637900,1.02637900,-8.80618095
29600,0.24509504,0.24509504,283,1.00000000,0.24509504,nan,0.00000000,0,0,0,0.05369589,0.00944050,0.06707875,0.07007856,0.01608200,0.66079819,0.18899128,0.03657294,0.96342706,-9.27112261
29700,1.62852752,1.62852752,147,0.99999959,1.62852483,nan,0.00000000,0,0,0,0.08444858,0.02220772,0.84623712,0.89478719,0.02088554,0.67613697,0.27084309,-0.07619689,1.07619689,18.10583663
29800,0.22525483,0.22525483,334,1.00000000,0.22525483,nan,0.00000000,0,0,0,0.13017394,0.00777350,1.17014539,1.23891771,0.00101597,2.19102573,0.24904902,-0.08634254,1.08634254,-2.99740803
29900,0.60572803,0.60572803,41,0.98342732,0.56656110,nan,0.00000000,0,0,0,0.16166984,0.01388741,0.53584737,0.56542891,0.03296034,2.22857714,0.23588620,0.18237793,0.81762207,4.09870663
30000,1.24441910,1.24441910,199,1.00000000,1.24441909,nan,0.00000000,0,0,0,0.16755463,0.01284103,2.35124040,2.47832632,0.19078016,2.01623440,0.26589915,0.01767451,0.98232549,10.71048069
30100,0.24201137,0.24201137,298,1.00000000,0.24201137,nan,0.00000000,0,0,0,0.13259558,0.01070235,0.15510952,0.16419387,0.00067577,1.33623862,0.18919103,-0.13245378,1.13245378,-2.67210209
30200,0.14886186,0.14886186,21,0.87754357,0.08827916,nan,0.00000000,0,0,0,0.08305792,0.01210741,0.09905640,0.10458150,0.00512983,0.84220272,0.30328083,-0.08978531,1.08978531,-6.64721620
30300,0.94532979,0.94532979,70,0.99908812,0.94188638,nan,0.00000000,0,0,0,0.08046549,0.01226481,0.41011655,0.42885315,0.09159476,0.75082999,0.31939211,-0.11802482,1.11802482,4.01572552
30400,0.40911877,0.40911877,206,1.00000000,0.40911877,nan,0.17426146,0,0,0,0.27427751,0.04040735,1.05763495,1.11982167,0.00046369,2.09481335,0.54154670,-0.13058189,1.13058189,4.10891867
30500,0.51641154,0.51641154,65,0.99849656,0.51331297,nan,0.21282443,0,0,0,0.25633773,0.01574925,0.70393866,0.74475688,0.01002976,2.42493701,0.34510574,-0.01894596,1.01894596,5.96247339
30600,0.18386211,0.18386211,4,0.32967995,0.00217201,nan,0.15643063,0,0,0,0.24440201,0.01740531,0.34851295,0.36891884,0.00161255,1.68044066,0.36443663,0.11776647,0.88223353,1.15456458
30700,0.14405715,0.14405715,90,0.99987659,0.14398606,nan,0.03536405,0,0,0,0.27666974,0.02113690,0.20038046,0.20521975,0.11811260,1.64713454,0.39494413,-0.04987892,1.04987892,1.16902432
30800,0.35893971,0.35893971,21,0.87754357,0.21286108,nan,0.00000000,0,0,0,0.21766455,0.02688509,0.24793418,0.25872874,0.06442673,1.57701063,0.51467353,-0.06985909,1.06985909,3.11876810
30900,0.47309554,0.47309554,128,0.99999724,0.47309031,nan,0.00000000,0,0,0,0.16570131,0.02279719,0.34135613,0.35871133,0.04631771,1.96647179,0.60904783,0.01462433,0.98537567,2.34829990
31000,1.56309366,1.56309366,210,1.00000000,1.56309366,nan,0.00000000,0,0,0,0.21014825,0.00969812,0.44046709,0.43488064,0.53543699,2.75228882,0.07610321,0.05966935,0.94033065,15.66162872
31100,0.54635847,0.54635847,44,0.98772266,0.52001725,nan,0.02489965,0,0,0,0.38218510,0.01384016,1.52798331,1.60764980,0.17365390,2.48466372,0.27391204,0.03036384,0.96963616,7.46375980
31200,0.49212858,0.49212858,10,0.63212056,0.07857389,nan,0.00000000,0,0,0,0.29605293,0.02166010,0.41995180,0.43875822,0.10024226,1.27347612,0.25120127,-0.04318328,1.04318328,1.71688279
31300,0.53132361,0.53132361,10,0.63212056,0.08483182,nan,0.00000000,0,0,0,0.21347944,0.02207285,0.43835965,0.46059352,0.06038418,1.59462404,0.48667732,-0.07852195,1.07852195,4.63799787
31400,0.33110201,0.33110201,87,0.99983341,0.33088144,nan,0.00000000,0,0,0,0.19947831,0.01265991,0.20631565,0.21844317,0.00014777,1.51619256,0.29219669,-0.01144827,1.01144827,0.97198546
31500,0.31216243,0.31216243,208,1.00000000,0.31216243,nan,0.00000000,0,0,0,0.18856794,0.01658577,0.51534510,0.54563683,0.00038609,1.76970267,0.58088768,-0.05313380,1.05313380,1.66099787
31600,0.59914762,0.59914762,16,0.79810348,0.24309200,nan,0.00000000,0,0,0,0.22429681,0.01895336,0.86791867,0.91841197,0.00953181,1.43591475,0.34733215,0.12187218,0.87812782,3.90205940
31700,0.83327007,0.83327007,17,0.81731648,0.37183203,nan,0.00000000,0,0,0,0.17158003,0.02317700,0.76849169,0.80705184,0.11296915,1.45345068,0.72237754,-0.11835552,1.11835552,6.36814666
31800,0.17235698,0.17235698,29,0.94497678,0.13744009,nan,0.00000000,0,0,0,0.20706278,0.02549907,0.16280229,0.17031990,0.03500340,1.62199724,0.43092990,0.13660029,0.86339971,-0.03271025
31900,0.54040366,0.54040366,45,0.98889100,0.51678749,nan,0.00000000,0,0,0,0.24506897,0.01473208,1.10065663,1.16415453,0.02119188,2.11896515,0.27774620,-0.15859201,1.15859201,5.67037573
32000,0.92069489,0.92069489,306,1.00000000,0.92069489,nan,0.00000000,0,0,0,0.27406558,0.00711816,0.29912102,0.26165321,0.93607372,3.63698363,0.12989813,0.03884785,0.96115215,11.05536016
32100,0.34410250,0.34410250,28,0.93918994,0.26773278,nan,0.00000000,0,0,0,0.12730604,0.01480682,0.36618248,0.38314575,0.07780722,1.22863078,0.18317744,-0.12015737,1.12015737,-1.03680539
32200,0.23594917,0.23594917,214,1.00000000,0.23594917,nan,0.00000000,0,0,0,0.07831360,0.00395373,0.10808580,0.11274222,0.02892698,0.92917567,0.11795357,-0.16680232,1.16680232,-7.26306415
32300,0.40033630,0.40033630,128,0.99999724,0.40033187,nan,0.00000000,0,0,0,0.09673181,0.01339144,0.51373363,0.54083622,0.05298932,1.06896460,0.35600042,0.10374437,0.89625563,-2.75531535
32400,0.17918546,0.17918546,137,0.99999888,0.17918466,nan,0.00000000,0,0,0,0.07567939,0.00944733,0.08163087,0.08594190,0.00834344,0.76695824,0.13850233,0.05020290,0.94979710,-6.42262983
32500,0.12601089,0.12601089,195,1.00000000,0.12601089,nan,0.03248944,0,0,0,0.14050084,0.01143575,0.28799549,0.30487636,0.00102070,1.97562659,0.25324103,0.18950269,0.81049731,-1.20796458
32600,0.44309080,0.44309080,234,1.00000000,0.44309080,nan,0.00000000,0,0,0,0.04799233,0.00850916,0.09827000,0.10221492,0.03120633,0.57304132,0.14181294,-0.10887482,1.10887482,-4.74102616
32700,0.36126453,0.36126453,140,0.99999917,0.36126333,nan,0.00000000,0,0,0,0.06609038,0.01369020,0.29069561,0.30731893,0.00809958,0.83993059,0.37628493,0.04839319,0.95160681,-4.51205293
32800,0.34726155,0.34726155,131,0.99999795,0.34725871,nan,0.00000000,0,0,0,0.08901116,0.01039706,0.21623118,0.22581872,0.05324323,1.06838751,0.22285220,-0.13433619,1.13433619,-4.24804288
32900,0.69107699,0.69107699,63,0.99816370,0.68601485,nan,0.00000000,0,0,0,0.05435167,0.01318849,0.35975498,0.38043380,0.00821457,0.59910619,0.27437276,-0.12318039,1.12318039,-3.13641346
33000,1.47091162,1.47091162,380,1.00000000,1.47091162,nan,0.00000000,0,0,0,0.12156235,0.00853497,0.22465955,0.20377252,0.57973903,1.64822328,0.18441455,-0.08455827,1.08455827,10.10820484
33100,0.27431840,0.27431840,177,0.99999998,0.27431837,nan,0.15514104,0,0,0,0.08658050,0.00448082,0.11047623,0.11529130,0.02861998,1.05079353,0.08559295,0.04228341,0.95771659,-5.62740493
33200,1.62706411,1.62706411,118,0.99999250,1.62701527,nan,0.00000000,0,0,0,0.06855638,0.01351224,0.42386901,0.44810873,0.01179403,0.68541288,0.31753692,-0.11006997,1.11006997,5.23338795
33300,0.24497874,0.24497874,158,0.99999986,0.24497861,nan,0.00000000,0,0,0,0.06375129,0.00990886,0.11000034,0.11646974,0.00002065,0.75025022,0.20242730,-0.01197330,1.01197330,-8.79233122
33400,0.34394586,0.34394586,221,1.00000000,0.34394586,nan,0.00000000,0,0,0,0.10970828,0.00961683,0.15023464,0.15880203,0.00458932,1.48279631,0.22056632,0.14056023,0.85943977,-1.86449549
33500,0.23381823,0.23381823,112,0.99998633,0.23380544,nan,0.00000000,0,0,0,0.05640895,0.02077075,0.07235514,0.07655745,0.00091608,0.66454667,0.40781805,-0.02760825,1.02760825,-4.86367321
33600,0.12123568,0.12123568,233,1.00000000,0.12123568,nan,0.00000000,0,0,0,0.05774030,0.00712376,0.04785505,0.05054206,0.00217585,0.79452688,0.16026743,-0.05334605,1.05334605,-10.50809813
33700,0.33289146,0.33289146,248,1.00000000,0.33289146,nan,0.00000000,0,0,0,0.08122598,0.01052761,0.17159486,0.18166742,0.00036135,0.87957716,0.25627640,-0.02891952,1.02891952,-4.89419603
33800,0.87325329,0.87325329,124,0.99999588,0.87323890,nan,0.00000000,0,0,0,0.07410131,0.01060189,0.31608266,0.33371273,0.01637127,0.70226860,0.19853276,0.00238761,0.99761239,1.89763975
33900,0.18059057,0.18059057,113,0.99998763,0.18058163,nan,0.00000000,0,0,0,0.08668658,0.00892778,0.09914300,0.10494701,0.00047484,0.78293496,0.13055378,0.14227911,0.85772089,-7.09962336
34000,0.96714985,0.96714985,175,0.99999997,0.96714976,nan,0.26486025,0,0,0,0.18155378,0.01266078,0.84726208,0.88014895,0.28818652,1.72185242,0.20049079,-0.01672504,1.01672504,5.86100936
34100,0.18708946,0.18708946,209,1.00000000,0.18708946,nan,0.18947934,0,0,0,0.09329619,0.01233740,0.10413423,0.10918707,0.01823588,1.11869335,0.22524267,0.14706313,0.85293687,-5.08953428
34200,0.36162001,0.36162001,223,1.00000000,0.36162001,nan,0.00000000,0,0,0,0.07770772,0.00742428,0.21102217,0.22179446,0.02789311,1.04254615,0.15286459,0.12797309,0.87202691,-5.42948806
34300,0.79986370,0.79986370,156,0.99999983,0.79986316,nan,0.00000000,0,0,0,0.04688434,0.00822026,0.21298128,0.22541913,0.00153815,0.45910168,0.15344009,-0.14237993,1.14237993,-4.66614576
34400,0.22424197,0.22424197,96,0.99993227,0.22418123,nan,0.00000000,0,0,0,0.05896992,0.01328117,0.20704225,0.21884768,0.00634989,0.74987125,0.22970599,0.13951398,0.86048602,-7.00132338
34500,0.50865889,0.50865889,126,0.99999663,0.50865203,nan,0.00000000,0,0,0,0.04347585,0.01049093,0.68086040,0.72086227,0.00082872,0.59626937,0.20074116,-0.14310272,1.14310272,-7.18814015
34600,0.81049854,0.81049854,76,0.99949955,0.80887729,nan,0.00000000,0,0,0,0.04620419,0.01093212,1.64723468,1.74318457,0.01608610,0.73219848,0.24284536,-0.18357245,1.18357245,-2.33545121
34700,0.88740528,0.88740528,73,0.99932446,0.88500980,nan,0.00000000,0,0,0,0.06953169,0.00950988,1.12215519,1.18643153,0.02945824,0.79299551,0.19143946,-0.14783785,1.14783785,0.70506501
34800,1.67230260,1.67230260,7,0.50341470,0.10740350,nan,0.06640919,0,0,0,0.33495066,0.02564566,0.91916126,0.97298253,0.00420079,1.71482038,0.57276148,0.03824103,0.96175897,15.77473545
34900,0.91915786,0.91915786,161,0.99999990,0.91915749,nan,0.24011680,0,0,0,0.40610802,0.02968028,3.18223786,3.36923003,0.00337252,1.92726409,0.46867636,-0.03972834,1.03972834,11.98869967
35000,0.76374602,0.76374602,195,1.00000000,0.76374601,nan,0.23714022,0,0,0,0.20483866,0.01336857,0.28315082,0.26664087,0.56382048,2.66258287,0.30347225,0.12714761,0.87285239,7.76885970
35100,0.17503807,0.17503807,97,0.99993872,0.17499517,nan,0.04311778,0,0,0,0.09103084,0.00565614,0.12998123,0.13754296,0.00143174,0.97957027,0.07837586,-0.08081027,1.08081027,-6.58415413
35200,0.13467473,0.13467473,336,1.00000000,0.13467473,nan,0.00000000,0,0,0,0.07831140,0.00991354,0.05819292,0.06081397,0.01363514,0.71782577,0.20131646,0.09711163,0.90288837,-9.08320332
35300,0.11839950,0.11839950,255,1.00000000,0.11839950,nan,0.00000000,0,0,0,0.06115882,0.00599364,0.13228379,0.13992220,0.00243075,0.94600463,0.16208380,0.04528228,0.95471772,-9.17809753
35400,1.36184359,1.36184359,359,1.00000000,1.36184359,nan,0.00000000,0,0,0,0.06350874,0.01080646,0.22174028,0.23171498,0.05217042,0.70023906,0.24993998,-0.01782467,1.01782467,4.83455658
35500,0.26216629,0.26216629,290,1.00000000,0.26216629,nan,0.00000000,0,0,0,0.06739644,0.00653394,0.12075284,0.12778835,0.00114915,0.91643620,0.18221000,-0.08769080,1.08769080,-6.93187157
35600,0.18860197,0.18860197,238,1.00000000,0.18860197,nan,0.10599905,0,0,0,0.17412740,0.00992806,0.07731915,0.08179979,0.00114833,1.66713428,0.20082106,-0.19364809,1.19364809,-0.57803425
35700,0.43951216,0.43951216,176,0.99999998,0.43951212,nan,0.00000000,0,0,0,0.13728756,0.01878196,0.28510845,0.30021629,0.02827559,1.16569161,0.43250847,0.07037700,0.92962300,7.74598694
35800,0.20196080,0.20196080,78,0.99959027,0.20163000,nan,0.00000000,0,0,0,0.20002407,0.01503299,0.16998941,0.17913322,0.01454458,1.45315468,0.38089812,-0.09298352,1.09298352,0.22425226
35900,0.63098800,0.63098800,92,0.99989896,0.63073302,nan,0.00000000,0,0,0,0.14971676,0.01318939,0.23333065,0.24626791,0.01339702,1.21996534,0.15726830,-0.05608217,1.05608217,1.69090295
36000,1.00139475,1.00139475,230,1.00000000,1.00139475,nan,0.00000000,0,0,0,0.14719343,0.01005002,0.27012303,0.26299649,0.39127406,1.71687627,0.19671227,0.04378438,0.95621562,6.54934343
36100,0.27547875,0.27547875,256,1.00000000,0.27547875,nan,0.38842741,0,0,0,0.13660556,0.01371949,0.09736633,0.09904028,0.06890928,1.11653447,0.26115817,0.01633124,0.98366876,-2.81963487
36200,0.08446131,0.08446131,359,1.00000000,0.08446131,nan,0.20213536,0,0,0,0.13180454,0.00841492,0.03665467,0.03803539,0.01318251,0.81005627,0.16464992,0.00173192,0.99826808,-5.83112319
36300,0.21953268,0.21953268,108,0.99997960,0.21951477,nan,0.09790403,0,0,0,0.10877001,0.00823459,0.05391158,0.05445353,0.04469834,0.90284991,0.18274304,-0.08723665,1.08723665,-5.36525267
36400,0.23668845,0.23668845,225,1.00000000,0.23668845,nan,0.06807961,0,0,0,0.12695102,0.00932680,0.50962287,0.53896469,0.01081342,1.77782035,0.29931673,0.25406500,0.74593500,-1.29990423
36500,0.15789746,0.15789746,157,0.99999985,0.15789736,nan,0.00000000,0,0,0,0.07376570,0.00885679,0.15853643,0.16732833,0.00907426,0.66504979,0.15098116,-0.11592104,1.11592104,-7.80029297
36600,0.07285245,0.07285245,100,0.99995460,0.07283922,nan,0.00000000,0,0,0,0.08175865,0.01021554,0.07391020,0.07819456,0.00107594,0.89710820,0.13550264,-0.03025454,1.03025454,-7.93296194
36700,0.56534266,0.56534266,267,1.00000000,0.56534266,nan,0.00000000,0,0,0,0.09358541,0.00677506,0.25757039,0.27262014,0.00172450,0.86530501,0.13111863,0.19465952,0.80534048,-2.65454376
36800,0.74055135,0.74055135,226,1.00000000,0.74055135,nan,0.00000000,0,0,0,0.08433940,0.01139088,0.34734118,0.36777201,0.00001686,1.05833828,0.34044802,-0.06178149,1.06178149,0.48222318
36900,0.12977079,0.12977079,173,0.99999997,0.12977077,nan,0.00000000,0,0,0,0.07939446,0.01834088,0.12592085,0.13330637,0.00036710,1.09022820,0.42408699,0.09467019,0.90532981,-4.94435191
37000,0.53055739,0.53055739,332,1.00000000,0.53055739,nan,0.00000000,0,0,0,0.14805859,0.00910487,0.19843668,0.20251176,0.12916024,1.92296934,0.13756131,0.06655449,0.93344551,3.28662539
37100,0.58935022,0.58935022,37,0.97527647,0.53319301,nan,0.51001883,0,0,0,0.26901260,0.01695419,1.87400842,1.97110975,0.22328562,3.45305252,0.36517102,-0.04568927,1.04568927,7.54150829
37200,0.13659757,0.13659757,120,0.99999386,0.13659422,nan,0.43877260,0,0,0,0.10757223,0.00706907,0.07416320,0.07554235,0.05071778,1.05157232,0.06498717,0.13090997,0.86909003,-5.51814628
37300,0.20407464,0.20407464,96,0.99993227,0.20401935,nan,0.41542054,0,0,0,0.20639028,0.01818004,0.16723494,0.17550972,0.02656356,1.86970198,0.58605152,0.00064928,0.99935072,1.04484928
37400,0.19161111,0.19161111,239,1.00000000,0.19161111,nan,0.33365679,0,0,0,0.29793990,0.01903723,0.36690393,0.38372287,0.08098306,1.94892454,0.30604351,0.07090077,0.92909923,2.14290893
37500,0.66160834,0.66160834,106,0.99997508,0.66154240,nan,0.19484209,0,0,0,0.23553504,0.02100507,0.39402026,0.41616321,0.01759035,1.22798395,0.27855745,-0.04287270,1.04287270,4.27622929
37600,0.66823649,0.66823649,90,0.99987659,0.66790669,nan,0.12748725,0,0,0,0.20205005,0.01563258,0.35551751,0.37386245,0.04365362,1.43692923,0.25089663,-0.04113776,1.04113776,4.22535819
37700,0.54644978,0.54644978,226,1.00000000,0.54644978,nan,0.00000000,0,0,0,0.12252820,0.01461278,0.28955549,0.30645505,0.00226281,0.93363625,0.15487057,-0.13203266,1.13203266,-0.12310423
37800,0.21424079,0.21424079,85,0.99979653,0.21406648,nan,0.00000000,0,0,0,0.20976952,0.01618243,0.30506077,0.32300076,0.00008064,1.20737016,0.20173256,0.12414591,0.87585409,-1.15169309
37900,0.55449510,0.55449510,19,0.85043138,0.29003794,nan,0.00000000,0,0,0,0.19363211,0.02073080,0.93623680,0.99129903,0.00017937,1.51950347,0.46071094,-0.01462011,1.01462011,3.58514835
38000,0.27477840,0.27477840,391,1.00000000,0.27477840,nan,0.00139010,0,0,0,0.24780792,0.01268138,0.25492203,0.26744989,0.04194860,3.58832264,0.27357775,-0.08276950,1.08276950,5.34841061
38100,0.29540813,0.29540813,104,0.99996957,0.29537217,nan,0.23420822,0,0,0,0.28877702,0.01164483,1.26001680,1.32030594,0.23510027,3.06560516,0.17781155,-0.06334499,1.06334499,4.81849062
38200,0.13021167,0.13021167,239,1.00000000,0.13021167,nan,0.00000000,0,0,0,0.10265116,0.00906661,0.09411326,0.09787203,0.03021426,1.03041601,0.12513284,-0.04022255,1.04022255,-5.38296385
38300,0.30477279,0.30477279,108,0.99997960,0.30474793,nan,0.00000000,0,0,0,0.08328916,0.00896557,0.33582184,0.35516968,0.00690806,1.00830221,0.26778448,0.09957044,0.90042956,-4.92056060
38400,1.34846067,1.34846067,104,0.99996957,1.34829653,nan,0.00000000,0,0,0,0.06478297,0.00900144,0.86451834,0.91242522,0.05010078,0.64917970,0.21511512,-0.15339653,1.15339653,8.65779614
38500,0.33141559,0.33141559,301,1.00000000,0.33141559,nan,0.00000000,0,0,0,0.06395371,0.00376020,0.16000536,0.16905358,0.00618547,0.78609627,0.10039886,0.01169559,0.98830441,-7.89708996
38600,1.24973249,1.24973249,254,1.00000000,1.24973249,nan,0.00000000,0,0,0,0.02778706,0.00837395,0.26697174,0.28157288,0.01875252,0.38351917,0.22668277,-0.06582550,1.06582550,1.88309483
38700,0.42870402,0.42870402,72,0.99925341,0.42742520,nan,0.00000000,0,0,0,0.05874793,0.00914893,0.09474663,0.10031932,0.00001103,0.70092791,0.23496097,-0.14323115,1.14323115,-6.91910807
38800,0.21629007,0.21629007,197,1.00000000,0.21629007,nan,0.00000000,0,0,0,0.08291392,0.00823824,0.10230301,0.10826442,0.00095913,0.96093059,0.20166408,0.12482707,0.87517293,-5.94890809
38900,0.23761457,0.23761457,242,1.00000000,0.23761457,nan,0.00000000,0,0,0,0.05838491,0.00815688,0.04463461,0.04660323,0.01116832,0.61789113,0.17626554,0.05524399,0.94475601,-8.32242441
39000,0.10030717,0.10030717,241,1.00000000,0.10030717,nan,0.00000000,0,0,0,0.09829388,0.00887206,0.08846898,0.09359475,0.00133082,1.37569857,0.19372262,-0.01377304,1.01377304,-4.68070412
39100,0.89649284,0.89649284,68,0.99888622,0.89250554,nan,0.60653925,0,0,0,0.28365290,0.02465340,1.01145494,1.04251957,0.48335695,2.08285713,0.36841896,-0.09872920,1.09872920,9.62483120
39200,0.92949390,0.92949390,140,0.99999917,0.92949081,nan,0.76865800,0,0,0,0.18694854,0.01529975,0.28168815,0.27764162,0.35047913,1.38588119,0.30025986,-0.11769626,1.11769626,6.42792492
39300,0.29655150,0.29655150,140,0.99999917,0.29655051,nan,0.87036234,0,0,0,0.28772709,0.01324438,0.39377466,0.41678149,0.00265907,1.51062059,0.19079378,-0.02615625,1.02615625,1.87247515
39400,0.10897510,0.10897510,48,0.99177025,0.10543179,nan,0.64354618,0,0,0,0.19128083,0.01452414,0.27497387,0.29111579,0.00056099,1.19324160,0.22050422,0.02223725,0.97776275,-2.49760719
39500,0.22888118,0.22888118,267,1.00000000,0.22888118,nan,0.58013505,0,0,0,0.15969205,0.02906656,0.12986027,0.13741802,0.00137852,1.41807687,0.69951612,-0.03710520,1.03710520,3.92842431
39600,0.23286492,0.23286492,262,1.00000000,0.23286492,nan,0.47377741,0,0,0,0.24075490,0.01375419,0.59612149,0.62991655,0.02160496,1.82195282,0.25530431,0.03356500,0.96643500,0.48980788
39700,0.12442596,0.12442596,245,1.00000000,0.12442596,nan,0.33443030,0,0,0,0.17002241,0.01551282,0.19879588,0.20906784,0.02417277,1.21932817,0.26838398,0.03585118,0.96414882,-3.08304381
39800,0.39159149,0.39159149,144,0.99999944,0.39159062,nan,0.17956088,0,0,0,0.26236513,0.01395403,0.21093096,0.22051463,0.04800869,1.86271429,0.38295937,-0.02195652,1.02195652,4.11768532
39900,0.46431002,0.46431002,109,0.99998154,0.46427574,nan,0.02325648,0,0,0,0.09014830,0.02107847,0.17185301,0.18168718,0.00467202,0.72741157,0.28713131,-0.13653121,1.13653121,2.21252553
40000,1.56484938,1.56484938,91,0.99988833,1.56415053,nan,0.00000000,0,0,0,0.15336131,0.01179593,0.65889186,0.66878337,0.49073583,1.92955923,0.39323992,0.03616316,0.96383684,12.86960959
40100,0.66511548,0.66511548,58,0.99697245,0.65709729,nan,0.13921864,0,0,0,0.09331132,0.02009423,0.14956695,0.15207727,0.10689146,0.92030674,0.24876475,-0.15373066,1.15373066,1.12522292
40200,0.48388153,0.48388153,84,0.99977513,0.48344644,nan,0.21785235,0,0,0,0.30135557,0.01950632,0.64336437,0.67854220,0.04534153,1.55423486,0.26194680,0.00139293,0.99860707,4.79095173
40300,0.96038520,0.96038520,81,0.99969646,0.95921968,nan,0.12218059,0,0,0,0.15600738,0.02533589,0.77574384,0.82135940,0.00027976,1.16077948,0.28261134,0.24371850,0.75628150,6.10637200
40400,0.50597125,0.50597125,117,0.99999171,0.50595447,nan,0.00000000,0,0,0,0.11374366,0.01244389,0.89867848,0.95018822,0.02301332,1.14865994,0.27730200,-0.00351001,1.00351001,0.48365686
40500,0.11541584,0.11541584,146,0.99999954,0.11541563,nan,0.00000000,0,0,0,0.14221464,0.01364771,0.09274454,0.09819902,0.00001845,1.36343324,0.36089894,0.05046154,0.94953846,-3.11448487
40600,0.26384002,0.26384002,113,0.99998763,0.26382696,nan,0.00000000,0,0,0,0.12083401,0.01711963,0.17930248,0.18931991,0.00900621,1.16621101,0.34983352,-0.03507438,1.03507438,-2.91174579
40700,0.55415535,0.55415535,13,0.72746821,0.15519853,nan,0.00000000,0,0,0,0.18932548,0.01564220,0.60482907,0.63719910,0.05453886,1.28681862,0.19641516,-0.05650855,1.05650855,0.91675591
40800,0.22705740,0.22705740,193,1.00000000,0.22705739,nan,0.00000000,0,0,0,0.10526954,0.01008019,0.11805591,0.12498957,0.00018372,0.77900010,0.13283572,0.03829044,0.96170956,-5.05928016
40900,0.22529170,0.22529170,302,1.00000000,0.22529170,nan,0.00000000,0,0,0,0.12829930,0.01603063,0.25702509,0.27000308,0.03639937,1.31694293,0.36614048,-0.05730833,1.05730833,-1.53334395
41000,0.40051097,0.40051097,291,1.00000000,0.40051097,nan,0.00000000,0,0,0,0.17999049,0.01685201,0.85583568,0.89844358,0.13150217,2.07656026,0.41488415,-0.10655061,1.10655061,2.67129915
41100,0.51742142,0.51742142,41,0.98342732,0.48396448,nan,0.13724501,0,0,0,0.28940165,0.01719183,0.75021023,0.78189719,0.21153128,2.19079280,0.22972989,-0.01873521,1.01873521,5.85935783
41200,0.77256244,0.77256244,69,0.99899221,0.76945284,nan,0.20651537,0,0,0,0.42934200,0.02552758,0.79491138,0.84161127,0.00101325,1.82590759,0.53709614,-0.09815214,1.09815214,8.81916897
41300,0.89907646,0.89907646,144,0.99999944,0.89907446,nan,0.06420393,0,0,0,0.14691693,0.01240933,0.53562522,0.56711084,0.00036967,1.18179679,0.26019549,0.14855839,0.85144161,5.03252828
41400,0.27830958,0.27830958,190,0.99999999,0.27830958,nan,0.00000000,0,0,0,0.13082322,0.01136062,0.09703270,0.10255710,0.00311802,1.10297203,0.29395729,0.05672056,0.94327944,-2.09877359
41500,0.24049772,0.24049772,60,0.99752125,0.23812204,nan,0.00000000,0,0,0,0.15811805,0.02428977,0.11156961,0.11783464,0.00506433,1.21051180,0.45145601,0.11806018,0.88193982,-1.63823001
41600,0.37342480,0.37342480,136,0.99999876,0.37342295,nan,0.00000000,0,0,0,0.13301532,0.01518929,0.49022219,0.51903725,0.00036710,1.13993263,0.30985823,-0.06197005,1.06197005,-1.10039315
41700,0.10009405,0.10009405,115,0.99998987,0.10008999,nan,0.00000000,0,0,0,0.10629198,0.01118823,0.10468766,0.11081719,0.00048583,1.01808071,0.17162803,0.01428428,0.98571572,-5.20506970
41800,0.42824244,0.42824244,200,1.00000000,0.42824244,nan,0.00000000,0,0,0,0.11926293,0.02389113,0.43483236,0.45889899,0.02569911,0.96606064,0.40857160,-0.08808773,1.08808773,1.67779154
41900,0.35283089,0.35283089,169,0.99999995,0.35283082,nan,0.00000000,0,0,0,0.15684225,0.02928635,0.56315601,0.59545469,0.01407938,1.22769499,0.52383858,0.05953908,0.94046092,4.23918557
42000,0.28667784,0.28667784,317,1.00000000,0.28667784,nan,0.00000000,0,0,0,0.20995903,0.01760342,0.42814988,0.45186174,0.02504762,2.18909359,0.16065189,-0.00261759,1.00261759,3.35586488
42100,0.40055424,0.40055424,168,0.99999995,0.40055416,nan,0.09240895,0,0,0,0.12048689,0.01753031,1.21049571,1.28169560,0.00009798,1.13741291,0.37883228,-0.08990919,1.08990919,0.80796425
42200,0.18254960,0.18254960,117,0.99999171,0.18254354,nan,0.03976954,0,0,0,0.13051406,0.02185726,0.39460343,0.41776523,0.00085290,1.25065374,0.32642141,-0.00564161,1.00564161,-2.33730492
42300,0.17766124,0.17766124,62,0.99797057,0.17622342,nan,0.00000000,0,0,0,0.14267977,0.01675934,0.15305193,0.16162646,0.00728510,1.12770510,0.25899374,-0.07617042,1.07617042,-3.97251773
42400,0.57373291,0.57373291,170,0.99999996,0.57373282,nan,0.00000000,0,0,0,0.11894631,0.01362837,0.32441732,0.34268591,0.01385185,0.88842815,0.17426157,0.17586258,0.82413742,2.95821905
42500,0.30826023,0.30826023,189,0.99999999,0.30826022,nan,0.00000000,0,0,0,0.09587479,0.01153469,0.31955686,0.33572507,0.04469750,1.23595750,0.35756615,-0.07933976,1.07933976,-3.23669823
42600,0.43139178,0.43139178,290,1.00000000,0.43139178,nan,0.00000000,0,0,0,0.19587544,0.02023043,0.75954813,0.80422419,0.00005520,1.46815062,0.43519631,0.04987201,0.95012799,1.72686915
42700,0.40868008,0.40868008,249,1.00000000,0.40868008,nan,0.00000000,0,0,0,0.08198252,0.01182793,0.19862968,0.21024366,0.00119218,1.00381076,0.33732763,0.07210774,0.92789226,-3.16055703
42800,0.57809305,0.57809305,38,0.97762923,0.52807360,nan,0.00000000,0,0,0,0.07898572,0.01491883,0.13201420,0.13845755,0.02247676,0.99663067,0.26537454,-0.00174668,1.00174668,-0.36755919
42900,0.22757530,0.22757530,59,0.99726056,0.22509181,nan,0.00000000,0,0,0,0.10762075,0.01678944,0.26814109,0.28381696,0.00165143,1.27415061,0.39734396,-0.00028242,1.00028242,-3.62288928
43000,0.77145994,0.77145994,372,1.00000000,0.77145994,nan,0.00000000,0,0,0,0.28982005,0.00877807,2.43793297,2.58079028,0.00935561,3.71725750,0.19002740,-0.26484219,1.26484219,10.32808304
43100,0.40842640,0.40842640,12,0.69880579,0.09739570,nan,0.00000000,0,0,0,0.14596261,0.01690225,0.18869564,0.19316280,0.11275371,1.03385508,0.38688099,0.06737012,0.93262988,-1.21758658
43200,0.46119812,0.46119812,368,1.00000000,0.46119812,nan,0.00000000,0,0,0,0.15862025,0.00884695,0.19393057,0.20520940,0.00219023,1.08794510,0.12979725,0.12160474,0.87839526,-0.80314192
43300,0.38854277,0.38854277,148,0.99999963,0.38854219,nan,0.00000000,0,0,0,0.08893209,0.00997617,0.12378303,0.12761444,0.05864900,0.96127808,0.18065560,0.00969653,0.99030347,-4.04775888
43400,0.69677854,0.69677854,124,0.99999588,0.69676706,nan,0.00000000,0,0,0,0.08103622,0.00865143,0.68441463,0.72414291,0.00903340,0.71004224,0.11055663,-0.04737578,1.04737578,-2.37523754
43500,0.24772589,0.24772589,63,0.99816370,0.24591129,nan,0.05069766,0,0,0,0.15699041,0.01645116,0.34668040,0.36706930,0.00006894,1.55591249,0.27106005,-0.08340640,1.08340640,-1.29259338
43600,0.33356667,0.33356667,173,0.99999997,0.33356662,nan,0.00000000,0,0,0,0.08843683,0.01033128,0.08530495,0.08880105,0.02587120,0.67633885,0.11297075,0.02058321,0.97941679,-0.79358244
43700,0.62055975,0.62055975,65,0.99849656,0.61683626,nan,0.00000000,0,0,0,0.10098183,0.01981879,0.56757277,0.59721130,0.06371806,0.91954869,0.18369509,0.07936596,0.92063404,-0.01367792
43800,0.28215000,0.28215000,35,0.96980262,0.24958212,nan,0.00000000,0,0,0,0.14874263,0.01650879,0.18221159,0.19277139,0.00269504,1.47193372,0.40498364,0.08951256,0.91048744,-0.33475211
43900,0.56692547,0.56692547,60,0.99752125,0.56132526,nan,0.00000000,0,0,0,0.10191087,0.01086158,0.19149107,0.20010567,0.04504312,1.01880503,0.25399786,-0.10260161,1.10260161,-1.27041380
44000,0.18364419,0.18364419,334,1.00000000,0.18364419,nan,0.00000000,0,0,0,0.25847995,0.01476426,0.28536516,0.29965234,0.04248336,2.68666935,0.15001911,0.02805994,0.97194006,2.69066536
44100,0.16213056,0.16213056,160,0.99999989,0.16213049,nan,0.06356136,0,0,0,0.10528207,0.01280202,0.26090714,0.27619365,0.00103665,1.09529638,0.25808725,0.11003288,0.88996712,-4.76347146
44200,0.43448660,0.43448660,78,0.99959027,0.43377494,nan,0.00000000,0,0,0,0.11776303,0.01831719,0.27323395,0.28281537,0.11034955,0.95193398,0.34784907,-0.06677520,1.06677520,-1.19875586
44300,0.44934547,0.44934547,56,0.99630214,0.44273577,nan,0.00000000,0,0,0,0.12636617,0.01657415,0.65977877,0.69658613,0.03405391,1.17139518,0.37137604,0.05557149,0.94442851,0.93545953
44400,0.51731497,0.51731497,210,1.00000000,0.51731497,nan,0.00000000,0,0,0,0.09454745,0.02291109,0.19559798,0.20414448,0.05030760,1.12819004,0.51469994,0.14450688,0.85549312,0.62221956
44500,0.39522311,0.39522311,189,0.99999999,0.39522310,nan,0.00000000,0,0,0,0.21634868,0.01606018,0.39920157,0.42267287,0.00018977,1.71209848,0.36598265,0.02431738,0.97568262,3.13223998
44600,0.44427100,0.44427100,68,0.99888622,0.44229503,nan,0.00000000,0,0,0,0.13481532,0.01791511,0.49257109,0.52152508,0.00035268,1.22809398,0.40917477,-0.03830113,1.03830113,0.29896867
44700,1.08201230,1.08201230,131,0.99999795,1.08200344,nan,0.00900646,0,0,0,0.10413671,0.01172826,0.66414762,0.69962358,0.06105642,1.31295717,0.41968283,0.02626710,0.97373290,4.57990821
44800,0.31301734,0.31301734,344,1.00000000,0.31301734,nan,0.00000000,0,0,0,0.13567406,0.01223957,0.16664225,0.17644434,0.00000689,1.07450664,0.16992681,0.11872675,0.88127325,-1.94446482
44900,0.19870339,0.19870339,323,1.00000000,0.19870339,nan,0.00000000,0,0,0,0.14556524,0.00890006,0.18350573,0.19428556,0.00024876,1.06608534,0.18415657,-0.01931999,1.01931999,-3.11907864
45000,0.89384341,0.89384341,322,1.00000000,0.89384341,nan,0.00000000,0,0,0,0.29100406,0.01221056,4.40068626,4.65588999,0.06221711,3.02104092,0.17540282,-0.29206569,1.29206569,11.13683701
45100,0.16271850,0.16271850,191,0.99999999,0.16271850,nan,0.00000000,0,0,0,0.15054995,0.01218432,0.22753090,0.23987433,0.01769236,1.77696943,0.21370697,-0.00856095,1.00856095,-1.17897564
45200,0.11059795,0.11059795,35,0.96980262,0.09783190,nan,0.08115490,0,0,0,0.13309270,0.01321494,0.06616422,0.06976770,0.00490502,1.41215539,0.34346852,0.10891640,0.89108360,-1.93485987
45300,0.28467664,0.28467664,292,1.00000000,0.28467664,nan,0.02048865,0,0,0,0.14999326,0.01075372,0.07155008,0.07574262,0.00027693,1.40584004,0.20163086,-0.06585388,1.06585388,-0.90172229
45400,0.21120444,0.21120444,234,1.00000000,0.21120444,nan,0.00000000,0,0,0,0.11393698,0.00791958,0.34220505,0.36199105,0.00584312,1.09907591,0.18184081,-0.13323250,1.13323250,-4.86343590
45500,0.28062969,0.28062969,47,0.99090472,0.27055852,nan,0.00000000,0,0,0,0.09066401,0.01352426,0.14929670,0.15780096,0.00472422,0.96662194,0.23470868,0.10515015,0.89484985,-3.58102266
45600,0.52186710,0.52186710,51,0.99390325,0.50925625,nan,0.00000000,0,0,0,0.11911353,0.02070343,0.37849763,0.39995658,0.01369505,1.27332294,0.68040508,-0.13456217,1.13456217,1.62667735
45700,0.23256795,0.23256795,108,0.99997960,0.23254897,nan,0.00000000,0,0,0,0.08570483,0.01568363,0.07939209,0.08283658,0.02083569,0.80221230,0.31650445,0.00369974,0.99630026,-2.21071811
45800,1.34747696,1.34747696,483,1.00000000,1.34747696,nan,0.00000000,0,0,0,0.10547162,0.00779185,1.58744097,1.68077874,0.00070089,0.82704061,0.19338840,0.06731452,0.93268548,8.21127065
45900,0.54201549,0.54201549,203,1.00000000,0.54201549,nan,0.03633404,0,0,0,0.10422584,0.01434446,0.13720949,0.14360332,0.02851430,0.98115456,0.29646060,0.01019758,0.98980242,-0.03360450
46000,0.22744004,0.22744004,292,1.00000000,0.22744004,nan,0.00000000,0,0,0,0.24025011,0.01925353,0.05769356,0.06103042,0.00096694,3.04005098,0.27353287,0.08146179,0.91853821,4.06153917
46100,1.92600965,1.92600965,185,0.99999999,1.92600958,nan,0.09086039,0,0,0,0.10394599,0.03243835,1.07732713,1.11402178,0.45351633,0.99742573,0.47214344,-0.08054048,1.08054048,24.71771774
46200,0.55271220,0.55271220,22,0.88919684,0.34553393,nan,0.01261682,0,0,0,0.12876412,0.01156330,1.50238550,1.59071958,0.00070607,1.35565495,0.27508673,0.03948968,0.96051032,0.93399769
46300,0.93947345,0.93947345,27,0.93279449,0.71126001,nan,0.00000000,0,0,0,0.13474756,0.01690708,0.58540303,0.61967379,0.00279929,1.34429276,0.32929820,0.09222617,0.90777383,4.05293814
46400,0.58133197,0.58133197,155,0.99999981,0.58133154,nan,0.00000000,0,0,0,0.12170050,0.01156500,0.71112740,0.75295502,0.00005725,1.30840409,0.22183210,-0.01098112,1.01098112,0.99419371
46500,0.35371014,0.35371014,69,0.99899221,0.35228644,nan,0.00000000,0,0,0,0.14387554,0.01282575,0.14847469,0.15675862,0.00764791,1.08890700,0.16726170,-0.03459786,1.03459786,-1.88162717
46600,0.29262069,0.29262069,52,0.99448344,0.28621688,nan,0.00000000,0,0,0,0.10952860,0.01911916,0.15124850,0.15870628,0.02446639,1.25957823,0.38844168,-0.03190254,1.03190254,-2.13501302
46700,0.38638154,0.38638154,110,0.99998330,0.38635572,nan,0.00000000,0,0,0,0.15101969,0.01573541,0.20378707,0.21568988,0.00143923,1.38123679,0.30220354,0.10369461,0.89630539,nan
46800,0.27339888,0.27339888,355,1.00000000,0.27339888,nan,0.00000000,0,0,0,0.06572517,0.01311180,0.12657844,0.13390057,0.00210213,0.60673940,0.14827935,-0.06064640,1.06064640,-6.85240316
46900,0.11850013,0.11850013,309,1.00000000,0.11850013,nan,0.00000000,0,0,0,0.07643945,0.00687226,0.08218189,0.08641581,0.01020536,0.75130296,0.11311669,-0.14963411,1.14963411,-8.50903583
47000,0.03680315,0.03680315,441,1.00000000,0.03680315,nan,0.00000000,0,0,0,0.33270776,0.01411658,0.08926031,0.09398749,0.00889813,3.60916901,0.16225845,-0.02185952,1.02185952,4.30950558
47100,0.30570918,0.30570918,135,0.99999863,0.30570751,nan,0.00000000,0,0,0,0.13702986,0.01859429,0.20811757,0.22023492,0.00212283,1.51570439,0.56177914,0.07641797,0.92358203,-1.12321961
47200,0.56107765,0.56107765,158,0.99999986,0.56107735,nan,0.00000000,0,0,0,0.12504679,0.01808083,0.32939708,0.34735158,0.02417114,1.13725483,0.38003066,-0.02850259,1.02850259,0.75607109
47300,0.33148292,0.33148292,403,1.00000000,0.33148292,nan,0.00000000,0,0,0,0.10060576,0.00635654,0.08737513,0.09242176,0.00158239,1.15074718,0.12402315,-0.27803591,1.27803591,-3.28358905
47400,0.60182041,0.60182041,43,0.98643144,0.56981586,nan,0.00000000,0,0,0,0.16401525,0.01681528,0.34745988,0.36424887,0.06204684,1.17262268,0.36388880,-0.06769086,1.06769086,3.54774658
47500,0.35225034,0.35225034,246,1.00000000,0.35225034,nan,0.00000000,0,0,0,0.09002971,0.00903792,0.24892184,0.26134345,0.03775444,0.92735493,0.13652049,0.07007219,0.92992781,-4.14365560
47600,0.25417891,0.25417891,287,1.00000000,0.25417891,nan,0.00000000,0,0,0,0.05927880,0.01204380,0.07862769,0.08293709,0.00536787,0.64780194,0.19666280,0.14750321,0.85249679,-7.07513064
47700,0.24627720,0.24627720,232,1.00000000,0.24627720,nan,0.05666319,0,0,0,0.13601351,0.02268967,0.24880525,0.26336679,0.00125973,1.34688020,0.44890001,-0.12509465,1.12509465,-1.47528821
47800,0.59930825,0.59930825,115,0.99998987,0.59928397,nan,0.00000000,0,0,0,0.08687821,0.01459464,0.44228533,0.46609384,0.03754054,0.87681794,0.30840835,-0.22836557,1.22836557,0.50051606
47900,0.33635104,0.33635104,168,0.99999995,0.33635097,nan,0.00000000,0,0,0,0.16656893,0.01716615,0.32147136,0.34037444,0.00011910,1.25210142,0.51446611,-0.02017173,1.02017173,-0.97969681
48000,0.11449662,0.11449662,365,1.00000000,0.11449662,nan,0.00000000,0,0,0,0.29381126,0.01560030,0.15648574,0.16283177,0.04860339,3.40157032,0.40149361,0.03906804,0.96093196,4.35172017
48100,0.81382293,0.81382293,29,0.94497678,0.64895483,nan,0.00000000,0,0,0,0.10788504,0.01042501,0.63154721,0.66857785,0.00202626,0.79777932,0.10781252,0.13713963,0.86286037,0.22853363
48200,0.74933565,0.74933565,264,1.00000000,0.74933565,nan,0.00000000,0,0,0,0.12574868,0.01297685,0.20519230,0.21565731,0.02728734,0.89772159,0.32522392,-0.12094786,1.12094786,1.55814600
48300,0.71464700,0.71464700,68,0.99888622,0.71146849,nan,0.00000000,0,0,0,0.14543186,0.02286520,0.79812527,0.84488940,0.00313449,1.07991123,0.32129166,-0.01356463,1.01356463,2.15615416
48400,0.97890198,0.97890198,97,0.99993872,0.97866204,nan,0.00000000,0,0,0,0.11220079,0.01217912,0.27047428,0.27563673,0.18271269,0.78462815,0.21939762,-0.03972284,1.03972284,2.98392302
48500,0.58679938,0.58679938,47,0.99090472,0.56574046,nan,0.00000000,0,0,0,0.12291536,0.01607020,0.12264749,0.12941505,0.00759920,1.09435248,0.33424225,0.06728327,0.93271673,nan
48600,0.35796425,0.35796425,249,1.00000000,0.35796425,nan,0.00000000,0,0,0,0.07477795,0.01363638,0.10204361,0.10791741,0.00218900,0.88788623,0.35315812,0.06237565,0.93762435,-6.78817209
48700,1.54241180,1.54241180,74,0.99938875,1.53864405,nan,0.00000000,0,0,0,0.08995528,0.02301929,1.82200027,1.92917609,0.00001093,1.33554792,0.77728003,0.05016122,0.94983878,21.63516598
48800,0.13778667,0.13778667,256,1.00000000,0.13778667,nan,0.00000000,0,0,0,0.06372970,0.01254861,0.08377843,0.08855525,0.00257250,0.76328510,0.28707784,-0.00573234,1.00573234,-7.48649669
48900,0.41987455,0.41987455,107,0.99997746,0.41983669,nan,0.00000000,0,0,0,0.08436891,0.01010213,0.12619981,0.13355143,0.00122246,0.95754993,0.16734344,0.07197038,0.92802962,-4.02815406
49000,0.16884851,0.16884851,390,1.00000000,0.16884851,nan,0.00000000,0,0,0,0.31661928,0.01926725,0.19003849,0.19941334,0.03066589,3.42214108,0.39206627,-0.06534092,1.06534092,5.35923576
49100,1.25031102,1.25031102,277,1.00000000,1.25031102,nan,0.02388125,0,0,0,0.12253099,0.02899591,0.86652619,0.91155094,0.10110635,1.22001505,0.69379956,-0.02407054,1.02407054,14.71646214
49200,0.09577700,0.09577700,51,0.99390325,0.09346257,nan,0.00000000,0,0,0,0.14812826,0.02326536,0.03385452,0.03534257,0.00855766,1.35845017,0.37430441,-0.04408355,1.04408355,-0.14059929
49300,0.19517009,0.19517009,393,1.00000000,0.19517009,nan,0.00000000,0,0,0,0.15731724,0.01707979,0.14486113,0.15323341,0.00253224,1.17120886,0.29562894,0.01303076,0.98696924,-2.33920530
49400,0.07810446,0.07810446,275,1.00000000,0.07810446,nan,0.00000000,0,0,0,0.10117889,0.01261964,0.09439638,0.09994511,0.00006794,1.00856614,0.25382015,-0.07070909,1.07070909,-5.51997519
49500,0.24085110,0.24085110,153,0.99999977,0.24085089,nan,0.00000000,0,0,0,0.07971869,0.01637626,0.12744886,0.13481641,0.00220035,0.85183549,0.37860370,0.01742530,0.98257470,-5.61072222
49600,0.32232800,0.32232800,346,1.00000000,0.32232800,nan,0.00000000,0,0,0,0.10624769,0.00571886,0.11790481,0.12448823,0.00598669,0.94545829,0.10821345,0.06332042,0.93667958,-4.78144407
49700,0.63297153,0.63297153,26,0.92572642,0.46485211,nan,0.00000000,0,0,0,0.18989776,0.01999609,0.82139695,0.86644679,0.05554977,1.10865009,0.22111654,-0.02401453,1.02401453,2.88895750
49800,0.66468167,0.66468167,254,1.00000000,0.66468167,nan,0.00000000,0,0,0,0.07807051,0.00958518,0.15993363,0.16928242,0.00100401,0.75339383,0.22741193,-0.13887835,1.13887835,-2.49122310
49900,0.14778307,0.14778307,309,1.00000000,0.14778307,nan,0.00000000,0,0,0,0.10224745,0.01734515,0.05384949,0.05664470,0.00633092,1.11444426,0.38203749,0.07897415,0.92102585,-4.70455325
50000,4.93412542,4.93412542,384,1.00000000,4.93412542,nan,0.00000000,0,0,0,0.35344821,0.01349699,12.34303761,13.01572418,0.90736818,4.39502716,0.28633606,-0.07255257,1.07255257,53.95837688
50100,3.21717334,3.21717334,318,1.00000000,3.21717334,nan,1.05353307,0,0,0,0.14365417,0.01726181,8.66246223,9.14086342,0.52961814,1.83179140,0.21821232,0.15422941,0.84577059,23.84081078
50200,0.33002061,0.33002061,468,1.00000000,0.33002061,nan,1.09757388,0,0,0,0.26718050,0.01236998,0.72624028,0.76697743,0.03370919,2.72812366,0.22522534,-0.00154017,1.00154017,3.20930243
50300,2.19382596,2.19382596,0,0.00000000,0.00000000,nan,0.00000000,0,0,0,1.01192927,0.00364312,17.63110733,18.65809822,0.17224169,26.98684692,0.07221688,nan,nan,36.46053569
50400,0.75495452,0.75495452,0,0.00000000,0.00000000,nan,0.00000000,0,0,0,1.01382887,0.00538869,28.21211624,29.87162781,0.00040707,27.17925072,0.10006552,-0.00731351,1.00731351,23.41491413
50500,1.20117354,1.20117354,0,0.00000000,0.00000000,nan,0.00000000,0,0,0,1.01981246,0.00529797,51.73524475,54.76274109,0.26777670,27.61615372,0.12474710,0.43487549,0.56512451,27.58817177
50600,2.47765493,2.47765493,0,0.00000000,0.00000000,nan,0.00000000,0,0,0,1.03995621,0.00990675,56.91816711,60.25852203,0.13208595,28.71273804,0.23555586,-0.26492880,1.26492880,39.43251953
50700,0.91141194,0.91141194,2,0.18126925,0.00098404,nan,0.00000000,0,0,0,1.02930868,0.00595158,14.71916676,15.57244873,0.21338256,27.64093018,0.13787220,0.21113268,0.78886732,24.93798103
50800,0.78756177,0.78756177,2,0.18126925,0.00085032,nan,0.00000000,0,0,0,1.01358819,0.00909408,12.98533154,13.73667049,0.21257098,27.39133644,0.20340192,-0.27407783,1.27407783,23.58451748
50900,0.17436920,0.17436920,8,0.55067104,0.01603388,nan,0.00000000,0,0,0,0.99375629,0.01038490,8.58944607,9.09366035,0.01781493,26.81080055,0.25065768,-0.22706149,1.22706149,17.64664078
51000,0.61005664,0.61005664,5,0.39346934,0.01462223,nan,0.00000000,0,0,0,0.97754776,0.00449488,7.34242916,7.75730181,0.28958362,25.67334747,0.13295092,0.11681033,0.88318967,21.75314903
51100,0.55625743,0.55625743,0,0.00000000,0.00000000,nan,0.00000000,0,0,0,1.06243384,0.02210928,16.19808578,17.14922714,0.02866590,24.34640884,0.59691578,-0.06832734,1.06832734,21.98713875
51200,0.88593721,0.88593721,1,0.09516258,0.00007266,nan,0.00000000,0,0,0,1.00991929,0.05071410,17.24933624,18.23880196,0.42842394,21.72739220,1.38124228,0.03229312,0.96770688,24.27778244
51300,0.70716870,0.70716870,1,0.09516258,0.00005799,nan,0.00000000,0,0,0,0.74819827,0.03071242,4.40040016,4.65793610,0.02229132,15.80691338,0.69542128,0.11813828,0.88186172,20.04666567
51400,0.28248131,0.28248131,9,0.59343034,0.03503230,nan,0.00000000,0,0,0,0.63992691,0.03578099,3.03182077,3.21006060,0.00174086,11.34474754,1.08059418,-0.03222306,1.03222306,14.75632596
51500,0.25586569,0.25586569,18,0.83470111,0.12420413,nan,0.00000000,0,0,0,0.55246753,0.02708605,2.67500091,2.83208442,0.00458248,9.39956379,0.82708830,-0.23725079,1.23725079,13.35331583
51600,1.14066935,1.14066935,5,0.39346934,0.02734031,nan,0.00000000,0,0,0,0.42416692,0.04779547,1.87918091,1.94808936,0.70773679,6.26999235,1.42376089,0.07754846,0.92245154,21.12059879
51700,0.41083050,0.41083050,1,0.09516258,0.00003369,nan,0.00000000,0,0,0,0.54379845,0.04354693,1.07640600,1.13969135,0.00055696,6.08985138,1.30248308,0.04066500,0.95933500,13.19012976
51800,1.22545969,1.22545969,5,0.39346934,0.02937262,nan,0.00000000,0,0,0,0.34750155,0.06693970,1.25136101,1.32496715,0.00005436,5.33794832,2.45606494,-0.08886728,1.08886728,19.62940152
51900,0.37722051,0.37722051,24,0.90928205,0.25786344,nan,0.00000000,0,0,0,0.31760776,0.04684168,1.41004038,1.49295497,0.00049005,4.72683144,2.07123208,0.07499087,0.92500913,8.80436158
52000,0.31036857,0.31036857,7,0.50341470,0.01993340,nan,0.00000000,0,0,0,0.74188274,0.00983760,3.13152528,3.31564522,0.00148666,13.87189579,0.22726995,0.15831713,0.84168287,16.29921659
52100,0.17987670,0.17987670,18,0.83470111,0.08731701,nan,0.00000000,0,0,0,0.33759281,0.02465752,0.22009417,0.22991964,0.05306117,3.62685943,0.56578052,0.01469547,0.98530453,6.40538740
52200,0.27678910,0.27678910,23,0.89974116,0.18139250,nan,0.00000000,0,0,0,0.37212813,0.03214345,0.63453960,0.67044526,0.02414280,5.50119352,1.16935813,0.21300025,0.78699975,10.38760948
52300,0.38119185,0.38119185,6,0.45118836,0.01579702,nan,0.00000000,0,0,0,0.28007278,0.03866758,1.40600419,1.48272073,0.10182299,3.96781826,1.33610165,-0.00584675,1.00584675,9.99622631
52400,0.28968552,0.28968552,10,0.63212056,0.04625157,nan,0.00000000,0,0,0,0.25713098,0.04148486,0.26274329,0.27817312,0.00043610,3.12976074,0.73690271,-0.00227557,1.00227557,5.31176472
52500,0.14062287,0.14062287,26,0.92572642,0.10327295,nan,0.00000000,0,0,0,0.24934486,0.04477943,0.36000472,0.37980703,0.02336552,4.38109541,1.51345563,0.08178001,0.91821999,4.10393429
52600,0.54112923,0.54112923,21,0.87754357,0.32090446,nan,0.00000000,0,0,0,0.23837587,0.03837122,0.81201357,0.84694463,0.21818566,3.78273654,1.10919237,-0.00910234,1.00910234,9.50419533
52700,0.84076178,0.84076178,8,0.55067104,0.07731111,nan,0.00000000,0,0,0,0.23854907,0.02689790,1.34207582,1.41851628,0.04258876,3.11551642,0.49620315,0.29510011,0.70489989,9.05206505
52800,1.36173964,1.36173964,22,0.88919684,0.85130606,nan,0.00000000,0,0,0,0.23231050,0.04837162,2.51006484,2.63784385,0.33782151,3.18672442,1.25512171,0.24411051,0.75588949,17.05101538
52900,0.49004856,0.49004856,9,0.59343034,0.06077404,nan,0.00000000,0,0,0,0.22892796,0.02651933,0.25968373,0.27227846,0.04557366,2.98749709,0.36711115,0.13269747,0.86730253,7.35343819
53000,0.26813576,0.26813576,21,0.87754357,0.15901185,nan,0.00000000,0,0,0,0.59434533,0.00656733,1.93583000,2.04947042,0.00394044,11.42601204,0.14956534,0.00060795,0.99939205,13.32477188
53100,0.16687967,0.16687967,24,0.90928205,0.11407695,nan,0.00000000,0,0,0,0.26230294,0.03362124,0.34395447,0.36410436,0.00140718,3.22267866,0.95650959,-0.05612474,1.05612474,4.08789706
53200,0.41766843,0.41766843,7,0.50341470,0.02682472,nan,0.00000000,0,0,0,0.21861807,0.02596896,0.69120497,0.73143440,0.00730376,2.54635906,0.75418705,-0.08984207,1.08984207,3.93648922
53300,0.21165672,0.21165672,38,0.97762923,0.19334314,nan,0.00000000,0,0,0,0.23668912,0.03070336,0.23608494,0.24765638,0.03937060,2.98660707,0.78917956,0.05437079,0.94562921,5.28900735
53400,0.58716440,0.58716440,21,0.87754357,0.34820458,nan,0.00000000,0,0,0,0.18934770,0.02325368,0.85574830,0.90475088,0.02270416,2.02257252,0.44526502,-0.04167718,1.04167718,6.47931230
53500,0.43185732,0.43185732,5,0.39346934,0.01035104,nan,0.00000000,0,0,0,0.18831015,0.02734146,0.48219478,0.51052082,0.00065240,2.03235865,0.60229516,-0.01749996,1.01749996,3.69837758
53600,0.22113185,0.22113185,53,0.99500841,0.21674959,nan,0.00000000,0,0,0,0.19931994,0.02190431,0.57652867,0.61024153,0.00341015,2.64151978,0.63574147,-0.02580786,1.02580786,2.42526801
53700,0.25245744,0.25245744,5,0.39346934,0.00605106,nan,0.00000000,0,0,0,0.17627537,0.02331172,0.75311631,0.79730725,0.00187001,2.13417101,0.52977467,-0.08778462,1.08778462,2.09612113
53800,0.27658668,0.27658668,16,0.79810348,0.11221944,nan,0.00000000,0,0,0,0.15396538,0.02118494,0.46399963,0.49110520,0.00320508,1.93833876,0.37087789,0.10431881,0.89568119,1.10821259
53900,0.10008220,0.10008220,7,0.50341470,0.00642777,nan,0.00000000,0,0,0,0.20841974,0.02383966,0.19124524,0.20244588,0.00083428,2.79060102,0.52722639,-0.02562975,1.02562975,1.87285054
54000,0.47088230,0.47088230,27,0.93279449,0.35649730,nan,0.00000000,0,0,0,0.57813430,0.01214060,2.40541720,2.54659057,0.00546681,10.97149181,0.23456900,0.00218222,0.99781778,15.52211380
54100,0.20308489,0.20308489,26,0.92572642,0.14914484,nan,0.00000000,0,0,0,0.23330900,0.02896735,0.66858947,0.70784998,0.00116105,2.07931876,0.72663850,0.04032325,0.95967675,1.59696662
54200,0.44996896,0.44996896,4,0.32967995,0.00531561,nan,0.00000000,0,0,0,0.20715289,0.02214051,0.42836300,0.44734350,0.10569470,2.11237001,0.70627171,0.16530983,0.83469017,5.05052900
54300,0.22227256,0.22227256,39,0.97975809,0.20481477,nan,0.00000000,0,0,0,0.17658658,0.04101733,0.68246001,0.72166544,0.01596727,1.89920616,0.53107113,-0.05354400,1.05354400,2.23745670
54400,0.71038055,0.71038055,56,0.99630214,0.69993113,nan,0.00000000,0,0,0,0.15235226,0.01545582,0.33941448,0.35920990,0.00289227,1.71508622,0.26452821,0.13843091,0.86156909,3.16384900
54500,0.18985735,0.18985735,43,0.98643144,0.17976082,nan,0.00000000,0,0,0,0.15604049,0.02049836,0.19620565,0.20631708,0.02431113,1.88704550,0.36098686,-0.03315582,1.03315582,-0.36211716
54600,0.26719502,0.26719502,32,0.95923780,0.22622129,nan,0.00000000,0,0,0,0.17384237,0.01619448,0.35901892,0.37962016,0.00879777,2.38563108,0.29428428,-0.11271157,1.11271157,0.81635511
54700,0.52694315,0.52694315,16,0.79810348,0.21379650,nan,0.00000000,0,0,0,0.19272907,0.03752859,0.68404323,0.71880573,0.09308104,2.35275483,0.96136546,-0.09073311,1.09073311,8.06511180
54800,0.57130426,0.57130426,7,0.50341470,0.03669197,nan,0.00000000,0,0,0,0.15341799,0.03364391,0.67108750,0.69577938,0.25132546,1.67624974,0.48319066,-0.06610918,1.06610918,6.95379019
54900,0.50614738,0.50614738,38,0.97762923,0.46235303,nan,0.00000000,0,0,0,0.18433823,0.01768263,0.68006772,0.72003049,0.00070003,2.31940055,0.51620823,-0.13444424,1.13444424,4.95893637
55000,0.29207528,0.29207528,17,0.81731648,0.13033343,nan,0.00000000,0,0,0,0.59842271,0.01394085,1.93171203,2.03208733,0.22532968,11.03781509,0.56959790,0.01588656,0.98411344,13.78360701
55100,0.52638257,0.52638257,38,0.97762923,0.48083736,nan,0.00000000,0,0,0,0.16897069,0.01419303,0.34563226,0.36557862,0.00654407,1.85461366,0.39663729,0.14942470,0.85057530,3.04681770
55200,1.11941957,1.11941957,8,0.55067104,0.10293471,nan,0.00000000,0,0,0,0.16709343,0.01763776,0.52903885,0.55998850,0.00289480,2.06462789,0.44721863,0.27374560,0.72625440,9.37033796
55300,0.46086597,0.46086597,2,0.18126925,0.00049759,nan,0.00000000,0,0,0,0.20699711,0.02272014,0.76880622,0.81389272,0.00233487,1.72135496,0.47027621,-0.00633210,1.00633210,7.21848019
55400,0.57362431,0.57362431,26,0.92572642,0.42126773,nan,0.00000000,0,0,0,0.18913203,0.02193133,0.55277568,0.57925618,0.10260726,1.65331233,0.52215368,-0.13400168,1.13400168,5.33047581
55500,0.36002147,0.36002147,20,0.86466472,0.20124234,nan,0.00000000,0,0,0,0.17162903,0.01681907,0.97085601,1.02722836,0.01252665,1.83691359,0.32853705,-0.09583670,1.09583670,1.29973134
55600,0.89283538,0.89283538,11,0.66712892,0.17685219,nan,0.00000000,0,0,0,0.15539454,0.03276460,1.43219662,1.50913441,0.12425446,1.71205461,0.62718993,-0.09762130,1.09762130,8.83604264
55700,0.86209530,0.86209530,12,0.69880579,0.20558018,nan,0.00000000,0,0,0,0.20703261,0.02494438,1.03650904,1.09422767,0.05529165,1.84220099,0.37284240,-0.10210747,1.10210747,7.54450119
55800,0.10576514,0.10576514,43,0.98643144,0.10014060,nan,0.00000000,0,0,0,0.18512315,0.01486846,0.07239436,0.07617472,0.00812826,1.81987488,0.37796339,-0.05975399,1.05975399,0.80510271
55900,0.53960580,0.53960580,29,0.94497678,0.43028990,nan,0.00000000,0,0,0,0.21373333,0.01550654,0.59520334,0.62532759,0.08309121,2.03640056,0.47035587,-0.06830419,1.06830419,4.20529705
56000,0.72342318,0.72342318,27,0.93279449,0.54769188,nan,0.00000000,0,0,0,0.53947347,0.01254039,3.62379122,3.83532357,0.02773998,9.11573887,0.22727765,-0.02840719,1.02840719,16.74130464
56100,0.46063507,0.46063507,2,0.18126925,0.00049734,nan,0.00000000,0,0,0,0.52799338,0.03190276,4.01359081,4.22774220,0.37301448,7.35017157,0.62918985,0.00994994,0.99005006,14.32792091
56200,0.51919848,0.51919848,22,0.88919684,0.32458247,nan,0.00000000,0,0,0,0.48666349,0.01940114,1.29531717,1.37048924,0.01738916,6.68349504,0.50188982,-0.10857747,1.10857747,13.35970497
56300,0.41085726,0.41085726,35,0.96980262,0.36343301,nan,0.00000000,0,0,0,0.45831811,0.02573956,0.75831294,0.80218011,0.01257086,5.51851797,0.77024418,0.03214100,0.96785900,12.04891443
56400,0.32023695,0.32023695,37,0.97527647,0.28972264,nan,0.00000000,0,0,0,0.33630830,0.01435080,0.50704491,0.53548825,0.02350800,3.51530743,0.36959693,0.06215045,0.93784955,6.94000308
56500,0.59112555,0.59112555,22,0.88919684,0.36954844,nan,0.06991712,0,0,0,0.33868846,0.03042538,1.21420991,1.28359020,0.03474563,2.84330630,0.83100134,-0.02331089,1.02331089,9.33763186
56600,0.42171937,0.42171937,1,0.09516258,0.00003459,nan,0.11082396,0,0,0,0.39543465,0.02303721,0.38601625,0.40521649,0.05961183,3.07026696,0.72833419,-0.11072179,1.11072179,8.65620104
56700,0.99857563,0.99857563,27,0.93279449,0.75600531,nan,0.08617261,0,0,0,0.38994104,0.03321584,2.26792431,2.40131164,0.00034628,2.58386827,0.81748670,0.01076884,0.98923116,14.00631777
56800,0.19466561,0.19466561,93,0.99990858,0.19459443,nan,0.12963781,0,0,0,0.55113006,0.01303571,0.82884139,0.87536889,0.03787328,8.33022213,0.71256769,-0.22452166,1.22452166,10.79778433
56900,0.46958554,0.46958554,54,0.99548342,0.46115916,nan,0.00000000,0,0,0,0.48696744,0.01072615,2.99561906,3.15782309,0.23814765,6.08713722,0.23376125,-0.08039525,1.08039525,11.79902426
57000,1.87927246,1.87927246,48,0.99177025,1.81816822,nan,0.00000000,0,0,0,0.47109455,0.02380921,2.13286257,2.15875077,1.69276297,5.07559729,0.73346406,-0.01224649,1.01224649,25.88610458
57100,0.20451219,0.20451219,26,0.92572642,0.15019305,nan,0.00000000,0,0,0,0.27781501,0.01269413,0.39312208,0.41057551,0.09641382,2.24373913,0.35541990,0.06678456,0.93321544,1.48703249
57200,0.50105208,0.50105208,53,0.99500841,0.49112254,nan,0.00000000,0,0,0,0.24953672,0.02512086,0.61455554,0.64975822,0.01610925,1.91088188,0.58823454,0.03433715,0.96566285,5.51681805
57300,0.08698124,0.08698124,28,0.93918994,0.06767672,nan,0.00000000,0,0,0,0.27667585,0.03514476,0.28630319,0.30266818,0.00809893,1.96670449,0.47635141,0.00600501,0.99399499,0.40103346
57400,0.33373061,0.33373061,23,0.89974116,0.21870886,nan,0.00000000,0,0,0,0.23777491,0.01370529,0.30654040,0.31919527,0.09140763,1.84619820,0.32459199,0.01537331,0.98462669,3.01572031
57500,0.56295806,0.56295806,116,0.99999083,0.56293742,nan,0.00000000,0,0,0,0.23366959,0.01805809,0.52000898,0.53754580,0.22188291,1.88699317,0.49743494,0.09645283,0.90354717,0.89996022
57600,0.25837576,0.25837576,81,0.99969646,0.25806220,nan,0.00000000,0,0,0,0.18648191,0.01207771,0.10855713,0.11148362,0.05880703,1.48604822,0.22553200,-0.14577060,1.14577060,0.01996005
57700,0.20785131,0.20785131,65,0.99849656,0.20660415,nan,0.00000000,0,0,0,0.21300393,0.01420428,0.20005205,0.20690638,0.08352834,1.93183947,0.31634808,0.09470363,0.90529637,0.77853769
57800,0.38748646,0.38748646,65,0.99849656,0.38516146,nan,0.00000000,0,0,0,0.17771859,0.01734376,0.23476750,0.23817094,0.17690919,1.54476249,0.39526746,-0.13300345,1.13300345,1.79871790
57900,0.15367635,0.15367635,53,0.99500841,0.15063088,nan,0.00000000,0,0,0,0.21263653,0.01679984,0.08242509,0.08121524,0.10299266,1.67042971,0.40940043,0.02155456,0.97844544,0.47791785
58000,0.70318031,0.70318031,47,0.99090472,0.67794474,nan,0.00000000,0,0,0,0.30159932,0.01276765,3.07357693,3.25144243,0.04986360,3.37566090,0.20676118,-0.07219766,1.07219766,9.08364042
58100,0.23646075,0.23646075,61,0.99775713,0.23434647,nan,0.00000000,0,0,0,0.14784424,0.01401001,0.24845235,0.26069492,0.04032895,1.12412810,0.25215814,0.02132079,0.97867921,-1.18225358
58200,0.13445868,0.13445868,71,0.99917490,0.13401545,nan,0.00000000,0,0,0,0.17045896,0.01136462,0.34284669,0.36234215,0.01142397,1.68172026,0.34377486,-0.03115619,1.03115619,-1.49217958
58300,0.92720485,0.92720485,35,0.96980262,0.82017986,nan,0.00000000,0,0,0,0.15602617,0.01673763,0.73950303,0.78154641,0.02476592,0.96040386,0.17362039,0.00212450,0.99787550,4.06948038
58400,0.17833465,0.17833465,73,0.99932446,0.17785325,nan,0.00000000,0,0,0,0.22368759,0.01138989,0.11485616,0.11951699,0.03562211,2.98844576,0.40124124,0.16096863,0.83903137,3.01220655
58500,0.57624054,0.57624054,97,0.99993872,0.57609930,nan,0.00000000,0,0,0,0.12736413,0.02188924,0.17447381,0.18472792,0.00015378,1.00334680,0.34707448,-0.05205050,1.05205050,0.41145033
58600,0.98244965,0.98244965,14,0.75340304,0.31653356,nan,0.00000000,0,0,0,0.12388173,0.01840986,2.30289721,2.43836117,0.00000921,1.44898200,0.59785914,-0.04521382,1.04521382,10.44587767
58700,0.22680534,0.22680534,52,0.99448344,0.22184186,nan,0.00000000,0,0,0,0.12241834,0.02571678,0.12594737,0.13334583,0.00017364,1.69547307,0.94207489,0.09096993,0.90903007,1.99897226
58800,0.97611207,0.97611207,33,0.96311683,0.83987678,nan,0.00000000,0,0,0,0.07638873,0.01589721,0.16294637,0.16625288,0.10673570,0.77574086,0.25615570,0.14411925,0.85588075,2.66550345
58900,0.17312919,0.17312919,83,0.99975148,0.17295715,nan,0.00000000,0,0,0,0.10469481,0.01375702,0.21518007,0.22654220,0.02202358,1.10908365,0.22794519,0.08162042,0.91837958,-3.87137911
59000,0.54789966,0.54789966,104,0.99996957,0.54783297,nan,0.00000000,0,0,0,0.26069319,0.01395049,0.73981291,0.77542996,0.13432246,3.71921802,0.30246761,-0.05266255,1.05266255,8.34292340
59100,0.39940321,0.39940321,75,0.99944692,0.39852033,nan,0.00000000,0,0,0,0.12840088,0.01308352,0.26853532,0.28324139,0.01853229,1.50321424,0.35996753,0.01079238,0.98920762,0.05783635
59200,0.22822019,0.22822019,45,0.98889100,0.21824674,nan,0.00000000,0,0,0,0.09897995,0.00967996,0.18443257,0.19421193,0.01818341,1.28203559,0.35152304,0.11161816,0.88838184,-2.74703908
59300,0.39978099,0.39978099,108,0.99997960,0.39974837,nan,0.00000000,0,0,0,0.10677957,0.01467842,0.28527772,0.30125356,0.01368930,1.27527475,0.28304744,-0.08290690,1.08290690,-2.07210704
59400,1.20800316,1.20800316,120,0.99999386,1.20797347,nan,0.00000000,0,0,0,0.11401647,0.01432313,4.53309393,4.79217148,0.12877099,1.53951490,0.36318386,-0.03632171,1.03632171,11.47500928
59500,0.48524883,0.48524883,163,0.99999992,0.48524867,nan,0.00000000,0,0,0,0.07474504,0.01207643,0.25613376,0.27098387,0.00368192,0.90325314,0.29204211,0.05555072,0.94444928,-3.80945694
59600,0.54458821,0.54458821,62,0.99797057,0.54018083,nan,0.00000000,0,0,0,0.13452552,0.05667308,0.39410135,0.41281980,0.07588792,1.91874564,0.96225995,-0.11688131,1.11688131,5.76243377
59700,0.22587721,0.22587721,134,0.99999848,0.22587584,nan,0.00000000,0,0,0,0.10163016,0.01459967,0.18830806,0.19790161,0.02521793,1.09366381,0.13268250,0.06039200,0.93960800,-3.15612234
59800,0.23898973,0.23898973,84,0.99977513,0.23877483,nan,0.00000000,0,0,0,0.08456755,0.00818596,0.13718235,0.14430366,0.01612026,1.04417062,0.16524932,0.14474078,0.85525922,-5.07070770
59900,0.49686092,0.49686092,97,0.99993872,0.49673914,nan,0.00000000,0,0,0,0.07755497,0.01842039,0.21145670,0.21899033,0.08338513,1.04978323,0.42913237,-0.02516461,1.02516461,-0.78961484
60000,2.03682375,2.03682375,133,0.99999833,2.03681011,nan,0.00000000,0,0,0,0.14367689,0.00855773,0.99309200,1.04083145,0.18152334,2.01899910,0.23585428,-0.04128309,1.04128309,15.16084242
60100,0.53944683,0.53944683,89,0.99986361,0.53915259,nan,0.12159946,0,0,0,0.13654281,0.01205744,0.48795721,0.51524687,0.02403357,1.91149139,0.22252271,0.04427500,0.95572500,2.52288357
60200,0.30371216,0.30371216,112,0.99998633,0.30369555,nan,0.00000000,0,0,0,0.08430021,0.01108025,0.07070664,0.07326671,0.02718533,1.09545445,0.39098597,0.11999699,0.88000301,-2.75795650
60300,0.50422126,0.50422126,91,0.99988833,0.50399608,nan,0.00000000,0,0,0,0.09607089,0.01724983,0.16922879,0.17492516,0.07239063,1.42554760,0.59361869,0.14130731,0.85869269,-1.21554494
60400,0.73902935,0.73902935,173,0.99999997,0.73902926,nan,0.00000000,0,0,0,0.07903543,0.00501471,0.14606148,0.14547436,0.15604222,0.87356001,0.08509932,0.11119302,0.88880698,-1.25777751
60500,0.83508164,0.83508164,87,0.99983341,0.83452532,nan,0.00000000,0,0,0,0.06952057,0.01705168,0.25969711,0.27165133,0.05647584,1.13052857,0.53449845,-0.04574601,1.04574601,2.01823038
60600,0.33536363,0.33536363,45,0.98889100,0.32070790,nan,0.00000000,0,0,0,0.10652667,0.02644127,0.81334162,0.86033583,0.01444099,2.00155520,0.79870522,0.05743421,0.94256579,1.70894225
60700,0.30349576,0.30349576,80,0.99966454,0.30308872,nan,0.00000000,0,0,0,0.09297074,0.01030597,0.19528992,0.20642917,0.00592268,1.24497890,0.16330954,-0.04698429,1.04698429,-3.41533470
60800,0.10904535,0.10904535,160,0.99999989,0.10904530,nan,0.00000000,0,0,0,0.10777818,0.01257396,0.20339023,0.21470146,0.01109946,1.65840340,0.20442992,0.00416593,0.99583407,-3.48195779
60900,0.40691450,0.40691450,33,0.96311683,0.35012173,nan,0.00000000,0,0,0,0.08305942,0.02805337,0.24719013,0.26150331,0.00386616,1.40259981,0.70662498,-0.00715063,1.00715063,-0.15206504
61000,2.41160870,2.41160870,168,0.99999995,2.41160821,nan,0.00000000,0,0,0,0.13624699,0.01271943,1.42245436,1.50104570,0.08640311,2.08092475,0.40504521,0.03410420,0.96589580,22.28075314
61100,0.19575691,0.19575691,45,0.98889100,0.18720214,nan,0.25978451,0,0,0,0.12723333,0.01481203,0.11431571,0.11598217,0.08598581,1.43144095,0.39072323,-0.11745997,1.11745997,-2.12726605
61200,0.10726120,0.10726120,85,0.99979653,0.10717393,nan,0.00362219,0,0,0,0.09191149,0.01832040,0.16377713,0.17336875,0.00071955,1.06188726,0.33338663,0.04061985,0.95938015,-5.03459767
61300,0.83664924,0.83664924,123,0.99999545,0.83663401,nan,0.00000000,0,0,0,0.10180867,0.01468604,0.34988654,0.36977023,0.01186366,1.00173378,0.21956348,-0.06475316,1.06475316,8.53845119
61400,0.42593950,0.42593950,110,0.99998330,0.42591105,nan,0.21498782,0,0,0,0.15527262,0.02801397,0.74295306,0.78622270,0.00736974,1.80715513,0.56977075,0.04262531,0.95737469,3.38280725
61500,0.29326692,0.29326692,91,0.99988833,0.29313595,nan,0.04892302,0,0,0,0.12782431,0.01271289,0.39322376,0.41601920,0.00570053,1.68160665,0.40897945,-0.01511368,1.01511368,-0.74246424
61600,0.10158286,0.10158286,104,0.99996957,0.10157050,nan,0.00000000,0,0,0,0.15305501,0.00644578,0.22919957,0.24105479,0.02766113,2.26551437,0.12829219,0.11232325,0.88767675,1.16449797
61700,0.13823697,0.13823697,113,0.99998763,0.13823013,nan,0.00000000,0,0,0,0.14552455,0.01573330,0.13430603,0.14209931,0.00182045,1.89900541,0.35728577,0.03894467,0.96105533,-1.59177773
61800,0.23312537,0.23312537,155,0.99999981,0.23312520,nan,0.00000000,0,0,0,0.10263719,0.01175613,0.25655258,0.27097785,0.01132234,1.26484239,0.30084094,-0.04462200,1.04462200,-3.46425891
61900,0.32591876,0.32591876,75,0.99944692,0.32519832,nan,0.00000000,0,0,0,0.12256302,0.01643074,0.15736736,0.15905657,0.12865058,1.41947532,0.27430385,0.03160552,0.96839448,0.07669955
62000,1.36727989,1.36727989,181,0.99999999,1.36727981,nan,0.00000000,0,0,0,0.14096418,0.01481099,0.66403300,0.68094742,0.37648785,2.07370377,0.40952459,-0.04367845,1.04367845,12.05665302
62100,0.30083120,0.30083120,92,0.99989896,0.30070963,nan,0.08141732,0,0,0,0.10191586,0.01292889,0.13456365,0.14099227,0.02527746,1.14445198,0.25396892,0.00096246,0.99903754,-1.67577672
62200,0.14234775,0.14234775,126,0.99999663,0.14234583,nan,0.00000000,0,0,0,0.11710472,0.01892701,0.16866226,0.17809851,0.00824612,1.53864419,0.35092482,0.03597216,0.96402784,-2.63406658
62300,0.21902068,0.21902068,153,0.99999977,0.21902048,nan,0.00000000,0,0,0,0.10934307,0.01321091,0.17752732,0.18752082,0.00763824,1.40502548,0.19904524,0.08322276,0.91677724,-3.39373255
62400,0.56290984,0.56290984,43,0.98643144,0.53297454,nan,0.00000000,0,0,0,0.07968111,0.01150520,0.53642505,0.56704867,0.01582339,0.98295468,0.22707145,0.11535413,0.88464587,-0.73555803
62500,0.78909683,0.78909683,25,0.91791500,0.56019621,nan,0.00000000,0,0,0,0.13767934,0.02232019,2.75534606,2.91716003,0.00451014,2.15012908,0.56618232,0.11805889,0.88194111,nan
62600,0.40961203,0.40961203,70,0.99908812,0.40812000,nan,0.00000000,0,0,0,0.08585379,0.01464739,0.32468450,0.34368283,0.00171302,1.17610443,0.23298699,-0.09714107,1.09714107,-2.81211025
62700,0.41217747,0.41217747,159,0.99999988,0.41217727,nan,0.00000000,0,0,0,0.09176077,0.01085835,0.33800599,0.34861490,0.15765417,1.34117675,0.23451376,-0.09428953,1.09428953,-3.02943047
62800,0.28298938,0.28298938,205,1.00000000,0.28298938,nan,0.00000000,0,0,0,0.14135140,0.00839584,0.42072546,0.44046178,0.08520838,2.33382583,0.08398939,0.14941366,0.85058634,0.23642403
62900,0.19697313,0.19697313,148,0.99999963,0.19697284,nan,0.00000000,0,0,0,0.10813642,0.00820641,0.43633735,0.46136519,0.01086386,1.81321001,0.22228377,0.14778136,0.85221864,-2.96529531
63000,1.82877982,1.82877982,233,1.00000000,1.82877982,nan,0.00000000,0,0,0,0.13622394,0.01234525,1.36502838,1.42847645,0.28641301,2.07859993,0.37482420,0.00429476,0.99570524,15.07082486
63100,0.22046860,0.22046860,64,0.99833844,0.21900696,nan,0.17914618,0,0,0,0.09712727,0.01539551,0.24670437,0.26104560,0.00290321,1.05292833,0.29049432,-0.04577133,1.04577133,-2.59884423
63200,0.28331119,0.28331119,67,0.99876909,0.28191884,nan,0.04380048,0,0,0,0.10834073,0.01125413,0.16453402,0.16948991,0.08028395,1.35681891,0.31674811,-0.16735209,1.16735209,-4.33920956
63300,0.10231618,0.10231618,198,1.00000000,0.10231618,nan,0.04144817,0,0,0,0.16579561,0.01258615,0.04319130,0.04318263,0.04333881,2.45002699,0.25941908,-0.00026970,1.00026970,-0.49114350
63400,0.34098309,0.34098309,75,0.99944692,0.34022935,nan,0.05063977,0,0,0,0.12078265,0.01685072,1.25619459,1.33002567,0.00106574,1.75357902,0.42061722,0.01976390,0.98023610,0.69310488
63500,0.23899896,0.23899896,240,1.00000000,0.23899896,nan,0.00000000,0,0,0,0.14768131,0.01460822,0.37476158,0.39672744,0.00134179,1.97900605,0.22698791,0.02781275,0.97218725,-0.82358110
63600,0.12348817,0.12348817,119,0.99999321,0.12348482,nan,0.00000000,0,0,0,0.13609844,0.02643767,0.27739015,0.29247117,0.02101361,1.98645318,0.62437415,0.02039738,0.97960262,-1.18369299
63700,0.25196061,0.25196061,78,0.99959027,0.25154791,nan,0.00000000,0,0,0,0.11674290,0.01054884,0.43765444,0.46296489,0.00737609,1.64693415,0.24884865,0.09993217,0.90006783,-2.55177820
63800,0.60602432,0.60602432,49,0.99255342,0.58817371,nan,0.00000000,0,0,0,0.07449581,0.01702000,0.35417438,0.37475923,0.00423177,1.07445812,0.43355066,0.00763718,0.99236282,4.41659820
63900,0.08618069,0.08618069,158,0.99999986,0.08618065,nan,0.17818327,0,0,0,0.08624899,0.01169850,0.13664657,0.14438994,0.00500950,1.02772284,0.13959149,-0.08802219,1.08802219,-5.89964962
64000,1.57908189,1.57908189,162,0.99999991,1.57908131,nan,0.00000000,0,0,0,0.17723759,0.01122027,1.01707125,1.06856441,0.14169019,2.18526840,0.13527726,0.01054171,0.98945829,13.16972446
64100,1.23498678,1.23498678,27,0.93279449,0.93498833,nan,0.10305009,0,0,0,0.09048750,0.02154657,1.57577658,1.66728354,0.02015874,1.20239055,0.62930942,0.04826550,0.95173450,11.88243794
64200,0.64212084,0.64212084,80,0.99966454,0.64125964,nan,0.09778257,0,0,0,0.12706748,0.01140558,1.06553149,1.12690520,0.02217869,1.84195852,0.33737928,0.08791907,0.91208093,0.46035129
64300,0.31308737,0.31308737,31,0.95495080,0.26036916,nan,0.16662089,0,0,0,0.14615099,0.01328243,0.13778925,0.14535215,0.00922002,2.12372112,0.32188269,0.14693940,0.85306060,0.87937395
64400,1.17337561,1.17337561,88,0.99984927,1.17266830,nan,0.14686960,0,0,0,0.15282089,0.03347336,0.71192253,0.74775416,0.10278451,1.66956973,1.11168230,-0.02970643,1.02970643,18.54787040
64500,0.30117801,0.30117801,56,0.99630214,0.29674780,nan,0.81390120,0,0,0,0.40061381,0.02760006,0.48732197,0.50411063,0.20191556,5.65631819,0.52998471,-0.15788063,1.15788063,10.27596855
64600,0.51724964,0.51724964,8,0.55067104,0.04756299,nan,0.86961796,0,0,0,0.36075485,0.03482687,0.67158794,0.68473291,0.44812426,3.63900805,0.54014134,-0.05470148,1.05470148,10.20149946
64700,0.28828204,0.28828204,27,0.93279449,0.21825362,nan,0.91853704,0,0,0,0.54436386,0.02202564,1.12561584,1.18993008,0.03227271,3.96509123,0.69962054,0.06787522,0.93212478,7.86318556
64800,0.88378376,0.88378376,48,0.99177025,0.85504767,nan,0.88117657,0,0,0,0.42305374,0.03048942,0.63104939,0.65788954,0.17476691,2.10998249,0.51851153,0.02745206,0.97254794,12.70923352
64900,0.80102998,0.80102998,11,0.66712892,0.15866745,nan,0.86296263,0,0,0,0.28951922,0.02282210,0.86334294,0.87057352,0.74042165,1.73333800,0.38104662,-0.04390599,1.04390599,8.85510969
65000,0.16221158,0.16221158,104,0.99996957,0.16219184,nan,0.82528685,0,0,0,0.54686099,0.01731748,0.52963096,0.55940723,0.02343412,5.91339874,0.56660438,-0.00321151,1.00321151,10.22281504
65100,0.30395138,0.30395138,58,0.99697245,0.30028715,nan,0.68022580,0,0,0,0.35969722,0.01637282,0.85024381,0.86495489,0.60015553,3.12016988,0.45952353,0.11601479,0.88398521,5.49055004
65200,0.54443604,0.54443604,95,0.99992515,0.54427305,nan,0.57063933,0,0,0,0.29864344,0.02049205,2.60714841,2.74925327,0.19136786,2.61440730,0.59774899,-0.06357207,1.06357207,9.24603701
65300,0.43690199,0.43690199,29,0.94497678,0.34839232,nan,0.43443769,0,0,0,0.24107629,0.01988422,1.02896726,1.08906746,0.00726319,2.05900288,0.49611807,-0.07418209,1.07418209,7.91324353
65400,0.15082519,0.15082519,245,1.00000000,0.15082519,nan,0.38017641,0,0,0,0.31016827,0.01200878,0.48066288,0.50865644,0.00477189,3.25293398,0.28039062,-0.15543200,1.15543200,4.73873663
65500,0.16904524,0.16904524,198,1.00000000,0.16904524,nan,0.14905547,0,0,0,0.19028023,0.01631885,0.26788697,0.28124750,0.04075761,1.49075675,0.26440477,-0.01652852,1.01652852,-0.74929114
65600,0.28989661,0.28989661,121,0.99999444,0.28989016,nan,0.00000000,0,0,0,0.13039470,0.01023678,0.13849247,0.14659274,0.00078793,1.12678099,0.39787331,0.02341869,0.97658131,-1.91951913
65700,0.17527969,0.17527969,148,0.99999963,0.17527943,nan,0.00000000,0,0,0,0.14040753,0.00910776,0.04897020,0.05026126,0.02702222,1.45281434,0.19147444,0.00668587,0.99331413,-1.51254988
65800,0.29624212,0.29624212,34,0.96662673,0.25863185,nan,0.00000000,0,0,0,0.09383645,0.02177643,0.10356019,0.10926908,0.00650903,0.96444160,0.46520525,0.00578928,0.99421072,0.14303619
65900,0.50125307,0.50125307,26,0.92572642,0.36811853,nan,0.00000000,0,0,0,0.08457437,0.03404603,0.72096157,0.76298928,0.00649044,1.71596622,1.15459692,0.11044179,0.88955821,-2.81117189
66000,1.34461224,1.34461224,207,1.00000000,1.34461224,nan,0.00000000,0,0,0,0.17943349,0.00833945,0.92982930,0.95045292,0.57922673,2.60845113,0.20085822,0.05712856,0.94287144,12.50437037
66100,0.46813509,0.46813509,37,0.97527647,0.42352806,nan,0.00000000,0,0,0,0.07665347,0.00790658,0.53288627,0.56343645,0.01353340,0.91751355,0.12876871,-0.08551179,1.08551179,-4.59639001
66200,0.45903561,0.45903561,66,0.99863963,0.45654287,nan,0.03510517,0,0,0,0.10660329,0.01640790,0.26576629,0.27593812,0.09284519,1.46090937,0.38307032,0.10380365,0.89619635,-0.69703833
66300,0.22034478,0.22034478,172,0.99999997,0.22034475,nan,0.00000000,0,0,0,0.18009058,0.01603887,0.27681810,0.29310131,0.00000327,2.72309422,0.35017362,0.07035947,0.92964053,1.96680512
66400,0.73347753,0.73347753,169,0.99999995,0.73347740,nan,0.08668079,0,0,0,0.11175467,0.00896992,1.35502470,1.43213546,0.04414246,1.17302656,0.24807085,0.08385670,0.91614330,0.71563697
66500,0.16083094,0.16083094,90,0.99987659,0.16075157,nan,0.00000000,0,0,0,0.08677283,0.00722183,0.07470074,0.07760555,0.02531887,1.02295041,0.16627854,0.05761600,0.94238400,-6.48515940
66600,0.19756269,0.19756269,132,0.99999815,0.19756123,nan,0.00000000,0,0,0,0.10377210,0.01050568,0.51074165,0.54064405,0.00240050,1.19855142,0.17046347,-0.12247031,1.12247031,-3.55126314
66700,0.98518002,0.98518002,40,0.98168436,0.91496206,nan,0.00000000,0,0,0,0.08680476,0.02102143,0.24845092,0.26302734,0.00065182,0.98452228,0.42571786,-0.02566032,1.02566032,7.05973315
66800,0.39419174,0.39419174,86,0.99981589,0.39390153,nan,0.00000000,0,0,0,0.11105601,0.01060986,0.15532088,0.16000114,0.07575683,1.24574435,0.15417495,-0.10984490,1.10984490,-1.31569223
66900,0.30822125,0.30822125,106,0.99997508,0.30819053,nan,0.00000000,0,0,0,0.09547170,0.01416645,0.22848545,0.24192549,0.00000509,1.52451265,0.27828777,-0.12522099,1.12522099,-3.08329123
67000,0.56361800,0.56361800,93,0.99990858,0.56341192,nan,0.21064821,0,0,0,0.22266814,0.01928560,0.85249221,0.89290506,0.16547331,2.85212564,0.24613708,0.10992105,0.89007895,6.00686169
67100,0.14205238,0.14205238,150,0.99999969,0.14205221,nan,0.09891429,0,0,0,0.14226326,0.01205190,0.29127815,0.30695027,0.02485227,1.63313031,0.28729901,-0.09075050,1.09075050,-1.50616750
67200,0.37586653,0.37586653,18,0.83470111,0.18245578,nan,0.00000000,0,0,0,0.07903005,0.00979625,0.30683383,0.32424301,0.01087771,1.06611025,0.22988456,0.11950737,0.88049263,-5.06935006
67300,0.42445722,0.42445722,93,0.99990858,0.42430202,nan,0.08799302,0,0,0,0.23027918,0.02561869,0.76553005,0.81020570,0.00604370,2.61137843,0.60099196,0.13143648,0.86856352,5.46003008
67400,0.21768312,0.21768312,13,0.72746821,0.06096504,nan,0.04538947,0,0,0,0.12476039,0.01448328,0.30680621,0.32346663,0.02357863,1.35663557,0.27067879,-0.08956823,1.08956823,-2.87789172
67500,0.21800894,0.21800894,28,0.93918994,0.16962428,nan,0.09264920,0,0,0,0.11051090,0.01408795,0.40657485,0.43044814,0.00072826,1.69697392,0.37903485,0.09892021,0.90107979,-2.82593906
67600,0.48381722,0.48381722,92,0.99989896,0.48362171,nan,0.64132884,0,0,0,0.41260952,0.05818491,1.93930686,2.05336666,0.00028711,3.87501049,0.86609238,-0.00554174,1.00554174,9.79852867
67700,1.65626287,1.65626287,35,0.96980262,1.46508450,nan,0.70881166,0,0,0,0.31587213,0.04222359,2.12059522,2.24532628,0.00016918,3.46486688,0.70436400,0.14360456,0.85639544,24.02008883
67800,0.55011106,0.55011106,66,0.99863963,0.54712374,nan,0.75714588,0,0,0,0.43454820,0.02119725,0.50287038,0.51589572,0.28144017,2.93966937,0.24405414,0.16276908,0.83723092,9.55920243
67900,0.61876816,0.61876816,116,0.99999083,0.61874547,nan,0.73585083,0,0,0,0.26573542,0.02158953,0.29273930,0.30017585,0.16631848,1.86700547,0.35164201,0.01666925,0.98333075,7.11038113
68000,0.23092304,0.23092304,148,0.99999963,0.23092270,nan,0.71762765,0,0,0,0.48383173,0.00852465,0.45294523,0.46377236,0.26888499,5.46783972,0.29652002,0.05248717,0.94751283,9.53716469
68100,0.41893223,0.41893223,68,0.99888622,0.41706896,nan,0.58283693,0,0,0,0.27765727,0.01903616,0.53643888,0.56633645,0.02817991,1.83329749,0.27693307,-0.10021867,1.10021867,5.46094096
68200,0.14553167,0.14553167,71,0.99917490,0.14505195,nan,0.32734192,0,0,0,0.17956845,0.01982367,0.14822187,0.15491796,0.03438839,1.01641572,0.22968759,-0.12747455,1.12747455,-3.18007529
68300,1.79334939,1.79334939,22,0.88919684,1.12113150,nan,0.23947549,0,0,0,0.24863535,0.01775975,2.66059017,2.81575584,0.02277212,2.35220456,0.43807453,-0.18789471,1.18789471,18.85423883
68400,0.37083757,0.37083757,5,0.39346934,0.00888848,nan,0.43319475,0,0,0,0.24592397,0.02285799,0.32008216,0.32655641,0.21002010,2.57986736,0.74821347,-0.00592097,1.00592097,4.29426831
68500,0.64955890,0.64955890,88,0.99984927,0.64916735,nan,0.58657360,0,0,0,0.24318355,0.03524875,0.54044747,0.56963187,0.04431192,2.45132494,1.01463640,-0.03494633,1.03494633,9.12676835
68600,0.23971833,0.23971833,17,0.81731648,0.10697007,nan,0.56305783,0,0,0,0.26793960,0.02285226,0.54205537,0.57034433,0.06114386,2.36219740,0.46906164,0.05841312,0.94158688,3.57992244
68700,0.24186073,0.24186073,56,0.99630214,0.23830305,nan,0.55112333,0,0,0,0.31226262,0.01880817,1.61743462,1.71239829,0.00305238,3.01256895,0.46817631,-0.02778602,1.02778602,5.97757610
68800,0.12044254,0.12044254,67,0.99876909,0.11985062,nan,0.47411529,0,0,0,0.30285966,0.01305506,0.40336385,0.42654526,0.00928007,2.58379960,0.23879780,-0.04783503,1.04783503,3.34631648
68900,0.20567665,0.20567665,166,0.99999994,0.20567659,nan,0.42670439,0,0,0,0.25824729,0.01731458,0.37178633,0.39308137,0.00977062,2.45217609,0.46815237,-0.10001004,1.10001004,3.94328165
69000,0.46290943,0.46290943,339,1.00000000,0.46290943,nan,0.40360988,0,0,0,0.40973780,0.01404383,0.31357098,0.29435751,0.64020020,4.23438454,0.34572214,0.02718772,0.97281228,9.41414833
69100,0.26605213,0.26605213,14,0.75340304,0.08571882,nan,0.35403043,0,0,0,0.24446076,0.01112156,0.26650703,0.27127755,0.18540804,2.48056889,0.16795996,-0.09269018,1.09269018,3.92416084
69200,0.53033137,0.53033137,102,0.99996283,0.53025253,nan,0.10512651,0,0,0,0.19290945,0.00801961,0.53508580,0.56331575,0.05517703,1.80724502,0.12954503,0.13103974,0.86896026,3.36376119
69300,1.24619269,1.24619269,45,0.98889100,1.19173283,nan,0.00000000,0,0,0,0.14466245,0.01427690,0.41493621,0.43356070,0.09831969,1.39232016,0.32146752,0.10646834,0.89353166,11.22642422
69400,0.77281493,0.77281493,49,0.99255342,0.75005146,nan,0.00000000,0,0,0,0.13721217,0.02062237,0.66604513,0.70309997,0.03611235,1.52657700,0.50530529,0.00216118,0.99783882,3.54507029
69500,0.32705709,0.32705709,159,0.99999988,0.32705693,nan,0.00000000,0,0,0,0.14825425,0.01084015,0.44373482,0.46974206,0.00161205,1.45193815,0.08850550,-0.00312491,1.00312491,nan
69600,0.90106213,0.90106213,127,0.99999695,0.90105113,nan,0.00000000,0,0,0,0.08922396,0.01440730,0.09671953,0.10136197,0.01779806,1.03013122,0.39978966,0.02360997,0.97639003,2.36137617
69700,0.22234657,0.22234657,193,1.00000000,0.22234657,nan,0.00000000,0,0,0,0.13285619,0.01894358,0.28552112,0.30085069,0.02491770,2.41678977,0.77994019,-0.02254888,1.02254888,-1.10451452
69800,0.35213244,0.35213244,135,0.99999863,0.35213051,nan,0.00000000,0,0,0,0.12047672,0.01541945,0.20098895,0.20669809,0.10393329,1.91415918,0.30200255,0.10659292,0.89340708,-0.16006219
69900,0.17054802,0.17054802,106,0.99997508,0.17053102,nan,0.00000000,0,0,0,0.12560366,0.01496058,0.38333166,0.40580297,0.00131969,1.99609041,0.70885444,0.08260776,0.91739224,-1.95692900
70000,0.83993071,0.83993071,245,1.00000000,0.83993071,nan,0.00000000,0,0,0,0.15418874,0.01835897,0.36225671,0.36899275,0.24774413,2.06354618,0.38948616,0.00153908,0.99846092,6.08507490
70100,0.21211237,0.21211237,110,0.99998330,0.21209820,nan,0.00000000,0,0,0,0.10456447,0.01338589,0.30441111,0.32177100,0.00929329,1.99866152,0.68943661,0.07812757,0.92187243,-5.46926991
70200,1.67353797,1.67353797,163,0.99999992,1.67353741,nan,0.00000000,0,0,0,0.09981748,0.01520926,1.79792917,1.90136540,0.03951415,1.11849999,0.19146957,0.08260063,0.91739937,10.64923191
70300,0.18410386,0.18410386,174,0.99999997,0.18410384,nan,0.00000000,0,0,0,0.11750693,0.01198146,0.13831717,0.14593445,0.00882368,1.72486889,0.35798258,-0.11225344,1.11225344,-3.45857763
70400,0.26130870,0.26130870,30,0.95021293,0.21302845,nan,0.00000000,0,0,0,0.09570477,0.00742981,0.14003985,0.14697970,0.02206207,1.04255950,0.12640415,0.15397147,0.84602853,-6.23848248
70500,1.06974483,1.06974483,27,0.93279449,0.80988635,nan,0.00000000,0,0,0,0.07673518,0.02686885,0.91630292,0.96220040,0.13604578,1.09478438,0.47913128,-0.07058643,1.07058643,10.94145711
70600,0.42059168,0.42059168,86,0.99981589,0.42028203,nan,0.00000000,0,0,0,0.10159536,0.02335655,0.36356938,0.37669277,0.14047144,1.28204918,0.54366696,-0.07698065,1.07698065,0.30735755
70700,0.24735962,0.24735962,51,0.99390325,0.24138221,nan,0.21570164,0,0,0,0.23504560,0.01296913,0.53712183,0.56869632,0.00035610,3.05563736,0.21104813,0.15662532,0.84337468,4.00096023
70800,0.69834059,0.69834059,24,0.90928205,0.47737729,nan,0.07746134,0,0,0,0.09100541,0.01272010,0.62558830,0.65278661,0.16321738,0.91745919,0.26937318,0.05788319,0.94211681,-0.87188569
70900,1.33127642,1.33127642,16,0.79810348,0.54013841,nan,0.01132769,0,0,0,0.07121892,0.01453940,1.77403021,1.87803781,0.00590290,1.02933824,0.32066154,0.18264122,0.81735878,10.54801750
71000,0.16744921,0.16744921,289,1.00000000,0.16744921,nan,0.00657763,0,0,0,0.27539074,0.01071075,0.19274412,0.20130730,0.04717032,4.01422310,0.22896202,0.15544412,0.84455588,4.86843387
71100,1.23339725,1.23339725,122,0.99999497,1.23337243,nan,0.24801065,0,0,0,0.27797401,0.04209511,1.22311068,1.29476750,0.00494433,3.64177966,1.46101046,0.20291558,0.79708442,16.13826442
71200,0.18244065,0.18244065,133,0.99999833,0.18243943,nan,0.33729477,0,0,0,0.31037179,0.02067555,0.72331369,0.76585948,0.00003488,2.92664552,0.27480111,0.03704435,0.96295565,4.64722192
71300,0.53563070,0.53563070,100,0.99995460,0.53553344,nan,0.27748100,0,0,0,0.27819341,0.03232834,0.71316302,0.74785763,0.12335391,1.73072028,0.51459664,-0.03038158,1.03038158,9.66630733
71400,0.20953824,0.20953824,98,0.99994455,0.20949176,nan,0.20805551,0,0,0,0.23694028,0.01924443,0.25437370,0.26433384,0.08505133,1.93828118,0.54620689,-0.01545913,1.01545913,1.29829141
71500,0.76139140,0.76139140,105,0.99997246,0.76130754,nan,0.18729865,0,0,0,0.29718521,0.02753528,0.54001707,0.51077580,1.03711951,1.91167092,0.63204581,0.14988125,0.85011875,8.29289589
71600,0.20030855,0.20030855,187,0.99999999,0.20030854,nan,0.09730889,0,0,0,0.27125183,0.02762589,0.20740430,0.21761036,0.03390118,1.85809219,0.48695809,0.02140402,0.97859598,1.22445509
71700,0.29601464,0.29601464,123,0.99999545,0.29600925,nan,0.00000000,0,0,0,0.26610672,0.02686798,0.35597208,0.37348384,0.05827255,1.40260482,0.45234278,0.07015627,0.92984373,2.14018384
71800,0.38772359,0.38772359,7,0.50341470,0.02490152,nan,0.00000000,0,0,0,0.21418169,0.02821629,0.48553479,0.51194668,0.03653277,1.33835518,0.75484383,0.04528202,0.95471798,7.20017464
71900,0.69267249,0.69267249,156,0.99999983,0.69267203,nan,0.00000000,0,0,0,0.23930547,0.02910526,0.48139212,0.50963557,0.00125248,1.49251330,0.58178341,0.01301720,0.98698280,9.04966211
72000,0.94133663,0.94133663,234,1.00000000,0.94133663,nan,0.00000000,0,0,0,0.42150804,0.01331713,4.02708960,4.22203493,0.71301258,4.39636040,0.24382122,0.09098833,0.90901167,14.48326588
72100,0.11484277,0.11484277,85,0.99979653,0.11474933,nan,0.00000000,0,0,0,0.21523418,0.01239725,0.56634116,0.59540635,0.07223352,2.17926693,0.22231092,-0.03381578,1.03381578,0.57016182
72200,0.16581511,0.16581511,88,0.99984927,0.16571516,nan,0.00000000,0,0,0,0.23298615,0.01832729,0.29411104,0.30432460,0.12048028,2.22241688,0.29987368,-0.05562877,1.05562877,1.42262089
72300,0.63789672,0.63789672,103,0.99996637,0.63781090,nan,0.00000000,0,0,0,0.14084522,0.01468502,0.30820405,0.32101682,0.09038731,1.20063019,0.20905420,-0.22032746,1.22032746,1.75823998
72400,0.31253710,0.31253710,187,0.99999999,0.31253709,nan,0.00000000,0,0,0,0.14181530,0.01575973,0.33763039,0.35710511,0.00656064,1.29830754,0.42762202,0.05773745,0.94226255,-0.20231659
72500,0.21417271,0.21417271,58,0.99697245,0.21159078,nan,0.00000000,0,0,0,0.12687021,0.01436286,0.07919858,0.08302969,0.01406975,1.11480010,0.32987565,0.12359908,0.87640092,-4.17299187
72600,0.51988113,0.51988113,21,0.87754357,0.30830375,nan,0.00000000,0,0,0,0.08825282,0.01573699,0.23002563,0.24339025,0.00282701,0.95328587,0.44455284,-0.07830139,1.07830139,1.22160339
72700,0.41999564,0.41999564,224,1.00000000,0.41999564,nan,0.00000000,0,0,0,0.15070131,0.01282164,0.97118843,1.02462280,0.06280433,1.87139487,0.16656843,0.12536476,0.87463524,1.77869499
72800,0.32144225,0.32144225,196,1.00000000,0.32144224,nan,0.00000000,0,0,0,0.11454865,0.01058878,0.23648408,0.24707188,0.05649134,1.31871438,0.34672907,-0.05758214,1.05758214,-2.54224944
72900,0.35596883,0.35596883,209,1.00000000,0.35596883,nan,0.00000000,0,0,0,0.09909526,0.01228765,0.80250084,0.84880376,0.01535093,1.28129447,0.26070035,0.04664107,0.95335893,-3.97834653
73000,0.79206121,0.79206121,145,0.99999950,0.79205961,nan,0.00000000,0,0,0,0.19034979,0.01536092,0.36394259,0.36089638,0.41572839,2.47646427,0.40834317,0.12629474,0.87370526,7.37543503
73100,0.95583892,0.95583892,26,0.92572642,0.70196482,nan,0.03643143,0,0,0,0.15003221,0.02324887,3.73402357,3.95323634,0.00740819,2.15727282,0.51791543,-0.11373488,1.11373488,6.53330421
73200,0.32963857,0.32963857,16,0.79810348,0.13374417,nan,0.01630211,0,0,0,0.13066110,0.01442114,1.39821804,1.47969854,0.01304996,1.86331809,0.25542381,-0.03357766,1.03357766,-1.58377482
73300,0.87269408,0.87269408,0,0.00000000,0.00000000,nan,0.00000000,0,0,0,0.12692568,0.02019034,0.59511131,0.62393242,0.10515309,1.23211694,0.43426853,0.01898704,0.98101296,4.59969878
73400,0.68676317,0.68676317,83,0.99975148,0.68608073,nan,0.00861217,0,0,0,0.17143972,0.03471749,0.40329468,0.39260894,0.58495224,1.62481833,0.55410028,0.07599757,0.92400243,8.25305732
73500,0.12745814,0.12745814,30,0.95021293,0.10390856,nan,0.05720160,0,0,0,0.12318674,0.01019387,0.07852479,0.08256779,0.00979377,1.34027290,0.20551132,-0.13521145,1.13521145,-3.51353579
73600,0.29385722,0.29385722,51,0.99390325,0.28675620,nan,0.16278841,0,0,0,0.23692618,0.01374474,0.94918126,0.99934208,0.09644628,3.44241047,0.50343841,0.23555347,0.76444653,5.04382229
73700,0.53119200,0.53119200,116,0.99999083,0.53117253,nan,0.11688940,0,0,0,0.19607623,0.01771396,1.30240595,1.37657559,0.04152330,2.20542359,0.32557854,-0.03737168,1.03737168,4.70225159
73800,0.41916740,0.41916740,136,0.99999876,0.41916532,nan,0.04213858,0,0,0,0.14460474,0.01595343,1.05095088,1.11097980,0.03046111,1.58290732,0.29292408,0.16279622,0.83720378,nan
73900,0.48538494,0.48538494,142,0.99999932,0.48538362,nan,0.00000000,0,0,0,0.09197470,0.01026012,0.47230053,0.49755096,0.04304234,0.86516351,0.24470796,0.11782404,0.88217596,-2.12819260
74000,0.28781986,0.28781986,254,1.00000000,0.28781986,nan,0.00000000,0,0,0,0.24781066,0.01499765,0.35768926,0.37478989,0.06697930,2.82872462,0.23991892,0.03840310,0.96159690,4.47301650
74100,0.65529788,0.65529788,63,0.99816370,0.65049781,nan,0.02621531,0,0,0,0.09244040,0.01396729,0.20128870,0.20608291,0.11978717,0.95791650,0.31854406,0.02806365,0.97193635,-0.85401016
74200,0.27012584,0.27012584,62,0.99797057,0.26793970,nan,0.00000000,0,0,0,0.09855767,0.00869667,0.56315970,0.59577882,0.00863434,1.18899453,0.16008420,0.07703686,0.92296314,-3.35065246
74300,0.78575873,0.78575873,129,0.99999750,0.78575088,nan,0.00000000,0,0,0,0.12948656,0.01181489,0.26480410,0.27405718,0.10750158,1.52523816,0.19713323,-0.14612991,1.14612991,3.24214993
74400,0.88457090,0.88457090,171,0.99999996,0.88457076,nan,0.00000000,0,0,0,0.07450273,0.01899615,2.29225063,2.42200732,0.08638759,0.96683335,0.35607696,0.03124183,0.96875817,3.53959894
74500,0.08134025,0.08134025,140,0.99999917,0.08133998,nan,0.00000000,0,0,0,0.07279640,0.00750329,0.05670343,0.05967740,0.00614590,0.77587694,0.12367458,-0.02014391,1.02014391,-9.46074629
74600,0.20467134,0.20467134,224,1.00000000,0.20467134,nan,0.00000000,0,0,0,0.11290523,0.00929718,0.22408216,0.23652977,0.01247275,1.57786810,0.27518436,-0.07489360,1.07489360,-3.39781451
74700,0.35714516,0.35714516,208,1.00000000,0.35714516,nan,0.00000000,0,0,0,0.09759292,0.00960400,0.09985518,0.10192355,0.06469291,1.01807272,0.15218963,-0.07398215,1.07398215,-3.42542291
74800,0.08396860,0.08396860,147,0.99999959,0.08396846,nan,0.00000000,0,0,0,0.08978294,0.01034239,0.15915830,0.16826847,0.00428543,1.33126032,0.22475570,-0.09024924,1.09024924,-6.82981014
74900,0.26499379,0.26499379,284,1.00000000,0.26499379,nan,0.00000000,0,0,0,0.10891177,0.01312402,0.18455926,0.19539553,0.00034273,1.38239050,0.22808777,0.03422352,0.96577648,-2.65323510
75000,0.40434948,0.40434948,205,1.00000000,0.40434947,nan,0.00000000,0,0,0,0.21287213,0.01713923,0.66666311,0.69728041,0.14616930,2.77245069,0.28019255,0.11406166,0.88593834,4.96903912
75100,0.36956266,0.36956266,229,1.00000000,0.36956266,nan,0.00000000,0,0,0,0.07382995,0.00596576,0.19991863,0.21145980,0.00371868,0.95697051,0.11479383,-0.06685379,1.06685379,-6.37805478
75200,0.52086967,0.52086967,350,1.00000000,0.52086967,nan,0.00000000,0,0,0,0.09527371,0.01549459,0.93053269,0.98483163,0.00744980,1.33865654,0.52896935,0.11012182,0.88987818,0.11638765
75300,0.73453784,0.73453784,57,0.99665403,0.72475612,nan,0.04464941,0,0,0,0.10453386,0.03224317,0.69011003,0.72269571,0.13615459,1.16071951,0.48292848,-0.09902652,1.09902652,8.72595727
75400,0.13993192,0.13993192,122,0.99999497,0.13992910,nan,0.00000000,0,0,0,0.13715388,0.01175513,0.17356525,0.18252140,0.02131065,1.79061043,0.18804392,0.22786625,0.77213375,-0.93488204
75500,0.56596631,0.56596631,23,0.89974116,0.37090349,nan,0.00000000,0,0,0,0.10718423,0.02471462,0.73247594,0.77397716,0.02695433,1.21754980,0.48061222,-0.06281213,1.06281213,-1.22753795
75600,0.65757674,0.65757674,84,0.99977513,0.65698547,nan,0.00000000,0,0,0,0.08139571,0.01112840,0.25719145,0.26993391,0.04056983,0.78496236,0.31232384,-0.10473636,1.10473636,-1.41945684
75700,0.15227003,0.15227003,151,0.99999972,0.15226987,nan,0.00000000,0,0,0,0.07639357,0.01498084,0.03291425,0.03473354,0.00198640,0.98982006,0.26417285,-0.05927211,1.05927211,-6.25748014
75800,0.31523359,0.31523359,152,0.99999975,0.31523327,nan,0.00000000,0,0,0,0.07829535,0.00765684,0.57952553,0.61213636,0.02514000,1.13638902,0.17569688,-0.10729229,1.10729229,-5.01336622
75900,1.24390161,1.24390161,28,0.93918994,0.96783150,nan,0.00000000,0,0,0,0.05121426,0.00990535,0.89016467,0.94247234,0.00093434,0.80578476,0.26557577,-0.13802868,1.13802868,6.54380735
76000,0.84536213,0.84536213,162,0.99999991,0.84536182,nan,0.00000000,0,0,0,0.16551061,0.01518290,1.48369730,1.56561792,0.09104339,2.02439594,0.37718663,0.10142755,0.89857245,6.59442902
76100,0.21846640,0.21846640,94,0.99991728,0.21839412,nan,0.00000000,0,0,0,0.08838579,0.01199217,0.16319194,0.17162852,0.01977015,1.21840048,0.20732734,0.03460605,0.96539395,-4.70901696
76200,0.19986935,0.19986935,194,1.00000000,0.19986935,nan,0.20427275,0,0,0,0.14484471,0.01459926,1.04780662,1.10918152,0.00443285,2.52827644,0.41424862,-0.01106222,1.01106222,0.55497654
76300,0.16748117,0.16748117,224,1.00000000,0.16748117,nan,0.00000000,0,0,0,0.12988412,0.00877940,0.12739776,0.13294846,0.03303603,2.08009982,0.13734387,0.01337849,0.98662151,-1.44938335
76400,0.46356472,0.46356472,79,0.99962926,0.46287765,nan,0.00000000,0,0,0,0.09078395,0.00952740,0.58874071,0.62336206,0.00017698,1.15231156,0.28806943,0.06343905,0.93656095,-1.72679576
76500,0.18629272,0.18629272,125,0.99999627,0.18628995,nan,0.00000000,0,0,0,0.12972219,0.01733482,0.44232696,0.46824634,0.00169800,1.92496657,0.35978186,0.00572100,0.99427900,-1.38675165
76600,1.16511810,1.16511810,192,1.00000000,1.16511808,nan,0.03726561,0,0,0,0.15431255,0.01909052,1.00288963,1.06116438,0.01221827,1.88437057,0.70918876,0.08358825,0.91641175,9.92659060
76700,0.38872719,0.38872719,130,0.99999774,0.38872367,nan,0.08206825,0,0,0,0.23181741,0.01977433,1.25282824,1.32565784,0.01472591,2.56592202,0.37538126,0.09632060,0.90367940,4.42154560
76800,0.46412817,0.46412817,117,0.99999171,0.46411277,nan,0.00000000,0,0,0,0.07106009,0.01305365,0.28038645,0.29373255,0.05350281,0.88302433,0.38015118,-0.09384196,1.09384196,-1.54740842
76900,0.61507595,0.61507595,46,0.98994816,0.59071577,nan,0.00000000,0,0,0,0.10776876,0.01964159,0.26101229,0.27621585,0.00255139,1.11087179,0.45410410,-0.11581316,1.11581316,2.23625684
77000,0.10261949,0.10261949,259,1.00000000,0.10261949,nan,0.00000000,0,0,0,0.27584305,0.01574042,0.46446583,0.49166843,0.00202171,3.87533522,0.32016569,0.16668688,0.83331312,4.30056584
77100,0.35109782,0.35109782,73,0.99932446,0.35015006,nan,0.04803521,0,0,0,0.09432084,0.01700976,0.16599618,0.17494109,0.01393296,1.33096778,0.34367788,0.05469065,0.94530935,-2.53448290
77200,0.48704135,0.48704135,46,0.98994816,0.46775200,nan,0.00000000,0,0,0,0.09405963,0.01116446,0.51232201,0.54244548,0.00022389,1.04813147,0.16291431,-0.13537665,1.13537665,-3.45719767
77300,0.85729200,0.85729200,172,0.99999997,0.85729188,nan,0.00000000,0,0,0,0.07635494,0.01306015,0.30229253,0.31835681,0.02919962,0.95461166,0.30232623,0.11649884,0.88350116,0.33708751
77400,0.42913595,0.42913595,17,0.81731648,0.19149433,nan,0.00000000,0,0,0,0.05801590,0.01425086,0.92222774,0.97639018,0.00146755,0.93323296,0.35994351,-0.08411958,1.08411958,2.49911034
77500,0.78765059,0.78765059,213,1.00000000,0.78765058,nan,0.00000000,0,0,0,0.06842539,0.01751629,0.20287804,0.21064964,0.07076084,0.82922673,0.38379252,0.02609355,0.97390645,-3.06571929
77600,0.84320426,0.84320426,83,0.99975148,0.84236637,nan,0.00000000,0,0,0,0.08174127,0.01199927,3.04076147,3.21956563,0.00108828,1.34667885,0.22149655,-0.08114819,1.08114819,4.13448721
77700,0.21441878,0.21441878,97,0.99993872,0.21436623,nan,0.00000000,0,0,0,0.08410287,0.01318300,0.38168064,0.40313888,0.01689011,1.44667840,0.38023561,-0.03584713,1.03584713,-2.33951426
77800,0.70019472,0.70019472,171,0.99999996,0.70019461,nan,0.00000000,0,0,0,0.10226052,0.01612896,0.54838359,0.58062017,0.00036297,1.23189938,0.37522689,0.00191069,0.99808931,2.64854256
77900,0.34841347,0.34841347,261,1.00000000,0.34841347,nan,0.00000000,0,0,0,0.07034162,0.01206791,0.21733627,0.22866057,0.02482305,0.79547036,0.21416275,0.14002131,0.85997869,-4.91306949
78000,1.20556509,1.20556509,272,1.00000000,1.20556509,nan,0.00000000,0,0,0,0.16932687,0.01159214,0.97561765,1.01765358,0.26100603,1.70651138,0.12654047,0.12185778,0.87814222,9.30960000
78100,0.31192684,0.31192684,159,0.99999988,0.31192669,nan,0.04208910,0,0,0,0.14067589,0.01602282,0.42361063,0.44852647,0.00004143,1.21031618,0.23197913,0.01026268,0.98973732,-0.88766772
78200,0.24431093,0.24431093,99,0.99994983,0.24426190,nan,0.00000000,0,0,0,0.06692550,0.01159834,0.23255785,0.24623114,0.00011221,0.88465554,0.16957428,-0.05360464,1.05360464,-6.09673119
78300,0.69986057,0.69986057,179,0.99999998,0.69986053,nan,0.00000000,0,0,0,0.08758005,0.01509469,0.27804372,0.29418728,0.00360357,0.72014928,0.18631925,0.07360434,0.92639566,-0.25109031
78400,0.39208174,0.39208174,144,0.99999944,0.39208086,nan,0.03346105,0,0,0,0.06471530,0.00999649,0.12818354,0.13190456,0.06492627,0.77590781,0.21544638,0.09432956,0.90567044,-5.17811012
78500,0.15338071,0.15338071,73,0.99932446,0.15296667,nan,0.00000000,0,0,0,0.06202492,0.01002682,0.10368649,0.10921628,0.00968010,0.85230786,0.24149916,-0.05310449,1.05310449,-7.72185445
78600,0.12813146,0.12813146,37,0.97527647,0.11592224,nan,0.00000000,0,0,0,0.08254539,0.02128064,0.08541524,0.09019478,0.00416296,0.91004825,0.39981830,-0.00021605,1.00021605,-4.81914632
78700,0.40307400,0.40307400,31,0.95495080,0.33520367,nan,0.00000000,0,0,0,0.10396879,0.01696145,0.27045381,0.28609860,0.00449247,1.67674029,0.54568672,-0.14996821,1.14996821,2.33121006
78800,0.40198535,0.40198535,109,0.99998154,0.40195567,nan,0.00000000,0,0,0,0.11516677,0.02350919,0.23041691,0.24058215,0.05760770,1.50513875,0.36886984,0.02367613,0.97632387,0.23630985
78900,0.34978354,0.34978354,244,1.00000000,0.34978354,nan,0.00000000,0,0,0,0.05340463,0.01796851,0.11679953,0.12142178,0.03822100,0.58798081,0.20334744,0.01821739,0.98178261,-4.84673965
79000,0.17482290,0.17482290,241,1.00000000,0.17482290,nan,0.00000000,0,0,0,0.22713131,0.01226833,0.32704666,0.34614766,0.00232917,2.74626064,0.30402389,0.01639142,0.98360858,2.64894581
79100,1.13157439,1.13157439,73,0.99932446,1.12851980,nan,0.05857797,0,0,0,0.09725375,0.02528051,1.15675545,1.22266948,0.03621790,1.39573646,0.48093468,-0.07230685,1.07230685,10.48345852
79200,0.45599446,0.45599446,143,0.99999938,0.45599333,nan,0.00000000,0,0,0,0.08467751,0.00830552,1.28199971,1.35730553,0.00180128,1.39482296,0.12650125,-0.12856126,1.12856126,-4.50848413
79300,0.57196730,0.57196730,296,1.00000000,0.57196730,nan,0.00000000,0,0,0,0.07489618,0.01198424,0.43495956,0.45975915,0.01336679,0.81956416,0.25390145,0.02401315,0.97598685,-4.33674582
79400,0.76877332,0.76877332,61,0.99775713,0.76189946,nan,0.00000000,0,0,0,0.06291456,0.01458474,0.38302034,0.40478745,0.01297932,0.57665986,0.11472856,-0.02403776,1.02403776,-0.73896027
79500,0.53338695,0.53338695,39,0.97975809,0.49149354,nan,0.33352424,0,0,0,0.15120393,0.03339948,0.67405057,0.70553106,0.13888218,1.95290375,0.70282418,0.12270969,0.87729031,3.47234766
79600,1.23040795,1.23040795,6,0.45118836,0.05098949,nan,0.53876466,0,0,0,0.28926057,0.06226744,1.08970606,1.15226984,0.02612192,2.04455233,1.24677324,-0.03965840,1.03965840,28.71421361
79700,0.23414962,0.23414962,6,0.45118836,0.00970342,nan,0.60163127,0,0,0,0.64894074,0.02724204,0.62089974,0.65522158,0.03742743,3.34634614,0.40418297,-0.05765165,1.05765165,8.15047216
79800,0.32315683,0.32315683,310,1.00000000,0.32315683,nan,0.52137148,0,0,0,0.40631056,0.02138533,0.41429603,0.42515081,0.22976463,2.89166307,0.36222997,0.22865943,0.77134057,6.54192686
79900,0.46044710,0.46044710,50,0.99326205,0.44816209,nan,0.47267215,0,0,0,0.37352192,0.03162083,0.39221793,0.39864543,0.28295076,1.84078574,0.65443039,-0.03506405,1.03506405,5.51928723
80000,0.21864028,0.21864028,320,1.00000000,0.21864028,nan,0.51242675,0,0,0,0.52150577,0.02674966,0.45051894,0.46289223,0.24017341,4.34289980,0.43930897,0.11106373,0.88893627,8.53292322
80100,0.35365999,0.35365999,27,0.93279449,0.26775020,nan,0.35966401,0,0,0,0.20093057,0.01524994,0.19627506,0.20782045,0.00000346,1.13913107,0.33364603,0.02843284,0.97156716,0.48131549
80200,0.49059424,0.49059424,75,0.99944692,0.48950978,nan,0.18358349,0,0,0,0.19425797,0.01476137,2.96862888,3.14323950,0.00024824,1.60487580,0.23362657,0.11259280,0.88740720,1.61229777
80300,0.32751799,0.32751799,172,0.99999997,0.32751794,nan,0.00000000,0,0,0,0.20833629,0.01002888,3.43499327,3.63660908,0.00752734,2.46631193,0.25592679,-0.01997234,1.01997234,1.00253701
80400,0.21301848,0.21301848,100,0.99995460,0.21297980,nan,0.00000000,0,0,0,0.07634381,0.00987598,0.06601410,0.06989679,0.00000831,0.63324809,0.21684763,-0.16294600,1.16294600,-7.26730967
80500,0.57445192,0.57445192,106,0.99997508,0.57439467,nan,0.00000000,0,0,0,0.11184289,0.00603776,0.05331062,0.05436701,0.03535199,1.27924132,0.17336255,-0.07214083,1.07214083,-1.61181474
80600,0.25180313,0.25180313,45,0.98889100,0.24079908,nan,0.00000000,0,0,0,0.15228581,0.01666827,0.33871153,0.35644308,0.03727545,1.84883475,0.31922784,0.13914081,0.86085919,-0.18748374
80700,0.57893062,0.57893062,68,0.99888622,0.57635573,nan,0.07239365,0,0,0,0.15111169,0.01384435,1.08579111,1.14311886,0.11121638,1.65643311,0.33518445,0.20846493,0.79153507,2.96281177
80800,0.66329551,0.66329551,148,0.99999963,0.66329452,nan,0.00000000,0,0,0,0.12228433,0.01616801,0.27168423,0.28356373,0.06973295,1.41825271,0.34044901,0.01492739,0.98507261,1.84690928
80900,0.36397231,0.36397231,154,0.99999979,0.36397201,nan,0.00000000,0,0,0,0.05469040,0.01097727,0.13871400,0.14404380,0.04810709,0.54754925,0.21907185,0.05926035,0.94073965,-6.08713770
81000,0.08132210,0.08132210,261,1.00000000,0.08132210,nan,0.00000000,0,0,0,0.20442587,0.01449019,0.10346732,0.10953806,0.00026477,2.26341534,0.26529872,-0.01157690,1.01157690,0.95159300
81100,0.16178615,0.16178615,351,1.00000000,0.16178615,nan,0.00000000,0,0,0,0.10895390,0.00493210,0.36256945,0.38300830,0.01510881,1.64185441,0.09925117,0.01794651,0.98205349,-4.42543399
81200,0.17000711,0.17000711,131,0.99999795,0.17000572,nan,0.00000000,0,0,0,0.09062567,0.01359492,0.17690855,0.18731491,0.00000012,1.07558846,0.33580282,-0.06551043,1.06551043,-6.00056235
81300,0.08344865,0.08344865,266,1.00000000,0.08344865,nan,0.13349896,0,0,0,0.22256926,0.00692724,0.55416346,0.58597815,0.01331324,3.53478742,0.09532824,0.06154880,0.93845120,2.21749932
81400,0.43174395,0.43174395,319,1.00000000,0.43174395,nan,0.00000000,0,0,0,0.10511941,0.01250128,0.21386820,0.22626464,0.00312862,1.42814672,0.27371800,0.03320613,0.96679387,-1.20952994
81500,0.35934150,0.35934150,153,0.99999977,0.35934118,nan,0.00000000,0,0,0,0.17992502,0.01209184,0.12283690,0.12987928,0.00311648,1.96277559,0.33279371,-0.07674696,1.07674696,1.55827200
81600,0.22087666,0.22087666,222,1.00000000,0.22087666,nan,0.00000000,0,0,0,0.08496814,0.00412743,1.06225133,1.12468243,0.00092204,1.31567860,0.04608801,-0.05164759,1.05164759,-6.04076449
81700,2.19329929,2.19329929,88,0.99984927,2.19197718,nan,0.00000000,0,0,0,0.05045884,0.01005663,0.12828109,0.13526653,0.00952885,0.82475185,0.20472771,-0.15757537,1.15757537,17.16111779
81800,0.44509184,0.44509184,80,0.99966454,0.44449490,nan,0.00000000,0,0,0,0.09298471,0.01572663,0.30638486,0.32332349,0.01842769,1.24196434,0.19642621,-0.13384391,1.13384391,-3.79983371
81900,1.56826115,1.56826115,232,1.00000000,1.56826115,nan,0.00000000,0,0,0,0.05536287,0.01722095,2.06885910,2.19001937,0.00913682,0.75882679,0.27128193,-0.16760121,1.16760121,10.26983611
82000,0.70726126,0.70726126,404,1.00000000,0.70726126,nan,0.00000000,0,0,0,0.16488561,0.01292714,1.53083837,1.61878371,0.03576772,1.66792369,0.18654738,-0.09502358,1.09502358,3.83806992
82100,0.35676754,0.35676754,163,0.99999992,0.35676742,nan,0.11423690,0,0,0,0.11184634,0.01154037,0.91318893,0.96572798,0.02002549,1.67605066,0.22756553,0.08373282,0.91626718,nan
82200,0.42522976,0.42522976,134,0.99999848,0.42522718,nan,0.00000000,0,0,0,0.08373348,0.01308784,0.69064927,0.73096579,0.00526791,1.10957503,0.22075123,0.14626546,0.85373454,-3.02096556
82300,0.06589548,0.06589548,184,0.99999999,0.06589548,nan,0.20612476,0,0,0,0.16084546,0.00974641,0.09792337,0.10368355,0.00000021,1.99020469,0.16283612,0.07525306,0.92474694,-1.33169922
82400,1.50413251,1.50413251,130,0.99999774,1.50411891,nan,0.00000000,0,0,0,0.09783957,0.00895203,0.76413608,0.80821365,0.01481813,0.85921860,0.15063623,-0.08025450,1.08025450,8.94921434
82500,0.74702358,0.74702358,215,1.00000000,0.74702358,nan,0.00000000,0,0,0,0.15176529,0.01686947,0.39417705,0.41068485,0.11354406,1.30642426,0.35080779,0.08659408,0.91340592,5.71282589
82600,0.40841594,0.40841594,95,0.99992515,0.40829367,nan,0.00000000,0,0,0,0.11607695,0.00787303,0.58750796,0.62171340,0.00601495,1.65942550,0.12383294,0.19032293,0.80967707,-2.83555955
82700,0.13589281,0.13589281,76,0.99949955,0.13562098,nan,0.00000000,0,0,0,0.04635730,0.00967966,0.05304697,0.05614065,0.00045426,0.66663194,0.16998816,-0.02119750,1.02119750,-7.90966558
82800,2.21046782,2.21046782,169,0.99999995,2.21046741,nan,0.00000000,0,0,0,0.06964496,0.00942159,0.28072038,0.29301414,0.07172698,0.73250091,0.14147094,-0.05572135,1.05572135,9.90294266
82900,0.25047261,0.25047261,36,0.97267628,0.22419893,nan,0.00000000,0,0,0,0.04725830,0.01110073,0.09374646,0.09882814,0.00735803,0.39614418,0.14473774,0.04383292,0.95616708,-9.38592386
83000,0.26592854,0.26592854,241,1.00000000,0.26592854,nan,0.00000000,0,0,0,0.14406627,0.01420433,0.25797737,0.27289811,0.00432480,1.66018271,0.25331628,-0.09156039,1.09156039,-0.56689167
83100,1.71044838,1.71044838,95,0.99992515,1.70993632,nan,0.17533299,0,0,0,0.10264165,0.01066199,1.74417937,1.84307361,0.06297889,1.00422060,0.18286817,-0.16581298,1.16581298,10.04301758
83200,1.42955077,1.42955077,126,0.99999663,1.42953149,nan,0.52996252,0,0,0,0.32003489,0.05999452,1.08537650,1.09182835,0.97569621,1.94215310,0.73004830,0.09331270,0.90668730,23.53824043
83300,0.51335996,0.51335996,116,0.99999083,0.51334114,nan,0.58422829,0,0,0,0.35531518,0.04086077,0.43109381,0.42829442,0.47868365,1.89629793,0.58534527,0.01295984,0.98704016,7.55453575
83400,0.31144047,0.31144047,72,0.99925341,0.31051144,nan,0.55198562,0,0,0,0.38399410,0.02669425,1.10347188,1.16780472,0.00981314,3.11660361,0.42935953,-0.10456237,1.10456237,7.10215831
83500,1.58535910,1.58535910,9,0.59343034,0.19661047,nan,0.54142001,0,0,0,0.24711043,0.02914739,6.80280828,7.20199156,0.01669016,1.94836760,0.62727511,-0.00524097,1.00524097,25.05489222
83600,0.22367276,0.22367276,111,0.99998489,0.22365924,nan,0.45435287,0,0,0,0.37523952,0.02638315,0.39250624,0.41496316,0.01073872,2.02107334,0.35071442,-0.06545924,1.06545924,3.19702101
83700,0.77512914,0.77512914,187,0.99999999,0.77512912,nan,0.43483627,0,0,0,0.26331079,0.02551742,0.60646528,0.63835609,0.06432176,2.42786503,0.40340471,0.27220649,0.72779351,9.95911360
83800,0.65101039,0.65101039,44,0.98772266,0.61962366,nan,0.35181613,0,0,0,0.18024415,0.04068981,0.68376881,0.71998858,0.06803228,1.50075638,0.65319383,0.02972107,0.97027893,9.57240232
83900,0.29107487,0.29107487,25,0.91791500,0.20664009,nan,0.28947113,0,0,0,0.32431448,0.03482837,0.30612099,0.32305324,0.01827305,1.64387977,0.42156801,0.02840849,0.97159151,2.91584933
84000,1.11609197,1.11609197,408,1.00000000,1.11609197,nan,0.18368707,0,0,0,0.37928638,0.02273885,4.34025383,4.56424952,0.53234237,3.61228228,0.35978329,0.12622083,0.87377917,15.61382866
84100,0.06060027,0.06060027,66,0.99863963,0.06027118,nan,0.24461573,0,0,0,0.44096217,0.01544370,0.01946680,0.02038785,0.00380881,4.00733328,0.30549473,0.13135849,0.86864151,5.36058640
84200,0.46374336,0.46374336,35,0.96980262,0.41021460,nan,0.19365541,0,0,0,0.27634487,0.01826287,0.52418840,0.55495816,0.00110277,1.97374177,0.41940653,-0.03448544,1.03448544,5.73287153
84300,0.52838647,0.52838647,151,0.99999972,0.52838589,nan,0.00000000,0,0,0,0.16116369,0.01157660,0.60435653,0.63926208,0.01096212,1.07650411,0.29333848,0.11310564,0.88689436,1.41355672
84400,1.01069880,1.01069880,43,0.98643144,0.95695028,nan,0.00000000,0,0,0,0.10083069,0.01148477,0.66616488,0.70523745,0.00193062,1.21503103,0.21747044,-0.09229556,1.09229556,3.86545944
84500,1.05779922,1.05779922,73,0.99932446,1.05494378,nan,0.00397793,0,0,0,0.15771620,0.01377799,0.82936025,0.85207510,0.44320729,1.79682600,0.33820450,-0.08939980,1.08939980,7.29918814
84600,0.18437032,0.18437032,225,1.00000000,0.18437032,nan,0.09254689,0,0,0,0.29222572,0.02102275,0.48917368,0.51778597,0.00276410,2.48942327,0.19445340,-0.01564272,1.01564272,3.30596161
84700,0.69558597,0.69558597,308,1.00000000,0.69558597,nan,0.05790135,0,0,0,0.21836959,0.02109755,1.05446029,1.11430812,0.03704920,1.84312272,0.34987640,0.00586811,0.99413189,6.31721294
84800,0.12688720,0.12688720,88,0.99984927,0.12681072,nan,0.00000000,0,0,0,0.26232338,0.01624310,0.16355866,0.17315933,0.00034719,2.22953725,0.22111683,0.01173251,0.98826749,2.34850391
84900,0.36070552,0.36070552,240,1.00000000,0.36070552,nan,0.00000000,0,0,0,0.26941386,0.01511207,0.48178905,0.50871968,0.02396898,1.56680763,0.20222862,0.20167625,0.79832375,3.03117490
85000,0.62455899,0.62455899,209,1.00000000,0.62455898,nan,0.00000000,0,0,0,0.31159410,0.01518237,0.55933869,0.58886975,0.05731092,3.14207053,0.34822810,0.11129446,0.88870554,8.81797520
85100,0.26852515,0.26852515,157,0.99999985,0.26852499,nan,0.02104749,0,0,0,0.33695304,0.02836823,0.60161138,0.63603508,0.01640827,1.76018500,0.31775153,-0.01789541,1.01789541,3.03759855
85200,0.60861897,0.60861897,226,1.00000000,0.60861897,nan,0.00000000,0,0,0,0.16854532,0.02666527,0.53955674,0.56335974,0.13490607,1.26511812,0.40604103,-0.04493965,1.04493965,0.87947217
85300,0.31846502,0.31846502,172,0.99999997,0.31846498,nan,0.00000000,0,0,0,0.27591449,0.01849285,0.31769806,0.32739472,0.15285449,2.42300153,0.44335976,0.18089814,0.81910186,4.54898024
85400,0.25574780,0.25574780,258,1.00000000,0.25574780,nan,0.00000000,0,0,0,0.16538519,0.02072473,0.22816746,0.23985243,0.02952254,1.43786573,0.37433931,0.07103754,0.92896246,-1.40494259
85500,0.61818647,0.61818647,107,0.99997746,0.61813073,nan,0.00000000,0,0,0,0.13980497,0.01720465,0.21145935,0.22004858,0.06544264,1.22739458,0.50589436,0.09876521,0.90123479,3.93611014
85600,0.54461330,0.54461330,119,0.99999321,0.54459851,nan,0.00000000,0,0,0,0.24351041,0.01308281,1.32806993,1.40462399,0.02665242,1.41301155,0.21051583,0.00376983,0.99623017,2.11745882
85700,0.37245241,0.37245241,104,0.99996957,0.37240707,nan,0.00000000,0,0,0,0.27266988,0.02078108,0.67804551,0.71551663,0.04103544,1.85754442,0.59031278,0.04554295,0.95445705,2.72683954
85800,0.27903542,0.27903542,317,1.00000000,0.27903542,nan,0.00000000,0,0,0,0.12070979,0.01498344,0.28963563,0.30661529,0.00098133,1.14381289,0.32628506,0.12139016,0.87860984,0.25485996
85900,0.08808327,0.08808327,114,0.99998880,0.08807932,nan,0.00000000,0,0,0,0.17467427,0.01562898,0.14295359,0.15113661,0.00384248,1.74219847,0.34852070,-0.00503921,1.00503921,-1.61002928
86000,0.52575982,0.52575982,319,1.00000000,0.52575982,nan,0.07015682,0,0,0,0.32470205,0.01047826,0.25039136,0.24101302,0.40982324,4.01331329,0.17934638,0.14731612,0.85268388,9.61913967
86100,0.35127828,0.35127828,108,0.99997960,0.35124961,nan,0.02592820,0,0,0,0.32856596,0.01671295,0.31459218,0.33302468,0.00123985,1.96117842,0.53280848,-0.08924049,1.08924049,3.54654797
86200,1.90615129,1.90615129,55,0.99591323,1.87518177,nan,0.00000000,0,0,0,0.29352111,0.02959482,2.42053390,2.56150198,0.02407779,1.90437460,0.56393081,0.17496112,0.82503888,31.27705383
86300,0.12430672,0.12430672,196,1.00000000,0.12430671,nan,0.00000000,0,0,0,0.18202907,0.01634153,0.05149535,0.05195840,0.04362361,1.22882688,0.37945849,-0.03683893,1.03683893,-1.68972150
86400,0.72338676,0.72338676,149,0.99999966,0.72338579,nan,0.00000000,0,0,0,0.34318739,0.01629261,2.08453584,2.20670962,0.00758083,1.55846131,0.20536500,0.11514746,0.88485254,7.60216403
86500,0.68986839,0.68986839,172,0.99999997,0.68986830,nan,0.00000000,0,0,0,0.23123012,0.01366430,0.26864544,0.28407276,0.00638113,1.17873967,0.24605009,-0.17661001,1.17661001,4.27718129
86600,0.40870249,0.40870249,283,1.00000000,0.40870249,nan,0.00000000,0,0,0,0.17478301,0.01640649,0.62679714,0.66366339,0.00007051,1.33584929,0.22144690,0.06899630,0.93100370,0.39362283
86700,0.15019353,0.15019353,217,1.00000000,0.15019353,nan,0.00000000,0,0,0,0.13328047,0.01673144,0.08453233,0.08866670,0.01424805,1.00538707,0.25055188,-0.02999015,1.02999015,-2.07484762
86800,0.49351704,0.49351704,317,1.00000000,0.49351704,nan,0.00000000,0,0,0,0.09811122,0.01941901,0.67391437,0.71313721,0.00712484,1.26136887,0.73727947,0.19186510,0.80813490,0.90656789
86900,0.17312315,0.17312315,348,1.00000000,0.17312315,nan,0.00000000,0,0,0,0.12985677,0.01353237,0.22452921,0.23580201,0.03289175,1.38779998,0.33395258,0.07323225,0.92676775,-3.62784582
87000,1.67788351,1.67788351,373,1.00000000,1.67788351,nan,0.00000000,0,0,0,0.34516656,0.01666872,2.12263036,2.20952415,0.64543784,3.79456234,0.50883549,0.19605668,0.80394332,21.93707275
87100,0.28957963,0.28957963,443,1.00000000,0.28957963,nan,0.00000000,0,0,0,0.18357542,0.00855502,0.14245312,0.15082844,0.00007272,2.22272205,0.14456385,-0.24751539,1.24751539,1.77987421
87200,0.53136206,0.53136206,426,1.00000000,0.53136206,nan,0.00000000,0,0,0,0.11592211,0.01348821,0.85422736,0.90384912,0.01065665,1.23234379,0.17147814,-0.00707335,1.00707335,0.00417709
87300,0.24630833,0.24630833,264,1.00000000,0.24630833,nan,0.00000000,0,0,0,0.10565071,0.00842750,0.34448981,0.36274886,0.03408630,1.24200737,0.13257043,0.02292300,0.97707700,-3.50714165
87400,0.69424212,0.69424212,471,1.00000000,0.69424212,nan,0.00000000,0,0,0,0.12913260,0.01596158,0.11717573,0.11985218,0.07167622,1.31913519,0.13777648,0.13042582,0.86957418,2.19135869
87500,1.47473788,1.47473788,184,0.99999999,1.47473782,nan,0.00000000,0,0,0,0.07389963,0.01194801,0.28257310,0.29627538,0.04963477,0.78826880,0.32735825,0.08269115,0.91730885,8.51549768
87600,1.18915224,1.18915224,55,0.99591323,1.16983191,nan,0.00000000,0,0,0,0.07815584,0.01617209,0.31776512,0.32174703,0.25007308,0.88734978,0.38885885,0.13088856,0.86911144,8.64125633
87700,0.13544023,0.13544023,326,1.00000000,0.13544023,nan,0.00000000,0,0,0,0.05717764,0.01176047,0.05578218,0.05879774,0.00451766,0.71028405,0.29013872,0.06258370,0.93741630,-8.09671354
87800,0.25489050,0.25489050,85,0.99979653,0.25468312,nan,0.00000000,0,0,0,0.08438803,0.01178081,0.12984569,0.13371821,0.06401293,1.07485521,0.19606489,0.02858048,0.97141952,-6.69779396
87900,0.05260371,0.05260371,255,1.00000000,0.05260371,nan,0.00000000,0,0,0,0.10728960,0.01364077,0.09602920,0.10160388,0.00125965,1.27737141,0.20419139,-0.02485344,1.02485344,-4.10550912
88000,0.19688593,0.19688593,319,1.00000000,0.19688593,nan,0.00000000,0,0,0,0.11601897,0.01343094,0.16185218,0.17011991,0.02130088,1.13772297,0.24836376,-0.01925481,1.01925481,-2.75921559
88100,0.43050161,0.43050161,106,0.99997508,0.43045871,nan,0.11413113,0,0,0,0.10590523,0.01593161,1.67218614,1.76914704,0.02384911,1.33371115,0.23222934,0.08572278,0.91427722,-1.26321313
88200,1.11480689,1.11480689,43,0.98643144,1.05552195,nan,0.15660574,0,0,0,0.16828400,0.01809717,2.44970798,2.58121586,0.21407636,1.79117715,0.31817287,-0.07128834,1.07128834,11.17053318
88300,0.94543594,0.94543594,342,1.00000000,0.94543594,nan,0.41475879,0,0,0,0.18034682,0.03151399,0.43835771,0.46360359,0.00917846,2.05174828,0.57250488,0.09942295,0.90057705,10.60442543
88400,0.27572489,0.27572489,181,0.99999999,0.27572487,nan,0.36840511,0,0,0,0.11007079,0.01238350,1.06397831,1.12654829,0.00028750,1.55682397,0.44064125,-0.08202890,1.08202890,-1.63397570
88500,0.20174445,0.20174445,148,0.99999963,0.20174415,nan,0.33827108,0,0,0,0.21243130,0.01408068,0.13530581,0.13956401,0.06291635,2.54150772,0.21270534,-0.21743206,1.21743206,1.99965914
88600,1.28121722,1.28121722,80,0.99966454,1.27949888,nan,0.30539148,0,0,0,0.08775885,0.01910293,0.26266277,0.25734898,0.35299757,0.66570938,0.25254333,-0.00407734,1.00407734,21.23651409
88700,0.45608366,0.45608366,208,1.00000000,0.45608365,nan,0.22674549,0,0,0,0.09733393,0.01166145,0.34137160,0.36012098,0.02263215,0.85026163,0.26489788,0.03590276,0.96409724,-1.00261855
88800,0.25141677,0.25141677,62,0.99797057,0.24938205,nan,0.01376064,0,0,0,0.05305660,0.01206427,0.10458451,0.10910891,0.02766979,0.85115594,0.38308784,0.03321849,0.96678151,-2.19272486
88900,0.26805854,0.26805854,97,0.99993872,0.26799283,nan,0.09577998,0,0,0,0.16840759,0.01985093,0.49356428,0.51826465,0.07365811,1.77506399,0.32441086,0.19083861,0.80916139,-0.17500440
89000,1.27604079,1.27604079,341,1.00000000,1.27604079,nan,0.12669377,0,0,0,0.27128136,0.01445969,0.38349667,0.38674656,0.32824937,2.50140905,0.20032007,0.09162360,0.90837640,14.54815435
89100,0.53704441,0.53704441,61,0.99775713,0.53224251,nan,0.03211317,0,0,0,0.18826391,0.01380807,2.41494298,2.55435967,0.04486226,2.02884126,0.19432464,-0.07579972,1.07579972,3.14236438
89200,0.28184998,0.28184998,36,0.97267628,0.25228493,nan,0.00000000,0,0,0,0.06056576,0.00625382,0.07865982,0.08268791,0.01018229,0.73702985,0.15461190,-0.17352352,1.17352352,-7.30216551
89300,0.25130522,0.25130522,151,0.99999972,0.25130494,nan,0.00000000,0,0,0,0.08323288,0.00696643,0.65036803,0.68860739,0.00029980,1.28456712,0.07499526,0.02131947,0.97868053,-6.78468573
89400,0.46607441,0.46607441,198,1.00000000,0.46607440,nan,0.00000000,0,0,0,0.06673697,0.01306400,0.17068978,0.18028481,0.00757434,0.59867883,0.24646361,0.03448415,0.96551585,-6.05428473
89500,0.15912156,0.15912156,103,0.99996637,0.15910015,nan,0.00000000,0,0,0,0.06905439,0.00383825,0.07278296,0.07705923,0.00008632,0.54313481,0.06052167,0.11985013,0.88014987,-10.68915812
89600,0.31834555,0.31834555,187,0.99999999,0.31834554,nan,0.00000000,0,0,0,0.06377301,0.00750918,0.51221490,0.54231787,0.00046295,0.80178088,0.27719116,-0.01819350,1.01819350,-5.16849113
89700,0.23178104,0.23178104,288,1.00000000,0.23178104,nan,0.00000000,0,0,0,0.04526823,0.00807282,0.11368634,0.12030716,0.00113211,0.42642927,0.10511628,-0.07226153,1.07226153,-10.05273151
89800,0.62851882,0.62851882,33,0.96311683,0.54079688,nan,0.00000000,0,0,0,0.07589387,0.01020703,0.20496558,0.21348868,0.06007303,0.77942187,0.11144625,0.08258786,0.91741214,-2.88862523
89900,0.75451016,0.75451016,138,0.99999898,0.75450710,nan,0.04727370,0,0,0,0.11576557,0.01672049,0.88573289,0.93740588,0.00729278,1.18352437,0.41234925,-0.06764726,1.06764726,2.19305813
90000,0.18087868,0.18087868,342,1.00000000,0.18087868,nan,0.00885473,0,0,0,0.22775806,0.01703027,0.04000020,0.03903273,0.05644724,2.50877094,0.35994846,0.13056640,0.86943360,3.32087437
90100,1.58277655,1.58277655,217,1.00000000,1.58277654,nan,0.05563159,0,0,0,0.18689018,0.01679188,3.41396952,3.60652161,0.14058110,1.44439638,0.30760324,0.00379215,0.99620785,13.70295270
90200,0.27065444,0.27065444,74,0.99938875,0.26999329,nan,0.00872109,0,0,0,0.11124526,0.00902165,0.38318381,0.40380651,0.03259752,1.08627737,0.16566870,0.11920986,0.88079014,-3.76600814
90300,0.27030382,0.27030382,104,0.99996957,0.27027091,nan,0.08045880,0,0,0,0.17341194,0.01481467,0.32511455,0.34289539,0.02284004,1.71379006,0.25255132,0.04692531,0.95307469,1.50671959
90400,1.04900324,1.04900324,24,0.90928205,0.71708609,nan,0.07963498,0,0,0,0.07537664,0.00922849,3.92522764,4.15551233,0.01039311,0.93711686,0.12022034,-0.07057126,1.07057126,4.03442019
90500,0.13515773,0.13515773,92,0.99989896,0.13510312,nan,0.13758963,0,0,0,0.27869803,0.02440539,0.17725886,0.18483120,0.04852905,2.74557781,0.54619694,0.03466438,0.96533562,3.17728987
90600,0.32642779,0.32642779,34,0.96662673,0.28498521,nan,0.13184220,0,0,0,0.28926739,0.03445001,0.53703886,0.56624126,0.04059858,2.40184712,0.41968155,0.09765764,0.90234236,4.58957696
90700,0.15862253,0.15862253,204,1.00000000,0.15862253,nan,0.09550130,0,0,0,0.15188776,0.01021662,0.19290927,0.20149580,0.04693826,1.28596461,0.18244828,0.14941515,0.85058485,-3.36189588
90800,0.94932121,0.94932121,317,1.00000000,0.94932121,nan,0.00000000,0,0,0,0.15191214,0.00582041,0.76640898,0.81037939,0.01891151,1.40860856,0.16360204,-0.03164667,1.03164667,3.09764107
90900,0.49269900,0.49269900,87,0.99983341,0.49237077,nan,0.00000000,0,0,0,0.11948371,0.00700246,1.63574016,1.73167884,0.00478319,2.10093260,0.12564747,-0.02348151,1.02348151,0.12366748
91000,0.33740929,0.33740929,354,1.00000000,0.33740929,nan,0.00000000,0,0,0,0.27061403,0.00990914,0.25804198,0.26103228,0.20720686,3.00972080,0.25284550,0.13208834,0.86791166,4.91311413
91100,0.24905168,0.24905168,41,0.98342732,0.23294777,nan,0.00000000,0,0,0,0.07359227,0.01228240,0.32258141,0.34063473,0.01567511,1.31887817,0.30429956,0.09848947,0.90151053,-4.58466280
91200,0.31071103,0.31071103,80,0.99966454,0.31029431,nan,0.00000000,0,0,0,0.03576091,0.01247242,0.11502467,0.12178802,0.00004744,0.54634953,0.23917013,-0.07396111,1.07396111,3.49591851
91300,0.62578797,0.62578797,216,1.00000000,0.62578797,nan,0.00000000,0,0,0,0.04990228,0.00744913,0.19809163,0.20907326,0.01140366,0.55459261,0.14085795,0.17273904,0.82726096,-7.22079945
91400,0.37840152,0.37840152,73,0.99932446,0.37738005,nan,0.00000000,0,0,0,0.06613467,0.01064854,0.04916231,0.05205420,0.00000030,0.60716319,0.16990982,-0.04973425,1.04973425,-10.08950233
91500,1.45659018,1.45659018,202,1.00000000,1.45659017,nan,0.00000000,0,0,0,0.04682543,0.01013210,1.70748472,1.80744803,0.00811115,0.56721723,0.22426684,-0.14570130,1.14570130,9.34166628
91600,0.14188685,0.14188685,189,0.99999999,0.14188684,nan,0.10370832,0,0,0,0.16588183,0.02200340,0.22615856,0.23939374,0.00116049,1.79548204,0.34138045,0.11425023,0.88574977,-0.37259719
91700,0.14603902,0.14603902,109,0.99998154,0.14602824,nan,0.00000000,0,0,0,0.07942054,0.01072197,0.11295239,0.11946608,0.00221962,0.79279584,0.15500897,0.04225033,0.95774967,-7.30387855
91800,1.14159119,1.14159119,73,0.99932446,1.13850956,nan,0.00000000,0,0,0,0.05709016,0.00827648,2.63050723,2.78520989,0.00056203,0.71659917,0.13899375,-0.09534855,1.09534855,2.06852326
91900,0.19870514,0.19870514,43,0.98643144,0.18813809,nan,0.00000000,0,0,0,0.04552224,0.00850468,0.42117351,0.44551587,0.00735316,0.84046870,0.26087925,0.01004779,0.98995221,-10.46611691
92000,0.19759952,0.19759952,291,1.00000000,0.19759952,nan,0.00000000,0,0,0,0.23109017,0.01652612,0.34606326,0.36536294,0.01796829,2.24742842,0.33261272,0.10359814,0.89640186,3.44905639
92100,0.10554309,0.10554309,81,0.99969646,0.10541500,nan,0.06962256,0,0,0,0.09325285,0.00756279,0.12619644,0.13357793,0.00071121,1.24064112,0.12358835,0.17042679,0.82957321,-4.33880520
92200,0.46592325,0.46592325,167,0.99999994,0.46592315,nan,0.00000000,0,0,0,0.05891257,0.00796424,0.14186984,0.15010999,0.00178742,0.85308433,0.15293756,-0.15525107,1.15525107,-6.63752050
92300,0.20714664,0.20714664,169,0.99999995,0.20714661,nan,0.00000000,0,0,0,0.08461163,0.01305229,0.17471986,0.18299145,0.03410264,1.09443521,0.21723555,-0.09458487,1.09458487,-6.30779696
92400,0.32896864,0.32896864,216,1.00000000,0.32896864,nan,0.00000000,0,0,0,0.05302731,0.00627759,0.13379948,0.13918206,0.04229544,0.80113316,0.16585258,-0.06504052,1.06504052,-10.60147858
92500,1.53996181,1.53996181,47,0.99090472,1.48469602,nan,0.00952789,0,0,0,0.08922324,0.00882146,3.41661763,3.61728263,0.00531661,1.46572459,0.22181207,-0.09943478,1.09943478,6.04525963
92600,0.33712903,0.33712903,283,1.00000000,0.33712903,nan,0.00000000,0,0,0,0.05892571,0.00954566,0.11975829,0.12488511,0.03260247,0.67040402,0.27241799,-0.06275880,1.06275880,-8.90087175
92700,0.24021342,0.24021342,98,0.99994455,0.24016015,nan,0.00000000,0,0,0,0.04957047,0.01270222,0.23261370,0.24626608,0.00052312,0.80214691,0.28619266,0.07191746,0.92808254,-4.83920050
92800,1.50503671,1.50503671,149,0.99999966,1.50503468,nan,0.00000000,0,0,0,0.06539451,0.00810795,1.00379181,1.06239319,0.00756856,0.52565086,0.18209475,-0.02579151,1.02579151,5.33800030
92900,0.34628871,0.34628871,137,0.99999888,0.34628716,nan,0.20178004,0,0,0,0.08206104,0.02911400,0.26105130,0.27633348,0.00125415,1.05082703,0.64529741,-0.11659210,1.11659210,0.13001394
93000,0.71204841,0.71204841,394,1.00000000,0.71204841,nan,0.26078173,0,0,0,0.35208726,0.01387533,0.67329663,0.70457536,0.14155789,2.90165401,0.20993693,0.14493620,0.85506380,10.09389277
93100,0.81524265,0.81524265,60,0.99752125,0.80718951,nan,0.28473137,0,0,0,0.16057475,0.01153471,1.58255887,1.67174900,0.06632482,2.41269779,0.32827088,0.07768116,0.92231884,5.16105604
93200,0.76985860,0.76985860,150,0.99999969,0.76985766,nan,0.08890372,0,0,0,0.10220990,0.00741658,0.34647989,0.36558127,0.02175596,1.17254114,0.07616052,0.15847583,0.84152417,-0.26777013
93300,3.18435097,3.18435097,5,0.39346934,0.07632460,nan,0.19583769,0,0,0,0.38337943,0.04539207,8.34220695,8.80491352,0.47617880,2.26149917,1.02443099,0.01166998,0.98833002,42.81838226
93400,1.15824234,1.15824234,28,0.93918994,0.90118336,nan,0.12034310,0,0,0,0.13499770,0.01276102,0.29527605,0.30945784,0.05418619,1.29957080,0.17589718,-0.28674275,1.28674275,6.44571741
93500,0.21101883,0.21101883,55,0.99591323,0.20759038,nan,0.18487543,0,0,0,0.10427112,0.01534702,0.17714798,0.18756108,0.00012553,0.94249237,0.24198706,-0.07851281,1.07851281,-3.59307289
93600,0.25402531,0.25402531,22,0.88919684,0.15880663,nan,0.15971201,0,0,0,0.06932341,0.00974731,0.55858409,0.59121895,0.00379212,1.04634798,0.30839553,0.15778050,0.84221950,-8.30121422
93700,0.22186145,0.22186145,127,0.99999695,0.22185874,nan,0.06038908,0,0,0,0.15093711,0.01291450,0.15223400,0.15926082,0.03277796,1.77448177,0.32254159,0.05846325,0.94153675,0.65445292
93800,0.62063980,0.62063980,6,0.45118836,0.02572001,nan,0.00000000,0,0,0,0.13946186,0.01205748,1.13876855,1.20537984,0.00637600,3.03868580,0.17297295,0.26183994,0.73816006,1.05124774
93900,0.25371248,0.25371248,245,1.00000000,0.25371248,nan,0.00000000,0,0,0,0.06707814,0.00926692,0.24390438,0.25808227,0.00287960,0.72746253,0.13788053,0.00488977,0.99511023,-7.68870246
94000,0.52538610,0.52538610,346,1.00000000,0.52538610,nan,0.00000000,0,0,0,0.25955349,0.01660187,1.53967631,1.62933981,0.01539731,2.07728696,0.33663014,0.00991668,0.99008332,6.26034713
94100,1.13886094,1.13886094,134,0.99999848,1.13885404,nan,0.00000000,0,0,0,0.09980867,0.01320381,2.32117844,2.45686388,0.01452676,1.11968935,0.13995388,0.16789180,0.83210820,4.88354993
94200,0.43367088,0.43367088,149,0.99999966,0.43367029,nan,0.00000000,0,0,0,0.32259688,0.02619906,0.54773861,0.56783104,0.20616741,3.31698132,0.41516852,0.10597814,0.89402186,7.69310760
94300,0.57884657,0.57884657,171,0.99999996,0.57884649,nan,0.00000000,0,0,0,0.10279942,0.01101357,0.54437900,0.57638437,0.00028736,0.91123265,0.24688514,-0.11823325,1.11823325,-0.38963522
94400,0.26604950,0.26604950,109,0.99998154,0.26602986,nan,0.00000000,0,0,0,0.11014551,0.00947716,0.23456290,0.24786565,0.00841621,1.37950051,0.14351499,0.11271763,0.88728237,-2.64060511
94500,0.18013041,0.18013041,42,0.98500442,0.16956638,nan,0.00000000,0,0,0,0.34549636,0.02287152,0.65107000,0.68801165,0.02306153,4.11295843,0.31168404,0.11058280,0.88941720,1.22511524
94600,0.17933501,0.17933501,144,0.99999944,0.17933461,nan,0.00000000,0,0,0,0.08220293,0.01758571,0.15462047,0.16358869,0.00216081,0.94588172,0.30113018,0.06012876,0.93987124,-5.53308900
94700,0.21983811,0.21983811,213,1.00000000,0.21983811,nan,0.00000000,0,0,0,0.10317205,0.01095376,0.14034626,0.14501508,0.06097661,1.62978673,0.21769553,0.13464471,0.86535529,-3.78183715
94800,0.35020837,0.35020837,125,0.99999627,0.35020315,nan,0.00000000,0,0,0,0.05180949,0.00651165,0.03772301,0.03896410,0.01662444,0.47201550,0.09762125,0.04170531,0.95829469,-8.23492432
94900,0.19885363,0.19885363,134,0.99999848,0.19885242,nan,0.00000000,0,0,0,0.09601983,0.00875977,0.33336365,0.35296321,0.00017051,1.15928471,0.10934705,-0.08636893,1.08636893,-6.23687792
95000,0.35161793,0.35161793,215,1.00000000,0.35161793,nan,0.00000000,0,0,0,0.34014437,0.01810910,0.36273482,0.36722621,0.28638124,3.34238386,0.32872280,-0.21777531,1.21777531,6.92555555
95100,0.50494558,0.50494558,54,0.99548342,0.49588468,nan,0.00000000,0,0,0,0.07856707,0.00705989,1.08100033,1.14434612,0.00412149,1.39858246,0.14027493,-0.02914554,1.02914554,-5.09699996
95200,0.17954189,0.17954189,111,0.99998489,0.17953103,nan,0.00000000,0,0,0,0.06747425,0.00694898,0.01925699,0.01985493,0.00909210,0.93187374,0.18152833,0.10066155,0.89933845,-8.19150269
95300,0.12962230,0.12962230,288,1.00000000,0.12962230,nan,0.00000000,0,0,0,0.06576960,0.00505957,0.08369362,0.08810474,0.00870457,0.67394531,0.06908453,-0.05997443,1.05997443,-9.97708098
95400,0.41742787,0.41742787,220,1.00000000,0.41742787,nan,0.00000000,0,0,0,0.03621979,0.00756527,0.09395741,0.09931638,0.00285491,0.45903260,0.21488950,0.01653977,0.98346023,-8.99221675
95500,0.45390865,0.45390865,123,0.99999545,0.45390039,nan,0.00000000,0,0,0,0.05494108,0.00947891,0.20169349,0.21062636,0.04983499,0.49233443,0.18617830,0.08635428,0.91364572,-7.98436534
95600,0.15161318,0.15161318,257,1.00000000,0.15161318,nan,0.08632442,0,0,0,0.09544548,0.00925443,0.14489299,0.15328082,0.00230006,0.82571393,0.17947917,-0.15411530,1.15411530,-6.15603566
95700,1.05700541,1.05700541,278,1.00000000,1.05700541,nan,0.00000000,0,0,0,0.08146375,0.00606591,0.17200960,0.17975149,0.04039735,0.76027137,0.12153181,-0.12940872,1.12940872,1.43471456
95800,0.64805627,0.64805627,74,0.99938875,0.64647322,nan,0.00000000,0,0,0,0.08191518,0.01530083,1.72355652,1.82493567,0.00011212,1.53407085,0.54866767,0.04290676,0.95709324,5.80211020
95900,0.21694361,0.21694361,74,0.99938875,0.21641366,nan,0.00000000,0,0,0,0.07908173,0.01147091,0.19177838,0.20295215,0.00182436,0.83653283,0.39495939,0.01510957,0.98489043,-4.73691440
96000,0.34655526,0.34655526,86,0.99981589,0.34630012,nan,0.00000000,0,0,0,0.26340207,0.01633120,0.59374267,0.61162609,0.28972560,2.49312830,0.21951313,0.07342487,0.92657513,5.12074149
96100,0.17257157,0.17257157,46,0.98994816,0.16573685,nan,0.00000000,0,0,0,0.09486932,0.01388660,0.17930433,0.18975419,0.00165671,1.20899260,0.24317370,0.06233941,0.93766059,-7.35883379
96200,0.21415287,0.21415287,135,0.99999863,0.21415170,nan,0.00000000,0,0,0,0.12083176,0.00915116,0.17045693,0.17973630,0.01270741,1.49421740,0.21028785,0.03794683,0.96205317,-2.82601863
96300,0.87367982,0.87367982,29,0.94497678,0.69668563,nan,0.00000000,0,0,0,0.12206723,0.01208676,0.27792239,0.28662491,0.12997970,1.59168267,0.21224560,-0.11415727,1.11415727,nan
96400,0.79341573,0.79341573,27,0.93279449,0.60068210,nan,0.00000000,0,0,0,0.08468253,0.01489792,2.92342854,3.09339809,0.03394538,1.43634236,0.21810095,0.01029078,0.98970922,-1.76948138
96500,0.29636025,0.29636025,113,0.99998763,0.29634559,nan,0.00000000,0,0,0,0.04033182,0.01056878,0.01693057,0.01605092,0.03188462,0.65816212,0.26147094,-0.05809970,1.05809970,-8.03952229
96600,0.78881454,0.78881454,230,1.00000000,0.78881454,nan,0.00000000,0,0,0,0.11529075,0.01062560,0.91176677,0.96507889,0.00546013,1.33270061,0.12492887,0.25779653,0.74220347,2.37519073
96700,1.33268738,1.33268738,15,0.77686984,0.48542410,nan,0.03817057,0,0,0,0.45154607,0.01750207,4.17481089,4.41865110,0.02953763,3.49438739,0.31689537,0.06466704,0.93533296,18.46758518
96800,0.12248468,0.12248468,162,0.99999991,0.12248464,nan,0.00000000,0,0,0,0.06316908,0.00772811,0.07597379,0.08023385,0.00355274,0.75339133,0.16965696,-0.06075191,1.06075191,nan
96900,0.24255405,0.24255405,130,0.99999774,0.24255186,nan,0.00000000,0,0,0,0.05392708,0.01066087,0.23880325,0.25253034,0.00544286,0.77483201,0.27933186,0.03577226,0.96422774,-10.22317410
97000,0.58402860,0.58402860,151,0.99999972,0.58402796,nan,0.00000000,0,0,0,0.25997078,0.02199144,0.61773485,0.64778465,0.10688934,2.59113646,0.29593381,-0.10658318,1.10658318,7.26856041
97100,0.25352937,0.25352937,77,0.99954717,0.25307046,nan,0.00000000,0,0,0,0.10117909,0.00886722,0.17718974,0.18742333,0.00321859,1.11727989,0.15480597,0.05591863,0.94408137,-5.41995978
97200,0.70280713,0.70280713,238,1.00000000,0.70280713,nan,0.03523111,0,0,0,0.08084167,0.01172438,0.25778702,0.27121598,0.02949518,1.00265932,0.35096630,0.09228122,0.90771878,1.18944216
97300,0.33213913,0.33213913,218,1.00000000,0.33213913,nan,0.00000000,0,0,0,0.07667884,0.01390177,0.96441472,1.02096164,0.00311704,1.36187589,0.16241175,-0.00553095,1.00553095,-4.15236815
97400,0.39097664,0.39097664,86,0.99981589,0.39068879,nan,0.04871493,0,0,0,0.10590209,0.01294731,0.40387487,0.42667556,0.01626329,1.47630930,0.25873318,-0.01826536,1.01826536,-1.73378567
97500,0.45480168,0.45480168,169,0.99999995,0.45480160,nan,0.00000000,0,0,0,0.09236217,0.00785521,0.05092176,0.05038761,0.06000234,1.57278144,0.25474727,0.12206134,0.87793866,-3.47513515
97600,0.15689357,0.15689357,132,0.99999815,0.15689240,nan,0.00000000,0,0,0,0.04209956,0.00631606,0.07519920,0.07884181,0.01327484,0.61274320,0.07397124,0.01509719,0.98490281,-12.30611396
97700,0.27060646,0.27060646,120,0.99999386,0.27059981,nan,0.00000000,0,0,0,0.13722220,0.00626761,0.21693341,0.22956587,0.00218140,2.01167417,0.15899293,-0.05561378,1.05561378,-2.08671379
97800,0.31108421,0.31108421,275,1.00000000,0.31108421,nan,0.00000000,0,0,0,0.08597662,0.00974614,0.22237802,0.23539406,0.00110543,0.87692177,0.14536022,-0.08744347,1.08744347,-5.80090947
97900,0.45262003,0.45262003,100,0.99995460,0.45253784,nan,0.01451459,0,0,0,0.09542986,0.01672193,0.53056204,0.56085998,0.01549724,0.98636979,0.21616024,0.02606096,0.97393904,-1.62726477
98000,1.60263121,1.60263121,177,0.99999998,1.60263108,nan,0.00000000,0,0,0,0.20937076,0.01915544,4.01882076,4.23895836,0.27648357,2.01624060,0.38014680,-0.30635001,1.30635001,18.19776821
98100,0.83121300,0.83121300,69,0.99899221,0.82786732,nan,0.00000000,0,0,0,0.03688367,0.01511445,0.22376768,0.23531908,0.02739376,0.51873219,0.30527332,0.17097860,0.82902140,6.45189425
98200,0.63516164,0.63516164,532,1.00000000,0.63516164,nan,0.00000000,0,0,0,0.03193592,0.00908092,0.11726654,0.12403382,0.00222283,0.38765705,0.18987578,0.04498905,0.95501095,-6.42770725
98300,0.45338809,0.45338809,147,0.99999959,0.45338735,nan,0.00000000,0,0,0,0.03570126,0.00624144,0.06590252,0.06939460,0.00653719,0.38795695,0.07803196,-0.05066007,1.05066007,-10.74794102
98400,0.08189090,0.08189090,203,1.00000000,0.08189090,nan,0.00000000,0,0,0,0.03494854,0.01172088,0.05299659,0.05610522,0.00014983,0.38595024,0.14879084,0.08895763,0.91104237,-11.71502328
98500,0.38306490,0.38306490,305,1.00000000,0.38306490,nan,0.00392432,0,0,0,0.08928385,0.00819276,0.22949547,0.24190757,0.01848998,0.99936706,0.15081698,0.09755725,0.90244275,-2.37513268
98600,0.25926358,0.25926358,74,0.99938875,0.25863025,nan,0.03326758,0,0,0,0.11600149,0.00817255,0.53026974,0.56117827,0.00482398,1.18978560,0.22740036,0.09212344,0.90787656,-3.96666622
98700,0.96652329,0.96652329,27,0.93279449,0.73173901,nan,0.00000000,0,0,0,0.09613584,0.00826538,0.92542350,0.97977233,0.00149452,2.14619589,0.07787541,0.09134097,0.90865903,5.09022748
98800,0.34610975,0.34610975,211,1.00000000,0.34610975,nan,0.00000000,0,0,0,0.12992424,0.00924245,0.70470303,0.74557877,0.00981497,2.24228978,0.17340760,0.15356703,0.84643297,-2.74164485
98900,0.48860237,0.48860237,452,1.00000000,0.48860237,nan,0.00000000,0,0,0,0.11395517,0.01114415,0.15956765,0.16013083,0.14999382,1.10633612,0.15721413,-0.18837224,1.18837224,-0.60437572
99000,1.16332769,1.16332769,265,1.00000000,1.16332769,nan,0.00000000,0,0,0,0.22908330,0.02403515,2.85219836,3.01973057,0.00415404,2.19721580,0.40631434,-0.22084124,1.22084124,11.80859852
99100,0.17429401,0.17429401,207,1.00000000,0.17429401,nan,0.00000000,0,0,0,0.19028430,0.01308723,0.27208108,0.28678086,0.02218489,1.68721044,0.21681349,0.07977087,0.92022913,-0.14378197
99200,0.68474060,0.68474060,129,0.99999750,0.68473376,nan,0.00000000,0,0,0,0.08687478,0.01314357,0.22375965,0.23213328,0.08140800,0.60347152,0.15348658,-0.05997317,1.05997317,-2.70283186
99300,0.17514326,0.17514326,237,1.00000000,0.17514326,nan,0.00000000,0,0,0,0.06221385,0.00498676,0.06194094,0.06509146,0.00838210,0.65063280,0.04867651,0.14724064,0.85275936,-9.88051119
99400,0.22290057,0.22290057,276,1.00000000,0.22290057,nan,0.00000000,0,0,0,0.05872869,0.00652376,0.05618905,0.05946632,0.00047554,0.45761183,0.07494548,-0.00330466,1.00330466,-11.53198719
99500,0.23207706,0.23207706,114,0.99998880,0.23206667,nan,0.00000000,0,0,0,0.07493851,0.00429776,0.08017838,0.08489466,0.00000154,0.60136014,0.11950629,-0.05154305,1.05154305,-9.21333075
99600,0.27797309,0.27797309,342,1.00000000,0.27797309,nan,0.00000000,0,0,0,0.05410963,0.01479653,0.17347325,0.18367608,0.00002489,0.86738265,0.50797880,0.00114162,0.99885838,-6.32402674
99700,0.66538882,0.66538882,184,0.99999999,0.66538880,nan,0.00000000,0,0,0,0.08426598,0.01216472,1.65402484,1.75083590,0.00823794,1.39537120,0.26118115,-0.16001748,1.16001748,-2.76362300
99800,0.15503594,0.15503594,128,0.99999724,0.15503423,nan,0.00000000,0,0,0,0.04904575,0.00562836,0.05505346,0.05825087,0.00069743,0.47695944,0.11054456,-0.06149934,1.06149934,-12.55743599
99900,0.34933931,0.34933931,231,1.00000000,0.34933931,nan,0.00000000,0,0,0,0.07599791,0.00846881,0.14608420,0.15461095,0.00112937,1.11045861,0.22005355,0.16368453,0.83631547,-5.56150246
100000,8.91180038,8.91180038,208,1.00000000,8.91180035,nan,0.00000000,0,0,0,0.20635046,0.01313556,11.69560242,12.35792446,0.43610340,1.93957770,0.12156039,-0.09260241,1.09260241,85.34099121
100100,0.95034820,0.95034820,25,0.91791500,0.67467191,nan,1.16595307,0,0,0,0.60781866,0.03218686,2.57537866,2.71322966,0.23191318,6.20324659,0.51825112,0.00301829,0.99698171,18.82150428
100200,1.46569216,1.46569216,1,0.09516258,0.00012020,nan,1.21148182,0,0,0,0.27761900,0.02733883,5.27549314,5.57230663,0.22966704,4.31807137,0.63082957,-0.00224050,1.00224050,19.14588509
100300,0.35267127,0.35267127,148,0.99999963,0.35267074,nan,1.26766555,0,0,0,0.18998206,0.02240820,0.63051951,0.66391349,0.06282162,1.41694272,0.29232684,-0.01476655,1.01476655,0.71765845
100400,0.62147892,0.62147892,57,0.99665403,0.61320278,nan,1.21133262,0,0,0,0.20264016,0.01311092,2.59324002,2.74574471,0.00066256,3.20284820,0.25916570,0.07559494,0.92440506,5.84610796
100500,2.05575037,2.05575037,0,0.00000000,0.00000000,nan,0.00000000,0,0,0,1.00387692,0.00622910,42.58230972,45.05269241,0.58580059,26.76033592,0.19235080,nan,nan,35.68187904
100600,1.38454640,1.38454640,1,0.09516258,0.00011355,nan,0.00000000,0,0,0,1.06669915,0.00843317,35.38548279,37.40805054,1.00189304,27.32152748,0.15079762,0.00359614,0.99640386,29.02091599
100700,1.06438053,1.06438053,4,0.32967995,0.01257382,nan,0.00000000,0,0,0,1.15634465,0.01722856,16.38238716,17.25010300,1.63121843,27.93791389,0.26816931,0.13593300,0.86406700,27.22766724
100800,0.43420509,0.43420509,4,0.32967995,0.00512938,nan,0.00000000,0,0,0,1.07169199,0.01303610,8.94958210,9.47063160,0.09176247,25.62883759,0.15835926,-0.07358122,1.07358122,20.53275490
100900,0.36078224,0.36078224,5,0.39346934,0.00864746,nan,0.00000000,0,0,0,1.03740835,0.01104557,13.21284294,13.98160648,0.14385809,23.47143745,0.21925500,0.13693616,0.86306384,19.39603186
101000,1.37555611,1.37555611,1,0.09516258,0.00011281,nan,0.00000000,0,0,0,0.88397110,0.01064499,14.14194107,14.97371387,0.00181569,20.04618263,0.48037884,0.17859919,0.82140081,27.12387911
101100,0.43063256,0.43063256,3,0.25918178,0.00194323,nan,0.00000000,0,0,0,0.73270607,0.00769186,4.92800570,5.21453094,0.05707142,16.89510345,0.19564228,0.11362166,0.88637834,17.26222849
101200,0.96091682,0.96091682,9,0.59343034,0.11916941,nan,0.00000000,0,0,0,0.51167667,0.03017060,8.97469616,9.49633217,0.10687566,12.52412605,1.12198472,-0.02833911,1.02833911,18.11287403
101300,0.78562570,0.78562570,2,0.18126925,0.00084823,nan,0.00000000,0,0,0,0.65441710,0.05055346,4.27967072,4.53034401,0.01822802,8.62997723,0.94399518,0.07483054,0.92516946,19.68021703
101400,1.72200072,1.72200072,2,0.18126925,0.00185922,nan,0.00000000,0,0,0,0.50631595,0.02479365,22.59150887,23.91936493,0.01794287,8.16213322,0.89977753,0.07743199,0.92256801,27.84669240
101500,1.60224068,1.60224068,0,0.00000000,0.00000000,nan,0.00000000,0,0,0,0.32341367,0.02252357,13.83500576,14.64669037,0.03635764,4.43864632,0.43858206,0.01587299,0.98412701,21.27833176
101600,0.39226022,0.39226022,7,0.50341470,0.02519288,nan,0.00000000,0,0,0,0.46759918,0.02967254,2.71763992,2.87118840,0.10732016,7.02746296,1.17248416,-0.06017045,1.06017045,12.72387524
101700,0.28858587,0.28858587,7,0.50341470,0.01853440,nan,0.00000000,0,0,0,0.46107191,0.02782124,4.03930330,4.27429962,0.04436542,8.42313862,0.72144276,0.04952494,0.95047506,10.21249914
101800,0.42889279,0.42889279,9,0.59343034,0.05318972,nan,0.00000000,0,0,0,0.42927951,0.01936583,1.78509629,1.87060189,0.33150199,7.23021460,0.49881983,-0.12793932,1.12793932,12.72527885
101900,0.90060574,0.90060574,0,0.00000000,0.00000000,nan,0.00000000,0,0,0,0.34556898,0.02324250,4.05368900,4.27208281,0.34099683,5.26664543,0.51912564,-0.15388334,1.15388334,16.37459564
102000,0.73128581,0.73128581,6,0.45118836,0.03030531,nan,0.00000000,0,0,0,0.58407456,0.01338757,6.36804771,6.73591042,0.11437567,12.23830032,0.29511082,-0.05738291,1.05738291,18.03368568
102100,0.73991716,0.73991716,12,0.69880579,0.17644488,nan,0.00000000,0,0,0,0.32620054,0.01287824,2.87244153,3.01659536,0.42182457,5.56821632,0.26103228,-0.01304579,1.01304579,15.45390034
102200,0.66359562,0.66359562,11,0.66712892,0.13144455,nan,0.00000000,0,0,0,0.39219892,0.01987431,5.58882332,5.90963411,0.13503994,6.54347658,0.70106697,-0.13401575,1.13401575,13.81383204
102300,0.59173989,0.59173989,8,0.55067104,0.05441264,nan,0.00000000,0,0,0,0.25138450,0.01945183,2.27861571,2.40866542,0.06777560,3.97981596,0.63306850,-0.08864571,1.08864571,8.87572551
102400,0.58117837,0.58117837,12,0.69880579,0.13859112,nan,0.00000000,0,0,0,0.31850815,0.02603843,3.09113407,3.27229977,0.01130887,4.54439735,0.24704160,-0.01163618,1.01163618,10.66306400
102500,0.36574519,0.36574519,16,0.79810348,0.14839369,nan,0.00000000,0,0,0,0.33219114,0.03420374,2.23346043,2.36464882,0.00326007,6.28184700,1.41335356,0.16574781,0.83425219,10.03695369
102600,0.55462569,0.55462569,11,0.66712892,0.10985986,nan,0.00000000,0,0,0,0.20145021,0.02741823,1.37379122,1.45235622,0.03818358,3.37118053,0.87779659,0.19946978,0.80053022,6.38931322
102700,0.23172665,0.23172665,23,0.89974116,0.15186102,nan,0.00000000,0,0,0,0.36732924,0.03174724,0.44424295,0.46932679,0.01781760,5.87012482,0.92165947,-0.01705759,1.01705759,8.53122330
102800,0.36464745,0.36464745,3,0.25918178,0.00164547,nan,0.00000000,0,0,0,0.30489889,0.03098493,2.74849606,2.91005921,0.00191965,4.82392073,0.87144482,-0.04031753,1.04031753,9.39106464
102900,0.97133636,0.97133636,11,0.66712892,0.19240161,nan,0.00000000,0,0,0,0.24783546,0.02975493,3.00992107,3.18658900,0.00656418,3.82909298,1.07162511,0.05593690,0.94406310,12.96281528
103000,0.83065885,0.83065885,13,0.72746821,0.23263699,nan,0.00000000,0,0,0,0.43404257,0.02347462,4.38004446,4.61391687,0.40421209,7.70796442,0.33604944,-0.03504651,1.03504651,17.19891167
103100,0.22926879,0.22926879,28,0.93918994,0.17838513,nan,0.00000000,0,0,0,0.25027990,0.02054008,0.61584634,0.65202022,0.00089011,3.03989840,0.48358616,0.07193036,0.92806964,5.10232083
103200,0.38652721,0.38652721,8,0.55067104,0.03554258,nan,0.00000000,0,0,0,0.17106137,0.03705080,1.29198730,1.36775529,0.00393073,3.99557877,2.10717988,0.12706287,0.87293713,4.06701112
103300,0.25960004,0.25960004,14,0.75340304,0.08364004,nan,0.00000000,0,0,0,0.36471301,0.03902119,0.71532947,0.74314344,0.24249250,5.90436745,0.66412413,-0.02102296,1.02102296,8.99022007
103400,0.62339538,0.62339538,29,0.94497678,0.49710500,nan,0.00000000,0,0,0,0.26165220,0.02379949,0.91666961,0.96313715,0.12672344,2.98465705,0.59819478,0.07182038,0.92817962,9.77500224
103500,0.44903558,0.44903558,17,0.81731648,0.20037419,nan,0.00000000,0,0,0,0.28581417,0.02543836,1.56419790,1.65431285,0.03224529,5.50613308,0.76244229,0.00372113,0.99627887,8.44676574
103600,0.40669048,0.40669048,24,0.90928205,0.27800875,nan,0.00000000,0,0,0,0.15421027,0.01962665,0.22471359,0.23791459,0.00029682,1.96695542,0.56216311,0.08372057,0.91627943,2.56918257
103700,0.39998776,0.39998776,26,0.92572642,0.29374964,nan,0.00000000,0,0,0,0.16902125,0.01829812,0.80752540,0.84997177,0.08593913,2.34439945,0.39421451,-0.01607436,1.01607436,2.29997754
103800,1.73851097,1.73851097,18,0.83470111,0.84392024,nan,0.00000000,0,0,0,0.15303430,0.04053583,2.63217068,2.78586078,0.01943627,2.37444592,0.97978348,-0.06837225,1.06837225,23.27567991
103900,0.27437714,0.27437714,26,0.92572642,0.20150163,nan,0.00000000,0,0,0,0.16101739,0.02595754,0.90999496,0.96263278,0.01515324,2.57154346,0.49600920,0.02130738,0.97869262,1.21482091
104000,0.83508658,0.83508658,17,0.81731648,0.37264262,nan,0.00000000,0,0,0,0.30381045,0.01785742,3.42413688,3.61593246,0.16361281,5.20248175,0.43286240,0.05329494,0.94670506,13.21595478
104100,0.43864664,0.43864664,19,0.85043138,0.22944147,nan,0.00000000,0,0,0,0.09436896,0.01631221,0.25953951,0.27393070,0.01488971,1.24586546,0.50563884,-0.01230354,1.01230354,2.00174650
104200,1.17797995,1.17797995,13,0.72746821,0.32990885,nan,0.00000000,0,0,0,0.20407516,0.02577366,1.57200050,1.66428244,0.00320741,2.79376268,0.64460909,-0.05183000,1.05183000,14.37810636
104300,0.36982468,0.36982468,32,0.95923780,0.31311294,nan,0.00000000,0,0,0,0.21478806,0.01530747,0.16474360,0.17213848,0.03903081,3.13089800,0.45637479,0.02230565,0.97769435,3.93428659
104400,1.96592796,1.96592796,3,0.25918178,0.00887126,nan,0.00000000,0,0,0,0.17620136,0.03053289,3.51016665,3.69803572,0.31639069,2.59383965,0.55192494,0.02316310,0.97683690,19.14366341
104500,0.44862944,0.44862944,35,0.96980262,0.39684524,nan,0.00000000,0,0,0,0.13581559,0.01898259,0.33724555,0.35127583,0.09873062,1.72631216,0.47524139,-0.08342460,1.08342460,1.26412493
104600,0.39261374,0.39261374,50,0.99326205,0.38213856,nan,0.00000000,0,0,0,0.17948814,0.01808929,0.77496266,0.82025564,0.00498053,3.00898814,0.89353633,0.01798301,0.98201699,4.83672180
104700,0.24649729,0.24649729,31,0.95495080,0.20499163,nan,0.00000000,0,0,0,0.23289275,0.03036530,0.50878626,0.53846353,0.00427239,3.64434814,0.66670394,-0.04270971,1.04270971,5.87378677
104800,0.71382785,0.71382785,12,0.69880579,0.17022348,nan,0.00000000,0,0,0,0.22289613,0.03898719,11.49768448,12.17337608,0.01093861,4.59626961,1.00786543,0.00556818,0.99443182,9.44728422
104900,2.66606808,2.66606808,6,0.45118836,0.11048487,nan,0.00000000,0,0,0,0.34859395,0.03784355,9.79270267,10.35268974,0.27289999,5.00773811,1.04025078,0.06937083,0.93062917,33.00701332
105000,0.43446252,0.43446252,21,0.87754357,0.25764818,nan,0.00000000,0,0,0,0.41182607,0.03945965,2.58559895,2.73405719,0.06180372,6.25078249,0.87861782,0.06162815,0.93837185,12.03328171
105100,0.45381275,0.45381275,35,0.96980262,0.40143025,nan,0.00000000,0,0,0,0.29426873,0.02168271,0.62329173,0.65854055,0.02406215,3.22896290,0.18903874,0.15439006,0.84560994,6.22027636
105200,0.43283954,0.43283954,17,0.81731648,0.19314699,nan,0.00000000,0,0,0,0.14261736,0.01346381,1.46163201,1.54392326,0.06268115,1.54225218,0.38068005,-0.05141714,1.05141714,2.28198469
105300,0.55432570,0.55432570,21,0.87754357,0.32873033,nan,0.00000000,0,0,0,0.14533247,0.02197191,0.79313755,0.83757591,0.03768646,1.89827204,0.56634432,-0.04432535,1.04432535,2.06791091
105400,0.31469864,0.31469864,46,0.98994816,0.30223495,nan,0.00000000,0,0,0,0.14273886,0.01296224,0.84946990,0.89894408,0.00840984,2.41252971,0.22326119,-0.09739081,1.09739081,0.96457782
105500,0.39317402,0.39317402,7,0.50341470,0.02525157,nan,0.00000000,0,0,0,0.17722335,0.02387451,0.65390587,0.69128799,0.01840973,2.45849085,0.63023406,-0.05283823,1.05283823,3.90756118
105600,1.08873641,1.08873641,58,0.99697245,1.07561133,nan,0.00000000,0,0,0,0.11237587,0.01138071,4.47453880,4.73445368,0.05599182,1.98490286,0.41614816,-0.13910669,1.13910669,4.90210025
105700,0.14545181,0.14545181,41,0.98342732,0.13604677,nan,0.00000000,0,0,0,0.18975528,0.01137849,0.31792429,0.33433080,0.03901355,3.23235989,0.31771910,-0.03535297,1.03535297,1.20967507
105800,1.00024450,1.00024450,29,0.94497678,0.79761024,nan,0.00000000,0,0,0,0.11711642,0.01855941,4.01571989,4.25100231,0.01592772,1.93228829,0.44146782,-0.04814258,1.04814258,2.88759661
105900,0.16263907,0.16263907,23,0.89974116,0.10658479,nan,0.00000000,0,0,0,0.17693049,0.01491300,0.25131452,0.26581767,0.00476090,2.69697618,0.31719071,0.05408574,0.94591426,0.95865119
106000,0.61839283,0.61839283,43,0.98643144,0.58550697,nan,0.00000000,0,0,0,0.28967106,0.02842661,1.46734715,1.51993823,0.57329762,5.18674469,0.61059666,-0.12627701,1.12627701,10.45025571
106100,0.15813801,0.15813801,46,0.98994816,0.15187493,nan,0.00000000,0,0,0,0.11953572,0.01417887,0.07048634,0.07191895,0.04613187,1.21000159,0.21710968,-0.05171257,1.05171257,-3.70742875
106200,0.32298747,0.32298747,71,0.99917490,0.32192279,nan,0.00000000,0,0,0,0.13758628,0.02112832,0.18850297,0.19763075,0.03333093,2.44698620,0.89731193,-0.09809865,1.09809865,1.24608787
106300,0.32645175,0.32645175,77,0.99954717,0.32586085,nan,0.00000000,0,0,0,0.07664720,0.01100249,0.15001395,0.15879032,0.00081547,1.09232283,0.21347266,0.05932660,0.94067340,-4.26250839
106400,0.43556565,0.43556565,24,0.90928205,0.29774748,nan,0.00000000,0,0,0,0.08841619,0.01080339,0.19724879,0.20449507,0.07406201,1.23769486,0.31290367,-0.04806572,1.04806572,-2.12409359
106500,0.22430581,0.22430581,32,0.95923780,0.18990905,nan,0.00000000,0,0,0,0.10967561,0.02195989,0.23656204,0.24970973,0.01305191,1.85284209,0.52469569,0.01930717,0.98069283,-2.45473224
106600,0.40495008,0.40495008,42,0.98500442,0.38120116,nan,0.00000000,0,0,0,0.08528054,0.00657372,0.07058004,0.07471640,0.00026204,1.06318641,0.15607078,0.00506204,0.99493796,-4.15246868
106700,0.33780739,0.33780739,32,0.95923780,0.28600543,nan,0.00000000,0,0,0,0.15189615,0.01352579,0.18581082,0.19441099,0.03960793,2.40481114,0.39077270,-0.12567012,1.12567012,0.75390549
106800,0.47822413,0.47822413,17,0.81731648,0.21339906,nan,0.00000000,0,0,0,0.16661677,0.01197652,0.85280401,0.90294850,0.00034826,2.12568927,0.19068156,-0.04555901,1.04555901,3.04632938
106900,1.83609903,1.83609903,37,0.97527647,1.66114328,nan,0.21155584,0,0,0,0.33637834,0.02767278,10.70259953,11.33203030,0.00226205,4.80550861,0.47310966,-0.16264906,1.16264906,23.78108311
107000,0.49850368,0.49850368,23,0.89974116,0.32669217,nan,0.33226925,0,0,0,0.39165828,0.02854512,2.17270994,2.29991508,0.01021738,5.72723961,0.75912076,-0.08857176,1.08857176,11.69283390
107100,0.30941200,0.30941200,50,0.99326205,0.30115670,nan,0.24772598,0,0,0,0.32132033,0.01297823,1.38673532,1.45789266,0.17705873,3.42936635,0.26389566,-0.17378726,1.17378726,6.66295815
107200,0.85831654,0.85831654,49,0.99255342,0.83303459,nan,0.00000000,0,0,0,0.15104750,0.01164766,0.67080486,0.70623910,0.06842303,1.31723940,0.20182054,-0.11839246,1.11839246,4.45748529
107300,0.17128791,0.17128791,44,0.98772266,0.16302972,nan,0.00000000,0,0,0,0.18530896,0.01262202,0.23446894,0.24777530,0.00826085,2.55435705,0.34962618,-0.02229315,1.02229315,1.41361251
107400,0.35626322,0.35626322,59,0.99726056,0.35237538,nan,0.00000000,0,0,0,0.16108823,0.01228372,0.31147712,0.32979932,0.00000009,1.91244018,0.27112889,-0.10711530,1.10711530,1.38432248
107500,0.22394164,0.22394164,121,0.99999444,0.22393666,nan,0.00000000,0,0,0,0.10043798,0.01294590,0.14421853,0.15267149,0.00051853,1.43497610,0.18678042,-0.09941106,1.09941106,-2.72453716
107600,0.17064196,0.17064196,45,0.98889100,0.16318474,nan,0.00000000,0,0,0,0.07780732,0.01150773,0.18286429,0.19329920,0.00547080,1.25748992,0.27231842,-0.08785325,1.08785325,-5.54526442
107700,0.08524353,0.08524353,53,0.99500841,0.08355423,nan,0.00000000,0,0,0,0.11675499,0.02545437,0.06973083,0.07357655,0.00435360,1.78315163,0.58887893,0.02771085,0.97228915,-1.75014377
107800,0.16266192,0.16266192,84,0.99977513,0.16251566,nan,0.00000000,0,0,0,0.13952804,0.01397108,0.17218664,0.18100397,0.02229180,2.04551601,0.36852783,0.07129471,0.92870529,-0.70581057
107900,0.33356747,0.33356747,52,0.99448344,0.32626757,nan,0.00000000,0,0,0,0.05841837,0.01549882,0.13629803,0.14195417,0.04014349,0.77197862,0.29339564,-0.09808690,1.09808690,-3.93499258
108000,0.73374009,0.73374009,55,0.99591323,0.72181891,nan,0.00000000,0,0,0,0.22500539,0.01593360,0.32801434,0.34493500,0.04036291,3.98354673,0.35351127,-0.05525365,1.05525365,9.39092112
108100,0.19760375,0.19760375,108,0.99997960,0.19758762,nan,0.00000000,0,0,0,0.06496233,0.00759274,0.17116153,0.18111585,0.00193792,0.78854138,0.07786615,0.10189788,0.89810212,-7.03300381
108200,0.20629340,0.20629340,45,0.98889100,0.19727818,nan,0.00936764,0,0,0,0.14018294,0.01663384,0.17412251,0.18433191,0.00056305,1.76496232,0.27594167,-0.04571879,1.04571879,-1.13704720
108300,0.84985816,0.84985816,34,0.96662673,0.74196198,nan,0.00000000,0,0,0,0.15189856,0.02060910,2.01692820,2.13309884,0.04202609,2.39280605,0.64044148,-0.06871428,1.06871428,8.52001826
108400,4.39955997,4.39955997,18,0.83470111,2.13566539,nan,0.00000000,0,0,0,0.09356521,0.01364081,2.23744226,2.34085202,0.47948244,1.67338765,0.21533830,-0.15226274,1.15226274,41.53285344
108500,0.57071197,0.57071197,16,0.79810348,0.23155481,nan,0.00000000,0,0,0,0.12084503,0.01482867,0.48328596,0.51047999,0.02098812,1.63653278,0.38718596,-0.08759685,1.08759685,4.62511921
108600,0.21909851,0.21909851,45,0.98889100,0.20952369,nan,0.00000000,0,0,0,0.05426512,0.01200280,0.14510453,0.15265021,0.01682808,0.66901273,0.22395805,-0.08023084,1.08023084,-2.26108503
108700,1.68348098,1.68348098,86,0.99981589,1.68224157,nan,0.00000000,0,0,0,0.08341836,0.00818385,0.27748638,0.28272316,0.18846162,0.75268567,0.20496446,-0.02938752,1.02938752,8.74449456
108800,1.09275925,1.09275925,92,0.99989896,1.09231767,nan,0.00000000,0,0,0,0.12786955,0.00691288,0.33296746,0.34601861,0.11109783,1.37034714,0.16707897,-0.04687808,1.04687808,3.81597900
108900,0.38001943,0.38001943,69,0.99899221,0.37848983,nan,0.00000000,0,0,0,0.05141721,0.01332564,0.12479297,0.13193780,0.00333106,0.65751278,0.29741827,-0.02899818,1.02899818,-4.67583346
109000,1.42716455,1.42716455,39,0.97975809,1.31507185,nan,0.10232226,0,0,0,0.24856326,0.02280327,1.65378559,1.74385285,0.12264081,4.45465851,0.56257331,0.01492212,0.98507788,17.85857964
109100,0.15808587,0.15808587,39,0.97975809,0.14566945,nan,0.00000000,0,0,0,0.06008895,0.00939130,0.04447811,0.04678631,0.00523875,0.69969356,0.19628130,0.07980426,0.92019574,-9.13527679
109200,0.51189160,0.51189160,35,0.96980262,0.45280521,nan,0.00000000,0,0,0,0.11074544,0.00608720,1.68599367,1.78506565,0.00177045,1.22670126,0.14737076,0.01606852,0.98393148,-3.12704277
109300,0.77263284,0.77263284,54,0.99548342,0.75876849,nan,0.00000000,0,0,0,0.14973056,0.01469127,2.73962831,2.90076685,0.00027077,1.83767319,0.48988044,0.13925299,0.86074701,5.99777063
109400,0.09072963,0.09072963,56,0.99630214,0.08939503,nan,0.00000000,0,0,0,0.09440491,0.01106402,0.18027608,0.19081666,0.00108630,1.42830217,0.28668875,-0.02961337,1.02961337,-4.55488956
109500,0.41751191,0.41751191,5,0.39346934,0.01000720,nan,0.00000000,0,0,0,0.09241021,0.02158712,1.05609155,1.11814296,0.00121567,1.29055452,0.52716959,-0.01636120,1.01636120,2.44955158
109600,0.20827641,0.20827641,35,0.96980262,0.18423557,nan,0.00000000,0,0,0,0.07800210,0.01974824,0.18328279,0.19363351,0.00732061,1.49874091,0.52827972,-0.04544534,1.04544534,-3.53317636
109700,1.18162739,1.18162739,15,0.77686984,0.43040132,nan,0.00000000,0,0,0,0.17481807,0.02469802,1.66465271,1.76188695,0.01167213,2.45612431,0.45981237,0.02675476,0.97324524,11.32243156
109800,0.23771323,0.23771323,29,0.94497678,0.18955616,nan,0.00000000,0,0,0,0.08384066,0.01077069,0.12323660,0.13048023,0.00009496,1.04530299,0.19184338,0.02986117,0.97013883,-3.47105408
109900,0.17958324,0.17958324,34,0.96662673,0.15678373,nan,0.00000000,0,0,0,0.11523391,0.00802292,0.16346115,0.17214806,0.01578401,1.44026864,0.15606363,0.17637623,0.82362377,-2.72146589
110000,0.99241596,0.99241596,46,0.98994816,0.95311117,nan,0.00000000,0,0,0,0.17352203,0.02128976,2.45717621,2.59050989,0.19050403,2.84250140,0.40256143,0.14970638,0.85029362,11.02235413
110100,0.13484168,0.13484168,36,0.97267628,0.12069727,nan,0.00000000,0,0,0,0.07018550,0.01101007,0.20961383,0.22192930,0.00025087,1.17149353,0.31051362,0.00509652,0.99490348,-5.84164524
110200,1.96212792,1.96212792,12,0.69880579,0.46790027,nan,0.00000000,0,0,0,0.20578773,0.02452051,3.03952312,3.21513033,0.05420339,3.01326537,0.74279904,0.03404477,0.96595523,22.44243789
110300,0.43178692,0.43178692,100,0.99995460,0.43170852,nan,0.00000000,0,0,0,0.07217610,0.00788396,0.12023081,0.12125708,0.10278423,0.96076363,0.08016288,0.04633304,0.95366696,-4.51878850
110400,0.21926826,0.21926826,48,0.99177025,0.21213879,nan,0.00000000,0,0,0,0.06709266,0.00645098,0.05045072,0.05339700,0.00036405,0.87996536,0.10908069,0.02074654,0.97925346,-7.89793253
110500,0.34944138,0.34944138,37,0.97527647,0.31614428,nan,0.01344654,0,0,0,0.13471314,0.03588630,0.80848002,0.85585672,0.00307664,2.83999777,1.00406873,-0.03115694,1.03115694,1.41681197
110600,0.72545314,0.72545314,37,0.97527647,0.65632713,nan,0.00000000,0,0,0,0.08182795,0.01778874,0.27802455,0.29291952,0.02480990,1.20324790,0.55759841,-0.02318168,1.02318168,-0.20248350
110700,0.53517526,0.53517526,25,0.91791500,0.37993202,nan,0.00000000,0,0,0,0.15296045,0.01465040,1.76337302,1.86584294,0.02138523,2.06567216,0.30427516,0.17267083,0.82732917,3.34361806
110800,0.78023839,0.78023839,27,0.93279449,0.59070575,nan,0.00564107,0,0,0,0.06495491,0.01420763,0.49608094,0.52516770,0.00160625,1.07631791,0.41887629,0.07210510,0.92789490,2.14025664
110900,0.34671944,0.34671944,53,0.99500841,0.33984837,nan,0.00000000,0,0,0,0.11231216,0.01128820,0.29574573,0.31157601,0.02663152,1.71090746,0.27201125,0.07424001,0.92575999,0.24543059
111000,0.66519862,0.66519862,51,0.99390325,0.64912419,nan,0.00000000,0,0,0,0.18697695,0.02707701,1.90610933,2.00893903,0.15800540,2.98199630,0.56832147,0.09300138,0.90699862,7.21654081
111100,0.13656990,0.13656990,86,0.99981589,0.13646936,nan,0.01831450,0,0,0,0.05685110,0.01507305,0.06492838,0.06858858,0.00270475,0.74612021,0.23577587,0.05055483,0.94944517,-8.67393398
111200,0.51839834,0.51839834,76,0.99949955,0.51736139,nan,0.00000000,0,0,0,0.09802600,0.02348658,0.26252711,0.27467671,0.05598418,1.31178045,0.52879614,0.04497448,0.95502552,1.91589844
111300,0.14098375,0.14098375,62,0.99797057,0.13984276,nan,0.00000000,0,0,0,0.06568359,0.00940907,0.28871977,0.30568838,0.00025308,0.86082947,0.15177028,0.03203834,0.96796166,-8.00698169
111400,0.73260981,0.73260981,96,0.99993227,0.73241135,nan,0.00000000,0,0,0,0.11162800,0.01116344,0.56472397,0.59716368,0.01324852,1.71557295,0.28459808,-0.13254100,1.13254100,2.47713161
111500,1.21591377,1.21591377,11,0.66712892,0.24084733,nan,0.00000000,0,0,0,0.12449203,0.03006623,0.15928282,0.15608196,0.21369743,1.71354043,0.55354190,0.02992193,0.97007807,12.09327730
111600,0.12494116,0.12494116,39,0.97975809,0.11512800,nan,0.00000000,0,0,0,0.08552442,0.00894783,0.08649965,0.09158606,0.00003050,0.96046871,0.15600127,0.12038459,0.87961541,-6.42405367
111700,0.39052179,0.39052179,44,0.98772266,0.37169382,nan,0.16358892,0,0,0,0.10190204,0.02492893,0.24819115,0.25828990,0.07651231,1.28309357,0.41666624,0.06978942,0.93021058,-1.86992184
111800,0.27261734,0.27261734,76,0.99949955,0.27207202,nan,0.04480169,0,0,0,0.11572175,0.01622512,0.17168416,0.17928439,0.04248006,1.55065048,0.44267526,-0.05597243,1.05597243,0.63734047
111900,0.21865067,0.21865067,18,0.83470111,0.10613895,nan,0.00000000,0,0,0,0.12882543,0.01513652,0.38018778,0.40067628,0.03188338,1.92556441,0.36234558,0.14113172,0.85886828,-3.33813977
112000,1.01291406,1.01291406,68,0.99888622,1.00840896,nan,0.00000000,0,0,0,0.27630416,0.01733047,2.60283542,2.75554395,0.00678779,4.46984291,0.38564622,0.13122200,0.86877800,13.74699879
112100,2.72080398,2.72080398,79,0.99962926,2.71677134,nan,0.00000000,0,0,0,0.13496238,0.02018169,2.64977384,2.80341148,0.03793597,1.48099828,0.52744937,0.19030239,0.80969761,29.04532528
112200,0.39539868,0.39539868,63,0.99816370,0.39250238,nan,0.00000000,0,0,0,0.12398885,0.01580571,1.33598590,1.41343117,0.01941621,1.84230125,0.20878869,-0.01253915,1.01253915,0.80968219
112300,0.33954445,0.33954445,19,0.85043138,0.17760441,nan,0.00000000,0,0,0,0.07247532,0.01347522,0.47419703,0.50050312,0.02699307,1.07043326,0.34169701,-0.01172520,1.01172520,-4.51545842
112400,0.21692377,0.21692377,61,0.99775713,0.21498419,nan,0.00000000,0,0,0,0.12897515,0.01662829,0.42400974,0.44894937,0.00003565,2.13636446,0.42046055,0.10638656,0.89361344,0.78976068
112500,0.17395298,0.17395298,25,0.91791500,0.12349283,nan,0.00000000,0,0,0,0.07173555,0.02689832,0.22188838,0.23482631,0.00194363,1.32741189,0.63351268,-0.11586165,1.11586165,-5.01012897
112600,0.45336759,0.45336759,141,0.99999925,0.45336623,nan,0.00000000,0,0,0,0.08772912,0.01029834,0.31518930,0.33137926,0.03995983,1.41827559,0.23492080,-0.02376934,1.02376934,-2.65745780
112700,0.57897913,0.57897913,80,0.99966454,0.57820262,nan,0.00000000,0,0,0,0.05846781,0.01497059,0.22649676,0.23031554,0.16157755,0.89190990,0.26106080,0.00678141,0.99321859,-3.46463752
112800,2.01853943,2.01853943,51,0.99390325,1.96976169,nan,0.00000000,0,0,0,0.06379348,0.00859098,0.46401554,0.48695946,0.07396886,0.79740208,0.22397661,-0.10154799,1.10154799,9.67297697
112900,0.14639266,0.14639266,132,0.99999815,0.14639157,nan,0.07242801,0,0,0,0.11459175,0.01501350,0.14295194,0.15097713,0.00652366,1.84164131,0.29476851,0.03453722,0.96546278,-2.13330005
113000,0.86450446,0.86450446,37,0.97527647,0.78212871,nan,0.00000000,0,0,0,0.20267488,0.01757080,2.28322220,2.41000628,0.12788974,2.75307083,0.31921619,0.16017808,0.83982192,9.21856060
113100,0.67070770,0.67070770,45,0.98889100,0.64139711,nan,0.00000000,0,0,0,0.15013137,0.00990089,0.44393963,0.46496430,0.08652068,1.83078301,0.19407946,0.05926580,0.94073420,3.23183823
113200,0.30705974,0.30705974,60,0.99752125,0.30402654,nan,0.00000000,0,0,0,0.10738299,0.00995524,0.29640234,0.31123546,0.04423919,1.60303009,0.29694685,-0.04405818,1.04405818,-2.70334351
113300,0.12757261,0.12757261,28,0.93918994,0.09925929,nan,0.00000000,0,0,0,0.04766345,0.01129863,0.13553640,0.14333892,0.00289366,0.76603478,0.33296457,-0.11804629,1.11804629,-9.76475684
113400,0.15994291,0.15994291,58,0.99697245,0.15801474,nan,0.00000000,0,0,0,0.11304443,0.01984799,0.48609415,0.51367962,0.01714107,2.18850923,0.53748775,0.05185549,0.94814451,-1.07721007
113500,0.40131584,0.40131584,118,0.99999250,0.40130379,nan,0.10700185,0,0,0,0.07811695,0.02053586,0.43077883,0.45162463,0.07640030,1.20102262,0.50708091,-0.01889362,1.01889362,-5.18501174
113600,0.67830247,0.67830247,123,0.99999545,0.67829012,nan,0.00000000,0,0,0,0.10430680,0.02320315,3.93758678,4.16609573,0.05293903,1.95955467,0.45086342,0.15258195,0.84741805,1.85922241
113700,0.22556554,0.22556554,68,0.99888622,0.22456230,nan,0.00000000,0,0,0,0.11295606,0.01302895,0.38192332,0.40419507,0.00330295,1.38596892,0.18664628,0.02728809,0.97271191,-3.60745978
113800,1.90502930,1.90502930,105,0.99997246,1.90481947,nan,0.00000000,0,0,0,0.07169114,0.01390574,0.48917568,0.51302600,0.08372054,0.90602994,0.29357857,-0.05716664,1.05716664,12.01559289
113900,0.77435303,0.77435303,24,0.90928205,0.52933848,nan,0.06593947,0,0,0,0.10875215,0.02109975,0.74697757,0.78520215,0.09716067,1.40028608,0.39171112,0.03500562,0.96499438,6.15625763
114000,0.29777116,0.29777116,62,0.99797057,0.29536128,nan,0.08055763,0,0,0,0.30386263,0.01993556,1.02425420,1.07522953,0.15767305,4.57702208,0.31997386,0.16505005,0.83494995,8.19264698
114100,0.23763312,0.23763312,50,0.99326205,0.23129293,nan,0.00000000,0,0,0,0.11913995,0.01645979,0.42354116,0.44673103,0.02931329,2.21929741,0.65313518,-0.06855503,1.06855503,-1.51216567
114200,0.65307367,0.65307367,28,0.93918994,0.50813124,nan,0.00000000,0,0,0,0.06874762,0.01213757,0.71600747,0.75797331,0.00258662,1.14941490,0.15669782,0.06795247,0.93204753,-0.82353890
114300,0.24108781,0.24108781,76,0.99949955,0.24060556,nan,0.08718149,0,0,0,0.05487031,0.01731776,0.27232563,0.28827000,0.00127122,0.77318168,0.31071520,0.17757713,0.82242287,-8.48191261
114400,0.65342981,0.65342981,46,0.98994816,0.62755061,nan,0.03043317,0,0,0,0.10037690,0.01231384,0.51245368,0.53983533,0.04696580,1.22906160,0.32526258,0.16035751,0.83964249,-0.35413848
114500,0.28662792,0.28662792,58,0.99697245,0.28317252,nan,0.01097511,0,0,0,0.12249833,0.01110503,0.29348457,0.30932450,0.02420470,1.31155574,0.25105664,0.00833801,0.99166199,nan
114600,0.28990629,0.28990629,46,0.98994816,0.27842451,nan,0.07160342,0,0,0,0.10928933,0.01581472,0.13312124,0.13936518,0.02697415,1.53674722,0.62681073,-0.10024360,1.10024360,-1.80551296
114700,0.12624314,0.12624314,148,0.99999963,0.12624296,nan,0.00000000,0,0,0,0.10796028,0.01132574,0.09213469,0.09750505,0.00083864,1.40207446,0.20426863,0.01880561,0.98119439,-5.67284572
114800,0.45937762,0.45937762,127,0.99999695,0.45937201,nan,0.00000000,0,0,0,0.09251598,0.01331450,0.23167279,0.24410467,0.02033090,0.77369082,0.20060016,-0.02754991,1.02754991,-4.11469603
114900,0.58741850,0.58741850,44,0.98772266,0.55909768,nan,0.00000000,0,0,0,0.10486382,0.00668362,0.68158138,0.72097540,0.01188289,0.80557084,0.15152690,-0.12342191,1.12342191,-3.18072367
115000,0.55120164,0.55120164,76,0.99949955,0.55009907,nan,0.00000000,0,0,0,0.29085988,0.02143658,1.65698743,1.73846769,0.27182132,4.45937777,0.35952437,-0.22918827,1.22918827,10.10021257
115100,0.42650059,0.42650059,20,0.86466472,0.23840238,nan,0.18536590,0,0,0,0.10875218,0.01821982,0.36147249,0.37921929,0.05977701,1.12063849,0.31548914,0.04610136,0.95389864,-0.63114417
115200,0.56161481,0.56161481,14,0.75340304,0.18094560,nan,0.48427747,0,0,0,0.43087122,0.02396604,4.29764986,4.52145386,0.49297461,6.33219337,0.46869448,0.09756859,0.90243141,12.99540257
115300,0.54058224,0.54058224,99,0.99994983,0.54047375,nan,0.71299946,0,0,0,0.54613370,0.02848910,1.63056588,1.72324395,0.05503890,7.02229643,0.46420634,0.07325367,0.92674633,14.85826230
115400,0.90407819,0.90407819,0,0.00000000,0.00000000,nan,0.81894659,0,0,0,0.47948053,0.06027555,1.03423405,1.07934654,0.26732334,5.34982014,1.23811817,0.07294359,0.92705641,17.58370953
115500,0.44083291,0.44083291,39,0.97975809,0.40620891,nan,0.84263068,0,0,0,0.58561736,0.03150727,0.95921367,1.00364435,0.20389241,5.22933626,0.44472831,-0.17674235,1.17674235,11.30872917
115600,0.93665069,0.93665069,38,0.97762923,0.85560708,nan,0.72783231,0,0,0,0.35184458,0.03100309,0.85939640,0.89259195,0.29507235,3.01452470,0.61448270,-0.10416368,1.10416368,15.26251674
115700,0.28073153,0.28073153,7,0.50341470,0.01802996,nan,0.71229494,0,0,0,0.61398107,0.03434044,0.75210828,0.79584366,0.00860613,3.41876984,0.65834284,-0.02974104,1.02974104,10.60374451
115800,0.39868796,0.39868796,82,0.99972535,0.39825013,nan,0.73093241,0,0,0,0.36809346,0.03977482,2.10584855,2.22918296,0.00916488,3.04144359,0.81886232,-0.02573019,1.02573019,12.38492918
115900,0.36842990,0.36842990,10,0.63212056,0.05882400,nan,0.65371923,0,0,0,0.50083852,0.02325893,0.45061004,0.45048547,0.45272794,3.87842655,0.33093166,0.04068667,0.95931333,9.81094494
116000,0.21816720,0.21816720,86,0.99981589,0.21800658,nan,0.61024682,0,0,0,0.50855529,0.02854318,0.60451889,0.62983024,0.17422616,4.36538458,0.69969535,0.03023372,0.96976628,9.58275286
116100,0.18812756,0.18812756,89,0.99986361,0.18802495,nan,0.53378609,0,0,0,0.20896226,0.01892920,0.53645998,0.56774259,0.00465626,2.08004379,0.43228519,-0.05152363,1.05152363,1.37988961
116200,0.16042261,0.16042261,75,0.99944692,0.16006799,nan,0.32583702,0,0,0,0.23601270,0.00747079,0.55821681,0.59100771,0.00077103,2.72344899,0.18633689,0.07358942,0.92641058,1.01313826
116300,1.01313806,1.01313806,16,0.79810348,0.41106022,nan,0.20171675,0,0,0,0.17320126,0.02676366,0.44586119,0.46931586,0.04713175,1.74417138,0.58718687,0.12582754,0.87417246,10.49102879
116400,0.08093742,0.08093742,14,0.75340304,0.02607707,nan,0.24998641,0,0,0,0.28521833,0.02064797,0.11663312,0.12335242,0.00240520,3.41181517,0.40455881,-0.02865017,1.02865017,4.33138808
116500,0.25003627,0.25003627,22,0.88919684,0.15631284,nan,0.20065301,0,0,0,0.34257361,0.01514416,0.11973535,0.12463525,0.03643677,3.06597137,0.28353515,0.05483629,0.94516371,6.28843896
116600,0.37413281,0.37413281,30,0.95021293,0.30500682,nan,0.20987742,0,0,0,0.41378361,0.02031206,0.62747222,0.65580684,0.14578484,3.89280534,0.42140910,-0.26496401,1.26496401,10.06181908
116700,0.55995888,0.55995888,8,0.55067104,0.05149026,nan,0.13076186,0,0,0,0.28994566,0.03468679,0.88627142,0.93835783,0.00080253,2.19034028,0.58313662,-0.12405564,1.12405564,9.01232624
116800,0.31924725,0.31924725,60,0.99752125,0.31609366,nan,0.11168803,0,0,0,0.29697338,0.02538725,0.69435835,0.72668195,0.14485748,3.04823804,0.93426156,0.07379607,0.92620393,4.95116454
116900,1.37674963,1.37674963,16,0.79810348,0.55858825,nan,0.08794342,0,0,0,0.30360341,0.02823777,1.02838004,1.08865857,0.00364468,1.88086462,0.40583664,0.08968192,0.91031808,12.23087788
117000,0.07567249,0.07567249,112,0.99998633,0.07566835,nan,0.00000000,0,0,0,0.53990239,0.03078225,0.30973172,0.32546011,0.04234901,5.24945879,0.73251259,0.01904494,0.98095506,8.62428331
117100,0.61657679,0.61657679,196,1.00000000,0.61657678,nan,0.00000000,0,0,0,0.38106096,0.04147077,1.51863050,1.59416962,0.23446597,2.55247998,0.72074199,0.09385751,0.90614249,7.15953541
117200,0.24566057,0.24566057,44,0.98772266,0.23381670,nan,0.00000000,0,0,0,0.24806288,0.02403260,0.35252991,0.37320644,0.00102865,2.47804356,0.77419800,-0.02982753,1.02982753,3.19368920
117300,0.84404457,0.84404457,21,0.87754357,0.50054155,nan,0.00000000,0,0,0,0.35035136,0.04565140,1.35687768,1.43326759,0.05824732,2.12655902,0.70765013,0.06923961,0.93076039,12.92793751
117400,0.39870745,0.39870745,26,0.92572642,0.29280938,nan,0.00000000,0,0,0,0.30844247,0.02652579,0.50416636,0.53162944,0.03729318,2.63800740,0.64952850,0.11830193,0.88169807,6.71580231
117500,0.21793039,0.21793039,80,0.99966454,0.21763811,nan,0.00000000,0,0,0,0.28250340,0.02134419,0.44269472,0.46835074,0.00654202,3.32968998,0.62455457,-0.01852233,1.01852233,4.38330448
117600,1.88538635,1.88538635,2,0.18126925,0.00203562,nan,0.00000000,0,0,0,0.27061117,0.03914203,0.72942108,0.74633813,0.44183183,1.71047461,0.50521183,-0.20166398,1.20166398,20.75941912
117700,0.38401937,0.38401937,95,0.99992515,0.38390441,nan,0.00000000,0,0,0,0.27177796,0.02785234,0.54668450,0.57764602,0.02033786,2.85006356,0.63051146,-0.08176167,1.08176167,6.34386349
117800,0.35893959,0.35893959,23,0.89974116,0.23522946,nan,0.00000000,0,0,0,0.32857829,0.03755527,0.85293537,0.90309167,0.00027817,2.21305299,0.74741507,0.09039802,0.90960198,8.08055115
117900,0.13905284,0.13905284,67,0.99876909,0.13836945,nan,0.00000000,0,0,0,0.29883835,0.02123659,0.34331742,0.36271957,0.01348137,2.53711224,0.35452580,-0.02527565,1.02527565,4.65451646
118000,0.15479714,0.15479714,66,0.99863963,0.15395653,nan,0.00000000,0,0,0,0.40789703,0.03764031,0.78480983,0.82445097,0.11090984,4.91441727,0.75031376,-0.11449534,1.11449534,8.04282093
118100,0.49123839,0.49123839,80,0.99966454,0.49057955,nan,0.03556953,0,0,0,0.10897457,0.01761557,0.40257692,0.42089888,0.09110383,1.35850406,0.47308746,-0.05619521,1.05619521,-0.09103163
118200,1.14927328,1.14927328,175,0.99999997,1.14927316,nan,0.00000000,0,0,0,0.17212275,0.00821631,0.39417586,0.39155889,0.43866432,1.80234253,0.11099843,-0.10637245,1.10637245,9.32724190
118300,0.19565155,0.19565155,108,0.99997960,0.19563558,nan,0.00000000,0,0,0,0.16034140,0.01392590,0.91680461,0.97059488,0.00237205,1.86816645,0.16027720,0.06597177,0.93402823,-1.25329983
118400,0.51006889,0.51006889,56,0.99630214,0.50256598,nan,0.00000000,0,0,0,0.08467995,0.01877799,0.42630529,0.44887942,0.04254524,0.76235324,0.28032142,0.02285510,0.97714490,-1.13743496
118500,0.54692543,0.54692543,27,0.93279449,0.41406831,nan,0.00000000,0,0,0,0.12405864,0.01974427,0.29440698,0.30854055,0.05413647,1.75014985,0.53978616,0.01501668,0.98498332,3.16446573
118600,1.57048106,1.57048106,8,0.55067104,0.14441145,nan,0.17077130,0,0,0,0.33895862,0.03618285,1.75588393,1.80808163,0.86852062,2.57470870,0.64591193,-0.01375997,1.01375997,18.28507932
118700,0.50304234,0.50304234,16,0.79810348,0.20409923,nan,0.19883932,0,0,0,0.21895449,0.02880692,0.41259882,0.43043855,0.10932349,2.10187912,0.41241747,0.05285208,0.94714792,6.05445751
118800,0.19989330,0.19989330,29,0.94497678,0.15939797,nan,0.13028874,0,0,0,0.23617209,0.03055646,0.35648713,0.37729645,0.00272838,1.83502519,0.40115714,0.02646000,0.97354000,1.22730239
118900,0.19397743,0.19397743,158,0.99999986,0.19397732,nan,0.12186908,0,0,0,0.34492958,0.03892138,0.28751531,0.30197075,0.04177316,2.79102349,0.50479454,0.08213436,0.91786564,4.81760168
119000,1.28918314,1.28918314,109,0.99998154,1.28908796,nan,0.00895520,0,0,0,0.47334963,0.02113276,9.48537159,10.04296112,0.00634516,4.87445784,0.50814176,-0.17690275,1.17690275,18.67362976
119100,0.63366216,0.63366216,14,0.75340304,0.20415839,nan,0.00000000,0,0,0,0.26442689,0.03510156,0.67211777,0.71060437,0.01784518,2.17276740,0.75564313,0.11033120,0.88966880,7.77565873
119200,0.75749189,0.75749189,108,0.99997960,0.75743008,nan,0.00000000,0,0,0,0.19494936,0.02202759,1.36830330,1.44727731,0.02574622,2.00211239,0.39595994,0.09063252,0.90936748,7.05822086
119300,0.14179501,0.14179501,20,0.86466472,0.07925960,nan,0.00000000,0,0,0,0.37317246,0.02285149,0.38295192,0.40471396,0.01299736,2.60418439,0.42913282,-0.06862148,1.06862148,4.07050025
119400,0.29991734,0.29991734,120,0.99999386,0.29990997,nan,0.00000000,0,0,0,0.22594221,0.02792735,0.22447824,0.23560078,0.03539501,2.14370155,0.74584079,0.03582229,0.96417771,3.25174157
119500,0.31943202,0.31943202,21,0.87754357,0.18943194,nan,0.00000000,0,0,0,0.14313877,0.02845065,0.18444321,0.19211696,0.05398943,1.12235618,0.37126315,0.07198960,0.92801040,0.18856698
119600,1.35316420,1.35316420,38,0.97762923,1.23608179,nan,0.00000000,0,0,0,0.14477117,0.03164632,0.79501915,0.83782357,0.06734384,1.07964957,0.24660778,-0.04244429,1.04244429,11.03796835
119700,0.76199508,0.76199508,80,0.99966454,0.76097311,nan,0.00000000,0,0,0,0.17844258,0.02408290,0.62067103,0.65500355,0.03701790,1.86023653,0.73173106,-0.11189472,1.11189472,8.51206970
119800,0.16294444,0.16294444,114,0.99998880,0.16293714,nan,0.00781225,0,0,0,0.21283513,0.02655986,0.24906145,0.26214021,0.02672220,2.41431546,0.84069192,0.08280349,0.91719651,2.34250001
119900,0.12468760,0.12468760,83,0.99975148,0.12456370,nan,0.00000000,0,0,0,0.22356786,0.01240280,0.35259581,0.37333331,0.00005763,2.26083016,0.35811022,0.02202566,0.97797434,1.74631596
120000,0.62114984,0.62114984,56,0.99630214,0.61201297,nan,0.00000000,0,0,0,0.38694584,0.03027695,0.38774458,0.39074221,0.33678472,4.14087820,0.78720748,0.07954223,0.92045777,11.72757506
120100,0.42220107,0.42220107,6,0.45118836,0.01749649,nan,0.06087468,0,0,0,0.16021007,0.02844579,0.60904664,0.64249915,0.04035457,1.45472383,0.36530241,0.01678454,0.98321546,1.99000448
120200,0.32510111,0.32510111,82,0.99972535,0.32474409,nan,0.00000000,0,0,0,0.17891432,0.01356503,0.08040018,0.08509815,0.00053464,0.91256839,0.12973462,0.04890146,0.95109854,-1.26452219
120300,3.16034389,3.16034389,74,0.99938875,3.15262389,nan,0.04506801,0,0,0,0.31528404,0.02993848,12.78159809,13.51798248,0.26307485,2.59937572,0.54955864,0.06332898,0.93667102,39.21809006
120400,0.13249041,0.13249041,41,0.98342732,0.12392346,nan,0.06788963,0,0,0,0.24266392,0.02107106,0.75397903,0.79813457,0.00333465,2.48618031,0.46074569,-0.00201538,1.00201538,2.03902674
120500,0.30250078,0.30250078,45,0.98889100,0.28928120,nan,0.00000000,0,0,0,0.18713015,0.02494334,0.34536937,0.35985962,0.09903553,1.96014237,0.49830592,0.09321357,0.90678643,2.26818016
120600,0.17826457,0.17826457,136,0.99999876,0.17826369,nan,0.00000000,0,0,0,0.24639712,0.01866587,0.23708794,0.25064844,0.00655871,2.51563239,0.37850061,0.00960803,0.99039197,2.86439514
120700,1.02524626,1.02524626,66,0.99863963,1.01967879,nan,0.00000000,0,0,0,0.20374469,0.02603740,1.23246598,1.30108821,0.06588628,1.33218360,0.43247175,0.00795878,0.99204122,10.24748383
120800,0.46380916,0.46380916,58,0.99697245,0.45821779,nan,0.00000000,0,0,0,0.18911499,0.02085786,0.38474834,0.40648350,0.01525041,1.77533448,0.55116987,0.07062019,0.92937981,3.21440228
120900,0.39313862,0.39313862,111,0.99998489,0.39311485,nan,0.00000000,0,0,0,0.13318889,0.01682282,0.14394829,0.15027210,0.03644348,1.27311945,0.32829297,-0.14496329,1.14496329,-0.98335183
121000,0.36150482,0.36150482,112,0.99998633,0.36148505,nan,0.00000000,0,0,0,0.45250082,0.01752151,1.54969645,1.63812160,0.04646725,5.42360163,0.37035620,-0.06379185,1.06379185,11.19331455
121100,0.06111942,0.06111942,146,0.99999954,0.06111931,nan,0.03928035,0,0,0,0.10033251,0.01421127,0.10100611,0.10685590,0.00155967,1.14021027,0.26662835,0.01478313,0.98521687,-5.76265685
121200,0.16475780,0.16475780,111,0.99998489,0.16474784,nan,0.00000000,0,0,0,0.15902038,0.01337539,0.44028452,0.46616536,0.00030993,2.12644672,0.36907065,0.08289640,0.91710360,-0.21659981
121300,0.61511874,0.61511874,94,0.99991728,0.61491523,nan,0.00000000,0,0,0,0.20402639,0.01388019,0.25324735,0.24963440,0.31466696,2.15274811,0.27035159,0.06275719,0.93724281,4.70600112
121400,0.15193728,0.15193728,18,0.83470111,0.07375446,nan,0.00000000,0,0,0,0.22482266,0.02252332,0.27447599,0.29056495,0.00096365,2.31443906,0.44144896,0.10460148,0.89539852,3.56097203
121500,0.17531940,0.17531940,63,0.99816370,0.17403519,nan,0.00000000,0,0,0,0.26017487,0.01476939,0.28318524,0.29886475,0.01663348,2.09804749,0.25239575,0.10449592,0.89550408,-0.67296973
121600,0.47299644,0.47299644,182,0.99999999,0.47299642,nan,0.00000000,0,0,0,0.15331875,0.01545061,0.33895189,0.35888770,0.00004302,1.61858857,0.46294567,0.05655081,0.94344919,2.41047448
121700,0.45087799,0.45087799,87,0.99983341,0.45057763,nan,0.00000000,0,0,0,0.08738516,0.01459965,0.10204729,0.10362579,0.07521266,1.00142145,0.22621676,0.12186229,0.87813771,-2.86542074
121800,0.24564351,0.24564351,60,0.99752125,0.24321699,nan,0.00000000,0,0,0,0.20113714,0.01786968,0.23113076,0.23989557,0.08212920,1.70780754,0.31674150,-0.09619107,1.09619107,-0.96261787
121900,0.25467497,0.25467497,84,0.99977513,0.25444598,nan,0.00000000,0,0,0,0.13455440,0.01102028,0.44081819,0.46671987,0.00048947,1.50691092,0.20566821,0.07503722,0.92496278,-3.40115750
122000,0.32588810,0.32588810,172,0.99999997,0.32588805,nan,0.00000000,0,0,0,0.31328234,0.01982679,0.19953029,0.20433705,0.11781525,4.66451454,0.32699844,0.15865323,0.84134677,7.96534479
122100,1.13203490,1.13203490,86,0.99981589,1.13120147,nan,0.00000000,0,0,0,0.07603425,0.02336456,1.69417679,1.79380894,0.00043177,1.22196472,0.64030010,-0.08323054,1.08323054,10.94026589
122200,0.20901534,0.20901534,228,1.00000000,0.20901534,nan,0.00000000,0,0,0,0.09555597,0.00798139,0.16562837,0.17497486,0.00673833,1.51479757,0.09069051,0.03456047,0.96543953,-5.34189010
122300,0.16604805,0.16604805,217,1.00000000,0.16604805,nan,0.00000000,0,0,0,0.06571727,0.00794166,0.13951580,0.14770688,0.00026707,0.91047817,0.18183064,-0.01055640,1.01055640,-9.10107708
122400,0.23953226,0.23953226,85,0.99979653,0.23933737,nan,0.00000000,0,0,0,0.13241407,0.01053784,0.18823831,0.19554818,0.06397057,1.76068413,0.19263098,-0.03948555,1.03948555,-1.77216621
122500,0.41645911,0.41645911,77,0.99954717,0.41570529,nan,0.00000000,0,0,0,0.09324741,0.01320815,0.09321400,0.09463225,0.06910362,1.36983144,0.30934206,0.03363165,0.96636835,-2.57449499
122600,0.56746554,0.56746554,95,0.99992515,0.56729566,nan,0.00000000,0,0,0,0.10831002,0.02299014,0.35709655,0.37518287,0.04962920,1.54568624,0.44785964,0.21381086,0.78618914,3.22691262
122700,0.44835696,0.44835696,88,0.99984927,0.44808669,nan,0.00000000,0,0,0,0.04332499,0.00793511,0.10969859,0.11596838,0.00311187,0.61079401,0.18575054,0.03311232,0.96688768,-7.73954082
122800,0.33891380,0.33891380,209,1.00000000,0.33891380,nan,0.00000000,0,0,0,0.07216123,0.01063571,0.26134589,0.27479827,0.03265544,0.92051530,0.13306227,0.08691464,0.91308536,-4.51343298
122900,0.10356685,0.10356685,194,1.00000000,0.10356685,nan,0.00000000,0,0,0,0.15645331,0.01005122,0.10310422,0.10863530,0.00907590,2.34557247,0.31034711,0.07265872,0.92734128,-0.91940755
123000,0.31722957,0.31722957,127,0.99999695,0.31722570,nan,0.00000000,0,0,0,0.35208333,0.01717042,0.25578600,0.26044750,0.17654030,5.11476374,0.46165958,0.24832316,0.75167684,8.62231958
123100,0.15938851,0.15938851,165,0.99999993,0.15938847,nan,0.00000000,0,0,0,0.13981952,0.02181937,0.13611326,0.14371301,0.00691742,1.58515334,0.50277722,-0.04214527,1.04214527,-1.13263923
123200,0.63291681,0.63291681,183,0.99999999,0.63291678,nan,0.00000000,0,0,0,0.09523550,0.01039871,0.96023697,1.01646698,0.00432672,1.21978509,0.20816010,-0.20387103,1.20387103,2.18410671
123300,0.44307628,0.44307628,151,0.99999972,0.44307579,nan,0.00000000,0,0,0,0.11085080,0.00884057,0.69538921,0.73626190,0.00055321,1.70285857,0.22883910,0.02022509,0.97977491,-1.83852459
123400,0.23298608,0.23298608,78,0.99959027,0.23260446,nan,0.00000000,0,0,0,0.10194436,0.01060328,0.15314576,0.16198708,0.00284312,1.38345695,0.13355896,0.04782514,0.95217486,-4.70470424
123500,0.88879192,0.88879192,83,0.99975148,0.88790873,nan,0.00000000,0,0,0,0.08169336,0.01335184,1.79513252,1.89764094,0.05249030,1.08615017,0.28037107,-0.00971184,1.00971184,2.48392212
123600,0.10821143,0.10821143,142,0.99999932,0.10821113,nan,0.00000000,0,0,0,0.10208681,0.01581445,0.08442628,0.08840032,0.01686769,1.14082849,0.34539127,0.07008946,0.92991054,-4.31439765
123700,0.08846836,0.08846836,89,0.99986361,0.08842010,nan,0.00000000,0,0,0,0.10523891,0.01605006,0.08635245,0.09141219,0.00033677,1.61871958,0.25201014,0.00497357,0.99502643,-4.06173633
123800,0.07209851,0.07209851,222,1.00000000,0.07209851,nan,0.00000000,0,0,0,0.07300226,0.01035353,0.04275664,0.04520186,0.00118788,0.88927066,0.16873325,-0.00573551,1.00573551,-7.52825630
123900,0.24526957,0.24526957,75,0.99944692,0.24472740,nan,0.00000000,0,0,0,0.08750689,0.01041204,0.31488979,0.33338407,0.00048688,1.21262467,0.33178544,-0.02206694,1.02206694,-3.98608673
124000,0.24431276,0.24431276,106,0.99997508,0.24428841,nan,0.00000000,0,0,0,0.27969804,0.01859487,0.27184913,0.28194070,0.10029212,3.99656248,0.42660230,0.21159312,0.78840688,5.88985646
124100,0.73295158,0.73295158,59,0.99726056,0.72495300,nan,0.00000000,0,0,0,0.13477458,0.01709133,0.22082652,0.22061786,0.22437389,1.39563942,0.37742674,0.01914692,0.98085308,1.36803865
124200,0.30830634,0.30830634,147,0.99999959,0.30830583,nan,0.00000000,0,0,0,0.14480911,0.00839012,0.36885777,0.39035892,0.00333830,1.87991083,0.12301937,-0.03131356,1.03131356,-0.94629459
124300,0.75411510,0.75411510,44,0.98772266,0.71775745,nan,0.00000000,0,0,0,0.08052175,0.01490012,0.20385762,0.20729086,0.14549242,0.96990901,0.27913901,-0.06717539,1.06717539,0.07508073
124400,0.60371703,0.60371703,56,0.99630214,0.59483659,nan,0.00000000,0,0,0,0.14583552,0.01548271,0.34801176,0.36797130,0.00869922,2.40959263,0.50302213,0.03727171,0.96272829,2.70200372
124500,0.71991038,0.71991038,84,0.99977513,0.71926306,nan,0.01120999,0,0,0,0.10960494,0.02013241,3.28643298,3.47297931,0.11514409,1.95778990,0.35697907,-0.02269930,1.02269930,3.21996295
124600,0.33620894,0.33620894,74,0.99938875,0.33538766,nan,0.00000000,0,0,0,0.14673620,0.00853600,0.09895876,0.10457537,0.00347642,1.32032442,0.18050630,-0.02006022,1.02006022,-1.72167778
124700,0.15227145,0.15227145,151,0.99999972,0.15227128,nan,0.06378318,0,0,0,0.15048969,0.01067914,1.09950125,1.16408634,0.00155724,2.40971327,0.18277624,0.00408783,0.99591217,-1.55414355
124800,0.56037623,0.56037623,115,0.99998987,0.56035352,nan,0.00258287,0,0,0,0.16731861,0.00882664,4.16188622,4.40581131,0.01517050,2.36953878,0.22764704,-0.01802707,1.01802707,1.65384924
124900,0.26673332,0.26673332,81,0.99969646,0.26640961,nan,0.00000000,0,0,0,0.08940567,0.01213162,0.25158060,0.26514187,0.02103882,1.25388265,0.35042438,0.08994581,0.91005419,-4.27027631
125000,0.69661099,0.69661099,102,0.99996283,0.69650742,nan,0.00000000,0,0,0,0.32949358,0.02563849,0.78895384,0.82358366,0.20024696,3.91313767,0.74568379,0.16342189,0.83657811,10.69324525
125100,0.54091185,0.54091185,98,0.99994455,0.54079189,nan,0.00000000,0,0,0,0.04652521,0.01155237,0.35498282,0.37465817,0.02050185,0.49515998,0.27246714,-0.00309892,1.00309892,-2.13900764
125200,0.22833695,0.22833695,228,1.00000000,0.22833695,nan,0.00000000,0,0,0,0.07612167,0.00893977,0.09057212,0.09333628,0.04358134,0.80957544,0.14647038,0.03956501,0.96043499,-6.75836420
125300,0.41596600,0.41596600,253,1.00000000,0.41596600,nan,0.00000000,0,0,0,0.06173241,0.01019840,0.30737516,0.32387993,0.02679433,0.82358712,0.25876895,-0.02064036,1.02064036,-5.27750759
125400,0.08178245,0.08178245,110,0.99998330,0.08177699,nan,0.00000000,0,0,0,0.15397488,0.01484011,0.05556018,0.05737393,0.02472642,1.77681494,0.27625167,-0.00420009,1.00420009,-2.24050837
125500,0.36945739,0.36945739,307,1.00000000,0.36945739,nan,0.00000000,0,0,0,0.09989540,0.01969871,0.52979636,0.56093341,0.00046610,1.27690887,0.40204409,-0.00251721,1.00251721,-1.84330261
125600,0.21263546,0.21263546,199,1.00000000,0.21263546,nan,0.00000000,0,0,0,0.08332202,0.01497701,0.21664888,0.22908609,0.00521627,1.18588829,0.46463189,-0.08936171,1.08936171,-3.62445847
125700,0.31916395,0.31916395,66,0.99863963,0.31743077,nan,0.00000000,0,0,0,0.15252817,0.01704107,1.47234738,1.55895436,0.00003003,2.96577048,0.44560438,-0.04746571,1.04746571,-0.55047671
125800,0.22660518,0.22660518,125,0.99999627,0.22660180,nan,0.00000000,0,0,0,0.07859038,0.01366798,0.25118011,0.26467019,0.02184878,1.09626555,0.25858375,0.08387527,0.91612473,-5.53825531
125900,0.49302557,0.49302557,221,1.00000000,0.49302557,nan,0.00000000,0,0,0,0.03850244,0.00775934,0.18690819,0.19726163,0.01089994,0.49849477,0.13333553,-0.03724171,1.03724171,-10.70056581
126000,0.60954136,0.60954136,53,0.99500841,0.59746185,nan,0.00000000,0,0,0,0.25368446,0.02491036,0.64566994,0.67410254,0.16231449,3.74848604,0.44073513,0.23943531,0.76056469,8.65212679
126100,0.49317545,0.49317545,79,0.99962926,0.49244449,nan,0.00000000,0,0,0,0.14227335,0.01130458,0.16250131,0.17187874,0.00308481,1.81150734,0.26285988,0.12833166,0.87166834,2.51051497
126200,0.56911564,0.56911564,144,0.99999944,0.56911437,nan,0.02432139,0,0,0,0.10297099,0.02156232,0.64154488,0.67914897,0.00227635,1.24107492,0.51094913,-0.07460204,1.07460204,0.83670658
126300,0.38711438,0.38711438,39,0.97975809,0.35670954,nan,0.00000000,0,0,0,0.13301522,0.01072498,0.77557802,0.82100880,0.00325545,1.83067214,0.26555049,-0.00760524,1.00760524,-0.59475042
126400,0.23719913,0.23719913,84,0.99977513,0.23698585,nan,0.00000000,0,0,0,0.07756703,0.01639153,0.21454458,0.22673665,0.00727934,1.02262342,0.41263798,-0.02662094,1.02662094,-8.11297989
126500,0.22298203,0.22298203,164,0.99999992,0.22298197,nan,0.00000000,0,0,0,0.10460183,0.01643407,0.40706950,0.43019634,0.01391326,1.40230906,0.25588882,0.02530995,0.97469005,-3.27915390
126600,0.19571652,0.19571652,117,0.99999171,0.19571002,nan,0.00000000,0,0,0,0.10205771,0.00888807,0.36550844,0.38672942,0.00475266,1.83093309,0.16639604,-0.12426803,1.12426803,-5.54216997
126700,0.46950328,0.46950328,65,0.99849656,0.46668617,nan,0.00000000,0,0,0,0.28868121,0.01763280,2.79317141,2.95746946,0.00010324,2.84280133,0.45881954,0.05212750,0.94787250,7.59655333
126800,0.26548052,0.26548052,205,1.00000000,0.26548052,nan,0.00000000,0,0,0,0.09292564,0.01325801,0.16158526,0.17032778,0.01296224,1.44000566,0.45164013,-0.05089613,1.05089613,-3.87036383
126900,0.62179798,0.62179798,116,0.99999083,0.62177518,nan,0.00000000,0,0,0,0.09706338,0.01462761,0.40180126,0.42528570,0.00256580,1.68862283,0.34831417,0.08019603,0.91980397,-1.34208282
127000,0.06467430,0.06467430,121,0.99999444,0.06467286,nan,0.00000000,0,0,0,0.25242561,0.01560060,0.17571010,0.18509890,0.01610043,3.65096545,0.31341177,0.06360408,0.93639592,3.47108191
127100,0.39081195,0.39081195,91,0.99988833,0.39063742,nan,0.00000000,0,0,0,0.05117948,0.01051179,0.08530854,0.09032241,0.00007273,0.66325033,0.21706611,0.04434249,0.95565751,-6.59755484
127200,0.63048738,0.63048738,215,1.00000000,0.63048738,nan,0.00000000,0,0,0,0.08756273,0.00920433,0.29667521,0.31033528,0.06445390,1.36752462,0.24724515,0.07847767,0.92152233,-1.38203263
127300,0.14640242,0.14640242,46,0.98994816,0.14060413,nan,0.00000000,0,0,0,0.09313737,0.01526591,0.16725124,0.17694664,0.00242949,1.39857674,0.31918985,0.12406077,0.87593923,-5.07365115
127400,0.21853662,0.21853662,77,0.99954717,0.21814105,nan,0.10872997,0,0,0,0.08706821,0.01699380,0.15492794,0.16338222,0.01120546,0.75519049,0.23989323,0.04614993,0.95385007,-6.23512924
127500,0.47939661,0.47939661,41,0.98342732,0.44839839,nan,0.00000000,0,0,0,0.06889620,0.01761095,0.32152516,0.34037381,0.00109796,0.82101345,0.43389967,-0.02320456,1.02320456,-6.61143875
127600,0.63973278,0.63973278,237,1.00000000,0.63973278,nan,0.00000000,0,0,0,0.15843388,0.01329489,0.37672886,0.39196795,0.11766484,2.56420612,0.23096837,-0.11834735,1.11834735,3.17579579
127700,0.46432388,0.46432388,92,0.99989896,0.46413625,nan,0.00000000,0,0,0,0.04174975,0.01129665,0.07406330,0.07732578,0.01860115,0.49977624,0.13244194,-0.10843036,1.10843036,-9.52888934
127800,0.46350458,0.46350458,80,0.99966454,0.46288294,nan,0.00000000,0,0,0,0.23145206,0.01760517,0.26407695,0.26735529,0.20834528,2.16943645,0.38913170,0.02165193,0.97834807,3.83392676
127900,0.30076981,0.30076981,73,0.99932446,0.29995790,nan,0.04058903,0,0,0,0.13722323,0.01965710,0.08854589,0.09222956,0.02592333,1.57157528,0.34494925,0.15999766,0.84000234,0.40662199
128000,0.25814876,0.25814876,55,0.99591323,0.25395458,nan,0.01204602,0,0,0,0.28616512,0.02335133,0.14479508,0.14939867,0.06653396,4.02030516,0.41133678,0.11781432,0.88218568,6.11529148
128100,0.41113552,0.41113552,116,0.99999083,0.41112045,nan,0.00000000,0,0,0,0.07724639,0.01300423,0.33639926,0.35618585,0.00002699,0.96231842,0.31138203,0.14208591,0.85791409,-3.84785333
128200,0.59568101,0.59568101,41,0.98342732,0.55716373,nan,0.00000000,0,0,0,0.05143551,0.01130841,0.12285610,0.12837017,0.02911719,0.66713876,0.20468898,-0.13823443,1.13823443,-3.19288621
128300,0.53434497,0.53434497,69,0.99899221,0.53219420,nan,0.00000000,0,0,0,0.09152959,0.01452810,0.12319349,0.12602614,0.07503840,1.16066730,0.34005696,0.07239164,0.92760836,-1.83322558
128400,0.56143379,0.56143379,267,1.00000000,0.56143379,nan,0.00000000,0,0,0,0.08599841,0.01578697,0.84207654,0.89123827,0.00632635,2.16480517,0.76882136,0.08969164,0.91030836,0.93251359
128500,1.43613935,1.43613935,72,0.99925341,1.43185534,nan,0.00000000,0,0,0,0.20445734,0.02477821,1.73222172,1.83391786,0.00338606,2.09837389,0.51843429,-0.10629971,1.10629971,13.85518169
128600,0.16470364,0.16470364,31,0.95495080,0.13697054,nan,0.00000000,0,0,0,0.07308218,0.01215542,0.24217479,0.25631505,0.00179070,1.03600395,0.18718219,0.00469759,0.99530241,-7.81446040
128700,0.60964882,0.60964882,138,0.99999898,0.60964635,nan,0.00000000,0,0,0,0.24361634,0.01406708,4.64507198,4.91777420,0.00914700,2.31494975,0.22580808,-0.11415248,1.11415248,6.10217126
128800,0.15115577,0.15115577,58,0.99697245,0.14933354,nan,0.00000000,0,0,0,0.08498590,0.01584098,0.07705695,0.08091726,0.01143164,1.34200621,0.58192372,0.00265196,0.99734804,-4.83119750
128900,0.34135309,0.34135309,109,0.99998154,0.34132789,nan,0.00000000,0,0,0,0.10252582,0.01426991,0.72874856,0.77131325,0.00514815,1.57724106,0.34939432,-0.07536790,1.07536790,-1.87163073
129000,0.96741730,0.96741730,181,0.99999999,0.96741725,nan,0.00000000,0,0,0,0.28761780,0.02200471,1.74112368,1.83676779,0.11517441,3.55850124,0.40302148,-0.05949665,1.05949665,13.24241877
129100,0.20481993,0.20481993,164,0.99999992,0.20481987,nan,0.00000000,0,0,0,0.10216396,0.01355607,0.10973976,0.11522442,0.01650033,1.27677250,0.35965219,0.05575371,0.94424629,-3.70689654
129200,0.25318778,0.25318778,195,1.00000000,0.25318777,nan,0.00000000,0,0,0,0.05262060,0.01297351,0.17087816,0.18015754,0.01312850,0.85005313,0.40173557,-0.13894606,1.13894606,-7.04177959
129300,0.48480865,0.48480865,144,0.99999944,0.48480757,nan,0.00000000,0,0,0,0.08179886,0.02123956,0.21660075,0.22877271,0.00967738,0.98413128,0.23278369,0.00366994,0.99633006,-0.52231383
129400,0.55568707,0.55568707,118,0.99999250,0.55567039,nan,0.00000000,0,0,0,0.10332476,0.01022366,0.27525175,0.29100844,0.00738779,1.41532528,0.26219690,0.11264238,0.88735762,-1.21992959
129500,0.80670524,0.80670524,197,1.00000000,0.80670523,nan,0.00360101,0,0,0,0.16956162,0.01977844,0.38192809,0.39714274,0.12327885,1.81453705,0.22933745,0.05929026,0.94070974,6.30475473
129600,0.90971512,0.90971512,165,0.99999993,0.90971487,nan,0.05793659,0,0,0,0.16739112,0.01254776,0.91642678,0.96998304,0.00597099,1.90124917,0.29212725,0.09811711,0.90188289,7.12668324
129700,0.43425083,0.43425083,240,1.00000000,0.43425083,nan,0.00000000,0,0,0,0.11324128,0.01719354,0.36207214,0.38272700,0.01093968,1.48079836,0.33796200,-0.03972032,1.03972032,-0.68036484
129800,0.47167116,0.47167116,122,0.99999497,0.47166167,nan,0.00000000,0,0,0,0.11961307,0.01898103,1.44867516,1.53322399,0.01134515,2.10574961,0.33811677,0.07034896,0.92965104,3.34266468
129900,0.20539720,0.20539720,53,0.99500841,0.20132677,nan,0.00000000,0,0,0,0.08264649,0.00845487,0.24269298,0.25690421,0.00110177,1.02322876,0.13503939,-0.00731916,1.00731916,-6.55810475
130000,0.27309430,0.27309430,71,0.99917490,0.27219409,nan,0.00000000,0,0,0,0.30133823,0.02793168,0.93958259,0.99272650,0.03613571,4.77132607,0.61704242,-0.02244353,1.02244353,7.22612604
130100,1.82262397,1.82262397,99,0.99994983,1.82225820,nan,0.00000000,0,0,0,0.33565369,0.01051751,1.60686564,1.68388534,0.29753050,3.22862530,0.17493986,0.04127070,0.95872930,21.36634064
130200,0.30414820,0.30414820,82,0.99972535,0.30381419,nan,0.00000000,0,0,0,0.06126971,0.01644103,0.18135269,0.19093613,0.01843436,0.87151676,0.32083830,0.00202986,0.99797014,-1.06783210
130300,0.20903987,0.20903987,166,0.99999994,0.20903982,nan,0.00000000,0,0,0,0.15292078,0.01212585,0.90111709,0.95403492,0.00151606,2.31195331,0.21180777,-0.04380781,1.04380781,0.24164718
130400,0.12568451,0.12568451,51,0.99390325,0.12264736,nan,0.00000000,0,0,0,0.13746133,0.01356489,0.10336600,0.10931479,0.00223654,1.58924139,0.09292962,-0.02414560,1.02414560,-2.78311523
130500,0.56267667,0.56267667,95,0.99992515,0.56250822,nan,0.00000000,0,0,0,0.08938327,0.01039895,2.83474851,3.00120091,0.00505563,1.45729685,0.17220375,-0.12698423,1.12698423,-1.01922604
130600,0.75042510,0.75042510,146,0.99999954,0.75042373,nan,0.00000000,0,0,0,0.09124848,0.01066035,0.80308545,0.84981966,0.00860452,1.22365487,0.17977537,-0.31334206,1.31334206,-0.47713057
130700,0.55083239,0.55083239,105,0.99997246,0.55077172,nan,0.00000000,0,0,0,0.11982351,0.01495230,0.37413087,0.39558735,0.00937053,1.29969990,0.30149233,0.05121099,0.94878901,0.46630809
130800,0.61413729,0.61413729,99,0.99994983,0.61401404,nan,0.00000000,0,0,0,0.18645757,0.02599878,0.39743015,0.41296208,0.13338709,2.36610079,0.36061779,-0.00603472,1.00603472,6.25998402
130900,0.69220012,0.69220012,156,0.99999983,0.69219966,nan,0.00000000,0,0,0,0.08485302,0.02216202,0.09107329,0.09637623,0.00092341,1.36951590,0.40222633,-0.18180013,1.18180013,2.03222957
131000,0.06257129,0.06257129,131,0.99999795,0.06257078,nan,0.00000000,0,0,0,0.24786216,0.02246501,0.16452859,0.17416607,0.00069174,3.79619312,0.50437903,0.12188667,0.87811333,3.50395147
131100,0.36092439,0.36092439,190,0.99999999,0.36092438,nan,0.11224793,0,0,0,0.10885644,0.00500974,0.44036353,0.46604228,0.00382480,2.08962727,0.17338565,0.12580450,0.87419550,-1.18977447
131200,0.38320869,0.38320869,77,0.99954717,0.38251505,nan,0.30867663,0,0,0,0.37195021,0.05788408,1.02938318,1.08118725,0.14871381,3.76785111,0.95003903,0.09187523,0.90812477,8.76594734
131300,0.45703328,0.45703328,79,0.99962926,0.45635588,nan,0.12883913,0,0,0,0.19498944,0.02714773,0.38078794,0.39793217,0.08933608,1.74238372,0.49727923,0.01621791,0.98378209,3.61256455
131400,0.52324212,0.52324212,158,0.99999986,0.52324183,nan,0.00000000,0,0,0,0.18033667,0.02155264,0.95335662,1.00597453,0.05885461,1.41180122,0.36847174,-0.07185492,1.07185492,2.69090775
131500,0.35242069,0.35242069,345,1.00000000,0.35242069,nan,0.00000000,0,0,0,0.26063496,0.02190085,0.89956409,0.95246172,0.00030609,1.73151493,0.29179299,-0.02914925,1.02914925,2.67304486
131600,0.26241910,0.26241910,12,0.69880579,0.06257796,nan,0.00000000,0,0,0,0.19147579,0.02077491,0.34732455,0.36494049,0.04785391,1.43452561,0.36954534,-0.07121717,1.07121717,0.41804218
131700,0.32675183,0.32675183,58,0.99697245,0.32281273,nan,0.00000000,0,0,0,0.19583105,0.01673597,0.45117888,0.47716776,0.00936784,1.68529940,0.29088843,0.03471335,0.96528665,2.43246543
131800,0.17474493,0.17474493,198,1.00000000,0.17474493,nan,0.00000000,0,0,0,0.15887453,0.01885582,0.23862097,0.25264990,0.00012915,1.15284121,0.20352049,0.03420999,0.96579001,-2.76005542
131900,0.75465637,0.75465637,49,0.99255342,0.73242777,nan,0.00000000,0,0,0,0.18055119,0.02152887,0.79165113,0.83755600,0.01126829,1.73956704,0.43070528,0.07759404,0.92240596,5.12073994
132000,0.23733050,0.23733050,99,0.99994983,0.23728287,nan,0.00000000,0,0,0,0.44587237,0.01845898,1.82676589,1.93343508,0.01339022,4.70837021,0.41773519,-0.04673369,1.04673369,8.80488968
132100,0.15819976,0.15819976,192,1.00000000,0.15819975,nan,0.00000000,0,0,0,0.11090782,0.01038241,0.11278362,0.11941314,0.00008195,1.04681528,0.27079344,-0.09012496,1.09012496,-4.64865148
132200,0.47632191,0.47632191,205,1.00000000,0.47632190,nan,0.00000000,0,0,0,0.09940415,0.01180135,0.15073201,0.15349495,0.10376203,1.03168130,0.27495033,0.05387039,0.94612961,-2.65267611
132300,0.33269069,0.33269069,204,1.00000000,0.33269068,nan,0.00000000,0,0,0,0.16468941,0.01285254,0.17196521,0.17938612,0.04580957,1.83714914,0.39534840,-0.07078437,1.07078437,-0.04212394
132400,0.23937389,0.23937389,57,0.99665403,0.23618619,nan,0.00000000,0,0,0,0.23313901,0.01713201,0.43930316,0.46512428,0.00034436,2.56145787,0.48499170,0.02614593,0.97385407,3.84819365
132500,0.37763584,0.37763584,46,0.98994816,0.36267951,nan,0.00000000,0,0,0,0.10234245,0.01372917,1.06730735,1.13008904,0.00001756,1.73948956,0.23030128,-0.06573662,1.06573662,-2.42739526
132600,0.33099309,0.33099309,220,1.00000000,0.33099309,nan,0.00000000,0,0,0,0.10568383,0.01096778,0.26423156,0.27972373,0.00086482,1.30388546,0.21967839,0.10995356,0.89004644,nan
132700,0.53569251,0.53569251,138,0.99999898,0.53569034,nan,0.00000000,0,0,0,0.12634139,0.03924001,1.46426833,1.55038929,0.00021378,1.76586163,0.43650410,0.07504813,0.92495187,2.77433182
132800,0.52049571,0.52049571,70,0.99908812,0.51859979,nan,0.00000000,0,0,0,0.09462517,0.01566521,1.51978731,1.60859883,0.00999101,1.49333525,0.26907226,-0.07045189,1.07045189,-0.44545376
132900,0.32921147,0.32921147,127,0.99999695,0.32920746,nan,0.00000000,0,0,0,0.08829255,0.01734446,0.29831338,0.31514388,0.01219463,1.23698509,0.44038412,0.02016682,0.97983318,-2.26632908
133000,0.51411319,0.51411319,161,0.99999990,0.51411298,nan,0.01535878,0,0,0,0.23205151,0.01876066,0.33824623,0.34548399,0.21520470,3.81519580,0.56628150,0.05720829,0.94279171,7.78202963
133100,0.54592603,0.54592603,158,0.99999986,0.54592573,nan,0.00000000,0,0,0,0.10705456,0.01345026,0.25517580,0.26608568,0.06970793,1.46794510,0.25553501,0.16305872,0.83694128,0.87556159
133200,0.71651173,0.71651173,189,0.99999999,0.71651171,nan,0.08053576,0,0,0,0.20708460,0.03565051,2.21397805,2.34173584,0.04209315,2.08739591,0.56414437,0.05378520,0.94621480,9.13286400
133300,0.73481965,0.73481965,86,0.99981589,0.73427866,nan,0.00000000,0,0,0,0.14316913,0.01843865,4.06806946,4.30734301,0.00041820,1.95067239,0.45376259,-0.09865896,1.09865896,5.29258045
133400,0.21431082,0.21431082,9,0.59343034,0.02657805,nan,0.00000000,0,0,0,0.09502485,0.01913372,0.13849325,0.14644724,0.00327567,1.61677945,0.28179270,0.05439879,0.94560121,-4.25294127
133500,0.43834755,0.43834755,51,0.99390325,0.42775494,nan,0.00000000,0,0,0,0.09098850,0.01281798,0.18158439,0.19225593,0.00016805,1.02766931,0.28292295,0.02631945,0.97368055,-1.50803497
133600,0.41784340,0.41784340,52,0.99448344,0.40869918,nan,0.00000000,0,0,0,0.12155665,0.01667731,0.79739124,0.84381247,0.00823174,1.85456467,0.31101298,0.02575033,0.97424967,-1.14281273
133700,0.11284538,0.11284538,141,0.99999925,0.11284504,nan,0.00000000,0,0,0,0.08690157,0.01399139,0.15329878,0.16231498,0.00002361,1.20737886,0.40585491,0.02054429,0.97945571,-6.03976138
133800,0.62943023,0.62943023,129,0.99999750,0.62942395,nan,0.00000000,0,0,0,0.48017025,0.03199270,3.64833403,3.86293936,0.00004601,5.70495796,0.70138484,-0.19470463,1.19470463,13.72441888
133900,0.25922039,0.25922039,80,0.99966454,0.25887273,nan,0.00000000,0,0,0,0.11909432,0.02376075,0.29822561,0.31575209,0.00027557,1.64800286,0.46447599,0.15981346,0.84018654,2.67677442
134000,0.49300417,0.49300417,113,0.99998763,0.49297977,nan,0.00000000,0,0,0,0.22588640,0.02183371,0.12865745,0.12892513,0.12410680,2.78641486,0.37660587,0.05642365,0.94357635,7.27612623
134100,0.26036826,0.26036826,156,0.99999983,0.26036808,nan,0.00000000,0,0,0,0.04577002,0.00961121,0.06221615,0.06511237,0.01298026,0.69787741,0.28573954,-0.12977217,1.12977217,-9.07585382
134200,0.06593316,0.06593316,115,0.99998987,0.06593049,nan,0.00000000,0,0,0,0.07055212,0.00878559,0.11134872,0.11784336,0.00093993,0.96414441,0.20658204,0.10488615,0.89511385,-8.21200116
134300,0.30999112,0.30999112,141,0.99999925,0.30999019,nan,0.00000000,0,0,0,0.13955909,0.01362321,1.57958174,1.67239237,0.00179900,1.87226927,0.25361109,-0.02210667,1.02210667,-0.71955223
134400,0.33045954,0.33045954,143,0.99999938,0.33045872,nan,0.00000000,0,0,0,0.09778652,0.01145992,0.12100817,0.12695715,0.01987563,1.35993207,0.26902404,0.06663057,0.93336943,-3.06745176
134500,0.31906047,0.31906047,303,1.00000000,0.31906047,nan,0.00000000,0,0,0,0.08176912,0.00822764,0.62135196,0.65755153,0.00595828,1.29091561,0.20698673,0.10496364,0.89503636,-2.73873496
134600,0.26682651,0.26682651,86,0.99981589,0.26663007,nan,0.00000000,0,0,0,0.07540857,0.02021174,0.57825828,0.61188364,0.00662785,1.43935525,0.63496852,0.12241389,0.87758611,-1.31997800
134700,0.57167822,0.57167822,233,1.00000000,0.57167822,nan,0.00000000,0,0,0,0.05684412,0.01254616,0.89932835,0.95186144,0.00626489,0.76767510,0.12028755,-0.05977175,1.05977175,-4.36599958
134800,0.57771993,0.57771993,169,0.99999995,0.57771982,nan,0.02079361,0,0,0,0.07411771,0.01689042,0.71963269,0.76196402,0.00000005,0.78614503,0.22849327,0.10620462,0.89379538,-1.16268870
134900,0.16669708,0.16669708,174,0.99999997,0.16669707,nan,0.00000000,0,0,0,0.09939341,0.00992624,0.43859446,0.46439034,0.00006405,1.43174493,0.19013840,0.01850119,0.98149881,-4.28014787
135000,0.42583001,0.42583001,88,0.99984927,0.42557332,nan,0.00000000,0,0,0,0.27034011,0.02058391,0.22809632,0.23299104,0.14488629,3.62032604,0.40520015,0.05021738,0.94978262,7.40297508
135100,1.00018144,1.00018144,10,0.63212056,0.15969027,nan,0.00000000,0,0,0,0.09702097,0.01992231,0.70480478,0.74567991,0.00992804,1.15559065,0.28728524,-0.04854536,1.04854536,3.82422730
135200,1.20763159,1.20763159,30,0.95021293,0.98450564,nan,0.00000000,0,0,0,0.21370201,0.02489462,5.67092848,5.99936056,0.08759155,2.70114136,0.33968771,-0.04346084,1.04346084,13.22009039
135300,0.28989378,0.28989378,232,1.00000000,0.28989378,nan,0.00000000,0,0,0,0.09101532,0.01052009,0.28935492,0.30484042,0.02610158,1.20132828,0.18355577,0.10162671,0.89837329,-3.18824212
135400,1.29155481,1.29155481,56,0.99630214,1.27255654,nan,0.00000000,0,0,0,0.11917950,0.01270327,2.21220303,2.34209061,0.00411338,1.57974267,0.30353129,-0.03184338,1.03184338,8.48999993
135500,0.23293217,0.23293217,116,0.99999083,0.23292363,nan,0.03773929,0,0,0,0.09688819,0.01147968,0.35399711,0.37301904,0.03062440,1.16986585,0.17473288,0.07675074,0.92324926,-4.93239301
135600,0.19602582,0.19602582,13,0.72746821,0.05489962,nan,0.00000000,0,0,0,0.14323001,0.01525062,0.12258926,0.12975858,0.00071080,1.64944768,0.29971150,0.12316349,0.87683651,-1.53541187
135700,0.36273891,0.36273891,86,0.99981589,0.36247185,nan,0.00000000,0,0,0,0.05485207,0.00854558,0.08266913,0.08580203,0.02940995,0.71794730,0.25370032,0.06052850,0.93947150,-6.93988538
135800,0.81955016,0.81955016,129,0.99999750,0.81954197,nan,0.00000000,0,0,0,0.10007172,0.02382746,0.22409886,0.23613469,0.01948970,1.73077393,0.54408723,-0.05464590,1.05464590,2.40160325
135900,0.27003825,0.27003825,169,0.99999995,0.27003820,nan,0.00000000,0,0,0,0.03741980,0.00907458,0.10972127,0.11592551,0.00424909,0.51452041,0.11800509,-0.10214171,1.10214171,-9.51508737
136000,0.84908432,0.84908432,104,0.99996957,0.84898096,nan,0.00000000,0,0,0,0.17402700,0.02605518,0.19022998,0.18655279,0.25274232,2.30509734,0.39481413,0.09218578,0.90781422,7.46894670
136100,3.96358991,3.96358991,182,0.99999999,3.96358971,nan,0.00000000,0,0,0,0.11127157,0.00623190,0.89824814,0.92525810,0.43907791,0.98298520,0.14183803,-0.11953880,1.11953880,34.71975454
136200,0.14090183,0.14090183,110,0.99998330,0.14089242,nan,0.00000000,0,0,0,0.05113814,0.00830443,0.08341306,0.08770194,0.01050221,0.60019654,0.12597619,-0.03336842,1.03336842,-9.90467453
136300,0.71944827,0.71944827,266,1.00000000,0.71944827,nan,0.00000000,0,0,0,0.06823744,0.00821630,1.50455225,1.59274197,0.00532858,1.28368592,0.19372953,-0.03144975,1.03144975,-2.62129617
136400,0.25416404,0.25416404,26,0.92572642,0.18665720,nan,0.07332685,0,0,0,0.07780475,0.01190218,0.27915645,0.29556966,0.00013184,1.08210611,0.21095370,-0.03950379,1.03950379,-5.99432349
136500,0.43487251,0.43487251,122,0.99999497,0.43486376,nan,0.00000000,0,0,0,0.10738076,0.00770913,0.14736284,0.15511875,0.01551252,1.59992194,0.09446350,0.04198261,0.95801739,-3.14104447
136600,0.17583925,0.17583925,42,0.98500442,0.16552688,nan,0.00000000,0,0,0,0.09947117,0.01346111,0.17740212,0.18685897,0.01663582,1.49590957,0.26758471,-0.02809230,1.02809230,-4.71105558
136700,0.39151725,0.39151725,174,0.99999997,0.39151721,nan,0.00000000,0,0,0,0.05994150,0.00564391,0.10733236,0.11219008,0.02475102,0.98894763,0.10145402,-0.09742976,1.09742976,-7.76310110
136800,0.51923341,0.51923341,85,0.99979653,0.51881094,nan,0.00000000,0,0,0,0.04335755,0.01760334,0.45735672,0.48393491,0.00552698,0.63181072,0.36488849,-0.02928019,1.02928019,-6.04283690
136900,0.14444581,0.14444581,152,0.99999975,0.14444566,nan,0.00000000,0,0,0,0.10130111,0.00970256,0.12655208,0.13382511,0.00291069,1.46982598,0.17884098,0.06567430,0.93432570,-4.61421633
137000,1.08387864,1.08387864,109,0.99998154,1.08379861,nan,0.00000000,0,0,0,0.19901711,0.03244288,0.38702968,0.39224347,0.29839477,2.35424209,0.57267565,0.08876210,0.91123790,12.48149586
137100,0.29205871,0.29205871,166,0.99999994,0.29205863,nan,0.00000000,0,0,0,0.07110214,0.01018444,0.60454100,0.63965940,0.00752803,1.05266237,0.19331354,-0.02599830,1.02599830,-5.90301387
137200,0.52607173,0.52607173,109,0.99998154,0.52603289,nan,0.00000000,0,0,0,0.08654907,0.01279187,0.27975580,0.29498273,0.02089790,1.32397425,0.30987871,0.17606852,0.82393148,-1.34012840
137300,0.26552662,0.26552662,174,0.99999997,0.26552659,nan,0.00000000,0,0,0,0.05577576,0.01106343,0.20187102,0.21335413,0.00665825,0.88946986,0.09622897,-0.05205355,1.05205355,-6.36297003
137400,0.95282406,0.95282406,302,1.00000000,0.95282406,nan,0.00000000,0,0,0,0.06888967,0.01052995,0.52578938,0.55654937,0.00286980,0.92146164,0.15751025,-0.18188007,1.18188007,1.94226662
137500,0.26503462,0.26503462,19,0.85043138,0.13863079,nan,0.00000000,0,0,0,0.22683464,0.01919564,0.32021916,0.33887079,0.00314121,1.97164893,0.35656297,-0.03223020,1.03223020,2.14271152
137600,0.27176917,0.27176917,57,0.99665403,0.26815006,nan,0.00000000,0,0,0,0.05456740,0.00808487,0.05729865,0.06064686,0.00037922,0.63252085,0.11929231,-0.06830166,1.06830166,-7.52180874
137700,0.98574817,0.98574817,86,0.99981589,0.98502244,nan,0.00000000,0,0,0,0.03028182,0.01241592,0.23662427,0.25044528,0.00166681,0.59858382,0.41634881,-0.05191819,1.05191819,8.53268878
137800,0.21589208,0.21589208,43,0.98643144,0.20441103,nan,0.00000000,0,0,0,0.19816285,0.02088017,0.38500246,0.40764940,0.00000426,2.06734991,0.62455416,0.03480691,0.96519309,1.54661560
137900,0.34733373,0.34733373,374,1.00000000,0.34733373,nan,0.00000000,0,0,0,0.09259354,0.00741890,0.22973940,0.24294068,0.00531729,1.16240025,0.13828166,0.06139556,0.93860444,-3.75826368
138000,1.96573877,1.96573877,172,0.99999997,1.96573851,nan,0.00000000,0,0,0,0.19533485,0.02549650,1.38213742,1.43394709,0.50137240,2.63799429,0.70010084,-0.06358102,1.06358102,21.24343967
138100,0.82550704,0.82550704,93,0.99990858,0.82520520,nan,0.03363105,0,0,0,0.14067467,0.01912232,0.46855170,0.49497521,0.01935138,2.02645040,0.37809071,-0.14808968,1.14808968,5.79487109
138200,0.94812799,0.94812799,77,0.99954717,0.94641180,nan,0.00000000,0,0,0,0.22590129,0.02323577,0.55224895,0.58202690,0.04602350,1.57337105,0.41503680,-0.03202417,1.03202417,9.54287020
138300,0.50485349,0.50485349,251,1.00000000,0.50485349,nan,0.00000000,0,0,0,0.08655933,0.00709304,0.09845074,0.10367217,0.00968648,0.84683347,0.15917800,-0.12379855,1.12379855,-3.18851727
138400,1.23112440,1.23112440,272,1.00000000,1.23112440,nan,0.00000000,0,0,0,0.17471652,0.02207316,1.25475597,1.32771635,0.01442860,1.93569350,0.53820205,-0.02241514,1.02241514,9.25952784
138500,1.00568032,1.00568032,29,0.94497678,0.80194485,nan,0.18572313,0,0,0,0.15887976,0.04308676,0.55676901,0.58951783,0.00003924,2.28541183,1.21988189,0.12556324,0.87443676,15.34758186
138600,0.20908600,0.20908600,35,0.96980262,0.18495171,nan,0.22037424,0,0,0,0.24827057,0.03158817,0.34297293,0.36132038,0.03106614,1.86116922,0.39983284,-0.02923393,1.02923393,2.57502401
138700,0.47964293,0.47964293,70,0.99908812,0.47789581,nan,0.08760302,0,0,0,0.20215538,0.02915831,0.70724910,0.74734390,0.02563777,1.95218194,0.58116215,-0.03964799,1.03964799,4.42866357
138800,0.51121533,0.51121533,26,0.92572642,0.37543478,nan,0.00000000,0,0,0,0.16890399,0.02686737,0.25147936,0.26612681,0.00247231,1.17520761,0.37510741,-0.12779847,1.12779847,2.79452431
138900,0.61306441,0.61306441,158,0.99999986,0.61306407,nan,0.00000000,0,0,0,0.24044164,0.02049014,0.94876438,0.99818355,0.10864078,1.69471037,0.31458905,-0.10086011,1.10086011,5.62275592
139000,0.10734931,0.10734931,149,0.99999966,0.10734916,nan,0.00000000,0,0,0,0.38755763,0.02498675,0.17253570,0.18266393,0.00035571,4.50653172,0.44787490,0.12384863,0.87615137,7.01475906
139100,2.83591533,2.83591533,25,0.91791500,2.01327514,nan,0.00000000,0,0,0,0.10549245,0.01150375,0.44304430,0.45929560,0.16677238,1.03348899,0.25746202,-0.09214791,1.09214791,28.82741356
139200,0.40458497,0.40458497,179,0.99999998,0.40458495,nan,0.00000000,0,0,0,0.09415505,0.01273240,0.73870164,0.78044266,0.02910491,1.21596408,0.26715028,-0.00167417,1.00167417,-2.33292351
139300,1.04467499,1.04467499,199,1.00000000,1.04467498,nan,0.00000000,0,0,0,0.07127113,0.00701133,3.26454782,3.45657253,0.00012581,1.11037993,0.15642136,-0.10161118,1.10161118,-0.13809741
139400,0.29200161,0.29200161,325,1.00000000,0.29200161,nan,0.00000000,0,0,0,0.05334057,0.00997182,0.11406505,0.12042349,0.00597167,0.61049950,0.20705357,0.10174787,0.89825213,-8.86955913
139500,0.63702017,0.63702017,149,0.99999966,0.63701931,nan,0.00002286,0,0,0,0.19637874,0.03301379,1.61217606,1.70665669,0.00600464,3.03130245,0.34509289,-0.10122955,1.10122955,5.84646189
139600,0.88960743,0.88960743,74,0.99938875,0.88743432,nan,0.00000000,0,0,0,0.25395119,0.02026377,0.98767620,1.03675151,0.15339726,2.59296727,0.29417187,-0.00142676,1.00142676,8.15757020
139700,0.43961170,0.43961170,138,0.99999898,0.43960992,nan,0.00000000,0,0,0,0.05505407,0.01507444,0.27519321,0.28903025,0.03996374,0.82025367,0.28308716,0.04038004,0.95961996,-0.25576019
139800,0.44346574,0.44346574,228,1.00000000,0.44346574,nan,0.00000000,0,0,0,0.07088421,0.01343613,0.65071368,0.68781179,0.02004617,1.27494478,0.35103765,0.14594340,0.85405660,-0.72703377
139900,0.12710594,0.12710594,189,0.99999999,0.12710593,nan,0.01106881,0,0,0,0.14838365,0.01882867,0.46815470,0.49557412,0.00202493,2.12873220,0.43723324,-0.01760008,1.01760008,-2.12453538
140000,0.61882335,0.61882335,118,0.99999250,0.61880477,nan,0.08734561,0,0,0,0.28786385,0.02689063,0.28082359,0.27730146,0.34070006,3.51080799,0.43651718,0.10419475,0.89580525,9.83344650
140100,0.22502279,0.22502279,116,0.99999083,0.22501454,nan,0.00000000,0,0,0,0.06712130,0.00709871,0.13948713,0.14505070,0.04490651,0.75880599,0.06566099,0.00994107,0.99005893,-7.18772936
140200,0.65288830,0.65288830,159,0.99999988,0.65288797,nan,0.00000000,0,0,0,0.09816866,0.01203933,0.24172017,0.25308561,0.04850755,1.52845526,0.29661119,0.08797206,0.91202794,-2.17738676
140300,0.44925287,0.44925287,100,0.99995460,0.44917130,nan,0.00000000,0,0,0,0.19988205,0.02547771,1.66288769,1.75085926,0.16736899,2.41416383,0.40761238,-0.01040053,1.01040053,3.88445560
140400,0.49464205,0.49464205,135,0.99999863,0.49463934,nan,0.00000000,0,0,0,0.08841448,0.01318995,0.47396818,0.50088561,0.01637125,1.30920410,0.28852716,0.10829100,0.89170900,-2.73822811
140500,0.48525217,0.48525217,144,0.99999944,0.48525109,nan,0.00000000,0,0,0,0.12344740,0.01327774,1.86830246,1.97791266,0.00492762,1.75332773,0.34880748,-0.00506105,1.00506105,0.11459239
140600,0.20340012,0.20340012,192,1.00000000,0.20340012,nan,0.00000000,0,0,0,0.16152461,0.01996498,1.01837564,1.07806683,0.00362401,2.50385547,0.56887794,0.11081481,0.88918519,-1.66190746
140700,0.37394097,0.37394097,145,0.99999950,0.37394022,nan,0.00000000,0,0,0,0.15518831,0.03546090,0.35666841,0.37065876,0.11883250,2.14567828,0.64348888,0.03868183,0.96131817,5.39584661
140800,1.22133112,1.22133112,124,0.99999588,1.22131100,nan,0.00000000,0,0,0,0.18405205,0.01516909,2.36371231,2.50166416,0.01853565,1.95292854,0.23672540,-0.06484831,1.06484831,10.59678006
140900,0.26487869,0.26487869,90,0.99987659,0.26474796,nan,0.00000000,0,0,0,0.07842296,0.01164852,0.27654064,0.29225138,0.00945772,1.44342196,0.21881281,0.16770596,0.83229404,-4.84338689
141000,0.31470826,0.31470826,164,0.99999992,0.31470817,nan,0.00000000,0,0,0,0.29473102,0.02075731,0.17845601,0.17649329,0.21182270,3.78334522,0.38241011,0.09065249,0.90934751,6.98735571
141100,0.15398502,0.15398502,252,1.00000000,0.15398502,nan,0.00000000,0,0,0,0.05207953,0.00881485,0.12518613,0.13254999,0.00000040,0.78611267,0.15458065,0.01596551,0.98403449,-10.51170087
141200,0.14972463,0.14972463,127,0.99999695,0.14972281,nan,0.00000000,0,0,0,0.07938932,0.01389284,0.03234573,0.03424303,0.00009175,1.22369063,0.35829034,0.10203856,0.89796144,-6.15002108
141300,0.22041133,0.22041133,154,0.99999979,0.22041115,nan,0.00000000,0,0,0,0.12641737,0.00982538,0.13611525,0.14409390,0.00047822,1.87616837,0.22343080,0.05537472,0.94462528,-4.69428992
141400,0.18387321,0.18387321,262,1.00000000,0.18387321,nan,0.00000000,0,0,0,0.05925539,0.00594491,0.12748696,0.13357174,0.02404558,0.65115196,0.07840437,0.00174325,0.99825675,-9.76738596
141500,0.17967446,0.17967446,59,0.99726056,0.17771370,nan,0.00000000,0,0,0,0.08894188,0.01464633,0.08935777,0.09332646,0.02188999,1.02965581,0.28092280,0.09454685,0.90545315,-4.92590666
141600,0.31813082,0.31813082,63,0.99816370,0.31580051,nan,0.00000000,0,0,0,0.28986925,0.01979773,1.01079285,1.06954050,0.01208336,3.30429554,0.34561837,-0.22308402,1.22308402,5.51944160
141700,0.29955170,0.29955170,154,0.99999979,0.29955145,nan,0.00000000,0,0,0,0.10912231,0.01378914,0.73963261,0.78313774,0.00004541,1.96073723,0.35739374,0.18698737,0.81301263,-2.23368931
141800,0.42916876,0.42916876,113,0.99998763,0.42914752,nan,0.00000000,0,0,0,0.06735643,0.00902003,0.18755955,0.19729546,0.02204911,0.97850442,0.21883032,0.02789161,0.97210839,-4.29308051
141900,0.31214783,0.31214783,191,0.99999999,0.31214782,nan,0.00000000,0,0,0,0.04765677,0.00733088,0.70251429,0.74342966,0.00695190,1.03889561,0.21099807,0.10999851,0.89000149,-10.02950986
142000,0.51062793,0.51062793,162,0.99999991,0.51062774,nan,0.00000000,0,0,0,0.23171084,0.02616265,0.23567636,0.23924592,0.17499396,2.66725826,0.41815028,0.04046029,0.95953971,5.99501252
142100,0.18983036,0.18983036,213,1.00000000,0.18983036,nan,0.00000000,0,0,0,0.10431542,0.01167467,0.42968416,0.45450577,0.00771674,1.66663122,0.22562817,0.08300655,0.91699345,-3.13566802
142200,0.16648845,0.16648845,151,0.99999972,0.16648827,nan,0.00000000,0,0,0,0.16957450,0.01355170,0.24012481,0.25157961,0.04539300,2.16184020,0.28007227,0.14543390,0.85456610,-1.25256801
142300,0.44459894,0.44459894,12,0.69880579,0.10602161,nan,0.00000000,0,0,0,0.09224029,0.01561895,0.46084151,0.48793578,0.00023887,1.22294259,0.42745626,-0.06310978,1.06310978,-0.78669453
142400,0.92507088,0.92507088,333,1.00000000,0.92507088,nan,0.00000000,0,0,0,0.06251773,0.01655800,0.31987154,0.33451417,0.07094653,0.82651395,0.33508024,0.12787192,0.87212808,3.48376700
142500,0.46574613,0.46574613,37,0.97527647,0.42136674,nan,0.00000000,0,0,0,0.18860251,0.01407449,2.82170010,2.98767853,0.00007144,2.49514675,0.18465555,-0.12013729,1.12013729,3.45591313
142600,0.41969532,0.41969532,108,0.99997960,0.41966107,nan,0.00000000,0,0,0,0.08335463,0.01392161,0.94909310,1.00472355,0.00337598,1.19524205,0.24848863,-0.06017063,1.06017063,-1.11007267
142700,0.28118792,0.28118792,205,1.00000000,0.28118792,nan,0.00000000,0,0,0,0.09399369,0.01281293,1.42825711,1.51222706,0.00076765,1.78293884,0.29989210,0.06616404,0.93383596,-3.79428339
142800,0.10031006,0.10031006,118,0.99999250,0.10030705,nan,0.00000000,0,0,0,0.06737190,0.01455491,0.11027449,0.11670321,0.00098640,1.10108638,0.27172723,-0.00789836,1.00789836,-5.98389276
142900,0.18590297,0.18590297,283,1.00000000,0.18590297,nan,0.00000000,0,0,0,0.06617653,0.02210915,0.03019327,0.03151810,0.00767117,0.83610773,0.32555264,-0.03235271,1.03235271,-5.77788384
143000,1.36870658,1.36870658,157,0.99999985,1.36870575,nan,0.00000000,0,0,0,0.23251799,0.03456160,1.38682950,1.46402347,0.07453176,2.56438828,0.43905306,0.00535149,0.99464851,17.10033862
143100,0.25383031,0.25383031,118,0.99999250,0.25382269,nan,0.00000000,0,0,0,0.10456929,0.01248911,2.58751392,2.73969626,0.00041218,1.86200631,0.32120451,0.10938344,0.89061656,-4.02630123
143200,0.29505196,0.29505196,196,1.00000000,0.29505196,nan,0.00000000,0,0,0,0.14339602,0.01140969,1.52696657,1.61658549,0.00344592,1.91763794,0.23020299,0.01925520,0.98074480,-0.82772800
143300,0.28427231,0.28427231,67,0.99876909,0.28287524,nan,0.00000000,0,0,0,0.07998732,0.01236396,0.23072354,0.24409568,0.00339695,1.24457312,0.23676364,0.13434620,0.86565380,-3.36016393
143400,0.21934938,0.21934938,328,1.00000000,0.21934938,nan,0.00000000,0,0,0,0.05240680,0.00564428,0.10619853,0.11114500,0.02210846,0.67363572,0.13164422,-0.04916784,1.04916784,-10.03622278
143500,0.20255668,0.20255668,109,0.99998154,0.20254173,nan,0.00000000,0,0,0,0.15876555,0.01183978,0.52373236,0.55450392,0.00061532,1.82350218,0.29212174,0.01057584,0.98942416,-1.10478199
143600,0.20277722,0.20277722,143,0.99999938,0.20277672,nan,0.00000000,0,0,0,0.06648675,0.01558804,0.32344565,0.34247166,0.00000325,0.67618716,0.23568365,0.01481927,0.98518073,-6.02698350
143700,0.51546252,0.51546252,118,0.99999250,0.51544704,nan,0.00000000,0,0,0,0.06262872,0.00782947,0.15091857,0.15784752,0.03312653,0.70795935,0.18533994,0.11970390,0.88029610,-5.94031143
143800,0.18778199,0.18778199,333,1.00000000,0.18778199,nan,0.00000000,0,0,0,0.09297581,0.00669595,0.06778358,0.07115275,0.01050763,1.60628772,0.10995420,0.14528548,0.85471452,-5.11353191
143900,0.22369120,0.22369120,127,0.99999695,0.22368847,nan,0.00000000,0,0,0,0.04409282,0.00585264,0.14399070,0.15234725,0.00192942,0.55595726,0.20113832,-0.02656119,1.02656119,-9.93039926
144000,0.25587925,0.25587925,137,0.99999888,0.25587810,nan,0.00000000,0,0,0,0.24040399,0.01710540,0.79360539,0.83903313,0.02133372,3.45844364,0.35764626,0.04592991,0.95407009,5.00827376
144100,0.50801551,0.50801551,107,0.99997746,0.50796970,nan,0.00000000,0,0,0,0.06997949,0.02107013,0.15935999,0.16188455,0.11644245,0.77236068,0.26187125,0.10579347,0.89420653,-0.30494010
144200,0.42257151,0.42257151,121,0.99999444,0.42256211,nan,0.00000000,0,0,0,0.14505452,0.01640773,2.24898577,2.38091516,0.00618318,2.62767649,0.34172034,-0.01927916,1.01927916,0.75456731
144300,0.20560983,0.20560983,308,1.00000000,0.20560983,nan,0.00000000,0,0,0,0.09693939,0.00743789,0.43526980,0.46070597,0.00285504,1.32761908,0.11430788,-0.06163663,1.06163663,-4.57207453
144400,0.06380871,0.06380871,161,0.99999990,0.06380868,nan,0.00000000,0,0,0,0.05235625,0.00849341,0.09579066,0.10141005,0.00026115,0.97625798,0.18354398,-0.05763374,1.05763374,-12.15694459
144500,0.88193804,0.88193804,134,0.99999848,0.88193270,nan,0.00000000,0,0,0,0.10641774,0.01698085,0.80483150,0.84628582,0.10010801,0.99083209,0.30856848,0.02627322,0.97372678,4.48427123
144600,0.52326894,0.52326894,340,1.00000000,0.52326894,nan,0.00000000,0,0,0,0.09721497,0.00798187,0.11418746,0.11844479,0.04181297,0.78570879,0.14498812,-0.11906096,1.11906096,-2.37586494
144700,0.18934719,0.18934719,98,0.99994455,0.18930520,nan,0.00000000,0,0,0,0.16723120,0.01388025,0.72480655,0.76716238,0.00475638,2.62515330,0.19924754,-0.19952221,1.19952221,0.66072737
144800,0.20620835,0.20620835,69,0.99899221,0.20537835,nan,0.00000000,0,0,0,0.06325662,0.00756474,0.10140336,0.10691854,0.00764523,0.99435264,0.09319068,0.04490817,0.95509183,-8.89714781
144900,0.12467888,0.12467888,358,1.00000000,0.12467888,nan,0.00000000,0,0,0,0.09942044,0.00497543,0.19690588,0.20838109,0.00182723,1.79203522,0.10434706,0.11220820,0.88779180,-5.51732953
145000,0.10845754,0.10845754,211,1.00000000,0.10845754,nan,0.00000000,0,0,0,0.25125191,0.01957108,0.17571634,0.18553542,0.00879205,3.18956113,0.45350605,0.08081645,0.91918355,3.80200374
145100,0.21209267,0.21209267,386,1.00000000,0.21209267,nan,0.00000000,0,0,0,0.06831004,0.01656822,0.06098861,0.06455809,0.00030749,0.97852540,0.38788798,0.09445360,0.90554640,-6.01619071
145200,0.47667652,0.47667652,193,1.00000000,0.47667652,nan,0.00000000,0,0,0,0.05355849,0.01150055,0.62688202,0.66373330,0.00041022,0.99330068,0.25602901,-0.20116199,1.20116199,-4.76919441
145300,0.62217420,0.62217420,271,1.00000000,0.62217420,nan,0.00000000,0,0,0,0.09819151,0.01029142,0.28065902,0.29422525,0.05003275,1.20959342,0.22378285,-0.07222309,1.07222309,0.31414819
145400,0.83505464,0.83505464,219,1.00000000,0.83505463,nan,0.00000000,0,0,0,0.07893011,0.00757384,1.10849273,1.17157352,0.03611860,1.12876558,0.13026874,-0.28350546,1.28350546,-1.05333145
145500,0.28255430,0.28255430,284,1.00000000,0.28255430,nan,0.00000000,0,0,0,0.04069259,0.00411803,0.16113360,0.17049725,0.00195165,0.51934499,0.05823922,0.10385900,0.89614100,-11.51341009
145600,0.15726906,0.15726906,315,1.00000000,0.15726906,nan,0.00000000,0,0,0,0.06022577,0.00991671,0.08613083,0.09077541,0.00717318,0.97889233,0.22114865,0.06049300,0.93950700,-6.52772109
145700,0.18305270,0.18305270,520,1.00000000,0.18305270,nan,0.00000000,0,0,0,0.05715571,0.00599728,0.03655026,0.03836380,0.00572025,0.74364269,0.10700768,0.07802817,0.92197183,-8.93785048
145800,0.35109782,0.35109782,389,1.00000000,0.35109782,nan,0.00000000,0,0,0,0.08326595,0.00862220,0.17630002,0.18400487,0.04531755,0.94002831,0.18085536,-0.10711837,1.10711837,-4.36436232
145900,0.17740950,0.17740950,318,1.00000000,0.17740950,nan,0.00000000,0,0,0,0.13911280,0.01610226,0.09022191,0.09367426,0.03153188,1.52474260,0.18393272,0.13803506,0.86196494,-2.24759010
146000,0.35628274,0.35628274,269,1.00000000,0.35628274,nan,0.00000000,0,0,0,0.19824073,0.01880152,0.09886089,0.09838763,0.10690625,2.37524748,0.28912842,0.01771797,0.98228203,4.65514219
146100,0.74283659,0.74283659,4,0.32967995,0.00877533,nan,0.00000000,0,0,0,0.11770541,0.02102586,0.90162808,0.95404559,0.01053180,1.07586789,0.38091257,-0.02801846,1.02801846,2.08581682
146200,0.67327446,0.67327446,136,0.99999876,0.67327112,nan,0.10000632,0,0,0,0.13320243,0.01296403,4.83886290,5.12190294,0.02718130,1.86053896,0.17783737,0.02895985,0.97104015,0.84440410
146300,0.72397619,0.72397619,63,0.99816370,0.71867306,nan,0.02178111,0,0,0,0.13589025,0.01165403,0.73362553,0.77230692,0.07604157,1.63184237,0.19444424,0.11983680,0.88016320,2.57027725
146400,0.26270044,0.26270044,363,1.00000000,0.26270044,nan,0.00000000,0,0,0,0.04631222,0.00808098,0.10674277,0.11296955,0.00088738,0.55895931,0.14241789,0.08708634,0.91291366,-10.90473652
146500,0.26801768,0.26801768,30,0.95021293,0.21849786,nan,0.08262647,0,0,0,0.25797218,0.02994780,0.29062876,0.30772278,0.00003048,2.31799912,0.37835532,-0.09315757,1.09315757,4.21358053
146600,0.20842296,0.20842296,16,0.79810348,0.08456339,nan,0.00000000,0,0,0,0.13251986,0.02853561,0.18633606,0.19602950,0.02154759,1.33378816,0.45041192,0.10622928,0.89377072,-1.08084556
146700,0.38565409,0.38565409,155,0.99999981,0.38565381,nan,0.00000000,0,0,0,0.12930369,0.02291950,0.43442968,0.45835400,0.02771588,1.57862413,0.53215861,-0.10136822,1.10136822,-2.41005373
146800,1.26938188,1.26938188,130,0.99999774,1.26937040,nan,0.00000000,0,0,0,0.14383903,0.02204584,0.32967842,0.34874368,0.00556914,1.08974922,0.16902944,-0.18712204,1.18712204,9.44886994
146900,0.46689573,0.46689573,81,0.99969646,0.46632910,nan,0.00000000,0,0,0,0.16013442,0.02844808,0.63452780,0.66901243,0.04828978,1.42495477,0.61077923,-0.06707712,1.06707712,2.88023406
147000,0.48590359,0.48590359,188,0.99999999,0.48590358,nan,0.00000000,0,0,0,0.37468955,0.02849673,0.17472143,0.16044702,0.41738659,3.60976148,0.47860062,0.10853085,0.89146915,10.25660642
147100,0.71398222,0.71398222,200,1.00000000,0.71398222,nan,0.00000000,0,0,0,0.04943942,0.01741665,0.06482920,0.06860851,0.00058076,0.69827312,0.27849388,-0.14695755,1.14695755,-3.20779022
147200,0.25074673,0.25074673,247,1.00000000,0.25074673,nan,0.04957486,0,0,0,0.10050146,0.01033733,0.26751626,0.28314653,0.00180221,1.47134352,0.22013682,0.02996355,0.97003645,-2.16200620
147300,0.56942666,0.56942666,143,0.99999938,0.56942525,nan,0.00000000,0,0,0,0.05076163,0.01665063,0.14309853,0.15115537,0.00613236,0.56607419,0.19598004,-0.01661191,1.01661191,-1.42522109
147400,0.39669201,0.39669201,32,0.95923780,0.33586023,nan,0.07163914,0,0,0,0.17608067,0.01357194,4.32002640,4.57407188,0.00125676,3.62013674,0.38036120,0.08907546,0.91092454,-0.06760269
147500,0.16910814,0.16910814,74,0.99938875,0.16869505,nan,0.00000000,0,0,0,0.07926214,0.01148436,0.17650136,0.18565108,0.02095639,1.18001425,0.28011695,0.01381706,0.98618294,-6.71293211
147600,0.32334435,0.32334435,274,1.00000000,0.32334435,nan,0.00000000,0,0,0,0.18903969,0.02528991,1.63474333,1.73078609,0.00201810,2.12624073,0.43024248,0.07203674,0.92796326,1.76293373
147700,0.15193698,0.15193698,169,0.99999995,0.15193695,nan,0.00000000,0,0,0,0.06450710,0.01981822,0.24586865,0.26030901,0.00038257,0.85186309,0.45179427,0.01710087,0.98289913,-7.88025856
147800,0.37193680,0.37193680,71,0.99917490,0.37071077,nan,0.00000000,0,0,0,0.11218439,0.00991772,1.91625893,2.02876139,0.00371472,2.03436279,0.32655597,-0.01647526,1.01647526,-2.95323403
147900,0.98361629,0.98361629,33,0.96311683,0.84633365,nan,0.00000000,0,0,0,0.16519886,0.01460457,1.26001215,1.33241355,0.02919018,1.48748255,0.30793771,0.01333236,0.98666764,8.18188882
148000,0.16727906,0.16727906,202,1.00000000,0.16727906,nan,0.01107055,0,0,0,0.36446866,0.02509261,0.14289813,0.15119649,0.00182583,3.79809904,0.41920725,0.11476488,0.88523512,6.61813033
148100,0.74737334,0.74737334,203,1.00000000,0.74737334,nan,0.00000000,0,0,0,0.17939094,0.01470587,3.16700244,3.34674931,0.11130376,2.90626955,0.30923986,0.09905976,0.90094024,5.45106483
148200,0.50364804,0.50364804,143,0.99999938,0.50364680,nan,0.01917548,0,0,0,0.20047644,0.01975372,1.76700640,1.87041914,0.00898994,1.91841376,0.21405108,-0.01913398,1.01913398,4.11081922
148300,0.94227368,0.94227368,213,1.00000000,0.94227367,nan,0.00000000,0,0,0,0.15862705,0.03686704,3.70187473,3.91939759,0.00397864,1.92984283,0.88211459,0.00255220,0.99744780,12.32561302
148400,0.64294386,0.64294386,24,0.90928205,0.43950874,nan,0.00000000,0,0,0,0.10833750,0.02765403,0.47830370,0.50633502,0.00177088,1.45295954,0.49245760,0.16077825,0.83922175,2.28758118
148500,0.63321006,0.63321006,163,0.99999992,0.63320985,nan,0.00000000,0,0,0,0.13142510,0.01885924,0.79409826,0.84022313,0.00997583,1.14656472,0.31349766,-0.16979512,1.16979512,2.28460798
148600,0.47037208,0.47037208,185,0.99999999,0.47037206,nan,0.00000000,0,0,0,0.10225111,0.01851557,0.37038994,0.38824362,0.06687722,1.07051468,0.30317935,0.23019105,0.76980895,-1.08703558
148700,0.05015004,0.05015004,63,0.99816370,0.04978269,nan,0.00000000,0,0,0,0.15291718,0.01904078,0.08092826,0.08567916,0.00016299,1.70687890,0.31423771,-0.00780551,1.00780551,-2.40229142
148800,0.24625550,0.24625550,80,0.99966454,0.24592523,nan,0.00000000,0,0,0,0.09981674,0.01510492,0.18635580,0.19705153,0.00452832,1.15628922,0.33428085,0.03207408,0.96792592,-3.74742973
148900,0.22480975,0.22480975,139,0.99999908,0.22480892,nan,0.00000000,0,0,0,0.11258100,0.01482037,0.12653378,0.13378929,0.00318999,1.29183722,0.29029396,-0.08612014,1.08612014,-3.37409267
149000,0.09859717,0.09859717,202,1.00000000,0.09859717,nan,0.00000000,0,0,0,0.41518223,0.02923392,0.40120244,0.42471090,0.00155881,4.99482822,0.32375702,0.08640716,0.91359284,7.54828043
149100,0.17381221,0.17381221,475,1.00000000,0.17381221,nan,0.00486816,0,0,0,0.05311915,0.01511038,0.11916949,0.12516469,0.01725092,0.57719922,0.19077776,0.00412303,0.99587697,-10.75053287
149200,0.48323414,0.48323414,156,0.99999983,0.48323381,nan,0.06911482,0,0,0,0.14642483,0.03599818,0.39753586,0.41989130,0.01749379,1.77399278,0.42111567,0.16944743,0.83055257,4.44474506
149300,0.26411390,0.26411390,90,0.99987659,0.26398355,nan,0.00000000,0,0,0,0.20798329,0.02201231,0.33078966,0.35024780,0.00000108,2.04326916,0.42741445,-0.01646383,1.01646383,2.05880217
149400,0.86306643,0.86306643,70,0.99908812,0.85992268,nan,0.00000000,0,0,0,0.16367191,0.03051298,0.95784158,1.00803530,0.10454833,1.33601511,0.58486080,-0.05602339,1.05602339,11.46792340
149500,0.48054600,0.48054600,104,0.99996957,0.48048750,nan,0.00000000,0,0,0,0.28770062,0.03165367,0.29202762,0.30032298,0.15100677,1.37828207,0.44013077,0.06048061,0.93951939,5.55909804
149600,0.34371179,0.34371179,221,1.00000000,0.34371179,nan,0.00000000,0,0,0,0.26320785,0.02357710,0.33878851,0.35768059,0.01762269,1.76183569,0.43433839,0.05281419,0.94718581,3.26958007
149700,0.16823570,0.16823570,77,0.99954717,0.16793118,nan,0.00000000,0,0,0,0.22030823,0.02265784,0.21043099,0.22266020,0.00253443,1.84441841,0.46667725,0.06670289,0.93329711,1.88232869
149800,0.31962988,0.31962988,109,0.99998154,0.31960628,nan,0.00000000,0,0,0,0.14028588,0.02374730,0.26480997,0.28036225,0.00042089,1.24691570,0.41280019,0.05697308,0.94302692,1.67385491
149900,0.39893660,0.39893660,109,0.99998154,0.39890715,nan,0.00000000,0,0,0,0.13370875,0.01996904,0.26290786,0.27740261,0.01649754,0.84364665,0.22227962,-0.03236670,1.03236670,-1.33454065
