step,surprise_raw,surprise_clipped,state_action_pseudo_count,familiarity,e_t,block_E_k,W_k,block_completed,warmup_remaining,regime_change,mean_total_var,mean_epistemic_var,predictor_nll
0,10.51791668,10.51791668,0,0.00000000,0.00000000,nan,0.00000000,0,9999,0,1.00840271,0.00525350,113.08226013
100,1.62822747,1.62822747,0,0.00000000,0.00000000,nan,0.00000000,0,9899,0,1.98620713,0.51111889,45.22295252
200,6.17164707,6.17164707,0,0.00000000,0.00000000,nan,0.00000000,0,9799,0,1.65553284,0.21831445,92.13272667
300,5.54668140,5.54668140,0,0.00000000,0.00000000,nan,0.00000000,0,9699,0,1.76845574,0.17470135,100.46987661
400,2.86672425,2.86672425,0,0.00000000,0.00000000,nan,0.00000000,0,9599,0,1.68595839,0.10009851,48.85418129
500,0.96035224,0.96035224,0,0.00000000,0.00000000,nan,0.00000000,0,9499,0,2.63385415,0.20163779,35.31492360
600,4.81815147,4.81815147,0,0.00000000,0.00000000,nan,0.00000000,0,9399,0,1.52459383,0.08851214,56.23835754
700,1.62626541,1.62626541,0,0.00000000,0.00000000,nan,0.00000000,0,9299,0,2.47733426,0.18332142,37.11605453
800,4.76267433,4.76267433,0,0.00000000,0.00000000,nan,0.00000000,0,9199,0,1.67669690,0.09188892,63.60254669
900,1.40872121,1.40872121,0,0.00000000,0.00000000,nan,0.00000000,0,9099,0,3.66416001,0.19727948,39.55206223
1000,4.98465395,4.98465395,0,0.00000000,0.00000000,nan,0.00000000,0,8999,0,1.05286789,0.00281809,63.53154373
1100,3.26508641,3.26508641,0,0.00000000,0.00000000,nan,0.00000000,0,8899,0,2.14653111,0.06619158,50.84629695
1200,0.56329352,0.56329352,0,0.00000000,0.00000000,nan,0.00000000,0,8799,0,17.94391632,0.34983677,41.38666534
1300,0.43127975,0.43127975,0,0.00000000,0.00000000,nan,0.00000000,0,8699,0,7.88186836,0.29795614,27.31434488
1400,1.85020638,1.85020638,0,0.00000000,0.00000000,nan,0.00000000,0,8599,0,3.08438897,0.10554370,38.24344826
1500,1.24258268,1.24258268,0,0.00000000,0.00000000,nan,0.00000000,0,8499,0,11.19177055,0.21663918,35.75775274
1600,1.39309847,1.39309847,0,0.00000000,0.00000000,nan,0.00000000,0,8399,0,3.86766338,0.09894118,33.60422516
1700,0.30390942,0.30390942,0,0.00000000,0.00000000,nan,0.00000000,0,8299,0,34.13636780,0.35177362,31.41842461
1800,1.65353537,1.65353537,0,0.00000000,0.00000000,nan,0.00000000,0,8199,0,6.33459902,0.22667868,38.23917389
1900,0.55632818,0.55632818,0,0.00000000,0.00000000,nan,0.00000000,0,8099,0,7.75532770,0.20599300,27.90839243
2000,10.16980839,10.16980839,0,0.00000000,0.00000000,nan,0.00000000,0,7999,0,1.12389076,0.00423772,112.24531809
2100,0.32742703,0.32742703,0,0.00000000,0.00000000,nan,0.00000000,0,7899,0,13.05238819,0.25228822,26.22812424
2200,0.72072047,0.72072047,0,0.00000000,0.00000000,nan,0.00000000,0,7799,0,7.33452940,0.12535095,29.77985144
2300,0.27830806,0.27830806,0,0.00000000,0.00000000,nan,0.00000000,0,7699,0,28.12464333,0.29920608,28.11981964
2400,0.21597572,0.21597572,0,0.00000000,0.00000000,nan,0.00000000,0,7599,0,43.05209732,0.37977919,32.28129196
2500,0.63014847,0.63014847,0,0.00000000,0.00000000,nan,0.00000000,0,7499,0,5.47011375,0.07580585,26.40773964
2600,0.54378408,0.54378408,0,0.00000000,0.00000000,nan,0.00000000,0,7399,0,11.99527550,0.13529390,28.23417155
2700,0.70024663,0.70024663,0,0.00000000,0.00000000,nan,0.00000000,0,7299,0,17.04323387,0.15631972,30.84729830
2800,0.57817346,0.57817346,0,0.00000000,0.00000000,nan,0.00000000,0,7199,0,36.32801819,0.37907261,30.89841557
2900,0.37917578,0.37917578,0,0.00000000,0.00000000,nan,0.00000000,0,7099,0,8.73303890,0.09623215,25.19931094
3000,5.07115602,5.07115602,0,0.00000000,0.00000000,nan,0.00000000,0,6999,0,1.16714239,0.00433460,63.67358907
3100,0.80793023,0.80793023,0,0.00000000,0.00000000,nan,0.00000000,0,6899,0,12.23191643,0.13555305,29.58703295
3200,1.23575401,1.23575401,0,0.00000000,0.00000000,nan,0.00000000,0,6799,0,5.44395781,0.05868955,36.70730209
3300,0.46042627,0.46042627,0,0.00000000,0.00000000,nan,0.00000000,0,6699,0,15.77125168,0.18014540,27.84287930
3400,0.33425906,0.33425906,0,0.00000000,0.00000000,nan,0.00000000,0,6599,0,46.36616898,0.30928499,32.12781652
3500,1.52017021,1.52017021,0,0.00000000,0.00000000,nan,0.00000000,0,6499,0,4.24639368,0.05656409,34.73600082
3600,0.59061962,0.59061962,0,0.00000000,0.00000000,nan,0.00000000,0,6399,0,37.28187943,0.16451818,28.30748844
3700,1.14533210,1.14533210,0,0.00000000,0.00000000,nan,0.00000000,0,6299,0,23.09569359,0.22082520,34.60310237
3800,0.84323138,0.84323138,0,0.00000000,0.00000000,nan,0.00000000,0,6199,0,6.47581387,0.07365170,28.61093521
3900,0.68652916,0.68652916,0,0.00000000,0.00000000,nan,0.00000000,0,6099,0,19.71939278,0.12699559,28.91990566
4000,4.67439938,4.67439938,0,0.00000000,0.00000000,nan,0.00000000,0,5999,0,1.09920037,0.00178031,60.15179062
4100,0.46915558,0.46915558,0,0.00000000,0.00000000,nan,0.00000000,0,5899,0,29.68860817,0.24841779,27.12794304
4200,0.46916491,0.46916491,0,0.00000000,0.00000000,nan,0.00000000,0,5799,0,10.84651375,0.06762923,24.97275019
4300,0.34896845,0.34896845,0,0.00000000,0.00000000,nan,0.00000000,0,5699,0,20.88534927,0.16726992,25.08110523
4400,0.47937188,0.47937188,0,0.00000000,0.00000000,nan,0.00000000,0,5599,0,6.58234167,0.08760765,24.62838809
4500,0.52729964,0.52729964,0,0.00000000,0.00000000,nan,0.00000000,0,5499,0,32.52397537,0.27969897,27.37592411
4600,0.22867733,0.22867733,0,0.00000000,0.00000000,nan,0.00000000,0,5399,0,26.71437836,0.11297425,23.48639774
4700,0.40275064,0.40275064,0,0.00000000,0.00000000,nan,0.00000000,0,5299,0,13.29906654,0.11713954,22.62214279
4800,0.34501553,0.34501553,0,0.00000000,0.00000000,nan,0.00000000,0,5199,0,43.53746414,0.20127565,28.76867008
4900,0.47377989,0.47377989,0,0.00000000,0.00000000,nan,0.00000000,0,5099,0,12.57296371,0.10720406,24.32523600
5000,4.91675329,4.91675329,0,0.00000000,0.00000000,nan,0.00000000,0,4999,0,1.12483084,0.00281532,62.80772400
5100,0.65208393,0.65208393,0,0.00000000,0.00000000,nan,0.00000000,0,4899,0,11.56613636,0.05596936,25.31894588
5200,0.53234172,0.53234172,0,0.00000000,0.00000000,nan,0.00000000,0,4799,0,22.92704201,0.07408950,25.67128817
5300,0.73253095,0.73253095,0,0.00000000,0.00000000,nan,0.00000000,0,4699,0,10.86708355,0.06661448,27.54147301
5400,0.62503290,0.62503290,0,0.00000000,0.00000000,nan,0.00000000,0,4599,0,38.00591660,0.13890123,31.92872302
5500,0.74010903,0.74010903,0,0.00000000,0.00000000,nan,0.00000000,0,4499,0,5.83997250,0.03848186,26.29979992
5600,0.67933184,0.67933184,0,0.00000000,0.00000000,nan,0.00000000,0,4399,0,14.42294979,0.05403713,26.87330882
5700,0.32855466,0.32855466,0,0.00000000,0.00000000,nan,0.00000000,0,4299,0,37.78919601,0.17431402,26.85844103
5800,0.76613957,0.76613957,0,0.00000000,0.00000000,nan,0.00000000,0,4199,0,32.63236618,0.19632538,29.43419409
5900,1.21523774,1.21523774,0,0.00000000,0.00000000,nan,0.00000000,0,4099,0,4.29270935,0.03038652,29.47186152
6000,6.70767832,6.70767832,0,0.00000000,0.00000000,nan,0.00000000,0,3999,0,1.18679380,0.00390888,79.33535385
6100,0.88422465,0.88422465,0,0.00000000,0.00000000,nan,0.00000000,0,3899,0,13.58087254,0.05615979,29.15098445
6200,0.58920765,0.58920765,0,0.00000000,0.00000000,nan,0.00000000,0,3799,0,7.89832497,0.05074048,25.75459226
6300,0.19435644,0.19435644,0,0.00000000,0.00000000,nan,0.00000000,0,3699,0,38.18151855,0.13100807,24.18979009
6400,0.55638450,0.55638450,0,0.00000000,0.00000000,nan,0.00000000,0,3599,0,27.49693108,0.11779656,26.25075022
6500,0.61403060,0.61403060,0,0.00000000,0.00000000,nan,0.00000000,0,3499,0,50.22639847,0.49900711,32.81864929
6600,0.40254688,0.40254688,0,0.00000000,0.00000000,nan,0.00000000,0,3399,0,42.58668900,0.17781602,26.41792202
6700,0.31490552,0.31490552,0,0.00000000,0.00000000,nan,0.00000000,0,3299,0,23.16456795,0.10361648,24.21992493
6800,0.31239152,0.31239152,0,0.00000000,0.00000000,nan,0.00000000,0,3199,0,25.95834732,0.10551151,23.31665166
6900,0.42913800,0.42913800,0,0.00000000,0.00000000,nan,0.00000000,0,3099,0,44.72071838,0.21698835,24.80660248
7000,6.51577568,6.51577568,0,0.00000000,0.00000000,nan,0.00000000,0,2999,0,1.19805479,0.00379756,77.70555115
7100,0.33131164,0.33131164,0,0.00000000,0.00000000,nan,0.00000000,0,2899,0,14.98843765,0.10057610,22.58083344
7200,0.43484619,0.43484619,0,0.00000000,0.00000000,nan,0.00000000,0,2799,0,14.95317459,0.07889602,23.00345230
7300,0.25309172,0.25309172,0,0.00000000,0.00000000,nan,0.00000000,0,2699,0,10.92241287,0.06939548,21.92881680
7400,0.72284669,0.72284669,0,0.00000000,0.00000000,nan,0.00000000,0,2599,0,9.73179436,0.04859328,26.02923584
7500,0.56706417,0.56706417,0,0.00000000,0.00000000,nan,0.00000000,0,2499,0,49.70576477,0.18803981,29.64578676
7600,0.33526754,0.33526754,0,0.00000000,0.00000000,nan,0.00000000,0,2399,0,47.31413269,0.16809236,25.17734591
7700,0.52875358,0.52875358,0,0.00000000,0.00000000,nan,0.00000000,0,2299,0,25.51766205,0.09684743,25.02139206
7800,0.47016844,0.47016844,0,0.00000000,0.00000000,nan,0.00000000,0,2199,0,49.96683121,0.29627997,33.94979858
7900,0.49176422,0.49176422,0,0.00000000,0.00000000,nan,0.00000000,0,2099,0,14.94582748,0.06257082,24.14564896
8000,3.63194370,3.63194370,0,0.00000000,0.00000000,nan,0.00000000,0,1999,0,1.19018006,0.00301520,49.04154396
8100,0.40878952,0.40878952,0,0.00000000,0.00000000,nan,0.00000000,0,1899,0,8.82378292,0.04741086,23.25331421
8200,2.13584399,2.13584399,0,0.00000000,0.00000000,nan,0.00000000,0,1799,0,3.85307312,0.01708851,37.27443441
8300,0.24842699,0.24842699,0,0.00000000,0.00000000,nan,0.00000000,0,1699,0,11.87471771,0.06008440,21.03587008
8400,0.41058439,0.41058439,0,0.00000000,0.00000000,nan,0.00000000,0,1599,0,35.57213593,0.05229841,24.08523464
8500,0.18601568,0.18601568,0,0.00000000,0.00000000,nan,0.00000000,0,1499,0,23.36369705,0.06380746,20.57928228
8600,0.50578165,0.50578165,0,0.00000000,0.00000000,nan,0.00000000,0,1399,0,44.30571365,0.16303533,26.47868983
8700,0.99831146,0.99831146,0,0.00000000,0.00000000,nan,0.00000000,0,1299,0,49.87342072,0.23436669,36.96732521
8800,0.89262134,0.89262134,0,0.00000000,0.00000000,nan,0.00000000,0,1199,0,42.71390533,0.18001762,29.30841827
8900,0.67907304,0.67907304,0,0.00000000,0.00000000,nan,0.00000000,0,1099,0,46.64968872,0.27397072,28.50888189
9000,4.90216351,4.90216351,0,0.00000000,0.00000000,nan,0.00000000,0,999,0,1.16769648,0.00273675,60.87463474
9100,0.76285398,0.76285398,0,0.00000000,0.00000000,nan,0.00000000,0,899,0,17.29163933,0.07949095,26.59069633
9200,0.75284225,0.75284225,0,0.00000000,0.00000000,nan,0.00000000,0,799,0,11.17119122,0.06074137,24.56743050
9300,1.05278945,1.05278945,0,0.00000000,0.00000000,nan,0.00000000,0,699,0,49.70089722,0.20443082,50.57218323
9400,0.45627677,0.45627677,0,0.00000000,0.00000000,nan,0.00000000,0,599,0,30.59812355,0.06684375,23.45857239
9500,0.63854927,0.63854927,0,0.00000000,0.00000000,nan,0.00000000,0,499,0,39.72914124,0.20699283,26.93055487
9600,0.67109692,0.67109692,0,0.00000000,0.00000000,nan,0.00000000,0,399,0,25.31248474,0.05965306,25.79503250
9700,0.35770193,0.35770193,0,0.00000000,0.00000000,nan,0.00000000,0,299,0,27.94083405,0.06899320,22.80161794
9800,0.33401415,0.33401415,0,0.00000000,0.00000000,nan,0.00000000,0,199,0,38.73143768,0.12918574,20.68306351
9900,0.10190081,0.10190081,0,0.00000000,0.00000000,nan,0.00000000,0,99,0,20.44089890,0.08862413,18.06158066
10000,8.67797470,8.67797470,0,0.00000000,0.00000000,nan,0.00000000,0,0,0,1.21175706,0.00527512,95.37557411
10100,1.46417940,1.46417940,0,0.00000000,0.00000000,nan,0.00000000,0,0,0,6.59233618,0.03273167,31.36848958
10200,0.63750094,0.63750094,5,0.39346934,0.01528004,nan,0.00000000,0,0,0,16.63931084,0.06233042,23.51355886
10300,0.37426651,0.37426651,2,0.18126925,0.00040409,nan,0.00000000,0,0,0,16.05222702,0.06735624,21.99072520
10400,0.33737889,0.33737889,6,0.45118836,0.01398136,nan,0.00000000,0,0,0,14.98304939,0.05034076,20.13607216
10500,0.72037327,0.72037327,5,0.39346934,0.01726638,nan,0.00000000,0,0,0,4.33251095,0.02685996,23.26067034
10600,0.28033382,0.28033382,7,0.50341470,0.01800442,nan,0.00000000,0,0,0,21.63524628,0.10844895,19.80607452
10700,1.42667770,1.42667770,2,0.18126925,0.00154036,nan,0.00000000,0,0,0,4.42660522,0.01572274,28.88413906
10800,0.52125812,0.52125812,19,0.85043138,0.27265279,nan,0.00000000,0,0,0,5.67084503,0.03280909,21.07702732
10900,0.64528233,0.64528233,9,0.59343034,0.08002557,nan,0.00000000,0,0,0,17.44784164,0.04156950,22.58520635
11000,4.49063349,4.49063349,12,0.69880579,1.07086219,nan,0.00000000,0,0,0,1.26763999,0.00361187,56.64179993
11100,0.82201570,0.82201570,25,0.91791500,0.58356600,nan,0.00000000,0,0,0,17.95180511,0.07315879,25.53966284
11200,0.20510860,0.20510860,9,0.59343034,0.02543682,nan,0.00000000,0,0,0,46.99542999,0.11417247,26.14700890
11300,0.17942058,0.17942058,17,0.81731648,0.08006326,nan,0.00000000,0,0,0,4.23193550,0.01584722,18.08078861
11400,0.62516916,0.62516916,4,0.32967995,0.00738529,nan,0.00000000,0,0,0,6.06157494,0.02949132,21.51951981
11500,0.57866663,0.57866663,9,0.59343034,0.07176413,nan,0.00000000,0,0,0,15.95937634,0.06365245,21.95432281
11600,1.06338513,1.06338513,24,0.90928205,0.72691737,nan,0.00000000,0,0,0,12.29280472,0.06254563,24.53383764
11700,0.24223158,0.24223158,22,0.88919684,0.15143365,nan,0.00000000,0,0,0,28.65377808,0.06894594,17.45967979
11800,0.47938693,0.47938693,17,0.81731648,0.21391794,nan,0.00000000,0,0,0,15.44028568,0.05595233,20.70834637
11900,0.40887767,0.40887767,34,0.96662673,0.35696743,nan,0.00000000,0,0,0,9.07606888,0.02867007,18.66238880
12000,2.38530731,2.38530731,36,0.97267628,2.13509712,nan,0.00000000,0,0,0,1.19425178,0.00268980,37.85776424
12100,0.53978562,0.53978562,23,0.89974116,0.35374610,nan,0.00000000,0,0,0,12.67589951,0.06687345,20.41688919
12200,0.41397870,0.41397870,17,0.81731648,0.18473067,nan,0.00000000,0,0,0,12.62947845,0.03974298,20.02005386
12300,0.50020766,0.50020766,2,0.18126925,0.00054007,nan,0.00000000,0,0,0,39.34947205,0.09752592,27.64522123
12400,0.36866736,0.36866736,7,0.50341470,0.02367763,nan,0.00000000,0,0,0,28.23454475,0.04733938,21.46263568
12500,0.66459405,0.66459405,0,0.00000000,0.00000000,nan,0.00000000,0,0,0,47.68999863,0.23922999,36.68268967
12600,0.46963242,0.46963242,14,0.75340304,0.15130997,nan,0.00000000,0,0,0,43.40502930,0.14042874,27.51421738
12700,0.34064543,0.34064543,11,0.66712892,0.06747480,nan,0.00000000,0,0,0,32.68364716,0.09377837,22.20328617
12800,0.38863045,0.38863045,17,0.81731648,0.17341946,nan,0.00000000,0,0,0,39.64186096,0.11878154,22.29522419
12900,1.15146911,1.15146911,9,0.59343034,0.14280101,nan,0.00000000,0,0,0,36.22536850,0.08725697,30.95789719
13000,5.04718494,5.04718494,35,0.96980262,4.46460072,nan,0.00000000,0,0,0,1.34238136,0.00503833,59.81620661
13100,0.38994920,0.38994920,33,0.96311683,0.33552426,nan,0.00000000,0,0,0,21.65860939,0.08149637,22.05568075
13200,0.16389145,0.16389145,45,0.98889100,0.15672923,nan,0.00000000,0,0,0,3.02561283,0.01291386,18.03754616
13300,0.29810941,0.29810941,22,0.88919684,0.18636628,nan,0.00000000,0,0,0,22.19458389,0.08124116,19.32865143
13400,0.47119755,0.47119755,40,0.98168436,0.43761330,nan,0.00000000,0,0,0,7.85478544,0.02589999,20.67442513
13500,0.47105700,0.47105700,35,0.96980262,0.41668404,nan,0.00000000,0,0,0,8.28661060,0.03965584,20.33469582
13600,1.04100430,1.04100430,21,0.87754357,0.61734407,nan,0.00000000,0,0,0,2.91513062,0.01185716,25.56286240
13700,0.39008883,0.39008883,21,0.87754357,0.23133336,nan,0.00000000,0,0,0,24.49477959,0.06399097,20.81312656
13800,1.21775806,1.21775806,15,0.77686984,0.44356172,nan,0.00000000,0,0,0,7.89206886,0.02967142,27.05989393
13900,1.01232612,1.01232612,13,0.72746821,0.28351531,nan,0.00000000,0,0,0,12.48937511,0.04720043,27.13557720
14000,5.00268698,5.00268698,68,0.99888622,4.98043671,nan,0.00000000,0,0,0,1.34740674,0.00476181,60.47021866
14100,0.55957180,0.55957180,30,0.95021293,0.45618349,nan,0.00000000,0,0,0,3.89312649,0.02468065,21.55690511
14200,1.45496511,1.45496511,10,0.63212056,0.23230162,nan,0.00000000,0,0,0,4.77889013,0.02149611,30.15085793
14300,0.34771115,0.34771115,40,0.98168436,0.32292830,nan,0.00000000,0,0,0,24.17105675,0.07372855,20.44684505
14400,0.33714974,0.33714974,20,0.86466472,0.18845765,nan,0.00000000,0,0,0,47.82768250,0.16498137,23.70147705
14500,0.32916859,0.32916859,9,0.59343034,0.04082229,nan,0.00000000,0,0,0,16.46921730,0.06695549,19.57274055
14600,0.55093086,0.55093086,8,0.55067104,0.05066010,nan,0.00000000,0,0,0,14.97525883,0.05990469,22.81599490
14700,0.16883336,0.16883336,30,0.95021293,0.13763916,nan,0.00000000,0,0,0,19.51831627,0.03385081,17.79348373
14800,0.23013157,0.23013157,8,0.55067104,0.02116144,nan,0.00000000,0,0,0,41.88584518,0.08210415,19.86757978
14900,0.64573252,0.64573252,20,0.86466472,0.36094714,nan,0.00000000,0,0,0,47.94465256,0.13747460,23.96015549
15000,2.85044956,2.85044956,52,0.99448344,2.78806937,nan,0.00000000,0,0,0,1.25980902,0.00422919,41.83141556
15100,0.50452065,0.50452065,41,0.98342732,0.47189789,nan,0.00000000,0,0,0,16.04092789,0.08452559,21.72751745
15200,0.47943422,0.47943422,6,0.45118836,0.01986829,nan,0.00000000,0,0,0,13.49909306,0.05363086,21.07108879
15300,0.31349260,0.31349260,49,0.99255342,0.30425859,nan,0.00000000,0,0,0,4.29210281,0.02958569,18.22333590
15400,0.71027279,0.71027279,83,0.99975148,0.70956699,nan,0.00000000,0,0,0,5.31072330,0.01912769,21.67079099
15500,0.58807248,0.58807248,120,0.99999386,0.58805803,nan,0.00000000,0,0,0,5.90769148,0.02303108,20.72488467
15600,0.94493932,0.94493932,36,0.97267628,0.84581857,nan,0.00000000,0,0,0,19.26079559,0.07830766,26.01614189
15700,0.40864819,0.40864819,66,0.99863963,0.40642908,nan,0.00000000,0,0,0,4.63656950,0.01730339,18.30346171
15800,0.57449430,0.57449430,33,0.96311683,0.49431253,nan,0.00000000,0,0,0,17.41132355,0.06781019,18.56488991
15900,0.72063023,0.72063023,99,0.99994983,0.72048561,nan,0.00000000,0,0,0,13.41863155,0.02837943,19.98159409
16000,3.32932067,3.32932067,71,0.99917490,3.31834611,nan,0.00000000,0,0,0,1.23408759,0.00392394,45.41391678
16100,0.15188113,0.15188113,81,0.99969646,0.15169681,nan,0.00000000,0,0,0,20.34351540,0.07359755,14.44834805
16200,0.78325301,0.78325301,50,0.99326205,0.76235535,nan,0.00000000,0,0,0,3.62593412,0.01988267,19.81532860
16300,0.37802544,0.37802544,91,0.99988833,0.37785662,nan,0.00000000,0,0,0,5.20212650,0.02576121,15.66809940
16400,0.50243270,0.50243270,34,0.96662673,0.43864492,nan,0.00000000,0,0,0,33.64444351,0.10658233,30.92396164
16500,0.15478648,0.15478648,101,0.99995892,0.15476105,nan,0.00000000,0,0,0,10.50593090,0.03761864,11.53606796
16600,0.49573264,0.49573264,65,0.99849656,0.49275814,nan,0.00000000,0,0,0,5.21805239,0.03379130,15.91970889
16700,0.32884297,0.32884297,92,0.99989896,0.32871008,nan,0.00000000,0,0,0,13.24157906,0.02842734,13.10837669
16800,0.68586445,0.68586445,72,0.99925341,0.68381851,nan,0.00000000,0,0,0,4.71811867,0.01981152,18.21566582
16900,0.44602659,0.44602659,49,0.99255342,0.43288876,nan,0.00000000,0,0,0,7.23300409,0.03036716,14.57830858
17000,2.65244675,2.65244675,55,0.99591323,2.60935205,nan,0.00000000,0,0,0,1.35395622,0.00633674,37.64289093
17100,0.35599625,0.35599625,68,0.99888622,0.35441290,nan,0.16041021,0,0,0,11.60766602,0.05420182,14.96347555
17200,0.65590465,0.65590465,26,0.92572642,0.48169412,nan,0.04805582,0,0,0,11.82271004,0.03817812,17.21671057
17300,0.52118820,0.52118820,50,0.99326205,0.50728258,nan,0.00000000,0,0,0,17.35991669,0.05448425,16.99062729
17400,0.28088802,0.28088802,106,0.99997508,0.28086003,nan,0.00000000,0,0,0,23.84072876,0.08591947,12.99581409
17500,0.94368184,0.94368184,103,0.99996637,0.94355489,nan,0.00000000,0,0,0,3.45520639,0.02223384,20.77067375
17600,1.08509874,1.08509874,45,0.98889100,1.03767885,nan,0.00000000,0,0,0,19.91144180,0.12639046,22.04463132
17700,0.24725622,0.24725622,84,0.99977513,0.24703390,nan,0.00000000,0,0,0,10.47463322,0.05127912,12.53513336
17800,0.44902071,0.44902071,52,0.99448344,0.43919419,nan,0.00000000,0,0,0,14.36898136,0.07206406,15.12918091
17900,0.79859912,0.79859912,24,0.90928205,0.54591282,nan,0.00000000,0,0,0,25.03664398,0.06944852,23.66127062
18000,2.96261120,2.96261120,130,0.99999774,2.96258441,nan,0.00000000,0,0,0,1.28159201,0.00428028,41.30684789
18100,1.24708045,1.24708045,99,0.99994983,1.24683018,nan,0.48611435,0,0,0,9.51498604,0.05067239,24.79416148
18200,0.48177099,0.48177099,162,0.99999991,0.48177081,nan,0.38680421,0,0,0,2.56664157,0.01243266,17.71705294
18300,0.46827093,0.46827093,28,0.93918994,0.36434341,nan,0.25220297,0,0,0,30.96602631,0.09397160,19.46982765
18400,0.21254146,0.21254146,83,0.99975148,0.21233026,nan,0.06576588,0,0,0,4.71835136,0.03609764,13.96393633
18500,0.74754703,0.74754703,109,0.99998154,0.74749184,nan,0.10173291,0,0,0,8.38660812,0.01735765,19.07670498
18600,0.89394450,0.89394450,99,0.99994983,0.89376510,nan,0.00000000,0,0,0,5.89035606,0.04262684,19.31846237
18700,0.45552051,0.45552051,19,0.85043138,0.23826763,nan,0.00000000,0,0,0,14.54864120,0.05402410,16.87093306
18800,0.56057763,0.56057763,50,0.99326205,0.54562108,nan,0.00000000,0,0,0,13.76180840,0.07440247,16.59273815
18900,0.32367781,0.32367781,109,0.99998154,0.32365391,nan,0.00000000,0,0,0,10.18709183,0.05424843,13.97924252
19000,3.44772816,3.44772816,77,0.99954717,3.44148750,nan,0.00000000,0,0,0,1.38798046,0.00708046,44.97315979
19100,0.45687893,0.45687893,39,0.97975809,0.42099463,nan,0.22286653,0,0,0,6.24564695,0.01977141,15.50072575
19200,1.20031250,1.20031250,101,0.99995892,1.20011527,nan,0.09701707,0,0,0,3.29289126,0.00993454,24.12766838
19300,0.83147442,0.83147442,38,0.97762923,0.75953117,nan,0.00000000,0,0,0,28.49138069,0.06505959,23.25790644
19400,0.80441087,0.80441087,52,0.99448344,0.78680688,nan,0.00000000,0,0,0,8.67670727,0.05017314,19.93482844
19500,0.26935351,0.26935351,124,0.99999588,0.26934907,nan,0.00000000,0,0,0,15.64435196,0.04372145,12.88275178
19600,0.33979198,0.33979198,38,0.97762923,0.31039151,nan,0.00000000,0,0,0,19.15115356,0.06723936,17.83294868
19700,0.31953800,0.31953800,75,0.99944692,0.31883166,nan,0.00000000,0,0,0,12.09115601,0.03174494,13.72245073
19800,0.65674210,0.65674210,133,0.99999833,0.65673770,nan,0.00000000,0,0,0,15.39219475,0.06224183,17.65740140
19900,0.09796044,0.09796044,103,0.99996637,0.09794726,nan,0.00000000,0,0,0,19.56613541,0.06248746,11.69879389
20000,1.62443435,1.62443435,138,0.99999898,1.62442775,nan,0.00000000,0,0,0,1.26947534,0.00323793,28.57628059
20100,0.87958920,0.87958920,29,0.94497678,0.70139786,nan,0.34881704,0,0,0,19.61488342,0.11583623,22.06877963
20200,2.24047232,2.24047232,18,0.83470111,1.08758585,nan,0.46359449,0,0,0,3.46681857,0.03528112,33.82121277
20300,0.68507129,0.68507129,67,0.99876909,0.68170446,nan,0.41729853,0,0,0,6.83749294,0.02679412,18.57568502
20400,0.71422315,0.71422315,23,0.89974116,0.46806295,nan,0.27728300,0,0,0,8.71603775,0.02596751,19.39550734
20500,0.50918061,0.50918061,69,0.99899221,0.50713113,nan,0.35310497,0,0,0,7.36909246,0.04762698,16.76970132
20600,0.18151081,0.18151081,88,0.99984927,0.18140139,nan,0.23452021,0,0,0,20.47959137,0.04578919,13.48901240
20700,0.52221990,0.52221990,108,0.99997960,0.52217729,nan,0.00979500,0,0,0,8.22443295,0.02961036,17.03134537
20800,0.41737473,0.41737473,107,0.99997746,0.41733709,nan,0.00000000,0,0,0,25.16980362,0.07105613,24.79934502
20900,1.17630112,1.17630112,76,0.99949955,1.17394816,nan,0.00000000,0,0,0,28.39229012,0.07291970,32.68385506
21000,1.88073671,1.88073671,297,1.00000000,1.88073671,nan,0.00000000,0,0,0,1.32711613,0.00275630,31.21761799
21100,0.83266079,0.83266079,149,0.99999966,0.83265967,nan,0.23495165,0,0,0,7.94900703,0.02806749,18.88630772
21200,0.30843005,0.30843005,120,0.99999386,0.30842247,nan,0.08971164,0,0,0,8.99986649,0.04724386,13.86860752
21300,0.16111618,0.16111618,48,0.99177025,0.15587752,nan,0.00000000,0,0,0,14.73900032,0.05995564,12.35944939
21400,0.69825816,0.69825816,128,0.99999724,0.69825045,nan,0.00000000,0,0,0,19.21773148,0.03907956,17.80625105
21500,1.59002817,1.59002817,76,0.99949955,1.58684763,nan,0.00000000,0,0,0,3.93854022,0.02038454,26.18634033
21600,0.51878583,0.51878583,34,0.96662673,0.45292189,nan,0.00000000,0,0,0,5.16371536,0.02754467,17.10299301
21700,1.39083993,1.39083993,28,0.93918994,1.08215850,nan,0.02177967,0,0,0,46.90688324,0.14535101,58.99237061
21800,0.59625173,0.59625173,54,0.99548342,0.58555241,nan,0.03519817,0,0,0,35.98387909,0.13522607,38.63407898
21900,1.44209647,1.44209647,47,0.99090472,1.39034285,nan,0.00000000,0,0,0,9.34083366,0.03303438,28.40098190
22000,4.49412107,4.49412107,79,0.99962926,4.48746011,nan,0.00000000,0,0,0,1.24053335,0.00448773,56.48904546
22100,0.56790471,0.56790471,97,0.99993872,0.56776551,nan,0.33358769,0,0,0,18.75346565,0.09389833,20.66780233
22200,0.51618123,0.51618123,53,0.99500841,0.50595187,nan,0.26886124,0,0,0,19.04505157,0.09566952,19.59902763
22300,0.36833638,0.36833638,244,1.00000000,0.36833638,nan,0.04756185,0,0,0,7.37983513,0.01685164,17.80097453
22400,1.02091837,1.02091837,80,0.99966454,1.01954914,nan,0.00000000,0,0,0,7.35083199,0.03168905,23.05735550
22500,0.18499912,0.18499912,163,0.99999992,0.18499906,nan,0.00000000,0,0,0,36.31147766,0.12771013,17.64586043
22600,0.66732502,0.66732502,136,0.99999876,0.66732171,nan,0.00000000,0,0,0,8.35699177,0.04289910,19.03148556
22700,0.21729405,0.21729405,200,1.00000000,0.21729405,nan,0.00000000,0,0,0,8.22982025,0.03270185,14.22790241
22800,1.06050086,1.06050086,101,0.99995892,1.06032661,nan,0.00000000,0,0,0,6.45430565,0.02771347,22.62409592
22900,0.36913061,0.36913061,150,0.99999969,0.36913016,nan,0.00000000,0,0,0,6.45651340,0.03156841,15.38856182
23000,3.76341343,3.76341343,141,0.99999925,3.76340210,nan,0.00000000,0,0,0,1.29439676,0.00492703,48.81643200
23100,1.09193408,1.09193408,162,0.99999991,1.09193368,nan,0.15646897,0,0,0,16.61273003,0.03818982,23.17382367
23200,0.54535645,0.54535645,11,0.66712892,0.10802382,nan,0.00000000,0,0,0,14.90268326,0.02510589,nan
23300,0.30574259,0.30574259,126,0.99999663,0.30573847,nan,0.00000000,0,0,0,22.01878929,0.09703624,16.66869521
23400,0.33945483,0.33945483,148,0.99999963,0.33945432,nan,0.00000000,0,0,0,29.21367455,0.10530308,16.94443274
23500,0.10550902,0.10550902,244,1.00000000,0.10550902,nan,0.00000000,0,0,0,12.37907028,0.05473746,12.26591349
23600,0.42919886,0.42919886,292,1.00000000,0.42919886,nan,0.00000000,0,0,0,21.72339249,0.07614905,16.50879049
23700,0.73964185,0.73964185,57,0.99665403,0.72979215,nan,0.00000000,0,0,0,4.24031830,0.01866147,18.97672653
23800,0.25029740,0.25029740,25,0.91791500,0.17769132,nan,0.00000000,0,0,0,31.33063507,0.11542233,21.91560682
23900,0.87534344,0.87534344,9,0.59343034,0.10855691,nan,0.14182064,0,0,0,27.35741425,0.09731680,24.54247761
24000,3.12973428,3.12973428,171,0.99999996,3.12973381,nan,0.13203453,0,0,0,1.36094117,0.00564735,43.42528458
24100,0.84703326,0.84703326,109,0.99998154,0.84697073,nan,0.49966274,0,0,0,10.28255844,0.04776038,21.78842926
24200,0.75589442,0.75589442,127,0.99999695,0.75588520,nan,0.32271225,0,0,0,7.60669947,0.04031020,20.88167763
24300,0.62463659,0.62463659,110,0.99998330,0.62459486,nan,0.09715571,0,0,0,10.84364700,0.03955323,18.96763166
24400,0.26605538,0.26605538,44,0.98772266,0.25322822,nan,0.00000000,0,0,0,13.59703636,0.06765138,15.40519047
24500,1.05656743,1.05656743,80,0.99966454,1.05515039,nan,0.00000000,0,0,0,30.16793060,0.05568962,24.88283857
24600,0.30414009,0.30414009,23,0.89974116,0.19931685,nan,0.00000000,0,0,0,29.64084816,0.06252940,16.82987289
24700,1.14973772,1.14973772,74,0.99938875,1.14692917,nan,0.00000000,0,0,0,25.68797874,0.08580021,25.19268926
24800,0.36762378,0.36762378,131,0.99999795,0.36762077,nan,0.00000000,0,0,0,16.05988884,0.04107592,18.39212799
24900,0.20832774,0.20832774,71,0.99917490,0.20764102,nan,0.00000000,0,0,0,27.26619148,0.07051606,16.55537415
25000,2.39788866,2.39788866,188,0.99999999,2.39788859,nan,0.00000000,0,0,0,1.33311617,0.00606387,36.41965866
25100,0.58000100,0.58000100,252,1.00000000,0.58000100,nan,0.16325080,0,0,0,3.72436190,0.01306853,19.85875082
25200,0.45533255,0.45533255,60,0.99752125,0.45083468,nan,0.12103847,0,0,0,33.68024445,0.09374955,20.53028806
25300,0.18915428,0.18915428,40,0.98168436,0.17567245,nan,0.00000000,0,0,0,30.67304802,0.08478585,16.11395041
25400,0.15882304,0.15882304,17,0.81731648,0.07087197,nan,0.00000000,0,0,0,12.90760422,0.05047839,16.04235668
25500,0.36607420,0.36607420,47,0.99090472,0.35293662,nan,0.00000000,0,0,0,12.37445259,0.03172426,17.93022601
25600,0.87209088,0.87209088,72,0.99925341,0.86948943,nan,0.00000000,0,0,0,20.43137360,0.08907381,24.01974583
25700,0.37820441,0.37820441,45,0.98889100,0.36167650,nan,0.00000000,0,0,0,30.78330231,0.07906497,18.47322464
25800,0.34505785,0.34505785,10,0.63212056,0.05509238,nan,0.00000000,0,0,0,25.03231430,0.09946882,17.78487968
25900,1.15323210,1.15323210,35,0.96980262,1.02011733,nan,0.00000000,0,0,0,11.20676899,0.05649081,24.36896229
26000,4.47099829,4.47099829,125,0.99999627,4.47093164,nan,0.00000000,0,0,0,1.39611983,0.00662697,55.61308670
26100,0.75327605,0.75327605,35,0.96980262,0.66632724,nan,0.23498270,0,0,0,20.26935196,0.06865094,20.95273495
26200,0.27902687,0.27902687,70,0.99908812,0.27801050,nan,0.21693427,0,0,0,16.10213470,0.05683562,15.88897133
26300,0.84298694,0.84298694,30,0.95021293,0.68723393,nan,0.00376845,0,0,0,14.75146484,0.04739948,21.40606626
26400,0.26753172,0.26753172,124,0.99999588,0.26752732,nan,0.00000000,0,0,0,14.57290459,0.04520433,15.29213587
26500,1.62007272,1.62007272,54,0.99548342,1.59100166,nan,0.00000000,0,0,0,16.27493286,0.04902104,29.26151276
26600,0.44369090,0.44369090,46,0.98994816,0.42611845,nan,0.00000000,0,0,0,18.95419312,0.05051206,17.65136003
26700,0.97931796,0.97931796,52,0.99448344,0.95788624,nan,0.00000000,0,0,0,13.15779591,0.06724593,22.57992045
26800,0.48339069,0.48339069,59,0.99726056,0.47811553,nan,0.00000000,0,0,0,9.65870571,0.03860784,17.84521357
26900,0.56440997,0.56440997,31,0.95495080,0.46937360,nan,0.00000000,0,0,0,21.31228256,0.13151236,18.12036896
27000,4.05842113,4.05842113,200,1.00000000,4.05842110,nan,0.00000000,0,0,0,1.14683867,0.00434229,52.16608124
27100,0.93691838,0.93691838,123,0.99999545,0.93690132,nan,0.33682941,0,0,0,10.76008606,0.08123818,21.88566933
27200,0.53932166,0.53932166,127,0.99999695,0.53931508,nan,0.36232420,0,0,0,11.16660404,0.05363725,18.13786650
27300,0.31535861,0.31535861,312,1.00000000,0.31535861,nan,0.23839650,0,0,0,5.42579317,0.03609965,16.01478910
27400,0.20418994,0.20418994,168,0.99999995,0.20418990,nan,0.13321699,0,0,0,9.49187374,0.05353657,13.42938105
27500,0.45921570,0.45921570,348,1.00000000,0.45921570,nan,0.01573017,0,0,0,11.19691658,0.04580642,15.90762472
27600,0.37833485,0.37833485,159,0.99999988,0.37833466,nan,0.00000000,0,0,0,9.55237103,0.01780685,15.18681908
27700,0.44248986,0.44248986,26,0.92572642,0.32496304,nan,0.00000000,0,0,0,4.22502232,0.02443133,16.79829292
27800,0.60570920,0.60570920,50,0.99326205,0.58954850,nan,0.00000000,0,0,0,9.87718678,0.03134513,17.61912441
27900,0.23551671,0.23551671,12,0.69880579,0.05616266,nan,0.06239590,0,0,0,35.31087112,0.10723151,18.99520016
28000,2.23349404,2.23349404,312,1.00000000,2.23349404,nan,0.00000000,0,0,0,1.36477578,0.00557175,36.33439000
28100,0.11567506,0.11567506,156,0.99999983,0.11567498,nan,0.28692145,0,0,0,11.41348743,0.05865656,14.95582199
28200,0.66417688,0.66417688,72,0.99925341,0.66219564,nan,0.22730521,0,0,0,26.36956596,0.05790112,19.91624832
28300,0.11918631,0.11918631,27,0.93279449,0.09023401,nan,0.04749991,0,0,0,44.74745178,0.13116580,18.15829277
28400,0.48645169,0.48645169,42,0.98500442,0.45792298,nan,0.00000000,0,0,0,16.85938644,0.07546523,18.11536264
28500,0.26378742,0.26378742,50,0.99326205,0.25674941,nan,0.00000000,0,0,0,37.30648422,0.07910849,16.84220823
28600,0.67759639,0.67759639,54,0.99548342,0.66543740,nan,0.00000000,0,0,0,12.25110245,0.03071928,18.58416494
28700,0.91381603,0.91381603,140,0.99999917,0.91381300,nan,0.00000000,0,0,0,7.07152987,0.01517949,21.25403786
28800,0.60523343,0.60523343,36,0.97267628,0.54174661,nan,0.00000000,0,0,0,14.90047169,0.06981960,17.26750183
28900,0.93414044,0.93414044,29,0.94497678,0.74489786,nan,0.00000000,0,0,0,20.65317154,0.06185522,22.28303623
29000,2.64989257,2.64989257,299,1.00000000,2.64989257,nan,0.00000000,0,0,0,1.24954724,0.00457885,37.76809120
29100,0.76256847,0.76256847,81,0.99969646,0.76164302,nan,0.38601050,0,0,0,10.22019577,0.08254163,21.34555674
29200,0.34696373,0.34696373,120,0.99999386,0.34695521,nan,0.31515513,0,0,0,5.83380651,0.01848548,16.38963757
29300,0.23172562,0.23172562,48,0.99177025,0.22419110,nan,0.27937314,0,0,0,15.93774605,0.05128053,14.82821941
29400,0.28107834,0.28107834,27,0.93279449,0.21279982,nan,0.12951915,0,0,0,20.19370079,0.05268258,15.82727623
29500,0.98234916,0.98234916,21,0.87754357,0.58255996,nan,0.00000000,0,0,0,24.46636391,0.04666379,22.28799248
29600,0.50462139,0.50462139,7,0.50341470,0.03240927,nan,0.00000000,0,0,0,39.25883484,0.07928157,24.14833832
29700,0.84186429,0.84186429,128,0.99999724,0.84185499,nan,0.00000000,0,0,0,29.65023041,0.04189098,20.09476948
29800,0.55522257,0.55522257,101,0.99995892,0.55513134,nan,0.00000000,0,0,0,20.82198143,0.08698146,18.81567383
29900,0.19971320,0.19971320,78,0.99959027,0.19938608,nan,0.00000000,0,0,0,13.79989529,0.04660423,12.59353399
30000,2.34693527,2.34693527,254,1.00000000,2.34693527,nan,0.00000000,0,0,0,1.29540098,0.00362008,35.20632299
30100,0.45874432,0.45874432,160,0.99999989,0.45874411,nan,0.16386901,0,0,0,8.22806931,0.04715878,16.56540031
30200,0.63084292,0.63084292,192,1.00000000,0.63084291,nan,0.11932320,0,0,0,11.55005932,0.05623843,16.87766647
30300,0.29396510,0.29396510,80,0.99966454,0.29357084,nan,0.02385490,0,0,0,17.86539841,0.05420122,14.89052232
30400,0.91182220,0.91182220,104,0.99996957,0.91171121,nan,0.04201912,0,0,0,5.32158232,0.03331907,20.89758873
30500,0.26615959,0.26615959,105,0.99997246,0.26613028,nan,0.00000000,0,0,0,10.64631748,0.05345120,13.84625244
30600,0.84153312,0.84153312,70,0.99908812,0.83846780,nan,0.00000000,0,0,0,14.44378471,0.05775668,19.18191290
30700,0.35249388,0.35249388,191,0.99999999,0.35249388,nan,0.00000000,0,0,0,18.66437721,0.06637633,15.18733358
30800,1.03227007,1.03227007,142,0.99999932,1.03226726,nan,0.00000000,0,0,0,21.95662117,0.04913716,22.85640907
30900,0.22081751,0.22081751,322,1.00000000,0.22081751,nan,0.00000000,0,0,0,5.60721540,0.02946978,13.35855246
31000,2.92853975,2.92853975,173,0.99999997,2.92853939,nan,0.00000000,0,0,0,1.25481296,0.00448569,40.91391468
31100,0.78049237,0.78049237,21,0.87754357,0.46285336,nan,0.33452844,0,0,0,10.76361752,0.07816121,17.54054260
31200,0.32788417,0.32788417,281,1.00000000,0.32788417,nan,0.19681469,0,0,0,16.58101654,0.03757553,12.98562272
31300,0.17187789,0.17187789,88,0.99984927,0.17177428,nan,0.03293149,0,0,0,8.84586716,0.03596489,12.39671961
31400,1.63664186,1.63664186,74,0.99938875,1.63264392,nan,0.00000000,0,0,0,6.35629845,0.02711178,26.32490476
31500,0.90060627,0.90060627,220,1.00000000,0.90060627,nan,0.00000000,0,0,0,30.50236702,0.17897305,24.34974098
31600,1.05522966,1.05522966,218,1.00000000,1.05522966,nan,0.00000000,0,0,0,14.95417404,0.04936632,20.98386447
31700,0.44579902,0.44579902,104,0.99996957,0.44574476,nan,0.00000000,0,0,0,7.38741732,0.02866843,14.96785498
31800,0.29514277,0.29514277,175,0.99999997,0.29514274,nan,0.00000000,0,0,0,33.12378311,0.06135567,14.88565803
31900,0.88108605,0.88108605,198,1.00000000,0.88108604,nan,0.00000000,0,0,0,11.78133583,0.03480570,18.88632870
32000,2.19440413,2.19440413,232,1.00000000,2.19440412,nan,0.00000000,0,0,0,1.51031303,0.00724153,33.74233246
32100,0.68715692,0.68715692,74,0.99938875,0.68547835,nan,0.26009213,0,0,0,30.18042755,0.05796644,22.93457286
32200,0.30141640,0.30141640,16,0.79810348,0.12229359,nan,0.18006938,0,0,0,33.99819946,0.07969257,18.58793354
32300,1.27453637,1.27453637,23,0.89974116,0.83526172,nan,0.00000000,0,0,0,19.13740730,0.06095862,23.83426285
32400,0.19556989,0.19556989,38,0.97762923,0.17864822,nan,0.00000000,0,0,0,28.28811455,0.11345483,14.16003633
32500,0.04571671,0.04571671,104,0.99996957,0.04571115,nan,0.00000000,0,0,0,24.82237053,0.04118017,11.84941216
32600,0.42957956,0.42957956,40,0.98168436,0.39896160,nan,0.00000000,0,0,0,26.74027252,0.07082260,15.11061144
32700,0.21795705,0.21795705,23,0.89974116,0.14283718,nan,0.00000000,0,0,0,22.79888153,0.12733951,14.18125534
32800,0.26654741,0.26654741,98,0.99994455,0.26648829,nan,0.00000000,0,0,0,28.74953270,0.05155386,14.32928848
32900,0.29596305,0.29596305,26,0.92572642,0.21735425,nan,0.00000000,0,0,0,15.46347713,0.06043161,15.02988434
33000,4.50629807,4.50629807,317,1.00000000,4.50629807,nan,0.00000000,0,0,0,1.17917252,0.00554089,55.28651428
33100,0.28758377,0.28758377,139,0.99999908,0.28758271,nan,0.37414439,0,0,0,39.54622650,0.13779195,20.34019852
33200,0.22907941,0.22907941,89,0.99986361,0.22895446,nan,0.17175529,0,0,0,18.21263885,0.07514578,13.92000834
33300,0.76185536,0.76185536,43,0.98643144,0.72134023,nan,0.00000000,0,0,0,22.31605148,0.08779622,20.12129116
33400,0.45310175,0.45310175,14,0.75340304,0.14598398,nan,0.00000000,0,0,0,10.62685871,0.06758458,16.20789552
33500,1.39661527,1.39661527,75,0.99944692,1.39352804,nan,0.00000000,0,0,0,26.57992172,0.11433199,28.27231089
33600,0.94198555,0.94198555,30,0.95021293,0.76794123,nan,0.00000000,0,0,0,21.28287697,0.09428289,25.53391171
33700,0.90243721,0.90243721,98,0.99994455,0.90223706,nan,0.00000000,0,0,0,8.39187813,0.04641698,19.16972113
33800,1.20619357,1.20619357,64,0.99833844,1.19819689,nan,0.00000000,0,0,0,28.60595703,0.08876974,27.18523121
33900,0.36724186,0.36724186,58,0.99697245,0.36281464,nan,0.00000000,0,0,0,26.80396271,0.05049045,14.93807220
34000,3.69486070,3.69486070,408,1.00000000,3.69486070,nan,0.00000000,0,0,0,1.36686218,0.00645756,47.92377345
34100,0.35930821,0.35930821,71,0.99917490,0.35812381,nan,0.25987658,0,0,0,16.59742355,0.03344901,15.28079669
34200,0.24536616,0.24536616,127,0.99999695,0.24536316,nan,0.01858288,0,0,0,16.10531044,0.04728075,13.34986925
34300,0.36630726,0.36630726,11,0.66712892,0.07255788,nan,0.00000000,0,0,0,27.30209732,0.09973051,16.73562288
34400,0.34427249,0.34427249,220,1.00000000,0.34427249,nan,0.00000000,0,0,0,11.19376659,0.03552869,13.71176362
34500,0.34163725,0.34163725,60,0.99752125,0.33826249,nan,0.00000000,0,0,0,27.59595108,0.05465837,14.97283697
34600,0.33352539,0.33352539,114,0.99998880,0.33351045,nan,0.00000000,0,0,0,11.65240669,0.04068340,12.63491249
34700,0.61218303,0.61218303,40,0.98168436,0.56855015,nan,0.00000000,0,0,0,14.65174675,0.05186008,16.06759501
34800,0.64934337,0.64934337,71,0.99917490,0.64720292,nan,0.00000000,0,0,0,17.87200165,0.08686448,17.83167038
34900,0.93175000,0.93175000,173,0.99999997,0.93174989,nan,0.00000000,0,0,0,9.87558079,0.06612556,19.55967808
35000,4.95216179,4.95216179,339,1.00000000,4.95216179,nan,0.00000000,0,0,0,1.29077196,0.00666353,58.71068827
35100,0.45898139,0.45898139,89,0.99986361,0.45873105,nan,0.36028671,0,0,0,11.08923149,0.05814293,16.44335709
35200,0.74669099,0.74669099,22,0.88919684,0.46680184,nan,0.48171906,0,0,0,5.08387518,0.02445070,18.97015762
35300,0.26701689,0.26701689,67,0.99876909,0.26570462,nan,0.54880956,0,0,0,26.14194679,0.10330810,14.95483112
35400,0.48470211,0.48470211,34,0.96662673,0.42316536,nan,0.38477482,0,0,0,23.96468163,0.05515494,16.99916553
35500,0.63403612,0.63403612,73,0.99932446,0.63232460,nan,0.19034030,0,0,0,12.35155678,0.03230896,17.72201920
35600,0.34332073,0.34332073,146,0.99999954,0.34332010,nan,0.00000000,0,0,0,15.02740097,0.03676330,14.23178864
35700,0.35996559,0.35996559,25,0.91791500,0.25554704,nan,0.00000000,0,0,0,14.86926270,0.07983368,14.80881659
35800,0.66231042,0.66231042,154,0.99999979,0.66230988,nan,0.00000000,0,0,0,14.12215328,0.03725243,17.75630140
35900,0.34090886,0.34090886,111,0.99998489,0.34088825,nan,0.00000000,0,0,0,11.54953384,0.03144755,15.11667013
36000,5.17846489,5.17846489,123,0.99999545,5.17837061,nan,0.00000000,0,0,0,1.42752206,0.00694085,61.58822759
36100,1.06901217,1.06901217,365,1.00000000,1.06901217,nan,0.18091749,0,0,0,6.89335871,0.04186425,20.71815491
36200,0.46879467,0.46879467,169,0.99999995,0.46879459,nan,0.14864167,0,0,0,13.61388111,0.07174855,16.35232773
36300,0.35675412,0.35675412,72,0.99925341,0.35568993,nan,0.19791359,0,0,0,4.06901312,0.02929489,15.67727757
36400,0.06302810,0.06302810,74,0.99938875,0.06287414,nan,0.08172964,0,0,0,7.19419336,0.02918731,12.26158905
36500,0.14149968,0.14149968,371,1.00000000,0.14149968,nan,0.00000000,0,0,0,6.10065126,0.01940138,12.17312851
36600,0.65025973,0.65025973,99,0.99994983,0.65012924,nan,0.00000000,0,0,0,9.65701294,0.03244967,16.46523952
36700,0.39310032,0.39310032,389,1.00000000,0.39310032,nan,0.00000000,0,0,0,17.68925476,0.07289740,13.25641123
36800,0.73756886,0.73756886,271,1.00000000,0.73756886,nan,0.00000000,0,0,0,8.11134338,0.04832837,16.88613701
36900,0.42613304,0.42613304,232,1.00000000,0.42613304,nan,0.00000000,0,0,0,6.65341854,0.01351176,13.36216164
37000,1.98794770,1.98794770,328,1.00000000,1.98794770,nan,0.00000000,0,0,0,1.51194644,0.00534781,30.90217934
37100,0.82308090,0.82308090,265,1.00000000,0.82308090,nan,0.00000000,0,0,0,14.60878181,0.07316332,17.70236111
37200,1.01940775,1.01940775,200,1.00000000,1.01940774,nan,0.00000000,0,0,0,8.04403019,0.03791867,17.77783267
37300,0.33775857,0.33775857,112,0.99998633,0.33774010,nan,0.00000000,0,0,0,11.99509811,0.03771356,11.29438972
37400,0.84118831,0.84118831,382,1.00000000,0.84118831,nan,0.00000000,0,0,0,6.64361763,0.03363870,15.86057138
37500,0.14844683,0.14844683,252,1.00000000,0.14844683,nan,0.00000000,0,0,0,7.64137268,0.04488400,10.04831719
37600,0.37397522,0.37397522,176,0.99999998,0.37397518,nan,0.00000000,0,0,0,12.91621876,0.06064500,11.75529957
37700,0.33949170,0.33949170,236,1.00000000,0.33949170,nan,0.00000000,0,0,0,23.56203461,0.13256504,11.47916126
37800,0.23016614,0.23016614,193,1.00000000,0.23016613,nan,0.00000000,0,0,0,5.09733582,0.01506675,10.08312670
37900,0.61769581,0.61769581,127,0.99999695,0.61768827,nan,0.00000000,0,0,0,5.04091597,0.02433567,14.46037817
38000,2.61946487,2.61946487,322,1.00000000,2.61946487,nan,0.00000000,0,0,0,1.83516860,0.00641284,36.36967468
38100,0.63070375,0.63070375,464,1.00000000,0.63070375,nan,0.22753588,0,0,0,7.16590452,0.04544302,13.50606537
38200,0.40216023,0.40216023,212,1.00000000,0.40216023,nan,0.20155327,0,0,0,7.95756626,0.02988945,11.96026611
38300,0.56666011,0.56666011,242,1.00000000,0.56666011,nan,0.02970987,0,0,0,10.58911610,0.04135777,14.29011202
38400,0.53798699,0.53798699,311,1.00000000,0.53798699,nan,0.07289233,0,0,0,14.03092575,0.07829283,12.87191296
38500,0.66676056,0.66676056,173,0.99999997,0.66676048,nan,0.00000000,0,0,0,3.52283359,0.01331342,15.50569503
38600,0.45990166,0.45990166,218,1.00000000,0.45990166,nan,0.06615820,0,0,0,5.97560215,0.01870772,12.56054592
38700,1.18713188,1.18713188,181,0.99999999,1.18713182,nan,0.00000000,0,0,0,8.15212250,0.03714862,18.62965059
38800,0.60942966,0.60942966,246,1.00000000,0.60942966,nan,0.00000000,0,0,0,16.07173157,0.05440734,15.02616644
38900,0.39828742,0.39828742,41,0.98342732,0.37253379,nan,0.00000000,0,0,0,16.83118439,0.07256144,11.83391476
39000,2.09012508,2.09012508,382,1.00000000,2.09012508,nan,0.00000000,0,0,0,1.44304204,0.00643668,31.20696783
39100,0.09956784,0.09956784,88,0.99984927,0.09950782,nan,0.01711011,0,0,0,8.93902779,0.04309191,9.01406542
39200,2.28249907,2.28249907,47,0.99090472,2.20058528,nan,0.00000000,0,0,0,4.80045509,0.01217422,29.53227043
39300,0.15841150,0.15841150,259,1.00000000,0.15841150,nan,0.00000000,0,0,0,8.13447666,0.03496594,9.53623724
39400,0.71293676,0.71293676,156,0.99999983,0.71293628,nan,0.00923305,0,0,0,23.86339188,0.07059488,23.95562108
39500,0.34503242,0.34503242,285,1.00000000,0.34503242,nan,0.00000000,0,0,0,31.81324005,0.09967873,17.83763576
39600,0.40347597,0.40347597,377,1.00000000,0.40347597,nan,0.00000000,0,0,0,14.81089592,0.04119292,12.15235138
39700,0.88818097,0.88818097,165,0.99999993,0.88818073,nan,0.00000000,0,0,0,6.24740171,0.02155120,16.67433453
39800,0.80930763,0.80930763,270,1.00000000,0.80930763,nan,0.07582280,0,0,0,21.61189079,0.06491618,19.81302691
39900,0.49222347,0.49222347,274,1.00000000,0.49222347,nan,0.21396576,0,0,0,17.98862648,0.07650051,14.66755835
40000,3.24938869,3.24938869,411,1.00000000,3.24938869,nan,0.10822453,0,0,0,1.51848757,0.00825086,42.57440186
40100,0.75933003,0.75933003,240,1.00000000,0.75933003,nan,0.05668961,0,0,0,11.79376888,0.04368389,15.04153395
40200,0.36143959,0.36143959,128,0.99999724,0.36143559,nan,0.00000000,0,0,0,34.91861343,0.07632800,22.71167636
40300,0.46677765,0.46677765,26,0.92572642,0.34279991,nan,0.05640294,0,0,0,8.80276012,0.01603224,13.24522328
40400,0.35549992,0.35549992,79,0.99962926,0.35497302,nan,0.00000000,0,0,0,11.63117313,0.02766687,11.86981182
40500,0.72381604,0.72381604,248,1.00000000,0.72381604,nan,0.00000000,0,0,0,11.70999336,0.04865874,15.53492769
40600,0.54863310,0.54863310,128,0.99999724,0.54862704,nan,0.00000000,0,0,0,18.60495758,0.04368122,12.47076480
40700,1.50516939,1.50516939,47,0.99090472,1.45115222,nan,0.00000000,0,0,0,4.74721050,0.02331485,23.22423617
40800,0.40832391,0.40832391,165,0.99999993,0.40832380,nan,0.00000000,0,0,0,10.51995087,0.04255284,13.02130095
40900,0.21332580,0.21332580,268,1.00000000,0.21332580,nan,0.08421980,0,0,0,44.36407852,0.10174640,40.90119680
41000,2.67696095,2.67696095,388,1.00000000,2.67696095,nan,0.00805617,0,0,0,1.50906563,0.00762779,38.39968491
41100,0.62952977,0.62952977,173,0.99999997,0.62952970,nan,0.13923588,0,0,0,7.42562103,0.05762534,17.71205568
41200,0.25598159,0.25598159,131,0.99999795,0.25597950,nan,0.05426613,0,0,0,13.91324997,0.09637795,14.68129611
41300,0.90749210,0.90749210,89,0.99986361,0.90699711,nan,0.00109966,0,0,0,43.58289337,0.09606837,31.80335474
41400,1.07939398,1.07939398,181,0.99999999,1.07939392,nan,0.00000000,0,0,0,30.05576515,0.10053641,23.28083305
41500,1.13639402,1.13639402,151,0.99999972,1.13639277,nan,0.00000000,0,0,0,34.42403030,0.11305385,25.94078732
41600,0.26932129,0.26932129,48,0.99177025,0.26056435,nan,0.00000000,0,0,0,29.48661232,0.08221451,14.19327354
41700,0.94306630,0.94306630,113,0.99998763,0.94301963,nan,0.00000000,0,0,0,11.23190403,0.03866501,21.88581149
41800,0.39491174,0.39491174,64,0.99833844,0.39229360,nan,0.00000000,0,0,0,44.38294220,0.12531042,18.74401212
41900,0.55145591,0.55145591,72,0.99925341,0.54981092,nan,0.00000000,0,0,0,23.69336128,0.13694769,16.77019358
42000,1.46789122,1.46789122,548,1.00000000,1.46789122,nan,0.00000000,0,0,0,1.41714680,0.00484383,27.88133430
42100,1.59591210,1.59591210,8,0.55067104,0.14674993,nan,0.22396493,0,0,0,41.64179230,0.25240773,39.28144709
42200,0.26804370,0.26804370,77,0.99954717,0.26755852,nan,0.01510179,0,0,0,26.89998627,0.08939607,14.77281523
42300,0.55387908,0.55387908,191,0.99999999,0.55387907,nan,0.00000000,0,0,0,33.88225937,0.08091711,18.87787914
42400,0.39349356,0.39349356,187,0.99999999,0.39349355,nan,0.00000000,0,0,0,20.38218307,0.02616661,13.76790404
42500,0.61191702,0.61191702,150,0.99999969,0.61191627,nan,0.00000000,0,0,0,22.93235970,0.07168277,16.69126511
42600,0.62189168,0.62189168,100,0.99995460,0.62177875,nan,0.00000000,0,0,0,12.78576279,0.06446665,14.98340925
42700,0.88389146,0.88389146,77,0.99954717,0.88229155,nan,0.00000000,0,0,0,15.34987068,0.07796735,17.14845848
42800,1.24673212,1.24673212,138,0.99999898,1.24672705,nan,0.00000000,0,0,0,13.72750950,0.05459608,20.36010170
42900,1.01546669,1.01546669,112,0.99998633,1.01541115,nan,0.00000000,0,0,0,17.35665512,0.04044915,20.76451969
43000,1.26297247,1.26297247,220,1.00000000,1.26297247,nan,0.00000000,0,0,0,1.58975542,0.00605455,24.68096161
43100,1.25954688,1.25954688,175,0.99999997,1.25954675,nan,0.44568478,0,0,0,7.44451904,0.05133065,24.35455227
43200,0.42858768,0.42858768,61,0.99775713,0.42475553,nan,0.50318908,0,0,0,12.30514145,0.12653190,15.63062439
43300,0.48474470,0.48474470,19,0.85043138,0.25355383,nan,0.54563029,0,0,0,21.44427490,0.08106600,18.73604393
43400,0.59360909,0.59360909,38,0.97762923,0.54224712,nan,0.48962094,0,0,0,20.26218414,0.10405241,16.54709578
43500,0.68295801,0.68295801,180,0.99999998,0.68295797,nan,0.40818924,0,0,0,17.68305397,0.04873718,16.62482071
43600,1.35116816,1.35116816,99,0.99994983,1.35089700,nan,0.31587516,0,0,0,14.04935360,0.08129454,25.71981525
43700,0.35872006,0.35872006,47,0.99090472,0.34584640,nan,0.23726186,0,0,0,12.39068794,0.03743841,13.25177789
43800,0.41280138,0.41280138,135,0.99999863,0.41279912,nan,0.04186355,0,0,0,16.57108307,0.06517614,13.91176510
43900,0.31004712,0.31004712,23,0.89974116,0.20318800,nan,0.00000000,0,0,0,15.09820366,0.07073497,13.01112747
44000,2.41384602,2.41384602,457,1.00000000,2.41384602,nan,0.00000000,0,0,0,1.64427328,0.00587265,35.17183050
44100,1.02280986,1.02280986,117,0.99999171,1.02277593,nan,0.07565163,0,0,0,6.15555668,0.01833280,19.45759455
44200,0.58185571,0.58185571,260,1.00000000,0.58185571,nan,0.05665554,0,0,0,16.59982681,0.07407408,16.03516229
44300,1.74180341,1.74180341,266,1.00000000,1.74180341,nan,0.04972976,0,0,0,35.91704941,0.08590940,46.83913040
44400,0.64949167,0.64949167,176,0.99999998,0.64949161,nan,0.03683177,0,0,0,31.26566887,0.03730738,21.26068926
44500,0.34081036,0.34081036,184,0.99999999,0.34081034,nan,0.00000000,0,0,0,27.13482285,0.10163225,14.38574791
44600,0.31715921,0.31715921,130,0.99999774,0.31715634,nan,0.00000000,0,0,0,27.71663666,0.10488702,15.05423450
44700,0.79901457,0.79901457,235,1.00000000,0.79901457,nan,0.00000000,0,0,0,36.21353531,0.10349706,20.94459915
44800,0.18333551,0.18333551,145,0.99999950,0.18333514,nan,0.00000000,0,0,0,16.56154060,0.05885389,13.30107546
44900,0.33940771,0.33940771,45,0.98889100,0.32457526,nan,0.00000000,0,0,0,22.59256744,0.07643658,14.30438709
45000,2.91435051,2.91435051,180,0.99999998,2.91435033,nan,0.00000000,0,0,0,1.78501463,0.01061247,39.88019085
45100,0.26784405,0.26784405,310,1.00000000,0.26784405,nan,0.12825593,0,0,0,21.16065216,0.05337896,14.72165966
45200,0.53520024,0.53520024,115,0.99998987,0.53517855,nan,0.00000000,0,0,0,25.40541458,0.04779223,17.03318882
45300,0.58345199,0.58345199,4,0.32967995,0.00689248,nan,0.00000000,0,0,0,32.67253876,0.19976917,18.44796594
45400,0.54674989,0.54674989,239,1.00000000,0.54674989,nan,0.00000000,0,0,0,23.14629173,0.05277798,16.02957845
45500,0.78877980,0.78877980,97,0.99993872,0.78858646,nan,0.00000000,0,0,0,32.47251129,0.13873380,21.33809789
45600,0.12779848,0.12779848,66,0.99863963,0.12710449,nan,0.00000000,0,0,0,24.21235085,0.11786543,12.78352261
45700,0.77279758,0.77279758,72,0.99925341,0.77049233,nan,0.00000000,0,0,0,26.37605858,0.10867062,19.09635798
45800,0.29418361,0.29418361,91,0.99988833,0.29405223,nan,0.00000000,0,0,0,39.16406250,0.13759413,19.60831261
45900,0.33373150,0.33373150,150,0.99999969,0.33373109,nan,0.00000000,0,0,0,10.75171757,0.04080348,13.84351301
46000,2.67433548,2.67433548,184,0.99999999,2.67433537,nan,0.00000000,0,0,0,1.61730802,0.00825165,38.54240227
46100,0.97333252,0.97333252,257,1.00000000,0.97333252,nan,0.07975797,0,0,0,5.28132868,0.03512751,21.19169664
46200,0.27778828,0.27778828,352,1.00000000,0.27778828,nan,0.00000000,0,0,0,7.05977345,0.04146927,14.30585384
46300,0.60438079,0.60438079,257,1.00000000,0.60438079,nan,0.00000000,0,0,0,4.08952141,0.01441626,17.61740608
46400,0.45632485,0.45632485,373,1.00000000,0.45632485,nan,0.00000000,0,0,0,12.27647877,0.03474047,14.33159129
46500,0.85798949,0.85798949,322,1.00000000,0.85798949,nan,0.00000000,0,0,0,6.07666826,0.01613494,18.40294266
46600,0.37422946,0.37422946,144,0.99999944,0.37422863,nan,0.00000000,0,0,0,23.22249603,0.05316249,12.70124308
46700,1.13988495,1.13988495,163,0.99999992,1.13988457,nan,0.00000000,0,0,0,7.17354774,0.02487812,20.37492466
46800,0.58261842,0.58261842,147,0.99999959,0.58261745,nan,0.00000000,0,0,0,10.87387943,0.04823926,14.40217876
46900,0.93970132,0.93970132,219,1.00000000,0.93970132,nan,0.00000000,0,0,0,8.57389832,0.04796394,19.54321035
47000,3.59434175,3.59434175,315,1.00000000,3.59434175,nan,0.00000000,0,0,0,1.74177480,0.00721506,44.33664703
47100,0.37273249,0.37273249,282,1.00000000,0.37273249,nan,0.00000000,0,0,0,10.31594658,0.04033890,10.52109122
47200,0.64423662,0.64423662,231,1.00000000,0.64423662,nan,0.32398108,0,0,0,29.02779388,0.07989208,15.44019222
47300,0.49818027,0.49818027,46,0.98994816,0.47844976,nan,0.32273464,0,0,0,31.10080910,0.24453343,18.59027672
47400,0.41043878,0.41043878,147,0.99999959,0.41043810,nan,0.25637316,0,0,0,33.54595947,0.26129574,23.41140270
47500,0.24024200,0.24024200,261,1.00000000,0.24024200,nan,0.13408405,0,0,0,24.66621017,0.06877457,15.71110249
47600,2.06072855,2.06072855,54,0.99548342,2.02375023,nan,0.00000000,0,0,0,13.81563663,0.03070597,30.36681239
47700,0.58083272,0.58083272,14,0.75340304,0.18713738,nan,0.00000000,0,0,0,30.12887573,0.14966029,19.59827677
47800,0.43136418,0.43136418,151,0.99999972,0.43136370,nan,0.00000000,0,0,0,18.29315567,0.07696567,14.76340079
47900,0.51263928,0.51263928,92,0.99989896,0.51243213,nan,0.00000000,0,0,0,24.14909744,0.09761459,18.27820778
48000,4.20986843,4.20986843,360,1.00000000,4.20986843,nan,0.00000000,0,0,0,1.65112829,0.00917856,51.90538025
48100,0.79625052,0.79625052,429,1.00000000,0.79625052,nan,0.00000000,0,0,0,7.12158012,0.03423095,19.10710335
48200,0.38971281,0.38971281,319,1.00000000,0.38971281,nan,0.05530826,0,0,0,7.98577547,0.02479876,14.59773874
48300,0.23720987,0.23720987,380,1.00000000,0.23720987,nan,0.00000000,0,0,0,15.89686966,0.05945810,12.13428752
48400,0.29495740,0.29495740,242,1.00000000,0.29495740,nan,0.00000000,0,0,0,7.96495485,0.02567428,13.30563140
48500,0.89164108,0.89164108,141,0.99999925,0.89163840,nan,0.00000000,0,0,0,10.67549229,0.03901276,18.35823949
48600,0.72526306,0.72526306,76,0.99949955,0.72381231,nan,0.00000000,0,0,0,15.18600655,0.04256065,16.28736623
48700,0.42398494,0.42398494,85,0.99979653,0.42363998,nan,0.00000000,0,0,0,21.20515633,0.08637220,15.24010348
48800,0.30267084,0.30267084,551,1.00000000,0.30267084,nan,0.00000000,0,0,0,11.24448586,0.03916473,14.04178397
48900,0.21881191,0.21881191,505,1.00000000,0.21881191,nan,0.00000000,0,0,0,18.05441666,0.04654825,11.89593410
49000,3.06022120,3.06022120,94,0.99991728,3.05920871,nan,0.00000000,0,0,0,1.92589271,0.01017781,41.34485149
49100,0.38104594,0.38104594,521,1.00000000,0.38104594,nan,0.03024342,0,0,0,9.69739056,0.03442384,12.52767372
49200,0.79442459,0.79442459,340,1.00000000,0.79442459,nan,0.00000000,0,0,0,11.54745293,0.02056067,17.60475445
49300,0.34446916,0.34446916,127,0.99999695,0.34446496,nan,0.00000000,0,0,0,23.46015739,0.07534734,17.12587706
49400,0.31614712,0.31614712,127,0.99999695,0.31614326,nan,0.00000000,0,0,0,23.13477516,0.07805768,12.73294449
49500,0.57061309,0.57061309,137,0.99999888,0.57061052,nan,0.00000000,0,0,0,19.87426376,0.03539735,14.16958499
49600,2.07373333,2.07373333,146,0.99999954,2.07372954,nan,0.03338152,0,0,0,16.44634056,0.11998746,42.09487534
49700,0.31676325,0.31676325,351,1.00000000,0.31676325,nan,0.09819710,0,0,0,17.04563141,0.05300095,13.01547098
49800,0.32218719,0.32218719,335,1.00000000,0.32218719,nan,0.00000000,0,0,0,17.78858757,0.09471337,12.35379505
49900,0.73465854,0.73465854,97,0.99993872,0.73447847,nan,0.00000000,0,0,0,18.51338387,0.09242168,18.38197200
50000,1.33121431,1.33121431,108,0.99997960,1.33110569,nan,0.06385314,0,0,0,2.50820446,0.01058122,24.62418365
50100,0.42513359,0.42513359,129,0.99999750,0.42512934,nan,0.47754259,0,0,0,26.88573647,0.07031175,15.93727843
50200,0.50709164,0.50709164,123,0.99999545,0.50708241,nan,0.45656659,0,0,0,22.79221344,0.11394735,15.97734642
50300,2.01245975,2.01245975,267,1.00000000,2.01245975,nan,0.41342070,0,0,0,42.58786392,0.15363432,38.02387174
50400,0.25482446,0.25482446,100,0.99995460,0.25477819,nan,0.41780311,0,0,0,19.19497871,0.05460800,14.43877268
50500,0.55221123,0.55221123,318,1.00000000,0.55221123,nan,0.39390500,0,0,0,13.08950424,0.05366695,16.54313755
50600,1.52609468,1.52609468,19,0.85043138,0.79824937,nan,0.32641937,0,0,0,18.52725792,0.08120362,27.66820335
50700,0.98709464,0.98709464,83,0.99975148,0.98611377,nan,0.32165937,0,0,0,27.13722801,0.08500732,20.74752426
50800,0.92344409,0.92344409,66,0.99863963,0.91842944,nan,0.27050324,0,0,0,17.27409935,0.04261646,20.91319911
50900,0.87009507,0.87009507,187,0.99999999,0.87009505,nan,0.14472534,0,0,0,20.46975708,0.07226837,20.03198051
51000,2.23661518,2.23661518,585,1.00000000,2.23661518,nan,0.00000000,0,0,0,1.62092292,0.00636869,34.33856646
51100,0.57745290,0.57745290,308,1.00000000,0.57745290,nan,0.09463382,0,0,0,20.86183739,0.10260227,16.76591396
51200,0.59914547,0.59914547,126,0.99999663,0.59913739,nan,0.00801369,0,0,0,26.16564178,0.11480824,20.35938899
51300,0.25578892,0.25578892,190,0.99999999,0.25578892,nan,0.00000000,0,0,0,19.83234215,0.03321416,12.71702709
51400,0.43366194,0.43366194,353,1.00000000,0.43366194,nan,0.00000000,0,0,0,24.41181946,0.09200222,14.27438202
51500,1.04442215,1.04442215,201,1.00000000,1.04442214,nan,0.00000000,0,0,0,7.44314909,0.04192581,21.15047646
51600,0.51870239,0.51870239,298,1.00000000,0.51870239,nan,0.00000000,0,0,0,32.75407410,0.07792220,18.95146847
51700,0.36997482,0.36997482,303,1.00000000,0.36997482,nan,0.00000000,0,0,0,21.63002777,0.08207314,14.35712496
51800,1.10213864,1.10213864,351,1.00000000,1.10213864,nan,0.00000000,0,0,0,28.91988373,0.06607547,20.57862949
51900,1.35123146,1.35123146,340,1.00000000,1.35123146,nan,0.00000000,0,0,0,14.51828671,0.04631349,22.76406574
52000,2.91768360,2.91768360,237,1.00000000,2.91768360,nan,0.01578723,0,0,0,1.47658324,0.00957462,40.89321899
52100,0.82669806,0.82669806,167,0.99999994,0.82669788,nan,0.30334788,0,0,0,16.70967674,0.15602896,21.35029888
52200,0.31054625,0.31054625,65,0.99849656,0.30868291,nan,0.25416438,0,0,0,10.24751759,0.04202358,13.95420241
52300,0.26506475,0.26506475,529,1.00000000,0.26506475,nan,0.14111592,0,0,0,8.60171986,0.03412193,13.55302954
52400,1.05637717,1.05637717,68,0.99888622,1.05167876,nan,0.00728353,0,0,0,10.95346928,0.08780672,21.69292831
52500,0.74698901,0.74698901,72,0.99925341,0.74476074,nan,0.15545255,0,0,0,20.19399834,0.11373395,18.63249270
52600,0.28867507,0.28867507,427,1.00000000,0.28867507,nan,0.00000000,0,0,0,22.57551384,0.04352786,14.21579189
52700,0.56189525,0.56189525,453,1.00000000,0.56189525,nan,0.00000000,0,0,0,10.18852329,0.03789198,15.19305102
52800,0.48890558,0.48890558,30,0.95021293,0.39857379,nan,0.00000000,0,0,0,35.94023132,0.16169044,19.42635091
52900,0.84913725,0.84913725,242,1.00000000,0.84913725,nan,0.29211523,0,0,0,35.09236526,0.09239779,20.46040185
53000,3.92543697,3.92543697,338,1.00000000,3.92543697,nan,0.11147618,0,0,0,1.95301270,0.01403290,50.09465154
53100,0.99892342,0.99892342,230,1.00000000,0.99892342,nan,0.24740002,0,0,0,9.21059799,0.03335790,18.98262978
53200,0.44760889,0.44760889,56,0.99630214,0.44102474,nan,0.22919922,0,0,0,9.01741695,0.04545185,15.78103280
53300,1.06903410,1.06903410,106,0.99997508,1.06892756,nan,0.24823215,0,0,0,4.86043549,0.01335963,21.71060610
53400,0.38308230,0.38308230,248,1.00000000,0.38308230,nan,0.29397879,0,0,0,33.15550232,0.07698536,14.85877228
53500,0.57169670,0.57169670,302,1.00000000,0.57169670,nan,0.00000000,0,0,0,10.26751328,0.04373100,16.92030525
53600,1.25387728,1.25387728,102,0.99996283,1.25369086,nan,0.00000000,0,0,0,23.58373642,0.07237168,22.95962715
53700,0.47195831,0.47195831,242,1.00000000,0.47195831,nan,0.00000000,0,0,0,18.98530388,0.05491618,19.10804749
53800,0.28116855,0.28116855,77,0.99954717,0.28065961,nan,0.00000000,0,0,0,36.87089920,0.11397687,16.30276998
53900,1.13621414,1.13621414,139,0.99999908,1.13620996,nan,0.00000000,0,0,0,14.70681381,0.11004890,23.65988859
54000,1.76207447,1.76207447,482,1.00000000,1.76207447,nan,0.00000000,0,0,0,1.54692101,0.00595552,30.31472349
54100,0.33084404,0.33084404,314,1.00000000,0.33084404,nan,0.13862062,0,0,0,6.46224928,0.03644870,14.39662139
54200,0.66411042,0.66411042,224,1.00000000,0.66411042,nan,0.00531637,0,0,0,6.42942238,0.05729939,17.83825159
54300,0.30498588,0.30498588,524,1.00000000,0.30498588,nan,0.00000000,0,0,0,10.56160831,0.11217981,13.55210094
54400,0.56754124,0.56754124,208,1.00000000,0.56754124,nan,0.00000000,0,0,0,9.58526134,0.05470144,15.46552181
54500,0.28422898,0.28422898,326,1.00000000,0.28422898,nan,0.00000000,0,0,0,11.89992332,0.04848503,11.97786522
54600,0.62640393,0.62640393,217,1.00000000,0.62640393,nan,0.00000000,0,0,0,11.42392826,0.06153449,14.93156656
54700,0.17672789,0.17672789,335,1.00000000,0.17672789,nan,0.00000000,0,0,0,6.43727350,0.04530035,11.39897251
54800,0.21795143,0.21795143,448,1.00000000,0.21795143,nan,0.00000000,0,0,0,7.73077202,0.02342293,10.04505825
54900,0.54349083,0.54349083,318,1.00000000,0.54349083,nan,0.00000000,0,0,0,8.43627453,0.05989220,12.17634964
55000,2.15172195,2.15172195,275,1.00000000,2.15172195,nan,0.00000000,0,0,0,1.79063058,0.01190478,31.62152672
55100,0.85618752,0.85618752,452,1.00000000,0.85618752,nan,0.00494136,0,0,0,10.69764137,0.06073499,16.70970173
55200,0.25749281,0.25749281,549,1.00000000,0.25749281,nan,0.00000000,0,0,0,6.76433659,0.02855922,9.39869766
55300,0.82860482,0.82860482,390,1.00000000,0.82860482,nan,0.00000000,0,0,0,8.61536026,0.04244016,14.32486057
55400,0.46146837,0.46146837,337,1.00000000,0.46146837,nan,0.00000000,0,0,0,11.11956501,0.10062545,9.88588874
55500,0.56711793,0.56711793,350,1.00000000,0.56711793,nan,0.00000000,0,0,0,6.56873465,0.04628779,11.33370431
55600,0.30078590,0.30078590,417,1.00000000,0.30078590,nan,0.00000000,0,0,0,12.33628368,0.11223786,8.54675198
55700,0.42617697,0.42617697,358,1.00000000,0.42617697,nan,0.00000000,0,0,0,6.93038940,0.04290478,6.76101748
55800,0.51573902,0.51573902,416,1.00000000,0.51573902,nan,0.00000000,0,0,0,6.06675768,0.05388026,8.70072565
55900,0.52835113,0.52835113,46,0.98994816,0.50742570,nan,0.00000000,0,0,0,10.02226830,0.08421848,7.95067485
56000,2.90138149,2.90138149,389,1.00000000,2.90138149,nan,0.00000000,0,0,0,1.48718905,0.01000610,37.22245661
56100,0.84864533,0.84864533,95,0.99992515,0.84839127,nan,0.42985813,0,0,0,18.38528442,0.14387242,51.87611898
56200,2.12998152,2.12998152,64,0.99833844,2.11586042,nan,0.35344771,0,0,0,6.14399815,0.04631030,27.80032667
56300,0.88422626,0.88422626,243,1.00000000,0.88422626,nan,0.61927526,0,0,0,8.92306423,0.09339041,14.22524605
56400,0.33569041,0.33569041,598,1.00000000,0.33569041,nan,0.72301669,0,0,0,7.21584892,0.05292290,11.36812210
56500,0.39988607,0.39988607,191,0.99999999,0.39988606,nan,0.94817553,0,0,0,24.96642494,0.04176547,19.01244259
56600,1.06926668,1.06926668,221,1.00000000,1.06926668,nan,0.99551855,0,0,0,10.28056812,0.10603458,20.76477369
56700,1.16709149,1.16709149,206,1.00000000,1.16709148,nan,0.98090191,0,0,0,11.92432690,0.06192268,18.56873703
56800,0.49528536,0.49528536,232,1.00000000,0.49528536,nan,0.93677926,0,0,0,23.54870605,0.07571936,18.44536304
56900,0.46200317,0.46200317,162,0.99999991,0.46200300,nan,0.92367450,0,0,0,12.31165409,0.08250336,13.16798949
57000,2.30203724,2.30203724,401,1.00000000,2.30203724,nan,0.96751346,0,0,0,1.64673316,0.00776627,33.23293018
57100,0.55888122,0.55888122,183,0.99999999,0.55888120,nan,1.20249674,0,0,0,4.76907921,0.06408391,16.11202550
57200,0.69488847,0.69488847,576,1.00000000,0.69488847,nan,1.19738650,0,0,0,6.54251194,0.02820546,15.65621535
57300,0.45070255,0.45070255,457,1.00000000,0.45070255,nan,1.01509055,0,0,0,12.69665909,0.07567824,12.33249092
57400,0.56777251,0.56777251,450,1.00000000,0.56777251,nan,0.79708063,0,0,0,5.89467382,0.03630751,14.96672122
57500,0.27265260,0.27265260,397,1.00000000,0.27265260,nan,0.60830896,0,0,0,12.67251492,0.06037579,11.44873309
57600,0.97676158,0.97676158,290,1.00000000,0.97676158,nan,0.44067633,0,0,0,9.26574326,0.07965302,16.75628281
57700,0.40211996,0.40211996,274,1.00000000,0.40211996,nan,0.21229800,0,0,0,20.10670090,0.07333685,10.20502639
57800,0.13666272,0.13666272,421,1.00000000,0.13666272,nan,0.00000000,0,0,0,10.01925278,0.04958282,6.16484833
57900,0.26799911,0.26799911,473,1.00000000,0.26799911,nan,0.00000000,0,0,0,9.27886772,0.03800566,8.55136776
58000,1.72860396,1.72860396,257,1.00000000,1.72860396,nan,0.00000000,0,0,0,1.89247000,0.01292828,27.62264824
58100,0.56853336,0.56853336,282,1.00000000,0.56853336,nan,0.12221117,0,0,0,9.43409729,0.06030495,10.83309078
58200,0.68180084,0.68180084,382,1.00000000,0.68180084,nan,0.00000000,0,0,0,10.75153446,0.06924322,11.25798607
58300,0.29312372,0.29312372,289,1.00000000,0.29312372,nan,0.00000000,0,0,0,11.29360771,0.06957360,7.22711293
58400,0.23619951,0.23619951,285,1.00000000,0.23619951,nan,0.00000000,0,0,0,8.32662201,0.03928284,7.29135895
58500,0.20661062,0.20661062,487,1.00000000,0.20661062,nan,0.00000000,0,0,0,4.76848125,0.03550462,7.03917980
58600,0.57062292,0.57062292,847,1.00000000,0.57062292,nan,0.00000000,0,0,0,6.01931715,0.02907907,9.26106071
58700,0.35576957,0.35576957,314,1.00000000,0.35576957,nan,0.00000000,0,0,0,6.04200363,0.02426391,7.49531651
58800,1.03680277,1.03680277,252,1.00000000,1.03680277,nan,0.00000000,0,0,0,6.48017311,0.02933903,14.54114008
58900,0.98479229,0.98479229,683,1.00000000,0.98479229,nan,0.13831497,0,0,0,5.83105183,0.04316146,16.97142029
59000,2.00761628,2.00761628,77,0.99954717,2.00398234,nan,0.42779117,0,0,0,2.25498581,0.01825958,28.45315552
59100,0.73495346,0.73495346,518,1.00000000,0.73495346,nan,0.61677549,0,0,0,8.68353081,0.03931552,14.05212021
59200,0.70284843,0.70284843,91,0.99988833,0.70253455,nan,0.94865510,0,0,0,37.40794373,0.26142481,42.81586838
59300,0.67754352,0.67754352,135,0.99999863,0.67753981,nan,1.04163338,0,0,0,15.43717480,0.09557232,14.86938047
59400,0.32620162,0.32620162,481,1.00000000,0.32620162,nan,1.02850433,0,0,0,27.40179825,0.09926759,17.06387806
59500,0.74064839,0.74064839,241,1.00000000,0.74064839,nan,0.99888278,0,0,0,10.63941574,0.07646705,18.41941452
59600,0.76584584,0.76584584,171,0.99999996,0.76584572,nan,0.98518860,0,0,0,20.65279770,0.14918895,16.73968124
59700,0.49382421,0.49382421,256,1.00000000,0.49382421,nan,0.92208738,0,0,0,12.41269970,0.06706867,14.92244530
59800,0.12235233,0.12235233,192,1.00000000,0.12235233,nan,0.83287636,0,0,0,9.92015457,0.07342628,10.20803237
59900,0.58217591,0.58217591,340,1.00000000,0.58217591,nan,0.76775097,0,0,0,18.38394737,0.05354190,13.51678352
60000,2.57768130,2.57768130,173,0.99999997,2.57768099,nan,0.70006403,0,0,0,1.77501810,0.01010957,36.11602020
60100,0.25665432,0.25665432,496,1.00000000,0.25665432,nan,0.93665681,0,0,0,5.08172607,0.04300710,12.97184992
60200,0.42953855,0.42953855,210,1.00000000,0.42953855,nan,0.78450467,0,0,0,6.55165291,0.02821577,12.38225778
60300,0.27227631,0.27227631,189,0.99999999,0.27227631,nan,0.54062053,0,0,0,8.02817249,0.03314142,11.69172764
60400,0.68105817,0.68105817,128,0.99999724,0.68105065,nan,0.63954547,0,0,0,6.48349142,0.08545583,16.26111794
60500,0.55156255,0.55156255,224,1.00000000,0.55156255,nan,0.46102808,0,0,0,10.64040947,0.05388308,12.92628193
60600,0.17180842,0.17180842,515,1.00000000,0.17180842,nan,0.22853821,0,0,0,8.83279800,0.05182169,10.44787312
60700,0.19417742,0.19417742,206,1.00000000,0.19417742,nan,0.00000000,0,0,0,21.89597893,0.11094461,8.43538348
60800,0.20505357,0.20505357,275,1.00000000,0.20505357,nan,0.00000000,0,0,0,13.77674389,0.06926933,8.49150276
60900,0.41818583,0.41818583,317,1.00000000,0.41818583,nan,0.00000000,0,0,0,8.21265125,0.02494654,8.73934412
61000,2.55715799,2.55715799,302,1.00000000,2.55715799,nan,0.00000000,0,0,0,2.15371418,0.01563827,33.08732367
61100,0.60460204,0.60460204,57,0.99665403,0.59655065,nan,0.43851810,0,0,0,7.37822819,0.05642786,12.93317556
61200,0.49499130,0.49499130,275,1.00000000,0.49499130,nan,0.90924732,0,0,0,26.54852676,0.08785344,17.39606889
61300,1.24806440,1.24806440,149,0.99999966,1.24806271,nan,0.92537499,0,0,0,22.39885712,0.03400929,20.61609840
61400,0.91712445,0.91712445,209,1.00000000,0.91712445,nan,0.84173312,0,0,0,12.25273705,0.04274726,18.46896108
61500,0.67992675,0.67992675,378,1.00000000,0.67992675,nan,0.83354296,0,0,0,22.63958549,0.14035845,19.27211952
61600,0.19783300,0.19783300,498,1.00000000,0.19783300,nan,0.66491860,0,0,0,16.14085007,0.07995681,11.24465084
61700,0.22039846,0.22039846,286,1.00000000,0.22039846,nan,0.50923374,0,0,0,30.28507805,0.11154376,10.62936211
61800,0.41040573,0.41040573,189,0.99999999,0.41040572,nan,0.30079236,0,0,0,13.54412937,0.08329046,12.57418346
61900,0.73572308,0.73572308,34,0.96662673,0.64231724,nan,0.19701136,0,0,0,16.72275162,0.19735776,22.49320475
62000,2.57577395,2.57577395,262,1.00000000,2.57577395,nan,0.05326219,0,0,0,1.64510405,0.01169736,36.42090797
62100,0.39432013,0.39432013,171,0.99999996,0.39432007,nan,0.83143163,0,0,0,4.57929707,0.05356797,15.31881237
62200,0.67005491,0.67005491,190,0.99999999,0.67005490,nan,1.00162114,0,0,0,16.87176132,0.06565523,17.50321293
62300,0.33600250,0.33600250,427,1.00000000,0.33600250,nan,0.80935135,0,0,0,28.36850357,0.06297763,12.82454205
62400,0.06487036,0.06487036,447,1.00000000,0.06487036,nan,0.60601934,0,0,0,17.47442245,0.04964172,10.43323565
62500,0.91134930,0.91134930,297,1.00000000,0.91134930,nan,0.45004170,0,0,0,21.01816940,0.04686122,20.69229317
62600,0.71486908,0.71486908,131,0.99999795,0.71486323,nan,0.27085037,0,0,0,17.95291328,0.06814855,17.63886929
62700,1.23155892,1.23155892,52,0.99448344,1.20460707,nan,0.18282690,0,0,0,7.12564278,0.04589164,23.02964211
62800,0.30378863,0.30378863,320,1.00000000,0.30378863,nan,0.12417682,0,0,0,21.70236778,0.16871279,14.24361293
62900,0.67132348,0.67132348,32,0.95923780,0.56837762,nan,0.00000000,0,0,0,8.60366440,0.03762241,16.53678862
63000,3.36177611,3.36177611,482,1.00000000,3.36177611,nan,0.00000000,0,0,0,1.80184615,0.01053024,44.25207901
63100,1.27253389,1.27253389,228,1.00000000,1.27253389,nan,0.33177746,0,0,0,4.42680454,0.02451145,22.33593407
63200,1.34172308,1.34172308,540,1.00000000,1.34172308,nan,0.33497934,0,0,0,5.60664892,0.01356626,21.83734894
63300,0.36537424,0.36537424,100,0.99995460,0.36530789,nan,0.08311546,0,0,0,9.66458797,0.05664965,11.93972365
63400,0.65606987,0.65606987,481,1.00000000,0.65606987,nan,0.00000000,0,0,0,10.26746655,0.05390778,15.00156593
63500,0.51588321,0.51588321,160,0.99999989,0.51588298,nan,0.00000000,0,0,0,16.49622726,0.09042908,15.70188173
63600,0.17468566,0.17468566,245,1.00000000,0.17468566,nan,0.00000000,0,0,0,19.10291672,0.14228655,10.34075069
63700,0.31182674,0.31182674,757,1.00000000,0.31182674,nan,0.00000000,0,0,0,7.82705498,0.03796571,9.82908940
63800,0.48530993,0.48530993,84,0.99977513,0.48487355,nan,0.00000000,0,0,0,13.62708569,0.07346700,12.94739938
63900,0.48375022,0.48375022,232,1.00000000,0.48375022,nan,0.00000000,0,0,0,17.59977150,0.15065758,11.18505418
64000,2.36145687,2.36145687,542,1.00000000,2.36145687,nan,0.00000000,0,0,0,2.41101313,0.01058904,31.75377226
64100,0.74321884,0.74321884,424,1.00000000,0.74321884,nan,0.00000000,0,0,0,10.55860519,0.09948438,13.46367989
64200,0.47425857,0.47425857,810,1.00000000,0.47425857,nan,0.00000000,0,0,0,9.09634972,0.04889252,8.77693367
64300,0.55027819,0.55027819,388,1.00000000,0.55027819,nan,0.00000000,0,0,0,7.89087582,0.04478229,10.41578984
64400,0.60706502,0.60706502,258,1.00000000,0.60706502,nan,0.00000000,0,0,0,13.86104012,0.06621626,12.26151403
64500,0.32113943,0.32113943,667,1.00000000,0.32113943,nan,0.00000000,0,0,0,5.59873772,0.01575861,8.67887163
64600,1.58316720,1.58316720,246,1.00000000,1.58316720,nan,0.00000000,0,0,0,9.43772697,0.05114869,20.04807727
64700,0.37596866,0.37596866,642,1.00000000,0.37596866,nan,0.00000000,0,0,0,8.12529564,0.03403710,8.60012579
64800,0.61678874,0.61678874,81,0.99969646,0.61604021,nan,0.00000000,0,0,0,17.47925186,0.13925645,9.00135295
64900,0.64379352,0.64379352,426,1.00000000,0.64379352,nan,0.19718109,0,0,0,6.36967278,0.04953201,11.56912994
65000,1.57091415,1.57091415,354,1.00000000,1.57091415,nan,0.06248499,0,0,0,2.75521731,0.01741164,23.15087938
65100,0.57664466,0.57664466,616,1.00000000,0.57664466,nan,0.16327430,0,0,0,6.95794296,0.01950963,11.38322417
65200,0.27594078,0.27594078,529,1.00000000,0.27594078,nan,0.00000000,0,0,0,6.42579985,0.02541922,7.42927301
65300,0.60063714,0.60063714,175,0.99999997,0.60063708,nan,0.00000000,0,0,0,13.35605240,0.08752200,7.90078211
65400,0.60730702,0.60730702,230,1.00000000,0.60730702,nan,0.00000000,0,0,0,14.08562756,0.07992639,10.25054169
65500,0.49454504,0.49454504,188,0.99999999,0.49454503,nan,0.00000000,0,0,0,11.38258839,0.03260648,8.58853793
65600,0.43878293,0.43878293,399,1.00000000,0.43878293,nan,0.00000000,0,0,0,6.97111845,0.02938326,7.26023731
65700,0.87969005,0.87969005,208,1.00000000,0.87969005,nan,0.00000000,0,0,0,10.72942257,0.05895856,11.55485725
65800,0.68375832,0.68375832,277,1.00000000,0.68375832,nan,0.26862495,0,0,0,13.30252743,0.07949774,10.08874369
65900,0.65976065,0.65976065,197,1.00000000,0.65976065,nan,0.14137344,0,0,0,9.67339611,0.05530118,7.61854196
66000,2.56263781,2.56263781,242,1.00000000,2.56263781,nan,0.04664671,0,0,0,2.41727543,0.01717666,31.37579250
66100,1.11176860,1.11176860,366,1.00000000,1.11176860,nan,0.50639888,0,0,0,10.54378223,0.07439769,18.38797045
66200,0.60476911,0.60476911,358,1.00000000,0.60476911,nan,0.50270056,0,0,0,8.05464840,0.05222554,11.47448317
66300,0.26471987,0.26471987,485,1.00000000,0.26471987,nan,0.27450148,0,0,0,8.18988323,0.04257314,5.54192702
66400,0.54412144,0.54412144,305,1.00000000,0.54412144,nan,0.05035797,0,0,0,17.03476715,0.11043987,9.86410403
66500,0.21820793,0.21820793,383,1.00000000,0.21820793,nan,0.00000000,0,0,0,13.79664135,0.13060123,4.79830837
66600,0.63449574,0.63449574,56,0.99630214,0.62516255,nan,0.00000000,0,0,0,12.05761909,0.06925248,8.25306336
66700,0.22517678,0.22517678,598,1.00000000,0.22517678,nan,0.00000000,0,0,0,8.76295090,0.05235346,1.54028514
66800,0.37392080,0.37392080,717,1.00000000,0.37392080,nan,0.00000000,0,0,0,8.09874916,0.03342353,6.18711528
66900,0.44367108,0.44367108,542,1.00000000,0.44367108,nan,0.00000000,0,0,0,10.08257866,0.14498697,10.45709109
67000,1.53982067,1.53982067,683,1.00000000,1.53982067,nan,0.00000000,0,0,0,1.77742362,0.00879432,23.01248169
67100,1.18957376,1.18957376,65,0.99849656,1.18243607,nan,0.00000000,0,0,0,6.11557102,0.07609730,9.97406673
67200,0.92164814,0.92164814,579,1.00000000,0.92164814,nan,0.49260441,0,0,0,5.79403639,0.18928432,13.51964498
67300,0.32893541,0.32893541,116,0.99999083,0.32892335,nan,0.73498199,0,0,0,5.31297827,0.04584722,8.12131853
67400,0.52509034,0.52509034,274,1.00000000,0.52509034,nan,0.83959291,0,0,0,9.20376205,0.11298033,7.57632097
67500,0.17711054,0.17711054,568,1.00000000,0.17711054,nan,0.71684405,0,0,0,7.96715212,0.07194737,6.39041996
67600,0.32250926,0.32250926,135,0.99999863,0.32250749,nan,0.55071141,0,0,0,9.33354855,0.06327027,5.12627387
67700,0.28514773,0.28514773,665,1.00000000,0.28514773,nan,0.34909063,0,0,0,8.56357956,0.06988572,6.23350938
67800,0.65497345,0.65497345,220,1.00000000,0.65497345,nan,0.23823921,0,0,0,14.70513248,0.10507700,14.08387399
67900,0.34706748,0.34706748,416,1.00000000,0.34706748,nan,0.27493426,0,0,0,9.14225388,0.06144659,5.44773006
68000,3.85162020,3.85162020,247,1.00000000,3.85162020,nan,0.08996926,0,0,0,2.31975722,0.01864972,43.96812820
68100,0.35103166,0.35103166,530,1.00000000,0.35103166,nan,0.00000000,0,0,0,8.18646812,0.06341072,5.99770391
68200,0.73243117,0.73243117,194,1.00000000,0.73243116,nan,0.00000000,0,0,0,7.92379761,0.14162092,8.34980450
68300,0.60559201,0.60559201,315,1.00000000,0.60559201,nan,0.00000000,0,0,0,6.43956709,0.06392998,7.32499075
68400,0.32167298,0.32167298,399,1.00000000,0.32167298,nan,0.00000000,0,0,0,5.15690708,0.07093215,4.01282469
68500,0.61362052,0.61362052,321,1.00000000,0.61362052,nan,0.00000000,0,0,0,12.06923485,0.14508621,13.12695058
68600,0.55450583,0.55450583,166,0.99999994,0.55450569,nan,0.00000000,0,0,0,7.02437687,0.08849248,6.06409872
68700,0.53452271,0.53452271,657,1.00000000,0.53452271,nan,0.00000000,0,0,0,8.19487000,0.04590635,6.94323568
68800,0.49153763,0.49153763,651,1.00000000,0.49153763,nan,0.00000000,0,0,0,6.78388786,0.08452280,5.13881993
68900,0.49894789,0.49894789,302,1.00000000,0.49894789,nan,0.00000000,0,0,0,6.97240686,0.04654835,9.05537903
69000,4.47784185,4.47784185,246,1.00000000,4.47784185,nan,0.00000000,0,0,0,1.95685148,0.02949205,49.31998189
69100,0.52543283,0.52543283,95,0.99992515,0.52527552,nan,0.00000000,0,0,0,7.67605925,0.03928526,4.20760703
69200,0.68112826,0.68112826,58,0.99697245,0.67291704,nan,0.00000000,0,0,0,7.68539238,0.04544528,7.74557638
69300,1.24787891,1.24787891,417,1.00000000,1.24787891,nan,0.00442473,0,0,0,7.96535063,0.13931115,17.88741080
69400,0.51129788,0.51129788,324,1.00000000,0.51129788,nan,0.00000000,0,0,0,4.48361731,0.04174290,4.69775772
69500,0.43614644,0.43614644,188,0.99999999,0.43614643,nan,0.00000000,0,0,0,5.45882607,0.11295116,3.04523113
69600,0.64836830,0.64836830,332,1.00000000,0.64836830,nan,0.00000000,0,0,0,4.74730253,0.07853696,3.82229280
69700,0.72797191,0.72797191,462,1.00000000,0.72797191,nan,0.13156967,0,0,0,5.31054449,0.07824711,14.26805655
69800,0.45155853,0.45155853,392,1.00000000,0.45155853,nan,0.00000000,0,0,0,3.97326827,0.03857465,4.11722386
69900,0.41157788,0.41157788,484,1.00000000,0.41157788,nan,0.00000000,0,0,0,4.50315952,0.08204228,1.63359931
70000,3.06039572,3.06039572,416,1.00000000,3.06039572,nan,0.31011493,0,0,0,1.90867317,0.01554420,35.07509995
70100,0.34401602,0.34401602,284,1.00000000,0.34401602,nan,0.32761508,0,0,0,5.21996737,0.14733760,4.88676769
70200,1.02596343,1.02596343,355,1.00000000,1.02596343,nan,0.22145774,0,0,0,5.52709389,0.06695583,8.86995089
70300,0.67340797,0.67340797,646,1.00000000,0.67340797,nan,0.00000000,0,0,0,4.46077299,0.05120796,4.33766286
70400,0.83707440,0.83707440,378,1.00000000,0.83707440,nan,0.00000000,0,0,0,4.12590075,0.03897315,4.52583694
70500,0.21616653,0.21616653,749,1.00000000,0.21616653,nan,0.00000000,0,0,0,3.67083859,0.03334080,0.65766972
70600,0.64451593,0.64451593,416,1.00000000,0.64451593,nan,0.00000000,0,0,0,3.32413578,0.05598876,6.20839787
70700,1.40112054,1.40112054,757,1.00000000,1.40112054,nan,0.00000000,0,0,0,3.56835270,0.02085930,12.90061442
70800,0.87110871,0.87110871,401,1.00000000,0.87110871,nan,0.00000000,0,0,0,4.75104523,0.04743914,4.68952924
70900,0.69645143,0.69645143,428,1.00000000,0.69645143,nan,0.00000000,0,0,0,3.46128058,0.02902237,5.40896193
71000,3.98178315,3.98178315,252,1.00000000,3.98178315,nan,0.00000000,0,0,0,1.80785966,0.02110696,43.92526054
71100,0.52822137,0.52822137,248,1.00000000,0.52822137,nan,0.00926123,0,0,0,4.17576408,0.03334545,4.17060447
71200,0.55835962,0.55835962,856,1.00000000,0.55835962,nan,0.00000000,0,0,0,4.05301094,0.02423466,3.16174108
71300,0.15812039,0.15812039,869,1.00000000,0.15812039,nan,0.00000000,0,0,0,3.84811234,0.03100578,1.11871308
71400,0.49193069,0.49193069,547,1.00000000,0.49193069,nan,0.00000000,0,0,0,5.01694298,0.07888791,6.99513006
71500,0.37262571,0.37262571,659,1.00000000,0.37262571,nan,0.00000000,0,0,0,5.15516806,0.06835090,1.41858992
71600,0.70421898,0.70421898,355,1.00000000,0.70421898,nan,0.00000000,0,0,0,4.46868372,0.02801363,8.49075189
71700,0.29882506,0.29882506,487,1.00000000,0.29882506,nan,0.00000000,0,0,0,3.58273315,0.03376189,-0.77262878
71800,1.10750389,1.10750389,95,0.99992515,1.10717233,nan,0.00000000,0,0,0,4.57763910,0.10289325,18.27373600
71900,0.20618132,0.20618132,271,1.00000000,0.20618132,nan,0.23313639,0,0,0,4.72022438,0.03250158,0.56646367
72000,3.85477233,3.85477233,258,1.00000000,3.85477233,nan,0.13729621,0,0,0,1.94559073,0.02231579,41.58424854
72100,0.27522221,0.27522221,261,1.00000000,0.27522221,nan,0.11107161,0,0,0,5.23252964,0.09421888,1.24720653
72200,0.35929862,0.35929862,471,1.00000000,0.35929862,nan,0.00000000,0,0,0,4.07868004,0.02670651,2.35248959
72300,0.80350995,0.80350995,569,1.00000000,0.80350995,nan,0.07772608,0,0,0,4.71431541,0.02861224,8.53235483
72400,0.47465059,0.47465059,502,1.00000000,0.47465059,nan,0.00000000,0,0,0,5.90367270,0.05950899,3.96850142
72500,0.65020579,0.65020579,136,0.99999876,0.65020256,nan,0.00000000,0,0,0,5.27927923,0.02427234,5.61928988
72600,0.83252960,0.83252960,186,0.99999999,0.83252958,nan,0.00000000,0,0,0,4.99236488,0.06094824,8.09998894
72700,0.33852151,0.33852151,396,1.00000000,0.33852151,nan,0.00000000,0,0,0,6.01501989,0.04724982,1.66114891
72800,0.27952147,0.27952147,1023,1.00000000,0.27952147,nan,0.00000000,0,0,0,4.59583473,0.07022516,2.04711294
72900,1.33994532,1.33994532,85,0.99979653,1.33885510,nan,0.01358161,0,0,0,4.75407696,0.07103556,19.70702577
73000,2.68789387,2.68789387,434,1.00000000,2.68789387,nan,0.00000000,0,0,0,2.14147568,0.01288482,30.32746696
73100,0.43043640,0.43043640,257,1.00000000,0.43043640,nan,0.00000000,0,0,0,5.01720238,0.04525445,4.85523367
73200,0.29335707,0.29335707,797,1.00000000,0.29335707,nan,0.00000000,0,0,0,4.07556868,0.03045010,0.48492190
73300,0.85960835,0.85960835,852,1.00000000,0.85960835,nan,0.00000000,0,0,0,4.14161587,0.05239856,6.88067516
73400,0.94952404,0.94952404,758,1.00000000,0.94952404,nan,0.00125081,0,0,0,5.92275953,0.05772894,8.06981945
73500,0.35813257,0.35813257,828,1.00000000,0.35813257,nan,0.00000000,0,0,0,4.02275181,0.04617351,3.18247398
73600,0.35942686,0.35942686,648,1.00000000,0.35942686,nan,0.01873951,0,0,0,4.85756111,0.04294984,3.56126481
73700,1.06935239,1.06935239,361,1.00000000,1.06935239,nan,0.00000000,0,0,0,5.56619167,0.08419432,12.44726404
73800,0.80698514,0.80698514,740,1.00000000,0.80698514,nan,0.00000000,0,0,0,4.49669552,0.02455191,9.12423658
73900,0.60147363,0.60147363,497,1.00000000,0.60147363,nan,0.00000000,0,0,0,4.89511681,0.03603578,5.28350822
74000,3.12353444,3.12353444,267,1.00000000,3.12353444,nan,0.00000000,0,0,0,2.27119780,0.01358219,35.50863934
74100,0.46016645,0.46016645,585,1.00000000,0.46016645,nan,0.04906653,0,0,0,5.47854424,0.04404013,3.68646073
74200,0.69161665,0.69161665,632,1.00000000,0.69161665,nan,0.00000000,0,0,0,4.88676882,0.04613918,7.15770817
74300,0.34362862,0.34362862,455,1.00000000,0.34362862,nan,0.00000000,0,0,0,5.80469799,0.02916512,2.06926318
74400,0.35370547,0.35370547,425,1.00000000,0.35370547,nan,0.00000000,0,0,0,5.11406469,0.03520291,0.98896170
74500,0.83475566,0.83475566,154,0.99999979,0.83475497,nan,0.00000000,0,0,0,5.25169659,0.02211894,6.92151427
74600,1.06445026,1.06445026,663,1.00000000,1.06445026,nan,0.00000000,0,0,0,4.77700520,0.01688516,10.08336315
74700,0.65113217,0.65113217,653,1.00000000,0.65113217,nan,0.03422684,0,0,0,5.29387045,0.04033760,6.00910012
74800,0.36828801,0.36828801,836,1.00000000,0.36828801,nan,0.00000000,0,0,0,5.57665825,0.03983296,3.30316106
74900,0.36889496,0.36889496,897,1.00000000,0.36889496,nan,0.00000000,0,0,0,5.41202402,0.01902225,1.13305128
75000,2.73563337,2.73563337,273,1.00000000,2.73563337,nan,0.00000000,0,0,0,2.56806111,0.01435148,31.82958984
75100,0.84525186,0.84525186,583,1.00000000,0.84525186,nan,0.00000000,0,0,0,5.92311287,0.06012803,8.82877588
75200,0.15800828,0.15800828,805,1.00000000,0.15800828,nan,0.00000000,0,0,0,5.73241329,0.03895541,0.39736450
75300,0.86704886,0.86704886,944,1.00000000,0.86704886,nan,0.00000000,0,0,0,5.27291679,0.02424174,7.59940462
75400,0.32007077,0.32007077,515,1.00000000,0.32007077,nan,0.00000000,0,0,0,4.89392805,0.02876910,2.53243943
75500,0.34455109,0.34455109,910,1.00000000,0.34455109,nan,0.00000000,0,0,0,4.68369818,0.02424925,2.81393850
75600,0.41074166,0.41074166,335,1.00000000,0.41074166,nan,0.00000000,0,0,0,7.91690397,0.06064530,7.16677290
75700,0.76030928,0.76030928,857,1.00000000,0.76030928,nan,0.00000000,0,0,0,6.55179787,0.04296315,8.31134701
75800,0.34360921,0.34360921,767,1.00000000,0.34360921,nan,0.00000000,0,0,0,6.20192194,0.03191847,1.44649827
75900,0.72554713,0.72554713,439,1.00000000,0.72554713,nan,0.00000000,0,0,0,4.50659180,0.02281973,6.38142331
76000,2.38899064,2.38899064,171,0.99999996,2.38899028,nan,0.00000000,0,0,0,2.31798244,0.01406603,28.03687668
76100,0.43423623,0.43423623,1088,1.00000000,0.43423623,nan,0.00000000,0,0,0,5.71332788,0.05213098,1.54378778
76200,0.70248276,0.70248276,935,1.00000000,0.70248276,nan,0.00000000,0,0,0,4.55711555,0.02115654,3.96460748
76300,0.32292488,0.32292488,615,1.00000000,0.32292488,nan,0.00000000,0,0,0,6.07279825,0.03129010,0.77324045
76400,0.23846062,0.23846062,470,1.00000000,0.23846062,nan,0.00000000,0,0,0,4.69724464,0.03231671,-0.73503915
76500,0.37376028,0.37376028,628,1.00000000,0.37376028,nan,0.00000000,0,0,0,6.53021431,0.04458070,0.54312640
76600,0.39289033,0.39289033,1101,1.00000000,0.39289033,nan,0.00000000,0,0,0,4.55358458,0.03327058,3.22508553
76700,0.59536874,0.59536874,722,1.00000000,0.59536874,nan,0.00000000,0,0,0,4.98710775,0.03418750,2.36279941
76800,0.33753955,0.33753955,977,1.00000000,0.33753955,nan,0.00000000,0,0,0,4.49998665,0.02712058,-0.40356262
76900,0.35487351,0.35487351,850,1.00000000,0.35487351,nan,0.00000000,0,0,0,4.88589478,0.04918458,-0.36436522
77000,3.18808317,3.18808317,281,1.00000000,3.18808317,nan,0.00000000,0,0,0,2.18662238,0.01598715,35.51864497
77100,0.96053994,0.96053994,202,1.00000000,0.96053993,nan,0.00000000,0,0,0,5.34827805,0.13430908,10.19608903
77200,0.66088510,0.66088510,267,1.00000000,0.66088510,nan,0.00000000,0,0,0,6.15017891,0.04562322,5.36868582
77300,0.37495285,0.37495285,719,1.00000000,0.37495285,nan,0.00000000,0,0,0,6.21217251,0.03292063,2.69806051
77400,2.02285099,2.02285099,59,0.99726056,2.00077595,nan,0.00000000,0,0,0,9.00667286,0.07382500,71.40964508
77500,1.12690711,1.12690711,442,1.00000000,1.12690711,nan,0.00000000,0,0,0,6.13231850,0.07902316,20.25540511
77600,0.27023637,0.27023637,683,1.00000000,0.27023637,nan,0.00000000,0,0,0,5.73129463,0.06215246,1.09718215
77700,0.60362554,0.60362554,826,1.00000000,0.60362554,nan,0.00000000,0,0,0,6.33853149,0.04551826,6.04514575
77800,0.41738021,0.41738021,812,1.00000000,0.41738021,nan,0.00000000,0,0,0,4.32607365,0.02459534,3.00721109
77900,0.77757424,0.77757424,845,1.00000000,0.77757424,nan,0.00000000,0,0,0,6.86054659,0.03990643,8.64025998
78000,3.90024471,3.90024471,463,1.00000000,3.90024471,nan,0.00000000,0,0,0,1.96462679,0.02032951,43.26312383
78100,0.18386270,0.18386270,623,1.00000000,0.18386270,nan,0.04651920,0,0,0,4.82033920,0.03300362,-0.82917945
78200,0.31958151,0.31958151,808,1.00000000,0.31958151,nan,0.00822048,0,0,0,6.73240614,0.08204845,1.80689295
78300,0.19842675,0.19842675,880,1.00000000,0.19842675,nan,0.09349012,0,0,0,5.51500177,0.03328739,1.89911119
78400,0.29676616,0.29676616,903,1.00000000,0.29676616,nan,0.00000000,0,0,0,6.57988834,0.04714689,4.00601602
78500,2.27823305,2.27823305,192,1.00000000,2.27823301,nan,0.00000000,0,0,0,6.36332464,0.07356268,22.55019608
78600,0.43455416,0.43455416,926,1.00000000,0.43455416,nan,0.00000000,0,0,0,6.66848707,0.05104965,10.22461319
78700,0.31568581,0.31568581,785,1.00000000,0.31568581,nan,0.00000000,0,0,0,6.25388527,0.05840846,4.06298939
78800,2.24964356,2.24964356,209,1.00000000,2.24964356,nan,0.00000000,0,0,0,7.98110628,0.08497777,26.01715517
78900,0.85136575,0.85136575,884,1.00000000,0.85136575,nan,0.00000000,0,0,0,7.47927189,0.08447549,8.03390241
79000,2.29377413,2.29377413,637,1.00000000,2.29377413,nan,0.00000000,0,0,0,2.45806217,0.02756246,28.20087147
79100,0.46348223,0.46348223,1062,1.00000000,0.46348223,nan,0.00000000,0,0,0,6.91401148,0.03594683,3.03723329
79200,0.58458018,0.58458018,1133,1.00000000,0.58458018,nan,0.00000000,0,0,0,6.35324669,0.02340670,3.83766723
79300,0.84556240,0.84556240,616,1.00000000,0.84556240,nan,0.00000000,0,0,0,5.80145454,0.05275594,8.45752239
79400,0.29668152,0.29668152,1049,1.00000000,0.29668152,nan,0.00000000,0,0,0,6.56819344,0.02690048,2.07128445
79500,0.29935417,0.29935417,706,1.00000000,0.29935417,nan,0.00000000,0,0,0,5.79975557,0.02378628,1.67374969
79600,0.54228920,0.54228920,417,1.00000000,0.54228920,nan,0.00000000,0,0,0,5.66683292,0.04218214,3.72956103
79700,0.40972167,0.40972167,649,1.00000000,0.40972167,nan,0.00000000,0,0,0,8.05032730,0.06482535,8.12503612
79800,0.68362248,0.68362248,273,1.00000000,0.68362248,nan,0.00000000,0,0,0,3.97327328,0.02377427,5.66024526
79900,0.42018631,0.42018631,856,1.00000000,0.42018631,nan,0.00000000,0,0,0,6.60036898,0.03948377,3.78040105
80000,1.89074349,1.89074349,383,1.00000000,1.89074349,nan,0.13982546,0,0,0,2.89810658,0.01460569,23.64447212
80100,0.83398193,0.83398193,1114,1.00000000,0.83398193,nan,0.20094384,0,0,0,8.16831970,0.03814357,8.97360563
80200,0.09133770,0.09133770,840,1.00000000,0.09133770,nan,0.11485954,0,0,0,8.03727722,0.06773444,1.77818251
80300,0.41004127,0.41004127,567,1.00000000,0.41004127,nan,0.01253724,0,0,0,9.38245964,0.04105969,4.14127159
80400,0.63436592,0.63436592,702,1.00000000,0.63436592,nan,0.00000000,0,0,0,8.04306889,0.09383890,5.34364955
80500,0.35544163,0.35544163,683,1.00000000,0.35544163,nan,0.00000000,0,0,0,7.78740883,0.03098701,4.46017138
80600,0.38826787,0.38826787,349,1.00000000,0.38826787,nan,0.00000000,0,0,0,8.47235966,0.06840186,5.53084171
80700,0.51235044,0.51235044,904,1.00000000,0.51235044,nan,0.00000000,0,0,0,7.81567049,0.01671492,5.97915220
80800,0.88205099,0.88205099,56,0.99630214,0.86907636,nan,0.00000000,0,0,0,9.58542919,0.08982103,10.33656716
80900,0.63899523,0.63899523,415,1.00000000,0.63899523,nan,0.00000000,0,0,0,10.15121651,0.04958031,10.32514731
81000,3.10658145,3.10658145,305,1.00000000,3.10658145,nan,0.00000000,0,0,0,2.84574294,0.01505476,33.90590000
81100,0.86613905,0.86613905,738,1.00000000,0.86613905,nan,0.00000000,0,0,0,8.24940968,0.04693778,7.73004119
81200,0.82086265,0.82086265,947,1.00000000,0.82086265,nan,0.00000000,0,0,0,7.72624207,0.03859698,8.16947365
81300,0.44023985,0.44023985,230,1.00000000,0.44023985,nan,0.00000000,0,0,0,13.60558224,0.12545599,9.30168819
81400,0.32117480,0.32117480,478,1.00000000,0.32117480,nan,0.00000000,0,0,0,8.92754269,0.04694049,4.97997379
81500,0.97285050,0.97285050,568,1.00000000,0.97285050,nan,0.00000000,0,0,0,7.03241920,0.06457710,10.30765676
81600,0.91054589,0.91054589,694,1.00000000,0.91054589,nan,0.16166426,0,0,0,9.68350697,0.02497194,9.33800888
81700,0.47670931,0.47670931,419,1.00000000,0.47670931,nan,0.01623612,0,0,0,9.64998817,0.05597454,5.31530035
81800,0.75043553,0.75043553,690,1.00000000,0.75043553,nan,0.00000000,0,0,0,8.66548347,0.04513389,10.44826126
81900,0.33273941,0.33273941,289,1.00000000,0.33273941,nan,0.15522700,0,0,0,15.81137466,0.05312571,5.33199596
82000,2.41394949,2.41394949,309,1.00000000,2.41394949,nan,0.00000000,0,0,0,3.12544751,0.01752177,29.94573784
82100,0.44601658,0.44601658,176,0.99999998,0.44601654,nan,0.00000000,0,0,0,8.91399670,0.05840583,5.66405058
82200,0.88720012,0.88720012,942,1.00000000,0.88720012,nan,0.00000000,0,0,0,8.67475224,0.03335700,9.04509616
82300,0.86692446,0.86692446,527,1.00000000,0.86692446,nan,0.00000000,0,0,0,10.19078541,0.02590364,11.09001398
82400,0.53546399,0.53546399,455,1.00000000,0.53546399,nan,0.00000000,0,0,0,11.81038284,0.06817690,5.26120658
82500,0.34742641,0.34742641,362,1.00000000,0.34742641,nan,0.00000000,0,0,0,13.92012024,0.06187074,5.41207629
82600,0.61606079,0.61606079,534,1.00000000,0.61606079,nan,0.00000000,0,0,0,14.63664722,0.04171460,12.96885777
82700,0.63621992,0.63621992,571,1.00000000,0.63621992,nan,0.00000000,0,0,0,12.17275620,0.06460223,9.50334422
82800,0.59567213,0.59567213,671,1.00000000,0.59567213,nan,0.00000000,0,0,0,13.72537422,0.03071667,10.25744343
82900,0.36298892,0.36298892,315,1.00000000,0.36298892,nan,0.00000000,0,0,0,15.48367977,0.06745812,5.09004493
83000,2.10300398,2.10300398,742,1.00000000,2.10300398,nan,0.00000000,0,0,0,2.69211316,0.01932359,27.90774345
83100,0.51265603,0.51265603,610,1.00000000,0.51265603,nan,0.00000000,0,0,0,15.25727367,0.04264391,7.82445550
83200,0.54594791,0.54594791,547,1.00000000,0.54594791,nan,0.00000000,0,0,0,8.31216431,0.04993615,8.42597318
83300,0.55519998,0.55519998,710,1.00000000,0.55519998,nan,0.00000000,0,0,0,7.62190676,0.09004981,8.36187124
83400,1.02979195,1.02979195,450,1.00000000,1.02979195,nan,0.00000000,0,0,0,14.68923950,0.16367258,10.78271643
83500,0.76870084,0.76870084,114,0.99998880,0.76866641,nan,0.00000000,0,0,0,10.62239933,0.08307818,10.61872387
83600,0.54342335,0.54342335,427,1.00000000,0.54342335,nan,0.00000000,0,0,0,11.37191582,0.06347273,10.18490537
83700,0.44609070,0.44609070,802,1.00000000,0.44609070,nan,0.00000000,0,0,0,7.26324701,0.06179392,3.83934408
83800,0.29647475,0.29647475,984,1.00000000,0.29647475,nan,0.00000000,0,0,0,9.07804012,0.05412088,2.77082694
83900,0.56575429,0.56575429,892,1.00000000,0.56575429,nan,0.00000000,0,0,0,11.50869942,0.03587953,5.38214374
84000,1.69925261,1.69925261,290,1.00000000,1.69925261,nan,0.00000000,0,0,0,2.84086394,0.02137526,23.67729759
84100,1.27925241,1.27925241,171,0.99999996,1.27925222,nan,0.00000000,0,0,0,13.08722210,0.06769159,16.53492324
84200,1.15831804,1.15831804,405,1.00000000,1.15831804,nan,0.00000000,0,0,0,9.24009037,0.05285611,11.19924990
84300,0.56071877,0.56071877,507,1.00000000,0.56071877,nan,0.00000000,0,0,0,11.64510441,0.11836281,7.91810274
84400,0.87866074,0.87866074,619,1.00000000,0.87866074,nan,0.00000000,0,0,0,10.21373272,0.04809174,9.75382487
84500,0.47925907,0.47925907,197,1.00000000,0.47925907,nan,0.00000000,0,0,0,8.18869877,0.04383504,3.76136549
84600,0.34093755,0.34093755,386,1.00000000,0.34093755,nan,0.04137806,0,0,0,11.18162155,0.04632391,5.55656385
84700,0.41789806,0.41789806,845,1.00000000,0.41789806,nan,0.00000000,0,0,0,9.88862705,0.06665298,3.90516424
84800,0.60318428,0.60318428,606,1.00000000,0.60318428,nan,0.00000000,0,0,0,10.62968063,0.07621557,6.50600863
84900,1.20105684,1.20105684,135,0.99999863,1.20105025,nan,0.00000000,0,0,0,8.03668022,0.04485778,13.18334802
85000,2.51464128,2.51464128,171,0.99999996,2.51464091,nan,0.07385353,0,0,0,2.66165757,0.02090289,31.69955444
85100,0.47084224,0.47084224,759,1.00000000,0.47084224,nan,0.08280549,0,0,0,9.59774780,0.20519257,6.16695994
85200,0.22948615,0.22948615,364,1.00000000,0.22948615,nan,0.00000000,0,0,0,11.21660137,0.06004581,2.69136143
85300,0.30617687,0.30617687,667,1.00000000,0.30617687,nan,0.00000000,0,0,0,11.55978584,0.05208703,3.88876923
85400,1.23384941,1.23384941,344,1.00000000,1.23384941,nan,0.62564244,0,0,0,22.06575775,0.22529197,26.83005981
85500,0.33132812,0.33132812,416,1.00000000,0.33132812,nan,0.83238251,0,0,0,12.43693066,0.11367018,9.78232034
85600,0.69742227,0.69742227,143,0.99999938,0.69742055,nan,0.77347932,0,0,0,8.03608036,0.12476870,14.22057724
85700,1.19192696,1.19192696,77,0.99954717,1.18976947,nan,0.93528591,0,0,0,10.37355709,0.14010859,22.67210531
85800,0.85437137,0.85437137,161,0.99999990,0.85437102,nan,1.21332900,0,0,0,17.73511505,0.21248958,19.57236366
85900,2.00544262,2.00544262,99,0.99994983,2.00504016,nan,1.30233880,0,0,0,26.56890678,0.34955215,91.55744934
86000,2.50361538,2.50361538,368,1.00000000,2.50361538,nan,1.35377957,0,0,0,2.57273984,0.02736334,33.85409292
86100,0.16251740,0.16251740,196,1.00000000,0.16251740,nan,1.51721671,0,0,0,26.59724617,0.15885997,10.66806412
86200,0.51843470,0.51843470,136,0.99999876,0.51843213,nan,1.38865198,0,0,0,11.48056126,0.05286909,14.41594060
86300,0.74157482,0.74157482,23,0.89974116,0.48598775,nan,1.34357523,0,0,0,12.77630329,0.54861122,19.39266472
86400,0.87123191,0.87123191,74,0.99938875,0.86910369,nan,1.26090543,0,0,0,7.59607506,0.15936665,17.22124557
86500,1.20875669,1.20875669,44,0.98772266,1.15047970,nan,1.20415151,0,0,0,8.98617458,0.11671484,19.25534948
86600,0.65232980,0.65232980,242,1.00000000,0.65232980,nan,1.06707096,0,0,0,11.58220005,0.05893921,14.84555499
86700,1.21264970,1.21264970,61,0.99775713,1.20180700,nan,0.92610918,0,0,0,7.29657650,0.05049124,19.23238945
86800,0.63653272,0.63653272,191,0.99999999,0.63653271,nan,0.90442006,0,0,0,18.69072533,0.28710604,15.05030028
86900,0.60396117,0.60396117,584,1.00000000,0.60396117,nan,0.84617667,0,0,0,10.16939163,0.08656208,13.09039831
87000,2.54660964,2.54660964,550,1.00000000,2.54660964,nan,0.87688229,0,0,0,2.34166622,0.02077740,35.59162776
87100,0.71222413,0.71222413,311,1.00000000,0.71222413,nan,0.96418632,0,0,0,6.47514772,0.17733324,15.85102463
87200,1.00033295,1.00033295,404,1.00000000,1.00033295,nan,0.90212765,0,0,0,10.16760063,0.13436860,16.82931519
87300,0.42341366,0.42341366,937,1.00000000,0.42341366,nan,0.73595376,0,0,0,7.77845430,0.07928671,13.33282566
87400,0.15059663,0.15059663,682,1.00000000,0.15059663,nan,0.51959442,0,0,0,8.01662350,0.08766070,8.57579899
87500,0.27025971,0.27025971,631,1.00000000,0.27025971,nan,0.28716229,0,0,0,10.21933365,0.06875703,9.14984596
87600,0.25360799,0.25360799,208,1.00000000,0.25360799,nan,0.05771926,0,0,0,10.05475712,0.10785016,9.03762531
87700,0.30504328,0.30504328,1265,1.00000000,0.30504328,nan,0.00000000,0,0,0,8.25387573,0.07180479,7.26660490
87800,0.80099517,0.80099517,918,1.00000000,0.80099517,nan,0.00000000,0,0,0,10.68934917,0.05796089,12.91674471
87900,0.83236450,0.83236450,136,0.99999876,0.83236037,nan,0.00000000,0,0,0,10.90833664,0.15292843,11.63260555
88000,2.03648734,2.03648734,395,1.00000000,2.03648734,nan,0.00000000,0,0,0,3.09233069,0.02442367,29.11401463
88100,0.91982675,0.91982675,620,1.00000000,0.91982675,nan,0.00000000,0,0,0,7.80553246,0.03121218,12.83683395
88200,0.26522186,0.26522186,839,1.00000000,0.26522186,nan,0.00000000,0,0,0,9.03306580,0.05008640,5.42642903
88300,0.81328988,0.81328988,1006,1.00000000,0.81328988,nan,0.00000000,0,0,0,7.72103310,0.16104820,11.71184850
88400,0.29861361,0.29861361,988,1.00000000,0.29861361,nan,0.00000000,0,0,0,8.75444603,0.05674220,4.19527721
88500,0.36745888,0.36745888,747,1.00000000,0.36745888,nan,0.03542507,0,0,0,9.61392212,0.04275898,4.19027543
88600,0.31066215,0.31066215,1081,1.00000000,0.31066215,nan,0.00000000,0,0,0,11.00751781,0.03972797,4.88924241
88700,0.61046481,0.61046481,1244,1.00000000,0.61046481,nan,0.00000000,0,0,0,8.10522175,0.06383257,8.25049067
88800,0.37097031,0.37097031,758,1.00000000,0.37097031,nan,0.00000000,0,0,0,6.73443937,0.06506828,4.01364080
88900,0.47704881,0.47704881,814,1.00000000,0.47704881,nan,0.00000000,0,0,0,7.16576815,0.05806850,5.74091291
89000,1.32155478,1.32155478,259,1.00000000,1.32155478,nan,0.00000000,0,0,0,3.03940344,0.01964263,19.81537771
89100,0.68788159,0.68788159,922,1.00000000,0.68788159,nan,0.11454809,0,0,0,7.89373446,0.02977328,7.91117454
89200,0.39206693,0.39206693,45,0.98889100,0.37493321,nan,0.00000000,0,0,0,11.78277111,0.21519719,7.57016055
89300,0.88783830,0.88783830,437,1.00000000,0.88783830,nan,0.00000000,0,0,0,9.99108028,0.16147685,9.66770220
89400,0.84522343,0.84522343,303,1.00000000,0.84522343,nan,0.02095904,0,0,0,9.96329880,0.04968250,9.80203414
89500,0.42307863,0.42307863,1045,1.00000000,0.42307863,nan,0.00000000,0,0,0,9.82477474,0.06206475,4.24750156
89600,0.42317587,0.42317587,1108,1.00000000,0.42317587,nan,0.00000000,0,0,0,7.31458712,0.04769572,5.87150657
89700,0.92620647,0.92620647,62,0.99797057,0.91871064,nan,0.00000000,0,0,0,9.24533081,0.12482468,7.69487095
89800,1.17444694,1.17444694,942,1.00000000,1.17444694,nan,0.00000000,0,0,0,4.66142893,0.02607913,13.91958078
89900,1.25973344,1.25973344,413,1.00000000,1.25973344,nan,0.00000000,0,0,0,6.69798994,0.05686398,16.52660799
90000,0.86329979,0.86329979,410,1.00000000,0.86329979,nan,0.03040280,0,0,0,2.73115206,0.03233062,15.81718032
90100,0.56724912,0.56724912,873,1.00000000,0.56724912,nan,0.07890982,0,0,0,7.15711641,0.06989406,6.74659491
90200,0.83630526,0.83630526,409,1.00000000,0.83630526,nan,0.00000000,0,0,0,11.02587509,0.05068219,8.75999427
90300,0.52919745,0.52919745,1179,1.00000000,0.52919745,nan,0.00000000,0,0,0,10.01059628,0.08497673,7.70683306
90400,0.47683233,0.47683233,865,1.00000000,0.47683233,nan,0.00000000,0,0,0,9.98142529,0.03419529,5.34335963
90500,0.28223687,0.28223687,704,1.00000000,0.28223687,nan,0.00000000,0,0,0,8.00176620,0.04148855,3.32107186
90600,0.67011970,0.67011970,532,1.00000000,0.67011970,nan,0.00000000,0,0,0,9.24666309,0.03704514,7.22165902
90700,0.79687142,0.79687142,479,1.00000000,0.79687142,nan,0.00000000,0,0,0,9.65726757,0.11777785,10.58478642
90800,0.69098252,0.69098252,582,1.00000000,0.69098252,nan,0.05963660,0,0,0,10.87717342,0.05109944,9.35936308
90900,1.03334272,1.03334272,382,1.00000000,1.03334272,nan,0.08451649,0,0,0,7.88170958,0.10626674,13.00295448
91000,1.88873625,1.88873625,591,1.00000000,1.88873625,nan,0.13260739,0,0,0,2.40260386,0.02523858,26.30714734
91100,0.47804642,0.47804642,624,1.00000000,0.47804642,nan,0.04457423,0,0,0,10.29502487,0.29253936,8.74924946
91200,0.85463202,0.85463202,198,1.00000000,0.85463201,nan,0.00000000,0,0,0,7.40733767,0.10497001,14.02808889
91300,0.68746281,0.68746281,548,1.00000000,0.68746281,nan,0.00000000,0,0,0,7.51241541,0.10839358,12.33628488
91400,0.35323632,0.35323632,904,1.00000000,0.35323632,nan,0.00000000,0,0,0,8.81321049,0.08876780,4.33279943
91500,0.55682987,0.55682987,263,1.00000000,0.55682987,nan,0.00000000,0,0,0,8.52006912,0.10637067,7.98403585
91600,0.52998096,0.52998096,781,1.00000000,0.52998096,nan,0.00000000,0,0,0,8.69726372,0.12310866,6.46116722
91700,0.48522049,0.48522049,423,1.00000000,0.48522049,nan,0.00000000,0,0,0,5.71357918,0.04273945,9.42658043
91800,0.39085543,0.39085543,272,1.00000000,0.39085543,nan,0.00000000,0,0,0,7.99632025,0.11909403,4.08491836
91900,0.82541937,0.82541937,137,0.99999888,0.82541566,nan,0.00000000,0,0,0,7.93856239,0.17296039,7.51115719
92000,1.78202438,1.78202438,362,1.00000000,1.78202438,nan,0.00000000,0,0,0,2.54386592,0.01594417,22.68440247
92100,0.59967953,0.59967953,735,1.00000000,0.59967953,nan,0.00000000,0,0,0,8.01924133,0.04833214,6.87283027
92200,0.71653736,0.71653736,612,1.00000000,0.71653736,nan,0.00000000,0,0,0,8.80340862,0.04990961,6.02728105
92300,0.65810746,0.65810746,712,1.00000000,0.65810746,nan,0.00000000,0,0,0,10.01951981,0.12401959,10.25605965
92400,0.34359363,0.34359363,923,1.00000000,0.34359363,nan,0.00000000,0,0,0,7.75085258,0.09439043,3.46038812
92500,1.27165771,1.27165771,1296,1.00000000,1.27165771,nan,0.00000000,0,0,0,7.06285238,0.07199672,16.33303833
92600,0.33354080,0.33354080,205,1.00000000,0.33354080,nan,0.00000000,0,0,0,9.18660355,0.16909756,1.60176094
92700,0.42421362,0.42421362,275,1.00000000,0.42421362,nan,0.00000000,0,0,0,7.65400362,0.07590342,2.12804520
92800,0.72151262,0.72151262,553,1.00000000,0.72151262,nan,0.00000000,0,0,0,6.03222752,0.07901658,5.46813068
92900,0.29432157,0.29432157,1429,1.00000000,0.29432157,nan,0.00000000,0,0,0,6.57338524,0.11232098,1.42234676
93000,2.30338764,2.30338764,680,1.00000000,2.30338764,nan,0.12799741,0,0,0,2.85087633,0.03853182,28.65927060
93100,0.54693788,0.54693788,1122,1.00000000,0.54693788,nan,0.16886380,0,0,0,8.82447624,0.20671844,5.81292248
93200,0.42328072,0.42328072,441,1.00000000,0.42328072,nan,0.19697014,0,0,0,6.87041903,0.13824584,8.12419662
93300,0.77808154,0.77808154,347,1.00000000,0.77808154,nan,0.13756310,0,0,0,7.08316565,0.05244683,9.72291374
93400,0.42645034,0.42645034,314,1.00000000,0.42645034,nan,0.00000000,0,0,0,6.61337042,0.06305459,7.32907867
93500,0.93303025,0.93303025,421,1.00000000,0.93303025,nan,0.00000000,0,0,0,7.22129917,0.25603792,11.44740136
93600,0.50458872,0.50458872,627,1.00000000,0.50458872,nan,0.00000000,0,0,0,6.54935646,0.07041322,4.25645027
93700,0.39229554,0.39229554,757,1.00000000,0.39229554,nan,0.00000000,0,0,0,5.12080812,0.03968021,2.38145194
93800,0.40702581,0.40702581,432,1.00000000,0.40702581,nan,0.00000000,0,0,0,5.69854307,0.03868660,3.40291631
93900,0.83682853,0.83682853,67,0.99876909,0.83271588,nan,0.00000000,0,0,0,5.28810883,0.28368938,14.09967923
94000,2.27970481,2.27970481,367,1.00000000,2.27970481,nan,0.06532179,0,0,0,2.42841053,0.02179212,28.98606014
94100,0.61546272,0.61546272,137,0.99999888,0.61545996,nan,0.00000000,0,0,0,8.04416943,0.23362796,6.88062439
94200,0.08979216,0.08979216,606,1.00000000,0.08979216,nan,0.00000000,0,0,0,6.37131453,0.05432673,-0.04042253
94300,0.15644257,0.15644257,77,0.99954717,0.15615939,nan,0.00000000,0,0,0,7.90774536,0.09764959,2.00064301
94400,0.46905524,0.46905524,797,1.00000000,0.46905524,nan,0.00000000,0,0,0,8.67356682,0.13788627,2.70783257
94500,0.21877500,0.21877500,587,1.00000000,0.21877500,nan,0.00000000,0,0,0,4.86094856,0.12110657,4.36153873
94600,0.36082888,0.36082888,217,1.00000000,0.36082888,nan,0.05862545,0,0,0,6.11810303,0.27512395,3.48827481
94700,0.67994350,0.67994350,1153,1.00000000,0.67994350,nan,0.00000000,0,0,0,7.76110172,0.06790728,5.33446980
94800,0.79839617,0.79839617,495,1.00000000,0.79839617,nan,0.00000000,0,0,0,8.30727577,0.16447143,10.34108321
94900,0.26147255,0.26147255,226,1.00000000,0.26147255,nan,0.00000000,0,0,0,7.78557158,0.17742957,5.23724961
95000,0.98798060,0.98798060,601,1.00000000,0.98798060,nan,0.00000000,0,0,0,2.45735121,0.01590861,16.89639616
95100,2.30514050,2.30514050,219,1.00000000,2.30514049,nan,0.00000000,0,0,0,11.87432480,0.11336957,26.15585200
95200,0.43846390,0.43846390,1027,1.00000000,0.43846390,nan,0.00000000,0,0,0,6.81696272,0.06123286,4.27150408
95300,0.76534820,0.76534820,369,1.00000000,0.76534820,nan,0.00000000,0,0,0,3.85826445,0.03895737,7.59627700
95400,0.58407009,0.58407009,280,1.00000000,0.58407009,nan,0.00000000,0,0,0,5.36774397,0.15548471,5.00166019
95500,0.33930558,0.33930558,545,1.00000000,0.33930558,nan,0.00000000,0,0,0,7.73807096,0.23181902,5.01107836
95600,1.12442720,1.12442720,515,1.00000000,1.12442720,nan,0.00000000,0,0,0,6.18071365,0.09104842,12.28020406
95700,1.53842390,1.53842390,311,1.00000000,1.53842390,nan,0.00000000,0,0,0,6.27522469,0.09527296,13.71860695
95800,0.71559107,0.71559107,282,1.00000000,0.71559107,nan,0.00000000,0,0,0,7.48872375,0.09939603,6.68622684
95900,0.32878023,0.32878023,787,1.00000000,0.32878023,nan,0.00000000,0,0,0,7.59898710,0.25140187,6.46426547
96000,1.42640197,1.42640197,686,1.00000000,1.42640197,nan,0.00000000,0,0,0,2.54906917,0.01189974,21.19300575
96100,0.41811320,0.41811320,219,1.00000000,0.41811320,nan,0.57904218,0,0,0,21.74251366,0.38189194,31.59040880
96200,0.49645126,0.49645126,43,0.98643144,0.47005020,nan,0.75315715,0,0,0,8.12178898,0.52890897,14.94403100
96300,0.96743840,0.96743840,117,0.99999171,0.96740631,nan,0.85446458,0,0,0,8.13519096,0.23956922,17.56106091
96400,1.22265196,1.22265196,264,1.00000000,1.22265196,nan,0.94230406,0,0,0,18.78424835,0.23917848,21.59788577
96500,1.70201445,1.70201445,117,0.99999171,1.70195798,nan,0.95686497,0,0,0,20.12255669,0.07918397,22.81705475
96600,0.47343779,0.47343779,212,1.00000000,0.47343778,nan,0.85323223,0,0,0,14.73741150,0.08833475,10.95011298
96700,0.39037213,0.39037213,650,1.00000000,0.39037213,nan,0.86735626,0,0,0,11.28633690,0.06230837,11.97911091
96800,0.53596526,0.53596526,274,1.00000000,0.53596526,nan,0.95259856,0,0,0,9.79301643,0.10955635,14.57559109
96900,0.44626841,0.44626841,83,0.99975148,0.44582495,nan,0.93350091,0,0,0,16.92082787,0.38062069,15.65522742
97000,2.22767305,2.22767305,421,1.00000000,2.22767305,nan,0.89949425,0,0,0,2.56585383,0.04319147,33.08502070
97100,1.46992981,1.46992981,333,1.00000000,1.46992981,nan,1.05455176,0,0,0,29.99820900,0.42589384,26.74358177
97200,0.40735114,0.40735114,390,1.00000000,0.40735114,nan,0.95166096,0,0,0,20.55238724,0.13312995,12.12516999
97300,0.79034740,0.79034740,236,1.00000000,0.79034740,nan,0.87397576,0,0,0,27.73391914,0.21746586,14.74715672
97400,0.61295426,0.61295426,285,1.00000000,0.61295426,nan,0.79720630,0,0,0,20.34508705,0.20819053,16.55419779
97500,0.65193075,0.65193075,823,1.00000000,0.65193075,nan,0.69156133,0,0,0,19.50085068,0.15447800,13.21296469
97600,0.93853974,0.93853974,176,0.99999998,0.93853966,nan,0.54453779,0,0,0,21.38413429,0.10634647,14.99517298
97700,0.63364238,0.63364238,222,1.00000000,0.63364237,nan,0.51125966,0,0,0,21.99397469,0.13886347,15.73433971
97800,1.04393864,1.04393864,293,1.00000000,1.04393864,nan,0.41467573,0,0,0,15.76605701,0.16058281,19.61276150
97900,0.92602706,0.92602706,223,1.00000000,0.92602706,nan,0.39130813,0,0,0,9.30314445,0.07662132,17.69894409
98000,1.59763741,1.59763741,284,1.00000000,1.59763741,nan,0.26231738,0,0,0,2.52814817,0.01915326,26.16491604
98100,0.48733595,0.48733595,326,1.00000000,0.48733595,nan,0.38230250,0,0,0,6.53455257,0.14068124,15.23359156
98200,0.44387150,0.44387150,671,1.00000000,0.44387150,nan,0.24176086,0,0,0,5.84764338,0.16377649,12.06655240
98300,1.51116991,1.51116991,18,0.83470111,0.73356274,nan,0.00000000,0,0,0,8.95447731,0.13329682,19.63394213
98400,0.52236319,0.52236319,174,0.99999997,0.52236313,nan,0.01890505,0,0,0,20.53339386,0.21525171,17.25689745
98500,0.64965135,0.64965135,350,1.00000000,0.64965135,nan,0.00000000,0,0,0,20.62500000,0.19783540,13.38992810
98600,0.11393797,0.11393797,701,1.00000000,0.11393797,nan,0.00000000,0,0,0,12.04484940,0.13848078,6.42687623
98700,0.61372656,0.61372656,410,1.00000000,0.61372656,nan,0.00000000,0,0,0,11.50762463,0.08819905,10.50725937
98800,0.46154773,0.46154773,59,0.99726056,0.45651094,nan,0.00000000,0,0,0,10.09480953,0.18785143,12.68165143
98900,0.91449195,0.91449195,37,0.97527647,0.82735306,nan,0.00782046,0,0,0,19.03291512,0.27740064,13.53315131
99000,1.91311395,1.91311395,465,1.00000000,1.91311395,nan,0.00000000,0,0,0,2.15508175,0.02858347,27.80298678
99100,0.30569950,0.30569950,610,1.00000000,0.30569950,nan,0.01196601,0,0,0,4.36042881,0.05711337,9.28025659
99200,0.59602827,0.59602827,121,0.99999444,0.59601501,nan,0.00000000,0,0,0,7.32491541,0.17480333,12.25156339
99300,0.46825612,0.46825612,1143,1.00000000,0.46825612,nan,0.00000000,0,0,0,4.89426422,0.05092204,9.61767324
99400,0.16979736,0.16979736,1147,1.00000000,0.16979736,nan,0.00000000,0,0,0,5.82506371,0.03160391,5.33180964
99500,0.17522976,0.17522976,144,0.99999944,0.17522937,nan,0.00000000,0,0,0,7.74381161,0.14310238,2.14060826
99600,0.35726431,0.35726431,702,1.00000000,0.35726431,nan,0.00000000,0,0,0,5.61079979,0.17411688,4.50034046
99700,0.78573763,0.78573763,530,1.00000000,0.78573763,nan,0.00000000,0,0,0,5.84486628,0.07863835,11.16943312
99800,0.50455403,0.50455403,941,1.00000000,0.50455403,nan,0.00000000,0,0,0,5.50416136,0.04822455,5.25882846
99900,0.28370377,0.28370377,1609,1.00000000,0.28370377,nan,0.00000000,0,0,0,4.88256168,0.05656856,4.09625419
100000,1.95522249,1.95522249,676,1.00000000,1.95522249,nan,0.00000000,0,0,0,2.58142304,0.03045760,25.81686783
100100,0.51840466,0.51840466,801,1.00000000,0.51840466,nan,0.30228743,0,0,0,5.73290682,0.10827632,8.80373605
100200,0.99944943,0.99944943,624,1.00000000,0.99944943,nan,0.52738892,0,0,0,4.34169674,0.08442399,14.44226789
100300,0.81266266,0.81266266,470,1.00000000,0.81266266,nan,0.72250842,0,0,0,5.28706932,0.08110071,12.25961933
100400,0.13883258,0.13883258,144,0.99999944,0.13883227,nan,0.77484493,0,0,0,5.69652224,0.05870239,3.18629327
100500,1.18684590,1.18684590,637,1.00000000,1.18684590,nan,0.91145642,0,0,0,5.53843498,0.11388300,14.47621504
100600,0.76454204,0.76454204,565,1.00000000,0.76454204,nan,0.84371061,0,0,0,7.38012171,0.11878869,9.86496058
100700,0.59642583,0.59642583,68,0.99888622,0.59377313,nan,0.90484714,0,0,0,7.38632202,0.11652276,9.10454559
100800,0.24921653,0.24921653,997,1.00000000,0.24921653,nan,0.87959046,0,0,0,7.27388239,0.06405184,5.19347143
100900,0.75966197,0.75966197,676,1.00000000,0.75966197,nan,0.84756811,0,0,0,7.11724663,0.07395906,9.87047195
101000,1.53078246,1.53078246,142,0.99999932,1.53077829,nan,0.90485967,0,0,0,2.96542835,0.07615817,22.87743902
101100,0.44937393,0.44937393,535,1.00000000,0.44937393,nan,0.92277488,0,0,0,4.37647343,0.03518980,10.78840160
101200,0.97429222,0.97429222,226,1.00000000,0.97429222,nan,0.99802686,0,0,0,8.11617374,0.06371096,11.04865313
101300,0.28490305,0.28490305,768,1.00000000,0.28490305,nan,0.94507759,0,0,0,7.30175018,0.06714208,6.00504382
101400,0.36365500,0.36365500,139,0.99999908,0.36365366,nan,0.93694493,0,0,0,8.04804993,0.14212900,10.42311215
101500,0.44498253,0.44498253,717,1.00000000,0.44498253,nan,0.82948099,0,0,0,6.35312033,0.12376995,6.88063455
101600,0.34515128,0.34515128,179,0.99999998,0.34515125,nan,0.77893006,0,0,0,8.47345066,0.06064310,8.10474908
101700,0.25443882,0.25443882,160,0.99999989,0.25443870,nan,0.63041930,0,0,0,6.55239439,0.09980580,4.13758477
101800,0.28905153,0.28905153,175,0.99999997,0.28905150,nan,0.44871706,0,0,0,7.74564266,0.13622727,3.52727622
101900,0.91735417,0.91735417,565,1.00000000,0.91735417,nan,0.29026609,0,0,0,6.03461027,0.05757477,10.27912394
102000,1.72920358,1.72920358,251,1.00000000,1.72920358,nan,0.25863926,0,0,0,2.45188999,0.01832759,24.51833725
102100,0.46062067,0.46062067,710,1.00000000,0.46062067,nan,0.21777443,0,0,0,7.03803492,0.10531122,7.34153664
102200,0.56708384,0.56708384,209,1.00000000,0.56708383,nan,0.19712613,0,0,0,6.23666954,0.15177304,6.32740768
102300,0.53864622,0.53864622,612,1.00000000,0.53864622,nan,0.13163718,0,0,0,8.46036053,0.22201675,7.08612430
102400,1.17978811,1.17978811,559,1.00000000,1.17978811,nan,0.18502178,0,0,0,6.51144791,0.13428687,16.25123978
102500,0.38161540,0.38161540,871,1.00000000,0.38161540,nan,0.24308376,0,0,0,5.97838259,0.03473102,7.86636972
102600,0.50559479,0.50559479,563,1.00000000,0.50559479,nan,0.20687928,0,0,0,5.36681843,0.07169877,5.79080653
102700,0.78471142,0.78471142,66,0.99863963,0.78045014,nan,0.13439209,0,0,0,7.96942806,0.14311075,13.19751620
102800,0.85875332,0.85875332,168,0.99999995,0.85875315,nan,0.12943173,0,0,0,8.17039871,0.11497755,11.71898619
102900,0.34883276,0.34883276,1240,1.00000000,0.34883276,nan,0.09472190,0,0,0,11.46809578,0.34568131,4.69447502
103000,1.30357099,1.30357099,526,1.00000000,1.30357099,nan,0.19894653,0,0,0,2.55386734,0.01751975,20.80584717
103100,0.65900302,0.65900302,338,1.00000000,0.65900302,nan,0.22208973,0,0,0,5.77306557,0.03104475,9.93675804
103200,0.58432150,0.58432150,945,1.00000000,0.58432150,nan,0.21572269,0,0,0,5.95326853,0.13204609,9.45588398
103300,0.37510169,0.37510169,867,1.00000000,0.37510169,nan,0.12441876,0,0,0,8.91810131,0.16197819,3.36345371
103400,0.55900598,0.55900598,265,1.00000000,0.55900598,nan,0.00000000,0,0,0,4.95577383,0.18020099,4.41227349
103500,0.59763199,0.59763199,345,1.00000000,0.59763199,nan,0.03996342,0,0,0,5.91414738,0.11342780,9.99607309
103600,0.65092683,0.65092683,233,1.00000000,0.65092683,nan,0.01106453,0,0,0,9.77313900,0.23982435,22.94303131
103700,1.11733627,1.11733627,546,1.00000000,1.11733627,nan,0.00000000,0,0,0,6.77666712,0.08938733,11.11109304
103800,1.34107554,1.34107554,572,1.00000000,1.34107554,nan,0.00000000,0,0,0,6.68854189,0.16916636,14.63986731
103900,2.32087803,2.32087803,437,1.00000000,2.32087803,nan,0.00000000,0,0,0,5.95374966,0.21127802,28.54451418
104000,1.53219283,1.53219283,719,1.00000000,1.53219283,nan,0.05325510,0,0,0,2.51020837,0.05424409,23.10905457
104100,0.51194888,0.51194888,139,0.99999908,0.51194700,nan,0.00000000,0,0,0,5.57379723,0.19848977,7.93662596
104200,0.47055361,0.47055361,601,1.00000000,0.47055361,nan,0.00000000,0,0,0,7.77610445,0.11473587,4.99420148
104300,0.31114614,0.31114614,266,1.00000000,0.31114614,nan,0.00000000,0,0,0,5.60803032,0.03936660,4.82268639
104400,1.15584838,1.15584838,721,1.00000000,1.15584838,nan,0.16208714,0,0,0,7.98687935,0.13035059,17.74221738
104500,0.78036618,0.78036618,191,0.99999999,0.78036617,nan,0.13206809,0,0,0,6.42786837,0.10612983,8.68804693
104600,0.39261943,0.39261943,246,1.00000000,0.39261943,nan,0.00000000,0,0,0,8.72731018,0.08007365,4.41117728
104700,0.39445749,0.39445749,331,1.00000000,0.39445749,nan,0.00000000,0,0,0,6.82485008,0.09290978,5.49387431
104800,0.71222323,0.71222323,140,0.99999917,0.71222086,nan,0.00000000,0,0,0,5.39164972,0.09850490,9.96311831
104900,1.72353029,1.72353029,882,1.00000000,1.72353029,nan,0.00000000,0,0,0,7.51894951,0.24808727,19.95034504
105000,1.34230387,1.34230387,352,1.00000000,1.34230387,nan,0.00000000,0,0,0,2.45533323,0.02571494,20.81632519
105100,0.68240571,0.68240571,592,1.00000000,0.68240571,nan,0.00000000,0,0,0,4.81214428,0.04678652,5.90393960
105200,0.49672011,0.49672011,495,1.00000000,0.49672011,nan,0.00000000,0,0,0,5.38910961,0.12437696,8.15146017
105300,0.59618670,0.59618670,219,1.00000000,0.59618670,nan,0.00000000,0,0,0,6.63424206,0.16118222,5.20368242
105400,0.50369388,0.50369388,1002,1.00000000,0.50369388,nan,0.05831259,0,0,0,7.21539211,0.06160381,3.04245400
105500,0.37991136,0.37991136,526,1.00000000,0.37991136,nan,0.00000000,0,0,0,5.18011951,0.05509325,3.17529718
105600,1.07935202,1.07935202,701,1.00000000,1.07935202,nan,0.00000000,0,0,0,5.95879269,0.19976336,14.50296092
105700,0.69973963,0.69973963,935,1.00000000,0.69973963,nan,0.00000000,0,0,0,5.59467697,0.06100861,5.96685886
105800,2.49062252,2.49062252,204,1.00000000,2.49062251,nan,0.00000000,0,0,0,5.55666637,0.14267482,25.39996643
105900,1.34408379,1.34408379,96,0.99993227,1.34371969,nan,0.00000000,0,0,0,5.90747356,0.11428741,12.18353653
106000,2.02335072,2.02335072,451,1.00000000,2.02335072,nan,0.00000000,0,0,0,2.28148937,0.05337941,26.27261086
106100,0.34491765,0.34491765,396,1.00000000,0.34491765,nan,0.00000000,0,0,0,3.73925614,0.04335949,3.20209225
106200,1.21954024,1.21954024,288,1.00000000,1.21954024,nan,0.00000000,0,0,0,5.28569365,0.15388645,13.09855580
106300,0.66314626,0.66314626,219,1.00000000,0.66314626,nan,0.00578702,0,0,0,4.62458992,0.07638654,4.58778369
106400,0.45263836,0.45263836,174,0.99999997,0.45263831,nan,0.04135017,0,0,0,4.93416071,0.11132158,7.22190587
106500,0.83629483,0.83629483,417,1.00000000,0.83629483,nan,0.00000000,0,0,0,4.74287462,0.09863874,9.08101296
106600,0.29155958,0.29155958,666,1.00000000,0.29155958,nan,0.00000000,0,0,0,7.16126156,0.24835226,2.41780958
106700,0.75701708,0.75701708,674,1.00000000,0.75701708,nan,0.00395623,0,0,0,4.43124199,0.07424229,8.67322946
106800,0.81512195,0.81512195,156,0.99999983,0.81512140,nan,0.00000000,0,0,0,6.04868984,0.14451618,8.26588135
106900,1.09514177,1.09514177,233,1.00000000,1.09514177,nan,0.00000000,0,0,0,5.57293272,0.20602089,9.92783499
107000,1.33132744,1.33132744,455,1.00000000,1.33132744,nan,0.00000000,0,0,0,2.48926806,0.02454998,19.42760404
107100,0.23831789,0.23831789,1209,1.00000000,0.23831789,nan,0.00000000,0,0,0,5.65364075,0.07460797,2.08223085
107200,0.25472996,0.25472996,754,1.00000000,0.25472996,nan,0.00000000,0,0,0,6.24344015,0.05777226,2.03313500
107300,0.29971442,0.29971442,693,1.00000000,0.29971442,nan,0.00000000,0,0,0,6.65824032,0.12201820,1.31266310
107400,0.83189058,0.83189058,203,1.00000000,0.83189058,nan,0.06067957,0,0,0,5.48819828,0.06769734,10.45777988
107500,0.97623742,0.97623742,287,1.00000000,0.97623742,nan,0.08975661,0,0,0,5.90807962,0.08028094,9.94658327
107600,0.49233425,0.49233425,636,1.00000000,0.49233425,nan,0.00075088,0,0,0,6.41289949,0.10515943,3.78105998
107700,1.12367320,1.12367320,559,1.00000000,1.12367320,nan,0.00000000,0,0,0,4.13647890,0.06683726,10.73012519
107800,0.63561356,0.63561356,249,1.00000000,0.63561356,nan,0.00000000,0,0,0,5.95845795,0.08563770,6.18744934
107900,0.89436299,0.89436299,449,1.00000000,0.89436299,nan,0.00000000,0,0,0,5.36208200,0.06791803,11.17011960
108000,1.71614408,1.71614408,546,1.00000000,1.71614408,nan,0.00000000,0,0,0,2.33495712,0.01754435,23.02614164
108100,0.69006908,0.69006908,705,1.00000000,0.69006908,nan,0.00000000,0,0,0,5.36244965,0.14526980,6.12329082
108200,0.25966951,0.25966951,402,1.00000000,0.25966951,nan,0.00000000,0,0,0,4.71884108,0.13015646,1.73570466
108300,0.68508971,0.68508971,413,1.00000000,0.68508971,nan,0.00000000,0,0,0,5.71988630,0.09661040,5.97515953
108400,0.85401261,0.85401261,675,1.00000000,0.85401261,nan,0.00000000,0,0,0,4.32744741,0.05058295,6.48808300
108500,0.36540657,0.36540657,496,1.00000000,0.36540657,nan,0.00000000,0,0,0,6.07513952,0.15389231,5.49430013
108600,0.51389110,0.51389110,517,1.00000000,0.51389110,nan,0.00000000,0,0,0,4.20419836,0.11461994,3.95889775
108700,0.20669971,0.20669971,390,1.00000000,0.20669971,nan,0.00000000,0,0,0,6.20784187,0.13359854,2.69325614
108800,1.04002655,1.04002655,520,1.00000000,1.04002655,nan,0.00000000,0,0,0,5.53511715,0.12614341,7.06188071
108900,0.54236072,0.54236072,885,1.00000000,0.54236072,nan,0.00000000,0,0,0,5.79855919,0.05164368,3.55572152
109000,1.13299656,1.13299656,551,1.00000000,1.13299656,nan,0.00000000,0,0,0,2.48845220,0.01850411,16.47108459
109100,0.84810680,0.84810680,939,1.00000000,0.84810680,nan,0.00000000,0,0,0,7.07383966,0.14320275,7.82352511
109200,0.55963421,0.55963421,894,1.00000000,0.55963421,nan,0.00000000,0,0,0,5.12354279,0.12317730,4.04141617
109300,1.46884096,1.46884096,208,1.00000000,1.46884095,nan,0.00000000,0,0,0,6.44129086,0.06969947,17.55114746
109400,1.02064943,1.02064943,283,1.00000000,1.02064943,nan,0.00000000,0,0,0,4.08104801,0.04120731,10.97219531
109500,0.81763041,0.81763041,515,1.00000000,0.81763041,nan,0.00000000,0,0,0,4.80692291,0.10159346,8.68863153
109600,0.52368605,0.52368605,445,1.00000000,0.52368605,nan,0.00000000,0,0,0,3.81351757,0.04607792,3.96077454
109700,0.62286401,0.62286401,983,1.00000000,0.62286401,nan,0.00000000,0,0,0,4.61695337,0.18215758,5.15559065
109800,0.35064447,0.35064447,1874,1.00000000,0.35064447,nan,0.00000000,0,0,0,5.94748878,0.09374259,-1.73181049
109900,0.82590705,0.82590705,411,1.00000000,0.82590705,nan,0.00000000,0,0,0,4.68234062,0.05320777,3.57257757
110000,1.72068870,1.72068870,516,1.00000000,1.72068870,nan,0.00000000,0,0,0,2.39138603,0.06384326,22.34456348
110100,1.09018993,1.09018993,128,0.99999724,1.09017789,nan,0.00000000,0,0,0,6.12244940,0.04001690,9.79295015
110200,0.56071568,0.56071568,384,1.00000000,0.56071568,nan,0.01131545,0,0,0,6.42789030,0.30205497,10.35066056
110300,0.85733461,0.85733461,236,1.00000000,0.85733461,nan,0.02674498,0,0,0,5.79207802,0.16534768,7.06541443
110400,0.44771352,0.44771352,167,0.99999994,0.44771342,nan,0.00000000,0,0,0,5.74993134,0.06422112,2.76966914
110500,0.36052766,0.36052766,438,1.00000000,0.36052766,nan,0.00000000,0,0,0,5.15342808,0.09689980,1.64879555
110600,0.53055853,0.53055853,113,0.99998763,0.53053227,nan,0.00000000,0,0,0,4.12090969,0.06206388,5.13045683
110700,1.28685379,1.28685379,222,1.00000000,1.28685379,nan,0.00000000,0,0,0,6.91936541,0.21081644,19.21909189
110800,0.82324183,0.82324183,199,1.00000000,0.82324182,nan,0.09498490,0,0,0,5.93709755,0.03987871,5.43022895
110900,0.96460891,0.96460891,75,0.99944692,0.96247664,nan,0.00000000,0,0,0,6.40139675,0.16528456,11.88655424
111000,1.21601093,1.21601093,300,1.00000000,1.21601093,nan,0.77863368,0,0,0,2.42475462,0.01733353,21.18810654
111100,0.42480782,0.42480782,703,1.00000000,0.42480782,nan,0.81404312,0,0,0,3.71796083,0.03777254,10.46538186
111200,0.75406408,0.75406408,409,1.00000000,0.75406408,nan,0.56493120,0,0,0,4.64254665,0.19598123,13.11271858
111300,0.60218990,0.60218990,837,1.00000000,0.60218990,nan,0.24641311,0,0,0,6.64325476,0.15683752,7.75946891
111400,0.55712515,0.55712515,1107,1.00000000,0.55712515,nan,0.00000000,0,0,0,6.67505646,0.15343623,7.64083497
111500,0.52200294,0.52200294,550,1.00000000,0.52200294,nan,0.00000000,0,0,0,4.96503067,0.14559078,6.85150349
111600,0.60595441,0.60595441,135,0.99999863,0.60595109,nan,0.00000000,0,0,0,6.35931158,0.12401141,7.61993723
111700,0.36220038,0.36220038,708,1.00000000,0.36220038,nan,0.00000000,0,0,0,5.72071266,0.02089775,3.67995012
111800,0.20278801,0.20278801,959,1.00000000,0.20278801,nan,0.00000000,0,0,0,6.30644655,0.10904602,1.26808031
111900,1.15491819,1.15491819,88,0.99984927,1.15422201,nan,0.00000000,0,0,0,5.68287182,0.11510089,10.60528119
112000,1.00657010,1.00657010,485,1.00000000,1.00657010,nan,0.00000000,0,0,0,2.79241705,0.01481902,15.97750028
112100,0.78252846,0.78252846,491,1.00000000,0.78252846,nan,0.00000000,0,0,0,6.38511610,0.22916728,6.55061658
112200,0.38517016,0.38517016,816,1.00000000,0.38517016,nan,0.00000000,0,0,0,5.06805658,0.09078658,2.46463591
112300,0.95880306,0.95880306,428,1.00000000,0.95880306,nan,0.00000000,0,0,0,4.93029261,0.07592860,7.62615681
112400,1.51591766,1.51591766,846,1.00000000,1.51591766,nan,0.00000000,0,0,0,5.39315557,0.03347152,14.05769968
112500,0.51192307,0.51192307,242,1.00000000,0.51192307,nan,0.00000000,0,0,0,4.85456562,0.23842849,5.61607711
112600,0.84788638,0.84788638,135,0.99999863,0.84788173,nan,0.00000000,0,0,0,6.16149378,0.08207538,7.23109734
112700,0.32187653,0.32187653,722,1.00000000,0.32187653,nan,0.00000000,0,0,0,4.96983576,0.04658144,5.10152292
112800,0.88419497,0.88419497,998,1.00000000,0.88419497,nan,0.00000000,0,0,0,5.52608204,0.08374851,7.27473636
112900,0.38511106,0.38511106,1128,1.00000000,0.38511106,nan,0.00000000,0,0,0,4.98083639,0.09689496,2.25032334
113000,1.70596826,1.70596826,631,1.00000000,1.70596826,nan,0.00000000,0,0,0,2.22862577,0.01947690,21.37671280
113100,0.24182661,0.24182661,716,1.00000000,0.24182661,nan,0.00000000,0,0,0,4.39265585,0.11983666,1.82707500
113200,0.33895743,0.33895743,1321,1.00000000,0.33895743,nan,0.00000000,0,0,0,5.30369234,0.14250481,0.17195952
113300,0.40011269,0.40011269,456,1.00000000,0.40011269,nan,0.00000000,0,0,0,6.05977440,0.05288230,1.07547998
113400,0.85528487,0.85528487,840,1.00000000,0.85528487,nan,0.00000000,0,0,0,4.99126530,0.04253375,4.45593643
113500,1.11978614,1.11978614,384,1.00000000,1.11978614,nan,0.00000000,0,0,0,5.29240084,0.13982068,7.26794648
113600,1.75248098,1.75248098,203,1.00000000,1.75248097,nan,0.05935862,0,0,0,5.22999668,0.10530369,15.15028667
113700,0.48529086,0.48529086,1249,1.00000000,0.48529086,nan,0.00000000,0,0,0,5.03168678,0.12193605,3.71665557
113800,0.87069887,0.87069887,610,1.00000000,0.87069887,nan,0.00000000,0,0,0,6.14723539,0.12204431,10.16904386
113900,1.27056241,1.27056241,589,1.00000000,1.27056241,nan,0.13184922,0,0,0,5.39461470,0.10553882,33.15117455
114000,1.73912859,1.73912859,485,1.00000000,1.73912859,nan,0.06901979,0,0,0,2.27713227,0.02033513,22.08841753
114100,0.81023175,0.81023175,1114,1.00000000,0.81023175,nan,0.00000000,0,0,0,4.73395109,0.11697706,7.48619187
114200,0.86202788,0.86202788,691,1.00000000,0.86202788,nan,0.00000000,0,0,0,6.35152674,0.15865660,9.49821353
114300,1.07750750,1.07750750,803,1.00000000,1.07750750,nan,0.00000000,0,0,0,4.91889381,0.10342416,11.50909042
114400,0.40719500,0.40719500,683,1.00000000,0.40719500,nan,0.02313838,0,0,0,5.02545357,0.12154245,1.00219233
114500,0.62765288,0.62765288,882,1.00000000,0.62765288,nan,0.00000000,0,0,0,6.06190681,0.05295430,5.96801400
114600,0.51951396,0.51951396,307,1.00000000,0.51951396,nan,0.00000000,0,0,0,5.24254704,0.11547145,3.76302159
114700,0.89667034,0.89667034,451,1.00000000,0.89667034,nan,0.77641434,0,0,0,8.86002445,0.16736484,19.36913967
114800,0.37310606,0.37310606,171,0.99999996,0.37310601,nan,1.10668589,0,0,0,8.84079361,0.53948796,14.00479094
114900,0.71194035,0.71194035,165,0.99999993,0.71194015,nan,1.17240473,0,0,0,23.14560890,0.22441418,14.29237962
115000,1.41029632,1.41029632,444,1.00000000,1.41029632,nan,1.15696709,0,0,0,2.53858995,0.02582679,23.18131065
115100,0.20331596,0.20331596,586,1.00000000,0.20331596,nan,1.08840740,0,0,0,3.88802338,0.04905356,6.44994545
115200,0.55700642,0.55700642,887,1.00000000,0.55700642,nan,0.74837649,0,0,0,3.73786044,0.14060266,9.58356500
115300,1.32666802,1.32666802,353,1.00000000,1.32666802,nan,0.64743720,0,0,0,4.67733097,0.16495876,19.67666626
115400,0.73168826,0.73168826,62,0.99797057,0.72576668,nan,0.51758532,0,0,0,4.69517517,0.13914919,14.40942955
115500,0.57851475,0.57851475,73,0.99932446,0.57695310,nan,0.23793189,0,0,0,7.90352869,0.14817423,8.97496033
115600,1.60705245,1.60705245,631,1.00000000,1.60705245,nan,0.34284388,0,0,0,10.71087265,0.24720451,30.27422142
115700,0.69108605,0.69108605,993,1.00000000,0.69108605,nan,0.47915121,0,0,0,11.65124893,0.16395624,15.91392374
115800,0.74239731,0.74239731,260,1.00000000,0.74239731,nan,0.43534477,0,0,0,19.34885025,0.19610235,14.14591646
115900,0.16164684,0.16164684,34,0.96662673,0.14112450,nan,0.46229344,0,0,0,17.82842064,0.54496372,13.55720353
116000,1.34913146,1.34913146,431,1.00000000,1.34913146,nan,0.37077183,0,0,0,2.63619661,0.03839114,22.74599902
116100,0.40883675,0.40883675,693,1.00000000,0.40883675,nan,0.28539032,0,0,0,5.17533636,0.07425329,7.03551547
116200,0.83854443,0.83854443,190,0.99999999,0.83854441,nan,0.22315208,0,0,0,12.30612659,0.19389698,18.27505112
116300,0.65467739,0.65467739,177,0.99999998,0.65467734,nan,0.11234399,0,0,0,18.69606209,0.24781996,17.20792135
116400,0.41954029,0.41954029,4,0.32967995,0.00495614,nan,0.18161522,0,0,0,23.37363434,0.76881528,15.96821467
116500,0.97478950,0.97478950,316,1.00000000,0.97478950,nan,0.04955062,0,0,0,12.70668316,0.13421765,16.01714444
116600,0.33342373,0.33342373,147,0.99999959,0.33342318,nan,0.00000000,0,0,0,16.88527679,0.18219145,9.30173874
116700,0.48694378,0.48694378,542,1.00000000,0.48694378,nan,0.00000000,0,0,0,8.05844593,0.09903363,13.12591743
116800,0.65506488,0.65506488,135,0.99999863,0.65506129,nan,0.00000000,0,0,0,16.00256538,0.25937605,14.60696621
116900,1.10145044,1.10145044,67,0.99876909,1.09603729,nan,0.00000000,0,0,0,8.12591171,0.20716786,19.83974838
117000,1.56006157,1.56006157,640,1.00000000,1.56006157,nan,0.00000000,0,0,0,2.33391070,0.03243681,23.71681086
117100,0.24776353,0.24776353,427,1.00000000,0.24776353,nan,0.00000000,0,0,0,4.84950304,0.09934562,5.10726500
117200,0.42525354,0.42525354,962,1.00000000,0.42525354,nan,0.00000000,0,0,0,4.86950159,0.07308151,7.61523644
117300,0.54905975,0.54905975,1057,1.00000000,0.54905975,nan,0.00000000,0,0,0,4.59271049,0.08909708,7.19316590
117400,0.90941894,0.90941894,677,1.00000000,0.90941894,nan,0.00000000,0,0,0,5.45265055,0.09554992,11.36354256
117500,0.86648697,0.86648697,165,0.99999993,0.86648673,nan,0.00000000,0,0,0,5.42280245,0.13575898,11.05585098
117600,0.67050064,0.67050064,240,1.00000000,0.67050064,nan,0.00000000,0,0,0,5.96066713,0.08945937,10.26273028
117700,0.37166435,0.37166435,713,1.00000000,0.37166435,nan,0.00000000,0,0,0,4.75605249,0.08466016,2.49301171
117800,0.68260974,0.68260974,1390,1.00000000,0.68260974,nan,0.00000000,0,0,0,5.48851156,0.07910560,4.52641058
117900,0.43181166,0.43181166,459,1.00000000,0.43181166,nan,0.00000000,0,0,0,4.76304913,0.07469446,0.27431148
118000,1.28088617,1.28088617,581,1.00000000,1.28088617,nan,0.00000000,0,0,0,2.10649204,0.01633916,19.21045113
118100,0.28668106,0.28668106,504,1.00000000,0.28668106,nan,0.05919834,0,0,0,5.54626560,0.22878753,-0.22736323
118200,0.35303676,0.35303676,506,1.00000000,0.35303676,nan,0.00000000,0,0,0,3.74534440,0.11546615,4.23828761
118300,0.54753345,0.54753345,846,1.00000000,0.54753345,nan,0.00000000,0,0,0,5.36369705,0.08787060,0.46307826
118400,1.14980531,1.14980531,302,1.00000000,1.14980531,nan,0.00000000,0,0,0,4.34401178,0.06773482,12.02287388
118500,0.56419456,0.56419456,977,1.00000000,0.56419456,nan,0.00000000,0,0,0,4.03072500,0.06655673,2.80426319
118600,1.35006273,1.35006273,880,1.00000000,1.35006273,nan,0.00000000,0,0,0,3.73659229,0.16053401,16.14901400
118700,0.84023833,0.84023833,502,1.00000000,0.84023833,nan,0.00000000,0,0,0,5.38815546,0.05344711,7.61846447
118800,0.42008093,0.42008093,769,1.00000000,0.42008093,nan,0.00000000,0,0,0,4.21488619,0.06870592,1.61118838
118900,0.34966895,0.34966895,1038,1.00000000,0.34966895,nan,0.00000000,0,0,0,4.23614836,0.09271400,-1.52125573
119000,0.52032095,0.52032095,1246,1.00000000,0.52032095,nan,0.00000000,0,0,0,2.05566454,0.02043474,10.17036915
119100,0.35654327,0.35654327,1386,1.00000000,0.35654327,nan,0.00000000,0,0,0,4.92386818,0.03883810,2.26911762
119200,0.84489703,0.84489703,753,1.00000000,0.84489703,nan,0.00000000,0,0,0,4.22701883,0.12408164,6.63180447
119300,0.46432966,0.46432966,683,1.00000000,0.46432966,nan,0.00000000,0,0,0,4.91975117,0.08559901,0.63771006
119400,0.39031518,0.39031518,568,1.00000000,0.39031518,nan,0.00000000,0,0,0,4.75845766,0.08633687,3.74074070
119500,0.21215813,0.21215813,983,1.00000000,0.21215813,nan,0.00000000,0,0,0,4.31146145,0.06364243,-1.35372853
119600,1.15408611,1.15408611,261,1.00000000,1.15408611,nan,0.00000000,0,0,0,3.88931108,0.21332701,10.29368114
119700,0.67412353,0.67412353,1497,1.00000000,0.67412353,nan,0.00000000,0,0,0,4.18355370,0.15699765,3.05431596
119800,0.77119434,0.77119434,475,1.00000000,0.77119434,nan,0.00000000,0,0,0,5.25905275,0.11235861,nan
119900,0.84022033,0.84022033,661,1.00000000,0.84022033,nan,0.00000000,0,0,0,4.37841225,0.13979776,6.83737564
120000,1.40238297,1.40238297,510,1.00000000,1.40238297,nan,0.00000000,0,0,0,2.28504634,0.01602058,19.32433662
120100,0.95569694,0.95569694,302,1.00000000,0.95569694,nan,0.00000000,0,0,0,4.67035675,0.08240137,13.07996321
120200,0.30186576,0.30186576,1089,1.00000000,0.30186576,nan,0.00000000,0,0,0,4.78547049,0.06324378,nan
120300,0.29622343,0.29622343,1003,1.00000000,0.29622343,nan,0.00000000,0,0,0,4.46528053,0.05749967,-1.41559319
120400,0.45401442,0.45401442,727,1.00000000,0.45401442,nan,0.00000000,0,0,0,4.64698887,0.08087126,1.11028751
120500,0.74067324,0.74067324,176,0.99999998,0.74067318,nan,0.00422169,0,0,0,4.87253380,0.11509132,4.35618444
120600,0.49257934,0.49257934,775,1.00000000,0.49257934,nan,0.00000000,0,0,0,6.03766060,0.11627340,6.51886487
120700,0.41779134,0.41779134,1232,1.00000000,0.41779134,nan,0.00000000,0,0,0,4.55831766,0.09765548,1.43263495
120800,0.29456466,0.29456466,1251,1.00000000,0.29456466,nan,0.00000000,0,0,0,4.97241640,0.06419048,0.42423064
120900,0.32638136,0.32638136,401,1.00000000,0.32638136,nan,0.00000000,0,0,0,5.01314497,0.04231898,4.56761587
121000,1.15283477,1.15283477,335,1.00000000,1.15283477,nan,0.00000000,0,0,0,2.04976892,0.02047334,15.45823765
121100,0.79444671,0.79444671,606,1.00000000,0.79444671,nan,0.00000000,0,0,0,3.62665772,0.05835875,4.63846403
121200,0.43928587,0.43928587,559,1.00000000,0.43928587,nan,0.00000000,0,0,0,3.36229300,0.06805030,0.87874635
121300,0.92722756,0.92722756,479,1.00000000,0.92722756,nan,0.00000000,0,0,0,5.16343594,0.11025758,8.67618036
121400,0.40229714,0.40229714,891,1.00000000,0.40229714,nan,0.00000000,0,0,0,3.48392963,0.03296313,1.67245889
121500,0.42398775,0.42398775,731,1.00000000,0.42398775,nan,0.00000000,0,0,0,4.46794033,0.06513742,-1.17127879
121600,0.59169704,0.59169704,1597,1.00000000,0.59169704,nan,0.00000000,0,0,0,3.74630141,0.07140345,3.25288630
121700,0.77273107,0.77273107,759,1.00000000,0.77273107,nan,0.00000000,0,0,0,3.97383833,0.07300806,9.51091785
121800,0.54369879,0.54369879,341,1.00000000,0.54369879,nan,0.00000000,0,0,0,6.07634163,0.16192095,5.00135641
121900,0.43148687,0.43148687,561,1.00000000,0.43148687,nan,0.00000000,0,0,0,4.64027357,0.03393546,0.67944828
122000,1.05592108,1.05592108,630,1.00000000,1.05592108,nan,0.35703723,0,0,0,2.31032515,0.04278445,16.26766237
122100,0.35950387,0.35950387,414,1.00000000,0.35950387,nan,0.43809780,0,0,0,4.42315102,0.05376898,3.92230392
122200,0.47114310,0.47114310,572,1.00000000,0.47114310,nan,0.20195154,0,0,0,3.71027255,0.05240436,3.61500351
122300,0.69731867,0.69731867,66,0.99863963,0.69353197,nan,0.06244564,0,0,0,5.11556005,0.19997928,7.53675866
122400,1.05213118,1.05213118,37,0.97527647,0.95187711,nan,0.00000000,0,0,0,4.95754147,0.11557145,21.42160988
122500,0.81815875,0.81815875,775,1.00000000,0.81815875,nan,0.00000000,0,0,0,4.00393486,0.08730341,5.38291550
122600,0.38582465,0.38582465,495,1.00000000,0.38582465,nan,0.00000000,0,0,0,3.57644820,0.03079110,1.17036335
122700,0.74292731,0.74292731,208,1.00000000,0.74292731,nan,0.00000000,0,0,0,4.74784946,0.10239211,7.85279775
122800,0.34433505,0.34433505,642,1.00000000,0.34433505,nan,0.00000000,0,0,0,4.52936506,0.07228518,-0.44437709
122900,0.75205505,0.75205505,1015,1.00000000,0.75205505,nan,0.00000000,0,0,0,5.39621496,0.06703135,4.66364010
123000,1.16623306,1.16623306,521,1.00000000,1.16623306,nan,0.00000000,0,0,0,2.40258837,0.01701817,17.72002665
123100,0.74001116,0.74001116,1308,1.00000000,0.74001116,nan,0.00000000,0,0,0,4.69795847,0.06021545,4.42009358
123200,0.62792671,0.62792671,239,1.00000000,0.62792671,nan,0.00000000,0,0,0,4.27707863,0.14254290,3.88806351
123300,0.43178132,0.43178132,650,1.00000000,0.43178132,nan,0.06973629,0,0,0,4.02254009,0.03457287,5.40483103
123400,0.38122231,0.38122231,827,1.00000000,0.38122231,nan,0.00000000,0,0,0,4.49497223,0.10448178,2.24300234
123500,1.20328999,1.20328999,1056,1.00000000,1.20328999,nan,0.00000000,0,0,0,4.86409187,0.08179586,nan
123600,0.41686425,0.41686425,411,1.00000000,0.41686425,nan,0.00000000,0,0,0,5.54992437,0.07667747,5.06295013
123700,0.95861953,0.95861953,117,0.99999171,0.95858773,nan,0.00000000,0,0,0,7.13588619,0.20508154,10.01175499
123800,0.37277475,0.37277475,251,1.00000000,0.37277475,nan,0.00000000,0,0,0,4.90450335,0.03000885,-0.14872018
123900,0.39945853,0.39945853,422,1.00000000,0.39945853,nan,0.03449737,0,0,0,5.36793995,0.20519546,4.65491471
124000,1.34649742,1.34649742,662,1.00000000,1.34649742,nan,0.19289309,0,0,0,2.37388682,0.02766501,19.48202801
124100,0.69634712,0.69634712,441,1.00000000,0.69634712,nan,0.28504141,0,0,0,5.77919817,0.10461591,5.81528902
124200,0.65324855,0.65324855,266,1.00000000,0.65324855,nan,0.42135874,0,0,0,7.95402861,0.14199729,15.30571985
124300,0.75460696,0.75460696,21,0.87754357,0.44750260,nan,0.27477818,0,0,0,12.07312107,0.17251334,11.10031939
124400,0.19859032,0.19859032,291,1.00000000,0.19859032,nan,0.21606097,0,0,0,9.04316425,0.13195322,7.64915371
124500,0.46416107,0.46416107,351,1.00000000,0.46416107,nan,0.08371792,0,0,0,11.13501358,0.05644851,8.31723261
124600,0.52695805,0.52695805,109,0.99998154,0.52691914,nan,0.00000000,0,0,0,7.87397242,0.28527310,13.32196259
124700,1.44928503,1.44928503,196,1.00000000,1.44928501,nan,0.00000000,0,0,0,12.93378162,0.12791321,20.00690079
124800,0.89290130,0.89290130,276,1.00000000,0.89290130,nan,0.00000000,0,0,0,8.61417866,0.29890451,15.90387058
124900,0.60442919,0.60442919,19,0.85043138,0.31615681,nan,0.00000000,0,0,0,15.52181625,0.39110014,14.33742189
125000,0.61541647,0.61541647,620,1.00000000,0.61541647,nan,0.00000000,0,0,0,2.45285010,0.06556000,13.72051811
125100,0.44571194,0.44571194,687,1.00000000,0.44571194,nan,0.00000000,0,0,0,4.52772570,0.04371685,4.72085357
125200,0.50198817,0.50198817,88,0.99984927,0.50168558,nan,0.00000000,0,0,0,6.36240959,0.09879789,5.04226799
125300,0.31152099,0.31152099,550,1.00000000,0.31152099,nan,0.00000000,0,0,0,4.36971045,0.02715254,2.67163452
125400,0.43505710,0.43505710,738,1.00000000,0.43505710,nan,0.00000000,0,0,0,3.80826664,0.04798282,5.17958939
125500,0.41803783,0.41803783,871,1.00000000,0.41803783,nan,0.00000000,0,0,0,3.96896911,0.04287175,2.10572886
125600,0.77025837,0.77025837,1102,1.00000000,0.77025837,nan,0.00000000,0,0,0,4.83387613,0.10219903,8.16019726
125700,0.38144392,0.38144392,251,1.00000000,0.38144392,nan,0.00000000,0,0,0,5.26842833,0.08186086,2.07383144
125800,1.27771521,1.27771521,582,1.00000000,1.27771521,nan,0.00000000,0,0,0,3.76654482,0.09052935,14.25890517
125900,0.41339064,0.41339064,1044,1.00000000,0.41339064,nan,0.00000000,0,0,0,3.97603226,0.13645667,1.47157687
126000,1.38713205,1.38713205,716,1.00000000,1.38713205,nan,0.00000000,0,0,0,2.17460847,0.04539239,18.78963137
126100,0.36481801,0.36481801,280,1.00000000,0.36481801,nan,0.00000000,0,0,0,3.76523638,0.06366588,1.47963032
126200,0.80908710,0.80908710,370,1.00000000,0.80908710,nan,0.00000000,0,0,0,6.74559212,0.04582924,6.69620371
126300,0.39759699,0.39759699,492,1.00000000,0.39759699,nan,0.02145035,0,0,0,4.41057920,0.07659620,0.00331438
126400,0.28949657,0.28949657,462,1.00000000,0.28949657,nan,0.00000000,0,0,0,5.40209436,0.08063050,-0.15188217
126500,0.26820654,0.26820654,869,1.00000000,0.26820654,nan,0.00000000,0,0,0,5.46531391,0.05154130,-1.62590110
126600,1.45414865,1.45414865,190,0.99999999,1.45414862,nan,0.00000000,0,0,0,6.04072762,0.11813572,17.55432765
126700,0.62901294,0.62901294,823,1.00000000,0.62901294,nan,0.00000000,0,0,0,5.03160048,0.09082733,1.47508943
126800,0.80436015,0.80436015,579,1.00000000,0.80436015,nan,0.00000000,0,0,0,4.60030556,0.06060306,1.17708476
126900,0.35133180,0.35133180,707,1.00000000,0.35133180,nan,0.00000000,0,0,0,7.73745537,0.21956022,4.15239453
127000,1.58449864,1.58449864,538,1.00000000,1.58449864,nan,0.00000000,0,0,0,2.33110404,0.06026130,19.53245227
127100,0.57712686,0.57712686,413,1.00000000,0.57712686,nan,0.00000000,0,0,0,5.12873077,0.07852873,4.56383250
127200,0.46196699,0.46196699,330,1.00000000,0.46196699,nan,0.00000000,0,0,0,4.99033165,0.03519484,1.03178388
127300,0.72126931,0.72126931,420,1.00000000,0.72126931,nan,0.00000000,0,0,0,7.06482935,0.04821431,4.52531993
127400,0.69551921,0.69551921,1032,1.00000000,0.69551921,nan,0.00000000,0,0,0,4.83779240,0.04043050,4.81702455
127500,0.19666086,0.19666086,1163,1.00000000,0.19666086,nan,0.00000000,0,0,0,4.80997276,0.06792237,-4.26588225
127600,0.87665391,0.87665391,335,1.00000000,0.87665391,nan,0.00000000,0,0,0,4.79059029,0.04478889,6.22448242
127700,0.96373010,0.96373010,90,0.99987659,0.96325445,nan,0.00000000,0,0,0,6.16649866,0.17720856,6.68667348
127800,0.62974888,0.62974888,449,1.00000000,0.62974888,nan,0.00000000,0,0,0,5.90548325,0.11880229,3.38206667
127900,0.50571316,0.50571316,437,1.00000000,0.50571316,nan,0.00000000,0,0,0,5.16342211,0.03619350,0.74855986
128000,1.50094175,1.50094175,769,1.00000000,1.50094175,nan,0.00000000,0,0,0,2.29892778,0.02062992,19.88868968
128100,1.05491972,1.05491972,204,1.00000000,1.05491971,nan,0.00000000,0,0,0,6.39964485,0.10003170,9.02847513
128200,0.23817627,0.23817627,704,1.00000000,0.23817627,nan,0.00000000,0,0,0,4.32660437,0.09046797,0.44137785
128300,0.81320041,0.81320041,460,1.00000000,0.81320041,nan,0.00000000,0,0,0,3.99626923,0.10306157,2.95225625
128400,1.15544653,1.15544653,127,0.99999695,1.15543243,nan,0.00000000,0,0,0,6.28197718,0.07342990,9.21326423
128500,0.24174625,0.24174625,1081,1.00000000,0.24174625,nan,0.00000000,0,0,0,4.27227020,0.04540966,-1.62363521
128600,0.35205534,0.35205534,595,1.00000000,0.35205534,nan,0.00000000,0,0,0,4.55638361,0.07929524,-1.11206770
128700,0.61796135,0.61796135,179,0.99999998,0.61796131,nan,0.00000000,0,0,0,5.29366493,0.08185303,-2.79106426
128800,0.78847396,0.78847396,588,1.00000000,0.78847396,nan,0.00000000,0,0,0,4.42428207,0.06814376,2.23092624
128900,0.52847087,0.52847087,235,1.00000000,0.52847087,nan,0.00000000,0,0,0,4.08639956,0.02798761,2.26564443
129000,1.74052417,1.74052417,503,1.00000000,1.74052417,nan,0.00000000,0,0,0,2.13159418,0.02103953,21.02411652
129100,0.89827091,0.89827091,169,0.99999995,0.89827074,nan,0.00000000,0,0,0,4.68111086,0.05431073,5.61561394
129200,0.24252145,0.24252145,1337,1.00000000,0.24252145,nan,0.00000000,0,0,0,4.26162148,0.02740867,-3.48463623
129300,0.17368388,0.17368388,569,1.00000000,0.17368388,nan,0.00000000,0,0,0,5.72000027,0.07400689,-0.85267627
129400,1.23173201,1.23173201,281,1.00000000,1.23173201,nan,0.00000000,0,0,0,4.64889336,0.06456331,9.71802235
129500,1.15573180,1.15573180,161,0.99999990,1.15573133,nan,0.00000000,0,0,0,5.10137320,0.12429404,7.35976315
129600,0.73992497,0.73992497,194,1.00000000,0.73992496,nan,0.00000000,0,0,0,3.78683043,0.08520053,4.01664213
129700,0.27653459,0.27653459,760,1.00000000,0.27653459,nan,0.00000000,0,0,0,5.06518984,0.07265956,0.19754434
129800,1.00809932,1.00809932,171,0.99999996,1.00809917,nan,0.00000000,0,0,0,4.68916416,0.09655879,7.51057076
129900,0.90532643,0.90532643,445,1.00000000,0.90532643,nan,0.00000000,0,0,0,4.97768545,0.08420850,5.79827762
130000,1.30342197,1.30342197,779,1.00000000,1.30342197,nan,0.00000000,0,0,0,2.50406218,0.04158579,16.72097588
130100,1.26612592,1.26612592,355,1.00000000,1.26612592,nan,0.00000000,0,0,0,5.22975445,0.19539693,15.62413263
130200,0.70826572,0.70826572,404,1.00000000,0.70826572,nan,0.01189981,0,0,0,4.33217239,0.05002933,2.23410374
130300,1.08022642,1.08022642,264,1.00000000,1.08022642,nan,0.00000000,0,0,0,4.34315920,0.12151036,8.06078553
130400,0.36331943,0.36331943,540,1.00000000,0.36331943,nan,0.00000000,0,0,0,5.03490257,0.14724459,1.28725499
130500,1.07919455,1.07919455,194,1.00000000,1.07919453,nan,0.00000000,0,0,0,4.72321987,0.10981005,9.57473612
130600,0.61278009,0.61278009,625,1.00000000,0.61278009,nan,0.00000000,0,0,0,3.86128449,0.04589571,nan
130700,1.78840494,1.78840494,328,1.00000000,1.78840494,nan,0.00000000,0,0,0,3.99659133,0.04617028,12.41632366
130800,0.29696879,0.29696879,164,0.99999992,0.29696870,nan,0.00000000,0,0,0,5.30177307,0.11277720,3.88582957
130900,0.58424377,0.58424377,919,1.00000000,0.58424377,nan,0.00000000,0,0,0,4.42809534,0.05129680,1.42085560
131000,1.63150620,1.63150620,722,1.00000000,1.63150620,nan,0.00000000,0,0,0,2.21202421,0.06506222,20.10571861
131100,0.50407720,0.50407720,1292,1.00000000,0.50407720,nan,0.00000000,0,0,0,3.96608520,0.05328399,1.13876599
131200,0.64417046,0.64417046,239,1.00000000,0.64417046,nan,0.00000000,0,0,0,4.02923012,0.05618755,5.38967562
131300,1.33097315,1.33097315,1110,1.00000000,1.33097315,nan,0.00282712,0,0,0,3.56316161,0.08072177,14.48587418
131400,0.80257607,0.80257607,601,1.00000000,0.80257607,nan,0.00000000,0,0,0,3.83570957,0.07069112,1.39468892
131500,0.60974997,0.60974997,762,1.00000000,0.60974997,nan,0.00000000,0,0,0,3.29908895,0.05747237,2.53075383
131600,0.90553981,0.90553981,499,1.00000000,0.90553981,nan,0.02115992,0,0,0,6.23767948,0.16296455,8.90471268
131700,0.38924572,0.38924572,721,1.00000000,0.38924572,nan,0.00000000,0,0,0,4.32343626,0.05881200,0.93234596
131800,0.96388340,0.96388340,451,1.00000000,0.96388340,nan,0.00000000,0,0,0,5.32357597,0.05953350,5.96527767
131900,1.09588242,1.09588242,1388,1.00000000,1.09588242,nan,0.00000000,0,0,0,3.99751782,0.10170946,6.60864051
132000,1.45899093,1.45899093,788,1.00000000,1.45899093,nan,0.00000000,0,0,0,2.15066385,0.07235761,18.05288458
132100,0.57128656,0.57128656,468,1.00000000,0.57128656,nan,0.00000000,0,0,0,3.70166302,0.04198392,2.36904438
132200,0.47661480,0.47661480,1567,1.00000000,0.47661480,nan,0.00000000,0,0,0,4.15531826,0.07268704,4.54435190
132300,0.66312808,0.66312808,830,1.00000000,0.66312808,nan,0.00000000,0,0,0,4.96519995,0.07989981,7.23276019
132400,0.66645581,0.66645581,314,1.00000000,0.66645581,nan,0.00000000,0,0,0,3.97925782,0.07743253,0.07478944
132500,0.48509127,0.48509127,396,1.00000000,0.48509127,nan,0.00000000,0,0,0,4.35843849,0.05292739,0.99554819
132600,0.83628368,0.83628368,384,1.00000000,0.83628368,nan,0.00000000,0,0,0,3.75513244,0.05279529,3.75551534
132700,0.55385661,0.55385661,450,1.00000000,0.55385661,nan,0.00877312,0,0,0,4.66086340,0.02835731,1.68319905
132800,0.62943637,0.62943637,343,1.00000000,0.62943637,nan,0.00000000,0,0,0,3.57123685,0.14770144,2.16415969
132900,0.66985881,0.66985881,476,1.00000000,0.66985881,nan,0.00000000,0,0,0,4.73713779,0.03601319,2.03958884
133000,1.56853306,1.56853306,203,1.00000000,1.56853305,nan,0.00000000,0,0,0,2.35841322,0.03930706,20.34815534
133100,0.65254945,0.65254945,911,1.00000000,0.65254945,nan,0.00000000,0,0,0,5.23316860,0.08899569,-0.05954811
133200,0.56748289,0.56748289,167,0.99999994,0.56748276,nan,0.00000000,0,0,0,4.47821140,0.05244741,0.88471045
133300,1.16326475,1.16326475,226,1.00000000,1.16326475,nan,0.00000000,0,0,0,6.06600904,0.13636026,8.81190491
133400,0.85309374,0.85309374,1861,1.00000000,0.85309374,nan,0.00000000,0,0,0,4.28762817,0.11875053,-3.17628729
133500,0.62261325,0.62261325,668,1.00000000,0.62261325,nan,0.00000000,0,0,0,3.83313918,0.02366786,-0.53657353
133600,0.45843294,0.45843294,923,1.00000000,0.45843294,nan,0.00000000,0,0,0,4.13542271,0.03810582,-3.43619156
133700,0.64115506,0.64115506,167,0.99999994,0.64115492,nan,0.05328738,0,0,0,4.43145895,0.07936870,4.38393936
133800,0.37398812,0.37398812,1179,1.00000000,0.37398812,nan,0.00000000,0,0,0,3.85343432,0.05496629,-3.28207215
133900,0.40027755,0.40027755,811,1.00000000,0.40027755,nan,0.00000000,0,0,0,3.67453504,0.05541889,-3.03050703
134000,1.61171579,1.61171579,625,1.00000000,1.61171579,nan,0.00000000,0,0,0,2.12898207,0.02597975,18.50598717
134100,0.66728997,0.66728997,647,1.00000000,0.66728997,nan,0.00000000,0,0,0,3.37605572,0.04168237,0.88998377
134200,0.40342522,0.40342522,867,1.00000000,0.40342522,nan,0.00000000,0,0,0,4.08019686,0.09782950,1.02954957
134300,1.91233873,1.91233873,595,1.00000000,1.91233873,nan,0.00000000,0,0,0,3.31517363,0.05108247,12.15017573
134400,0.63930911,0.63930911,1061,1.00000000,0.63930911,nan,0.00000000,0,0,0,3.96509814,0.07957397,2.32094479
134500,0.58664823,0.58664823,984,1.00000000,0.58664823,nan,0.00000000,0,0,0,3.19671202,0.06172314,-3.90547784
134600,0.66476369,0.66476369,328,1.00000000,0.66476369,nan,0.00305271,0,0,0,4.89405584,0.10078827,-0.10156152
134700,0.37959853,0.37959853,579,1.00000000,0.37959853,nan,0.00000000,0,0,0,3.65888476,0.08726438,-2.42144120
134800,0.73937398,0.73937398,1061,1.00000000,0.73937398,nan,0.00000000,0,0,0,4.00788546,0.08660497,2.11119294
134900,0.63108033,0.63108033,230,1.00000000,0.63108033,nan,0.00000000,0,0,0,3.65658402,0.04401250,0.49673494
135000,1.79486132,1.79486132,204,1.00000000,1.79486131,nan,0.00000000,0,0,0,2.08590984,0.02133435,21.52072525
135100,0.25465181,0.25465181,1096,1.00000000,0.25465181,nan,0.00000000,0,0,0,3.53963685,0.11229084,-1.80544645
135200,0.86506534,0.86506534,411,1.00000000,0.86506534,nan,0.00000000,0,0,0,4.47705126,0.08747923,10.74889278
135300,0.42289484,0.42289484,1345,1.00000000,0.42289484,nan,0.00000000,0,0,0,3.67824984,0.08397046,-3.13810798
135400,0.43124530,0.43124530,1004,1.00000000,0.43124530,nan,0.00000000,0,0,0,3.52786636,0.05233893,-1.86997223
135500,0.35394710,0.35394710,1894,1.00000000,0.35394710,nan,0.00000000,0,0,0,4.07666922,0.07778668,-3.33286945
135600,1.62037802,1.62037802,684,1.00000000,1.62037802,nan,0.00000000,0,0,0,3.94666672,0.05168964,9.01710451
135700,0.32366595,0.32366595,762,1.00000000,0.32366595,nan,0.00000000,0,0,0,3.56662416,0.05374460,-0.17120991
135800,0.35237506,0.35237506,640,1.00000000,0.35237506,nan,0.00000000,0,0,0,3.56368518,0.12067445,-1.71409957
135900,0.18043399,0.18043399,1324,1.00000000,0.18043399,nan,0.00000000,0,0,0,4.00140285,0.03414540,-9.19143772
136000,2.45052552,2.45052552,340,1.00000000,2.45052552,nan,0.00000000,0,0,0,2.27116108,0.05739227,25.81726201
136100,0.34335339,0.34335339,198,1.00000000,0.34335339,nan,0.00000000,0,0,0,3.82779193,0.07271352,-1.16899729
136200,0.57291782,0.57291782,784,1.00000000,0.57291782,nan,0.00000000,0,0,0,3.42527986,0.05315553,-3.91507798
136300,0.78868222,0.78868222,254,1.00000000,0.78868222,nan,0.00000000,0,0,0,4.18566799,0.07397346,1.18273815
136400,0.36930105,0.36930105,328,1.00000000,0.36930105,nan,0.00000000,0,0,0,4.44034147,0.06524548,-1.80358821
136500,0.48324674,0.48324674,325,1.00000000,0.48324674,nan,0.00000000,0,0,0,4.04956532,0.07104255,-2.32478118
136600,0.68788582,0.68788582,344,1.00000000,0.68788582,nan,0.01151830,0,0,0,3.27154827,0.10108263,1.79909701
136700,0.41512722,0.41512722,814,1.00000000,0.41512722,nan,0.00000000,0,0,0,3.85347795,0.06538881,0.22400677
136800,0.58187264,0.58187264,420,1.00000000,0.58187264,nan,0.00000000,0,0,0,3.70069337,0.06841089,0.16961366
136900,0.17946285,0.17946285,1043,1.00000000,0.17946285,nan,0.10392347,0,0,0,3.58330631,0.03757484,-3.01722655
137000,1.52017260,1.52017260,344,1.00000000,1.52017260,nan,0.02593972,0,0,0,2.27302957,0.02343044,19.35328293
137100,0.57200760,0.57200760,406,1.00000000,0.57200760,nan,0.02828794,0,0,0,4.06287527,0.07366160,0.87817934
137200,1.33714628,1.33714628,576,1.00000000,1.33714628,nan,0.00000000,0,0,0,3.96637821,0.02638142,7.89597046
137300,0.34077379,0.34077379,305,1.00000000,0.34077379,nan,0.00000000,0,0,0,4.16848946,0.10641386,-0.80489337
137400,0.61964279,0.61964279,400,1.00000000,0.61964279,nan,0.00000000,0,0,0,4.11591959,0.11100644,5.82535899
137500,0.37831292,0.37831292,673,1.00000000,0.37831292,nan,0.00000000,0,0,0,3.40063882,0.04575117,-4.06244318
137600,0.28381237,0.28381237,194,1.00000000,0.28381237,nan,0.00000000,0,0,0,4.50329447,0.06055689,-0.60957746
137700,0.70494640,0.70494640,734,1.00000000,0.70494640,nan,0.00000000,0,0,0,3.17715836,0.01880961,-0.95641379
137800,0.50139862,0.50139862,780,1.00000000,0.50139862,nan,0.00000000,0,0,0,3.95347476,0.06264284,-0.58167934
137900,0.55920941,0.55920941,469,1.00000000,0.55920941,nan,0.00000000,0,0,0,3.52379513,0.04663485,0.51407870
138000,1.88974631,1.88974631,459,1.00000000,1.88974631,nan,0.00000000,0,0,0,2.30005646,0.04742046,21.84199371
138100,0.27733997,0.27733997,1484,1.00000000,0.27733997,nan,0.01340056,0,0,0,3.62291050,0.06574398,-4.86032581
138200,0.57690626,0.57690626,117,0.99999171,0.57688713,nan,0.00000000,0,0,0,4.49437237,0.19860761,0.51656857
138300,0.32632229,0.32632229,647,1.00000000,0.32632229,nan,0.00000000,0,0,0,4.18409300,0.06976938,-1.99376476
138400,2.15517712,2.15517712,571,1.00000000,2.15517712,nan,0.00000000,0,0,0,4.02073050,0.07625816,13.92262530
138500,0.43239561,0.43239561,435,1.00000000,0.43239561,nan,0.00000000,0,0,0,3.69752622,0.13753432,0.39618238
138600,0.33806318,0.33806318,1976,1.00000000,0.33806318,nan,0.05178512,0,0,0,4.52592564,0.03802580,-2.83265135
138700,0.36255848,0.36255848,1169,1.00000000,0.36255848,nan,0.00000000,0,0,0,3.06038761,0.04723370,-0.89423046
138800,0.89326340,0.89326340,650,1.00000000,0.89326340,nan,0.00000000,0,0,0,3.26235795,0.06491407,6.07476759
138900,0.69872886,0.69872886,761,1.00000000,0.69872886,nan,0.07330545,0,0,0,3.78547621,0.05287772,1.42993543
139000,1.75848269,1.75848269,458,1.00000000,1.75848269,nan,0.10564898,0,0,0,2.16936326,0.05486536,21.00982904
139100,0.31645456,0.31645456,365,1.00000000,0.31645456,nan,0.06458654,0,0,0,4.27829552,0.02652716,-0.25324106
139200,0.51612586,0.51612586,644,1.00000000,0.51612586,nan,0.00000000,0,0,0,3.67221236,0.01632530,-0.65037823
139300,0.83165252,0.83165252,526,1.00000000,0.83165252,nan,0.00000000,0,0,0,4.62488174,0.07733855,4.05584168
139400,0.23365743,0.23365743,314,1.00000000,0.23365743,nan,0.00000000,0,0,0,3.42747331,0.07688054,0.65073264
139500,0.79719740,0.79719740,68,0.99888622,0.79365174,nan,0.00000000,0,0,0,3.56759477,0.06371789,1.20419183
139600,0.39941230,0.39941230,127,0.99999695,0.39940743,nan,0.00000000,0,0,0,4.21852636,0.04662698,0.49685872
139700,0.38701200,0.38701200,550,1.00000000,0.38701200,nan,0.00000000,0,0,0,3.58315444,0.10574356,-0.83459365
139800,1.44449615,1.44449615,110,0.99998330,1.44439966,nan,0.00000000,0,0,0,5.10812044,0.05483168,13.50507660
139900,1.15275609,1.15275609,571,1.00000000,1.15275609,nan,0.00000000,0,0,0,2.90402555,0.08412293,10.63394165
140000,1.32695246,1.32695246,617,1.00000000,1.32695246,nan,0.61222985,0,0,0,2.09870768,0.04968878,18.80158170
140100,0.22880000,0.22880000,576,1.00000000,0.22880000,nan,0.72778278,0,0,0,3.35359359,0.08626518,0.54852694
140200,0.39954242,0.39954242,210,1.00000000,0.39954242,nan,0.48724762,0,0,0,3.68933201,0.11912322,5.59656131
140300,0.42325237,0.42325237,16,0.79810348,0.17172607,nan,0.26932458,0,0,0,4.84444332,0.13259962,3.02305752
140400,0.36452821,0.36452821,733,1.00000000,0.36452821,nan,0.08256197,0,0,0,3.57322812,0.08514574,0.44959394
140500,0.11790951,0.11790951,946,1.00000000,0.11790951,nan,0.00000000,0,0,0,3.34201908,0.04264487,-5.60427999
140600,0.75095069,0.75095069,784,1.00000000,0.75095069,nan,0.00000000,0,0,0,3.77634096,0.04490830,3.88383055
140700,0.50537479,0.50537479,364,1.00000000,0.50537479,nan,0.00000000,0,0,0,3.70425749,0.06518903,0.64445436
140800,0.52988708,0.52988708,507,1.00000000,0.52988708,nan,0.00000000,0,0,0,3.38303280,0.04541696,-0.36076180
140900,0.27725998,0.27725998,631,1.00000000,0.27725998,nan,0.00000000,0,0,0,3.92060089,0.12536289,2.06940663
141000,0.99151009,0.99151009,545,1.00000000,0.99151009,nan,0.00000000,0,0,0,1.97983503,0.02335306,14.88615584
141100,1.24378550,1.24378550,216,1.00000000,1.24378550,nan,0.00000000,0,0,0,4.17106485,0.12254165,11.98205725
141200,0.93148124,0.93148124,393,1.00000000,0.93148124,nan,0.00000000,0,0,0,3.66805696,0.07895087,3.09574644
141300,0.10935824,0.10935824,465,1.00000000,0.10935824,nan,0.00000000,0,0,0,3.40665674,0.04081572,-5.13285175
141400,0.17683548,0.17683548,668,1.00000000,0.17683548,nan,0.00000000,0,0,0,3.39501166,0.09494263,-1.54755708
141500,0.20184173,0.20184173,984,1.00000000,0.20184173,nan,0.00000000,0,0,0,3.52573657,0.05511742,-4.96360397
141600,0.76569051,0.76569051,681,1.00000000,0.76569051,nan,0.00000000,0,0,0,2.69892526,0.02554810,-3.72719026
141700,0.50476795,0.50476795,1296,1.00000000,0.50476795,nan,0.00000000,0,0,0,3.55874920,0.11085375,2.24677066
141800,0.30276975,0.30276975,657,1.00000000,0.30276975,nan,0.00000000,0,0,0,3.06113148,0.07637024,-2.82479927
141900,1.17571092,1.17571092,127,0.99999695,1.17569657,nan,0.05434834,0,0,0,4.27989006,0.05085845,12.66689873
142000,1.58158982,1.58158982,657,1.00000000,1.58158982,nan,0.10730344,0,0,0,2.03018665,0.03214640,21.39630270
142100,0.46783701,0.46783701,245,1.00000000,0.46783701,nan,0.00000000,0,0,0,3.87444401,0.03036901,-3.18823401
142200,0.41488075,0.41488075,1444,1.00000000,0.41488075,nan,0.00000000,0,0,0,2.79789352,0.05652331,-6.16917610
142300,0.82449120,0.82449120,158,0.99999986,0.82449075,nan,0.00000000,0,0,0,3.18721890,0.05120378,4.41354394
142400,1.28021479,1.28021479,311,1.00000000,1.28021479,nan,0.15938039,0,0,0,2.59938145,0.05125818,8.34403610
142500,0.54077661,0.54077661,642,1.00000000,0.54077661,nan,0.00000000,0,0,0,3.03394604,0.04150776,0.63454187
142600,0.81895566,0.81895566,2159,1.00000000,0.81895566,nan,0.00000000,0,0,0,2.74349856,0.04382570,-2.40391060
142700,0.50755286,0.50755286,1434,1.00000000,0.50755286,nan,0.00000000,0,0,0,2.59376812,0.04696330,-5.35507021
142800,0.35266039,0.35266039,336,1.00000000,0.35266039,nan,0.00000000,0,0,0,3.93028808,0.14092404,-1.75124168
142900,0.80786681,0.80786681,1058,1.00000000,0.80786681,nan,0.00000000,0,0,0,3.73963809,0.04009246,-0.04154405
143000,2.28754520,2.28754520,521,1.00000000,2.28754520,nan,0.00000000,0,0,0,1.76444793,0.03867350,26.42003123
143100,0.46883452,0.46883452,318,1.00000000,0.46883452,nan,0.00000000,0,0,0,3.24394011,0.05410281,3.62112284
143200,0.91918397,0.91918397,802,1.00000000,0.91918397,nan,0.00000000,0,0,0,2.69654679,0.06716662,-0.01598787
143300,0.31325367,0.31325367,326,1.00000000,0.31325367,nan,0.00592438,0,0,0,2.96353412,0.03987187,-4.37546428
143400,0.62692785,0.62692785,831,1.00000000,0.62692785,nan,0.00000000,0,0,0,3.89750957,0.02634417,-2.05198622
143500,1.10582519,1.10582519,428,1.00000000,1.10582519,nan,0.00000000,0,0,0,3.94391418,0.07827298,3.18550806
143600,0.72946697,0.72946697,245,1.00000000,0.72946697,nan,0.00000000,0,0,0,3.53709197,0.03197186,-0.19131907
143700,0.43872678,0.43872678,591,1.00000000,0.43872678,nan,0.00000000,0,0,0,2.97114515,0.06152937,-4.08025819
143800,0.45870754,0.45870754,359,1.00000000,0.45870754,nan,0.00000000,0,0,0,2.81688023,0.08563033,-4.09594584
143900,0.28714839,0.28714839,115,0.99998987,0.28713675,nan,0.03836989,0,0,0,3.37154150,0.08542342,-5.45680888
144000,2.06816697,2.06816697,551,1.00000000,2.06816697,nan,0.00000000,0,0,0,1.81172991,0.02920965,25.62416744
144100,1.53808320,1.53808320,467,1.00000000,1.53808320,nan,0.68922048,0,0,0,6.08689356,0.47963274,18.74823208
144200,1.39958346,1.39958346,295,1.00000000,1.39958346,nan,0.73913512,0,0,0,6.94032526,0.23134555,15.96715546
144300,0.59320247,0.59320247,196,1.00000000,0.59320246,nan,0.96284616,0,0,0,7.10121822,0.56186199,9.74757481
144400,0.82427096,0.82427096,253,1.00000000,0.82427096,nan,0.93168622,0,0,0,6.54949093,0.23585650,12.04440141
144500,0.64870661,0.64870661,4,0.32967995,0.00766335,nan,0.86406267,0,0,0,8.02250671,0.76120830,15.31623173
144600,1.04045486,1.04045486,45,0.98889100,0.99498595,nan,0.78643748,0,0,0,8.94370842,0.29820710,14.70030379
144700,0.75911164,0.75911164,19,0.85043138,0.39706606,nan,0.79287228,0,0,0,17.32190323,0.84129786,21.65174484
144800,0.48804918,0.48804918,161,0.99999990,0.48804898,nan,0.70366581,0,0,0,10.51884842,0.27468154,7.24093878
144900,0.78728795,0.78728795,111,0.99998489,0.78724036,nan,0.60993437,0,0,0,6.13938951,0.16113181,11.89736938
145000,2.74185181,2.74185181,874,1.00000000,2.74185181,nan,0.48477317,0,0,0,2.09795237,0.11495471,33.89677811
145100,0.80185032,0.80185032,286,1.00000000,0.80185032,nan,0.65533176,0,0,0,3.88852262,0.06541125,8.14169121
145200,0.28706241,0.28706241,1961,1.00000000,0.28706241,nan,0.41992493,0,0,0,3.54317427,0.06369170,-4.15050092
145300,0.23783320,0.23783320,336,1.00000000,0.23783320,nan,0.25502529,0,0,0,3.90611315,0.06937492,1.46947289
145400,0.92407250,0.92407250,317,1.00000000,0.92407250,nan,0.06696977,0,0,0,4.75811958,0.08994953,4.65658325
145500,0.19831160,0.19831160,1061,1.00000000,0.19831160,nan,0.00000000,0,0,0,3.57729459,0.05645259,-2.61035371
145600,0.69868529,0.69868529,242,1.00000000,0.69868529,nan,0.00000000,0,0,0,3.72582412,0.07347025,2.15239513
145700,0.87108761,0.87108761,120,0.99999386,0.87106620,nan,0.00000000,0,0,0,3.98859572,0.05886961,4.40822339
145800,0.38593853,0.38593853,925,1.00000000,0.38593853,nan,0.00000000,0,0,0,3.27665401,0.05823210,-4.55578248
145900,0.82667702,0.82667702,634,1.00000000,0.82667702,nan,0.00000000,0,0,0,3.76534104,0.04533213,3.77394644
146000,1.17766976,1.17766976,573,1.00000000,1.17766976,nan,0.00000000,0,0,0,2.14090204,0.06269827,15.92124414
146100,0.81361985,0.81361985,122,0.99999497,0.81360348,nan,0.00000000,0,0,0,3.85559177,0.09555224,-1.74086714
146200,1.01615202,1.01615202,269,1.00000000,1.01615202,nan,0.03189770,0,0,0,3.99347687,0.16604050,4.93227768
146300,0.27587247,0.27587247,1143,1.00000000,0.27587247,nan,0.00000000,0,0,0,2.97401619,0.04383532,-7.87431705
146400,0.24626340,0.24626340,759,1.00000000,0.24626340,nan,0.00000000,0,0,0,3.46555805,0.08157991,-3.05159393
146500,0.31024694,0.31024694,410,1.00000000,0.31024694,nan,0.00000000,0,0,0,3.50067568,0.03327985,-2.98274517
146600,0.74176842,0.74176842,589,1.00000000,0.74176842,nan,0.00000000,0,0,0,3.24063015,0.10682500,3.51688703
146700,0.42218775,0.42218775,671,1.00000000,0.42218775,nan,0.00000000,0,0,0,2.76343155,0.05666510,-1.75985831
146800,0.71508092,0.71508092,1042,1.00000000,0.71508092,nan,0.00000000,0,0,0,2.55955625,0.06108366,-2.47270444
146900,0.62259507,0.62259507,1123,1.00000000,0.62259507,nan,0.00000000,0,0,0,2.70603776,0.08738302,0.94880787
147000,1.48841047,1.48841047,1014,1.00000000,1.48841047,nan,0.00000000,0,0,0,1.84176850,0.05319606,21.38059998
147100,0.74168479,0.74168479,221,1.00000000,0.74168479,nan,0.11683745,0,0,0,3.23597431,0.07263736,5.69667133
147200,0.50728869,0.50728869,1210,1.00000000,0.50728869,nan,0.02287112,0,0,0,2.61840105,0.06979612,-2.11671106
147300,0.44901097,0.44901097,66,0.99863963,0.44657267,nan,0.00000000,0,0,0,5.25014305,0.13950713,0.22182250
147400,0.57852685,0.57852685,354,1.00000000,0.57852685,nan,0.00000000,0,0,0,3.92259383,0.15575831,-1.58015549
147500,0.30953193,0.30953193,269,1.00000000,0.30953193,nan,0.00000000,0,0,0,2.84078693,0.07711442,-1.64044535
147600,0.27524000,0.27524000,509,1.00000000,0.27524000,nan,0.00000000,0,0,0,3.11793876,0.06993747,-2.57474438
147700,0.39222759,0.39222759,376,1.00000000,0.39222759,nan,0.00000000,0,0,0,3.14726138,0.04051051,-3.04611365
147800,0.41598427,0.41598427,254,1.00000000,0.41598427,nan,0.00000000,0,0,0,3.41880322,0.07530736,-3.70669317
147900,0.91410232,0.91410232,73,0.99932446,0.91163477,nan,0.00000000,0,0,0,2.95860004,0.11291943,-1.29014450
148000,2.17844129,2.17844129,317,1.00000000,2.17844129,nan,0.00000000,0,0,0,1.74631226,0.03203306,24.68849373
148100,0.81667459,0.81667459,804,1.00000000,0.81667459,nan,0.00000000,0,0,0,2.90038681,0.10137840,4.77666724
148200,0.27791911,0.27791911,723,1.00000000,0.27791911,nan,0.00000000,0,0,0,2.71936321,0.03254621,-2.09035742
148300,0.48929098,0.48929098,1526,1.00000000,0.48929098,nan,0.00000000,0,0,0,2.19082689,0.01949820,nan
148400,0.25403479,0.25403479,187,0.99999999,0.25403478,nan,0.00000000,0,0,0,3.23698092,0.03659837,-3.72876255
148500,0.36044294,0.36044294,512,1.00000000,0.36044294,nan,0.00000000,0,0,0,2.37268496,0.03626328,-7.00779839
148600,0.44784749,0.44784749,1130,1.00000000,0.44784749,nan,0.00000000,0,0,0,2.64425850,0.04323001,-2.37484900
148700,0.57814884,0.57814884,798,1.00000000,0.57814884,nan,0.00000000,0,0,0,2.39766979,0.02680047,-2.60550499
148800,0.67314166,0.67314166,563,1.00000000,0.67314166,nan,0.00000000,0,0,0,2.45312023,0.07822493,-0.43503213
148900,1.04081643,1.04081643,137,0.99999888,1.04081175,nan,0.03402272,0,0,0,2.88525462,0.07068842,3.54430562
149000,1.86213470,1.86213470,330,1.00000000,1.86213470,nan,0.00000000,0,0,0,1.81982064,0.02923174,19.60996914
149100,0.22213332,0.22213332,591,1.00000000,0.22213332,nan,0.00000000,0,0,0,2.56361818,0.08474196,-6.36031234
149200,0.58960301,0.58960301,876,1.00000000,0.58960301,nan,0.00000000,0,0,0,2.20526195,0.04010292,-1.45380163
149300,0.50351310,0.50351310,500,1.00000000,0.50351310,nan,0.00000000,0,0,0,2.53841901,0.05020124,-2.52626685
149400,0.38235518,0.38235518,1862,1.00000000,0.38235518,nan,0.00000000,0,0,0,2.52670169,0.08597697,-6.29201007
149500,0.36075974,0.36075974,912,1.00000000,0.36075974,nan,0.00000000,0,0,0,2.67281461,0.07525717,-3.53540282
149600,0.65417498,0.65417498,1698,1.00000000,0.65417498,nan,0.00000000,0,0,0,1.93734682,0.02730046,-4.90872602
149700,0.69807404,0.69807404,160,0.99999989,0.69807373,nan,0.00000000,0,0,0,2.40816593,0.04916009,-1.95995793
149800,0.53916848,0.53916848,342,1.00000000,0.53916848,nan,0.00000000,0,0,0,2.34049869,0.08480793,-5.42173672
149900,0.28002521,0.28002521,471,1.00000000,0.28002521,nan,0.00000000,0,0,0,2.86159039,0.04136854,-4.35422119
