step,e_P,e_R,e_P_bar,e_R_bar,D_t,c_t,regime_change
0,1.36357009,0.48917264,0.00000000,0.00000000,0.00000000,0.00000000,0
1000,0.78020078,0.25883645,-0.95165951,-0.72218652,0.00000000,0.00000000,0
2000,0.90811509,0.56226057,0.01185141,0.11818368,0.00705392,1.01819158,0
3000,0.77650386,1.01344442,-0.49804296,1.31736632,0.86772701,0.06488318,0
4000,0.79731274,0.49725345,-0.15704880,0.09818355,0.00482000,0.03887802,0
5000,0.95207423,1.12422132,0.82900844,1.93704856,2.21970605,0.00560614,0
6000,0.72345501,1.19421482,-0.17102931,2.27351649,2.58443862,0.01117733,0
7000,0.57010764,0.56625915,-0.74249883,0.50690629,0.12847699,0.00290199,0
8000,0.64652675,0.50117713,-0.20157177,0.36634694,0.06710504,0.00047530,0
9000,0.50785691,0.00008276,-0.66673339,-1.17223552,0.00000000,0.00356729,0
10000,0.39988145,0.10650650,-1.02547056,-0.83197400,0.00000000,0.00806720,0
11000,0.68279916,0.72077090,0.26688567,1.21019384,0.76789854,0.01112310,0
12000,0.44897255,0.20488149,-0.63809560,-0.48668965,0.00000000,0.00067400,0
13000,0.46970281,0.00904600,-0.45776358,-1.13822294,0.00000000,0.03260589,0
14000,0.54791600,0.74596643,-0.06232550,1.44311177,1.04128579,0.02894627,0
15000,0.32240558,0.33632898,-0.92226189,0.03363792,0.00056575,0.00668162,0
16000,0.56829733,0.47514227,0.14361493,0.55639123,0.16509822,0.00031985,0
17000,0.30585843,0.21118876,-0.87739793,-0.38007977,0.00000000,0.00230472,0
18000,0.43419436,0.31143117,-0.31193972,0.00359768,0.00000647,0.00659791,0
19000,0.51337737,0.56156468,0.05492990,0.96025865,0.46255698,0.00944694,0
20000,0.38521388,0.24435145,-0.45018286,-0.22715505,0.00000000,0.02810939,0
21000,0.25285202,0.63547653,-0.98355300,1.28347613,0.82365549,0.01062787,0
22000,0.49604562,0.16695094,0.07350198,-0.50672202,0.00270127,0.01464424,0
23000,0.31708717,0.26109803,-0.64599350,-0.12424311,0.00000000,0.00016868,0
24000,0.43493509,0.11942784,-0.12005371,-0.67416740,0.00000000,0.01420308,0
25000,0.29283893,0.12254354,-0.69928611,-0.65556224,0.00000000,0.00405491,0
26000,0.30312011,0.60948646,-0.63353137,1.32483356,0.87759198,0.01252047,0
27000,0.42419761,0.55893195,-0.09152650,1.13976231,0.64952906,0.00331941,0
28000,0.46376085,0.26493818,0.10645642,-0.04884985,0.00566648,0.00020785,0
29000,0.20680262,0.52686644,-0.98970319,1.05579659,0.55735322,0.00001609,0
30000,0.30598372,0.64367050,-0.53573476,1.56825345,1.22970944,0.00002865,0
31000,0.31593210,0.16280945,-0.47398248,-0.43994527,0.00000000,0.00113358,0
32000,0.38291544,0.18245071,-0.15783675,-0.34497022,0.00000000,0.00001096,0
33000,0.33543953,0.06621578,-0.34967779,-0.83423197,0.00000000,0.00516978,0
34000,0.30372542,0.81169045,-0.47206229,2.40182945,2.88439235,0.00909268,0
35000,0.39219943,0.79117888,-0.05444623,2.34422244,2.74768943,0.00750027,0
36000,0.29407316,0.20910250,-0.47640557,-0.18512731,0.00000000,0.00105528,0
37000,0.37577185,0.32886609,-0.09300605,0.35517596,0.06307498,0.00006457,0
38000,0.37876570,0.38939309,-0.06383491,0.63800978,0.20352824,0.00009423,0
39000,0.24933301,0.06104856,-0.64473943,-0.82368236,0.00000000,0.00095316,0
40000,0.20521702,0.02982619,-0.83122248,-0.95784333,0.00000000,0.00001537,0
41000,0.27818790,0.32158428,-0.48198418,0.37174550,0.06909736,0.00002358,0
42000,0.76110590,0.34920338,1.75443128,0.51193778,1.67005471,0.00000888,0
43000,0.40834704,0.61308169,0.14818155,1.73798243,1.52127034,0.00003198,0
44000,0.21310912,0.20862214,-0.73940904,-0.11009989,0.00000000,0.00001247,0
45000,0.24467236,0.17497113,-0.58007406,-0.25663861,0.00000000,0.00001474,0
46000,0.25512341,0.17212367,-0.51937171,-0.26110600,0.00000000,0.01304919,0
47000,0.55199170,0.68344766,0.88097734,2.15312096,2.70602547,0.00714734,0
48000,0.30006009,0.43576384,-0.28720477,1.00338259,0.50338832,0.00001197,0
49000,0.31202570,0.35686430,-0.22051967,0.64090721,0.20538102,0.00007092,0
50000,0.41148335,0.28635553,0.26098332,0.31526122,0.08375097,0.00003729,0
51000,0.41843048,0.77271849,0.30533951,2.66503032,3.59780941,0.01745968,0
52000,0.49589410,0.16195700,0.68620607,-0.26723256,0.23543939,0.00102392,0
53000,0.35020512,0.27095342,0.00049307,0.26956592,0.03633301,0.00020782,0
54000,0.36548114,0.27306572,0.08365356,0.28865889,0.04516094,0.00004265,0
55000,0.36635819,0.07769614,0.09778514,-0.66291337,0.00478097,0.00079765,0
56000,0.39809451,0.04862738,0.26203042,-0.80141553,0.03432997,0.00001632,0
57000,0.47115165,0.31518692,0.62809840,0.52676013,0.33599192,0.00000881,0
58000,0.30983782,0.00141208,-0.14919546,-1.02876019,0.00000000,0.00001135,0
59000,0.28189439,0.51880914,-0.27803286,1.56856624,1.23020003,0.00196763,0
60000,0.43278441,0.01553009,0.47094039,-0.95201995,0.11089243,0.00117426,0
61000,0.23570439,0.19672954,-0.49226981,-0.03224893,0.00000000,0.00002020,0
62000,0.29445800,0.78958404,-0.19564961,2.99035210,4.47110284,0.02995274,0
63000,0.22548854,0.31905645,-0.53043181,0.60668578,0.18403382,0.00034860,0
64000,0.21688770,0.19976255,-0.56758264,0.00415530,0.00000863,0.00356912,0
65000,0.21911544,0.15199175,-0.55007075,-0.23534528,0.00000000,0.00015896,0
66000,0.30093747,0.38559192,-0.13279012,0.98000841,0.48020824,0.00000998,0
67000,0.39727071,0.17671840,0.35926095,-0.09526140,0.06453421,0.00001947,0
68000,0.25757936,0.01374666,-0.33630877,-0.93955649,0.00000000,0.00078049,0
69000,0.30562443,0.02871132,-0.08655488,-0.85743555,0.00000000,0.00330251,0
70000,0.32362759,0.34534043,0.01145360,0.81196545,0.32970954,0.00115753,0
71000,0.25895080,0.21213041,-0.31536913,0.11494790,0.00660651,0.00495733,0
72000,0.28096610,0.04753703,-0.19832518,-0.75188843,0.00000000,0.00066830,0
73000,0.41613269,0.34769920,0.49947198,0.84981772,0.48583121,0.00010903,0
74000,0.19534625,0.13730648,-0.62223458,-0.26422141,0.00000000,0.00004009,0
75000,0.23974006,0.32717583,-0.38882282,0.75891476,0.28797581,0.00129899,0
76000,0.21624587,0.20869794,-0.50334418,0.13006696,0.00845871,0.00322607,0
77000,0.33670425,0.01164033,0.12276535,-0.92843017,0.00753567,0.00004269,0
78000,0.19983540,0.09688855,-0.57709726,-0.46366469,0.00000000,0.00040082,0
79000,0.24959897,0.10174125,-0.31329100,-0.43288215,0.00000000,0.00001136,0
80000,0.30311668,0.35330260,-0.02977259,0.94533821,0.44683217,0.00214133,0
81000,0.15342869,0.45645183,-0.80106947,1.51993106,1.15509522,0.00339987,0
82000,0.18393931,0.21324910,-0.63736529,0.19332253,0.01868680,0.00024929,0
83000,0.23197770,0.07149912,-0.38182585,-0.58306803,0.00000000,0.00159231,0
84000,0.21094009,0.28213617,-0.48664201,0.58688959,0.17221970,0.00043930,0
85000,0.25214699,0.30059379,-0.26495346,0.69726404,0.24308857,0.00720607,0
86000,0.27519488,0.17510650,-0.13784103,0.00493604,0.00001218,0.00213454,0
87000,0.48388904,0.03738621,0.96545307,-0.76075140,0.46604982,0.02377339,0
88000,0.20232718,0.03811067,-0.51113856,-0.75369512,0.00000000,0.00243508,0
89000,0.47463366,0.00400439,0.93216609,-0.94299754,0.43446681,0.00540212,0
90000,0.19719504,0.02085115,-0.52895693,-0.84647839,0.00000000,0.00104431,0
91000,0.23317571,0.02852526,-0.33378330,-0.80083805,0.00000000,0.00056161,0
92000,0.22574650,0.28398794,-0.36889078,0.65470971,0.21432240,0.01759920,0
93000,0.22139937,0.11808215,-0.38786310,-0.28554226,0.00000000,0.00275283,0
94000,0.20823342,0.16465056,-0.45358894,-0.01511977,0.00000000,0.00531099,0
95000,0.31429705,0.25721839,0.11793896,0.52152963,0.14295137,0.00070417,0
96000,0.18990350,0.16810909,-0.54264072,0.01458558,0.00010637,0.00060882,0
97000,0.25085786,0.52353287,-0.21132917,2.07386138,2.15045052,0.00886967,0
98000,0.24733624,0.28127182,-0.22526228,0.68033990,0.23143119,0.02271712,0
99000,0.37162808,0.13772561,0.44854404,-0.14790738,0.10059588,0.00686970,0
100000,0.20294324,0.45470929,-0.45544357,1.70500162,1.45351526,0.01209330,0
101000,0.22319311,0.33511120,-0.34187600,1.01446573,0.51457036,0.01951282,0
102000,0.27959004,0.10269649,-0.03219326,-0.34212508,0.00000000,0.01379422,0
103000,0.51922333,0.26315171,1.27209888,0.60609378,0.99279262,0.00149270,0
104000,0.38745585,0.14807658,0.56427024,-0.06675111,0.15920045,0.00068393,0
105000,0.26682225,0.01024683,-0.08502727,-0.87839869,0.00000000,0.00253888,0
106000,0.35441414,0.08961715,0.39722488,-0.40524768,0.07889380,0.00182413,0
107000,0.36587667,0.63111132,0.46556197,2.82271158,4.09222431,0.02121180,0
108000,0.23712604,0.08893473,-0.23219625,-0.40304952,0.00000000,0.00051032,0
109000,0.27335638,0.15005788,-0.02955992,-0.03388606,0.00000000,0.00621156,0
110000,0.35854608,0.05153220,0.44173526,-0.62149301,0.09756502,0.00323764,0
111000,0.25047436,0.39503169,-0.14619962,1.44843644,1.04898406,0.01070386,0
112000,0.50568509,0.24590655,1.26086895,0.55659718,0.94979546,0.00595156,0
113000,0.35681832,0.63170534,0.44889981,2.89763943,4.29891266,0.02350446,0
114000,0.33537108,0.21304773,0.33584129,0.36892864,0.12444886,0.00009597,0
115000,0.28071722,0.16093808,0.03936876,0.05683749,0.00239020,0.00675685,0
116000,0.42289907,0.08841392,0.82952903,-0.38179153,0.34405920,0.00750717,0
117000,0.32560185,0.13496025,0.29627364,-0.09449615,0.04388904,0.00027206,0
118000,0.54810947,0.17920776,1.53425168,0.18071247,1.19329261,0.00104018,0
119000,0.23632257,0.42752469,-0.18894000,1.71192726,1.46534747,0.00510831,0
120000,0.23982060,0.71884632,-0.16481057,3.51589435,6.18075654,0.04347716,0
121000,0.33755806,0.36181560,0.38320183,1.32234162,0.94771550,0.01420430,0
122000,0.36392447,0.32262370,0.53490233,1.08682342,0.73365283,0.00002498,0
123000,0.33049455,0.23242342,0.35370802,0.53334609,0.20478371,0.00009698,0
124000,0.26576728,0.25274542,-0.00335473,0.66514892,0.22121155,0.01404845,0
125000,0.28237602,0.02885159,0.09340033,-0.72717660,0.00436181,0.03541969,0
126000,0.30495518,0.18348350,0.22415224,0.24207220,0.05442159,0.00056456,0
127000,0.38170379,0.34219778,0.65898154,1.24154518,0.98784556,0.00084810,0
128000,0.30750892,0.25630626,0.24733399,0.70826347,0.28140563,0.01722361,0
129000,0.30724162,0.01555892,0.25034061,-0.80356509,0.03133521,0.00442189,0
130000,0.26748890,0.23184489,0.03103858,0.56478896,0.15997498,0.00164340,0
131000,0.33048275,0.27054238,0.38998114,0.81439326,0.40766083,0.00035451,0
132000,0.33452526,0.06857232,0.41692116,-0.46230280,0.08691163,0.01930269,0
133000,0.37532318,0.29533088,0.65220236,0.98301082,0.69583910,0.00200559,0
134000,0.27235529,0.51767039,0.07417794,2.40689923,2.89933313,0.01128087,0
135000,0.27698934,0.06628959,0.10421783,-0.46996577,0.00543068,0.00424666,0
136000,0.28534925,0.59875280,0.15560489,2.94450834,4.34717111,0.02694721,0
137000,0.22006093,0.30311292,-0.21149360,1.05561363,0.55716007,0.00028966,0
138000,0.17606543,0.03763764,-0.45840457,-0.64776608,0.00000000,0.00067890,0
139000,0.10382307,0.14016047,-0.86695030,0.01548900,0.00011995,0.01025562,0
140000,0.43384978,0.46733040,1.01894046,2.13465109,2.79748746,0.00809216,0
141000,0.29648051,0.19091059,0.23901407,0.35076221,0.09008093,0.00751101,0
142000,0.40559846,0.32115221,0.86701987,1.20077904,1.09679688,0.01087292,0
143000,0.26139218,0.49678221,0.04556065,2.34979024,2.76179498,0.01026606,0
144000,0.32647407,0.56249422,0.42243053,2.78655066,3.97165607,0.02320460,0
145000,0.22054651,0.03358072,-0.18196869,-0.66324041,0.00000000,0.01052439,0
146000,0.41222522,0.47595620,0.92336401,2.23753791,2.92958850,0.01014034,0
147000,0.22986174,0.33441719,-0.12155135,1.31577192,0.86562788,0.04780780,0
148000,0.30375481,0.21412106,0.30736360,0.52952590,0.18743503,0.00453266,0
149000,0.37260884,0.12125437,0.70828404,-0.07910964,0.25083314,0.01813421,0
150000,0.19936593,0.06949644,-0.28855930,-0.41837428,0.00000000,0.00133945,0
151000,0.31887531,0.14916420,0.40603567,0.11142693,0.08864046,0.00635574,0
152000,0.37877396,0.08139659,0.75676534,-0.33542283,0.28634689,0.01345345,0
153000,0.26793784,0.07905769,0.11789553,-0.34902848,0.00694968,0.00952405,0
154000,0.16767080,0.08452705,-0.46152722,-0.31046592,0.00000000,0.00471264,0
155000,0.24235395,0.38093191,-0.02443996,1.67234987,1.39837704,0.02594489,0
156000,0.35421383,0.17477374,0.63061821,0.29804951,0.24325642,0.03378451,0
157000,0.15112807,0.03427776,-0.54980389,-0.64141126,0.00000000,0.01112332,0
158000,0.23230463,0.30566263,-0.07316668,1.18468081,0.70173431,0.01895385,0
159000,0.27432892,0.40463048,0.17542672,1.85658436,1.73884000,0.00104158,0
160000,0.42639640,0.40538692,1.06905832,1.86832680,2.31676536,0.02095417,0
161000,0.24889210,0.07746764,0.03323590,-0.34386240,0.00055231,0.02167522,0
162000,0.47647560,0.02671871,1.36805496,-0.68873072,0.93578719,0.03979254,0
163000,0.25858214,0.17651309,0.08975163,0.32702375,0.05749994,0.00221026,0
164000,0.25217253,0.04810813,0.05284901,-0.54505855,0.00139651,0.00899630,0
165000,0.18665926,0.19697288,-0.33301128,0.46966835,0.11029418,0.00277584,0
166000,0.22205780,0.07639692,-0.12385061,-0.35165204,0.00000000,0.06287274,0
167000,0.34788916,0.15562040,0.62328414,0.19124635,0.21252914,0.05692748,0
168000,0.19787417,0.00807460,-0.26674277,-0.81922714,0.00000000,0.06099563,0
169000,0.17276472,0.10550769,-0.41622996,-0.14993007,0.00000000,0.03417473,0
170000,0.15994042,0.13902798,-0.49256929,0.08184784,0.00334953,0.01051939,0
171000,0.25888139,0.20755215,0.09894150,0.55590668,0.15941083,0.06398896,0
172000,0.66267717,0.97158414,2.51520710,5.83650605,20.19553479,0.63935096,0
173000,0.41693130,0.56100965,1.04494717,3.00497981,5.06090913,0.06629871,0
174000,0.26394871,0.09274134,0.12854867,-0.23563377,0.00826238,0.07173121,0
175000,0.11881223,0.01029253,-0.74247882,-0.80729495,0.00000000,0.08698459,0
176000,0.16967723,0.00565883,-0.43725481,-0.83978207,0.00000000,0.13512998,0
177000,0.11434292,0.04627072,-0.77133019,-0.55701521,0.00000000,0.04511224,0
178000,0.21877410,0.00009518,-0.14085624,-0.87918213,0.00000000,0.00431993,0
179000,0.27535382,0.06714510,0.20244052,-0.40999790,0.02049108,0.00177089,0
180000,0.18708284,0.08570854,-0.33165775,-0.27924032,0.00000000,0.05644302,0
181000,0.21496680,0.03019472,-0.16209479,-0.66838628,0.00000000,0.03040770,0
182000,0.16846304,0.03070676,-0.44408536,-0.66457489,0.00000000,0.01596734,0
183000,0.21110035,0.05696335,-0.18372573,-0.47884331,0.00000000,0.02347462,0
184000,0.21031657,0.05794235,-0.18704786,-0.47094853,0.00000000,0.00334181,0
185000,0.54894769,0.78637320,1.88200568,4.68346677,12.73840317,0.32287746,0
186000,0.21813411,0.09692433,-0.13709854,-0.19306635,0.00000000,0.00128414,0
187000,0.15198155,0.07448732,-0.54078006,-0.35079914,0.00000000,0.01197176,0
188000,0.18444785,0.13485846,-0.34095750,0.07960544,0.00316851,0.01030723,0
189000,0.17424354,0.15274088,-0.40248189,0.20908217,0.02185768,0.00986401,0
190000,0.18603097,0.16104953,-0.32926281,0.27049463,0.03658367,0.00891775,0
191000,0.19789243,0.27948833,-0.25576968,1.11940712,0.62653615,0.06623602,0
192000,0.16881855,0.31575608,-0.43478109,1.38289095,0.95619370,0.06163310,0
193000,0.21517983,0.22751065,-0.14766299,0.75369206,0.28402586,0.07814356,0
194000,0.13511263,0.15529290,-0.64267507,0.23736744,0.02817165,0.03167905,0
195000,0.24414723,0.11723721,0.03249047,-0.03473749,0.00052782,0.03522704,0
196000,0.24454831,0.05696407,0.03587350,-0.46794677,0.00064345,0.00302100,0
197000,0.18845482,0.04025857,-0.31077061,-0.58723355,0.00000000,0.05404668,0
198000,0.16508931,0.04999661,-0.45427606,-0.51540411,0.00000000,0.00475670,0
199000,0.19452848,0.18186867,-0.26988310,0.44201115,0.09768693,0.00051863,0
200000,0.19201487,0.06398635,-0.28420880,-0.41107557,0.00000000,0.03130556,0
201000,0.18575011,0.02347035,-0.32211673,-0.70446419,0.00000000,0.05145527,0
202000,0.20423038,0.22056976,-0.20588261,0.73246570,0.26825300,0.01092334,0
203000,0.17007972,0.05486390,-0.41863128,-0.47376211,0.00000000,0.00479576,0
204000,0.21793403,0.15540721,-0.11765580,0.26235740,0.03441570,0.02711893,0
205000,0.18480211,0.02308388,-0.32440968,-0.70438425,0.00000000,0.01441087,0
206000,0.19613315,0.03192670,-0.25233939,-0.63897314,0.00000000,0.01077541,0
207000,0.17610079,0.08274900,-0.37706068,-0.26484854,0.00000000,0.00022551,0
208000,0.17979410,0.18661165,-0.35254724,0.50098008,0.12549052,0.00120393,0
209000,0.19089535,0.06075166,-0.28130437,-0.42426727,0.00000000,0.02189872,0
210000,0.18641590,0.07337537,-0.30807247,-0.32991041,0.00000000,0.00114266,0
211000,0.17410946,0.00195129,-0.38436914,-0.85690267,0.00000000,0.00166063,0
212000,0.12487248,0.09939568,-0.69458968,-0.13452578,0.00000000,0.00010845,0
213000,0.26244470,0.03795618,0.17870673,-0.58872701,0.01596805,0.01341978,0
214000,0.19737037,0.08166559,-0.23231144,-0.26290677,0.00000000,0.00001589,0
215000,0.24440879,0.09390997,0.06799630,-0.17046683,0.00231175,0.02616091,0
216000,0.19597846,0.03845019,-0.23754290,-0.58218208,0.00000000,0.00230536,0
217000,0.24039300,0.03205497,0.04673514,-0.62880449,0.00109209,0.01883958,0
218000,0.15690166,0.09317274,-0.48385636,-0.17097147,0.00000000,0.01634155,0
219000,0.37728420,0.00478757,0.92274230,-0.83147041,0.42572668,0.00514416,0
220000,0.15109858,0.13429600,-0.51930950,0.14077473,0.00990876,0.00653783,0
221000,0.31908813,0.08385368,0.55587908,-0.23596035,0.15450077,0.01509091,0
222000,0.39497188,0.17696677,1.04434311,0.46649071,0.65413305,0.00097382,0
223000,0.33120966,0.14421852,0.63901171,0.22234464,0.22888655,0.00095198,0
224000,0.17353454,0.12811351,-0.36952749,0.10285302,0.00528937,0.03786085,0
225000,0.18985246,0.06814015,-0.26338758,-0.34845686,0.00000000,0.00122755,0
226000,0.12632832,0.17179827,-0.66992074,0.43767794,0.09578099,0.00099396,0
227000,0.15676068,0.14669004,-0.47315115,0.24991502,0.03122876,0.00069112,0
228000,0.11891954,0.19646370,-0.71508663,0.63025289,0.19860935,0.00418390,0
229000,0.21452415,0.23614520,-0.09815879,0.93484097,0.43696382,0.14087836,0
230000,0.09136686,0.04357191,-0.89090014,-0.52835149,0.00000000,0.00908385,0
231000,0.12444760,0.04645794,-0.67626473,-0.50507587,0.00000000,0.00519346,0
232000,0.17444566,0.03379325,-0.35153039,-0.60041705,0.00000000,0.00125583,0
233000,0.13394056,0.07459396,-0.61163724,-0.28711647,0.00000000,0.00004983,0
234000,0.18880838,0.04353787,-0.25505202,-0.52334493,0.00000000,0.00064104,0
235000,0.15592483,0.12415199,-0.46646744,0.09642223,0.00464862,0.00038767,0
236000,0.09539194,0.05257610,-0.85879649,-0.45209148,0.00000000,0.00394548,0
237000,0.28035110,0.07233425,0.34068378,-0.29979352,0.05803272,0.03104007,0
238000,0.72344172,0.60829258,3.21732977,3.82476572,12.49002183,0.39916053,0
239000,0.12605461,0.03067576,-0.66411707,-0.62071433,0.00000000,0.00269174,0
240000,0.34202591,0.37048966,0.73978025,2.00027197,2.27418140,0.28776860,0
241000,0.17044906,0.00334123,-0.37666360,-0.83187539,0.00000000,0.00110664,0
242000,0.18965250,0.00869078,-0.25087586,-0.78970260,0.00000000,0.00025505,0
243000,0.19256236,0.05983635,-0.23259863,-0.39377476,0.00000000,0.39474766,0
244000,0.19161783,0.11760771,-0.23842553,0.05538347,0.00153366,0.00005303,0
245000,0.15612493,0.14423679,-0.47006698,0.26422162,0.03490653,0.00001024,0
246000,0.14539653,0.06824131,-0.53994741,-0.32459609,0.00000000,0.00007445,0
247000,0.19862548,0.10565700,-0.19007001,-0.03181392,0.00000000,0.00004929,0
248000,0.19517934,0.14378150,-0.21130383,0.26748425,0.03577391,0.00000000,0
249000,0.15013804,0.15780500,-0.50583141,0.37933979,0.07194934,0.00000026,0
250000,0.11655718,0.20986009,-0.72495688,0.78893661,0.31121049,0.00000232,0
251000,0.12628229,0.13922361,-0.65925960,0.23895958,0.02855084,0.00000008,0
252000,0.10475984,0.03935794,-0.79974764,-0.54164191,0.00000000,0.00130872,0
253000,0.13555181,0.02660459,-0.59510045,-0.64040594,0.00000000,0.00000497,0
254000,0.16520570,0.21583608,-0.39763438,0.84837676,0.35987156,0.00724147,0
255000,0.16275054,0.06804083,-0.41223761,-0.31191551,0.00000000,0.00005060,0
256000,0.16019361,0.07934460,-0.42778327,-0.22132998,0.00000000,0.00135315,0
257000,0.16815278,0.02992760,-0.37361393,-0.60973974,0.00000000,0.00002645,0
258000,0.23530358,0.06173721,0.07162733,-0.35792558,0.00256524,0.02244318,0
259000,0.20329492,0.03688984,-0.13989996,-0.55336220,0.00000000,0.00046231,0
260000,0.15491022,0.12907803,-0.46000469,0.17833030,0.01590085,0.00059960,0
261000,0.17348959,0.06283460,-0.33505854,-0.34504533,0.00000000,0.00000084,0
262000,0.25149235,0.08160232,0.18585352,-0.19449512,0.01727076,0.00000002,0
263000,0.14086623,0.10369698,-0.54991428,-0.01734486,0.00000000,0.00020566,0
264000,0.15231875,0.04097230,-0.47204366,-0.51505168,0.00000000,0.00000252,0
265000,0.22251022,0.17754291,-0.00222552,0.57524157,0.16545143,0.00881264,0
266000,0.15440542,0.01834353,-0.45571664,-0.69340274,0.00000000,0.00099281,0
267000,0.14741142,0.00347635,-0.50148216,-0.81146219,0.00000000,0.00037455,0
268000,0.19703196,0.00615760,-0.16762419,-0.78901796,0.00000000,0.02364336,0
269000,0.14727084,0.02989972,-0.49984442,-0.59792879,0.00000000,0.01274574,0
270000,0.17784916,0.06181479,-0.29394357,-0.34090756,0.00000000,0.00195093,0
271000,0.15774064,0.02737440,-0.42782397,-0.61650585,0.00000000,0.03571218,0
272000,0.18766257,0.01408851,-0.22574991,-0.72250412,0.00000000,0.00573885,0
273000,0.09531634,0.02964780,-0.84541220,-0.59619772,0.00000000,0.00109428,0
274000,0.08814272,0.02010161,-0.89263594,-0.67205747,0.00000000,0.00000046,0
275000,0.14393307,0.13018441,-0.51580806,0.21801468,0.02376520,0.00581389,0
276000,0.11261083,0.03993290,-0.72575440,-0.50959140,0.00000000,0.00120850,0
277000,0.10766172,0.03353725,-0.75787851,-0.56006909,0.00000000,0.00101656,0
278000,0.14992040,0.06125290,-0.47100109,-0.33416839,0.00000000,0.00000004,0
279000,0.11936215,0.08349755,-0.67577363,-0.15211713,0.00000000,0.00166617,0
280000,0.15232655,0.03922576,-0.45137730,-0.51017463,0.00000000,0.00855706,0
281000,0.11536241,0.07564235,-0.70020800,-0.21270674,0.00000000,0.00017020,0
282000,0.11056371,0.18595476,-0.73109388,0.68733608,0.23621544,0.00317131,0
283000,0.15306756,0.11403266,-0.44185752,0.10360349,0.00536684,0.00009447,0
284000,0.12387018,0.08051357,-0.63911871,-0.16808366,0.00000000,0.00030438,0
285000,0.31044585,0.18023859,0.62901000,0.64848851,0.40809547,0.00463507,0
286000,0.43998802,0.25989538,1.51159001,1.30274167,1.99102010,0.00126652,0
287000,0.16508974,0.04008893,-0.35550931,-0.49448250,0.00000000,0.00028219,0
288000,0.22297683,0.01185719,0.04020394,-0.72474741,0.00080818,0.00000001,0
289000,0.14956929,0.16173682,-0.45811952,0.50682957,0.12843811,0.00064910,0
290000,0.13226438,0.11609615,-0.57508888,0.13391575,0.00896671,0.00018709,0
291000,0.12230232,0.04549692,-0.64209643,-0.44533980,0.00000000,0.00779678,0
292000,0.09595870,0.06370009,-0.82105601,-0.29418571,0.00000000,0.00001884,0
293000,0.12435035,0.03948721,-0.62609507,-0.49253831,0.00000000,0.00484098,0
294000,0.14908341,0.18853715,-0.45594154,0.73962366,0.27352158,0.00002746,0
295000,0.14129539,0.08870799,-0.50822931,-0.08332052,0.00000000,0.00002344,0
296000,0.45251492,0.13689747,1.62336096,0.31619003,1.36763847,0.39516840,0
297000,0.16688769,0.18077120,-0.33240370,0.68168233,0.23234540,0.01850093,0
298000,0.18251526,0.28142321,-0.22423579,1.51893646,1.15358399,0.00583967,0
299000,0.13857780,0.14677545,-0.52448013,0.40404444,0.08162596,0.00352523,0
300000,0.27612206,0.21907450,0.42160099,1.00733574,0.59623635,0.00023631,0
301000,0.40464175,0.22511248,1.30716537,1.06044733,1.41661492,0.00301054,0
302000,0.34698963,0.08298544,0.91293094,-0.12113742,0.41672145,0.01101983,0
303000,0.17908733,0.10964781,-0.24099823,0.10281242,0.00528520,0.00240981,0
304000,0.13770756,0.10529997,-0.52470751,0.06825012,0.00232904,0.00000068,0
305000,0.13968773,0.05442775,-0.50973831,-0.35540164,0.00000000,0.00062942,0
306000,0.12006837,0.03933857,-0.64379094,-0.48042388,0.00000000,0.00006885,0
307000,0.09533680,0.07743068,-0.81332305,-0.16005774,0.00000000,0.00498468,0
308000,0.11235248,0.09409052,-0.69459200,-0.01872080,0.00000000,0.00029496,0
309000,0.12080689,0.03916189,-0.63509851,-0.47840110,0.00000000,0.00065959,0
310000,0.36393890,0.10451446,1.04716970,0.07166612,0.55085021,0.31579212,0
311000,0.14732504,0.03444318,-0.44997162,-0.51637018,0.00000000,0.00012059,0
312000,0.20171762,0.06397090,-0.07209990,-0.26692194,0.00000000,0.00040373,0
313000,0.11464319,0.11351243,-0.67397295,0.15226245,0.01159193,0.00088782,0
314000,0.11996175,0.02811364,-0.63579496,-0.56697402,0.00000000,0.00029327,0
315000,0.21563503,0.03759671,0.02938469,-0.48576415,0.00043173,0.00076944,0
316000,0.11936632,0.03304272,-0.63744657,-0.52315315,0.00000000,0.00110490,0
317000,0.10654532,0.05430724,-0.72538998,-0.34207035,0.00000000,0.00071117,0
318000,0.10908984,0.03068295,-0.70650279,-0.54111667,0.00000000,0.00003284,0
319000,0.09466405,0.09237423,-0.80604398,-0.01644944,0.00000000,0.00000479,0
320000,0.26732025,0.19138582,0.39662950,0.82618935,0.41995190,0.17731706,0
321000,0.16680554,0.02708135,-0.30192951,-0.56900117,0.00000000,0.00001276,0
322000,0.11146365,0.01267659,-0.68690171,-0.69083625,0.00000000,0.03567344,0
323000,0.26771757,0.06915829,0.40444743,-0.20861758,0.08178886,0.00004287,0
324000,0.09391667,0.05988393,-0.80741609,-0.28643686,0.00000000,0.00000041,0
325000,0.11455832,0.01311757,-0.66219459,-0.68470393,0.00000000,0.00000139,0
326000,0.10045543,0.01707216,-0.75962734,-0.65005956,0.00000000,0.00784130,0
327000,0.07246131,0.03011176,-0.95447155,-0.53757905,0.00000000,0.00001063,0
328000,0.09865266,0.12901351,-0.77058383,0.31073482,0.04827806,0.14594656,0
329000,0.08841662,0.03734015,-0.84108538,-0.47380059,0.00000000,0.00000630,0
330000,0.11466895,0.08889404,-0.65550529,-0.02994273,0.00000000,0.00000088,0
331000,0.08291604,0.01404582,-0.87660841,-0.67193900,0.00000000,0.00063006,0
332000,0.12027461,0.05017276,-0.61325938,-0.36014143,0.00000000,0.01639439,0
333000,0.26996008,0.02657703,0.43697077,-0.56345303,0.09547173,0.47935433,0
334000,0.12197207,0.11847923,-0.60101496,0.22965548,0.02637082,0.00002908,0
335000,0.11966646,0.02009747,-0.61598332,-0.61784659,0.00000000,0.00000000,0
336000,0.11866879,0.08948928,-0.62160515,-0.01751619,0.00000000,0.00158387,0
337000,0.27272326,0.15604225,0.46364117,0.55927228,0.26387431,0.01602192,0
338000,0.14963913,0.04544654,-0.40151163,-0.39639778,0.00000000,0.00000284,0
339000,0.19894652,0.17505762,-0.05269984,0.72804555,0.26502516,0.00014915,0
340000,0.13258348,0.06498712,-0.51904442,-0.22487429,0.00000000,0.00002293,0
341000,0.11522367,0.01617822,-0.64008862,-0.64761677,0.00000000,0.00003862,0
342000,0.16525556,0.22577511,-0.28574548,1.17555073,0.69095976,0.00220131,0
343000,0.15276368,0.00031129,-0.37243399,-0.78422570,0.00000000,0.00001705,0
344000,0.17351831,0.03135335,-0.22435630,-0.51315692,0.00000000,0.00794680,0
345000,0.15487817,0.08198007,-0.35474714,-0.07072033,0.00000000,0.00008422,0
346000,0.12815829,0.09583852,-0.54229669,0.05165808,0.00133428,0.00000043,0
347000,0.12708001,0.12189304,-0.54860638,0.28083168,0.03943322,0.00029793,0
348000,0.09595383,0.01565325,-0.76783352,-0.64707252,0.00000000,0.00771559,0
349000,0.12831289,0.08642288,-0.53746045,-0.02669816,0.00000000,0.00258567,0
350000,0.07619858,0.03732442,-0.90552642,-0.45578248,0.00000000,0.00000125,0
351000,0.09426438,0.00975239,-0.77624807,-0.69688680,0.00000000,0.00477286,0
352000,0.10402686,0.00989932,-0.70580679,-0.69488943,0.00000000,0.01400163,0
353000,0.11072368,0.03215677,-0.65710278,-0.49855139,0.00000000,0.02812494,0
354000,0.06937324,0.05721765,-0.94968262,-0.27712104,0.00000000,0.00007992,0
355000,0.13375928,0.06769521,-0.49131732,-0.18390879,0.00000000,0.05654969,0
356000,0.09355009,0.06018438,-0.77617989,-0.24890950,0.00000000,0.02019403,0
357000,0.09273665,0.12892884,-0.78059928,0.35916357,0.06449924,0.00000178,0
358000,0.12275955,0.21163096,-0.56563396,1.09167814,0.59588058,0.00166442,0
359000,0.37491518,0.31126970,1.23252551,1.97524863,2.71036314,1.65302708,0
360000,0.17345785,0.17659046,-0.20229914,0.78591221,0.30882900,0.08951690,0
361000,0.15709230,0.15996768,-0.31772513,0.64074499,0.20527707,0.00588995,0
362000,0.39633331,0.13538308,1.39158080,0.42447068,1.05833624,0.03510898,0
363000,0.09665430,0.06815769,-0.74740505,-0.17085973,0.00000000,0.01141949,0
364000,0.12161706,0.01401833,-0.56823974,-0.65114286,0.00000000,0.00260332,0
365000,0.19985627,0.04234638,-0.00748891,-0.39849180,0.00000000,0.00042072,0
366000,0.12783442,0.04169888,-0.52177267,-0.40346716,0.00000000,0.00849331,0
367000,0.16091742,0.17697008,-0.28392668,0.80324694,0.32260283,0.04575067,0
368000,0.12576504,0.03244756,-0.53490453,-0.48449767,0.00000000,0.00019087,0
369000,0.23146026,0.10468608,0.22389838,0.16151434,0.03810868,0.01063439,0
370000,0.12927788,0.02318539,-0.50788841,-0.56580285,0.00000000,0.00083550,0
371000,0.17470500,0.02588512,-0.18088483,-0.54102972,0.00000000,0.00586279,0
372000,0.09665883,0.03486636,-0.74037186,-0.45987909,0.00000000,0.00068355,0
373000,0.14621988,0.03979244,-0.38308430,-0.41492001,0.00000000,0.00284414,0
374000,0.12658268,0.01276275,-0.52329739,-0.65671592,0.00000000,0.00313692,0
375000,0.09392313,0.08278245,-0.75746652,-0.02708687,0.00000000,0.00014057,0
376000,0.14983171,0.00360937,-0.35399073,-0.73796666,0.00000000,0.00308953,0
377000,0.13920406,0.07091965,-0.42929714,-0.13151349,0.00000000,0.01327842,0
378000,0.12177713,0.00561577,-0.55377095,-0.71889215,0.00000000,0.00077769,0
379000,0.11077163,0.10706747,-0.63216479,0.19675122,0.01935552,0.03491274,0
380000,0.12611337,0.02503452,-0.52046061,-0.54251204,0.00000000,0.00000259,0
381000,0.12533975,0.04728061,-0.52510048,-0.34079370,0.00000000,0.00582302,0
382000,0.06309289,0.06295664,-0.97426977,-0.19815907,0.00000000,0.00106538,0
383000,0.13423772,0.00491367,-0.45925404,-0.72263120,0.00000000,0.00001234,0
384000,0.12836877,0.02532371,-0.50112164,-0.53714472,0.00000000,0.01548407,0
385000,0.12762380,0.08454529,-0.50581400,0.00075535,0.00000029,0.00651833,0
386000,0.10934265,0.07153009,-0.63764953,-0.11623405,0.00000000,0.00006980,0
387000,0.10300405,0.03859636,-0.68292815,-0.41444035,0.00000000,0.00824794,0
388000,0.08137219,0.05508164,-0.83934441,-0.26370631,0.00000000,0.00100230,0
389000,0.10708853,0.05049495,-0.65221032,-0.30458422,0.00000000,0.03599074,0
390000,0.07254181,0.00138175,-0.90258894,-0.75135909,0.00000000,0.00110331,0
391000,0.14402767,0.10179420,-0.38236023,0.16505758,0.01362200,0.00031762,0
392000,0.12518880,0.04146268,-0.51856781,-0.38453000,0.00000000,0.02308039,0
393000,0.08517916,0.07549067,-0.80918209,-0.07279448,0.00000000,0.01763074,0
394000,0.11190364,0.00299251,-0.61390252,-0.73494625,0.00000000,0.05426124,0
395000,0.12690641,0.03443838,-0.50385157,-0.44651891,0.00000000,0.00205353,0
396000,0.09755194,0.12484559,-0.71715006,0.38272794,0.07324034,0.00239153,0
397000,0.10399782,0.05724666,-0.66957126,-0.23590460,0.00000000,0.00966324,0
398000,0.08683581,0.09943555,-0.79418573,0.15240483,0.01161362,0.00555851,0
399000,0.11166410,0.00166230,-0.61229581,-0.74490154,0.00000000,0.02831447,0
400000,0.12644674,0.05275658,-0.50355238,-0.27448404,0.00000000,0.05129409,0
401000,0.09129636,0.04076824,-0.75993744,-0.38400069,0.00000000,0.02549535,0
402000,0.09965131,0.07522190,-0.69807378,-0.06574856,0.00000000,0.00895512,0
403000,0.11045456,0.07037019,-0.61835455,-0.10944582,0.00000000,0.00046776,0
404000,0.11770370,0.02757814,-0.56489484,-0.50365496,0.00000000,0.02748340,0
405000,0.10224991,0.01953530,-0.67769829,-0.57739940,0.00000000,0.04411636,0
406000,0.16031314,0.08431192,-0.25128846,0.02216778,0.00024571,0.00840865,0
407000,0.10334176,0.04860042,-0.66880971,-0.30739084,0.00000000,0.00657583,0
408000,0.07426293,0.04648371,-0.88190159,-0.32623332,0.00000000,0.01689045,0
409000,0.06952358,0.09405234,-0.91606205,0.11572977,0.00669669,0.01600404,0
410000,0.33540514,0.06053998,1.03931356,-0.19418865,0.54008634,0.00060386,0
411000,0.15097935,0.01727795,-0.31597136,-0.59526499,0.00000000,0.00591394,0
412000,0.09835826,0.07568332,-0.70239678,-0.05160583,0.00000000,0.03933728,0
413000,0.18599138,0.04609049,-0.05631114,-0.32603667,0.00000000,0.01848690,0
414000,0.33667466,0.06663129,1.05485973,-0.13397398,0.55636452,0.02161758,0
415000,0.21987283,0.09778466,0.19537154,0.15740682,0.03147347,0.01372601,0
416000,0.70946747,0.29796246,3.80704966,2.02643180,9.30002646,1.31146622,0
417000,0.15131752,0.06424910,-0.30866490,-0.15374681,0.00000000,0.07947338,0
418000,0.12924384,0.11049771,-0.47094647,0.27941647,0.03903678,0.05603745,0
419000,0.22244315,0.04270160,0.21814799,-0.35363321,0.02379427,0.02610673,0
420000,0.12547667,0.08211961,-0.49736690,0.01622110,0.00013156,0.06487754,0
421000,0.11596792,0.00086101,-0.56691283,-0.74439008,0.00000000,0.00804360,0
422000,0.08681776,0.04473867,-0.78192970,-0.33248444,0.00000000,0.01676219,0
423000,0.10654690,0.08700807,-0.63531852,0.06508925,0.00211831,0.00132682,0
424000,0.08946817,0.00791539,-0.76129806,-0.67716292,0.00000000,0.05312664,0
425000,0.09936877,0.05867099,-0.68744595,-0.19941336,0.00000000,0.00356205,0
426000,0.14080907,0.04446073,-0.37945976,-0.33228172,0.00000000,0.00105835,0
427000,0.10514621,0.05346607,-0.64304284,-0.24672400,0.00000000,0.00318083,0
428000,0.13790493,0.05227066,-0.39917267,-0.25718184,0.00000000,0.04008191,0
429000,0.09648851,0.04390900,-0.70570145,-0.33534259,0.00000000,0.00526926,0
430000,0.11297620,0.01315483,-0.58257925,-0.62520332,0.00000000,0.01794939,0
431000,0.08464062,0.01526949,-0.79228867,-0.60478612,0.00000000,0.04876346,0
432000,0.07172185,0.08491737,-0.88760830,0.05461573,0.00149144,0.02241401,0
433000,0.12274420,0.07608060,-0.50767197,-0.02812120,0.00000000,0.15276242,0
434000,0.13678552,0.03628545,-0.40254362,-0.40438500,0.00000000,0.00796471,0
435000,0.10474221,0.00455605,-0.64035983,-0.70482004,0.00000000,0.04056497,0
436000,0.14600132,0.05343441,-0.33230252,-0.24036019,0.00000000,0.01110728,0
437000,0.13191050,0.03452775,-0.43625815,-0.41920713,0.00000000,0.00196506,0
438000,0.12371640,0.07384770,-0.49649039,-0.04466070,0.00000000,0.05587289,0
439000,0.08354677,0.13164605,-0.79526670,0.50633612,0.12818813,0.07806039,0
440000,0.25543398,0.22746027,0.48749958,1.42037876,1.12756583,0.05024820,0
441000,0.08793293,0.06252889,-0.76124370,-0.14991384,0.00000000,0.00559575,0
442000,0.13256960,0.02985618,-0.42716034,-0.46079187,0.00000000,0.04846077,0
443000,0.14311343,0.01754029,-0.34745234,-0.57781166,0.00000000,0.01163476,0
444000,0.28320900,0.23661469,0.70045712,1.51658259,1.39533147,0.00306452,0
445000,0.13142335,0.03056549,-0.43276830,-0.45219407,0.00000000,0.01360146,0
446000,0.25098214,0.01471042,0.46237324,-0.60338308,0.10689451,0.00998614,0
447000,0.31806055,0.00484298,0.96553961,-0.69743802,0.46613337,0.02029346,0
448000,0.13539861,0.02312106,-0.40018985,-0.52170692,0.00000000,0.00284461,0
449000,0.17068601,0.05344005,-0.13495994,-0.23018741,0.00000000,0.01473250,0
450000,0.20933402,0.17307612,0.15553384,0.91965883,0.43498157,0.00986363,0
451000,0.08789326,0.17253511,-0.75384844,0.91612954,0.41964667,0.00669705,0
452000,0.14459798,0.08705781,-0.32803507,0.09540750,0.00455130,0.00961174,0
453000,0.08371221,0.04127149,-0.78417660,-0.34449921,0.00000000,0.02672801,0
454000,0.14480533,0.04368414,-0.32492126,-0.32065905,0.00000000,0.07240036,0
455000,0.13241504,0.06798694,-0.41711135,-0.08557841,0.00000000,0.06317925,0
456000,0.26764512,0.01908835,0.59978070,-0.55680988,0.17986844,0.09442696,0
457000,0.05890125,0.05544239,-0.96826674,-0.20511936,0.00000000,0.02437952,0
458000,0.09803909,0.00232352,-0.67342901,-0.71789377,0.00000000,0.02754294,0
459000,0.65490651,0.11722649,0.00000000,0.00000000,0.00000000,0.00000000,0
460000,0.15549634,0.11422826,-0.01720675,0.51837016,0.13435381,0.06146483,0
461000,0.09643290,0.07087833,-0.44352639,0.23090801,0.02665926,0.10432458,0
462000,0.36466908,0.06436998,2.52678661,0.27513502,3.23017492,0.09526409,0
463000,0.19027111,0.01056972,0.74116620,-0.56842113,0.27466367,0.49486039,0
464000,0.07878511,0.12887867,-0.52032024,1.62676156,1.32317658,0.50302377,0
465000,0.10543332,0.01591455,-0.17621999,-0.46563534,0.00000000,0.25966633,0
466000,0.13668606,0.01639900,0.25530362,-0.44823133,0.03258997,0.19802916,0
467000,0.12462463,0.04653220,0.13685347,0.21206869,0.03185100,0.10944644,0
468000,0.29936299,0.00797947,2.51934322,-0.62752675,3.17354513,0.34149008,0
469000,0.10290538,0.02063763,-0.11234375,-0.33592616,0.00000000,0.49614027,0
470000,0.21023487,0.05726514,1.41332291,0.54628465,1.14795428,0.38256077,0
471000,0.24140157,0.02345551,1.89341843,-0.26439254,1.79251668,0.99171501,0
472000,0.13445970,0.14349581,0.37536862,2.77044825,3.90814257,1.10870969,0
473000,0.12911606,0.05466027,0.30854482,0.54501793,0.19612223,0.53927093,0
474000,0.11130619,0.04607678,0.06187760,0.34073252,0.05996374,0.32222076,0
475000,0.09567472,0.04193188,-0.16728363,0.24398460,0.02976424,0.18594568,0
476000,0.47078577,0.14571698,0.00000000,0.00000000,0.00000000,0.00000000,0
477000,0.23048462,0.12542230,0.43973144,0.94933730,0.54730253,0.02942648,0
478000,0.07763478,0.04447968,-0.78469008,-0.10386842,0.00000000,0.13091976,0
479000,0.10247879,0.04563332,-0.52237173,-0.00341899,0.00000000,0.19366339,0
480000,0.25456300,0.09797085,0.00000000,0.00000000,0.00000000,0.00000000,0
481000,0.24199687,0.04495326,0.36642321,-0.29217925,0.06713299,0.02405666,0
482000,0.16727561,0.16254212,-0.05178673,1.91067771,1.82534465,0.15789979,0
483000,0.12664713,0.01657656,-0.32184307,-0.56365343,0.00000000,0.07854269,0
484000,0.10032842,0.00395501,-0.53153646,-0.81118704,0.00000000,0.42931699,0
485000,0.15579450,0.02717741,0.05756480,-0.28547931,0.00165685,0.18716466,0
486000,0.19763480,0.03487603,0.54503566,-0.08348940,0.14853194,0.37278017,0
487000,0.29722831,0.10423303,1.65290710,1.64947444,2.72643390,0.10938989,0
488000,0.09637041,0.02392489,-0.49341150,-0.32531746,0.00000000,0.24469300,0
489000,0.28510746,0.00934152,0.00000000,0.00000000,0.00000000,0.00000000,0
490000,0.19766951,0.04897917,0.91067563,0.08693522,0.41844392,0.96367303,0
491000,0.13241510,0.02809097,0.05235426,-0.37400113,0.00137048,1.32609434,0
492000,0.20889920,0.07229690,1.26132845,1.00798286,1.30348946,0.58990253,0
493000,0.20112932,0.10385180,1.24769282,2.12065579,3.02695918,1.59570154,0
494000,0.17895837,0.02619652,0.99019983,-0.26909666,0.49024785,0.72815273,0
495000,0.08252338,0.10137912,-0.51072309,2.31576581,2.68138564,0.72979442,0
496000,0.13463360,0.14392547,0.00000000,0.00000000,0.00000000,0.00000000,0
497000,0.08678255,0.08877817,-0.41752001,2.36181696,2.78908969,0.94676228,0
498000,0.12680240,0.04217575,0.09414323,0.59690506,0.18257930,0.66948922,0
499000,0.07798714,0.05498403,-0.52401216,1.20372216,0.72447351,1.19363420,0
500000,0.11197217,0.03652678,0.00000000,0.00000000,0.00000000,0.00000000,0
501000,0.08272053,0.00547544,-0.44563620,-0.86564633,0.00000000,0.25952182,0
502000,0.07008674,0.09055182,-0.53959459,2.24537049,2.52084433,0.54935274,0
503000,0.12148945,0.01358508,0.09404897,-0.57331781,0.00442260,0.34052540,0
504000,0.08576371,0.02951274,-0.34073722,0.07041521,0.00247915,0.84847745,0
505000,0.11573715,0.02816903,0.09241857,0.02758980,0.00465119,0.62896575,0
506000,0.09339417,0.00393823,0.00000000,0.00000000,0.00000000,0.00000000,0
507000,0.10750628,0.00855111,-0.23014642,-0.78308378,0.00000000,0.49450687,0
508000,0.17314129,0.04438666,0.00000000,0.00000000,0.00000000,0.00000000,0
509000,0.12406345,0.18436432,-0.12029559,2.96657813,4.40029289,0.02400293,0
510000,0.10887355,0.03001195,-0.16301201,-0.14418584,0.00000000,0.30620545,0
511000,0.12045692,0.03373673,0.02455237,-0.00559680,0.00030141,0.96563995,0
512000,0.10508986,0.10254484,-0.12007495,2.16103377,2.33503349,0.32069321,0
513000,0.22977811,0.16909321,0.00000000,0.00000000,0.00000000,0.00000000,0
514000,0.21089712,0.07120194,0.36283349,0.37729288,0.13699903,0.12507333,0
515000,0.14573823,0.03095131,-0.04031078,-0.26427192,0.00000000,0.28278909,0
516000,0.15250264,0.06329454,0.00000000,0.00000000,0.00000000,0.00000000,0
517000,0.15122996,0.00519557,-0.24231518,-1.10411065,0.00000000,0.05677496,0
518000,0.11596313,0.12878093,-0.50261286,1.55462796,1.20843405,0.09912945,0
519000,0.19620046,0.02428798,0.50202194,-0.59644566,0.12601302,0.15422225,0
520000,0.29644936,0.08432283,0.00000000,0.00000000,0.00000000,0.00000000,0
521000,0.13256308,0.06016652,-0.09636275,0.32104977,0.05153648,0.15759991,0
522000,0.11360005,0.02416668,0.00000000,0.00000000,0.00000000,0.00000000,0
523000,0.21562862,0.01102936,-0.04080753,-0.91801886,0.00000000,0.00128597,0
524000,0.23499918,0.03468532,0.33313010,-0.48966278,0.05548783,0.02471161,0
525000,0.18392916,0.13618463,0.04044046,1.40023032,0.98114020,0.07480560,0
526000,0.17826512,0.13238966,0.08875964,1.52705834,1.16989272,0.28039446,0
527000,0.13717169,0.03021855,-0.30221109,-0.44075380,0.00000000,0.21941425,0
528000,0.14801696,0.06142377,-0.16550388,0.23142101,0.02677784,0.13214457,0
529000,0.14163755,0.02469597,-0.18930665,-0.53129283,0.00000000,0.09074586,0
530000,0.14573711,0.17717552,-0.09367364,3.00135335,4.50406096,0.16211473,0
531000,0.14783016,0.01924101,-0.04804866,-0.63213173,0.00000000,0.64274053,0
532000,0.24082094,0.03536047,0.00000000,0.00000000,0.00000000,0.00000000,0
533000,0.15508194,0.02991928,0.29498358,-0.31540248,0.04350766,0.95400065,0
534000,0.23012325,0.11012925,1.27378658,1.81736168,2.46266786,0.67952871,0
535000,0.08773874,0.07045824,-0.44110710,0.92447843,0.42733018,0.29923395,0
536000,0.07386008,0.04423514,-0.61943222,0.23774843,0.02826216,0.86035886,0
537000,0.09392853,0.08293583,-0.33258507,1.49334797,1.11504408,0.88582478,0
538000,0.10243919,0.09411516,-0.19265699,1.93421610,1.87059596,1.34751891,0
539000,0.17691541,0.08375575,0.91471175,1.67152781,1.81535141,1.51437046,0
540000,0.08662252,0.03538126,-0.39511488,0.07284496,0.00265319,0.63936552,0
541000,0.21023323,0.09256949,0.00000000,0.00000000,0.00000000,0.00000000,0
542000,0.13916078,0.21618468,-0.00178154,5.12534994,13.13460601,0.50796930,0
543000,0.14054883,0.01423924,0.09772019,-0.66072266,0.00477462,0.44959457,0
544000,0.39411688,0.23659052,0.00000000,0.00000000,0.00000000,0.00000000,0
545000,0.11835143,0.12620024,-0.20576082,1.34828218,0.90893242,0.05149765,0
546000,0.17310731,0.09201080,0.43321618,1.07275757,0.66924253,0.14686553,0
547000,0.27371830,0.02383674,1.69872196,-0.32830875,1.44282814,0.50190805,0
548000,0.23715614,0.03571270,0.00000000,0.00000000,0.00000000,0.00000000,0
549000,0.11992505,0.05845400,-0.08387927,0.56192185,0.15787808,0.09527673,0
550000,0.21933769,0.12145318,1.15679132,2.70573179,4.32957534,0.31573426,0
551000,0.12805805,0.13034777,0.13334417,3.24418337,5.27125321,0.40966050,0
552000,0.13368271,0.11049847,0.24743233,2.77882002,3.89153173,0.80991865,0
553000,0.21763371,0.08318421,1.45607593,1.89073184,2.84751199,0.93531570,0
554000,0.16475140,0.12885781,0.76613473,3.69319490,7.11332549,1.00612999,0
555000,0.19787674,0.11536366,1.29562129,3.28581946,6.23762203,1.94198092,0
556000,0.15777011,0.12041312,0.73206350,3.58722345,6.70204451,1.00743805,0
557000,0.25592527,0.17384353,0.00000000,0.00000000,0.00000000,0.00000000,0
558000,0.13894603,0.07423475,0.13076408,0.70122089,0.25440499,0.08732390,0
559000,0.20009442,0.16855787,0.93076847,3.26701962,5.76987357,0.33598315,0
560000,0.22214971,0.20068754,1.32795797,4.49297876,10.97516524,0.35102225,0
561000,0.14777814,0.08366053,0.40750418,1.38491213,1.04202064,0.61027313,0
562000,0.13377938,0.01081426,0.24677612,-0.74076687,0.03044923,0.85707312,0
563000,0.13434426,0.13434032,0.26230479,3.15918171,5.02461644,0.58054522,0
564000,0.20849827,0.00448468,0.00000000,0.00000000,0.00000000,0.00000000,0
565000,0.16833949,0.16941550,0.23779605,2.91549389,4.27832580,0.22179473,0
566000,0.21359825,0.01765482,0.88821658,-0.64962379,0.39446435,0.32044108,0
567000,0.09976172,0.16376834,-0.42629506,3.65725458,6.68775551,0.37495197,0
568000,0.11838069,0.15314940,-0.15064052,3.60057280,6.48206226,0.81561665,0
569000,0.24442916,0.17483604,1.65285818,4.52227246,11.59144416,0.68105113,0
570000,0.24100819,0.03314197,1.66953574,-0.03943990,1.39367480,1.62999802,0
571000,0.17699015,0.10852960,0.00000000,0.00000000,0.00000000,0.00000000,0
572000,0.18226479,0.15332150,0.29187758,2.78502735,3.92078494,0.19739678,0
573000,0.17057541,0.00425456,0.30720777,-0.92213874,0.04718831,0.16824535,0
574000,0.15806779,0.17252935,0.23567796,4.08639876,8.37709946,0.50711264,0
575000,0.17737933,0.09353756,0.56026236,1.86453158,1.89518596,0.26328855,0
576000,0.14016752,0.10843425,0.00000000,0.00000000,0.00000000,0.00000000,0
577000,0.16982868,0.16567346,0.48565477,4.60025989,10.69912579,0.60046285,0
578000,0.19852975,0.01818849,0.00000000,0.00000000,0.00000000,0.00000000,0
579000,0.13892591,0.05073994,0.21532214,0.69915183,0.26758845,0.16485068,0
580000,0.14335912,0.12064431,0.37525861,3.61696637,6.61163239,0.82990129,0
581000,0.13424334,0.01454184,0.31360419,-0.60881956,0.04917379,1.37007631,0
582000,0.17600790,0.12012167,1.00232248,3.98229796,8.43167371,1.12346314,0
583000,0.14526333,0.00638267,0.57244914,-0.97882059,0.16384901,0.67214733,0
584000,0.13297798,0.10039878,0.42248949,3.39259602,5.84410256,1.36935207,0
585000,0.12313456,0.09068425,0.28697587,3.01573121,4.58849494,1.18448867,0
586000,0.12979087,0.05860051,0.42179775,1.54262542,1.27880327,1.31924271,0
587000,0.10614841,0.02779798,0.01541397,0.07275074,0.00276513,1.13521134,0
588000,0.13558719,0.09949472,0.57610275,3.67189344,6.90734790,2.52111204,0
589000,0.11474277,0.08374280,0.00000000,0.00000000,0.00000000,0.00000000,0
590000,0.15780510,0.03455488,0.23491424,0.01949815,0.02778244,0.06197845,0
591000,0.11201148,0.05201999,-0.14879971,0.79373591,0.31500835,0.54503508,0
592000,0.14565112,0.07300746,0.33871584,1.75872083,1.60391369,0.59042643,0
593000,0.14025390,0.10640857,0.32529414,3.28606839,5.45203087,0.38407611,0
594000,0.33510587,0.12613401,0.00000000,0.00000000,0.00000000,0.00000000,0
595000,0.14563487,0.07487438,0.13002199,0.85149123,0.37097152,0.08076338,0
596000,0.16946124,0.13875476,0.52613951,2.78478732,4.01593160,0.71335242,0
597000,0.14780705,0.07871937,0.34785143,1.33143234,0.94685634,0.11370306,0
598000,0.21139169,0.10918803,1.31178716,2.40261143,3.74666362,0.40691044,0
599000,0.10180239,0.01770032,-0.20955706,-0.43817897,0.00000000,0.25352748,0
600000,0.07872617,0.03628433,-0.53338965,0.19250966,0.01852999,0.46788910,0
601000,0.10901716,0.00349559,-0.05791864,-0.94393867,0.00000000,0.48213029,0
602000,0.14222844,0.03581678,0.49088284,0.22187106,0.14509636,0.57931885,0
603000,0.12118155,0.00991215,0.17046909,-0.72326023,0.01452986,0.79174898,0
604000,0.11415130,0.04518838,0.06967657,0.60423686,0.18497850,1.03236309,0
605000,0.16437721,0.05207222,0.00000000,0.00000000,0.00000000,0.00000000,0
606000,0.10968426,0.01083845,-0.14667546,-0.74128217,0.00000000,0.28633852,0
607000,0.13479398,0.07630252,0.32411557,1.87963836,1.81904564,0.17293273,0
608000,0.12601334,0.04985337,0.28465817,0.93643503,0.47897041,0.86627389,0
609000,0.10981616,0.10694841,0.00000000,0.00000000,0.00000000,0.00000000,0
610000,0.10921801,0.10328104,0.01221844,2.78851836,3.88799197,0.42257863,0
611000,0.10882277,0.10254207,0.08268300,3.18040533,5.06090727,1.04379461,0
612000,0.08061290,0.03959879,-0.32108289,0.61388220,0.18842568,0.78632315,0
613000,0.10919839,0.04660151,0.20187321,1.00868565,0.52909977,1.01798747,0
614000,0.10218159,0.00180494,0.10383217,-1.12142061,0.00539056,1.74562782,0
615000,0.14025329,0.03039541,0.00000000,0.00000000,0.00000000,0.00000000,0
616000,0.09111450,0.05590121,-0.30971026,1.14034331,0.65019143,0.50606352,0
617000,0.16497363,0.03468831,0.78964203,0.33207511,0.36690420,0.46646913,0
618000,0.08917227,0.04576716,-0.24703039,0.90265669,0.40739455,0.62176948,0
619000,0.16550992,0.15978277,0.00000000,0.00000000,0.00000000,0.00000000,0
620000,0.13042963,0.03261513,-0.07066412,-0.25799442,0.00000000,0.23558849,0
621000,0.17937450,0.10517544,0.57359610,1.67493442,1.56720890,0.24333169,0
622000,0.10242148,0.05153303,-0.25284182,0.42856695,0.09183482,0.35906799,0
623000,0.15726945,0.00386859,0.50369206,-0.90280029,0.12685285,0.20342013,0
624000,0.11466005,0.16446255,0.01613222,4.14029067,8.57113353,0.16384522,0
625000,0.13288680,0.10136901,0.31316871,2.29106760,2.67353269,0.60281228,0
626000,0.15949295,0.04439263,0.73443896,0.45238750,0.37202752,0.50895911,0
627000,0.14391458,0.06065230,0.54238850,1.05755717,0.70630622,0.54552854,0
628000,0.16454679,0.05989500,0.88728915,1.07803539,0.97472117,0.64758284,0
629000,0.08452424,0.05386187,-0.31070374,0.90080310,0.40572311,0.51122156,0
630000,0.15016119,0.10130779,0.73414462,2.72058066,3.97026374,1.35456795,0
631000,0.08726168,0.03755476,-0.24055441,0.33905960,0.05748071,0.48019941,0
632000,0.09707699,0.03225087,-0.07197881,0.15036458,0.01130475,0.51518197,0
633000,0.10785227,0.01367544,0.12043328,-0.57116412,0.00725209,0.72323739,0
634000,0.09813112,0.01739992,-0.02757820,-0.41670459,0.00000000,0.55306573,0
635000,0.12677322,0.11726156,0.46176270,3.65985219,6.80387141,0.66273076,0
636000,0.09084775,0.03085463,-0.13020226,0.14290261,0.01021058,0.80179530,0
637000,0.11957733,0.01704969,0.36663202,-0.42565792,0.06720952,1.36319504,0
638000,0.18452983,0.02148777,0.00000000,0.00000000,0.00000000,0.00000000,0
639000,0.13465475,0.05206931,0.33154728,0.99162611,0.54662297,0.12713877,0
640000,0.13961630,0.01538200,0.60387729,-0.44638968,0.18233389,1.39254974,0
641000,0.10518492,0.01883617,0.00000000,0.00000000,0.00000000,0.00000000,0
642000,0.11364390,0.08553769,0.00000000,0.00000000,0.00000000,0.00000000,0
643000,0.12662235,0.02086571,0.44101917,-0.15305536,0.09724895,0.40038059,0
644000,0.09905563,0.10416608,0.00000000,0.00000000,0.00000000,0.00000000,0
645000,0.12998909,0.05010734,0.21904948,0.57416120,0.18882188,0.23017560,0
646000,0.09999192,0.01235438,-0.10995935,-0.64684533,0.00000000,0.85501198,0
647000,0.10781155,0.01304641,0.08793596,-0.57567055,0.00386637,1.21411393,0
648000,0.11924367,0.04602633,0.32481813,0.85908561,0.42176745,0.17437971,0
649000,0.28206411,0.07331182,0.00000000,0.00000000,0.00000000,0.00000000,0
650000,0.13050687,0.03890022,0.05770408,0.03308263,0.00221211,0.01662481,0
651000,0.07456972,0.06222534,-0.48241933,0.75685685,0.28641614,0.16017115,0
652000,0.07148559,0.00870816,-0.51069243,-0.64383471,0.00000000,0.26138531,0
653000,0.11402207,0.04809915,0.05837222,0.56852872,0.16331611,0.32999855,0
654000,0.08714186,0.00268305,-0.28904032,-0.88310480,0.00000000,0.77859054,0
655000,0.07835086,0.10185168,-0.40904375,2.51167002,3.15424313,0.45771483,0
656000,0.10351619,0.01300844,-0.01222353,-0.54803422,0.00000000,0.88123902,0
657000,0.09043671,0.03115177,-0.18442826,0.12702072,0.00806713,0.21835671,0
658000,0.08723622,0.10804027,-0.22209401,3.09193399,4.78002789,0.79125888,0
659000,0.09423774,0.01123739,-0.09129870,-0.61605214,0.00000000,0.42439577,0
660000,0.11111452,0.00204909,0.00000000,0.00000000,0.00000000,0.00000000,0
661000,0.12634459,0.01573985,0.27300309,-0.48191276,0.03726534,0.42155539,0
662000,0.08389556,0.06044023,-0.26564708,1.48006279,1.09529293,1.00709796,0
663000,0.10827518,0.03993856,0.00000000,0.00000000,0.00000000,0.00000000,0
664000,0.10017318,0.08092140,0.00000000,0.00000000,0.00000000,0.00000000,0
665000,0.07694247,0.06781011,-0.35537082,1.42190039,1.01090036,0.08961312,0
666000,0.11472230,0.05068154,0.12548639,1.03019496,0.53852424,0.33405433,0
667000,0.13174243,0.02100150,0.41875526,-0.16646627,0.08767798,0.30980896,0
668000,0.12287495,0.02499352,0.37444379,0.04719520,0.07121777,1.62152454,0
669000,0.13556910,0.03611092,0.60739590,0.62372327,0.37898025,0.80214338,0
670000,0.18059625,0.00043447,0.00000000,0.00000000,0.00000000,0.00000000,0
671000,0.09662364,0.03588615,-0.08460570,0.33449242,0.05594259,0.12288062,0
672000,0.19475500,0.00885984,1.27250912,-0.64610279,0.80963973,0.68220909,0
673000,0.08671142,0.09083997,-0.12602415,2.86312052,4.09872955,0.47724108,0
674000,0.12173910,0.07916424,0.44560771,2.54059308,3.32658972,0.51076134,0
675000,0.11119165,0.04113180,0.00000000,0.00000000,0.00000000,0.00000000,0
676000,0.09245725,0.02541247,-0.08499662,0.07246241,0.00262540,0.19919860,0
677000,0.13933365,0.09288382,0.56852391,3.29456394,5.58868550,0.59274046,0
678000,0.11983679,0.01737390,0.00000000,0.00000000,0.00000000,0.00000000,0
679000,0.10762208,0.08727027,0.15848836,3.05961959,4.69319529,0.30254435,0
680000,0.12760349,0.03201469,0.55244032,0.52075596,0.28818854,1.20572734,0
681000,0.12472203,0.04276285,0.57428082,1.16120796,0.83910119,0.61947960,0
682000,0.12318777,0.02852449,0.00000000,0.00000000,0.00000000,0.00000000,0
683000,0.09909086,0.00248970,0.02435450,-0.99860468,0.00029657,0.24951583,0
684000,0.09587183,0.14473575,0.04810366,5.93281075,17.60027867,1.40429258,0
685000,0.17688110,0.06719504,0.00000000,0.00000000,0.00000000,0.00000000,0
686000,0.18192218,0.03914380,0.88528735,0.46822288,0.50148318,0.43548552,0
687000,0.13136671,0.08258645,0.43331134,2.27310139,2.67737433,0.48520144,0
688000,0.52558649,0.16850609,0.00000000,0.00000000,0.00000000,0.00000000,0
689000,0.16132094,0.02943470,0.43949275,-0.13803393,0.09657694,0.41140148,0
690000,0.15875579,0.05670404,0.58315629,0.75490814,0.45497878,0.65872047,0
691000,0.09962110,0.10718462,-0.01381681,2.54783214,3.24572432,0.86868315,0
692000,0.14008722,0.04269274,0.56947012,0.51570576,0.29512432,0.30556250,0
693000,0.11399495,0.02963044,0.28596675,0.10231900,0.04612308,0.44235805,0
694000,0.14764509,0.06504025,0.81716503,1.51354087,1.47928233,0.61975647,0
695000,0.11143573,0.22395709,0.00000000,0.00000000,0.00000000,0.00000000,0
696000,0.10972696,0.10294005,0.19683668,3.39910339,5.79632426,0.60361081,0
697000,0.24257836,0.01788878,0.00000000,0.00000000,0.00000000,0.00000000,0
698000,0.15992759,0.00363592,0.34777303,-0.88041822,0.06047304,0.30642724,0
699000,0.14360310,0.01201892,0.31383022,-0.67407753,0.04924470,1.07349204,0
700000,0.19006455,0.26834270,0.00000000,0.00000000,0.00000000,0.00000000,0
701000,0.37052220,0.05860602,2.15922383,0.12920326,2.33947051,0.00339471,0
702000,0.17883509,0.13025562,0.64290287,1.62337220,1.52433070,0.78424135,0
703000,0.17384203,0.01643769,0.70886310,-0.46162435,0.25124345,0.42884040,0
704000,0.19719677,0.00659739,1.14358613,-0.66031149,0.65389462,0.17754082,0
705000,0.16924602,0.17678687,0.87675877,3.55324246,6.69711895,0.29623098,0
706000,0.30885828,0.07430398,2.90301011,1.11486491,4.83519573,0.22024222,0
707000,0.14161383,0.10773676,0.64645728,2.13958491,2.49786530,0.32235306,0
708000,0.13874398,0.07153605,0.64913032,1.20966951,0.94233525,0.37625067,0
709000,0.11491853,0.04053462,0.31346958,0.33600276,0.10558052,1.33127403,0
710000,0.18288930,0.02188095,1.40260231,-0.21657132,0.98364661,0.78044648,0
711000,0.10188392,0.00215810,0.14645847,-0.83406636,0.01072504,0.45479155,0
712000,0.19702511,0.01965879,0.00000000,0.00000000,0.00000000,0.00000000,0
713000,0.11265256,0.03266694,0.06298086,0.39652003,0.08059736,0.44964846,0
714000,0.23841140,0.03911456,1.76978973,0.83308635,1.91309428,0.61707242,0
715000,0.10604694,0.10095802,0.18297945,4.42348616,9.80035566,1.53203747,0
716000,0.23499537,0.02997367,2.10204111,0.45981378,2.31500277,1.26294085,0
717000,0.11219027,0.07106846,0.00000000,0.00000000,0.00000000,0.00000000,0
718000,0.07691262,0.10394085,-0.25888815,3.70687091,6.87044598,0.16228364,0
719000,0.12391022,0.00992845,0.32977135,-0.69294187,0.05437457,0.39503410,0
720000,0.08287100,0.07664836,-0.12254031,2.87474837,4.13208909,0.16368257,0
721000,0.23867738,0.00197620,2.10359976,-1.12360042,2.21256598,0.35617084,0
722000,0.12236679,0.07192044,0.51268944,2.86282134,4.22929825,0.56206196,0
723000,0.12661590,0.00886573,0.00000000,0.00000000,0.00000000,0.00000000,0
724000,0.07381322,0.07884675,-0.35765188,1.08632195,0.59004769,0.05150505,0
725000,0.11733782,0.00130575,0.00000000,0.00000000,0.00000000,0.00000000,0
726000,0.24405991,0.01856044,1.66485975,-0.45772242,1.38587900,0.14615509,0
727000,0.11024901,0.12452023,0.10669582,2.54910893,3.25467016,0.57461855,0
728000,0.10233376,0.07323373,0.05883691,1.28773045,0.83085575,0.14475881,0
729000,0.10431428,0.08748209,0.13264705,1.89229053,1.79917934,0.34665651,0
730000,0.13278402,0.09484410,0.63442698,2.27721615,2.79410549,0.31512691,0
731000,0.08406194,0.16225304,-0.14570709,4.79680290,11.50465901,0.56733442,0
732000,0.11902820,0.01816517,0.48304102,-0.34483590,0.11666431,0.49734299,0
733000,0.13995038,0.01605104,0.00000000,0.00000000,0.00000000,0.00000000,0
734000,0.12521721,0.02116756,0.37121745,-0.18037464,0.06890120,0.34411146,0
735000,0.10096296,0.04202240,0.12773361,0.91389237,0.42575757,0.46803595,0
736000,0.12343005,0.01387743,0.51483916,-0.48109833,0.13252968,0.88233259,0
737000,0.10616288,0.02071351,0.28562532,-0.11102456,0.04079091,0.97346468,0
738000,0.08007202,0.01059700,-0.12150574,-0.65082085,0.00000000,0.80753572,0
739000,0.06828064,0.05472496,0.00000000,0.00000000,0.00000000,0.00000000,0
740000,0.06070873,0.03718619,-0.45681120,0.53421861,0.14269476,0.63070254,0
741000,0.09874498,0.03257592,0.06041607,0.41455041,0.08775107,0.47659733,0
742000,0.08965427,0.02113507,-0.00618859,-0.08672493,0.00000000,0.21924901,0
743000,0.31900296,0.05803078,3.54927169,1.88019680,8.06623477,0.45191183,0
744000,0.37680072,0.02241500,4.70470078,0.03471584,11.06770732,0.81575238,0
745000,0.09539840,0.03128836,0.21256927,0.55811858,0.17834102,0.32964309,0
746000,0.20596281,0.05619558,0.00000000,0.00000000,0.00000000,0.00000000,0
747000,0.08328106,0.01715209,0.00000000,0.00000000,0.00000000,0.00000000,0
748000,0.05997996,0.03314162,-0.48884994,0.01032029,0.00005325,0.04427038,0
749000,0.15060240,0.04965315,0.77664704,0.67097968,0.52669718,0.05622859,0
750000,0.12815598,0.01752225,0.60379054,-0.29606391,0.18228151,0.57020083,0
751000,0.19812717,0.00895768,1.83560170,-0.59918611,1.68471680,0.30423845,0
752000,0.08135255,0.02512588,-0.00691877,0.06133105,0.00188075,0.25166385,0
753000,0.15866517,0.00763765,1.39193803,-0.66530180,0.96874573,0.83002206,0
754000,0.14115736,0.07921994,0.00000000,0.00000000,0.00000000,0.00000000,0
755000,0.10185462,0.04957580,0.36765367,1.28390069,0.89178510,0.11531944,0
756000,0.22861354,0.05318240,2.70649021,1.62407101,4.98134796,0.26370363,0
757000,0.21124738,0.05629296,2.63623003,1.95726112,5.39028993,0.45729170,0
758000,0.11372859,0.03888975,0.00000000,0.00000000,0.00000000,0.00000000,0
759000,0.10845136,0.11009818,0.29301648,4.13477322,8.59110412,0.51702025,0
760000,0.06136843,0.09948902,-0.37671675,4.01093731,8.04380907,1.61122296,0
761000,0.13154674,0.09736749,0.00000000,0.00000000,0.00000000,0.00000000,0
762000,0.08155391,0.02096081,-0.06537741,-0.13222133,0.00000000,0.75519469,0
763000,0.11384986,0.11129292,0.00000000,0.00000000,0.00000000,0.00000000,0
764000,0.07398047,0.01640517,-0.19037098,-0.34402215,0.00000000,0.24008186,0
765000,0.09230660,0.02093274,0.20902988,-0.06540058,0.02184675,0.30400457,0
766000,0.11612100,0.07403427,0.73579696,2.71623477,3.95966424,0.85199788,0
767000,0.14493252,0.07510468,1.40717874,2.93748344,5.30448047,0.52458742,0
768000,0.23866419,0.14922024,0.00000000,0.00000000,0.00000000,0.00000000,0
769000,0.05413546,0.02391248,-0.42761793,0.11823636,0.00698992,0.64584915,0
770000,0.08794395,0.00170112,0.00000000,0.00000000,0.00000000,0.00000000,0
771000,0.18962471,0.16079317,1.52308944,5.96325608,18.94011227,0.44120604,0
772000,0.20390067,0.06071634,2.02921388,1.88269640,3.83112735,0.35457587,0
773000,0.03446574,0.02589701,-0.79922322,0.22436678,0.02517023,0.11165523,0
774000,0.19841675,0.16154502,2.25707854,7.57749279,31.25640022,0.82662136,0
775000,0.65158993,0.19702856,0.00000000,0.00000000,0.00000000,0.00000000,0
776000,0.32958713,0.25301322,0.00000000,0.00000000,0.00000000,0.00000000,0
777000,0.10537635,0.03198345,-0.10997252,-0.10391357,0.00000000,0.02825076,0
778000,0.25926542,0.18336430,0.00000000,0.00000000,0.00000000,0.00000000,0
779000,0.10689551,0.03546484,0.05297209,-0.09566782,0.00140302,0.07695598,0
780000,0.11251583,0.00877154,0.25507284,-0.58342704,0.03253108,0.11731391,0
781000,0.10981096,0.09388055,0.28890486,1.61368119,1.34371650,0.31681715,0
782000,0.15435679,0.12064138,1.07518820,2.54833910,3.82503092,0.22033169,0
783000,0.11100369,0.05676908,0.41516587,0.85836789,0.45457907,0.21984147,0
784000,0.07325564,0.04948354,-0.23101561,0.69612241,0.24229321,0.24066541,0
785000,0.07256637,0.05197007,0.00000000,0.00000000,0.00000000,0.00000000,0
786000,0.12587102,0.06858842,0.61423625,2.44946233,3.18857595,0.43614083,0
787000,0.10485575,0.03747127,0.45891222,1.00283327,0.60813749,0.61620246,0
788000,0.20739758,0.00771153,0.00000000,0.00000000,0.00000000,0.00000000,0
789000,0.30290842,0.52254474,1.54237607,6.01280388,19.26636723,0.19406400,0
790000,0.18400359,0.12740535,0.60941535,1.18567144,0.88860191,0.13859541,0
791000,0.14526428,0.00015403,0.31543910,-0.71707560,0.04975091,0.16361170,0
792000,0.14241278,0.02697742,0.37988346,-0.22429823,0.07215572,0.15554261,0
793000,0.09902488,0.07892489,-0.08010944,0.84159063,0.35413740,0.00676468,0
794000,0.07546266,0.02100465,-0.34242958,-0.27639760,0.00000000,0.02249750,0
795000,0.20994249,0.01158078,1.49924848,-0.46443569,1.12387301,0.15943599,0
796000,0.09667535,0.16169508,-0.00633959,2.99401974,4.48207709,0.28300825,0
797000,0.15747218,0.04122937,0.88209254,0.24485183,0.41901984,0.32222916,0
798000,0.11281320,0.05681483,0.26625656,0.65829263,0.25212087,0.41402850,0
799000,0.12262950,0.05196877,0.43748367,0.57030085,0.25831751,1.17493887,0
800000,0.09773655,0.07367484,0.08101060,1.16935786,0.68698026,0.74385203,0
801000,0.13633934,0.02202837,0.70031637,-0.18335589,0.24522151,0.11549797,0
802000,0.12889270,0.10837694,0.60020695,2.20581238,2.61292832,0.66863809,0
803000,0.08810217,0.00179279,-0.03212939,-0.75031375,0.00000000,0.19417790,0
804000,0.09467364,0.00034840,0.07538643,-0.80334868,0.00284156,1.17891989,0
805000,0.08003765,0.00988732,0.00000000,0.00000000,0.00000000,0.00000000,0
806000,0.06780524,0.06240669,-0.31161684,1.58959075,1.26339937,0.15026268,0
807000,0.14789909,0.01185616,0.88051572,-0.51343935,0.38765397,0.59774522,0
808000,0.12395900,0.12695017,0.00000000,0.00000000,0.00000000,0.00000000,0
809000,0.11435414,0.07613146,0.23565205,1.48071162,1.12401940,0.07663108,0
810000,0.10522699,0.03453844,0.26993199,0.34985884,0.09763224,0.24966541,0
811000,0.08378205,0.03546513,0.00830665,0.51179806,0.13100313,0.29446799,0
812000,0.12450752,0.00141785,0.74583180,-0.97884407,0.27813254,0.20203504,0
813000,0.08500797,0.13129504,0.11557397,5.29082593,14.00309817,1.23330926,0
814000,0.12662701,0.07253627,0.00000000,0.00000000,0.00000000,0.00000000,0
815000,0.10042164,0.02783679,0.01360580,0.06995860,0.00253966,0.04240492,0
816000,0.06650940,0.09274810,-0.28711481,3.13107595,4.90181829,0.08189225,0
817000,0.11174282,0.05581944,0.40170462,1.66367370,1.46458840,0.23648074,0
818000,0.10267437,0.00695237,0.00000000,0.00000000,0.00000000,0.00000000,0
819000,0.10612585,0.06162461,0.36909338,1.94672002,1.96297438,0.49465313,0
820000,0.05570228,0.06384439,-0.35430229,2.38168880,2.83622077,0.20396783,0
821000,0.08975565,0.06819424,0.29316732,2.84039633,4.07689919,0.91505170,0
822000,0.11383477,0.05052001,0.00000000,0.00000000,0.00000000,0.00000000,0
823000,0.11417969,0.02482275,0.50084064,0.16714557,0.13938949,0.32326796,0
824000,0.08319847,0.05851439,0.09441733,2.11218328,2.23511641,0.84892546,0
825000,0.18178707,0.02154236,1.91898359,0.05812795,1.84293844,0.79915679,0
826000,0.34035298,0.12949587,0.00000000,0.00000000,0.00000000,0.00000000,0
827000,0.13988139,0.05067420,0.00274502,-0.02598083,0.00000377,0.04721045,0
828000,0.12648955,0.02124985,0.08539457,-0.42436045,0.00364612,0.02811125,0
829000,0.18692763,0.13332953,0.91177183,2.18110829,2.79428062,0.03929560,0
830000,0.08359571,0.01048203,-0.23032741,-0.57871097,0.00000000,0.28508517,0
831000,0.08030367,0.05967383,-0.24335536,0.71352019,0.25455553,0.31396343,0
832000,0.09043771,0.00989702,-0.07932040,-0.57625605,0.00000000,0.04357214,0
833000,0.16641328,0.05458024,1.00488215,0.71337961,0.75934929,0.04451529,0
834000,0.07882760,0.05005455,-0.18214988,0.63104086,0.19910628,0.50940019,0
835000,0.08785690,0.01108521,-0.02917228,-0.53436418,0.00000000,0.06465211,0
836000,0.08760883,0.02057076,-0.01485701,-0.22364320,0.00000000,0.37672365,0
837000,0.22001056,0.00564999,2.03983841,-0.70944594,2.08047037,0.18087795,0
838000,0.09702563,0.01052526,0.16760243,-0.54796307,0.01404529,0.28970331,0
839000,0.14845644,0.05808977,1.01356439,1.09752334,1.11593513,0.38765459,0
840000,0.19204122,0.03013333,1.75887710,0.14841994,1.55783857,0.91833357,0
841000,0.12032566,0.06171881,0.61207488,1.30239825,1.03543843,0.36922460,0
842000,0.31797928,0.04007322,3.97555974,0.54479767,8.05093987,0.89750652,0
843000,0.10547344,0.09117890,0.40544478,2.47008768,3.13285931,0.23572420,0
844000,0.09153949,0.04442513,0.18209101,0.74685075,0.29547159,0.13517775,0
845000,0.06651214,0.01865713,-0.24343121,-0.22701965,0.00000000,0.80170815,0
846000,0.10047436,0.08863007,0.36711957,2.50964524,3.21654801,0.91939969,0
847000,0.05899850,0.02447951,-0.36858385,0.00910594,0.00004146,0.43854052,0
848000,0.35171711,0.02995668,4.97163284,0.23749404,12.38676824,0.52357136,0
849000,0.18054792,0.05611783,1.87868602,1.30887994,2.62131392,0.43128259,0
850000,0.20686169,0.14412887,0.00000000,0.00000000,0.00000000,0.00000000,0
851000,0.22111024,0.10684253,0.00000000,0.00000000,0.00000000,0.00000000,0
852000,0.12022002,0.03222543,0.15407812,-0.00372370,0.01187003,0.12362458,0
853000,0.08287065,0.00248834,-0.13891581,-0.79224707,0.00000000,0.58231539,0
854000,0.14913560,0.03487050,0.00000000,0.00000000,0.00000000,0.00000000,0
855000,0.29101908,0.00301025,1.70060841,-0.78804836,1.44603448,0.12172815,0
856000,0.09154513,0.02284032,-0.16082640,-0.32257571,0.00000000,0.27916560,0
857000,0.18140757,0.05045507,0.00000000,0.00000000,0.00000000,0.00000000,0
858000,0.10055095,0.04905376,-0.11643036,0.02701722,0.00036496,0.88648105,0
859000,0.10818685,0.00383510,0.01740439,-0.86387851,0.00015146,0.92561579,0
860000,0.05821600,0.00516127,-0.75085382,-0.81531196,0.00000000,2.37206266,0
861000,0.06576835,0.02064025,-0.59467656,-0.40648994,0.00000000,0.99505748,0
862000,0.12310236,0.08515441,0.46468386,1.41005656,1.10209529,0.78040519,0
863000,0.10316235,0.00428365,0.18362831,-0.80917103,0.01685968,0.21919081,0
864000,0.08623118,0.02688912,-0.08784745,-0.11673165,0.00000000,0.23578291,0
865000,0.16886942,0.13966678,1.52837285,3.48454790,7.23899881,0.62136353,0
866000,0.13463114,0.05198599,0.00000000,0.00000000,0.00000000,0.00000000,0
867000,0.23381062,0.10798015,2.14583101,3.77624619,9.43231301,0.18029117,0
868000,0.09528168,0.00647665,0.25834534,-0.76702110,0.03337116,0.19549004,0
869000,0.10414507,0.01618223,0.48731107,-0.27581072,0.11873604,0.43470758,0
870000,0.17006558,0.03492525,0.00000000,0.00000000,0.00000000,0.00000000,0
871000,0.21395661,0.00854085,1.37950087,-0.60279898,0.95151132,0.08674816,0
872000,0.18768103,0.00659821,1.18286777,-0.68939470,0.69958808,1.29813251,0
873000,0.09697346,0.11764012,-0.00997015,2.37212168,2.81348062,0.60448257,0
874000,0.29517359,0.11372625,0.00000000,0.00000000,0.00000000,0.00000000,0
875000,0.09483486,0.14824054,-0.26341321,2.29372000,2.63057572,0.28443458,0
876000,0.12001082,0.06775811,0.06577741,0.78678158,0.31167596,0.25749033,0
877000,0.18439993,0.11413672,0.00000000,0.00000000,0.00000000,0.00000000,0
878000,0.11881848,0.01322233,0.14474467,-0.47089899,0.01047551,0.16464180,0
879000,0.11390348,0.00242126,0.25252066,-0.77632093,0.03188334,0.19202003,0
880000,0.07733869,0.13364224,-0.20787771,3.59377215,6.45759913,0.27829501,0
881000,0.07536261,0.06109096,-0.18598209,1.32370833,0.87610187,0.29560809,0
882000,0.10212558,0.15944529,0.00000000,0.00000000,0.00000000,0.00000000,0
883000,0.09679432,0.09782291,-0.04384313,1.07497983,0.57779082,0.21172963,0
884000,0.07636879,0.07347371,-0.20667478,0.87671578,0.38431528,0.30984586,0
885000,0.08340155,0.02890600,-0.07237820,0.00352693,0.00000622,0.05932635,0
886000,0.18723942,0.14077713,0.00000000,0.00000000,0.00000000,0.00000000,0
887000,0.16824636,0.04963137,0.00000000,0.00000000,0.00000000,0.00000000,0
888000,0.14252906,0.08967249,0.32342689,1.55773722,1.26557510,0.03793443,0
889000,0.12093801,0.05090894,0.27895439,0.74144386,0.31377727,0.22058199,0
890000,0.09099086,0.03136897,-0.03843400,0.13965957,0.00975240,0.55815699,0
891000,0.10289004,0.04767186,0.00000000,0.00000000,0.00000000,0.00000000,0
892000,0.08967716,0.02545597,-0.05977822,-0.06148441,0.00000000,0.08973793,0
893000,0.09467454,0.06732995,0.06130731,1.21132414,0.73553238,0.11953342,0
894000,0.18136799,0.18622732,0.00000000,0.00000000,0.00000000,0.00000000,0
895000,0.09000665,0.10833994,-0.09364207,1.99910726,1.99821492,0.60708287,0
896000,0.09839332,0.04110778,0.08568285,0.43089698,0.09650688,0.25142874,0
897000,0.09698413,0.01867474,0.12871019,-0.22839218,0.00828316,0.38862295,0
898000,0.07816540,0.05972619,-0.11242597,1.24344502,0.77307776,0.42295444,0
899000,0.13833384,0.18457092,0.00000000,0.00000000,0.00000000,0.00000000,0
900000,0.12902871,0.06492347,0.45444900,1.03728991,0.64124712,0.49594470,0
901000,0.11011838,0.00926207,0.36517072,-0.57204424,0.06667483,0.15088750,0
902000,0.09124406,0.06095197,0.14239066,1.35292040,0.92533435,0.91281967,0
903000,0.11508736,0.07452720,0.57866447,1.99806673,2.16356162,0.89636468,0
904000,0.16549902,0.01672578,0.00000000,0.00000000,0.00000000,0.00000000,0
905000,0.13572533,0.03296013,0.16826770,-0.11979033,0.01415701,0.14532106,0
906000,0.09430583,0.06968133,-0.14267823,0.81915521,0.33550763,0.26916133,0
907000,0.09832272,0.01563719,-0.02794590,-0.41916177,0.00000000,0.14556539,0
908000,0.08716071,0.02282636,-0.13030704,-0.19617865,0.00000000,0.33947854,0
909000,0.07817040,0.04239890,-0.22384022,0.42604712,0.09075807,0.18527544,0
910000,0.30304408,0.05525964,0.00000000,0.00000000,0.00000000,0.00000000,0
911000,0.07719278,0.00714977,-0.20531948,-0.69594887,0.00000000,0.19837903,0
912000,0.14199123,0.04754220,0.77991408,0.62340162,0.49844778,0.82643635,0
913000,0.10969572,0.06369177,0.41814906,1.35535651,1.00591995,0.10672628,0
914000,0.17759719,0.10327225,1.62755719,3.03969377,5.94434032,0.33430000,0
915000,0.23969792,0.05271170,0.00000000,0.00000000,0.00000000,0.00000000,0
916000,0.19174406,0.12872280,1.34795147,2.66864219,4.46931214,0.05703906,0
917000,0.19946930,0.01364874,1.75079439,-0.49664148,1.53264049,0.95826121,0
918000,0.11066217,0.01648051,0.43515206,-0.39550345,0.09467866,0.61581219,0
919000,0.09745560,0.03841983,0.28598566,0.49827928,0.16503502,0.24166141,0
920000,0.19409804,0.04464158,0.00000000,0.00000000,0.00000000,0.00000000,0
921000,0.09906091,0.06683810,0.12640862,1.93740159,1.88475202,0.00000000,0
922000,0.16292384,0.10850978,1.14113430,4.41546726,10.39926933,1.12004651,0
923000,0.10459086,0.01813569,0.00000000,0.00000000,0.00000000,0.00000000,0
924000,0.10242980,0.04541813,0.00000000,0.00000000,0.00000000,0.00000000,0
925000,0.18265350,0.09308437,0.77022019,2.34413798,3.04411100,0.42938453,0
926000,0.13565466,0.07510290,0.00000000,0.00000000,0.00000000,0.00000000,0
927000,0.14419231,0.04855320,0.32834608,0.48450027,0.17127583,0.19132532,0
928000,0.12607217,0.02734453,0.00000000,0.00000000,0.00000000,0.00000000,0
929000,0.09749994,0.01706192,0.06314659,-0.37505640,0.00199375,0.13743850,0
930000,0.11151186,0.10021213,0.40109810,3.22610513,5.28431700,0.38207440,0
931000,0.12390233,0.01167430,0.71509405,-0.54431963,0.25567975,0.51167680,0
932000,0.12664969,0.10941016,0.00000000,0.00000000,0.00000000,0.00000000,0
933000,0.09922303,0.06637835,-0.02784018,1.23248764,0.75951290,0.12908524,0
934000,0.13326986,0.06805721,0.54730240,1.65185865,1.51408846,0.79988803,0
935000,0.11144944,0.00174919,0.37976279,-0.91830931,0.07210989,0.45704926,0
936000,0.14004701,0.21131200,0.00000000,0.00000000,0.00000000,0.00000000,0
937000,0.10542850,0.09916232,0.10534072,2.82182680,3.98690159,0.38831072,0
938000,0.09834073,0.01683791,0.10770429,-0.37875078,0.00580011,0.63587000,0
939000,0.12502865,0.19117671,0.00000000,0.00000000,0.00000000,0.00000000,0
940000,0.14068148,0.03607063,0.43560049,0.24959100,0.12602172,0.14652639,0
941000,0.09266058,0.00492662,-0.01017938,-0.78533493,0.00000000,0.26117355,0
942000,0.06678128,0.00958098,-0.30450954,-0.61832130,0.00000000,0.44535308,0
943000,0.11360296,0.06890181,0.38719401,1.84167309,1.77083948,0.60881985,0
944000,0.10015114,0.01737255,0.00000000,0.00000000,0.00000000,0.00000000,0
945000,0.08072075,0.00232224,-0.19935325,-0.83757887,0.00000000,0.17129919,0
946000,0.15186976,0.05061961,0.71788678,0.99943279,0.75711367,1.04941628,0
947000,0.07317692,0.00885643,-0.19724668,-0.67219002,0.00000000,0.64949444,0
948000,0.10002308,0.07010334,0.00000000,0.00000000,0.00000000,0.00000000,0
949000,0.17448656,0.02441023,0.56149398,-0.30841153,0.15763774,0.14490226,0
950000,0.07486134,0.01456091,-0.27483477,-0.47873430,0.00000000,0.43746166,0
951000,0.09486300,0.01319406,0.04275809,-0.48533180,0.00091413,0.33954988,0
952000,0.06303724,0.01515220,-0.32478491,-0.39656136,0.00000000,0.32021309,0
953000,0.09292693,0.04312469,0.13795688,0.63169793,0.20903719,0.68655088,0
954000,0.09720901,0.06264903,0.24552818,1.43889211,1.06534729,0.40776385,0
955000,0.09334672,0.05380267,0.22150814,1.16854117,0.70727716,0.54948135,0
956000,0.06923653,0.00358927,-0.15869472,-0.84196244,0.00000000,0.71985163,0
957000,0.10612664,0.06409772,0.00000000,0.00000000,0.00000000,0.00000000,0
958000,0.08191062,0.02879268,-0.17095238,0.00456651,0.00001043,0.17097284,0
959000,0.11595197,0.08048028,0.00000000,0.00000000,0.00000000,0.00000000,0
960000,0.10935569,0.08834339,-0.13465803,0.78442205,0.30765898,0.14881063,0
961000,0.13270399,0.07567619,0.13710502,0.72906604,0.27516754,1.04655522,0
962000,0.09935304,0.02893770,-0.21339829,-0.20754828,0.00000000,1.02783309,0
963000,0.12071809,0.04058912,0.10770426,0.11565348,0.01248797,0.64440110,0
964000,0.12573010,0.10138047,0.22224953,1.77170000,1.59415787,0.52309528,0
965000,0.10520897,0.04150597,-0.02411982,0.22556845,0.02544056,1.24510450,0
966000,0.21289679,0.14437453,0.00000000,0.00000000,0.00000000,0.00000000,0
967000,0.10736057,0.00294953,0.04641339,-0.87072674,0.00107710,0.18603671,0
968000,0.14106005,0.08768779,0.50419347,1.61410654,1.42977548,0.30965009,0
969000,0.08982889,0.04769070,-0.04640582,0.55694968,0.15509647,0.09049360,0
970000,0.13393308,0.09129293,0.60233155,2.15496553,2.50333986,0.23760260,0
971000,0.07642633,0.00967309,-0.15647323,-0.64784773,0.00000000,0.41161671,0
972000,0.06761619,0.03152001,-0.26502570,0.18976081,0.01800458,0.16482023,0
973000,0.09363825,0.00857187,0.17314589,-0.67901818,0.01498975,0.28961140,0
974000,0.09161033,0.07485076,0.17340404,2.04146470,2.09882355,1.29456564,0
975000,0.05316586,0.01851144,-0.45781276,-0.26806023,0.00000000,1.24266062,0
976000,0.05118291,0.01756328,-0.49121152,-0.29762534,0.00000000,0.45633869,0
977000,0.18576932,0.02035287,0.00000000,0.00000000,0.00000000,0.00000000,0
978000,0.07767033,0.07179073,-0.26191986,1.08959952,0.59361356,0.11016558,0
979000,0.10914823,0.10267241,0.23727714,2.34857561,2.78605392,0.16740119,0
980000,0.21859282,0.11802591,0.00000000,0.00000000,0.00000000,0.00000000,0
981000,0.12893698,0.08093993,0.38669089,1.44879379,1.12426665,0.06783612,0
982000,0.08738685,0.04849062,-0.05441705,0.66600054,0.22177836,0.79005884,0
983000,0.17618567,0.10963156,0.00000000,0.00000000,0.00000000,0.00000000,0
984000,0.12398759,0.03350872,-0.02670933,-0.18995710,0.00000000,0.02033535,0
985000,0.15932034,0.04066371,0.47503297,0.09159482,0.11702297,0.22673190,0
986000,0.09578954,0.02387613,-0.08376829,-0.21828852,0.00000000,0.30567038,0
987000,0.08899236,0.02565771,0.00000000,0.00000000,0.00000000,0.00000000,0
988000,0.10994627,0.02165982,0.06555693,-0.27418006,0.00214886,0.71380024,0
989000,0.05380052,0.02900773,-0.56273355,0.00518380,0.00001344,0.53131205,0
990000,0.13036366,0.06970022,0.00000000,0.00000000,0.00000000,0.00000000,0
991000,0.13203475,0.01141785,0.35546111,-0.49317483,0.06317630,0.47494738,0
992000,0.20513226,0.02307646,1.38556071,-0.08180929,0.95988924,0.44685520,0
993000,0.14776193,0.01928153,0.78343105,-0.20447265,0.30688211,0.22429101,0
994000,0.19207363,0.12361683,0.00000000,0.00000000,0.00000000,0.00000000,0
995000,0.09684844,0.09550058,0.01032078,1.82591888,1.66704313,0.46346012,0
996000,0.11528680,0.01837963,0.00000000,0.00000000,0.00000000,0.00000000,0
997000,0.09501257,0.01719782,0.01279747,-0.30202379,0.00008189,0.01927726,0
998000,0.12682030,0.05737093,0.00000000,0.00000000,0.00000000,0.00000000,0
999000,0.14923613,0.08024777,0.58052444,1.60105944,1.45019997,0.05312247,0
1000000,0.15958326,0.07104214,0.97615332,1.72464498,1.96363782,0.24785790,0
1001000,0.11604252,0.01159603,0.50363746,-0.49562144,0.12682535,0.53107019,0
1002000,0.09373366,0.00606922,0.21953399,-0.74302121,0.02409759,0.30974164,0
1003000,0.10104059,0.02049988,0.38019069,-0.08366422,0.07227248,0.82882558,0
1004000,0.07066865,0.00270019,0.00000000,0.00000000,0.00000000,0.00000000,0
1005000,0.11134605,0.04654934,0.16260054,0.68755986,0.24958875,0.13801359,0
1006000,0.12864769,0.05322378,0.52041218,1.14831096,0.79472345,0.18923754,0
1007000,0.30538487,0.01393328,0.00000000,0.00000000,0.00000000,0.00000000,0
1008000,0.06914955,0.00896444,-0.35105674,-0.66499227,0.00000000,0.54780369,0
1009000,0.09492036,0.00775054,0.13279048,-0.63334251,0.00881666,0.04160309,0
1010000,0.13341659,0.06383012,0.00000000,0.00000000,0.00000000,0.00000000,0
1011000,0.09061258,0.00909124,-0.05734702,-0.58181877,0.00000000,0.12392605,0
1012000,0.05760721,0.07225177,-0.34183818,1.85874692,1.72747007,0.17144840,0
1013000,0.08313932,0.00888147,0.04680047,-0.58363022,0.00109514,0.09288505,0
1014000,0.15740336,0.01512432,1.21556597,-0.32034190,0.73880031,0.75963478,0
1015000,0.14367893,0.07615802,1.08915550,2.56956817,3.89447014,1.07488422,0
1016000,0.11712654,0.01686526,0.00000000,0.00000000,0.00000000,0.00000000,0
1017000,0.10815907,0.03447277,0.41307766,0.39405111,0.16295472,0.21217595,0
1018000,0.21435834,0.01169915,0.00000000,0.00000000,0.00000000,0.00000000,0
1019000,0.39465913,0.05156444,2.93511126,0.38499447,4.38154943,0.16206821,0
1020000,0.12778939,0.00297543,0.50670458,-0.65387468,0.12837476,0.49520992,0
1021000,0.22854218,0.01452405,2.09095221,-0.31000203,2.18604057,0.15419018,0
1022000,0.07048211,0.02946746,-0.06923287,0.20606514,0.02123142,0.15892638,0
1023000,0.10970769,0.03855038,0.59149070,0.57324767,0.33923707,0.50278995,0
1024000,0.09056774,0.02469958,0.31345108,0.08199356,0.05248726,1.30746567,0
1025000,0.08781502,0.07349386,0.00000000,0.00000000,0.00000000,0.00000000,0
1026000,0.15634505,0.00448923,0.69919595,-0.76101441,0.24443749,0.56955234,0
1027000,0.09830888,0.02798851,0.00000000,0.00000000,0.00000000,0.00000000,0
1028000,0.33953360,0.09576301,2.93628491,3.21682391,9.48486256,0.34482470,0
1029000,0.10464948,0.02795620,0.31692603,0.23528588,0.07790078,0.41502207,0
1030000,0.23940653,0.15131415,0.00000000,0.00000000,0.00000000,0.00000000,0
1031000,0.10164994,0.00661064,0.09406507,-0.64652006,0.00442412,0.07751314,0
1032000,0.07409117,0.08571845,-0.13784112,1.87833049,1.76406272,0.40590831,0
1033000,0.13070403,0.08416042,0.00000000,0.00000000,0.00000000,0.00000000,0
1034000,0.08441973,0.09687077,-0.08188719,1.82424373,1.66393259,0.21230494,0
1035000,0.07346156,0.08036164,-0.14541549,1.77606349,1.57720075,0.49583939,0
1036000,0.12750314,0.01567169,0.68445919,-0.33545716,0.23424219,0.86294701,0
1037000,0.08434168,0.05213780,0.06309951,1.05643134,0.56001436,1.50320411,0
1038000,0.10399434,0.04821063,0.40729000,0.96135948,0.54504859,1.22156715,0
1039000,0.12311486,0.05519148,0.00000000,0.00000000,0.00000000,0.00000000,0
1040000,0.08553128,0.00824313,-0.20638734,-0.67419446,0.00000000,0.34515966,0
1041000,0.38368791,0.03745522,0.00000000,0.00000000,0.00000000,0.00000000,0
1042000,0.09049132,0.03274262,-0.14323499,0.02265575,0.00025664,0.08142771,0
1043000,0.09044161,0.07371957,-0.02902537,1.48049953,1.09593943,0.46758020,0
1044000,0.09341791,0.00850374,0.07073420,-0.66758167,0.00250166,0.45053460,0
1045000,0.10005566,0.02023665,0.00000000,0.00000000,0.00000000,0.00000000,0
1046000,0.21548945,0.09540186,1.09317497,1.72294067,2.08177803,0.31055371,0
1047000,0.12833427,0.00767400,0.39447685,-0.66192066,0.07780599,0.32708798,0
1048000,0.10451796,0.05453608,0.20114017,1.00239631,0.52262787,0.15709895,0
1049000,0.09258623,0.04639967,0.00000000,0.00000000,0.00000000,0.00000000,0
1050000,0.08007905,0.07423118,-0.23667084,0.90445168,0.40901642,0.40552687,0
1051000,0.08792602,0.00609401,-0.06945535,-0.69865242,0.00000000,0.50857718,0
1052000,0.27236670,0.00000750,0.00000000,0.00000000,0.00000000,0.00000000,0
1053000,0.09615096,0.00323439,0.00000000,0.00000000,0.00000000,0.00000000,0
1054000,0.11194382,0.06611770,0.20992823,1.32917078,0.90538241,0.03280011,0
1055000,0.06730264,0.03153853,-0.21999746,0.29587277,0.04377035,0.20911792,0
1056000,0.11724485,0.05937476,0.62430278,1.65908021,1.57115055,1.01983896,0
1057000,0.17209342,0.01716408,0.00000000,0.00000000,0.00000000,0.00000000,0
1058000,0.12484748,0.00405589,0.60048116,-0.87482004,0.18028881,0.40352467,0
1059000,0.07440105,0.02070006,-0.05294460,-0.04225511,0.00000000,0.69568366,0
1060000,0.09912887,0.01409130,0.41333793,-0.36804807,0.08542412,0.70795337,0
1061000,0.06903648,0.02351962,-0.06971241,0.18661914,0.01741335,0.52034344,0
1062000,0.09917536,0.04361609,0.00000000,0.00000000,0.00000000,0.00000000,0
1063000,0.04706410,0.05004408,-0.50767745,0.90468145,0.40922426,0.41074396,0
1064000,0.20161751,0.02864097,1.80621791,0.19652441,1.65052249,0.38306897,0
1065000,0.08197191,0.04511385,0.00000000,0.00000000,0.00000000,0.00000000,0
1066000,0.04679683,0.00895533,-0.57048184,-0.56930498,0.00000000,0.28474990,0
1067000,0.08874688,0.01430442,0.00000000,0.00000000,0.00000000,0.00000000,0
1068000,0.10896734,0.01240303,0.11610076,-0.60500808,0.00673969,0.36781276,0
1069000,0.13348891,0.09389614,0.00000000,0.00000000,0.00000000,0.00000000,0
1070000,0.07778518,0.03114185,-0.31324567,-0.11198859,0.00000000,0.26392124,0
1071000,0.08605730,0.08145984,0.00000000,0.00000000,0.00000000,0.00000000,0
1072000,0.04144736,0.01020625,-0.64082394,-0.55255874,0.00000000,0.06891306,0
1073000,0.12320069,0.05306074,0.55765368,0.93273624,0.59048726,0.57330462,0
1074000,0.16885561,0.02666149,0.00000000,0.00000000,0.00000000,0.00000000,0
1075000,0.08590361,0.04728259,-0.15860538,0.78422029,0.30750073,0.04172208,0
1076000,0.23353060,0.05810845,0.00000000,0.00000000,0.00000000,0.00000000,0
1077000,0.30730951,0.00142557,2.72177905,-0.78189320,3.70404059,0.09559824,0
1078000,0.08753771,0.03108617,0.00989752,0.06525178,0.00217788,0.23319714,0
1079000,0.08835534,0.09882202,0.00000000,0.00000000,0.00000000,0.00000000,0
1080000,0.11594209,0.04189399,0.12152832,0.18725455,0.02491670,0.16233721,0
1081000,0.07776751,0.00648928,-0.18876848,-0.63227682,0.00000000,0.43745906,0
1082000,0.26400068,0.06656371,0.00000000,0.00000000,0.00000000,0.00000000,0
1083000,0.10061965,0.00193943,0.09243986,-0.82038538,0.00427256,0.22461520,0
1084000,0.05128774,0.01887160,-0.55402957,-0.29964473,0.00000000,0.39126595,0
1085000,0.11197203,0.08832029,0.00000000,0.00000000,0.00000000,0.00000000,0
1086000,0.09946846,0.01455664,0.16855747,-0.43726923,0.01420581,0.76757170,0
1087000,0.08216513,0.05074987,0.03833614,0.84161782,0.35489511,0.21376165,0
1088000,0.11162983,0.02913710,0.60606971,0.16070883,0.19657391,1.15275660,0
1089000,0.12205130,0.01636672,0.88220830,-0.30110840,0.38914575,0.32802939,0
1090000,0.11757713,0.08775121,0.00000000,0.00000000,0.00000000,0.00000000,0
1091000,0.09698123,0.04790100,-0.10614887,0.27481015,0.03776031,0.14039325,0
1092000,0.09159050,0.01419535,-0.08525887,-0.48435073,0.00000000,0.40178774,0
1093000,0.11664388,0.09786738,0.00000000,0.00000000,0.00000000,0.00000000,0
1094000,0.10166065,0.01759038,-0.12066047,-0.41472868,0.00000000,0.13052182,0
1095000,0.06016238,0.03738489,-0.49400113,0.08925904,0.00398359,0.07220458,0
1096000,0.04983185,0.03490996,-0.59918412,0.08806724,0.00387792,0.53516963,0
1097000,0.06303893,0.01018267,-0.42151919,-0.57656996,0.00000000,0.35891500,0
1098000,0.18001832,0.00747333,0.00000000,0.00000000,0.00000000,0.00000000,0
1099000,0.06702797,0.07373507,-0.32611884,2.02061277,2.04143798,0.52629787,0
1100000,0.06849644,0.02373769,-0.26561648,-0.06209990,0.00000000,1.74810007,0
1101000,0.12284822,0.03620618,0.00000000,0.00000000,0.00000000,0.00000000,0
1102000,0.10859503,0.04604372,-0.07400650,0.13592812,0.00923823,0.13577789,0
1103000,0.08064228,0.03768517,-0.26955151,0.06512608,0.00212070,0.22321882,0
1104000,0.09516223,0.03972789,-0.07254516,0.16278350,0.01324923,0.32535917,0
1105000,0.08966352,0.01441009,-0.10348406,-0.50201675,0.00000000,0.78208089,0
1106000,0.11389372,0.03524607,0.26198045,0.14424349,0.04471997,0.18384512,0
1107000,0.10387585,0.02367602,0.17784374,-0.18469779,0.01581420,1.21411418,0
1108000,0.25729877,0.00183735,2.43108818,-0.89600533,2.95509486,0.20483042,0
1109000,0.07291786,0.00303341,-0.22380424,-0.86019474,0.00000000,0.63694840,0
1110000,0.05161102,0.01616654,-0.53855080,-0.40159519,0.00000000,0.52483731,0
1111000,0.04744307,0.01695937,-0.60649622,-0.36965244,0.00000000,0.69820447,0
1112000,0.09426132,0.00751521,0.15330782,-0.72134279,0.01175164,0.76956446,0
1113000,0.06486279,0.00399338,-0.31699143,-0.85615565,0.00000000,0.55404329,0
1114000,0.10068400,0.10400923,0.00000000,0.00000000,0.00000000,0.00000000,0
1115000,0.08110115,0.08244950,-0.31665500,1.30185133,0.84740844,0.02427233,0
1116000,0.07393681,0.01986128,-0.29942578,-0.35112185,0.00000000,0.16012782,0
1117000,0.06785108,0.01086723,-0.33408957,-0.64085190,0.00000000,0.49325624,0
1118000,0.09020005,0.04274582,0.00000000,0.00000000,0.00000000,0.00000000,0
1119000,0.28866830,0.10934546,1.98745881,2.30425481,4.62979138,0.22952715,0
1120000,0.10123331,0.04054413,0.00000000,0.00000000,0.00000000,0.00000000,0
1121000,0.10671245,0.07482240,0.22856135,1.74253776,1.54433907,0.65299645,0
1122000,0.08857612,0.01922368,0.00000000,0.00000000,0.00000000,0.00000000,0
1123000,0.05897638,0.06529517,-0.42299290,1.08251922,0.58592393,0.42350903,0
1124000,0.08201660,0.02630540,0.00000000,0.00000000,0.00000000,0.00000000,0
1125000,0.07451893,0.02262893,-0.33639274,-0.24360172,0.00000000,0.09517351,0
1126000,0.06854957,0.00990826,-0.35713301,-0.63955115,0.00000000,0.49543542,0
1127000,0.06630267,0.01877378,-0.32760889,-0.29018598,0.00000000,0.15838677,0
1128000,0.07081483,0.00331363,-0.24698522,-0.90197381,0.00000000,0.44501380,0
1129000,0.13959748,0.09755884,0.82858333,3.04372697,4.97541210,0.59947667,0
1130000,0.07711630,0.03653991,0.00000000,0.00000000,0.00000000,0.00000000,0
1131000,0.16904384,0.02021960,0.78691006,-0.29278212,0.30961372,0.21594036,0
1132000,0.07540710,0.00376380,0.00000000,0.00000000,0.00000000,0.00000000,0
1133000,0.09192060,0.06203096,-0.08810394,0.89447825,0.40004567,0.02132597,0
1134000,0.10145067,0.02093928,0.12215754,-0.21529014,0.00746123,0.36098784,0
1135000,0.04865000,0.00706186,-0.52012091,-0.69691302,0.00000000,0.36519807,0
1136000,0.07261958,0.08075449,0.00000000,0.00000000,0.00000000,0.00000000,0
1137000,0.05340018,0.03088102,-0.49067105,0.01676188,0.00014048,0.25921587,0
1138000,0.12030467,0.01797152,0.53329525,-0.30050308,0.14220191,0.69442342,0
1139000,0.17167735,0.09021573,1.46672567,2.39669253,3.94770964,0.28634542,0
1140000,0.06987824,0.03635874,-0.14450062,0.47231212,0.11153937,1.45894722,0
1141000,0.08481918,0.03651940,0.13200911,0.51598556,0.14183375,1.14607760,0
1142000,0.10380703,0.07346306,0.00000000,0.00000000,0.00000000,0.00000000,0
1143000,0.12725900,0.01145184,0.41353532,-0.49472118,0.08550573,0.20603618,0
1144000,0.06225016,0.08624090,-0.23949142,1.96039587,1.92157598,0.11389795,0
1145000,0.09850286,0.01176117,0.31570183,-0.46850260,0.04983382,0.70457028,0
1146000,0.07501802,0.04022482,0.00000000,0.00000000,0.00000000,0.00000000,0
1147000,0.05538535,0.00559340,-0.42418760,-0.70917344,0.00000000,0.21132733,0
1148000,0.06709313,0.00722958,-0.26299895,-0.67872275,0.00000000,0.34066602,0
1149000,0.04876871,0.06744084,-0.47616697,1.76257544,1.55333609,0.27580913,0
1150000,0.11501223,0.00401265,0.00000000,0.00000000,0.00000000,0.00000000,0
1151000,0.09260755,0.07570275,0.04189797,1.96707960,1.93557880,0.46798881,0
1152000,0.04746442,0.02445541,-0.54927924,-0.00799904,0.00000000,0.95150077,0
1153000,0.20540528,0.00194645,0.00000000,0.00000000,0.00000000,0.00000000,0
1154000,0.13125925,0.01667952,0.69759306,-0.34284479,0.24331804,0.99702325,0
1155000,0.15255712,0.07525005,0.00000000,0.00000000,0.00000000,0.00000000,0
1156000,0.15397885,0.05653913,0.57197483,0.57049310,0.32630879,0.48186326,0
1157000,0.07411666,0.06430134,-0.21282534,1.05314034,0.55455229,0.91485928,0
1158000,0.14751121,0.01332948,0.88047464,-0.44676203,0.38761779,0.15054935,0
1159000,0.04882560,0.02872798,-0.52685235,0.11063083,0.00611959,0.74641612,0
1160000,0.08503420,0.08685077,0.00000000,0.00000000,0.00000000,0.00000000,0
1161000,0.20634295,0.05967965,1.52174003,1.68800065,2.58251945,0.33159733,0
1162000,0.20228751,0.04665388,0.00000000,0.00000000,0.00000000,0.00000000,0
1163000,0.06445403,0.05196680,0.00000000,0.00000000,0.00000000,0.00000000,0
1164000,0.10461099,0.00357703,0.12954937,-0.86215650,0.00839152,0.12741735,0
1165000,0.23207946,0.12837510,0.00000000,0.00000000,0.00000000,0.00000000,0
1166000,0.07711627,0.02524566,-0.38658190,-0.29118698,0.00000000,0.02690062,0
1167000,0.08714806,0.01294993,-0.17329646,-0.54293696,0.00000000,0.15872199,0
1168000,0.04942825,0.01530211,-0.49788772,-0.45063405,0.00000000,0.25298657,0
1169000,0.06720838,0.02987249,-0.29520670,0.04281421,0.00091653,0.05054962,0
1170000,0.10694551,0.00879123,0.19083140,-0.67050872,0.01820831,0.51129829,0
1171000,0.05159782,0.04654789,-0.46858403,0.72231683,0.26087080,0.41782736,0
1172000,0.07392412,0.03923262,-0.16859810,0.48884820,0.11948628,1.37687027,0
1173000,0.04488779,0.00946696,-0.54699619,-0.64629036,0.00000000,0.16685085,0
1174000,0.08067466,0.00179481,-0.02736735,-0.96090109,0.00000000,0.47992799,0
1175000,0.06281573,0.01329322,0.00000000,0.00000000,0.00000000,0.00000000,0
1176000,0.25672117,0.00327223,2.47747853,-0.85665904,3.06894993,0.19755727,0
1177000,0.26499826,0.05033551,3.07699228,1.09961330,5.33851545,0.48274201,0
1178000,0.11926534,0.07966924,0.00000000,0.00000000,0.00000000,0.00000000,0
1179000,0.07467820,0.02861132,-0.13981851,0.04866349,0.00118407,0.34633753,0
1180000,0.06597061,0.06299847,-0.24002212,1.40444981,0.98623964,0.30280188,0
1181000,0.12381147,0.00560382,0.00000000,0.00000000,0.00000000,0.00000000,0
1182000,0.10938706,0.07423210,0.39450560,2.48162929,3.15705931,0.12365338,0
1183000,0.11458962,0.06802529,0.00000000,0.00000000,0.00000000,0.00000000,0
1184000,0.06453093,0.03730079,-0.26572734,0.12428657,0.00772358,0.04161659,0
1185000,0.07248419,0.00807880,-0.06957068,-0.57904391,0.00000000,0.14915624,0
1186000,0.05235491,0.02703980,-0.34067539,0.07755105,0.00300708,0.12429269,0
1187000,0.11062925,0.00217856,0.72135873,-0.81203290,0.26017921,0.63927281,0
1188000,0.05265472,0.06686585,-0.34209813,1.70770171,1.45812256,0.94602482,0
1189000,0.17025051,0.02651520,2.00255016,0.12893453,2.01341563,1.18473866,0
1190000,0.20284510,0.09837263,0.00000000,0.00000000,0.00000000,0.00000000,0
1191000,0.08329125,0.01251611,0.00000000,0.00000000,0.00000000,0.00000000,0
1192000,0.21129614,0.10158551,1.55443601,2.07639652,3.36384689,0.39411432,0
1193000,0.09517249,0.10525337,0.21407361,2.68494818,3.62738711,0.45565079,0
1194000,0.10689683,0.00244211,0.46114304,-0.80251300,0.10632645,0.51197944,0
1195000,0.06739391,0.05575469,0.00000000,0.00000000,0.00000000,0.00000000,0
1196000,0.06723308,0.03078600,0.00000000,0.00000000,0.00000000,0.00000000,0
1197000,0.06650978,0.00392155,-0.22916437,-0.75906403,0.00000000,0.58307575,0
1198000,0.24087763,0.07272342,0.00000000,0.00000000,0.00000000,0.00000000,0
1199000,0.10399334,0.02823882,0.01636845,-0.03180158,0.00013396,0.08010373,0
1200000,0.04959755,0.03594307,-0.45596109,0.24047866,0.02891499,0.05081439,0
1201000,0.07578398,0.06381820,0.00000000,0.00000000,0.00000000,0.00000000,0
1202000,0.09999564,0.03712793,0.21506148,0.45894523,0.12844108,0.19338462,0
1203000,0.21384768,0.00752723,0.00000000,0.00000000,0.00000000,0.00000000,0
1204000,0.06768160,0.01104526,-0.33000560,-0.52621722,0.00000000,0.00000000,0
1205000,0.08154562,0.00633447,-0.10130537,-0.75349882,0.00000000,0.37458997,0
1206000,0.11327323,0.02453921,0.00000000,0.00000000,0.00000000,0.00000000,0
1207000,0.19726472,0.00812468,1.21415477,-0.61972753,0.73708590,0.08039966,0
1208000,0.07602605,0.02869694,-0.18215118,0.02134694,0.00022785,0.18563308,0
1209000,0.09105001,0.00329266,0.08476471,-0.77719878,0.00359253,0.07863723,0
1210000,0.04999016,0.01071242,-0.52980655,-0.53306309,0.00000000,0.19423116,0
1211000,0.12146225,0.00253950,0.00000000,0.00000000,0.00000000,0.00000000,0
1212000,0.10315876,0.09850369,-0.04258125,1.51902303,1.15371549,0.00178609,0
1213000,0.05146242,0.00348036,-0.51774787,-0.74513202,0.00000000,0.07758234,0
1214000,0.12003529,0.02297961,0.00000000,0.00000000,0.00000000,0.00000000,0
1215000,0.06229315,0.00078754,-0.16670020,-1.13827883,0.00000000,0.65316007,0
1216000,0.12523885,0.04696741,0.00000000,0.00000000,0.00000000,0.00000000,0
1217000,0.10818783,0.08008196,0.11725883,1.37872102,0.95731064,0.01387849,0
1218000,0.06031781,0.03715998,-0.34797158,0.28110086,0.03950885,0.13252617,0
1219000,0.06397896,0.01468240,-0.27117897,-0.40910415,0.00000000,0.39427401,0
1220000,0.06149874,0.02246133,-0.28172630,-0.10070171,0.00000000,0.12923807,0
1221000,0.04573413,0.03616701,-0.50877838,0.46324503,0.10729798,0.39889122,0
1222000,0.15127143,0.03240306,1.18133840,0.35209796,0.75976669,0.39204925,0
1223000,0.10852864,0.03258382,0.00000000,0.00000000,0.00000000,0.00000000,0
1224000,0.09239969,0.02471932,0.00000000,0.00000000,0.00000000,0.00000000,0
1225000,0.10777339,0.00228222,0.45734323,-0.92620916,0.10458141,0.00000000,0
1226000,0.11195525,0.02012910,0.70558110,-0.14218416,0.24892234,0.62041629,0
1227000,0.10070669,0.09050080,0.00000000,0.00000000,0.00000000,0.00000000,0
1228000,0.06781110,0.14903025,0.00000000,0.00000000,0.00000000,0.00000000,0
1229000,0.14831039,0.02398493,0.72477643,-0.19128396,0.26265044,0.08500012,0
1230000,0.07606967,0.06072953,0.00000000,0.00000000,0.00000000,0.00000000,0
1231000,0.06495824,0.06208087,-0.40793366,0.82993404,0.34439526,0.10624977,0
1232000,0.14742382,0.03917373,0.76187799,0.33366159,0.34589406,0.01961022,0
1233000,0.11460399,0.01228185,0.40231372,-0.52240020,0.08092816,0.13430604,0
1234000,0.11137881,0.01827607,0.00000000,0.00000000,0.00000000,0.00000000,0
1235000,0.06391372,0.04732968,-0.33031790,0.67711517,0.22924248,0.30983837,0
1236000,0.05997879,0.05642066,-0.35714210,1.20631195,0.72759426,0.33927592,0
1237000,0.06855848,0.01516105,-0.19578006,-0.41074211,0.00000000,0.67183367,0
1238000,0.06382982,0.01353908,0.00000000,0.00000000,0.00000000,0.00000000,0
1239000,0.05130104,0.01316450,-0.49474211,-0.47035937,0.00000000,0.02176093,0
1240000,0.20494246,0.07759308,1.64878387,1.78520284,2.95271873,0.28947824,0
1241000,0.05287322,0.05214006,-0.45820228,1.03578691,0.53642726,0.34366042,0
1242000,0.27526873,0.01803496,0.00000000,0.00000000,0.00000000,0.00000000,0
1243000,0.27386668,0.12891129,0.00000000,0.00000000,0.00000000,0.00000000,0
1244000,0.06973987,0.06866529,-0.42769414,0.41431153,0.08582702,0.00820027,0
1245000,0.07156406,0.05623066,-0.36507850,0.43640900,0.09522641,0.03454802,0
1246000,0.09280472,0.08746025,0.00000000,0.00000000,0.00000000,0.00000000,0
1247000,0.14896066,0.04211394,0.25493772,0.04444814,0.03348444,0.00000000,0
1248000,0.04377640,0.02229604,-0.68542167,-0.24619438,0.00000000,0.04189929,0
1249000,0.04214828,0.04585963,-0.70903807,0.48609452,0.11814394,0.30484206,0
1250000,0.05546014,0.01091982,-0.53427715,-0.55842037,0.00000000,0.53219316,0
1251000,0.11330549,0.02237716,0.00000000,0.00000000,0.00000000,0.00000000,0
1252000,0.05448743,0.00536213,-0.52943694,-0.87060543,0.00000000,0.10241342,0
1253000,0.15080568,0.11597938,0.00000000,0.00000000,0.00000000,0.00000000,0
1254000,0.08851912,0.07141185,-0.23720346,0.60583827,0.18352000,0.02628228,0
1255000,0.09939186,0.04553902,0.00000000,0.00000000,0.00000000,0.00000000,0
1256000,0.12614824,0.00607442,0.52323856,-0.71957209,0.13688930,0.16280064,0
1257000,0.16873942,0.00409281,0.00000000,0.00000000,0.00000000,0.00000000,0
1258000,0.07725038,0.01461140,-0.25246158,-0.48392812,0.00000000,0.03645344,0
1259000,0.17729156,0.04327322,1.24490264,0.45535783,0.87856667,0.13935272,0
1260000,0.09405535,0.02027656,0.00000000,0.00000000,0.00000000,0.00000000,0
1261000,0.05092845,0.01952909,-0.58132961,-0.36577839,0.00000000,0.31168969,0
1262000,0.07652085,0.05258093,-0.19346832,0.69522308,0.24166756,0.25119669,0
1263000,0.10628484,0.01304225,0.00000000,0.00000000,0.00000000,0.00000000,0
1264000,0.06897254,0.02949270,-0.38141130,-0.01544372,0.00000000,0.14784742,0
1265000,0.07586536,0.09158474,0.00000000,0.00000000,0.00000000,0.00000000,0
1266000,0.17387831,0.05548992,0.99441820,0.78806299,0.80495541,0.13716147,0
1267000,0.13471827,0.06354781,0.63919508,1.26521888,1.00467458,0.09205124,0
1268000,0.07053687,0.01361501,-0.29688126,-0.52532305,0.00000000,0.81885697,0
1269000,0.08846493,0.01568415,0.02589767,-0.42739723,0.00033534,0.33515272,0
1270000,0.12598272,0.04719940,0.00000000,0.00000000,0.00000000,0.00000000,0
1271000,0.06992462,0.04347953,0.00000000,0.00000000,0.00000000,0.00000000,0
1272000,0.13355325,0.02417482,0.44525174,-0.24481638,0.09912456,0.69001514,0
1273000,0.14183199,0.01483419,0.80087673,-0.42589390,0.32070177,0.44579396,0
1274000,0.09513415,0.03399178,0.00000000,0.00000000,0.00000000,0.00000000,0
1275000,0.08146748,0.01046682,-0.09989720,-0.66703997,0.00000000,0.00000000,0
1276000,0.05804464,0.05748970,0.00000000,0.00000000,0.00000000,0.00000000,0
1277000,0.14817578,0.05006316,0.00000000,0.00000000,0.00000000,0.00000000,0
1278000,0.06968136,0.00164480,-0.39771895,-0.87432977,0.00000000,0.28760208,0
1279000,0.09746552,0.04290778,0.04853036,0.58940704,0.17487792,0.29109433,0
1280000,0.13384341,0.03757550,0.69086778,0.48278108,0.35518793,0.38380916,0
1281000,0.08199354,0.02677540,-0.10322416,0.07266451,0.00264007,0.61534941,0
1282000,0.09565293,0.02615539,0.00000000,0.00000000,0.00000000,0.00000000,0
1283000,0.07505727,0.01339426,-0.34363781,-0.52770112,0.00000000,0.26291729,0
1284000,0.17231894,0.00680885,0.00000000,0.00000000,0.00000000,0.00000000,0
1285000,0.07423882,0.02089936,-0.21663326,-0.24128676,0.00000000,0.23419534,0
1286000,0.13169344,0.03608814,0.75967061,0.54703643,0.43817415,0.35773195,0
1287000,0.10378449,0.00833358,0.37504427,-0.79712358,0.07032910,0.58499091,0
1288000,0.07525904,0.05539023,-0.11920109,1.72275600,1.48394411,1.17451294,0
1289000,0.04676870,0.03255967,0.00000000,0.00000000,0.00000000,0.00000000,0
1290000,0.21396188,0.10547958,0.32184329,0.70641852,0.30130511,0.00062627,0
1291000,0.09317849,0.09650496,-0.38636155,0.88682723,0.39323127,1.15408845,0
1292000,0.29096809,0.10832826,1.39964046,1.32745063,1.86055929,0.26796549,0
1293000,0.07740054,0.06579100,-0.40264453,0.63248475,0.20001848,0.03143471,0
1294000,0.05346920,0.01926668,-0.61690012,-0.34162453,0.00000000,0.02342396,0
1295000,0.12973770,0.03174160,0.18101126,-0.03985022,0.01638254,0.56718528,0
1296000,0.07883530,0.02820526,-0.32161239,-0.09381940,0.00000000,0.02005909,0
1297000,0.14033709,0.01527552,0.40843377,-0.42016817,0.08340907,0.02495827,0
1298000,0.08438320,0.08131738,-0.23130037,1.43465775,1.02912143,0.20805942,0
1299000,0.08929516,0.01648698,-0.16315958,-0.38964233,0.00000000,0.04884973,0
1300000,0.05406632,0.04107198,-0.58982881,0.34895337,0.06088423,0.21323928,0
1301000,0.07438389,0.04125096,-0.31993930,0.37628577,0.07079549,0.19902124,0
1302000,0.05856935,0.03543290,-0.52065672,0.21541377,0.02320155,0.24947563,0
1303000,0.14646973,0.00271414,0.00000000,0.00000000,0.00000000,0.00000000,0
1304000,0.08189472,0.01818306,-0.14131068,-0.35824834,0.00000000,0.22348766,0
1305000,0.12039123,0.04528714,0.52610402,0.71264386,0.39232336,0.09547906,0
1306000,0.34412542,0.03040036,4.52013456,0.20055627,10.23591964,0.85462102,0
1307000,0.16935220,0.03116502,0.00000000,0.00000000,0.00000000,0.00000000,0
1308000,0.12437872,0.00694887,0.25228914,-0.68942849,0.03182490,0.03611005,0
1309000,0.12407916,0.05052775,0.43398332,0.80681225,0.41964376,0.14147629,0
1310000,0.09864540,0.01516152,0.15792881,-0.42097814,0.01247075,0.26157446,0
1311000,0.07258446,0.02154885,-0.20111727,-0.15110035,0.00000000,0.13818082,0
1312000,0.09997131,0.01005223,0.29176328,-0.62384451,0.04256291,0.45304211,0
1313000,0.24232900,0.05621924,0.00000000,0.00000000,0.00000000,0.00000000,0
1314000,0.05022703,0.01378899,-0.56360562,-0.52332063,0.00000000,0.63764369,0
1315000,0.35515133,0.10357150,0.00000000,0.00000000,0.00000000,0.00000000,0
1316000,0.04540690,0.08592438,-0.63763884,1.83628727,1.68597548,0.07128028,0
1317000,0.04496090,0.09368155,-0.64105074,2.60873053,3.40273749,0.42549611,0
1318000,0.05852877,0.00392278,-0.39688458,-0.93269699,0.00000000,0.18583667,0
1319000,0.06176381,0.04136189,0.00000000,0.00000000,0.00000000,0.00000000,0
1320000,0.38221991,0.20363273,4.11403786,6.13761919,27.29783840,0.48059086,0
1321000,0.26170713,0.02396261,0.00000000,0.00000000,0.00000000,0.00000000,0
1322000,0.09569674,0.02172175,0.00000000,0.00000000,0.00000000,0.00000000,0
1323000,0.10167331,0.07811061,-0.01871325,0.78161600,0.30546178,0.27137905,0
1324000,0.09408532,0.11901768,0.04671043,2.19974778,2.42053607,0.22329841,0
1325000,0.08849862,0.06492147,0.04868538,1.06920193,0.57278152,0.08630140,0
1326000,0.06974737,0.02134246,-0.22035997,-0.16089105,0.00000000,0.23502522,0
1327000,0.13758536,0.01610191,1.01368840,-0.32284054,0.51378208,0.15236838,0
1328000,0.16137914,0.15840347,0.00000000,0.00000000,0.00000000,0.00000000,0
1329000,0.12224854,0.01019960,0.62665192,-0.57515801,0.19634631,0.42621189,0
1330000,0.19082099,0.03407562,1.98795598,0.41388122,2.06163332,0.33577331,0
1331000,0.07897435,0.02201486,-0.04140314,-0.07591425,0.00000000,0.52455153,0
1332000,0.09208000,0.11625033,0.00000000,0.00000000,0.00000000,0.00000000,0
1333000,0.15856032,0.06258572,0.08184103,0.29169775,0.04589276,0.00000000,0
1334000,0.12033200,0.02175111,-0.02376783,-0.34440190,0.00000000,0.00442418,0
1335000,0.13157381,0.00142559,0.18579662,-0.76919631,0.01726019,0.10538108,0
1336000,0.07625592,0.03041755,-0.26488984,-0.03284665,0.00000000,0.02576618,0
1337000,0.08516531,0.01628689,-0.16098092,-0.40358445,0.00000000,0.06218529,0
1338000,0.18622938,0.03343504,0.95189279,0.11932455,0.46016912,0.10195886,0
1339000,0.15485963,0.01852363,0.66051698,-0.32308909,0.21814134,0.13490267,0
1340000,0.08291264,0.08324896,-0.14141913,1.77254783,1.57096291,0.15893395,0
1341000,0.15550235,0.04340608,0.00000000,0.00000000,0.00000000,0.00000000,0
1342000,0.07359997,0.06979631,-0.37521334,1.15704580,0.66937750,0.27307895,0
1343000,0.15500219,0.02929102,0.81137195,0.02881647,0.32957741,0.16317930,0
1344000,0.06839756,0.03403861,0.00000000,0.00000000,0.00000000,0.00000000,0
1345000,0.10188046,0.07385881,-0.06000735,1.43375206,1.02782248,0.02783272,0
1346000,0.09486751,0.08565790,0.03935995,2.30701001,2.66192221,0.11494074,0
1347000,0.09619144,0.01515330,0.13460223,-0.44236431,0.00905888,0.68452836,0
1348000,0.09703036,0.03920374,0.19243974,0.68139267,0.25066452,0.36066140,0
1349000,0.23455329,0.05636539,2.59323864,1.56096137,4.58074352,0.80279451,0
1350000,0.08775239,0.01665179,0.00000000,0.00000000,0.00000000,0.00000000,0
1351000,0.18120843,0.02915859,1.19195135,-0.06597984,0.71037401,0.37583038,0
1352000,0.09052083,0.06389939,0.02026511,1.10658637,0.61247204,0.49439137,0
1353000,0.10844521,0.05313287,0.00000000,0.00000000,0.00000000,0.00000000,0
1354000,0.12979534,0.03454962,0.62326035,0.17249518,0.20910403,0.29964071,0
1355000,0.05049232,0.02870736,0.00000000,0.00000000,0.00000000,0.00000000,0
1356000,0.14288239,0.06742727,1.02749065,1.90509274,2.34255769,0.56999264,0
1357000,0.07999246,0.00405988,0.01906016,-0.91675050,0.00018164,0.62343325,0
1358000,0.15208207,0.02179716,0.00000000,0.00000000,0.00000000,0.00000000,0
1359000,0.11170919,0.02025246,0.22155332,-0.29908660,0.02454294,0.34544861,0
1360000,0.12493603,0.02576187,0.55598205,-0.08420453,0.15455802,0.23512649,0
1361000,0.06026020,0.06532232,0.00000000,0.00000000,0.00000000,0.00000000,0
1362000,0.11279665,0.04442624,0.20798002,0.40017641,0.10169842,0.13635626,0
1363000,0.08974589,0.05583835,0.01655082,1.03048248,0.53108403,0.40054185,0
1364000,0.04151239,0.02670506,-0.76419869,0.03881447,0.00075328,0.39186540,0
1365000,0.05832634,0.00985283,-0.45691861,-0.65284659,0.00000000,0.70601444,0
1366000,0.19311760,0.00602081,0.00000000,0.00000000,0.00000000,0.00000000,0
1367000,0.08422261,0.08881253,-0.22092730,1.41503115,1.00115658,0.03812140,0
1368000,0.07750473,0.07406524,-0.21407212,1.33663492,0.89329645,0.23125113,0
1369000,0.06771918,0.00980893,-0.34273441,-0.64283046,0.00000000,0.22456061,0
1370000,0.07740463,0.02194181,-0.17127850,-0.22268043,0.00000000,0.14590912,0
1371000,0.07848160,0.01972833,0.00000000,0.00000000,0.00000000,0.00000000,0
1372000,0.09159915,0.01142987,-0.06190390,-0.68079345,0.00000000,1.22656177,0
1373000,0.07156947,0.02233755,-0.24599484,-0.16527264,0.00000000,0.10077429,0
1374000,0.04509176,0.02206168,-0.64894262,-0.11643487,0.00000000,0.43754999,0
1375000,0.10589338,0.07342912,0.48796043,2.42459175,3.05837528,0.24034481,0
1376000,0.08305075,0.02460141,0.11030898,0.09415059,0.01051620,0.82070061,0
1377000,0.07358031,0.01423124,0.00000000,0.00000000,0.00000000,0.00000000,0
1378000,0.05106766,0.03566195,-0.51101710,0.26611215,0.03540784,0.25728404,0
1379000,0.10001937,0.05282045,0.23001697,0.92395846,0.45330352,0.25184367,0
1380000,0.05827392,0.07691894,-0.39756475,1.92830636,1.85918271,1.12896624,0
1381000,0.11710618,0.03545830,0.66859142,0.44289517,0.32158531,0.39736060,0
1382000,0.10087238,0.04194868,0.42119766,0.74840446,0.36875835,0.25546318,0
1383000,0.17064179,0.01777057,0.00000000,0.00000000,0.00000000,0.00000000,0
1384000,0.06090444,0.03095545,-0.32948611,0.28404353,0.04034036,0.68017404,0
1385000,0.17082870,0.03685276,0.00000000,0.00000000,0.00000000,0.00000000,0
1386000,0.20105699,0.06849719,0.90295914,0.76487973,0.70018810,1.63273011,0
1387000,0.08662651,0.10871656,-0.15124971,2.07610021,2.15509605,0.20558174,0
1388000,0.09813842,0.03021886,0.05196264,-0.01630317,0.00135006,0.09540785,0
1389000,0.11590873,0.05117270,0.32113375,0.69412597,0.29246888,0.38802576,0
1390000,0.11384417,0.03635385,0.32187419,0.23650883,0.07976971,0.56319053,0
1391000,0.08235069,0.04452093,0.00000000,0.00000000,0.00000000,0.00000000,0
1392000,0.07530406,0.01431236,-0.23509560,-0.40206788,0.00000000,0.07282209,0
1393000,0.07457820,0.05916778,-0.20235766,1.00409939,0.50410779,0.08632787,0
1394000,0.06745301,0.05036289,-0.27672866,0.85359660,0.36431358,0.04962760,0
1395000,0.08642960,0.09782042,0.00000000,0.00000000,0.00000000,0.00000000,0
1396000,0.12797387,0.03431636,0.81186229,0.36583110,0.39647638,0.32666170,0
1397000,0.09075704,0.02803943,0.25766955,0.20454218,0.05411555,0.63660450,0
1398000,0.05829058,0.00118505,-0.38281639,-1.05004441,0.00000000,0.37684105,0
1399000,0.14203934,0.01656586,1.53537971,-0.25939906,1.17869543,1.39448258,0
1400000,0.19113934,0.10879364,0.00000000,0.00000000,0.00000000,0.00000000,0
1401000,0.25712779,0.08587658,2.76345586,2.86616021,7.92578132,0.15910292,0
1402000,0.10223279,0.01657693,0.46925166,-0.22737773,0.11009856,0.83086430,0
1403000,0.15609011,0.10955706,1.64500748,4.92995376,13.50524683,0.97775237,0
1404000,0.09480973,0.06150009,0.00000000,0.00000000,0.00000000,0.00000000,0
1405000,0.18636021,0.09330271,1.79059235,2.52801415,4.79853824,0.20311521,0
1406000,0.09337520,0.07135993,0.37879053,2.02461402,2.12127211,0.22650058,0
1407000,0.15487644,0.20592076,0.00000000,0.00000000,0.00000000,0.00000000,0
1408000,0.08962355,0.01676165,0.00000000,0.00000000,0.00000000,0.00000000,0
1409000,0.08174556,0.00629487,-0.04637831,-0.69890526,0.00000000,0.05231781,0
1410000,0.07677301,0.00697857,-0.00454677,-0.67127561,0.00000000,0.50618887,0
1411000,0.07039703,0.03130137,-0.09860946,0.21679330,0.02349967,0.53114871,0
1412000,0.04128354,0.04015303,-0.67635217,0.62729693,0.19675072,0.87797182,0
1413000,0.09354192,0.04744050,0.41923491,1.00410519,0.59199257,0.63940356,0
1414000,0.25715774,0.02641287,0.00000000,0.00000000,0.00000000,0.00000000,0
1415000,0.07641809,0.00283970,-0.24189590,-1.01601933,0.00000000,0.16416383,0
1416000,0.04717460,0.03017754,-0.60705074,0.30422187,0.04627547,0.57501129,0
1417000,0.15557435,0.00384520,0.00000000,0.00000000,0.00000000,0.00000000,0
1418000,0.18251158,0.00695357,0.62000556,-0.74680210,0.19220345,0.01047894,0
1419000,0.08059648,0.01145223,-0.28966837,-0.60374708,0.00000000,0.26146479,0
1420000,0.06688684,0.04236216,-0.37879585,0.30487665,0.04647489,0.00525026,0
1421000,0.06715853,0.01867188,-0.35025484,-0.32584838,0.00000000,0.08160291,0
1422000,0.16331826,0.02125718,0.00000000,0.00000000,0.00000000,0.00000000,0
1423000,0.08385009,0.00539102,-0.14133526,-0.92812150,0.00000000,0.08510192,0
1424000,0.10133366,0.06000844,0.00000000,0.00000000,0.00000000,0.00000000,0
1425000,0.07073114,0.01023771,-0.22738547,-0.63362657,0.00000000,0.25271971,0
1426000,0.14476837,0.00712641,1.40930151,-0.78125290,0.99306537,0.73229933,0
1427000,0.09102783,0.07737743,0.33305510,2.97004426,4.46604431,1.83320019,0
1428000,0.07897406,0.00253266,0.00000000,0.00000000,0.00000000,0.00000000,0
1429000,0.12014959,0.08914666,0.31637950,1.86145266,1.78255100,0.05742424,0
1430000,0.07493906,0.05643833,-0.17777811,1.04308702,0.54401527,0.34484395,0
1431000,0.05906403,0.03398379,0.00000000,0.00000000,0.00000000,0.00000000,0
1432000,0.18351731,0.08280960,0.00000000,0.00000000,0.00000000,0.00000000,0
1433000,0.10020068,0.01112557,0.07906761,-0.46580980,0.00312584,0.02865790,0
1434000,0.10221507,0.08470918,0.26886539,1.89292426,1.82772542,0.06301174,0
1435000,0.04630059,0.01964702,-0.55937215,-0.13560115,0.00000000,0.24925900,0
1436000,0.15348274,0.00952643,1.41291117,-0.51389012,0.99815899,0.37635121,0
1437000,0.04253885,0.02134277,-0.61269483,-0.02805229,0.00000000,0.43057261,0
1438000,0.07829358,0.02832475,0.11655968,0.29105036,0.04914824,0.34010065,0
1439000,0.07436007,0.05861709,0.00000000,0.00000000,0.00000000,0.00000000,0
1440000,0.14143516,0.06522114,0.62248793,0.91135840,0.60903268,0.18466251,0
1441000,0.09385778,0.01676781,0.15636816,-0.25111963,0.01222550,0.27152150,0
1442000,0.06798134,0.09761668,-0.17575241,2.38401800,2.84177091,0.52870723,0
1443000,0.05631943,0.01919069,-0.32193755,-0.15312367,0.00000000,0.19494680,0
1444000,0.06243578,0.05557156,-0.20518781,1.21587193,0.73917228,0.14959507,0
1445000,0.14058284,0.00230422,1.22478880,-0.79672129,0.75005380,0.15866079,0
1446000,0.06688457,0.02994937,-0.09703603,0.31298170,0.04897877,1.44102609,0
1447000,0.18610667,0.14123783,2.22632587,5.03561183,15.15695668,0.43225433,0
1448000,0.08110043,0.05420779,0.21308211,1.41218819,1.01983973,0.38848839,0
1449000,0.05847445,0.01363934,-0.23169383,-0.35441003,0.00000000,0.80554657,0
1450000,0.06691996,0.07939053,-0.05028667,2.64810951,3.50624199,0.29615525,0
1451000,0.05191664,0.07699963,0.00000000,0.00000000,0.00000000,0.00000000,0
1452000,0.08176504,0.08405031,0.00000000,0.00000000,0.00000000,0.00000000,0
1453000,0.07128995,0.02540857,-0.24698448,-0.02567173,0.00000000,0.03337844,0
1454000,0.06584194,0.01705812,-0.20797406,-0.24280759,0.00000000,0.10740088,0
1455000,0.06403558,0.00872555,-0.17859646,-0.59776094,0.00000000,0.84490237,0
1456000,0.07705151,0.06249033,0.11696493,2.11126273,2.23555555,0.33611277,0
1457000,0.10717854,0.01919178,0.81056373,-0.06819735,0.32850678,0.84070284,0
1458000,0.06035143,0.04568823,0.00000000,0.00000000,0.00000000,0.00000000,0
1459000,0.14912033,0.00642708,0.71927954,-0.75070482,0.25868153,0.02722102,0
1460000,0.06334841,0.00700782,-0.35441010,-0.71369880,0.00000000,0.19869377,0
1461000,0.05982684,0.03013697,-0.38291995,0.17414082,0.01516251,0.66175328,0
1462000,0.15151803,0.10764653,0.00000000,0.00000000,0.00000000,0.00000000,0
1463000,0.12854472,0.01074132,0.33768605,-0.58521490,0.05701593,0.16031714,0
1464000,0.37990040,0.00519023,4.19607443,-0.75159273,8.80352031,0.20059828,0
1465000,0.09499396,0.07509302,0.08705578,1.74449114,1.52541403,0.10617837,0
1466000,0.24488759,0.01631438,2.69528672,-0.36120295,3.63228524,0.54085120,0
1467000,0.13776682,0.11456250,0.96979511,3.67478076,7.22225808,0.67217254,0
1468000,0.07797688,0.06251790,-0.05979978,1.65486983,1.36929708,0.75081095,0
1469000,0.07153119,0.06108056,-0.15656377,1.67620022,1.40482358,0.85139626,0
1470000,0.07212583,0.00122018,-0.12859116,-1.00168164,0.00000000,0.75871407,0
1471000,0.21864960,0.03972477,2.88600936,0.80808821,4.49102830,0.36664442,0
1472000,0.18271481,0.12552057,2.22399508,4.98461703,14.89628052,1.14983608,0
1473000,0.09373806,0.03908547,0.00000000,0.00000000,0.00000000,0.00000000,0
1474000,0.07484362,0.04063053,-0.00422932,0.85559954,0.36602529,1.08898905,0
1475000,0.07229878,0.01687467,-0.00165389,-0.22940023,0.00000000,0.39092700,0
1476000,0.21589874,0.04514645,0.00000000,0.00000000,0.00000000,0.00000000,0
1477000,0.08391404,0.00153743,-0.07770047,-0.77698126,0.00000000,0.20855819,0
1478000,0.14240988,0.06858838,0.93041073,1.52532160,1.59613505,0.19139873,0
1479000,0.07495082,0.02821414,-0.00333273,0.20389363,0.02078631,0.24168187,0
1480000,0.07671083,0.03781037,0.08494439,0.66981679,0.22793504,1.18081373,0
1481000,0.18137437,0.03862685,2.17225012,0.76968061,2.65553941,0.38852948,0
1482000,0.12808670,0.08816385,1.20997071,3.17838750,5.78308812,0.69919864,0
1483000,0.13376302,0.01871100,1.39809923,-0.09486620,0.97734073,0.62914005,0
1484000,0.06335048,0.08194358,-0.07802545,3.12999396,4.89843110,0.35415449,0
1485000,0.06710330,0.02535952,0.02173595,0.27331362,0.03758639,0.94923514,0
1486000,0.15434694,0.04817234,2.03497489,1.50690416,3.20594148,2.13278511,0
1487000,0.07952419,0.05911334,0.00000000,0.00000000,0.00000000,0.00000000,0
1488000,0.06723733,0.08529959,-0.05486646,3.37457958,5.69389366,1.01958489,0
1489000,0.19795671,0.15274963,2.86598948,7.59527339,32.95103678,1.32550200,0
1490000,0.08941279,0.03669796,0.00000000,0.00000000,0.00000000,0.00000000,0
1491000,0.07914986,0.05616816,0.00000000,0.00000000,0.00000000,0.00000000,0
1492000,0.06511038,0.11313418,-0.22358195,3.98622649,7.94500080,0.28492757,0
1493000,0.08478996,0.10235228,0.21697115,4.01109753,8.06798994,0.32002588,0
1494000,0.14860724,0.04856030,0.00000000,0.00000000,0.00000000,0.00000000,0
1495000,0.15475151,0.19528413,0.83623621,4.97515431,12.72572572,0.15080168,0
1496000,0.05406003,0.06889980,-0.40483770,1.49383450,1.11577076,0.54373576,0
1497000,0.06682436,0.10056367,0.00000000,0.00000000,0.00000000,0.00000000,0
1498000,0.13583475,0.03312489,0.87450852,0.41106189,0.46686852,0.20079711,0
1499000,0.07312949,0.02305087,-0.07556191,0.04876253,0.00118889,0.45465858,0
1500000,0.22295180,0.00308803,2.95099234,-0.95788580,4.35417790,0.95999879,0
1501000,0.05756762,0.05923427,0.00000000,0.00000000,0.00000000,0.00000000,0
1502000,0.08480345,0.06339636,0.00518150,1.88907562,1.78431677,1.08549298,0
1503000,0.09397434,0.02442911,0.00000000,0.00000000,0.00000000,0.00000000,0
1504000,0.06382076,0.03254399,-0.29498603,0.43552090,0.09483923,0.79690041,0
1505000,0.07624404,0.01081095,0.00000000,0.00000000,0.00000000,0.00000000,0
1506000,0.24900232,0.04294211,2.40760056,0.42208745,2.98734915,0.30865653,0
1507000,0.08067591,0.12655334,-0.08609879,3.34859994,5.60656078,0.18958469,0
1508000,0.04203513,0.01667757,-0.71360325,-0.30086367,0.00000000,0.12967953,0
1509000,0.04853462,0.00676971,-0.56308332,-0.66195225,0.00000000,0.30809946,0
1510000,0.07057009,0.04355188,-0.11416258,0.84972019,0.36101220,0.73356165,0
1511000,0.08825256,0.01080001,0.28261962,-0.51121759,0.03993693,0.66345521,0
1512000,0.21776730,0.02102401,3.12157103,-0.05280695,4.87210286,0.77536865,0
1513000,0.29591224,0.01653427,0.00000000,0.00000000,0.00000000,0.00000000,0
1514000,0.16928719,0.03477167,1.58186650,0.69572802,1.49316956,0.18830088,0
1515000,0.07284993,0.07943688,0.00000000,0.00000000,0.00000000,0.00000000,0
1516000,0.07849057,0.02772424,-0.21017962,-0.08715503,0.00000000,0.02260765,0
1517000,0.06962941,0.06263923,-0.21528781,0.95557832,0.45656497,0.20618638,0
1518000,0.09644118,0.07187316,0.29215938,1.43497813,1.07225967,0.19028961,0
1519000,0.06045870,0.02191074,-0.28404685,-0.07446535,0.00000000,0.53763872,0
1520000,0.23613526,0.08842727,2.99252412,2.33133935,7.19517189,0.51432089,0
1521000,0.24453667,0.00533769,0.00000000,0.00000000,0.00000000,0.00000000,0
1522000,0.07253791,0.04707778,-0.01420947,1.18240608,0.69904207,0.09746792,0
1523000,0.09208042,0.00252191,0.42532168,-0.99501134,0.09044927,0.78983821,0
1524000,0.10799427,0.06747790,0.00000000,0.00000000,0.00000000,0.00000000,0
1525000,0.12581736,0.04147758,0.57784162,0.45657334,0.27118007,0.05754588,0
1526000,0.05313365,0.07344940,-0.43901027,1.83055865,1.67547249,0.23747107,0
1527000,0.08390702,0.02534485,0.16336050,0.10764111,0.01913663,0.72123127,0
1528000,0.06907175,0.01046627,-0.07980797,-0.49664399,0.00000000,0.24768022,0
1529000,0.10921180,0.02025212,0.81068225,-0.03409659,0.32860286,0.18488755,0
1530000,0.09111962,0.09810422,0.00000000,0.00000000,0.00000000,0.00000000,0
1531000,0.06053448,0.02121003,-0.40981773,-0.24194021,0.00000000,0.24315256,0
1532000,0.07247821,0.01749377,-0.08154196,-0.27999878,0.00000000,0.08329972,0
1533000,0.06923483,0.05235784,-0.06067751,1.37667412,0.94761581,0.09999201,0
1534000,0.05773398,0.02433735,-0.24937850,0.13662690,0.00933345,0.52912018,0
1535000,0.05916390,0.00551376,-0.20149550,-0.79595249,0.00000000,0.53126386,0
1536000,0.28405538,0.05737867,4.73339508,1.97613518,13.15506959,1.42245335,0
1537000,0.08950025,0.10653311,0.00000000,0.00000000,0.00000000,0.00000000,0
1538000,0.05822518,0.06953277,-0.36510375,1.81074016,1.63938996,0.25104221,0
1539000,0.12207966,0.08022983,0.86980477,2.61694922,3.80249176,0.20896519,0
1540000,0.06434931,0.07099152,-0.12179083,2.44018137,2.97724255,0.41381576,0
1541000,0.05532856,0.01006125,-0.28255129,-0.54623979,0.00000000,0.63772483,0
1542000,0.23802039,0.05993828,3.68678095,2.15620690,9.12079099,1.18943432,0
1543000,0.05570706,0.06088120,0.00000000,0.00000000,0.00000000,0.00000000,0
1544000,0.09561250,0.05533887,0.55493433,2.31016457,2.82240623,0.27826187,0
1545000,0.08978838,0.07049418,0.00000000,0.00000000,0.00000000,0.00000000,0
1546000,0.05596080,0.04276732,-0.29979543,0.74676941,0.27883228,0.19631067,0
1547000,0.34205770,0.06147997,4.95509422,1.78823046,13.87536346,0.84421790,0
1548000,0.06453917,0.05562342,-0.05003938,1.70863109,1.45971010,0.49055675,0
1549000,0.21437155,0.02200687,3.12979673,0.06090193,4.89966830,0.76813677,0
1550000,0.06001861,0.09932853,0.00000000,0.00000000,0.00000000,0.00000000,0
1551000,0.05391105,0.04654719,-0.33317725,1.62276593,1.31668464,0.77586317,0
1552000,0.08222786,0.05795127,0.29684761,2.46768810,3.08880154,0.54423673,0
1553000,0.06839150,0.01867986,0.00000000,0.00000000,0.00000000,0.00000000,0
1554000,0.19148652,0.02228794,1.40752863,-0.09999373,0.99056842,0.11033155,0
1555000,0.16468723,0.04927989,1.30126630,0.91876996,1.26871611,0.37595712,0
1556000,0.08565474,0.00972895,0.16004767,-0.50012310,0.01280763,0.60870237,0
1557000,0.25505117,0.09160902,0.00000000,0.00000000,0.00000000,0.00000000,0
1558000,0.17041680,0.00415077,1.62746390,-0.86161042,1.32431937,1.02482157,0
1559000,0.09670708,0.12602210,0.00000000,0.00000000,0.00000000,0.00000000,0
1560000,0.05276304,0.00394438,-0.56937726,-0.86019583,0.00000000,0.19960227,0
1561000,0.06556439,0.04825449,-0.31264198,0.93636451,0.43838925,0.13541579,0
1562000,0.12182381,0.12884858,0.67953334,4.74990652,11.51168877,0.42374465,0
1563000,0.13428955,0.01624385,0.00000000,0.00000000,0.00000000,0.00000000,0
1564000,0.05321791,0.06828411,-0.38674829,2.33416164,2.72415529,0.29951878,0
1565000,0.07330682,0.02291550,0.00962180,0.14170391,0.01008629,0.82624785,0
1566000,0.26247942,0.00233051,0.00000000,0.00000000,0.00000000,0.00000000,0
1567000,0.18921651,0.10141261,0.37423443,0.95298688,0.52411770,0.02602377,0
1568000,0.06765169,0.01033609,-0.53605734,-0.62999395,0.00000000,0.02097358,0
1569000,0.09142639,0.05089623,-0.23491111,0.34957106,0.06109996,0.07400299,0
1570000,0.08743864,0.07464261,-0.22324571,1.04169158,0.54256068,0.17956585,0
1571000,0.09167115,0.00219462,-0.12929916,-0.79425982,0.00000000,1.08156340,0
1572000,0.13647850,0.02416968,0.44938644,-0.17827998,0.10097409,0.16807011,0
1573000,0.06176903,0.01179788,-0.44871557,-0.52042698,0.00000000,0.25343389,0
1574000,0.22345923,0.04958467,1.68931257,0.64853457,1.63718702,0.07838073,0
1575000,0.10602697,0.02273321,0.18758115,-0.15621565,0.01759334,0.23106575,0
1576000,0.13781869,0.00743978,0.66228989,-0.64016327,0.21931395,0.10223354,0
1577000,0.15129207,0.10258047,0.89707768,2.59485637,3.76901396,0.20524135,0
1578000,0.11794053,0.07466347,0.45070749,1.70452077,1.55426414,0.21293863,0
1579000,0.16734332,0.15816461,0.00000000,0.00000000,0.00000000,0.00000000,0
1580000,0.07844757,0.00960609,-0.39747922,-0.57975728,0.00000000,0.05486802,0
1581000,0.32695135,0.03174946,2.45088905,-0.06302734,3.00342856,0.08437299,0
1582000,0.05345764,0.01761524,-0.53041108,-0.32397605,0.00000000,0.06455026,0
1583000,0.07148030,0.07608712,-0.27646348,1.27711841,0.81551572,0.04490934,0
1584000,0.12198212,0.08512601,0.46928627,1.68105270,1.52308389,0.05847141,0
1585000,0.14251858,0.03015242,0.83773633,0.11688863,0.35773255,0.08726869,0
1586000,0.08360536,0.05911703,0.01369860,1.07948817,0.58274118,0.14989839,0
1587000,0.07859998,0.04777767,0.00000000,0.00000000,0.00000000,0.00000000,0
1588000,0.20571873,0.05962128,1.96482253,1.42425699,2.94451778,0.12954121,0
1589000,0.08970024,0.08223473,0.23472119,2.68792161,3.64000831,0.40516742,0
1590000,0.03831096,0.03092588,0.00000000,0.00000000,0.00000000,0.00000000,0
1591000,0.06594710,0.00431586,-0.21992151,-0.85118700,0.00000000,0.63321911,0
1592000,0.11174732,0.32032174,0.00000000,0.00000000,0.00000000,0.00000000,0
1593000,0.11258324,0.00647481,0.27618083,-0.54336238,0.03813793,0.28105863,0
1594000,0.07948604,0.02051393,-0.05980833,-0.19206152,0.00000000,0.15253861,0
1595000,0.07092637,0.02947314,-0.13269856,0.09698802,0.00470334,0.15470766,0
1596000,0.06169349,0.00913564,-0.24965920,-0.47973190,0.00000000,0.17471377,0
1597000,0.06560420,0.02763169,-0.15417078,0.13090067,0.00856749,0.24705761,0
1598000,0.21598800,0.01376694,2.64945507,-0.33485233,3.50980609,1.67858884,0
1599000,0.10433925,0.02923559,0.00000000,0.00000000,0.00000000,0.00000000,0
1600000,0.09209525,0.00056351,-0.10462867,-0.85408123,0.00000000,0.13956712,0
1601000,0.06776939,0.02327881,-0.32231973,-0.10479238,0.00000000,0.08965977,0
1602000,0.13900776,0.09396603,0.80807365,2.68446998,3.92968104,0.29177735,0
1603000,0.06978752,0.01464160,-0.19972667,-0.37942542,0.00000000,0.23102823,0
1604000,0.04769387,0.04755681,0.00000000,0.00000000,0.00000000,0.00000000,0
1605000,0.11031742,0.00320441,0.46860028,-0.91178686,0.10979311,0.12412387,0
1606000,0.08703488,0.05555024,0.23502494,1.58925580,1.29048536,0.53823156,0
1607000,0.10168558,0.06744101,0.62773459,2.39973342,3.07638559,0.57753258,0
1608000,0.06950421,0.00358365,0.03008396,-0.94923592,0.00045252,0.75567762,0
1609000,0.04552329,0.04463344,0.00000000,0.00000000,0.00000000,0.00000000,0
1610000,0.06893045,0.07323288,-0.01665063,2.85161282,4.06584783,0.47136234,0
1611000,0.08170673,0.03999568,0.33609297,1.19466206,0.77008797,0.67933765,0
1612000,0.07641748,0.02886401,0.00000000,0.00000000,0.00000000,0.00000000,0
1613000,0.27471045,0.05824700,2.81975015,1.25368516,4.76135870,0.08335098,0
1614000,0.19039690,0.00048104,1.84358021,-1.03293801,1.69939399,0.18662175,0
1615000,0.06368905,0.06480917,-0.21719123,1.95642457,1.91379856,0.71026454,0
1616000,0.10787936,0.04725442,0.63460583,1.21062662,0.93417069,0.97580086,0
1617000,0.09441569,0.06845316,0.41747093,2.36231289,2.87740208,0.84630814,0
1618000,0.06800949,0.02164790,-0.08408082,-0.01106569,0.00000000,0.82414397,0
1619000,0.13077699,0.07477532,1.26461614,2.84618069,4.84999926,0.91699888,0
1620000,0.14071742,0.08114062,1.53923939,3.27233343,6.53871200,0.75319787,0
1621000,0.22123989,0.02969900,0.00000000,0.00000000,0.00000000,0.00000000,0
1622000,0.06561834,0.01358955,-0.26171357,-0.47755350,0.00000000,0.17017481,0
1623000,0.09580731,0.00339565,0.29155822,-0.89898630,0.04250310,0.24878317,0
1624000,0.10479368,0.01337995,0.52093840,-0.44727652,0.13568841,0.40583856,0
1625000,0.06578110,0.06017905,-0.12386905,1.96554038,1.93167449,1.37408497,0
1626000,0.10459379,0.03133694,0.65915338,0.52945169,0.35740114,0.77763392,0
1627000,0.10493115,0.00316784,0.72085848,-0.99465760,0.25981847,0.54198020,0
1628000,0.04868277,0.01283086,-0.43117375,-0.44585866,0.00000000,1.08405462,0
1629000,0.26981002,0.02678257,4.46626965,0.38111724,10.04640749,0.62698464,0
1630000,0.06066217,0.00772022,0.00000000,0.00000000,0.00000000,0.00000000,0
1631000,0.06752738,0.01426608,-0.19028525,-0.44513927,0.00000000,0.35326035,0
1632000,0.15941037,0.03065699,1.69073071,0.47189199,1.54062619,0.55861817,0
1633000,0.07202498,0.03791000,0.00000000,0.00000000,0.00000000,0.00000000,0
1634000,0.12761444,0.04242016,0.48000813,0.58581287,0.28679226,0.09814805,0
1635000,0.07054653,0.04648528,-0.15672732,0.91964660,0.42287494,0.11330086,0
1636000,0.05310376,0.01686693,-0.39331068,-0.23358825,0.00000000,0.33762201,0
1637000,0.18305734,0.04927314,1.83441973,1.30048922,2.52818398,0.24768946,0
1638000,0.08657166,0.07168673,0.24896273,2.48714307,3.12393156,0.30254059,0
1639000,0.06665096,0.02553920,0.00000000,0.00000000,0.00000000,0.00000000,0
1640000,0.10532138,0.04803218,0.30327701,0.86499485,0.42009652,0.16208384,0
1641000,0.17710103,0.03303518,1.60453976,0.42691589,1.37840252,0.14812573,0
1642000,0.06324875,0.07207852,-0.18745138,2.26250026,2.55945372,0.26458169,0
1643000,0.06716556,0.01997786,-0.08607230,-0.06859678,0.00000000,0.71441491,0
1644000,0.07302380,0.02013319,0.05901170,-0.02698975,0.00174119,0.53981248,0
1645000,0.11347449,0.05369650,0.91452244,1.74820179,1.94628039,0.21899087,0
1646000,0.15253815,0.06416620,1.79162724,2.39396054,4.47048761,0.60252270,0
1647000,0.06112297,0.02499406,-0.11366150,0.29586887,0.04376919,0.53699651,0
1648000,0.06132070,0.14026949,0.00000000,0.00000000,0.00000000,0.00000000,0
1649000,0.04207861,0.04182766,-0.47724649,1.11268539,0.61903439,0.23927948,0
1650000,0.10553261,0.05817768,0.96558542,2.20802927,2.90387423,1.10144868,0
1651000,0.07281771,0.00538986,0.00000000,0.00000000,0.00000000,0.00000000,0
1652000,0.16298653,0.04271189,1.18314600,0.50769792,0.82879582,0.05947981,0
1653000,0.20971461,0.01984857,2.21454983,-0.15862766,2.45211547,0.27962765,0
1654000,0.24812713,0.00808178,3.15638607,-0.60712797,4.98138650,0.15473205,0
1655000,0.06049463,0.01953888,-0.19662403,-0.12415144,0.00000000,0.27503324,0
1656000,0.11460141,0.09396435,0.92887440,3.28911670,5.84054816,0.30566812,0
1657000,0.08063632,0.07710423,0.26643459,2.63731013,3.51319605,0.31487333,0
1658000,0.05302494,0.01973785,-0.30372664,-0.06763059,0.00000000,0.44218650,0
1659000,0.04037305,0.03476133,-0.57505401,0.69819329,0.24373694,0.84793846,0
1660000,0.04735298,0.00469508,-0.41327552,-0.83086031,0.00000000,0.53579129,0
1661000,0.05965097,0.03630665,-0.12095165,0.84347473,0.35572481,0.37247897,0
1662000,0.06293169,0.05521770,-0.03277768,1.89843094,1.80202002,0.42583185,0
1663000,0.06533037,0.04538386,0.03207718,1.39629460,0.97533377,0.96821241,0
1664000,0.12843722,0.06584828,1.62394806,2.57345650,4.62994282,1.17941284,0
1665000,0.07272103,0.09371087,0.00000000,0.00000000,0.00000000,0.00000000,0
1666000,0.10606610,0.05751190,0.00000000,0.00000000,0.00000000,0.00000000,0
1667000,0.05600551,0.02434143,-0.35557180,-0.01009264,0.00000000,0.20872632,0
1668000,0.04904522,0.06137848,-0.42239828,1.61802800,1.30900730,0.30945355,0
1669000,0.07354873,0.02957870,0.07449443,0.37667357,0.07371620,0.08069748,0
1670000,0.14732045,0.03050913,1.59962115,0.49506864,1.40194039,0.20171063,0
1671000,0.14640588,0.06276771,1.68842968,2.20107903,3.84777183,0.44565455,0
1672000,0.31760946,0.09538309,5.52737622,4.08218736,23.60807078,0.76930907,0
1673000,0.11803813,0.12193512,0.00000000,0.00000000,0.00000000,0.00000000,0
1674000,0.10692457,0.04051888,0.09417091,0.08532672,0.00807440,0.09226939,0
1675000,0.08554062,0.05030717,0.00534891,0.55377151,0.15334575,0.21078255,0
1676000,0.06751611,0.01276588,-0.17639868,-0.41464917,0.00000000,0.03744471,0
1677000,0.05539287,0.08009820,-0.32331199,1.85371597,1.71813144,0.16408210,0
1678000,0.05014827,0.03067340,-0.39280200,0.25466657,0.03242753,0.47567256,0
1679000,0.04699728,0.01877075,-0.43996143,-0.15582721,0.00000000,0.24425466,0
1680000,0.09984197,0.02260885,0.58938389,0.01412813,0.17378649,0.31234594,0
1681000,0.06962172,0.05133035,0.03376566,1.22600927,0.75211943,0.42542245,0
1682000,0.06157475,0.05865578,-0.10655899,1.60098512,1.28157667,0.35563510,0
1683000,0.21629171,0.05452110,3.16756531,1.47577211,6.10568665,0.52272128,0
1684000,0.15900682,0.10372222,2.01007060,3.74262616,9.02381719,1.40140584,0
1685000,0.10503697,0.00067158,0.87530716,-0.93613668,0.38308131,0.38960444,0
1686000,0.07235284,0.04413329,0.16612637,1.10966512,0.62947732,0.50224605,0
1687000,0.19215389,0.06868440,2.92323715,2.32218958,6.96893993,1.08736911,0
1688000,0.09925937,0.07725083,0.80942583,2.78914275,4.21724373,0.64694164,0
1689000,0.30544022,0.00357473,5.70047245,-0.83003058,16.24769308,1.17245423,0
1690000,0.09665734,0.07221035,0.77987492,2.64028581,3.78965703,1.02622961,0
1691000,0.09521212,0.08654301,0.00000000,0.00000000,0.00000000,0.00000000,0
1692000,0.07117016,0.00455979,0.06495385,-0.86068767,0.00210950,0.44843548,0
1693000,0.03386693,0.03138650,-0.67505372,0.68567222,0.23507320,0.57640999,0
1694000,0.05840594,0.06112078,-0.08563682,2.62019311,3.43270597,1.29293033,0
1695000,0.08129464,0.04325587,0.00000000,0.00000000,0.00000000,0.00000000,0
1696000,0.05257561,0.01926826,-0.37062037,-0.11478604,0.00000000,0.25418797,0
1697000,0.15669718,0.04915654,1.64713894,1.62019403,2.66904769,0.41708739,0
1698000,0.09133793,0.14428490,0.49400141,7.51443526,28.35538730,0.94836987,0
1699000,0.05987143,0.05817455,-0.11950199,2.46355163,3.03454331,0.77672751,0
1700000,0.05737390,0.00383525,-0.15989814,-0.98028876,0.00000000,0.88520641,0
1701000,0.08280473,0.05039105,0.45972714,2.11400470,2.34018246,1.07311826,0
1702000,0.08953717,0.01414416,0.65499263,-0.29391492,0.21450768,0.72838581,0
1703000,0.05627431,0.05436284,-0.14325238,2.49764738,3.11912123,0.81179621,0
1704000,0.07655814,0.01921010,0.39241108,0.07494046,0.07980126,0.72977666,0
1705000,0.15029173,0.01392396,2.35653740,-0.29327909,2.77663426,1.67500584,0
1706000,0.08480273,0.02197867,0.65477565,0.29454221,0.25774313,1.15180045,0
1707000,0.33526534,0.01599089,0.00000000,0.00000000,0.00000000,0.00000000,0
1708000,0.06105546,0.01101510,-0.18133824,-0.54888584,0.00000000,0.26152307,0
1709000,0.16186114,0.09651070,1.96888156,3.99105220,9.90249614,0.68028206,0
1710000,0.25686827,0.02141774,4.33939480,0.04704627,9.41628031,0.35147915,0
1711000,0.12520710,0.02916857,1.45037099,0.54201146,1.19867622,1.38320195,0
1712000,0.09961063,0.06796764,0.90247672,2.95648061,4.77762092,0.51675660,0
1713000,0.07187682,0.03789438,0.00000000,0.00000000,0.00000000,0.00000000,0
1714000,0.12196099,0.04066729,0.89416488,0.98766973,0.88751116,0.63073956,0
1715000,0.04691843,0.03332672,-0.48185906,0.70599983,0.24921788,0.34537196,0
1716000,0.09326851,0.02478641,0.57024909,0.28951282,0.20450085,0.68116627,0
1717000,0.09206304,0.00359764,0.59658616,-0.99640109,0.17795752,1.22747418,0
1718000,0.13597994,0.01335501,1.71508717,-0.38216159,1.47076199,1.36194728,0
1719000,0.05703779,0.00076430,0.00000000,0.00000000,0.00000000,0.00000000,0
1720000,0.05205747,0.00133208,-0.44911501,-0.81879328,0.00000000,0.08952592,0
1721000,0.06204484,0.01937149,-0.24588542,-0.21789753,0.00000000,0.09904866,0
1722000,0.08782752,0.02371015,0.27980350,-0.02892624,0.03914500,0.19323813,0
1723000,0.06447063,0.06114010,-0.13521743,1.57199041,1.23557693,0.57585864,0
1724000,0.06211337,0.05311159,0.00000000,0.00000000,0.00000000,0.00000000,0
1725000,0.10137101,0.06251765,0.34883992,1.31732065,0.92851149,0.15277205,0
1726000,0.10210010,0.03401680,0.48846123,0.39810849,0.19854237,0.40555820,0
1727000,0.06720278,0.06420249,-0.07082593,1.80751582,1.63355672,0.23317461,0
1728000,0.05273796,0.07103687,-0.32694133,2.28400662,2.60834313,0.30297205,0
1729000,0.12036628,0.03572793,1.09750025,0.65980728,0.81992622,0.66070427,0
1730000,0.05898803,0.07894780,-0.18453868,2.87651742,4.13717624,0.60622135,0
1731000,0.09647810,0.03122839,0.68663640,0.50281218,0.36214482,0.75297201,0
1732000,0.07299324,0.03129182,0.17227543,0.53182339,0.15625747,0.59314601,0
1733000,0.17790623,0.09293117,2.72196785,3.90124518,11.31441148,1.12154461,0
1734000,0.06452817,0.07217955,0.00106311,2.83986506,4.03241736,0.67409144,0
1735000,0.13423528,0.10938786,1.76929325,4.99366588,14.03354878,0.81248118,0
1736000,0.15150809,0.02261723,0.00000000,0.00000000,0.00000000,0.00000000,0
1737000,0.16250518,0.04603449,1.36345588,0.84245095,1.28436777,0.35824348,0
1738000,0.11060102,0.01282768,0.66768910,-0.43707730,0.22290437,0.25267000,0
1739000,0.11796469,0.02761389,0.00000000,0.00000000,0.00000000,0.00000000,0
1740000,0.08449300,0.02063377,0.07186261,-0.18958671,0.00258212,0.47777670,0
1741000,0.07577384,0.08531226,0.00568107,2.44254084,2.98301901,0.13202550,0
1742000,0.09982296,0.03899847,0.54812702,0.67192803,0.37596525,0.23902248,0
1743000,0.09181127,0.01315755,0.00000000,0.00000000,0.00000000,0.00000000,0
1744000,0.06807537,0.04048549,-0.24901548,0.35527066,0.06310862,0.04510572,0
1745000,0.08711153,0.04535213,0.16029095,0.67546448,0.24097273,0.12959191,0
1746000,0.07120462,0.06745644,-0.05666985,1.62999275,1.32843819,0.18098512,0
1747000,0.05044851,0.02914587,-0.43177178,0.22189458,0.02461860,0.61627988,0
1748000,0.08517767,0.07863254,0.29647137,2.35632253,2.82007557,0.37008902,0
1749000,0.06769550,0.10317667,0.00000000,0.00000000,0.00000000,0.00000000,0
1750000,0.10455129,0.02254505,0.39263848,-0.07608823,0.07708249,0.02239937,0
1751000,0.09213663,0.01954406,0.41126498,-0.13010088,0.08456944,0.13554876,0
1752000,0.07193626,0.06534646,0.11277752,2.24514270,2.52669225,0.13755983,0
1753000,0.13585982,0.01978195,1.59597040,-0.06390514,1.27356076,0.41543908,0
1754000,0.05325449,0.03937008,-0.25459522,1.05821900,0.55991372,1.30200720,0
1755000,0.21016474,0.05932993,3.62529935,2.28145221,9.17390977,1.07305164,0
1756000,0.05953463,0.00039559,-0.07672350,-1.17560615,0.00000000,0.99805511,0
1757000,0.09895896,0.02152757,0.98258938,0.10901620,0.48868321,1.19901386,0
1758000,0.38179234,0.01758118,0.00000000,0.00000000,0.00000000,0.00000000,0
1759000,0.07330652,0.13355386,0.09348214,5.25884116,13.83207462,0.92446764,0
1760000,0.06580001,0.04880418,-0.02689249,1.37925794,0.95117623,0.46405391,0
1761000,0.06546084,0.00317979,0.03181603,-0.98558803,0.00050613,0.46812256,0
1762000,0.05886281,0.10359593,0.00000000,0.00000000,0.00000000,0.00000000,0
1763000,0.12229531,0.02318015,0.00000000,0.00000000,0.00000000,0.00000000,0
1764000,0.07354438,0.02625140,0.04036397,0.15697696,0.01313551,0.28258856,0
1765000,0.06177295,0.01139118,-0.11237189,-0.49432204,0.00000000,0.34746378,0
1766000,0.05565532,0.04055782,-0.20087294,1.03858789,0.53933240,0.34002345,0
1767000,0.05851509,0.01284249,-0.11734321,-0.42851945,0.00000000,0.59133750,0
1768000,0.04085913,0.00692741,0.00000000,0.00000000,0.00000000,0.00000000,0
1769000,0.05838576,0.00796548,-0.25041650,-0.74648896,0.00000000,0.19434721,0
1770000,0.06336571,0.14242949,-0.07918541,6.17076359,19.03916163,0.74200950,0
1771000,0.06675992,0.02819464,0.06140980,0.40304955,0.08311005,0.17435096,0
1772000,0.12763864,0.04809155,1.49477299,1.61737104,2.42511768,0.81316405,0
1773000,0.06068631,0.00345282,-0.00131522,-1.01394070,0.00000000,0.43546566,0
1774000,0.18208873,0.04825357,3.08151502,1.79083065,6.35140461,0.51151878,0
1775000,0.05575069,0.00831716,0.00000000,0.00000000,0.00000000,0.00000000,0
1776000,0.05338718,0.05973101,-0.18203132,2.21706011,2.45767777,0.14811710,0
1777000,0.04475933,0.01039213,-0.36029120,-0.55850344,0.00000000,0.67848475,0
1778000,0.09628097,0.00716069,0.00000000,0.00000000,0.00000000,0.00000000,0
1779000,0.07549568,0.00701977,0.12518681,-0.62469244,0.00783587,0.12254945,0
1780000,0.08159769,0.09240948,0.31418149,3.16300646,5.05165992,0.68933027,0
1781000,0.07418905,0.02342637,0.19350769,0.10899651,0.02466273,0.30198179,0
1782000,0.05580368,0.01739627,-0.16374549,-0.15738084,0.00000000,0.28731446,0
1783000,0.06186773,0.00239632,0.00000000,0.00000000,0.00000000,0.00000000,0
1784000,0.14233015,0.00684678,1.22100952,-0.66359494,0.74543212,0.09133576,0
1785000,0.06159703,0.00344610,-0.07262700,-0.83334189,0.00000000,0.27559894,0
1786000,0.09693444,0.00093573,0.00000000,0.00000000,0.00000000,0.00000000,0
1787000,0.10249352,0.01061436,0.50505761,-0.55641184,0.12754159,0.51274788,0
1788000,0.07166635,0.07857537,0.08906602,2.86340175,4.10350117,0.84683056,0
1789000,0.07682604,0.03340546,0.28444371,0.67478677,0.26812270,0.28278008,0
1790000,0.12030437,0.05939045,0.00000000,0.00000000,0.00000000,0.00000000,0
1791000,0.09347425,0.05582723,0.12633432,1.04049335,0.54929338,0.03660624,0
1792000,0.06586679,0.01390051,-0.15823677,-0.43690612,0.00000000,0.19925065,0
1793000,0.08162303,0.15422007,0.20628259,6.06845041,18.43432145,0.50234412,0
1794000,0.08592720,0.02582299,0.37283880,0.17455262,0.08473869,0.43238144,0
1795000,0.19246112,0.03852400,2.68211433,0.87605011,3.98060055,0.39508890,0
1796000,0.10188680,0.00761658,0.84769876,-0.72927030,0.35929659,0.38377892,0
1797000,0.09069882,0.05109737,0.64773277,1.67772581,1.61716081,0.37579279,0
1798000,0.05780596,0.08867764,-0.08842988,3.87466810,7.50652644,0.70358878,0
1799000,0.04462131,0.00357818,-0.39115474,-0.96679658,0.00000000,0.71976723,0
1800000,0.04196932,0.01947223,-0.46291723,-0.03463470,0.00000000,0.73436434,0
1801000,0.08036215,0.04596630,0.00000000,0.00000000,0.00000000,0.00000000,0
1802000,0.04512759,0.01297320,-0.56494456,-0.54723214,0.00000000,0.19668220,0
1803000,0.11461929,0.00740858,0.84707910,-0.78320787,0.35877150,0.19250617,0
1804000,0.13448225,0.05200819,1.45454551,1.79949122,2.67693565,0.63976771,0
1805000,0.06523425,0.04749325,0.04102096,1.64664849,1.35656699,0.58943451,0
1806000,0.14583872,0.06924263,0.00000000,0.00000000,0.00000000,0.00000000,0
1807000,0.20980555,0.09766456,2.04905397,2.22654614,4.57806495,0.21697858,0
1808000,0.06572995,0.03999063,-0.07305296,0.54718092,0.14970348,0.18039776,0
1809000,0.15259714,0.02009358,1.71868578,-0.15963821,1.47694040,0.17382538,0
1810000,0.03857603,0.02981664,-0.52720721,0.30805141,0.04744784,0.33476710,0
1811000,0.06486526,0.00441917,0.07141704,-0.84448941,0.00255020,0.48356535,0
1812000,0.10596111,0.00487382,1.05466641,-0.84257006,0.55616062,0.62832644,0
1813000,0.10465773,0.06011011,1.07686099,1.93913470,2.45993649,0.97836353,0
1814000,0.07154398,0.04295489,0.28890778,1.11910153,0.66792797,0.63346137,0
1815000,0.06151002,0.01072943,0.05585410,-0.55822831,0.00155984,0.60387907,0
1816000,0.09899385,0.02698855,1.06498458,0.32824302,0.62096782,0.90526839,0
1817000,0.05193098,0.02538645,0.00000000,0.00000000,0.00000000,0.00000000,0
1818000,0.06110009,0.08118048,-0.10582282,3.41125096,5.81831657,0.78235735,0
1819000,0.16563912,0.00704792,2.58619935,-0.77668438,3.34421355,0.38102575,0
1820000,0.05535357,0.05593516,0.00000000,0.00000000,0.00000000,0.00000000,0
1821000,0.04005004,0.07562939,-0.60182153,2.98701697,4.46113519,0.38802753,0
1822000,0.15538532,0.01467691,1.99854107,-0.32125951,1.99708320,0.56523896,0
1823000,0.23711249,0.03766576,4.21553577,1.18692845,9.58977048,0.68622358,0
1824000,0.04787123,0.03771571,0.00000000,0.00000000,0.00000000,0.00000000,0
1825000,0.08195206,0.04242253,0.26437699,1.06327479,0.60022423,0.25357418,0
1826000,0.14898974,0.03402984,1.83441700,0.74083988,1.95696472,0.46110748,0
1827000,0.16471045,0.03095092,2.36575327,0.62630543,2.99452352,0.60252117,0
1828000,0.08482797,0.02200613,0.56431235,0.13275177,0.16803573,0.98522407,0
1829000,0.13367221,0.01721614,0.00000000,0.00000000,0.00000000,0.00000000,0
1830000,0.07087649,0.07063150,-0.02501051,2.01649327,2.03312256,0.32892855,0
1831000,0.08145387,0.00243886,0.26659660,-0.96314510,0.03553687,0.17500757,0
1832000,0.05496304,0.03181840,-0.23197992,0.53569275,0.14348336,0.40096779,0
1833000,0.17084144,0.06343881,2.42540745,2.30279061,5.59272294,0.83653379,0
1834000,0.10509557,0.01618893,0.00000000,0.00000000,0.00000000,0.00000000,0
1835000,0.07709312,0.05972596,0.13248573,1.60839602,1.30224512,0.14084716,0
1836000,0.04386113,0.00912811,-0.46535433,-0.62807361,0.00000000,0.28692682,0
1837000,0.09979568,0.05238500,0.79556145,1.60535694,1.60504446,0.20624282,0
1838000,0.16972612,0.02561345,2.52066865,0.25975430,3.21062136,0.71456489,0
1839000,0.06825254,0.04246498,0.19363553,1.23361429,0.77964947,1.36395064,0
1840000,0.18040948,0.03869145,3.05526549,1.05286305,5.22158390,1.35408526,0
1841000,0.06472928,0.07479709,0.13048389,3.22958213,5.22361339,0.80002925,0
1842000,0.05958036,0.07988053,0.00000000,0.00000000,0.00000000,0.00000000,0
1843000,0.05453600,0.02558892,-0.23591162,0.25299656,0.03200363,0.18292736,0
1844000,0.05804208,0.09308928,-0.09681784,4.41695195,9.75473226,0.69233285,0
1845000,0.13717683,0.13820015,0.00000000,0.00000000,0.00000000,0.00000000,0
1846000,0.05546025,0.02056270,-0.18826183,-0.02763986,0.00000000,0.32322082,0
1847000,0.10091386,0.01193975,0.86925455,-0.50618909,0.37780174,0.62524451,0
1848000,0.34992948,0.00576217,0.00000000,0.00000000,0.00000000,0.00000000,0
1849000,0.06683283,0.00042322,-0.01487878,-0.99518491,0.00000000,0.42020896,0
1850000,0.06404202,0.06406073,-0.01901798,1.92001245,1.84322390,0.21871001,0
1851000,0.30003357,0.00839092,5.62708948,-0.68681672,15.83206802,1.04506985,0
1852000,0.08988756,0.00695512,0.70197259,-0.76531332,0.24638276,1.22314070,0
1853000,0.19687320,0.00166787,3.57062480,-1.05617144,6.37468072,0.74340502,0
1854000,0.04821364,0.00753552,-0.32359477,-0.74206869,0.00000000,0.88085367,0
1855000,0.16687979,0.00652410,0.00000000,0.00000000,0.00000000,0.00000000,0
1856000,0.28905788,0.01687705,4.96347598,-0.26875253,12.31804689,0.56446763,0
1857000,0.16183583,0.07655704,2.40134797,3.17164069,7.91288838,0.85776176,0
1858000,0.06316976,0.02502201,0.00317104,0.25396927,0.03225522,0.77464029,0
1859000,0.36502331,0.05759778,8.36777035,2.31401104,37.68711382,1.54074373,0
1860000,0.22518218,0.07142633,0.00000000,0.00000000,0.00000000,0.00000000,0
1861000,0.11089937,0.03518699,0.53116797,0.34006029,0.19889021,0.40637557,0
1862000,0.21830291,0.00915433,2.57089715,-0.66527824,3.30475607,0.23697870,0
1863000,0.06280597,0.06047833,-0.14251193,1.71441451,1.46960856,0.22332721,0
1864000,0.14652775,0.05028933,0.00000000,0.00000000,0.00000000,0.00000000,0
1865000,0.09188700,0.00665383,-0.26755400,-0.56795185,0.00000000,0.00432544,0
1866000,0.07693796,0.05450497,-0.27014132,0.36390033,0.06621172,0.00287747,0
1867000,0.17785026,0.02009343,0.62078558,-0.27652560,0.19268737,0.00045870,0
1868000,0.07272597,0.01501029,-0.21278107,-0.37340464,0.00000000,0.02503136,0
1869000,0.05750572,0.02721235,-0.34155591,-0.04695605,0.00000000,0.10067791,0
1870000,0.08869472,0.08141229,0.01325859,1.52481664,1.16262079,0.10934141,0
1871000,0.10989331,0.06885378,0.27798412,1.24808085,0.81749049,0.02373366,0
1872000,0.15878430,0.00074538,0.89404736,-0.79821828,0.39966034,0.03593031,0
1873000,0.12391938,0.04142124,0.52267380,0.50200935,0.26260064,0.16567192,0
1874000,0.06670678,0.07014417,-0.15944886,1.49437728,1.11658173,0.12594548,0
1875000,0.11995980,0.10883095,0.53287220,2.87105004,4.26344055,0.17354469,0
1876000,0.10151376,0.01623103,0.30990603,-0.31232426,0.04802087,0.04154421,0
1877000,0.08156245,0.01457113,0.05478090,-0.37366758,0.00150047,0.15934988,0
1878000,0.28174227,0.03600841,2.86870510,0.41548757,4.20104943,0.11796032,0
1879000,0.11347627,0.04512601,0.53479532,0.77311767,0.44185848,0.22055640,0
1880000,0.08508136,0.00255015,0.14163768,-0.83695617,0.01003062,0.06348066,0
1881000,0.10094589,0.02024290,0.39231715,-0.15383633,0.07695637,0.19678720,0
1882000,0.07826973,0.01785901,0.06465610,-0.24296663,0.00209021,0.35707526,0
1883000,0.06631325,0.02411564,0.00000000,0.00000000,0.00000000,0.00000000,0
1884000,0.10095204,0.04892747,0.30113039,0.65444679,0.25949006,0.03362408,0
1885000,0.11753072,0.05691571,0.70967202,1.08530927,0.84076529,0.15092146,0
1886000,0.06333807,0.00629836,-0.17080926,-0.70321316,0.00000000,0.27140694,0
1887000,0.06854880,0.02347313,-0.03156439,-0.02072120,0.00000000,0.66144224,0
1888000,0.05619228,0.01792705,-0.25503437,-0.23570974,0.00000000,0.57013688,0
1889000,0.09114324,0.06748927,0.50468329,1.98153534,2.09059377,0.28339493,0
1890000,0.08527949,0.10428787,0.00000000,0.00000000,0.00000000,0.00000000,0
1891000,0.06964283,0.04640456,-0.02811385,0.97886481,0.47908816,0.01623499,0
1892000,0.06348917,0.03210155,-0.02512920,0.54467111,0.14833331,0.30939484,0
1893000,0.08541748,0.00264572,0.00000000,0.00000000,0.00000000,0.00000000,0
1894000,0.07400408,0.02940960,0.00363890,0.27298114,0.03726597,0.00000000,0
1895000,0.05746273,0.00144242,-0.22305969,-1.09566986,0.00000000,0.25754485,0
1896000,0.06256466,0.04484055,-0.07058371,1.38447209,0.95838149,0.74272004,0
1897000,0.05879650,0.00420310,-0.11576837,-0.98131076,0.00000000,1.32519691,0
1898000,0.06377467,0.00031517,0.04313295,-1.22981603,0.00093023,1.65070323,0
1899000,0.14934763,0.06168419,0.00000000,0.00000000,0.00000000,0.00000000,0
1900000,0.08212718,0.05602662,0.36544698,2.24939821,2.59667190,0.83595679,0
1901000,0.14754219,0.03715072,2.02153753,1.21728348,2.78419654,0.62637356,0
1902000,0.11792574,0.00737833,1.48188084,-0.76189872,1.09798541,1.01016260,0
1903000,0.05650216,0.03217981,-0.04081166,1.02188003,0.52211940,1.33023240,0
1904000,0.07602321,0.04693924,0.00000000,0.00000000,0.00000000,0.00000000,0
1905000,0.06701385,0.02694708,-0.09340925,0.22755650,0.02589098,0.14196259,0
1906000,0.07104787,0.02297369,0.09035581,0.09148982,0.00826728,0.72211066,0
1907000,0.10302971,0.14489244,0.00000000,0.00000000,0.00000000,0.00000000,0
1908000,0.04896151,0.04705260,-0.46966390,0.69650178,0.24255737,0.14192201,0
1909000,0.06008748,0.02532740,-0.24003686,-0.02983419,0.00000000,0.48821065,0
1910000,0.09222177,0.06493957,0.41968212,1.80226978,1.71215472,0.32605526,0
1911000,0.06836799,0.04000752,-0.00677478,0.75765309,0.28701910,0.90443118,0
1912000,0.06080882,0.04882583,0.00000000,0.00000000,0.00000000,0.00000000,0
1913000,0.07974824,0.00503140,0.07149149,-0.65021234,0.00255552,0.53958319,0
1914000,0.08858995,0.11831068,0.30725709,3.02795910,4.63147162,0.44919955,0
1915000,0.14949186,0.04814753,1.69819532,0.82301110,1.78060731,0.49318116,0
1916000,0.10774878,0.01659124,0.88990420,-0.29233588,0.39596474,0.58052372,0
1917000,0.15712875,0.02736358,2.15174704,0.16477549,2.32858314,0.24608998,0
1918000,0.10441403,0.05054060,0.95486218,1.17726929,1.14886238,0.61303382,0
1919000,0.08622574,0.01441081,0.54602354,-0.35609644,0.14907085,0.22915593,0
1920000,0.13019748,0.02548349,1.72523386,0.14794119,1.49915923,1.15758537,0
1921000,0.10936108,0.00981524,0.00000000,0.00000000,0.00000000,0.00000000,0
1922000,0.11715292,0.00895528,0.33993442,-0.68275627,0.05777770,1.56199419,0
1923000,0.10902332,0.08610906,0.38702146,2.36329261,2.86746878,0.19330437,0
1924000,0.09719223,0.01259260,0.30688356,-0.51466158,0.04708876,0.22306872,0
1925000,0.06622654,0.04351714,0.00000000,0.00000000,0.00000000,0.00000000,0
1926000,0.08021645,0.02584214,-0.13880578,-0.07361565,0.00000000,0.15731137,0
1927000,0.04628768,0.03118682,-0.62794916,0.18900887,0.01786218,0.45303049,0
1928000,0.05568101,0.01792286,-0.43249689,-0.28531486,0.00000000,0.27758202,0
1929000,0.09934620,0.00834447,0.40119287,-0.68581134,0.08047786,0.62427477,0
1930000,0.06835892,0.03775938,-0.14741624,0.65089266,0.21183063,0.11537689,0
1931000,0.04965422,0.03613198,-0.50848116,0.61030479,0.18623597,0.39094325,0
1932000,0.06816052,0.11795463,-0.10574636,4.62582191,10.69911416,0.53570434,0
1933000,0.04783475,0.04418430,-0.52323460,1.09234659,0.59661054,0.35724751,0
1934000,0.14809228,0.03530088,1.71887521,0.67227628,1.70324370,0.38572179,0
1935000,0.11148438,0.03953782,0.94535223,0.91612063,0.86648392,0.45835946,0
1936000,0.11632126,0.01278148,1.09079368,-0.47783569,0.59491543,0.65579759,0
1937000,0.07869808,0.03170888,0.23067209,0.54069438,0.17278001,0.72355018,0
1938000,0.09045745,0.01119499,0.00000000,0.00000000,0.00000000,0.00000000,0
1939000,0.21462460,0.02140673,2.00479032,-0.15632728,2.00959211,0.33603679,0
1940000,0.16492838,0.00347317,1.49950125,-0.84793157,1.12425201,0.06257105,0
1941000,0.06551234,0.09361981,-0.14410818,3.05016383,4.65174970,0.40022347,0
1942000,0.07609209,0.01959168,0.00000000,0.00000000,0.00000000,0.00000000,0
1943000,0.05159578,0.01667714,-0.42813430,-0.34073109,0.00000000,0.22187830,0
1944000,0.08963721,0.05456227,0.38110082,1.42298148,1.08505706,0.69372629,0
1945000,0.05467754,0.01292177,-0.31646068,-0.48273025,0.00000000,0.48827166,0
1946000,0.09031451,0.02737395,0.56310328,0.28749431,0.19986914,0.69911639,0
1947000,0.04849024,0.05298451,-0.43661654,1.69172096,1.43095990,0.53354629,0
1948000,0.10273046,0.00134541,0.97360048,-1.11033578,0.47394895,1.62315284,0
1949000,0.08772055,0.00031475,0.00000000,0.00000000,0.00000000,0.00000000,0
1950000,0.07932230,0.00278603,0.17377909,-0.98890080,0.01509959,1.04334960,0
1951000,0.09143616,0.01903600,0.55178032,-0.11380184,0.15223076,0.76702014,0
1952000,0.05631889,0.02601924,-0.20098913,0.31624475,0.05000537,0.61387235,0
1953000,0.21736442,0.01625891,3.94974378,-0.23845697,7.80023795,0.56562896,0
1954000,0.06984055,0.06021393,0.00000000,0.00000000,0.00000000,0.00000000,0
1955000,0.05974219,0.07258639,-0.25535205,2.22655733,2.47877878,0.94524669,0
1956000,0.11219604,0.04689430,0.89470613,1.20778393,1.12962055,0.37641079,0
1957000,0.06885170,0.00113293,0.02175611,-1.10247189,0.00023666,0.71587357,0
1958000,0.11687796,0.00173129,0.00000000,0.00000000,0.00000000,0.00000000,0
1959000,0.07018153,0.05202534,0.04399024,1.69357371,1.43506353,0.59238530,0
1960000,0.13055931,0.09622269,1.50514223,4.47531505,11.14694896,1.12478307,0
1961000,0.07955971,0.05853442,0.00000000,0.00000000,0.00000000,0.00000000,0
1962000,0.09572625,0.06133820,-0.01060609,0.82657214,0.34161075,0.05992211,0
1963000,0.06375012,0.05493545,-0.31598722,0.91736754,0.42078160,0.09823404,0
1964000,0.08576793,0.01846737,0.10535699,-0.27312580,0.00555005,0.19497763,0
1965000,0.16190065,0.02777941,0.00000000,0.00000000,0.00000000,0.00000000,0
1966000,0.07898309,0.05097746,0.00000000,0.00000000,0.00000000,0.00000000,0
1967000,0.05512122,0.01614469,-0.46852134,-0.45087634,0.00000000,0.35442237,0
1968000,0.07560642,0.00534327,-0.04482539,-0.93884953,0.00000000,0.50816028,0
1969000,0.12178639,0.06777611,0.91005933,2.31606292,3.09617772,0.16875700,0
1970000,0.15379281,0.03197518,1.69027190,0.49075428,1.54892942,0.37480897,0
1971000,0.12007716,0.00748329,1.08140180,-0.83047086,0.58471492,0.17849149,0
1972000,0.05808415,0.02096240,-0.25899556,-0.04936203,0.00000000,0.60276313,0
1973000,0.04550834,0.03923226,-0.54807955,1.04305713,0.54398409,0.80568500,0
1974000,0.07676936,0.03814335,0.00000000,0.00000000,0.00000000,0.00000000,0
1975000,0.13231584,0.00704072,1.29077736,-0.61920217,0.83305310,0.22529406,0
1976000,0.03730950,0.00648643,-0.68201751,-0.66787535,0.00000000,0.49649744,0
1977000,0.05582253,0.00113301,-0.21269948,-0.91891105,0.00000000,1.09321910,0
1978000,0.27491009,0.01604453,5.47621211,-0.26446339,14.99444952,0.49859996,0
1979000,0.06541194,0.04040560,0.09315176,0.92101861,0.42847626,0.89702163,0
1980000,0.05698980,0.04901120,0.00000000,0.00000000,0.00000000,0.00000000,0
1981000,0.11573093,0.01286392,0.93357336,-0.45307790,0.43577961,0.16823921,0
1982000,0.07345735,0.09019163,0.15431794,2.73808172,3.76045277,0.55858595,0
1983000,0.07202268,0.01323969,0.17220631,-0.41400438,0.01482751,0.40208794,0
1984000,0.07024412,0.02396469,0.00000000,0.00000000,0.00000000,0.00000000,0
1985000,0.28685081,0.03742229,3.88100647,0.55356138,7.68432073,0.59875415,0
1986000,0.04977985,0.01202271,-0.34175312,-0.44646721,0.00000000,0.39624371,0
1987000,0.14593703,0.02175622,1.74430523,-0.01799051,1.52130037,0.50903628,0
1988000,0.06328306,0.00076111,0.00000000,0.00000000,0.00000000,0.00000000,0
1989000,0.13782080,0.01332099,0.59884528,-0.39548345,0.17930784,0.04534095,0
1990000,0.06098121,0.03677466,-0.31406288,0.45454454,0.10330537,0.16218285,0
1991000,0.06011049,0.00724046,-0.29147188,-0.61584937,0.00000000,0.27827951,0
1992000,0.10906004,0.00049646,0.62766140,-0.91330008,0.19697941,0.20490659,0
1993000,0.16928521,0.03904736,1.82709143,0.76019939,1.95808310,0.66150045,0
1994000,0.11348683,0.12901701,0.80838479,4.94557556,12.55610177,1.97399310,0
1995000,0.06510148,0.01531452,-0.13498607,-0.30172996,0.00000000,0.50477140,0
1996000,0.10046332,0.00047294,0.61857665,-1.03044194,0.19131854,0.59849082,0
1997000,0.10908157,0.05014911,0.83819267,1.45346802,1.40756812,0.69407768,0
1998000,0.07091655,0.09288006,0.03294443,3.71380693,6.89672362,0.53106867,0
1999000,0.06668728,0.01808392,0.00000000,0.00000000,0.00000000,0.00000000,0
2000000,0.08049925,0.01565917,0.00421143,-0.40021996,0.00000887,0.45105083,0
2001000,0.08672534,0.05065632,0.22957613,1.41788653,1.03155371,0.62989038,0
2002000,0.10858922,0.06777763,0.78523559,2.47390912,3.36841064,0.45523820,0
2003000,0.05265645,0.00406796,-0.38536137,-0.97988085,0.00000000,0.87972145,0
2004000,0.12726504,0.02508275,0.00000000,0.00000000,0.00000000,0.00000000,0
2005000,0.05751373,0.06247025,-0.37717135,2.01843419,2.03703828,0.27305109,0
2006000,0.22424246,0.00751040,3.11957792,-0.77460228,4.86588319,0.59673610,0
2007000,0.08504384,0.06970466,0.32259568,2.94964589,4.40223941,0.84072613,0
2008000,0.04776739,0.04232872,-0.51256206,1.39259337,0.96965815,1.15344447,0
2009000,0.05727078,0.03706177,-0.26967001,1.11533489,0.62198595,0.96124540,0
2010000,0.11102247,0.07124206,0.00000000,0.00000000,0.00000000,0.00000000,0
2011000,0.07572556,0.06145832,-0.02874205,1.44268764,1.04067382,0.65639838,0
2012000,0.08889844,0.03960005,0.27709380,0.69338725,0.27878343,0.36128110,0
2013000,0.08996095,0.02480361,0.00000000,0.00000000,0.00000000,0.00000000,0
2014000,0.06832337,0.00921546,-0.17169317,-0.57924550,0.00000000,0.24834351,0
2015000,0.07752361,0.03716544,0.07218436,0.58901869,0.17607680,0.34325368,0
2016000,0.08127568,0.03047496,0.21400208,0.36664913,0.09011424,0.45623892,0
2017000,0.15542568,0.04130936,1.93899099,0.91947868,2.30256354,0.91449533,0
2018000,0.07424738,0.02222984,0.00000000,0.00000000,0.00000000,0.00000000,0
2019000,0.11524753,0.02751962,0.63194851,0.19865522,0.21941141,0.21096125,0
2020000,0.07630102,0.01177690,0.01551960,-0.52960397,0.00012043,0.45536529,0
2021000,0.05624485,0.02407441,-0.39412462,0.13220035,0.00873847,0.57766496,0
2022000,0.05816956,0.04717755,-0.32621750,1.48085122,1.09646017,0.79018531,0
2023000,0.05349367,0.02348207,-0.41072608,0.14441099,0.01042727,0.71062489,0
2024000,0.07971319,0.02908066,0.24700352,0.50763011,0.15934953,0.70007562,0
2025000,0.07200044,0.03099571,0.00000000,0.00000000,0.00000000,0.00000000,0
2026000,0.09296454,0.04761614,0.10104621,0.91726482,0.42579254,0.27419729,0
2027000,0.05774375,0.08013424,-0.43395931,2.55534684,3.26489872,0.18918157,0
2028000,0.06070422,0.03259767,-0.34789465,0.43611268,0.09509713,0.71618866,0
2029000,0.06046221,0.01900321,-0.31263640,-0.20789599,0.00000000,0.67205683,0
2030000,0.31575221,0.00220081,5.12179266,-1.08241286,13.11638004,0.70093007,0
2031000,0.06609713,0.00770040,0.00000000,0.00000000,0.00000000,0.00000000,0
2032000,0.08753302,0.10705398,0.10003295,2.31805885,2.69170172,0.11078625,0
2033000,0.12633166,0.01087314,0.89947957,-0.52870840,0.40453175,0.22856995,0
2034000,0.16477643,0.00944088,1.82751334,-0.57733921,1.66990250,0.46881494,0
2035000,0.09363228,0.00748751,0.49144573,-0.65466829,0.12075945,0.19992462,0
2036000,0.07280335,0.00118046,0.09620474,-0.93724824,0.00462768,0.30545452,0
2037000,0.06051905,0.04786667,-0.15501002,1.16764442,0.68169675,0.34224215,0
2038000,0.15140626,0.04586056,2.04941926,1.13230974,2.74112232,1.54099560,0
2039000,0.10303088,0.09418527,0.00000000,0.00000000,0.00000000,0.00000000,0
2040000,0.05858359,0.00735256,-0.41681655,-0.55650551,0.00000000,0.04137074,0
2041000,0.10312395,0.00874604,0.23915815,-0.51929142,0.02859831,0.17398371,0
2042000,0.05582653,0.01826137,-0.37730878,-0.24667995,0.00000000,0.02035660,0
2043000,0.10383646,0.04296397,0.41552049,0.52509857,0.22419289,0.19390196,0
2044000,0.30350879,0.00368261,3.89013673,-0.69233293,7.56658189,0.23233221,0
2045000,0.08490343,0.03164721,0.17797578,0.24360849,0.04551024,0.23810272,0
2046000,0.24940152,0.00417049,3.27660114,-0.70444437,5.36805753,0.22245964,0
2047000,0.04518811,0.03895096,-0.53220494,0.57315989,0.16425613,0.10085825,0
2048000,0.16775648,0.00997850,1.91782266,-0.50315521,1.83902187,0.27498647,0
2049000,0.05731583,0.02245458,-0.26725227,-0.00914381,0.00000000,0.19680967,0
2050000,0.07449710,0.05536427,0.09806473,1.33545749,0.89653170,0.46835739,0
2051000,0.18656649,0.10130308,0.00000000,0.00000000,0.00000000,0.00000000,0
2052000,0.11806174,0.11891682,-0.22507867,1.39862325,0.97807350,0.01105336,0
2053000,0.09117034,0.02353442,-0.28422240,-0.26878248,0.00000000,0.02962835,0
2054000,0.09040277,0.00287124,-0.19822172,-0.71278003,0.00000000,0.03446517,0
2055000,0.07289628,0.04891076,-0.31944559,0.47705326,0.11378991,0.06309188,0
2056000,0.09615790,0.00938954,0.00946526,-0.53953743,0.00004480,0.10654673,0
2057000,0.06007879,0.00701760,0.00000000,0.00000000,0.00000000,0.00000000,0
2058000,0.10050720,0.00818600,0.17233422,-0.57452523,0.01484954,0.02670983,0
2059000,0.06228170,0.01521605,-0.24839610,-0.32647723,0.00000000,0.09529283,0
2060000,0.08702784,0.03995306,0.16960130,0.66603333,0.23618250,0.14540607,0
2061000,0.13309564,0.00740613,0.99322158,-0.63177350,0.49324455,0.26433106,0
2062000,0.06997478,0.02625446,0.00000000,0.00000000,0.00000000,0.00000000,0
2063000,0.08369385,0.00362365,0.15296409,-0.94797943,0.01169901,0.48070802,0
2064000,0.12054891,0.00251844,1.08343517,-1.01419226,0.58691589,0.27704704,0
2065000,0.08121387,0.03300104,0.27116099,0.54352544,0.18447409,1.33156477,0
2066000,0.26154417,0.05490568,0.00000000,0.00000000,0.00000000,0.00000000,0
2067000,0.11318421,0.00564112,0.76018439,-0.84777249,0.28894016,0.44799554,0
2068000,0.06467113,0.02976386,0.00000000,0.00000000,0.00000000,0.00000000,0
2069000,0.21074420,0.00262426,2.07924970,-0.81615295,2.16163966,0.20493338,0
2070000,0.15036032,0.06670469,0.00000000,0.00000000,0.00000000,0.00000000,0
2071000,0.11036362,0.04892100,0.05152654,0.49003974,0.12139697,0.02856425,0
2072000,0.08427017,0.05432095,-0.19620659,0.88711136,0.39348328,0.34714364,0
2073000,0.07351636,0.04312916,-0.33783481,0.57795447,0.16701569,0.35277185,0
2074000,0.06627590,0.03250743,0.00000000,0.00000000,0.00000000,0.00000000,0
2075000,0.11079191,0.02495564,0.26119281,-0.04216188,0.03411084,0.55698010,0
2076000,0.10437329,0.10674471,0.00000000,0.00000000,0.00000000,0.00000000,0
2077000,0.08741127,0.06034224,-0.19040414,0.63503832,0.20163683,0.53642018,0
2078000,0.09096523,0.08508138,-0.10903407,1.50614070,1.13422991,0.97108049,0
2079000,0.06652247,0.00950661,0.00000000,0.00000000,0.00000000,0.00000000,0
2080000,0.08431030,0.01584833,-0.21523300,-0.55105052,0.00000000,0.00887107,0
2081000,0.08760380,0.00639804,-0.04428289,-0.89653441,0.00000000,0.15190459,0
2082000,0.10075832,0.07358109,0.23978613,2.04684081,2.12352734,0.79221535,0
2083000,0.08974153,0.00140675,0.10548498,-1.13796116,0.00556354,0.40795854,0
2084000,0.15852363,0.07329137,0.00000000,0.00000000,0.00000000,0.00000000,0
2085000,0.10040123,0.07901984,0.04903958,1.41226159,0.99844384,0.08086216,0
2086000,0.13536137,0.04078794,0.67713386,0.41357980,0.31477926,0.07004124,0
2087000,0.05645984,0.02577298,-0.46717698,-0.05653990,0.00000000,0.36489188,0
2088000,0.06751615,0.01292358,-0.24147394,-0.52225800,0.00000000,0.17088089,0
2089000,0.20714007,0.15549739,0.00000000,0.00000000,0.00000000,0.00000000,0
2090000,0.14732389,0.03800046,0.96858710,0.36348922,0.53514270,0.11743838,0
2091000,0.06367864,0.07994756,-0.29549484,2.24957405,2.53029169,0.09382521,0
2092000,0.04941611,0.05866769,-0.54395320,1.54483906,1.19326385,0.31047720,0
2093000,0.08122703,0.00171629,0.15018132,-1.03031724,0.01127721,0.34572838,0
2094000,0.09449713,0.05361459,0.49998739,1.52721657,1.29118892,0.24172573,0
2095000,0.10200462,0.06881621,0.72851834,2.37262473,3.08004353,1.33417274,0
2096000,0.05571853,0.06891854,-0.33977784,2.46134107,3.02909994,0.42183154,0
2097000,0.09261197,0.02169868,0.00000000,0.00000000,0.00000000,0.00000000,0
2098000,0.07361916,0.06039997,0.00000000,0.00000000,0.00000000,0.00000000,0
2099000,0.27222371,0.05483614,2.47478771,0.88513450,3.45401865,0.04547725,0
2100000,0.02873313,0.05353967,0.00000000,0.00000000,0.00000000,0.00000000,0
2101000,0.05968979,0.01440084,-0.28472111,-0.38887334,0.00000000,0.22674232,0
2102000,0.07633295,0.10438825,0.00000000,0.00000000,0.00000000,0.00000000,0
2103000,0.05131198,0.02443184,-0.47791506,-0.11430331,0.00000000,0.10441449,0
2104000,0.06628492,0.02336458,-0.21305222,-0.09162481,0.00000000,0.09258550,0
2105000,0.10296050,0.01959576,0.47999215,-0.19685455,0.11519623,0.21882002,0
2106000,0.08228671,0.05425640,0.14586053,1.11124500,0.62807037,0.58733948,0
2107000,0.06248547,0.03560260,-0.22169830,0.46724525,0.10915906,0.58015322,0
2108000,0.03659755,0.02663407,0.00000000,0.00000000,0.00000000,0.00000000,0
2109000,0.04657116,0.02740461,0.00000000,0.00000000,0.00000000,0.00000000,0
2110000,0.06680922,0.03468560,-0.25163506,0.43734943,0.09563726,0.25872950,0
2111000,0.12897748,0.07055315,1.03518822,2.26928176,3.11062718,0.27868622,0
2112000,0.19473262,0.02237806,0.00000000,0.00000000,0.00000000,0.00000000,0
2113000,0.09212177,0.08738374,-0.27820807,0.52060419,0.13551436,0.00112149,0
2114000,0.06725828,0.02553128,-0.35721812,-0.24413653,0.00000000,0.00002041,0
2115000,0.03283799,0.02164253,-0.57292277,-0.26270240,0.00000000,0.00141305,0
2116000,0.06659976,0.08102266,-0.28766770,0.97471648,0.47503611,0.03111886,0
2117000,0.03538391,0.01914106,-0.54288686,-0.26153381,0.00000000,0.04321329,0
2118000,0.06147296,0.02613036,-0.31072881,-0.10490316,0.00000000,0.09100652,0
2119000,0.04943563,0.00332114,-0.41441707,-0.63854612,0.00000000,0.04142863,0
2120000,0.02668723,0.02867373,-0.65045165,0.00253284,0.00000321,0.01294843,0
2121000,0.04254846,0.00140332,-0.48133909,-0.70435288,0.00000000,0.04587285,0
2122000,0.05060058,0.04566571,-0.38852177,0.50669960,0.12837224,0.00817345,0
2123000,0.04161160,0.01382779,-0.48993222,-0.36935451,0.00000000,0.04145683,0
2124000,0.05954487,0.00615811,-0.27473465,-0.59370687,0.00000000,0.02537173,0
2125000,0.16482969,0.06769340,0.00000000,0.00000000,0.00000000,0.00000000,0
2126000,0.09090059,0.03749532,0.03380858,0.30243366,0.04630457,0.03503568,0
2127000,0.06279745,0.05164903,-0.25367755,1.03823623,0.53896723,0.13812585,0
2128000,0.07485075,0.02926734,0.00733241,0.26065917,0.03399848,0.11237291,0
2129000,0.13176103,0.06695557,1.12927579,2.05868172,2.75671712,0.14624499,0
2130000,0.06397151,0.01436859,-0.10722187,-0.35725296,0.00000000,0.20536412,0
2131000,0.06819709,0.00886600,0.00051937,-0.62765417,0.00000013,0.53503321,0
2132000,0.10314636,0.03816972,0.78366860,0.90117255,0.71312422,0.14433938,0
2133000,0.06360464,0.04590660,-0.05798024,1.35579032,0.91908370,1.26603401,0
2134000,0.05877187,0.00938828,0.00000000,0.00000000,0.00000000,0.00000000,0
2135000,0.08452457,0.00502115,0.21890967,-0.60153750,0.02396072,0.08336462,0
2136000,0.04326295,0.01146714,-0.48410472,-0.39317584,0.00000000,0.21607111,0
2137000,0.08584575,0.07703241,0.00000000,0.00000000,0.00000000,0.00000000,0
2138000,0.12234554,0.03487566,1.40636948,0.79106664,1.30183076,0.38890814,0
2139000,0.17307363,0.07615766,0.00000000,0.00000000,0.00000000,0.00000000,0
2140000,0.04768968,0.05196650,-0.26246477,1.22105699,0.74549009,0.10508440,0
2141000,0.04452595,0.00205877,-0.35011953,-0.81670137,0.00000000,0.27215794,0
2142000,0.10307872,0.06131130,0.00000000,0.00000000,0.00000000,0.00000000,0
2143000,0.06711545,0.06439722,-0.32354466,0.42092839,0.08859035,0.00000000,0
2144000,0.11008314,0.02082367,0.24451576,-0.25851892,0.02989398,0.37455592,0
2145000,0.08614301,0.06039037,0.00113365,0.71509197,0.25567891,0.21143144,0
2146000,0.09321206,0.03419937,0.15289795,0.14199143,0.02176968,0.25562129,0
2147000,0.04648079,0.04859094,-0.51400247,0.60109368,0.18065681,0.23311373,0
2148000,0.06641558,0.02022503,-0.19097653,-0.19808268,0.00000000,0.16107510,0
2149000,0.05782039,0.03753833,-0.32421865,0.36612602,0.06702413,0.44142919,0
2150000,0.06601717,0.09539734,-0.17940374,2.32028257,2.69185561,0.34479413,0
2151000,0.06548086,0.00794134,0.00000000,0.00000000,0.00000000,0.00000000,0
2152000,0.06202764,0.04539028,-0.18554928,0.89046553,0.39646443,0.23132010,0
2153000,0.11151935,0.05646097,0.00000000,0.00000000,0.00000000,0.00000000,0
2154000,0.05308126,0.04078552,-0.32189436,0.83027653,0.34467955,0.55731829,0
2155000,0.05775283,0.01391536,-0.17346812,-0.36605608,0.00000000,0.23098228,0
2156000,0.05202930,0.04272826,-0.25177937,1.22619513,0.75177725,0.39869383,0
2157000,0.04181215,0.05149937,-0.48477652,1.80930674,1.63679543,1.38243457,0
2158000,0.07378215,0.01274362,0.00000000,0.00000000,0.00000000,0.00000000,0
2159000,0.13339148,0.00893356,1.20615777,-0.52327730,0.72740828,0.03652318,0
2160000,0.15236337,0.05284389,1.84671066,1.31782073,2.57349588,0.12804830,0
2161000,0.16405466,0.00778199,2.33520855,-0.56292786,2.72659949,0.12233985,0
2162000,0.12952496,0.01635949,1.67997690,-0.16699587,1.41116119,0.20927395,0
2163000,0.07982618,0.01056838,0.52671646,-0.45491266,0.13871511,1.11140319,0
2164000,0.08100369,0.00775656,0.00000000,0.00000000,0.00000000,0.00000000,0
2165000,0.11946832,0.08916977,1.24063173,3.82411903,8.08152672,0.44514238,0
2166000,0.10340824,0.03870508,1.04517531,1.17849138,1.24061668,0.47592398,0
2167000,0.08974491,0.02137838,0.82362794,0.18599539,0.35647863,0.58563312,0
2168000,0.19572844,0.07432257,0.00000000,0.00000000,0.00000000,0.00000000,0
2169000,0.10348456,0.03048059,0.58094067,0.25680792,0.20172119,0.05645558,0
2170000,0.08621275,0.04900938,0.40115868,1.07950290,0.66312740,0.93310242,0
2171000,0.05915570,0.02861418,-0.08527901,0.32961874,0.05432426,0.61273886,0
2172000,0.11201072,0.00578311,1.12252427,-0.67501102,0.63003037,0.25711109,0
2173000,0.12440623,0.03457305,1.49448814,0.68072327,1.34843948,0.70377339,0
2174000,0.14132701,0.02018279,1.98625588,0.00975163,1.97265376,0.70720334,0
2175000,0.05766017,0.01598595,-0.04857333,-0.19334306,0.00000000,1.60740005,0
2176000,0.16429849,0.15394709,0.00000000,0.00000000,0.00000000,0.00000000,0
2177000,0.07261416,0.00597633,0.05955265,-0.79337248,0.00177326,0.44066862,0
2178000,0.07733407,0.05320726,0.25064743,1.64298158,1.38110630,0.39148610,0
2179000,0.03713096,0.04397731,-0.56513959,1.32249192,0.87449244,0.27676564,0
2180000,0.08176133,0.03370938,0.00000000,0.00000000,0.00000000,0.00000000,0
2181000,0.12640248,0.01588206,0.79760276,-0.25296143,0.31808508,0.00628304,0
2182000,0.06107699,0.02358328,-0.12466025,0.01969483,0.00019394,0.08910562,0
2183000,0.10399529,0.08748975,0.68815576,2.44835693,3.23400501,0.41666822,0
2184000,0.20464446,0.06980031,0.00000000,0.00000000,0.00000000,0.00000000,0
2185000,0.07125950,0.06662036,-0.34274158,0.32029704,0.05129510,0.00125084,0
2186000,0.07252945,0.03484067,-0.20043751,0.01637386,0.00013405,0.00743422,0
2187000,0.11606537,0.06702291,0.35172951,0.76358887,0.35339081,0.02291556,0
2188000,0.05285449,0.03513263,-0.30311426,0.16677919,0.01390765,0.04458976,0
2189000,0.08228343,0.02297509,0.09234616,-0.08123220,0.00426391,0.13956299,0
2190000,0.10028731,0.00820136,0.36217853,-0.45792123,0.06558664,0.02978250,0
2191000,0.04390294,0.00338030,-0.38921707,-0.59511249,0.00000000,0.06293561,0
2192000,0.04891327,0.01846159,-0.30511377,-0.16863965,0.00000000,0.02024843,0
2193000,0.04473873,0.00774555,-0.36125497,-0.48211892,0.00000000,0.16030946,0
2194000,0.05415799,0.05670144,-0.21280328,1.03857334,0.53931729,0.10427426,0
2195000,0.11504158,0.02728408,0.79799939,0.13088408,0.32696683,0.14639733,0
2196000,0.04785720,0.02031998,-0.30842833,-0.08422072,0.00000000,0.14301107,0
2197000,0.13008927,0.06931160,1.13265810,1.60118678,1.92335673,0.05492449,0
2198000,0.07939605,0.05322060,0.26941600,1.08631905,0.62633703,0.02907108,0
2199000,0.23850036,0.07599305,0.00000000,0.00000000,0.00000000,0.00000000,0
2200000,0.12857965,0.00406692,1.26413718,-0.85824130,0.79902140,0.07956609,0
2201000,0.06918802,0.04085800,0.00000000,0.00000000,0.00000000,0.00000000,0
2202000,0.07670734,0.01514084,-0.00236425,-0.31683389,0.00000000,0.13114960,0
2203000,0.04798214,0.01296889,-0.40447835,-0.40489361,0.00000000,0.35434435,0
2204000,0.07164861,0.06313542,0.00000000,0.00000000,0.00000000,0.00000000,0
2205000,0.11444549,0.09292121,1.05673016,3.87279192,8.05759796,0.32991125,0
2206000,0.05603667,0.03750434,-0.15625577,1.03184398,0.53235100,0.59797196,0
2207000,0.07445397,0.01949924,0.35791361,0.03887034,0.06480653,0.38477118,0
2208000,0.13465242,0.06824737,0.00000000,0.00000000,0.00000000,0.00000000,0
2209000,0.08148489,0.00046339,-0.02380785,-0.81421450,0.00000000,0.03100805,0
2210000,0.07935881,0.08025387,0.05953554,1.93660515,1.87699199,0.14621034,0
2211000,0.04576230,0.03336726,-0.40143405,0.40755452,0.08305034,0.13768507,0
2212000,0.04451240,0.02117377,-0.40720484,-0.02473294,0.00000000,0.14528275,0
2213000,0.12539832,0.00537314,1.13144836,-0.69834050,0.64008770,0.07931972,0
2214000,0.13530357,0.04413738,1.42501103,1.10254408,1.62312994,0.09336011,0
2215000,0.09646478,0.02505593,0.69949896,0.22476891,0.26990993,0.24957977,0
2216000,0.10320836,0.09849638,0.00000000,0.00000000,0.00000000,0.00000000,0
2217000,0.10795914,0.02493947,0.55981261,0.04018301,0.15750242,0.41388775,0
2218000,0.10153446,0.04292954,0.00000000,0.00000000,0.00000000,0.00000000,0
2219000,0.08880776,0.01564773,0.12510314,-0.38572364,0.00782540,0.22875770,0
2220000,0.32646126,0.03242483,4.59107816,0.44736544,10.63906724,0.46754238,0
2221000,0.13545381,0.02569227,1.26802659,0.18618944,0.82127897,0.47334417,0
2222000,0.08863514,0.03870393,0.41885002,0.94896728,0.53798712,0.07065560,0
2223000,0.07235128,0.00249212,0.11967152,-1.02766810,0.00716064,0.28534603,0
2224000,0.07924408,0.01082201,0.32135280,-0.55063975,0.05163381,0.29423725,0
2225000,0.11592326,0.08809365,0.00000000,0.00000000,0.00000000,0.00000000,0
2226000,0.07577496,0.00583699,0.39666343,-0.77174049,0.07867094,0.75072593,0
2227000,0.11658634,0.04031377,1.62934304,1.34042055,2.22574299,0.81680570,0
2228000,0.07116622,0.00405687,0.45799195,-0.89974942,0.10487831,1.17970190,0
2229000,0.20723635,0.03094218,0.00000000,0.00000000,0.00000000,0.00000000,0
2230000,0.04875414,0.07901595,-0.17881456,3.85335166,7.42415950,0.29318235,0
2231000,0.07958055,0.00184733,0.72042837,-1.07538182,0.25950852,0.96358110,0
2232000,0.05062986,0.03186825,0.00000000,0.00000000,0.00000000,0.00000000,0
2233000,0.11905421,0.04275489,1.68149946,1.57405821,2.65254983,0.34984656,0
2234000,0.07480651,0.08650658,0.00000000,0.00000000,0.00000000,0.00000000,0
2235000,0.16563722,0.04753047,1.92833555,1.58054285,3.10829685,0.46251601,0
2236000,0.09614558,0.01263280,0.79300297,-0.35588956,0.31442686,0.47175980,0
2237000,0.10822321,0.02609984,0.00000000,0.00000000,0.00000000,0.00000000,0
2238000,0.06458134,0.02907294,0.16052847,0.54505806,0.16142884,0.25862731,0
2239000,0.05496289,0.01069677,0.01858868,-0.46062821,0.00017277,0.30979577,0
2240000,0.06771701,0.02765534,0.00000000,0.00000000,0.00000000,0.00000000,0
2241000,0.06058427,0.03469599,0.09686635,0.96514896,0.47044780,0.39377360,0
2242000,0.07441537,0.04506882,0.55404429,1.76380866,1.70899303,0.53166718,0
2243000,0.11789217,0.05279984,0.00000000,0.00000000,0.00000000,0.00000000,0
2244000,0.06948400,0.04563124,0.17584958,1.53706731,1.19674950,0.27735103,0
2245000,0.07240736,0.00502713,0.37431198,-0.76991219,0.07005473,1.17825984,0
2246000,0.07400710,0.02761683,0.00000000,0.00000000,0.00000000,0.00000000,0
2247000,0.05266329,0.05725701,0.00000000,0.00000000,0.00000000,0.00000000,0
2248000,0.05533437,0.02885690,-0.08227949,0.35365749,0.06253681,0.00152832,0
2249000,0.05658627,0.01044936,-0.00066562,-0.35238091,0.00000000,0.05009009,0
2250000,0.06273277,0.00328107,0.15135292,-0.70215703,0.01145385,0.09148526,0
2251000,0.07382812,0.03660199,0.42198697,0.97613510,0.56545637,0.25077802,0
2252000,0.08673475,0.01955500,0.74786067,0.10723430,0.28539739,0.19365880,0
2253000,0.28342813,0.00820462,5.56902520,-0.51502048,15.50702083,0.48092099,0
2254000,0.07285111,0.05552908,0.00000000,0.00000000,0.00000000,0.00000000,0
2255000,0.06362773,0.04422249,-0.11588533,0.83320739,0.34711728,0.39031411,0
2256000,0.07108361,0.08865811,0.10004625,2.98122886,4.44886738,0.28870567,0
2257000,0.07619008,0.08411010,0.00000000,0.00000000,0.00000000,0.00000000,0
2258000,0.06605039,0.00983972,0.06889995,-0.49454221,0.00237360,0.08732644,0
2259000,0.08728515,0.04005815,0.64501125,1.22662973,0.96033001,0.47135681,0
2260000,0.05930194,0.03778896,0.00000000,0.00000000,0.00000000,0.00000000,0
2261000,0.11260333,0.00788901,0.98809780,-0.65086684,0.48816863,0.17718370,0
2262000,0.15417308,0.05278925,0.00000000,0.00000000,0.00000000,0.00000000,0
2263000,0.13556220,0.03527788,1.69129203,0.88794967,1.82446168,0.69302414,0
2264000,0.14447685,0.01372751,2.19906949,-0.25189249,2.41795330,0.20907650,0
2265000,0.06631552,0.04308121,0.00000000,0.00000000,0.00000000,0.00000000,0
2266000,0.06523254,0.02542384,0.20273319,0.40203837,0.10136780,0.23390255,0
2267000,0.09127700,0.04248072,0.95944842,1.54148924,1.64836518,0.81181623,0
2268000,0.06976526,0.02213210,0.44710786,0.32633073,0.15319859,0.52030176,0
2269000,0.08254910,0.04272897,0.00000000,0.00000000,0.00000000,0.00000000,0
2270000,0.08464506,0.02644256,0.38984534,0.23942203,0.10465115,0.22239411,0
2271000,0.06373964,0.01587593,0.02319695,-0.24261666,0.00026905,0.94880353,0
2272000,0.23848283,0.26877546,0.00000000,0.00000000,0.00000000,0.00000000,0
2273000,0.09589334,0.02224736,-0.12454480,-0.24582577,0.00000000,0.00000000,0
2274000,0.06867146,0.01402082,-0.18531817,-0.30702923,0.00000000,0.00024917,0
2275000,0.08548152,0.04827956,-0.00133620,0.38798508,0.07526621,0.00682019,0
2276000,0.06570932,0.01622444,-0.14387180,-0.23411291,0.00000000,0.03603635,0
2277000,0.05344610,0.00165446,-0.24407344,-0.57353996,0.00000000,0.01987538,0
2278000,0.04823121,0.00171239,-0.30015591,-0.59794753,0.00000000,0.05507475,0
2279000,0.13787736,0.03695609,0.77829121,0.34802230,0.36342837,0.24289128,0
2280000,0.06360823,0.02354110,-0.10965591,-0.01373115,0.00000000,0.06356262,0
2281000,0.10603411,0.05834278,0.45417160,1.03764414,0.64148860,0.03399746,0
2282000,0.06081658,0.02407991,-0.12671318,0.02798584,0.00039160,0.17029098,0
2283000,0.09680159,0.07554405,0.37654078,1.68084223,1.48350677,0.09179142,0
2284000,0.05476203,0.00743979,-0.21348079,-0.50792323,0.00000000,0.22252154,0
2285000,0.04281011,0.02894110,-0.38213441,0.21855333,0.02388278,0.13330899,0
2286000,0.14003034,0.01054923,1.10578205,-0.41023290,0.61137697,0.17817456,0
2287000,0.10505802,0.01142603,0.59131430,-0.38118021,0.17482630,0.07833160,0
2288000,0.06223568,0.04315409,-0.07918193,0.76631328,0.29361802,0.61195293,0
2289000,0.07307834,0.02162665,0.00000000,0.00000000,0.00000000,0.00000000,0
2290000,0.08086388,0.04821627,-0.19988997,0.36945650,0.06824905,0.44632142,0
2291000,0.09102629,0.02586202,0.00000000,0.00000000,0.00000000,0.00000000,0
2292000,0.11442806,0.02658327,0.00000000,0.00000000,0.00000000,0.00000000,0
2293000,0.08658428,0.00802392,-0.08778075,-0.78126072,0.00000000,0.20850217,0
2294000,0.10585535,0.03950115,0.00000000,0.00000000,0.00000000,0.00000000,0
2295000,0.07613689,0.05473939,-0.17049517,1.40682111,0.98957281,0.51518250,0
2296000,0.06620280,0.00692425,0.00000000,0.00000000,0.00000000,0.00000000,0
2297000,0.07314707,0.05947836,-0.28859115,1.11908462,0.62617520,0.46501429,0
2298000,0.06023056,0.00070163,-0.44325400,-1.02333916,0.00000000,0.54333543,0
2299000,0.05810247,0.02330786,-0.44144807,-0.07079420,0.00000000,1.48840863,0
2300000,0.06481072,0.00796458,-0.26432592,-0.74682399,0.00000000,0.37933463,0
2301000,0.06602234,0.03390682,-0.18847883,0.53055924,0.14074655,1.31882541,0
2302000,0.05779183,0.03523057,-0.32122270,0.65405899,0.21389658,0.36994390,0
2303000,0.05790742,0.01210093,-0.27460634,-0.51023080,0.00000000,0.25323838,0
2304000,0.10594724,0.02684292,0.92948328,0.30341733,0.47800062,0.41215402,0
2305000,0.06064666,0.00282786,-0.15069469,-1.00750405,0.00000000,0.56541140,0
2306000,0.07165070,0.01627076,0.00000000,0.00000000,0.00000000,0.00000000,0
2307000,0.04277867,0.02041511,-0.54230301,-0.12731691,0.00000000,0.28451433,0
2308000,0.06076960,0.05272024,-0.18973112,1.40550548,0.98772283,0.20794198,0
2309000,0.08296255,0.03695437,0.00000000,0.00000000,0.00000000,0.00000000,0
2310000,0.06844612,0.04015340,0.00203647,0.77219600,0.29814540,0.06285261,0
2311000,0.10467031,0.09530365,0.77560051,3.64852358,6.95664022,0.33509722,0
2312000,0.07065639,0.03730777,0.15117516,0.88254543,0.40087018,0.37621333,0
2313000,0.12837034,0.11430676,1.51496492,5.26811474,15.02407584,0.71911913,0
2314000,0.08527683,0.05699080,0.59840102,2.18366773,2.56324427,2.41810784,0
2315000,0.10369522,0.08779380,0.00000000,0.00000000,0.00000000,0.00000000,0
2316000,0.05315141,0.01188879,-0.36430850,-0.42007866,0.00000000,0.03797757,0
2317000,0.05423825,0.01531819,-0.29420466,-0.27963658,0.00000000,0.08393532,0
2318000,0.06104701,0.00484411,-0.12928928,-0.63511062,0.00000000,0.08943380,0
2319000,0.08504047,0.01005015,0.00000000,0.00000000,0.00000000,0.00000000,0
2320000,0.06572647,0.04213576,-0.03069080,0.49406501,0.12205012,0.02568349,0
2321000,0.07748517,0.09540933,0.26382968,2.33792375,2.76774678,0.22709945,0
2322000,0.07827955,0.04877786,0.33293735,0.96666046,0.52263986,0.20568876,0
2323000,0.08343106,0.01428705,0.50539578,-0.25279251,0.12771245,0.50975103,0
2324000,0.08911881,0.04373113,0.00000000,0.00000000,0.00000000,0.00000000,0
2325000,0.07914519,0.04301051,-0.36948266,0.05512164,0.00151920,0.21867504,0
2326000,0.06413063,0.02916084,-0.51154209,-0.16642725,0.00000000,0.45801363,0
2327000,0.10045633,0.07514873,-0.07735320,1.05338690,0.55481198,0.24500860,0
2328000,0.09046628,0.03465531,-0.18912532,0.03426421,0.00058702,0.58979956,0
2329000,0.11841672,0.03954972,0.20285969,0.20034147,0.04064438,0.50364404,0
2330000,0.10567252,0.00248994,0.00000000,0.00000000,0.00000000,0.00000000,0
2331000,0.06449573,0.05063379,-0.52628240,0.46268352,0.10703802,0.06257288,0
2332000,0.06238656,0.02965756,-0.53637773,-0.08081770,0.00000000,0.37631514,0
2333000,0.06975830,0.07617350,-0.42481822,1.63334084,1.33390114,0.42784278,0
2334000,0.08128698,0.02838053,-0.22633302,-0.02900808,0.00000000,1.06206892,0
2335000,0.09964578,0.00904707,0.08961197,-0.76789234,0.00401515,0.71594101,0
2336000,0.06821307,0.00345350,-0.42468287,-1.00271723,0.00000000,0.59946629,0
2337000,0.06165708,0.04755972,0.00000000,0.00000000,0.00000000,0.00000000,0
2338000,0.23671935,0.30025822,0.36756435,3.01544106,4.61399417,0.05527972,0
2339000,0.05830406,0.13838296,-0.46196441,1.38116551,0.95380908,0.00009218,0
2340000,0.07320216,0.09819281,-0.32395387,1.00303219,0.50303678,0.00000512,0
2341000,0.06236358,0.07619513,-0.37604383,0.75474867,0.28482278,0.04195077,0
2342000,0.11630693,0.05288075,0.08190095,0.38931471,0.07913685,0.00035424,0
2343000,0.06493492,0.03793706,-0.31157643,0.12271553,0.00752955,0.00764271,0
2344000,0.05810734,0.01870680,-0.35364319,-0.28769508,0.00000000,0.00370039,0
2345000,0.06733090,0.02118271,-0.25125279,-0.21392133,0.00000000,0.01984144,0
2346000,0.05137699,0.00349159,-0.38569470,-0.65100438,0.00000000,0.00513672,0
2347000,0.05390786,0.00870731,-0.35999802,-0.52075889,0.00000000,0.09973468,0
2348000,0.19599196,0.20047809,0.00000000,0.00000000,0.00000000,0.00000000,0
2349000,0.09817537,0.00369963,-0.00987989,-0.53736204,0.00000000,0.05503037,0
2350000,0.06200551,0.01137423,-0.26829476,-0.37846885,0.00000000,0.01250454,0
2351000,0.09607341,0.05103465,0.00000000,0.00000000,0.00000000,0.00000000,0
2352000,0.09577884,0.07192221,0.69333929,2.22779646,2.72189822,0.13138117,0
2353000,0.12259730,0.04360241,1.47812547,1.17743436,1.78560329,0.32770689,0
2354000,0.05662964,0.01817437,0.05685874,-0.04419124,0.00161646,0.56187375,0
2355000,0.16628610,0.02294949,2.95405824,0.25962021,4.39693137,0.32890948,0
2356000,0.13864671,0.11900504,0.00000000,0.00000000,0.00000000,0.00000000,0
2357000,0.06961800,0.07430167,0.33498671,3.60484455,6.55356017,0.40134846,0
2358000,0.04881123,0.06326672,-0.07775734,3.22536009,5.20147385,0.97701452,0
2359000,0.06698850,0.03370775,0.00000000,0.00000000,0.00000000,0.00000000,0
2360000,0.05979045,0.06920636,0.16155389,3.14632043,4.96271596,1.71999653,0
2361000,0.11563744,0.00176287,0.00000000,0.00000000,0.00000000,0.00000000,0
2362000,0.05059404,0.01420064,-0.19142095,-0.30482755,0.00000000,0.10372136,0
2363000,0.11848003,0.11431285,1.47622944,5.45840070,15.98669577,0.48977122,0
2364000,0.10111121,0.02265633,1.23641543,0.30008640,0.80938749,0.26005736,0
2365000,0.05300196,0.01434190,0.05586107,-0.18555552,0.00156023,0.55940877,0
2366000,0.06979448,0.03186304,0.55757638,1.00053880,0.65598465,0.36127881,0
2367000,0.04608743,0.00688922,-0.09867639,-0.67025077,0.00000000,1.37508314,0
2368000,0.12061876,0.03638439,0.00000000,0.00000000,0.00000000,0.00000000,0
2369000,0.07819548,0.09050553,0.13220526,3.42463885,5.87281475,0.26153214,0
2370000,0.07360829,0.04305674,0.00000000,0.00000000,0.00000000,0.00000000,0
2371000,0.13672614,0.06056976,1.19502557,2.02719879,2.76881053,0.27598963,0
2372000,0.09778439,0.00533319,0.00000000,0.00000000,0.00000000,0.00000000,0
2373000,0.05387311,0.03482153,-0.11906231,0.90944560,0.41354565,0.10005234,0
2374000,0.05738860,0.01024061,0.03056536,-0.47792915,0.00046712,0.66842283,0
2375000,0.08474375,0.01886506,0.00000000,0.00000000,0.00000000,0.00000000,0
2376000,0.08897553,0.01729845,0.44216751,-0.19837762,0.09775605,0.59974341,0
2377000,0.08618081,0.00023087,0.00000000,0.00000000,0.00000000,0.00000000,0
2378000,0.09260774,0.06451444,0.28621522,1.81308300,1.68459456,0.21652831,0
2379000,0.06334114,0.01386105,-0.13059674,-0.38690304,0.00000000,0.61453003,0
2380000,0.07153629,0.00290582,0.04011114,-0.95392702,0.00080445,0.20665919,0
2381000,0.07374394,0.04988354,0.11148464,1.59013202,1.27047433,0.99559011,0
2382000,0.07835677,0.00262710,0.00000000,0.00000000,0.00000000,0.00000000,0
2383000,0.21464208,0.32087964,0.82941540,5.39934412,14.92042344,0.13030787,0
2384000,0.12433228,0.04258154,0.19007109,0.18243544,0.03470485,0.04272915,0
2385000,0.07208422,0.01937792,-0.25494547,-0.28423741,0.00000000,0.02057095,0
2386000,0.05586677,0.03623886,-0.37941301,0.21477068,0.02306322,0.01115361,0
2387000,0.06146156,0.02254820,0.00000000,0.00000000,0.00000000,0.00000000,0
2388000,0.04906948,0.06256889,-0.30686872,1.03848026,0.53922062,0.03459418,0
2389000,0.04126615,0.05508927,-0.38201401,1.07080890,0.57331585,0.01276579,0
2390000,0.06160520,0.02124874,0.00258779,0.02889009,0.00042067,0.11499506,0
2391000,0.19838908,0.01143042,2.70887057,-0.31170127,3.66898988,0.21696520,0
2392000,0.08001336,0.02858507,0.45414022,0.38583656,0.17755660,0.38368485,0
2393000,0.07755785,0.01146255,0.44736393,-0.30779371,0.10006724,0.12111980,0
2394000,0.05937713,0.01438409,0.06672132,-0.18100575,0.00222587,0.61209001,0
2395000,0.10727400,0.02434725,0.00000000,0.00000000,0.00000000,0.00000000,0
2396000,0.05514175,0.03757792,-0.19116595,0.67454539,0.22750574,0.09154097,0
2397000,0.04996398,0.06860691,-0.22756732,2.25940411,2.55245347,0.58935783,0
2398000,0.06812677,0.02522041,0.16024320,0.33236920,0.06807358,0.31477082,0
2399000,0.10346618,0.02906075,0.00000000,0.00000000,0.00000000,0.00000000,0
2400000,0.05362986,0.02728792,-0.13733440,0.22546044,0.02541620,0.05492419,0
2401000,0.07635974,0.03288950,0.36304169,0.51659743,0.19933609,0.22456340,0
2402000,0.05744245,0.03956898,-0.00772313,0.87156790,0.37981530,0.37738443,0
2403000,0.05850399,0.01502891,0.00000000,0.00000000,0.00000000,0.00000000,0
2404000,0.03029964,0.04242951,-0.69901754,0.40025340,0.08010139,0.09860290,0
2405000,0.06048946,0.06453383,-0.22171592,1.21640180,0.73981667,0.02108122,0
2406000,0.13279776,0.04110458,0.98050211,0.61565272,0.67020633,0.03467130,0
2407000,0.06053039,0.01361999,-0.12719269,-0.29001724,0.00000000,0.11457002,0
2408000,0.03569951,0.05244853,-0.51902073,1.20619228,0.72744991,0.12552198,0
2409000,0.12142706,0.03007360,1.08056993,0.38557661,0.65815034,0.25784849,0
2410000,0.08599093,0.15630241,0.00000000,0.00000000,0.00000000,0.00000000,0
2411000,0.05239059,0.09075020,0.04050962,4.30979655,9.28799368,0.30035002,0
2412000,0.07657035,0.02911895,0.84249074,0.81332338,0.68564278,0.82562702,0
2413000,0.07501958,0.04432661,0.00000000,0.00000000,0.00000000,0.00000000,0
2414000,0.06256872,0.06861883,0.01379438,2.83667466,4.02345670,0.20720127,0
2415000,0.03867170,0.05375968,0.00000000,0.00000000,0.00000000,0.00000000,0
2416000,0.05866912,0.02899538,0.06489538,0.50317281,0.12869714,0.73589676,0
2417000,0.10240314,0.02576767,0.00000000,0.00000000,0.00000000,0.00000000,0
2418000,0.07995124,0.03954793,0.02795929,0.70505875,0.24894478,0.31039456,0
2419000,0.08543831,0.01804602,0.00000000,0.00000000,0.00000000,0.00000000,0
2420000,0.08741806,0.01385202,0.07468435,-0.33411468,0.00278888,0.11734044,0
2421000,0.04607014,0.02339134,0.00000000,0.00000000,0.00000000,0.00000000,0
2422000,0.07392509,0.01543545,-0.07484755,-0.30109489,0.00000000,0.06964448,0
2423000,0.06055471,0.10045998,0.00000000,0.00000000,0.00000000,0.00000000,0
2424000,0.09996101,0.00614721,0.10300717,-0.59812238,0.00530524,0.04520329,0
2425000,0.06757133,0.08032050,-0.27247235,1.93215049,1.86660276,0.04550508,0
2426000,0.09728821,0.09159583,0.31030474,2.73163263,3.77905293,0.34134793,0
2427000,0.08046459,0.00652506,0.00000000,0.00000000,0.00000000,0.00000000,0
2428000,0.06021023,0.07354274,0.12108120,2.91878882,4.26699440,0.16089121,0
2429000,0.80668110,0.18039034,0.00000000,0.00000000,0.00000000,0.00000000,0
2430000,0.17735612,0.05405660,-0.37995923,-0.43152143,0.00000000,0.01111588,0
2431000,0.15785004,0.14569943,-0.51476194,0.48536891,0.11779149,0.05768656,0
2432000,0.10605919,0.10066154,-0.84910066,0.13687116,0.00936686,0.06489685,0
2433000,0.18252140,0.05076679,-0.26500656,-0.34712734,0.00000000,0.01178978,0
2434000,0.12508684,0.07618418,-0.66771688,-0.02128038,0.00000000,0.05640187,0
2435000,0.23557091,0.15428032,0.00000000,0.00000000,0.00000000,0.00000000,0
2436000,0.18960422,0.02932354,-0.06445425,-0.59164011,0.00000000,0.14573947,0
2437000,0.13914663,0.01388377,-0.46330310,-0.88594181,0.00000000,0.30121564,0
2438000,0.14316209,0.06216710,-0.45510603,-0.12504709,0.00000000,0.31838125,0
2439000,0.12326524,0.07427046,-0.60821505,0.11168332,0.00623658,0.17878351,0
2440000,0.11935077,0.02364716,-0.64383376,-0.77099285,0.00000000,0.59526117,0
2441000,0.13208567,0.01982770,-0.49281970,-0.84003004,0.00000000,0.08845974,0
2442000,0.10467234,0.11107828,-0.71357306,0.90344538,0.40810678,0.00781558,0
2443000,0.07985552,0.10977345,-0.89903742,0.94922234,0.45051152,0.00626289,0
2444000,0.08912957,0.05877686,-0.72774619,0.00653486,0.00002135,0.00740227,0
2445000,0.11716587,0.13503036,-0.36799103,1.60647476,1.29038058,0.00056814,0
2446000,0.09527033,0.19165750,-0.52544224,2.86387966,4.10090337,0.02146359,0
2447000,0.09219484,0.14786062,-0.56565694,1.98377465,1.96768093,0.07904064,0
2448000,0.24438988,0.21371859,1.05489703,3.43760675,6.46497394,0.13961117,0
2449000,0.25426057,0.18160067,0.00000000,0.00000000,0.00000000,0.00000000,0
2450000,0.28798711,0.11493669,0.93479379,1.00234930,0.93927177,0.03928695,0
2451000,0.08739056,0.04159358,-0.40289652,-0.19584712,0.00000000,0.00122333,0
2452000,0.07139017,0.08089646,-0.59832545,0.63119836,0.19920568,0.13458646,0
2453000,0.10324389,0.05724978,-0.33395452,0.18031434,0.01625663,0.13909686,0
2454000,0.05544518,0.01257950,-0.81075842,-0.82199024,0.00000000,0.11610071,0
2455000,0.10451467,0.09263249,-0.32671929,1.10147517,0.60662378,0.15382068,0
2456000,0.08725575,0.04087391,-0.51168482,-0.12530624,0.00000000,0.26084332,0
2457000,0.26044914,0.22667767,0.00000000,0.00000000,0.00000000,0.00000000,0
2458000,0.25576371,0.04106953,0.56800975,-0.35720449,0.16131754,0.00000000,0
2459000,0.15030125,0.11372844,0.04966405,0.87393710,0.38311629,0.00077100,0
2460000,0.29401490,0.09089372,1.45528657,0.58937684,1.23261203,0.08296119,0
2461000,0.14674750,0.04866315,0.06595871,-0.17103682,0.00217528,0.43716443,0
2462000,0.10517711,0.06087444,-0.41421529,0.08524460,0.00363332,0.12764139,0
2463000,0.09102751,0.01268620,-0.58345798,-0.88408198,0.00000000,0.16797232,0
2464000,0.10796075,0.02545014,-0.38014554,-0.60360323,0.00000000,0.12622723,0
2465000,0.11753862,0.08993388,-0.25020652,0.84707228,0.35876572,0.05247228,0
2466000,0.11588328,0.03031044,-0.26215162,-0.48946043,0.00000000,0.14827848,0
2467000,0.12532064,0.04312302,-0.13376527,-0.18785207,0.00000000,0.19106584,0
2468000,0.12262335,0.07089800,-0.15626464,0.48174816,0.11604064,0.35278455,0
2469000,0.07236227,0.02814525,-0.82908881,-0.53256615,0.00000000,0.21476437,0
2470000,0.07428109,0.02024035,-0.79282373,-0.71685559,0.00000000,0.42901976,0
2471000,0.06311768,0.02081474,-0.96496285,-0.70382141,0.00000000,1.06557384,0
2472000,0.11751772,0.11190113,-0.16657106,1.60558544,1.28895230,0.32853317,0
2473000,0.09561507,0.07168029,-0.45410306,0.61637480,0.18995895,0.62443864,0
2474000,0.30972782,0.09450416,2.71376061,1.23127531,4.44026778,0.09811174,0
2475000,0.13198774,0.13917954,0.14630194,2.44292760,2.99464976,0.15215213,0
2476000,0.11774967,0.11787727,-0.02865272,1.92006063,1.84331640,0.01039801,0
2477000,0.19249927,0.07733178,1.10200192,0.85053107,0.96890567,0.51297489,0
2478000,0.19567700,0.09632596,1.17621616,1.37684334,1.63959102,0.44297880,0
2479000,0.05977471,0.03885968,-0.85863187,-0.16316596,0.00000000,0.16847355,0
2480000,0.25893867,0.20631507,0.00000000,0.00000000,0.00000000,0.00000000,0
2481000,0.15649021,0.07462310,-0.12841724,0.05966991,0.00178025,0.00037906,0
2482000,0.32145599,0.03959912,1.09086240,-0.29790151,0.59499039,0.00126176,0
2483000,0.34725502,0.05717307,1.56068671,0.08920608,1.22185037,0.00075689,0
2484000,0.10778264,0.07776289,-0.10527569,0.52512613,0.13787872,0.00011279,0
2485000,0.19080819,0.02068042,0.63038215,-0.48678251,0.19869083,0.33207905,0
2486000,0.10857767,0.09150925,-0.04764091,0.95115610,0.45234896,0.00282614,0
2487000,0.05244107,0.04280385,-0.55498776,-0.00502741,0.00000000,0.03873305,0
2488000,0.11257934,0.01130445,0.05835135,-0.67044618,0.00170244,0.01460816,0
2489000,0.07463806,0.11691819,-0.33817340,1.69339707,1.43379681,0.30293458,0
2490000,0.10777264,0.08493688,-0.00367246,0.99360634,0.49362678,0.18968911,0
2491000,0.10760229,0.04356651,-0.01579949,0.04529000,0.00102559,0.48123499,0
2492000,0.19569525,0.02260331,0.97748196,-0.45706820,0.47773549,0.42116896,0
2493000,0.06524860,0.12245038,-0.51559231,1.99136101,1.98275933,0.28920678,0
2494000,0.04297781,0.04431597,-0.78858039,0.07777841,0.00302474,0.36840974,0
2495000,0.08471598,0.06646008,-0.29361790,0.64341796,0.20699333,0.22618272,0
2496000,0.04050043,0.00618773,-0.85703272,-0.89520631,0.00000000,0.74276891,0
2497000,0.06300722,0.02771599,-0.59421644,-0.33752155,0.00000000,0.27668738,0
2498000,0.06159466,0.01629068,-0.62959416,-0.63808855,0.00000000,0.75114181,0
2499000,0.05187183,0.00373913,-0.76342507,-0.97635717,0.00000000,0.24708049,0
2500000,0.06333290,0.02422380,-0.62635550,-0.42992617,0.00000000,0.12679583,0
2501000,0.11566837,0.03450467,0.05684156,-0.14866879,0.00161548,0.30107889,0
2502000,0.08229490,0.03031212,-0.39185102,-0.25746101,0.00000000,0.04180862,0
2503000,0.10564195,0.02251054,-0.08497076,-0.47470076,0.00000000,0.40293906,0
2504000,0.10760642,0.00314771,-0.06043131,-1.02369534,0.00000000,0.15484569,0
2505000,0.17715430,0.03219983,0.91482463,-0.19945931,0.41845205,0.22064806,0
2506000,0.08559857,0.06664163,-0.37587643,0.78969394,0.31180826,0.78950911,0
2507000,0.10138061,0.04874319,-0.15281234,0.28050834,0.03934246,0.22851960,0
2508000,0.09112321,0.05349632,-0.30643928,0.42432031,0.09002386,0.55063111,0
2509000,0.26963466,0.02058781,0.00000000,0.00000000,0.00000000,0.00000000,0
2510000,0.35106730,0.18378367,1.05059774,1.25771638,1.34280305,0.07779365,0
2511000,0.08219691,0.03173965,-0.77275625,-0.50458191,0.00000000,0.04304231,0
2512000,0.25322866,0.06088438,0.77073308,0.02358994,0.29729299,0.15553751,0
2513000,0.05611350,0.04815275,-0.93274067,-0.10792898,0.00000000,0.00753295,0
2514000,0.11042739,0.03765683,0.00000000,0.00000000,0.00000000,0.00000000,0
2515000,0.20425834,0.11147474,0.20251483,0.63989389,0.22523822,0.06364709,0
2516000,0.07148124,0.04259631,-0.80517330,-0.24264989,0.00000000,0.13275575,0
2517000,0.06761669,0.01003423,-0.86258980,-0.77191135,0.00000000,0.10401524,0
2518000,0.17909402,0.04416645,0.32445617,-0.08075464,0.05263590,0.24721614,0
2519000,0.11894459,0.11513882,-0.28752699,1.46397846,1.07161647,0.31856446,0
2520000,0.08887295,0.01096290,-0.62309696,-0.75687932,0.00000000,0.16637798,0
2521000,0.20070487,0.00414579,0.73996450,-0.91292075,0.27377373,0.10217559,0
2522000,0.07773685,0.01851731,-0.75442751,-0.57460279,0.00000000,0.62029346,0
2523000,0.10016187,0.07755926,-0.47253567,0.88296877,0.38981693,0.33759515,0
2524000,0.07927174,0.07554325,-0.74564234,0.86993133,0.37839026,0.64548175,0
2525000,0.13496986,0.05401488,0.00284620,0.34761366,0.06042168,0.24353671,0
2526000,0.09983573,0.01041066,-0.46208856,-0.79276911,0.00000000,0.62184510,0
2527000,0.09867638,0.03972189,-0.46946408,-0.00274829,0.00000000,0.38961383,0
2528000,0.13871592,0.10351589,0.10890594,1.77807499,1.58670559,0.40297666,0
2529000,0.06558597,0.01589919,-0.92088147,-0.63702437,0.00000000,0.45950064,0
2530000,0.16723208,0.14745751,0.00000000,0.00000000,0.00000000,0.00000000,0
2531000,0.09909298,0.04414362,-0.55180276,-0.29015545,0.00000000,0.00000000,0
2532000,0.09687407,0.03729789,-0.49427816,-0.23868099,0.00000000,0.00480513,0
2533000,0.05952090,0.01636504,-0.77516864,-0.53695892,0.00000000,0.02045328,0
2534000,0.09497260,0.12078911,-0.43337699,1.48000651,1.09520963,0.08222653,0
2535000,0.08909903,0.00106819,-0.49196053,-0.83437871,0.00000000,0.05893199,0
2536000,0.06569565,0.00590884,-0.74855944,-0.75556765,0.00000000,0.29372049,0
2537000,0.09818592,0.04429379,-0.40052618,0.10567243,0.00558333,0.09501678,0
2538000,0.08542845,0.02007945,-0.52612534,-0.43412143,0.00000000,0.36731608,0
2539000,0.20480061,0.05166159,0.00000000,0.00000000,0.00000000,0.00000000,0
2540000,0.14978412,0.02433901,-0.11278581,-0.54253046,0.00000000,0.00125461,0
2541000,0.07146715,0.01966103,-0.71440016,-0.55113485,0.00000000,0.05388085,0
2542000,0.06259535,0.04606204,-0.79286422,0.07023901,0.00246676,0.00802334,0
2543000,0.13107783,0.15957728,0.03339337,2.85863950,4.08646746,0.06601684,0
2544000,0.11059869,0.06291008,-0.18959991,0.61776895,0.19081924,0.45331392,0
2545000,0.09569430,0.00158066,-0.36139595,-0.96629764,0.00000000,0.27543157,0
2546000,0.07871627,0.01428635,-0.58089933,-0.62170257,0.00000000,0.18700460,0
2547000,0.10948648,0.10018422,-0.15590779,1.84280207,1.69795973,1.02160978,0
2548000,0.06052120,0.03685968,-0.84928953,0.04472740,0.00100027,0.15561678,0
2549000,0.19567877,0.12513028,1.17726980,2.76035766,4.50276930,0.27003371,0
2550000,0.09730834,0.03426690,-0.26428708,0.01005235,0.00005052,0.14643339,0
2551000,0.05310166,0.02907837,-0.93324352,-0.13805057,0.00000000,0.62699443,0
2552000,0.09394298,0.02612606,0.00000000,0.00000000,0.00000000,0.00000000,0
2553000,0.06222320,0.08084584,-0.71506320,1.73533441,1.50569275,0.72848220,0
2554000,0.18985659,0.02594058,0.00000000,0.00000000,0.00000000,0.00000000,0
2555000,0.20555180,0.12072583,0.00000000,0.00000000,0.00000000,0.00000000,0
2556000,0.12929893,0.02855342,-0.39981872,-0.60280567,0.00000000,0.08473085,0
2557000,0.13557278,0.10260005,-0.14177801,1.03116440,0.53165001,0.15918658,0
2558000,0.04859681,0.03649127,-1.04309681,-0.20662439,0.00000000,0.05604986,0
2559000,0.14281955,0.04285096,0.20232780,0.02263565,0.02072445,0.34896573,0
2560000,0.07313527,0.00291912,0.00000000,0.00000000,0.00000000,0.00000000,0
2561000,0.07308183,0.03798932,-0.64698744,0.00839796,0.00003526,0.10706155,0
2562000,0.19197032,0.12768885,0.00000000,0.00000000,0.00000000,0.00000000,0
2563000,0.08924806,0.02236927,-0.61958702,-0.56147308,0.00000000,0.02680813,0
2564000,0.07740381,0.03466057,-0.63460774,-0.18119226,0.00000000,0.04204317,0
2565000,0.07057021,0.03086681,-0.67028992,-0.19254361,0.00000000,0.03056498,0
2566000,0.11318966,0.01255069,0.00000000,0.00000000,0.00000000,0.00000000,0
2567000,0.22940812,0.02498645,1.27962448,-0.51315780,0.81871941,0.04035245,0
2568000,0.14292070,0.03659434,0.00000000,0.00000000,0.00000000,0.00000000,0
2569000,0.09402686,0.03863301,-0.41363235,-0.07874941,0.00000000,0.15178194,0
2570000,0.07397018,0.00727886,-0.69490399,-0.78852272,0.00000000,0.79726815,0
2571000,0.10898814,0.00894299,0.00000000,0.00000000,0.00000000,0.00000000,0
2572000,0.20773055,0.03244436,1.13978641,-0.07075861,0.64955653,0.01739953,0
2573000,0.11877112,0.06920547,0.00000000,0.00000000,0.00000000,0.00000000,0
2574000,0.12378263,0.06541471,0.12874562,0.98228224,0.49072692,0.08787763,0
2575000,0.11890685,0.10488329,0.20705351,2.64577468,3.52149741,0.54767156,0
2576000,0.16475740,0.08715779,0.00000000,0.00000000,0.00000000,0.00000000,0
2577000,0.25166672,0.25940415,0.00000000,0.00000000,0.00000000,0.00000000,0
2578000,0.10923041,0.05231596,-0.22874907,-0.01838028,0.00000000,0.11473680,0
2579000,0.08196092,0.02785454,-0.47600475,-0.32584770,0.00000000,0.05804041,0
2580000,0.09917223,0.08949578,0.00000000,0.00000000,0.00000000,0.00000000,0
2581000,0.11174192,0.02187940,-0.16453750,-0.54942974,0.00000000,0.03019295,0
2582000,0.07152591,0.11547811,-0.57501039,1.71151128,1.46463543,0.16093551,0
2583000,0.11634360,0.08236270,0.00000000,0.00000000,0.00000000,0.00000000,0
2584000,0.15794691,0.10175027,0.67231572,1.74969512,1.75672073,0.14703687,0
2585000,0.13225672,0.00567043,0.00000000,0.00000000,0.00000000,0.00000000,0
2586000,0.12103081,0.00778804,0.24914753,-0.78260409,0.03103725,0.04634022,0
2587000,0.16001970,0.00346676,1.09029831,-0.99290078,0.59437520,0.49891281,0
2588000,0.14619084,0.04524478,0.00000000,0.00000000,0.00000000,0.00000000,0
2589000,0.14261062,0.03736539,0.11564898,-0.19875741,0.00668734,0.34923336,0
2590000,0.10073986,0.06843550,-0.24026107,0.75202838,0.28277335,0.34650185,0
2591000,0.13379349,0.04065541,0.00000000,0.00000000,0.00000000,0.00000000,0
2592000,0.13576975,0.02379868,0.24084924,-0.33028260,0.02900418,0.67983842,0
2593000,0.11340997,0.09793216,0.06665735,2.19066883,2.40173656,0.33101938,0
2594000,0.13594829,0.05145223,0.49818685,0.79560077,0.44058536,0.69802251,0
2595000,0.12936395,0.08124420,0.45329682,2.02806862,2.15927017,0.76190600,0
2596000,0.13286193,0.03529008,0.57303630,0.28247177,0.20408045,0.72705944,0
2597000,0.16651145,0.01516776,0.00000000,0.00000000,0.00000000,0.00000000,0
2598000,0.13742122,0.07702927,0.00000000,0.00000000,0.00000000,0.00000000,0
2599000,0.10246728,0.02091569,-0.04282860,-0.53088025,0.00000000,0.51040724,0
2600000,0.13849957,0.14416762,0.67288282,3.53672647,6.48060270,0.38231638,0
2601000,0.11162684,0.03011337,0.26616349,-0.07421085,0.03542150,0.55422910,0
2602000,0.10084631,0.05818723,0.11332386,1.01203765,0.51853125,0.47739114,0
2603000,0.14885999,0.04057014,1.13245605,0.41870471,0.72888517,0.67361745,0
2604000,0.21173458,0.03914218,0.00000000,0.00000000,0.00000000,0.00000000,0
2605000,0.11443347,0.01320917,-0.01595727,-0.59006675,0.00000000,0.06479942,0
2606000,0.09011248,0.02268700,-0.21593060,-0.25815939,0.00000000,0.16173430,0
2607000,0.15066421,0.06414466,0.68963820,1.31564161,1.10325685,0.27210252,0
2608000,0.08174377,0.00805414,-0.28157288,-0.79506333,0.00000000,0.37391794,0
2609000,0.05260343,0.06790947,-0.74307604,1.70170738,1.44790400,0.25586989,0
2610000,0.11060752,0.00897800,0.23561360,-0.75927096,0.02775688,1.58376324,0
2611000,0.14502855,0.00783529,0.00000000,0.00000000,0.00000000,0.00000000,0
2612000,0.09794988,0.05015923,-0.11619177,0.22423203,0.02514000,0.19908061,0
2613000,0.08964904,0.04965850,-0.17829350,0.39470255,0.07789505,0.15054646,0
2614000,0.10929786,0.09655683,0.25624645,1.94643110,1.92712813,1.18290051,0
2615000,0.09460103,0.03341097,0.00705436,0.07666380,0.00296355,0.22856169,0
2616000,0.08459371,0.00886580,-0.17448218,-0.71882076,0.00000000,0.32949180,0
2617000,0.17145455,0.10464426,1.72082208,2.70038317,5.12664894,0.41630756,0
2618000,0.07753032,0.03817448,-0.27642800,0.36813654,0.06776226,0.51992518,0
2619000,0.10539756,0.01495307,0.35377734,-0.48183333,0.06257920,1.03372263,0
2620000,0.06180592,0.02539920,0.00000000,0.00000000,0.00000000,0.00000000,0
2621000,0.10442252,0.01026293,0.00203256,-0.50373811,0.00000207,0.01817046,0
2622000,0.14584690,0.02815491,0.67239213,-0.02267753,0.22605558,0.24030227,0
2623000,0.07753950,0.01646960,-0.30241601,-0.34440474,0.00000000,0.24040732,0
2624000,0.15464281,0.22351810,0.00000000,0.00000000,0.00000000,0.00000000,0
2625000,0.09297197,0.01957409,0.04270838,-0.27167024,0.00091200,0.03637918,0
2626000,0.23479927,0.11254000,0.00000000,0.00000000,0.00000000,0.00000000,0
2627000,0.06059808,0.00297363,-0.52498826,-0.89921247,0.00000000,0.48250194,0
2628000,0.12142934,0.04424601,0.00000000,0.00000000,0.00000000,0.00000000,0
2629000,0.09115505,0.13514113,-0.08042006,4.42656201,9.79722560,0.14074689,0
2630000,0.11015884,0.04376346,0.39953638,0.95208324,0.53304591,0.38187198,0
2631000,0.10376509,0.07319555,0.00000000,0.00000000,0.00000000,0.00000000,0
2632000,0.05142990,0.01044390,-0.77955233,-0.76725194,0.00000000,0.02649736,0
2633000,0.09167583,0.04793043,-0.09843961,0.93606820,0.43811184,0.73314754,0
2634000,0.13546652,0.05926667,0.00000000,0.00000000,0.00000000,0.00000000,0
2635000,0.11254954,0.07524586,0.11177449,1.59750472,1.28225743,0.08686869,0
2636000,0.13102333,0.02165038,0.00000000,0.00000000,0.00000000,0.00000000,0
2637000,0.08042330,0.05530128,-0.20382563,1.29761170,0.84189806,0.21945971,0
2638000,0.06460730,0.02051624,-0.41830455,-0.17841169,0.00000000,0.49677168,0
2639000,0.08835366,0.00599889,0.10410269,-0.89500579,0.00541868,0.60769549,0
2640000,0.05010182,0.02553620,-0.70864696,0.18823844,0.01771685,0.97803884,0
2641000,0.05581074,0.00228968,-0.58033582,-1.14503218,0.00000000,0.60141747,0
2642000,0.03603416,0.00360801,0.00000000,0.00000000,0.00000000,0.00000000,0
2643000,0.08907382,0.00566692,-0.13951957,-0.80169762,0.00000000,0.20644988,0
2644000,0.17810549,0.07767824,0.00000000,0.00000000,0.00000000,0.00000000,0
2645000,0.05629658,0.00759268,-0.47361019,-0.70312078,0.00000000,0.40266732,0
2646000,0.07802305,0.04484060,0.00000000,0.00000000,0.00000000,0.00000000,0
2647000,0.09595934,0.04295303,-0.24356934,0.39638211,0.07855939,0.26488714,0
2648000,0.09957942,0.07682308,0.00000000,0.00000000,0.00000000,0.00000000,0
2649000,0.05448463,0.02007067,-0.72076121,-0.29212003,0.00000000,0.33520944,0
2650000,0.06601232,0.01871689,0.00000000,0.00000000,0.00000000,0.00000000,0
2651000,0.07233349,0.02553865,-0.44677871,-0.02470129,0.00000000,0.21229923,0
2652000,0.05382922,0.01176422,-0.72681606,-0.55660231,0.00000000,0.41325734,0
2653000,0.06961067,0.01260231,-0.42205218,-0.52047918,0.00000000,0.58556653,0
2654000,0.04702774,0.05181294,0.00000000,0.00000000,0.00000000,0.00000000,0
2655000,0.05075494,0.01268439,-0.80746978,-0.59847667,0.00000000,0.18159653,0
2656000,0.05610429,0.00169366,0.00000000,0.00000000,0.00000000,0.00000000,0
2657000,0.06738853,0.03491890,-0.64939441,0.08864884,0.00392931,0.08749294,0
2658000,0.08502908,0.05535169,-0.29785491,0.96892469,0.46940753,0.54286096,0
2659000,0.16517302,0.04253659,0.00000000,0.00000000,0.00000000,0.00000000,0
2660000,0.09189728,0.10603540,-0.05354316,2.09158794,2.18737006,1.14068760,0
2661000,0.10371349,0.09591348,0.22583118,2.11910080,2.27079397,0.32471206,0
2662000,0.08757581,0.04827988,0.00000000,0.00000000,0.00000000,0.00000000,0
2663000,0.07335024,0.00139114,-0.31411926,-1.00371269,0.00000000,0.26090803,0
2664000,0.05124965,0.01098149,0.00000000,0.00000000,0.00000000,0.00000000,0
2665000,0.05641521,0.04507833,-0.62495697,0.78897730,0.31124259,0.24238461,0
2666000,0.04709343,0.01009163,-0.81971712,-0.65401576,0.00000000,0.16288508,0
2667000,0.05074574,0.00881979,-0.73356812,-0.70731350,0.00000000,0.56618723,0
2668000,0.05347088,0.00108951,-0.68184603,-1.11910268,0.00000000,0.55824960,0
2669000,0.14518635,0.04818954,0.00000000,0.00000000,0.00000000,0.00000000,0
2670000,0.13142931,0.02168577,0.34882026,-0.32494923,0.06083779,0.05910652,0
2671000,0.10647914,0.02215793,0.20808250,-0.20103547,0.02164916,0.30498538,0
2672000,0.07946360,0.03966174,0.00000000,0.00000000,0.00000000,0.00000000,0
2673000,0.20196627,0.29864383,0.77159559,4.85850527,12.10021659,0.16918393,0
2674000,0.07599759,0.06812987,-0.49547184,0.69801979,0.24361581,0.27445361,0
2675000,0.10029512,0.03426747,-0.09479027,0.00116481,0.00000068,0.12965216,0
2676000,0.10319810,0.09320651,0.00000000,0.00000000,0.00000000,0.00000000,0
2677000,0.07416832,0.05435349,-0.42005953,0.74656616,0.27868052,0.06463816,0
2678000,0.05568442,0.02906259,-0.66619980,0.00526418,0.00001386,0.21946662,0
2679000,0.04525989,0.03605110,-0.82440423,0.40142161,0.08056965,0.16951522,0
2680000,0.09664766,0.12171162,0.00000000,0.00000000,0.00000000,0.00000000,0
2681000,0.24030666,0.07511052,1.91078573,1.30500670,2.67707231,0.07489509,0
2682000,0.08373141,0.07874653,-0.25357979,1.71559241,1.47162866,0.25063508,0
2683000,0.09996817,0.11863822,0.04322632,3.38017363,5.71372113,1.09665760,0
2684000,0.11312287,0.25103334,0.00000000,0.00000000,0.00000000,0.00000000,0
2685000,0.05294384,0.02489391,-0.83361895,-0.39900076,0.00000000,0.27587965,0
2686000,0.03653111,0.00975978,-1.04827548,-0.72186269,0.00000000,0.26948491,0
2687000,0.07853206,0.01736130,-0.36545044,-0.46775470,0.00000000,0.66569565,0
2688000,0.09068377,0.01903318,0.00000000,0.00000000,0.00000000,0.00000000,0
2689000,0.09739175,0.02614310,0.04593353,-0.00208291,0.00105494,0.40231457,0
2690000,0.06914074,0.06066148,0.00000000,0.00000000,0.00000000,0.00000000,0
2691000,0.08417777,0.04105093,0.00000000,0.00000000,0.00000000,0.00000000,0
2692000,0.09591898,0.01297546,-0.09468814,-0.47665048,0.00000000,0.08652266,0
2693000,0.06846566,0.08623894,-0.37008734,2.48203997,3.08026122,0.47759366,0
2694000,0.08465914,0.07477839,-0.07557570,2.24863586,2.52818162,0.34977153,0
2695000,0.06923408,0.08537348,0.00000000,0.00000000,0.00000000,0.00000000,0
2696000,0.11025528,0.09965824,0.05823434,1.83924662,1.69310968,0.01354805,0
2697000,0.07543114,0.03830282,-0.48606781,0.22422183,0.02513771,1.62991615,0
2698000,0.08531924,0.04242574,0.00000000,0.00000000,0.00000000,0.00000000,0
2699000,0.09938084,0.07769325,0.05767717,1.88291587,1.77434941,0.20468545,0
2700000,0.07265184,0.06901777,0.00000000,0.00000000,0.00000000,0.00000000,0
2701000,0.06974649,0.01363649,0.00000000,0.00000000,0.00000000,0.00000000,0
2702000,0.08674685,0.02897532,-0.32743826,-0.06884855,0.00000000,0.17058335,0
2703000,0.07246741,0.06803402,-0.35755977,1.63980013,1.34447224,0.26625438,0
2704000,0.07495638,0.03804213,0.00000000,0.00000000,0.00000000,0.00000000,0
2705000,0.16475001,0.04573421,0.94114697,0.63272395,0.64304861,0.08615500,0
2706000,0.10317964,0.08840965,0.13606412,2.57898968,3.33485060,0.52994005,0
2707000,0.12675127,0.06064614,0.00000000,0.00000000,0.00000000,0.00000000,0
2708000,0.04277472,0.06319191,-0.82256866,1.10059257,0.60565200,0.18175672,0
2709000,0.08822045,0.05495586,-0.07764508,1.09934938,0.60428453,0.29275435,0
2710000,0.11466709,0.02389057,0.47287888,-0.02117193,0.11180722,0.16779264,0
2711000,0.07569494,0.10174523,0.00000000,0.00000000,0.00000000,0.00000000,0
2712000,0.11922592,0.00848852,0.14001175,-0.70612715,0.00980165,0.13707783,0
2713000,0.07860637,0.00397924,-0.31793016,-0.86824323,0.00000000,0.13696715,0
2714000,0.08927435,0.02962981,-0.06868240,0.15153415,0.01148130,0.19847468,0
2715000,0.05930660,0.06084106,-0.55923842,1.53809430,1.18286704,0.58569134,0
2716000,0.09057715,0.00398753,0.02796980,-0.88115478,0.00039115,0.52923787,0
2717000,0.10330398,0.01641947,0.28136019,-0.32589481,0.03958178,1.20991922,0
2718000,0.07151799,0.03835555,0.00000000,0.00000000,0.00000000,0.00000000,0
2719000,0.10550023,0.00132948,-0.05614980,-0.91217903,0.00000000,0.14929750,0
2720000,0.05740533,0.07031813,-0.71287467,1.65099924,1.36289924,0.25227436,0
2721000,0.05633001,0.07568217,-0.68498647,2.08713686,2.17807013,0.13252112,0
2722000,0.06003865,0.06303474,-0.60047359,1.69809006,1.44175492,0.29756290,0
2723000,0.06423840,0.07501318,-0.47268333,2.36571488,2.79830345,0.82022907,0
2724000,0.05558274,0.08414585,-0.58988356,2.92682522,4.28315293,0.24005568,0
2725000,0.05403477,0.00223434,0.00000000,0.00000000,0.00000000,0.00000000,0
2726000,0.08724093,0.06343842,0.01846357,1.42798598,1.01974243,0.08677855,0
2727000,0.05787477,0.01002354,-0.40754462,-0.56321358,0.00000000,0.26957092,0
2728000,0.06431615,0.01631742,-0.29855463,-0.28996669,0.00000000,1.38748655,0
2729000,0.14016499,0.06002629,0.00000000,0.00000000,0.00000000,0.00000000,0
2730000,0.09749198,0.04678933,0.11771962,0.95686183,0.46472124,0.10880554,0
2731000,0.08179589,0.00522270,0.00000000,0.00000000,0.00000000,0.00000000,0
2732000,0.04830393,0.03738699,-0.70504462,0.75791413,0.28721691,0.81038617,0
2733000,0.21752053,0.16134854,0.00000000,0.00000000,0.00000000,0.00000000,0
2734000,0.22518465,0.02946837,1.22941699,-0.01566146,0.75573307,0.04956043,0
2735000,0.15024273,0.02281469,0.68275754,-0.12094282,0.23307893,0.08540359,0
2736000,0.06565151,0.05303664,-0.27022411,0.91264637,0.41646170,0.03995847,0
2737000,0.12784271,0.07979929,0.55394582,1.97389425,2.10155724,0.82856582,0
2738000,0.13877520,0.06182378,0.75582510,1.42976925,1.30775584,0.10578516,0
2739000,0.10966411,0.00417173,0.35851387,-0.75315972,0.06426610,0.82120860,0
2740000,0.15573592,0.02807192,0.00000000,0.00000000,0.00000000,0.00000000,0
2741000,0.09354476,0.07936323,-0.14736346,1.12463167,0.63239819,0.01538045,0
2742000,0.07274483,0.06036094,-0.32959299,0.97096301,0.47138459,0.02981015,0
2743000,0.04355520,0.01326288,-0.71292619,-0.41651077,0.00000000,0.62613467,0
2744000,0.06839200,0.11290205,0.00000000,0.00000000,0.00000000,0.00000000,0
2745000,0.07860499,0.04644804,-0.14784724,0.69873440,0.24411488,0.02980188,0
2746000,0.14327575,0.00766774,0.88607966,-0.62945691,0.39256858,0.10327206,0
2747000,0.07986722,0.12003269,-0.05477607,4.01772079,8.07104016,0.15948227,0
2748000,0.06534488,0.08608244,-0.27647910,2.82887714,4.00127293,0.25418396,0
2749000,0.07806572,0.00169049,-0.01381190,-0.91712817,0.00000000,0.53985622,0
2750000,0.06503508,0.00796009,-0.23664463,-0.63302403,0.00000000,0.58525052,0
2751000,0.11537825,0.00173910,0.00000000,0.00000000,0.00000000,0.00000000,0
2752000,0.10859923,0.08918438,0.00000000,0.00000000,0.00000000,0.00000000,0
2753000,0.06942461,0.05284749,-0.69840842,0.07688318,0.00295551,0.05115345,0
2754000,0.06491738,0.01792144,-0.52109304,-0.38770973,0.00000000,0.04843158,0
2755000,0.03898614,0.00460698,-0.78144483,-0.64726490,0.00000000,0.11288906,0
2756000,0.12428248,0.01439187,0.39535823,-0.39798018,0.07815407,0.11345805,0
2757000,0.12041765,0.00572962,0.40551980,-0.61951185,0.08222316,0.07900321,0
2758000,0.10226612,0.02598441,0.19842022,-0.02791257,0.01968529,0.63578408,0
2759000,0.09035431,0.02871550,0.05681411,0.08924448,0.00559621,0.12666638,0
2760000,0.06346784,0.00544171,-0.33977897,-0.62430048,0.00000000,0.09543576,0
2761000,0.11050831,0.01072446,0.46875525,-0.45515194,0.10986574,0.17281686,0
2762000,0.08269800,0.03583997,0.02577305,0.40966292,0.08424398,0.20478718,0
2763000,0.06831443,0.00569211,-0.19656466,-0.62450063,0.00000000,0.05780681,0
2764000,0.09260952,0.03905260,0.00000000,0.00000000,0.00000000,0.00000000,0
2765000,0.09450432,0.01546929,0.05935798,-0.33862051,0.00176169,0.00785796,0
2766000,0.06033517,0.02286586,-0.31165912,0.07429133,0.00275960,0.21213748,0
2767000,0.07778670,0.00539322,0.06706962,-0.73167074,0.00224917,0.07326366,0
2768000,0.07997897,0.01057710,0.18998714,-0.46226694,0.01804756,0.04181595,0
2769000,0.05432156,0.01913116,-0.27707765,0.03980628,0.00079227,0.22853727,0
2770000,0.05767922,0.01374159,0.00000000,0.00000000,0.00000000,0.00000000,0
2771000,0.06407788,0.08374423,-0.08941301,3.53185251,6.23699107,0.24050838,0
2772000,0.10795708,0.00113734,0.88091191,-1.04661874,0.38800290,1.80330461,0
2773000,0.07572214,0.02688608,0.00000000,0.00000000,0.00000000,0.00000000,0
2774000,0.03870386,0.05758993,-0.57361804,1.64740240,1.35696733,0.24603995,0
2775000,0.04553356,0.03530134,-0.41147912,0.80465901,0.32373806,0.31301249,0
2776000,0.09341109,0.03684289,0.54656149,0.96755710,0.61744810,1.14182115,0
2777000,0.05694551,0.03410558,0.00000000,0.00000000,0.00000000,0.00000000,0
2778000,0.05928518,0.01647845,-0.30907877,-0.23477958,0.00000000,0.17822443,0
2779000,0.05928925,0.02004195,-0.21189558,0.00627363,0.00001968,0.39373719,0
2780000,0.04514964,0.02979042,-0.47705354,0.58785791,0.17278846,0.55840324,0
2781000,0.08482525,0.01501514,0.47713402,-0.21509462,0.11382843,0.36547822,0
2782000,0.05602696,0.01119382,-0.14813573,-0.43023580,0.00000000,0.35585440,0
2783000,0.06197752,0.06730276,0.00000000,0.00000000,0.00000000,0.00000000,0
2784000,0.08086912,0.03393876,0.60344531,1.29860418,1.02525953,1.65465263,0
2785000,0.09833753,0.01483318,0.00000000,0.00000000,0.00000000,0.00000000,0
2786000,0.07326754,0.01099296,0.07350531,-0.39626507,0.00270152,0.06732214,0
2787000,0.12922251,0.04726543,1.14756844,1.21341799,1.39464827,0.20688059,0
2788000,0.18549371,0.00386231,2.43205214,-0.71245354,2.95743881,0.13184912,0
2789000,0.09178428,0.03541850,0.65075636,0.88841297,0.60638072,0.11704183,0
2790000,0.07221269,0.04704063,0.28278890,1.58198028,1.29131558,1.18776590,0
2791000,0.27652347,0.04168216,0.00000000,0.00000000,0.00000000,0.00000000,0
2792000,0.04763691,0.03919006,-0.24828125,1.03146737,0.53196247,0.56995566,0
2793000,0.07472737,0.03343878,0.00000000,0.00000000,0.00000000,0.00000000,0
2794000,0.07726058,0.03745550,0.47930248,1.29267851,0.95037430,0.39457356,0
2795000,0.07042034,0.02486869,0.00000000,0.00000000,0.00000000,0.00000000,0
2796000,0.05283229,0.04131753,-0.21771429,0.90358225,0.40823044,0.14695455,0
2797000,0.05308292,0.01029367,-0.13377059,-0.46008218,0.00000000,0.37429943,0
2798000,0.02388121,0.02490941,-0.75699917,0.36342973,0.06604058,0.37700820,0
2799000,0.07565752,0.01112569,0.45318696,-0.39846370,0.10268921,0.63562481,0
2800000,0.05103068,0.01773135,-0.11891974,0.02382476,0.00028381,0.80705381,0
2801000,0.08297165,0.02284379,0.00000000,0.00000000,0.00000000,0.00000000,0
2802000,0.09498893,0.04470207,0.65137540,1.05856897,0.77242909,0.13134759,0
2803000,0.07428256,0.02897724,0.00000000,0.00000000,0.00000000,0.00000000,0
2804000,0.07241368,0.01046287,0.17553270,-0.37282118,0.01540587,0.15136276,0
2805000,0.04149849,0.01674350,-0.35378190,-0.00503271,0.00000000,0.12717401,0
2806000,0.06320892,0.04477764,0.14991935,1.68190269,1.42563624,0.30888507,0
2807000,0.07692368,0.09188277,0.00000000,0.00000000,0.00000000,0.00000000,0
2808000,0.08876692,0.09336109,0.46098951,2.62636949,3.55516402,0.07919837,0
2809000,0.28155729,0.02815813,4.33320435,0.40812836,9.47161437,0.11477749,0
2810000,0.20211445,0.08717781,0.00000000,0.00000000,0.00000000,0.00000000,0
2811000,0.11487238,0.04325119,0.26548504,0.29353377,0.07832219,0.09501073,0
2812000,0.13898572,0.01656066,0.82896888,-0.32073102,0.34359470,0.04384577,0
2813000,0.06688400,0.04007111,-0.16836283,0.53770339,0.14456247,0.02875168,0
2814000,0.09010600,0.03068236,0.00000000,0.00000000,0.00000000,0.00000000,0
2815000,0.08710589,0.06233378,-0.18332063,0.43827748,0.09604357,0.00083466,0
2816000,0.06976578,0.07281099,-0.18494374,0.93866145,0.44054266,0.01155664,0
2817000,0.06957051,0.03160455,-0.10942615,0.16167457,0.01306933,0.04601118,0
2818000,0.07978182,0.09585053,0.00000000,0.00000000,0.00000000,0.00000000,0
2819000,0.07115407,0.05874024,0.15905584,1.98168412,1.97618535,0.26552881,0
2820000,0.11295937,0.01702713,0.00000000,0.00000000,0.00000000,0.00000000,0
2821000,0.06836807,0.01800345,-0.13093187,-0.20589949,0.00000000,0.01106035,0
2822000,0.05778472,0.04594941,-0.15349802,1.19395847,0.71276841,0.02660483,0
2823000,0.13875690,0.01368046,1.23136637,-0.27718622,0.75813157,0.03969054,0
2824000,0.05827593,0.00376068,0.00000000,0.00000000,0.00000000,0.00000000,0
2825000,0.10972439,0.05110575,1.08574282,2.07868072,2.74987550,0.56773257,0
2826000,0.12023654,0.06853218,1.55542817,3.52242122,7.41340402,0.26893648,0
2827000,0.08485471,0.01682524,0.00000000,0.00000000,0.00000000,0.00000000,0
2828000,0.07919367,0.08290905,0.32756038,2.62919152,3.50997192,0.23649002,0
2829000,0.08046312,0.06251365,0.48687226,2.11159774,2.34794480,0.06739959,0
2830000,0.06715677,0.01741870,0.00000000,0.00000000,0.00000000,0.00000000,0
2831000,0.09122992,0.02118380,0.62788694,0.28130139,0.23668624,0.08889511,0
2832000,0.12902789,0.01723129,0.00000000,0.00000000,0.00000000,0.00000000,0
2833000,0.09539030,0.00976116,0.75576042,-0.46623525,0.28558690,0.25425227,0
2834000,0.08150822,0.02189093,0.00000000,0.00000000,0.00000000,0.00000000,0
2835000,0.05758632,0.08852469,-0.12900716,2.29711928,2.63837850,0.18866974,0
2836000,0.08847640,0.04730098,0.00000000,0.00000000,0.00000000,0.00000000,0
2837000,0.05262665,0.01751983,-0.21384937,-0.11093150,0.00000000,0.03136518,0
2838000,0.07523502,0.08259275,0.24380271,3.05570412,4.69838372,0.81989103,0
2839000,0.08495317,0.00544435,0.00000000,0.00000000,0.00000000,0.00000000,0
2840000,0.07079811,0.00478005,0.20852840,-0.78380598,0.02174205,0.06840874,0
2841000,0.16619593,0.04972830,2.35214423,1.91066096,4.59160389,0.48209041,0
2842000,0.06792660,0.10753362,0.00000000,0.00000000,0.00000000,0.00000000,0
2843000,0.05304124,0.03515857,-0.05408667,0.92171018,0.42477483,0.29399905,0
2844000,0.05137806,0.05868559,0.00000000,0.00000000,0.00000000,0.00000000,0
2845000,0.05097971,0.02001373,-0.10905426,0.21535353,0.02318857,0.27404665,0
2846000,0.07512864,0.02729047,0.54783055,0.81377129,0.48117102,0.32221032,0
2847000,0.05553779,0.08169673,0.00000000,0.00000000,0.00000000,0.00000000,0
2848000,0.05701860,0.05365206,-0.12010168,1.48643049,1.10473781,0.08287045,0
2849000,0.07019905,0.01761064,0.19658085,-0.05230122,0.01932202,0.32970072,0
2850000,0.05224246,0.00845391,-0.10298530,-0.51082328,0.00000000,0.04616381,0
2851000,0.08668646,0.06348407,0.00000000,0.00000000,0.00000000,0.00000000,0
2852000,0.14997886,0.01555452,1.59908733,-0.14413587,1.27854014,0.05918746,0
2853000,0.05395053,0.06652683,-0.05712529,2.60748247,3.39948241,0.10199289,0
2854000,0.11199498,0.07505918,0.00000000,0.00000000,0.00000000,0.00000000,0
2855000,0.06178657,0.02167854,0.39199388,0.53869942,0.22192813,0.36530948,0
2856000,0.05863556,0.00719531,0.00000000,0.00000000,0.00000000,0.00000000,0
2857000,0.03631293,0.04845816,0.00000000,0.00000000,0.00000000,0.00000000,0
2858000,0.07283561,0.02174415,0.30858359,0.34817210,0.10822382,1.23115685,0
2859000,0.06686497,0.07312451,0.27251881,4.25053539,9.07065881,0.51801498,0
2860000,0.07397753,0.05214297,0.53774892,2.88202697,4.29762668,0.84003877,0
2861000,0.10140958,0.04500182,0.00000000,0.00000000,0.00000000,0.00000000,0
2862000,0.07963100,0.01692574,0.00000000,0.00000000,0.00000000,0.00000000,0
2863000,0.09723689,0.03166964,0.73651413,0.67223928,0.49717936,0.11811580,0
2864000,0.07689017,0.05385170,0.49358484,2.03865465,2.19986939,0.07309568,0
2865000,0.07438389,0.07606757,0.00000000,0.00000000,0.00000000,0.00000000,0
2866000,0.06335631,0.03971072,0.01672636,1.29298262,0.83604192,0.07753456,0
2867000,0.06246131,0.04231076,0.00000000,0.00000000,0.00000000,0.00000000,0
2868000,0.06837805,0.06103453,0.13376744,2.49973482,3.13328395,0.08663957,0
2869000,0.07723969,0.03454949,0.00000000,0.00000000,0.00000000,0.00000000,0
2870000,0.06097455,0.00668093,0.09647593,-0.56505584,0.00465380,0.35802435,0
2871000,0.07564173,0.01943972,0.00000000,0.00000000,0.00000000,0.00000000,0
2872000,0.07155223,0.07041016,0.00000000,0.00000000,0.00000000,0.00000000,0
2873000,0.07051386,0.02453733,0.07716133,0.19288950,0.02158011,0.13418305,0
2874000,0.10323852,0.02674672,0.00000000,0.00000000,0.00000000,0.00000000,0
2875000,0.06208347,0.03745065,0.14428694,1.39275282,0.98028957,0.32227599,0
2876000,0.04744175,0.02756254,-0.15648371,0.86950940,0.37802330,0.68520552,0
2877000,0.07385127,0.01944700,0.00000000,0.00000000,0.00000000,0.00000000,0
2878000,0.04971383,0.00921337,-0.13254500,-0.44473980,0.00000000,0.29865107,0
2879000,0.12828320,0.02395743,0.00000000,0.00000000,0.00000000,0.00000000,0
2880000,0.07985368,0.01837524,0.25396749,-0.03145261,0.03224974,0.25452017,0
2881000,0.07468998,0.05112441,0.00000000,0.00000000,0.00000000,0.00000000,0
2882000,0.28843188,0.15389706,1.42225468,1.73479584,2.51616248,0.17238078,0
2883000,0.06157822,0.10534718,-0.47976758,1.39021688,0.96635149,0.01589176,0
2884000,0.07828212,0.05554131,-0.14014422,0.56347487,0.15875197,0.00026730,0
2885000,0.05027349,0.01528821,-0.39654155,-0.33169188,0.00000000,0.10454865,0
2886000,0.04398371,0.01003449,-0.42821619,-0.43938445,0.00000000,0.01741664,0
2887000,0.07779771,0.05055705,0.09729566,0.80203646,0.32636447,0.02090054,0
2888000,0.06143268,0.00500188,-0.10895315,-0.57805970,0.00000000,0.00498698,0
2889000,0.08911329,0.03426611,0.36072835,0.39920635,0.14474532,0.10355132,0
2890000,0.15530343,0.00756574,0.00000000,0.00000000,0.00000000,0.00000000,0
2891000,0.07293135,0.02886260,0.17244018,0.20271448,0.03541439,0.03240132,0
2892000,0.06585707,0.00851544,0.14150753,-0.43673603,0.01001219,0.06461459,0
2893000,0.04188257,0.03719718,0.00000000,0.00000000,0.00000000,0.00000000,0
2894000,0.08336956,0.05741030,0.59429771,2.28688119,2.79150767,0.19291812,0
2895000,0.04959164,0.00793513,0.00000000,0.00000000,0.00000000,0.00000000,0
2896000,0.12608723,0.02676149,1.50658080,0.64635784,1.34378208,0.06769866,0
2897000,0.09008413,0.04441478,0.93907010,1.92751248,2.29857851,0.32613597,0
2898000,0.09002240,0.08057262,0.00000000,0.00000000,0.00000000,0.00000000,0
2899000,0.04945552,0.00233462,-0.15372055,-0.65887815,0.00000000,0.20845623,0
2900000,0.06124082,0.01268035,0.12726941,-0.23629111,0.00809875,0.05346750,0
2901000,0.17620929,0.02527342,2.69426799,0.38949457,3.70539302,0.87128325,0
2902000,0.17258340,0.00971120,0.00000000,0.00000000,0.00000000,0.00000000,0
2903000,0.05143155,0.00353738,-0.27200712,-0.65038556,0.00000000,0.05718960,0
2904000,0.21382138,0.06085963,2.55622336,1.73579132,4.77362469,0.08189096,0
2905000,0.05823345,0.02103627,-0.01887914,0.13604288,0.00925383,0.10935394,0
2906000,0.05085152,0.02382957,-0.11853557,0.30587198,0.04677883,0.21347352,0
2907000,0.04609723,0.03332925,-0.20164441,0.83794604,0.35107678,0.24690427,0
2908000,0.07828092,0.03441425,0.00000000,0.00000000,0.00000000,0.00000000,0
2909000,0.07323658,0.01318961,0.30326657,-0.25751901,0.04598531,0.22443547,0
2910000,0.13169380,0.00565289,0.00000000,0.00000000,0.00000000,0.00000000,0
2911000,0.15278322,0.04655273,1.90887848,1.77224896,3.39234172,0.07358761,0
2912000,0.04845797,0.00312952,-0.09130162,-0.82464030,0.00000000,0.43092055,0
2913000,0.09480013,0.02783960,0.00000000,0.00000000,0.00000000,0.00000000,0
2914000,0.12492327,0.00996966,1.50224899,-0.40504096,1.12837601,0.23751365,0
2915000,0.07302938,0.02101068,0.00000000,0.00000000,0.00000000,0.00000000,0
2916000,0.13359697,0.02840410,0.00000000,0.00000000,0.00000000,0.00000000,0
2917000,0.09466001,0.00177080,0.80443792,-0.94332995,0.32356019,0.04642638,0
2918000,0.06505848,0.00799525,0.00000000,0.00000000,0.00000000,0.00000000,0
2919000,0.04565056,0.03629337,-0.24991874,1.31417428,0.86352702,0.14757561,0
2920000,0.05275349,0.01209123,-0.02344785,-0.26143608,0.00000000,0.66096382,0
2921000,0.05135298,0.03288586,0.00000000,0.00000000,0.00000000,0.00000000,0
2922000,0.04032321,0.02229911,-0.33386927,0.23683598,0.02804564,0.29673531,0
2923000,0.12031952,0.08797546,1.49333702,3.63943652,7.73777682,0.12447292,0
2924000,0.08462243,0.01622353,0.78115319,0.02116171,0.30532406,0.60188362,0
2925000,0.05967818,0.01947415,0.19398659,0.22646008,0.04445748,0.67487763,0
2926000,0.06161704,0.05628067,0.00000000,0.00000000,0.00000000,0.00000000,0
2927000,0.13505955,0.01195534,0.75884063,-0.38407782,0.28791955,0.07155292,0
2928000,0.06996062,0.07477318,-0.01920761,2.47444412,3.06143686,0.03633956,0
2929000,0.08503236,0.01228636,0.30756113,-0.30181427,0.04729692,0.02715586,0
2930000,0.10164728,0.03815704,0.69435340,1.08578715,0.83053019,0.18060283,0
2931000,0.08767781,0.00538532,0.00000000,0.00000000,0.00000000,0.00000000,0
2932000,0.06289034,0.01100168,0.11935055,-0.33855595,0.00712228,0.13908218,0
2933000,0.09454720,0.07771564,0.92798708,4.85316121,12.20716686,0.30694220,0
2934000,0.04999997,0.00472791,-0.02934177,-0.79618602,0.00000000,0.57832902,0
2935000,0.04252267,0.00769548,0.00000000,0.00000000,0.00000000,0.00000000,0
2936000,0.18189430,0.05747526,0.00000000,0.00000000,0.00000000,0.00000000,0
2937000,0.13575941,0.01805378,1.36951078,-0.02137722,0.93777989,0.27808911,0
2938000,0.07329928,0.02463933,0.34825885,0.36335874,0.12665690,0.30316500,0
2939000,0.12475849,0.01513412,1.53976056,-0.08761712,1.18543129,0.02684240,0
2940000,0.09462304,0.02013088,0.00000000,0.00000000,0.00000000,0.00000000,0
2941000,0.03778575,0.00639600,-0.44476384,-0.59872200,0.00000000,0.17141479,0
2942000,0.03941100,0.03616719,-0.36684157,0.99950910,0.49950922,0.03328240,0
2943000,0.08573177,0.02310103,0.00000000,0.00000000,0.00000000,0.00000000,0
2944000,0.05737104,0.04228795,-0.01343478,1.45143800,1.05333613,0.30148140,0
2945000,0.05147952,0.01897749,-0.07723505,0.18044117,0.01627951,0.25232563,0
2946000,0.07160390,0.00310589,0.00000000,0.00000000,0.00000000,0.00000000,0
2947000,0.05079150,0.01199642,-0.14731208,-0.32702248,0.00000000,0.11201719,0
2948000,0.05203370,0.03096959,-0.08326231,0.82297870,0.33864697,0.23420646,0
2949000,0.10118528,0.00812642,1.00188564,-0.54305910,0.50188742,0.27296327,0
2950000,0.04066383,0.00152987,0.00000000,0.00000000,0.00000000,0.00000000,0
2951000,0.05100210,0.00072802,0.00000000,0.00000000,0.00000000,0.00000000,0
2952000,0.05112682,0.02646735,0.00000000,0.00000000,0.00000000,0.00000000,0
2953000,0.04881355,0.01972650,-0.09227683,0.25872571,0.03346950,0.78097313,0
2954000,0.13897121,0.05395084,0.00000000,0.00000000,0.00000000,0.00000000,0
2955000,0.07574547,0.02068971,0.62581667,0.42149324,0.28465153,0.36529657,0
2956000,0.07490072,0.02875470,0.00000000,0.00000000,0.00000000,0.00000000,0
2957000,0.12013799,0.06357095,1.04929824,1.60845701,1.84408038,0.27186985,0
2958000,0.05372927,0.02494314,-0.07077347,0.27893176,0.03890146,0.24442311,0
2959000,0.06160062,0.01181662,0.12864265,-0.28726490,0.00827447,0.17344524,0
2960000,0.06758010,0.01185401,0.00000000,0.00000000,0.00000000,0.00000000,0
2961000,0.09741506,0.02035594,0.91232001,0.26549209,0.45140692,0.30160631,0
2962000,0.14034526,0.02913329,0.00000000,0.00000000,0.00000000,0.00000000,0
2963000,0.16313955,0.02271845,0.00000000,0.00000000,0.00000000,0.00000000,0
2964000,0.32583535,0.00531244,2.91547340,-0.54827875,4.24999258,0.02249993,0
2965000,0.08723047,0.03301134,0.29233053,0.61879097,0.23417970,0.05252088,0
2966000,0.08128503,0.00407755,0.27508681,-0.65497910,0.03783638,0.24394339,0
2967000,0.08994390,0.03854509,0.51181116,1.14467432,0.78611499,0.09223134,0
2968000,0.10364296,0.06336623,0.85853581,2.64744954,3.87303641,0.09990835,0
2969000,0.08130564,0.02039197,0.00000000,0.00000000,0.00000000,0.00000000,0
2970000,0.08414378,0.01599942,0.00000000,0.00000000,0.00000000,0.00000000,0
2971000,0.15090704,0.00122266,1.03074358,-0.74160471,0.53121617,0.07837311,0
2972000,0.08656335,0.07908043,0.39920979,2.90597999,4.30204409,0.05553351,0
2973000,0.10189226,0.02399380,0.84738801,0.39785544,0.43817770,0.10216278,0
2974000,0.07252683,0.08567870,0.35603030,4.08021958,8.38747468,0.22203384,0
2975000,0.10063145,0.02730760,0.00000000,0.00000000,0.00000000,0.00000000,0
2976000,0.12336132,0.01280027,1.29829830,-0.31435986,0.84278923,0.00000000,0
2977000,0.23477241,0.09572174,0.00000000,0.00000000,0.00000000,0.00000000,0
2978000,0.19050680,0.06612980,3.02441881,3.33416671,10.13188839,0.38793235,0
2979000,0.12419504,0.09327088,0.00000000,0.00000000,0.00000000,0.00000000,0
2980000,0.08092400,0.07973819,0.00000000,0.00000000,0.00000000,0.00000000,0
2981000,0.09545929,0.06514041,0.82184323,2.87887286,4.48166763,0.13270542,0
2982000,0.06360414,0.06723260,0.29829882,3.45091001,5.99888103,0.31062792,0
2983000,0.05851506,0.01326898,0.24819438,-0.07516030,0.03080022,0.34046039,0
2984000,0.04820000,0.00991642,0.00000000,0.00000000,0.00000000,0.00000000,0
2985000,0.23513365,0.02230044,4.37953661,0.34068769,9.64820452,0.46237912,0
2986000,0.08048192,0.07306332,0.00000000,0.00000000,0.00000000,0.00000000,0
2987000,0.40708479,0.00105921,7.46384502,-0.94585641,27.85449127,0.32124966,0
2988000,0.10919002,0.05055878,0.00000000,0.00000000,0.00000000,0.00000000,0
2989000,0.07463937,0.01197328,0.40179451,-0.24829585,0.08071942,0.12365120,0
2990000,0.16572049,0.01925423,2.62150740,0.27702484,3.47452189,0.23644552,0
2991000,0.05313845,0.04033526,0.06820815,1.86441314,1.74034436,0.79777217,0
2992000,0.06632172,0.00187930,0.00000000,0.00000000,0.00000000,0.00000000,0
2993000,0.07704397,0.01191997,0.35251007,-0.35679308,0.06213167,1.04371543,0
2994000,0.09669798,0.04498269,0.96925820,1.88238868,2.24142430,0.36408381,0
2995000,0.06874282,0.05182225,0.40348705,2.54802984,3.32762894,0.38422170,0
2996000,0.05340380,0.00094383,0.05836677,-1.05253075,0.00170334,1.00711264,0
2997000,0.09081008,0.08206270,1.14467789,5.14525595,13.89197314,0.81390151,0
2998000,0.24401739,0.07617044,0.00000000,0.00000000,0.00000000,0.00000000,0
2999000,0.05531893,0.01322260,-0.16284523,-0.38198092,0.00000000,0.09842451,0
3000000,0.05598610,0.00998006,-0.08605529,-0.48232772,0.00000000,0.13181074,0
3001000,0.20728591,0.06784710,3.40791557,2.52878459,9.00432003,0.18449688,0
3002000,0.08889776,0.00240879,0.00000000,0.00000000,0.00000000,0.00000000,0
3003000,0.03438482,0.02035315,-0.38150303,0.36050688,0.06498261,0.63814739,0
3004000,0.06424618,0.03396259,0.42044572,1.51086371,1.22974188,0.22710236,0
3005000,0.03737447,0.00967795,0.00000000,0.00000000,0.00000000,0.00000000,0
3006000,0.14387965,0.01559550,2.07420020,0.09285308,2.15546407,0.41063376,0
3007000,0.03847057,0.00531917,0.00000000,0.00000000,0.00000000,0.00000000,0
3008000,0.05537340,0.01789828,-0.01194783,0.08887711,0.00394957,0.15440096,0
3009000,0.06618199,0.02119551,0.25383371,0.32880129,0.08627092,0.49621518,0
3010000,0.07754188,0.08159296,0.56769834,4.35335596,9.63699474,0.18936296,0
3011000,0.06969432,0.01020092,0.00000000,0.00000000,0.00000000,0.00000000,0
3012000,0.06544808,0.02782545,0.21027105,0.76039933,0.31121053,0.25964176,0
3013000,0.07000287,0.05401185,0.42227173,2.89801929,4.28841462,0.46498702,0
3014000,0.21961933,0.01018189,0.00000000,0.00000000,0.00000000,0.00000000,0
3015000,0.08069807,0.02268704,-0.28893064,-0.36878310,0.00000000,0.00000566,0
3016000,0.06528492,0.00183273,-0.28383531,-0.67290690,0.00000000,0.05783399,0
3017000,0.07540508,0.06570216,-0.08148735,0.87902849,0.38634554,0.05149463,0
3018000,0.11848298,0.03308574,0.54631492,0.17636942,0.16478308,0.02269231,0
3019000,0.05859981,0.04103181,-0.18827646,0.46315520,0.10725637,0.03858153,0
3020000,0.05231156,0.00176744,-0.25192059,-0.64798925,0.00000000,0.04585744,0
3021000,0.14514224,0.01982155,0.00000000,0.00000000,0.00000000,0.00000000,0
3022000,0.26188830,0.06558394,3.32414517,2.02768699,7.58072783,0.09147656,0
3023000,0.07995175,0.05082508,0.38640503,1.63490369,1.41110947,0.81140838,0
3024000,0.07056209,0.02317466,0.25876091,0.30987384,0.08148950,0.13529634,0
3025000,0.10325167,0.04136103,1.02628850,1.38801449,1.48992616,0.34945693,0
3026000,0.07176548,0.02836307,0.00000000,0.00000000,0.00000000,0.00000000,0
3027000,0.07156240,0.05588078,0.28956709,2.22569576,2.51878535,0.46321646,0
3028000,0.06400786,0.02770327,0.00000000,0.00000000,0.00000000,0.00000000,0
3029000,0.07272226,0.04736299,-0.00096255,1.26014493,0.79398262,0.19097756,0
3030000,0.08946330,0.00282865,0.37727323,-0.84834687,0.07116754,0.43233893,0
3031000,0.18253574,0.12910874,2.19938602,6.30344660,22.28536894,0.34228559,0
3032000,0.08703993,0.02052613,0.49437572,0.17211239,0.13701501,0.16477281,0
3033000,0.05271184,0.00141660,0.00000000,0.00000000,0.00000000,0.00000000,0
3034000,0.09131603,0.00524767,0.00000000,0.00000000,0.00000000,0.00000000,0
3035000,0.05896539,0.01200924,-0.09771726,-0.27789633,0.00000000,0.06290751,0
3036000,0.09518291,0.05068284,0.60763730,1.25944705,0.97771499,0.49524882,0
3037000,0.06548709,0.00242748,0.00000000,0.00000000,0.00000000,0.00000000,0
3038000,0.08433132,0.00590152,0.30658108,-0.75896283,0.04699598,0.75708930,0
3039000,0.04585125,0.01114082,-0.31559131,-0.43688309,0.00000000,0.52576554,0
3040000,0.06971644,0.00494488,0.24384426,-0.84726698,0.02973001,0.13661527,0
3041000,0.12547588,0.05212303,0.00000000,0.00000000,0.00000000,0.00000000,0
3042000,0.09886928,0.00166472,1.06150349,-0.96732538,0.56339483,0.05806825,0
3043000,0.07301448,0.01636352,0.57902380,0.08568022,0.17130483,0.32612764,0
3044000,0.06755438,0.01091373,0.00000000,0.00000000,0.00000000,0.00000000,0
3045000,0.06068066,0.01812130,0.12822836,0.08688414,0.01199568,2.27053627,0
3046000,0.09507091,0.10195820,0.00000000,0.00000000,0.00000000,0.00000000,0
3047000,0.06665631,0.00589377,-0.00015849,-0.57536575,0.00000000,0.02279188,0
3048000,0.05005595,0.05051380,-0.21643222,1.28308192,0.82314960,0.28458109,0
3049000,0.06016502,0.08331776,0.00000000,0.00000000,0.00000000,0.00000000,0
3050000,0.04912195,0.04739309,-0.29463425,1.69707221,1.44002705,0.77476130,0
3051000,0.04768384,0.01773574,-0.29217194,0.02201753,0.00024239,0.38593117,0
3052000,0.04756251,0.03495452,0.00000000,0.00000000,0.00000000,0.00000000,0
3053000,0.04164823,0.00214528,0.00000000,0.00000000,0.00000000,0.00000000,0
3054000,0.06791732,0.02028304,0.17149421,0.09744483,0.01945288,0.48541136,0
3055000,0.06357393,0.00428032,0.17402178,-0.74391085,0.01514179,0.23871453,0
3056000,0.05409271,0.02679792,0.00524083,0.65675509,0.21567736,0.38834345,0
3057000,0.12102729,0.09793445,0.00000000,0.00000000,0.00000000,0.00000000,0
3058000,0.06771340,0.04231041,0.23173522,1.41627025,1.02976132,0.19932805,0
3059000,0.05712219,0.01750319,0.00000000,0.00000000,0.00000000,0.00000000,0
3060000,0.05050838,0.01173183,-0.10814846,-0.25971029,0.00000000,0.21348451,0
3061000,0.13614568,0.12243439,0.00000000,0.00000000,0.00000000,0.00000000,0
3062000,0.07710206,0.00590421,0.30706269,-0.64767477,0.04714375,0.29997258,0
3063000,0.05863820,0.04697175,0.00823627,1.89574288,1.79695445,0.20384553,0
3064000,0.11930394,0.04037837,1.42252994,1.64156434,2.35916245,0.74150417,0
3065000,0.11082969,0.04684643,1.34281804,2.20905647,3.34154538,0.41489398,0
3066000,0.08683356,0.01523135,0.00000000,0.00000000,0.00000000,0.00000000,0
3067000,0.05599330,0.07330659,-0.16415609,2.23171640,2.49027905,0.00490279,0
3068000,0.06460493,0.01356631,0.14236749,-0.27460905,0.01013425,0.10072300,0
3069000,0.06903935,0.02146424,0.33026565,0.23312035,0.08171025,0.25994268,0
3070000,0.15888114,0.02174231,0.00000000,0.00000000,0.00000000,0.00000000,0
3071000,0.06420172,0.04039526,0.12539506,1.02892564,0.53720595,0.04878793,0
3072000,0.07501039,0.03708923,0.00000000,0.00000000,0.00000000,0.00000000,0
3073000,0.06089753,0.03521495,0.07158497,1.00192817,0.50449223,0.04037218,0
3074000,0.04410597,0.01369610,-0.17820710,-0.16539741,0.00000000,0.24071764,0
3075000,0.09804165,0.00474470,0.00000000,0.00000000,0.00000000,0.00000000,0
3076000,0.06003186,0.02140968,0.16755138,0.48693682,0.13259046,0.69629736,0
3077000,0.46530455,0.00216486,0.00000000,0.00000000,0.00000000,0.00000000,0
3078000,0.04930447,0.02827930,-0.13278222,0.45248552,0.10237157,0.06487522,0
3079000,0.07537045,0.03736943,0.46555334,1.00144749,0.60981849,0.40420613,0
3080000,0.14578579,0.07389247,2.19934805,3.07626567,7.15027116,0.13814736,0
3081000,0.04045058,0.00441232,-0.26792004,-0.67172145,0.00000000,0.24649605,0
3082000,0.05829591,0.00756760,0.21138649,-0.50711600,0.02234212,0.11150153,0
3083000,0.08821124,0.06338563,0.00000000,0.00000000,0.00000000,0.00000000,0
3084000,0.09083176,0.02004782,0.00000000,0.00000000,0.00000000,0.00000000,0
3085000,0.07550843,0.03933865,0.17677634,0.68228286,0.24837989,0.01627686,0
3086000,0.11167651,0.06529569,1.04679700,2.03286989,2.61417197,0.16288409,0
3087000,0.05450200,0.01318677,-0.05603358,-0.23037561,0.00000000,0.14208177,0
3088000,0.31867969,0.01395321,6.09055256,-0.16840465,18.54741522,0.39440612,0
3089000,0.06654122,0.00345579,0.29640178,-0.73210055,0.04392701,0.46949152,0
3090000,0.10092548,0.02201025,0.00000000,0.00000000,0.00000000,0.00000000,0
3091000,0.06569794,0.02574414,-0.04510483,0.20137975,0.02027690,0.00019670,0
3092000,0.08523197,0.00385126,0.42809833,-0.72323399,0.09163409,0.12538047,0
3093000,0.07234815,0.00896038,0.29540886,-0.46318682,0.04363320,0.10142700,0
3094000,0.05187656,0.05079184,-0.07657071,2.10205868,2.20932534,0.33868735,0
3095000,0.07447343,0.05064189,0.47287277,2.23139242,2.60136039,0.27908634,0
3096000,0.06711285,0.01841247,0.34274122,0.15828422,0.07126272,0.54598864,0
3097000,0.05904670,0.01649459,0.18878954,0.05501257,0.01933394,0.26178299,0
3098000,0.05604455,0.03912378,0.00000000,0.00000000,0.00000000,0.00000000,0
3099000,0.10499498,0.01056195,1.00552134,-0.36815810,0.50553658,0.33053682,0
3100000,0.27117571,0.04628975,0.00000000,0.00000000,0.00000000,0.00000000,0
3101000,0.03692010,0.01472049,-0.33972612,-0.00383352,0.00000000,0.22287773,0
3102000,0.06744573,0.00659024,0.00000000,0.00000000,0.00000000,0.00000000,0
3103000,0.05644176,0.02376657,0.12480658,0.62225445,0.20138864,0.51249632,0
3104000,0.07166073,0.08510122,0.00000000,0.00000000,0.00000000,0.00000000,0
3105000,0.05332031,0.02114169,-0.14347190,0.04408976,0.00097195,0.02720282,0
3106000,0.06373229,0.02078240,0.00000000,0.00000000,0.00000000,0.00000000,0
3107000,0.07729024,0.06754410,0.70414179,3.58221317,6.66403341,0.39067006,0
3108000,0.15099399,0.05768843,2.93186342,3.23792732,9.53999821,0.75586121,0
3109000,0.08674065,0.00193232,1.25000477,-1.04690183,0.78125597,0.48395886,0
3110000,0.07076415,0.01710888,0.00000000,0.00000000,0.00000000,0.00000000,0
3111000,0.16051108,0.04927821,2.39307736,2.27740276,5.45669127,0.14676440,0
3112000,0.03784978,0.05394954,0.00000000,0.00000000,0.00000000,0.00000000,0
3113000,0.06574033,0.00770962,0.39197018,-0.54952877,0.07682031,0.37541281,0
3114000,0.06317182,0.01467241,0.00000000,0.00000000,0.00000000,0.00000000,0
3115000,0.19500816,0.04096783,0.00000000,0.00000000,0.00000000,0.00000000,0
3116000,0.07923449,0.10067806,0.40656758,4.35873253,9.58192323,0.13105271,0
3117000,0.12531346,0.06793715,1.65492589,3.26585506,6.70229448,0.57873447,0
3118000,0.10641419,0.04737272,0.00000000,0.00000000,0.00000000,0.00000000,0
3119000,0.15240340,0.03773627,0.00000000,0.00000000,0.00000000,0.00000000,0
3120000,0.12562038,0.10985425,0.29652348,1.62786168,1.36892991,0.59508733,0
3121000,0.08917695,0.01137104,0.06681051,-0.48065412,0.00223182,0.00280199,0
3122000,0.08106504,0.03231865,0.07130066,0.17058975,0.01709232,0.00362493,0
3123000,0.06350393,0.09028605,-0.11368860,2.05768357,2.11703084,0.02384855,0
3124000,0.07115024,0.02286405,0.04638775,-0.00251270,0.00107591,0.07998718,0
3125000,0.07120406,0.01747430,0.08566412,-0.15992523,0.00366917,0.02886413,0
3126000,0.06625636,0.03815789,0.02686256,0.62397432,0.19503278,0.09333015,0
3127000,0.43507966,0.08566959,0.00000000,0.00000000,0.00000000,0.00000000,0
3128000,0.06160480,0.00955304,0.00000000,0.00000000,0.00000000,0.00000000,0
3129000,0.06693719,0.03984044,0.01819488,1.03489045,0.53566465,0.00000000,0
3130000,0.08179322,0.07749835,0.44779587,3.52743354,6.32165424,0.12259364,0
3131000,0.05945837,0.00295553,0.00000000,0.00000000,0.00000000,0.00000000,0
3132000,0.10395598,0.04628247,1.06236167,1.53222524,1.73816325,0.28290462,0
3133000,0.09721620,0.00484119,0.00000000,0.00000000,0.00000000,0.00000000,0
3134000,0.06566855,0.02642644,-0.03079238,0.28154027,0.03963246,0.27155755,0
3135000,0.05887097,0.06129228,-0.05651044,2.24903404,2.52907705,0.15274404,0
3136000,0.08927273,0.01657753,0.00000000,0.00000000,0.00000000,0.00000000,0
3137000,0.06691570,0.01896509,0.05434723,0.02315116,0.00174480,0.03830782,0
3138000,0.05371546,0.03086890,-0.07277121,0.91403748,0.41773226,0.36478008,0
3139000,0.12816207,0.09524608,1.75417705,5.59147146,17.17084512,0.62096519,0
3140000,0.05520985,0.00523990,0.00000000,0.00000000,0.00000000,0.00000000,0
3141000,0.20213023,0.01608274,2.74288131,-0.14631077,3.76169893,0.15766247,0
3142000,0.40933141,0.00354436,0.00000000,0.00000000,0.00000000,0.00000000,0
3143000,0.07695789,0.00136212,0.27893241,-0.83554829,0.03890164,0.31340533,0
3144000,0.08181386,0.03116831,0.50809398,0.64446837,0.33674949,0.07723830,0
3145000,0.21372224,0.00495144,3.44045876,-0.70653223,5.91837825,0.22689522,0
3146000,0.21183047,0.01966241,0.00000000,0.00000000,0.00000000,0.00000000,0
3147000,0.12605812,0.01993291,0.00000000,0.00000000,0.00000000,0.00000000,0
3148000,0.08594646,0.01840016,0.65180258,0.17762220,0.22819812,0.03820554,0
3149000,0.11096094,0.07223152,1.36381158,4.22763393,9.86643533,0.45612897,0
3150000,0.05824710,0.00134251,0.00000000,0.00000000,0.00000000,0.00000000,0
3151000,0.05163330,0.03989882,0.00817046,1.49870244,1.12308788,0.35639440,0
3152000,0.16209519,0.06149497,3.09406873,3.12618660,9.67315200,0.60565649,0
3153000,0.09420067,0.02796508,0.00000000,0.00000000,0.00000000,0.00000000,0
3154000,0.05697328,0.00195315,0.05689898,-0.87834655,0.00161875,0.32822446,0
3155000,0.06312749,0.01112363,0.29820920,-0.29178226,0.04446436,0.17605969,0
3156000,0.08857220,0.11577881,0.00000000,0.00000000,0.00000000,0.00000000,0
3157000,0.05155662,0.04108900,0.00000000,0.00000000,0.00000000,0.00000000,0
3158000,0.05905122,0.01909635,0.31468722,0.25351702,0.08164946,0.29405433,0
3159000,0.07090029,0.00789425,0.00000000,0.00000000,0.00000000,0.00000000,0
3160000,0.11774846,0.02420373,1.17802825,0.36950127,0.76214087,0.04483510,0
3161000,0.11310899,0.03237438,1.30354704,0.99850699,1.34812554,0.19410654,0
3162000,0.09916396,0.06148926,1.14136813,3.07683076,5.38480435,0.15061497,0
3163000,0.05177032,0.00414750,0.02942742,-0.78079931,0.00043299,0.37675175,0
3164000,0.05140945,0.02707035,0.00000000,0.00000000,0.00000000,0.00000000,0
3165000,0.08707116,0.08204680,0.78670289,3.81131627,7.57251657,0.58392949,0
3166000,0.14438599,0.01310457,0.00000000,0.00000000,0.00000000,0.00000000,0
3167000,0.07153979,0.05727499,0.40702762,2.95940428,4.46187259,0.21639120,0
3168000,0.06645244,0.04120927,0.00000000,0.00000000,0.00000000,0.00000000,0
3169000,0.08596823,0.04211387,0.54409269,1.66825403,1.53955418,0.31740089,0
3170000,0.08930525,0.04159524,0.00000000,0.00000000,0.00000000,0.00000000,0
3171000,0.22010775,0.06042074,4.21744943,3.51852026,15.08343226,0.40367298,0
3172000,0.08759123,0.00261248,0.00000000,0.00000000,0.00000000,0.00000000,0
3173000,0.21265237,0.06903897,4.11399959,3.09230181,13.24366153,0.66343331,0
3174000,0.05892096,0.02390492,0.21753973,0.52004718,0.15888630,0.23767489,0
3175000,0.14749955,0.03238560,0.00000000,0.00000000,0.00000000,0.00000000,0
3176000,0.07734823,0.02721739,0.15419580,0.48168458,0.12789819,0.08618890,0
3177000,0.06308893,0.02737954,0.00000000,0.00000000,0.00000000,0.00000000,0
3178000,0.05961652,0.03456552,0.00166409,0.81161159,0.32935807,0.17332836,0
3179000,0.04772581,0.02248915,-0.17108654,0.32918052,0.05417991,0.33704002,0
3180000,0.08456533,0.00423364,0.67962648,-0.69412429,0.23094607,0.55627804,0
3181000,0.16693577,0.00116147,0.00000000,0.00000000,0.00000000,0.00000000,0
3182000,0.06310271,0.05868408,0.01776696,2.18490154,2.38705520,0.18553302,0
3183000,0.10825346,0.04350311,1.09623862,1.58240145,1.85286674,0.40436566,0
3184000,0.26128051,0.03565929,4.80334296,1.26011903,12.33000176,0.36771564,0
3185000,0.07173505,0.00126224,0.49370460,-0.99816142,0.12187212,0.16376410,0
3186000,0.13512684,0.02740158,2.18980720,0.87926396,2.78418034,0.36122500,0
3187000,0.07304085,0.07024818,0.00000000,0.00000000,0.00000000,0.00000000,0
3188000,0.06796052,0.01585264,0.32390331,0.05789409,0.05413254,0.66548598,0
3189000,0.08564170,0.04112874,0.00000000,0.00000000,0.00000000,0.00000000,0
3190000,0.06351046,0.03088478,0.25299404,1.22305039,0.77992912,0.14694059,0
3191000,0.04827993,0.00656601,0.00000000,0.00000000,0.00000000,0.00000000,0
3192000,0.04107701,0.00811244,-0.16060436,-0.50203126,0.00000000,0.62001526,0
3193000,0.08595749,0.03116514,0.00000000,0.00000000,0.00000000,0.00000000,0
3194000,0.02603446,0.03949864,-0.54167008,1.48672895,1.10518149,0.05459672,0
3195000,0.15123717,0.02647323,0.00000000,0.00000000,0.00000000,0.00000000,0
3196000,0.13100362,0.03996472,1.00745533,0.71349811,0.76202290,0.12162620,0
3197000,0.03636540,0.01300196,-0.33671569,-0.19122239,0.00000000,0.24696861,0
3198000,0.04802006,0.04233804,-0.10575600,1.16204642,0.67517594,0.08035008,0
3199000,0.06629712,0.07446091,0.00000000,0.00000000,0.00000000,0.00000000,0
3200000,0.06583375,0.00995608,0.36754173,-0.32248794,0.06754346,0.40567647,0
3201000,0.06323494,0.00684544,0.39006251,-0.59683986,0.07607438,0.80792519,0
3202000,0.08408807,0.01543293,0.00000000,0.00000000,0.00000000,0.00000000,0
3203000,0.06522543,0.02158337,0.28213550,0.39875702,0.11930380,0.17395517,0
3204000,0.06348779,0.01823409,0.33609743,0.27548769,0.09442747,0.39338872,0
3205000,0.06867539,0.04432837,0.00000000,0.00000000,0.00000000,0.00000000,0
3206000,0.28392380,0.00113718,4.95156627,-1.04901319,12.25900426,0.36576708,0
3207000,0.06826828,0.00459915,0.46925734,-0.80224254,0.11010122,0.34050703,0
3208000,0.14004996,0.03181024,0.00000000,0.00000000,0.00000000,0.00000000,0
3209000,0.05250062,0.04117882,-0.15237791,0.71434258,0.25514266,0.02857716,0
3210000,0.05665000,0.05327172,-0.01954317,1.41200625,0.99688082,0.02705356,0
3211000,0.04383576,0.02885063,-0.23273363,0.51770468,0.13400907,0.24349392,0
3212000,0.09415564,0.08578586,0.86515421,3.37332949,6.06392182,0.17577476,0
3213000,0.07509537,0.00114569,0.51740861,-0.78379838,0.13385583,0.10763877,0
3214000,0.07116925,0.01152151,0.46338765,-0.24922997,0.10736406,0.33002263,0
3215000,0.08535288,0.01641454,0.00000000,0.00000000,0.00000000,0.00000000,0
3216000,0.35149071,0.03359629,0.00000000,0.00000000,0.00000000,0.00000000,0
3217000,0.07861092,0.01867266,0.59685998,0.21509337,0.20125350,0.23437857,0
3218000,0.21263006,0.03686616,4.09687099,1.65582836,9.76305974,1.10555915,0
3219000,0.08003869,0.02207744,0.83594149,0.62660688,0.54571718,0.44434859,0
3220000,0.05713227,0.00975037,0.00000000,0.00000000,0.00000000,0.00000000,0
3221000,0.08349203,0.05181915,0.65119700,3.20679537,5.35379705,0.21600981,0
3222000,0.15002236,0.05055431,2.47729889,3.39240745,8.82271904,0.77479643,0
3223000,0.09156763,0.04447500,0.00000000,0.00000000,0.00000000,0.00000000,0
3224000,0.14572938,0.01082045,2.03639560,-0.33688267,2.07345352,0.11984438,0
3225000,0.07641436,0.01290461,0.59161705,-0.17579768,0.17500536,0.66520903,0
3226000,0.14066303,0.02003375,2.42695361,0.41624671,3.03168258,0.16481465,0
3227000,0.10064599,0.01314238,1.44565931,-0.10021778,1.04496541,0.31077614,0
3228000,0.07710434,0.02587356,0.00000000,0.00000000,0.00000000,0.00000000,0
3229000,0.05904298,0.01610511,-0.04032694,-0.05692432,0.00000000,0.06621092,0
3230000,0.10106218,0.07294691,0.00000000,0.00000000,0.00000000,0.00000000,0
3231000,0.17137501,0.04088495,2.32202664,1.36068450,3.62163500,0.17546673,0
3232000,0.05226431,0.04285477,0.00000000,0.00000000,0.00000000,0.00000000,0
3233000,0.06240835,0.00351234,0.03542314,-0.79252129,0.00062740,0.19895064,0
3234000,0.04294078,0.08652378,0.00000000,0.00000000,0.00000000,0.00000000,0
3235000,0.04952649,0.03260260,-0.24282399,0.48922528,0.11967069,0.02075576,0
3236000,0.11615306,0.04331592,0.84577477,1.07367493,0.93405641,0.06479631,0
3237000,0.17800424,0.01148946,0.00000000,0.00000000,0.00000000,0.00000000,0
3238000,0.04472661,0.00937901,-0.31810303,-0.43783660,0.00000000,0.20930480,0
3239000,0.17391123,0.09686136,0.00000000,0.00000000,0.00000000,0.00000000,0
3240000,0.10929011,0.06785382,0.92728070,3.93557266,8.17429083,0.15254551,0
3241000,0.25818098,0.01100768,0.00000000,0.00000000,0.00000000,0.00000000,0
3242000,0.11613268,0.00547037,0.10940525,-0.58474218,0.00598475,0.00076302,0
3243000,0.09018484,0.00218295,0.00960542,-0.66421170,0.00004613,0.04938420,0
3244000,0.19546196,0.06537022,1.14722483,1.46391732,1.72958937,0.05472671,0
3245000,0.32521868,0.05096274,0.00000000,0.00000000,0.00000000,0.00000000,0
3246000,0.08009847,0.06465224,0.24190607,1.98259077,1.99459235,0.30199024,0
3247000,0.06008781,0.06449059,0.00000000,0.00000000,0.00000000,0.00000000,0
3248000,0.23608060,0.01459255,2.92139615,-0.18872625,4.26727773,0.13506734,0
3249000,0.06461175,0.02281251,0.10997936,0.21327645,0.02879115,0.18244357,0
3250000,0.05091508,0.02942869,0.00000000,0.00000000,0.00000000,0.00000000,0
3251000,0.05962224,0.03132692,-0.22705154,0.33248729,0.05527390,0.00525154,0
3252000,0.05373792,0.00955323,-0.22918789,-0.42002337,0.00000000,0.05352891,0
3253000,0.05092165,0.00206095,-0.22592122,-0.75915371,0.00000000,0.08096126,0
3254000,0.06379676,0.00775591,0.05707763,-0.49039521,0.00162893,0.21656735,0
3255000,0.25062111,0.02736761,3.72292765,0.53992266,7.07585339,0.20010484,0
3256000,0.08165023,0.04603770,0.50199528,1.63269171,1.45884074,0.19519113,0
3257000,0.07057667,0.04154830,0.00000000,0.00000000,0.00000000,0.00000000,0
3258000,0.10564476,0.00353749,1.08343434,-0.88477352,0.58691498,0.23144550,0
3259000,0.07365917,0.03860131,0.51841716,2.05688642,2.24976905,0.46911178,0
3260000,0.08730714,0.06701440,0.00000000,0.00000000,0.00000000,0.00000000,0
3261000,0.05935650,0.00856190,0.02790058,-0.47167138,0.00038922,0.09488173,0
3262000,0.10503897,0.11712301,1.10555937,6.90211743,24.43074325,0.53265607,0
3263000,0.05167679,0.03875829,-0.03905654,1.70936132,1.46095806,0.68598328,0
3264000,0.07568847,0.05704573,0.00000000,0.00000000,0.00000000,0.00000000,0
3265000,0.04263471,0.01829658,-0.30208914,0.04191237,0.00087832,0.07035555,0
3266000,0.05966976,0.03176890,0.06704929,0.85862471,0.37086600,0.42558212,0
3267000,0.05654476,0.01575848,0.03926527,-0.01894471,0.00077088,0.58855242,0
3268000,0.25408182,0.06118822,0.00000000,0.00000000,0.00000000,0.00000000,0
3269000,0.04665567,0.00569240,-0.23361647,-0.50717745,0.00000000,0.04345781,0
3270000,0.05312230,0.03089880,0.00000000,0.00000000,0.00000000,0.00000000,0
3271000,0.07698363,0.01200735,0.58965899,-0.19290884,0.17384886,0.35088576,0
3272000,0.11498010,0.02960587,0.00000000,0.00000000,0.00000000,0.00000000,0
3273000,0.08202177,0.03342482,0.57452239,1.34356860,1.06762627,0.80404019,0
3274000,0.03867918,0.02193056,0.00000000,0.00000000,0.00000000,0.00000000,0
3275000,0.21320768,0.00400628,2.74736954,-0.64607089,3.77401969,0.21479904,0
3276000,0.04500662,0.05014036,-0.30368781,1.75976859,1.54839275,0.17349555,0
3277000,0.09948079,0.00472126,0.00000000,0.00000000,0.00000000,0.00000000,0
3278000,0.14949536,0.03192796,1.44208645,0.44099391,1.13704449,0.06774158,0
3279000,0.05298503,0.04619690,-0.10828638,1.14221963,0.65233284,0.05026223,0
3280000,0.11140940,0.00440359,1.12607047,-0.58344900,0.63401735,0.37781445,0
3281000,0.05997275,0.02897586,0.09680869,0.58657527,0.17672123,0.24161245,0
3282000,0.06687561,0.00265834,0.29158758,-0.70782715,0.04251166,0.29670895,0
3283000,0.09144694,0.05759146,0.00000000,0.00000000,0.00000000,0.00000000,0
3284000,0.04121328,0.01510274,-0.34476980,-0.10121568,0.00000000,0.12402157,0
3285000,0.06481849,0.01787030,0.22863445,0.06782411,0.02843691,0.28805129,0
3286000,0.09979635,0.11155424,0.00000000,0.00000000,0.00000000,0.00000000,0
3287000,0.11427798,0.01593509,0.82154907,-0.08138970,0.33747144,2.62213359,0
3288000,0.07074991,0.10657410,0.00000000,0.00000000,0.00000000,0.00000000,0
3289000,0.10667525,0.03883077,1.38461095,1.45620679,2.01884285,0.64968726,0
3290000,0.10973176,0.07280184,1.69812157,4.06460972,9.70233453,0.62570900,0
3291000,0.06548492,0.00713004,0.00000000,0.00000000,0.00000000,0.00000000,0
3292000,0.07195459,0.07708609,0.34507898,4.59967957,10.63806584,0.51929781,0
3293000,0.04195221,0.00900032,0.00000000,0.00000000,0.00000000,0.00000000,0
3294000,0.43864065,0.00243484,7.62815948,-0.80639977,29.09440852,0.34650386,0
3295000,0.08393639,0.01299446,0.69691982,-0.09977847,0.24284862,0.24391304,0
3296000,0.07960153,0.02426518,0.00000000,0.00000000,0.00000000,0.00000000,0
3297000,0.07962682,0.02847074,0.47929784,1.04525245,0.66113955,0.38028686,0
3298000,0.15434177,0.04057514,2.31078774,2.19607906,5.08125161,0.21024670,0
3299000,0.05264080,0.03690987,0.00000000,0.00000000,0.00000000,0.00000000,0
3300000,0.03427663,0.01582088,-0.40451667,0.04825796,0.00116442,0.12914179,0
3301000,0.07058238,0.01899961,0.00000000,0.00000000,0.00000000,0.00000000,0
3302000,0.05374277,0.01643125,-0.09214932,0.14181877,0.01005628,0.82101888,0
3303000,0.06183328,0.08787293,0.00000000,0.00000000,0.00000000,0.00000000,0
3304000,0.06945292,0.01298069,0.00947934,-0.30360046,0.00004493,0.13374749,0
3305000,0.06798962,0.00420985,0.05337164,-0.73475708,0.00142427,0.25811065,0
3306000,0.05141162,0.00807519,0.00000000,0.00000000,0.00000000,0.00000000,0
3307000,0.26252142,0.04247889,4.29430524,1.41860395,10.22674731,0.40957220,0
3308000,0.04921795,0.02621625,-0.13520296,0.60819166,0.18494855,0.09281141,0
3309000,0.05625636,0.02348862,0.00000000,0.00000000,0.00000000,0.00000000,0
3310000,0.09039681,0.01313201,0.36917296,-0.29585981,0.06814434,0.68487840,0
3311000,0.19663557,0.03005247,2.51849868,0.67661638,3.40032266,0.39110757,0
3312000,0.09260886,0.00740949,0.00000000,0.00000000,0.00000000,0.00000000,0
3313000,0.09337777,0.03725230,0.48010019,0.59800189,0.29405123,0.08223261,0
3314000,0.11758042,0.03121263,1.06907401,0.51780168,0.70551891,0.32612352,0
3315000,0.06581283,0.05667599,0.15447245,1.77401678,1.58549864,0.21297974,0
3316000,0.12040617,0.01483419,1.36855180,-0.10232110,0.93646701,0.26497638,0
3317000,0.11888822,0.04939511,0.00000000,0.00000000,0.00000000,0.00000000,0
3318000,0.10961068,0.06981955,0.47775907,2.30044766,2.76015658,0.29295121,0
3319000,0.07396688,0.00936634,0.00000000,0.00000000,0.00000000,0.00000000,0
3320000,0.05451073,0.03180252,-0.18887527,0.62860364,0.19757127,0.45810314,0
3321000,0.10418511,0.01041412,0.00000000,0.00000000,0.00000000,0.00000000,0
3322000,0.12058705,0.06474628,0.95031831,2.28065320,3.05224196,0.14802739,0
3323000,0.05435129,0.01995178,-0.12697018,0.18174385,0.01651541,0.46957125,0
3324000,0.09745558,0.03548088,0.00000000,0.00000000,0.00000000,0.00000000,0
3325000,0.05978533,0.02690254,-0.06374783,0.47682611,0.11368157,0.02087600,0
3326000,0.10849636,0.07682090,0.87288786,3.51868844,6.57155079,0.10772954,0
3327000,0.06540167,0.01983372,0.15120251,0.24761087,0.04208667,0.70882554,0
3328000,0.08436320,0.03281584,0.00000000,0.00000000,0.00000000,0.00000000,0
3329000,0.06390627,0.02624773,0.12603496,0.77784919,0.31046709,0.42973153,0
3330000,0.04910882,0.04868658,0.00000000,0.00000000,0.00000000,0.00000000,0
3331000,0.06562079,0.01059792,0.23047488,-0.29936037,0.02655934,0.23771191,0
3332000,0.18975684,0.02748224,3.31444109,0.92651160,5.92197173,0.53311739,0
3333000,0.11253262,0.03260525,1.62277066,1.39917577,2.29553872,0.67031618,0
3334000,0.09935667,0.00906134,0.00000000,0.00000000,0.00000000,0.00000000,0
3335000,0.06011331,0.02682377,0.16205838,0.99236630,0.50552689,0.53973917,0
3336000,0.05742539,0.04007377,0.00000000,0.00000000,0.00000000,0.00000000,0
3337000,0.04822829,0.01242861,-0.14125470,-0.19366400,0.00000000,0.23728024,0
3338000,0.03376214,0.03104399,-0.46421752,1.02217143,0.52241722,0.20975460,0
3339000,0.05839875,0.03455465,0.00000000,0.00000000,0.00000000,0.00000000,0
3340000,0.15878086,0.01294008,2.05615631,-0.20771908,2.11388938,0.62716145,0
3341000,0.05950039,0.00147522,0.00000000,0.00000000,0.00000000,0.00000000,0
3342000,0.07862967,0.02726214,0.28403134,0.55725651,0.19560431,0.37213357,0
3343000,0.07758701,0.03331786,0.48013681,1.22569770,0.86643311,0.50997947,0
3344000,0.09137611,0.03417896,0.00000000,0.00000000,0.00000000,0.00000000,0
3345000,0.05546170,0.05597492,0.14014565,3.17021500,5.03495197,0.69697185,0
3346000,0.22551717,0.05580629,0.00000000,0.00000000,0.00000000,0.00000000,0
3347000,0.40110826,0.00974753,7.94821061,-0.33059595,31.58702595,0.68328196,0
3348000,0.10963291,0.01706714,1.51468007,0.26169837,1.18137087,1.20500055,0
3349000,0.31796384,0.02541463,0.00000000,0.00000000,0.00000000,0.00000000,0
3350000,0.05226479,0.01171942,0.02135561,-0.19417872,0.00022803,0.25001860,0
3351000,0.07579661,0.06130965,0.69476167,3.85659216,7.67799843,0.83479540,0
3352000,0.08554034,0.05233287,0.00000000,0.00000000,0.00000000,0.00000000,0
3353000,0.09089030,0.02668346,0.73797669,0.87416414,0.65438626,0.41215052,0
3354000,0.23315074,0.02578374,0.00000000,0.00000000,0.00000000,0.00000000,0
3355000,0.15341958,0.13427544,0.15767171,1.45694626,1.07377638,0.00000000,0
3356000,0.10643514,0.05534872,0.05042038,0.53487110,0.14431465,0.01963131,0
3357000,0.08911200,0.02722145,0.00082453,0.06328543,0.00200286,0.00185513,0
3358000,0.08664996,0.04753290,0.03777132,0.64525839,0.20889253,0.04885623,0
3359000,0.34671599,0.03327514,2.70775921,0.34327721,3.72489960,0.01876978,0
3360000,0.04790124,0.00212472,-0.29464931,-0.56355077,0.00000000,0.01227472,0
3361000,0.05454009,0.00201560,-0.20869651,-0.58323926,0.00000000,0.02446475,0
3362000,0.19664122,0.03326270,1.49460690,0.47141059,1.22803886,0.03971592,0
3363000,0.08055200,0.03136088,0.00000000,0.00000000,0.00000000,0.00000000,0
3364000,0.08702218,0.03365635,0.43112058,0.60406222,0.27537806,0.08972194,0
3365000,0.09154303,0.07247708,0.68896690,2.66143505,3.77895596,0.57463948,0
3366000,0.06863754,0.01800174,0.29202660,0.06442370,0.04471498,0.57944881,0
3367000,0.08187501,0.08655555,0.67646083,4.05946584,8.46843106,0.55579628,0
3368000,0.13561748,0.00163831,0.00000000,0.00000000,0.00000000,0.00000000,0
3369000,0.07046613,0.05235297,0.13081712,2.35701535,2.78631724,0.16042879,0
3370000,0.05855502,0.04691755,-0.01103405,2.23435902,2.49618011,0.14600109,0
3371000,0.11788068,0.09403037,1.33847933,6.01718888,18.99904443,0.36673314,0
3372000,0.15594420,0.04718852,0.00000000,0.00000000,0.00000000,0.00000000,0
3373000,0.09360085,0.02782904,0.85249612,0.89186498,0.76108639,0.30611287,0
3374000,0.04124586,0.05198183,0.00000000,0.00000000,0.00000000,0.00000000,0
3375000,0.06854083,0.01660874,0.32886323,0.04178168,0.05494837,0.15376536,0
3376000,0.07475661,0.01561079,0.62250694,0.05296130,0.19515990,0.28357903,0
3377000,0.06793633,0.00447667,0.53065445,-0.81485350,0.14079707,0.82902823,0
3378000,0.07917398,0.02879335,0.00000000,0.00000000,0.00000000,0.00000000,0
3379000,0.07968695,0.04901754,0.74472025,2.56701548,3.57208837,0.29945808,0
3380000,0.06182319,0.00412950,0.37883234,-0.82343009,0.07175697,1.11093097,0
3381000,0.05591963,0.00801281,0.00000000,0.00000000,0.00000000,0.00000000,0
3382000,0.18241778,0.03100481,0.00000000,0.00000000,0.00000000,0.00000000,0
3383000,0.09328489,0.00146162,1.03918261,-0.79061055,0.53995025,0.23707972,0
3384000,0.18861051,0.05958620,3.86293612,2.81560884,11.42496433,0.43909449,0
3385000,0.44125441,0.03006967,0.00000000,0.00000000,0.00000000,0.00000000,0
3386000,0.11674821,0.00244050,1.21362541,-0.97782074,0.73644332,0.16659454,0
3387000,0.07518196,0.00100545,0.49233202,-1.14333210,0.12119541,0.61151615,0
3388000,0.19334961,0.05534875,0.00000000,0.00000000,0.00000000,0.00000000,0
3389000,0.07195546,0.00493463,0.19626319,-0.55484526,0.01925962,0.06509122,0
3390000,0.14806542,0.08679753,1.63380450,3.43959763,7.25007450,0.11043278,0
3391000,0.28149998,0.04632832,4.44248416,1.62243934,11.18398745,0.20174947,0
3392000,0.12663463,0.04509540,1.51533040,1.68094899,2.56090785,0.32976761,0
3393000,0.10600270,0.02640666,1.16970342,0.65830924,0.90078857,0.37967850,0
3394000,0.04737222,0.06601112,-0.11432883,3.20928782,5.14976417,0.64109781,0
3395000,0.07974628,0.01519266,0.00000000,0.00000000,0.00000000,0.00000000,0
3396000,0.21263793,0.02864291,0.00000000,0.00000000,0.00000000,0.00000000,0
3397000,0.07847125,0.01067622,0.20884360,-0.33903065,0.02180782,0.19100734,0
3398000,0.13726944,0.02140430,1.31198258,0.13773868,0.87013511,0.22287733,0
3399000,0.09937261,0.00079776,0.76679431,-0.78741970,0.29398676,0.28060686,0
3400000,0.12244850,0.04718431,1.30774673,1.54773817,2.05284747,0.10258189,0
3401000,0.15109037,0.03037604,2.00365828,0.76535801,2.30020968,0.29017094,0
3402000,0.06188060,0.03273652,0.00000000,0.00000000,0.00000000,0.00000000,0
3403000,0.08393969,0.02329275,0.50540034,0.31344289,0.17683798,0.38786605,0
3404000,0.04918875,0.00640904,0.00000000,0.00000000,0.00000000,0.00000000,0
3405000,0.07025595,0.00938180,0.00000000,0.00000000,0.00000000,0.00000000,0
3406000,0.21309499,0.01918177,2.81974152,0.27375086,4.01294089,0.17121628,0
3407000,0.12435721,0.01546970,1.41661346,0.08156067,1.00672292,0.60955588,0
3408000,0.04579654,0.02929730,0.00000000,0.00000000,0.00000000,0.00000000,0
3409000,0.21551250,0.06185440,3.51123507,3.72777562,13.11254138,0.56024228,0
3410000,0.06021434,0.10340384,0.00000000,0.00000000,0.00000000,0.00000000,0
3411000,0.11297708,0.04930014,0.00000000,0.00000000,0.00000000,0.00000000,0
3412000,0.08023930,0.06223465,-0.05177744,1.23891658,0.76745715,0.00000000,0
3413000,0.05426992,0.05256550,-0.20214495,1.37911364,0.95097722,0.01454077,0
3414000,0.06005807,0.02282631,-0.03056446,0.21733004,0.02361617,0.09757058,0
3415000,0.07108819,0.01789521,0.22223967,0.01954039,0.02488615,0.09016547,0
3416000,0.08209910,0.02521513,0.49619007,0.46128704,0.22949516,0.25490727,0
3417000,0.14011338,0.02277931,0.00000000,0.00000000,0.00000000,0.00000000,0
3418000,0.05299371,0.01426797,-0.19576948,-0.17835259,0.00000000,0.21761179,0
3419000,0.04414881,0.00691167,-0.29052152,-0.54916469,0.00000000,0.03597842,0
3420000,0.07947131,0.04874346,0.37176310,1.98618135,2.04156208,0.05591216,0
3421000,0.06449766,0.01907101,0.00000000,0.00000000,0.00000000,0.00000000,0
3422000,0.17882767,0.03420960,2.37241802,1.09157061,3.40994682,0.12797036,0
3423000,0.06910373,0.02930150,0.36281523,0.93811239,0.50584487,0.36419636,0
3424000,0.07921251,0.01676491,0.67884663,0.15165847,0.24191652,0.23780667,0
3425000,0.19368330,0.01336241,0.00000000,0.00000000,0.00000000,0.00000000,0
3426000,0.07082532,0.00383300,0.03778181,-0.61029627,0.00071373,0.06895812,0
3427000,0.11988947,0.01853613,0.99941830,0.10937186,0.50539957,0.14552447,0
3428000,0.11834424,0.02479901,1.18537749,0.54024503,0.84849224,0.15803176,0
3429000,0.09105740,0.04277705,0.77506758,1.75070291,1.83284521,0.17726018,0
3430000,0.07396606,0.01994091,0.00000000,0.00000000,0.00000000,0.00000000,0
3431000,0.25311670,0.02847162,0.00000000,0.00000000,0.00000000,0.00000000,0
3432000,0.11395916,0.02248360,-0.01936222,-0.24822261,0.00000000,0.00000000,0
3433000,0.10776023,0.11187111,0.09289716,1.89144295,1.79309317,0.00440801,0
3434000,0.06106911,0.04422589,-0.14132928,0.53009044,0.14049794,0.03862831,0
3435000,0.12860028,0.04854806,0.38682426,0.72711755,0.33916647,0.63215298,0
3436000,0.08421372,0.05019005,0.05720381,0.84599470,0.35948966,0.16195294,0
3437000,0.06585122,0.01150264,-0.07649018,-0.31228280,0.00000000,0.00663598,0
3438000,0.05947138,0.05647537,-0.11077678,1.25846105,0.79186210,0.03076017,0
3439000,0.05487927,0.00142613,-0.13854773,-0.65014599,0.00000000,0.01526224,0
3440000,0.12522684,0.06169924,0.63862893,1.61981307,1.51582065,0.02225010,0
3441000,0.13714126,0.00049388,0.81711508,-0.70826347,0.33383852,0.00567020,0
3442000,0.06877246,0.01425643,0.06015940,-0.15608465,0.00180958,0.13293814,0
3443000,0.05514481,0.03146216,-0.08944091,0.57090584,0.16296674,0.05658063,0
3444000,0.11835918,0.03638785,0.70914574,0.81324931,0.58213106,0.01123003,0
3445000,0.05942247,0.01706359,-0.01690804,-0.01189839,0.00000000,0.07816987,0
3446000,0.11986995,0.00223516,0.00000000,0.00000000,0.00000000,0.00000000,0
3447000,0.05599667,0.04037189,0.01495004,1.66650782,1.38873591,0.99752557,0
3448000,0.08202373,0.03142570,0.00000000,0.00000000,0.00000000,0.00000000,0
3449000,0.06715571,0.00753912,0.30240657,-0.50976718,0.04572487,0.14509449,0
3450000,0.07253329,0.00937989,0.00000000,0.00000000,0.00000000,0.00000000,0
3451000,0.08251894,0.01117278,0.00000000,0.00000000,0.00000000,0.00000000,0
3452000,0.04277789,0.00638047,-0.18623620,-0.35350963,0.00000000,0.10459422,0
3453000,0.05526631,0.03369691,0.12870662,0.50750264,0.13706216,0.20788079,0
3454000,0.04314873,0.01392643,0.00000000,0.00000000,0.00000000,0.00000000,0
3455000,0.04543477,0.03058613,-0.18664012,0.65611571,0.21524391,0.04608701,0
3456000,0.06947181,0.04030258,0.29991261,1.35143631,0.95816384,0.12462029,0
3457000,0.11753471,0.00268637,1.35860138,-0.74793896,0.92289886,0.33149073,0
3458000,0.12664199,0.01849502,0.00000000,0.00000000,0.00000000,0.00000000,0
3459000,0.07373918,0.01317107,0.23197342,-0.20746508,0.02690583,0.12078774,0
3460000,0.06544620,0.00278830,0.21120362,-0.77016534,0.02230348,0.15348223,0
3461000,0.25230795,0.05282889,0.00000000,0.00000000,0.00000000,0.00000000,0
3462000,0.06767444,0.02852936,0.36532002,0.84152005,0.42080736,0.15595723,0
3463000,0.07636253,0.01500852,0.65601272,0.06871825,0.21753744,0.68338925,0
3464000,0.06031812,0.02605261,0.30806812,0.92198764,0.47248359,0.67943284,0
3465000,0.05330612,0.02740741,0.00000000,0.00000000,0.00000000,0.00000000,0
3466000,0.13025607,0.01719238,1.08930748,0.01866108,0.59346951,0.09351032,0
3467000,0.06878705,0.03987715,0.14934416,1.66961612,1.40496083,0.42881270,0
3468000,0.06904682,0.00368129,0.00000000,0.00000000,0.00000000,0.00000000,0
3469000,0.17349671,0.02464746,2.69624300,0.77529274,3.93540258,0.32982528,0
3470000,0.25596324,0.02207015,0.00000000,0.00000000,0.00000000,0.00000000,0
3471000,0.06875896,0.00372606,0.31896278,-0.88948207,0.05086863,0.24188451,0
3472000,0.04941280,0.05145267,0.00000000,0.00000000,0.00000000,0.00000000,0
3473000,0.17069107,0.00201345,2.31424532,-0.93432933,2.67786570,0.15772623,0
3474000,0.18454753,0.03310895,2.96478058,1.39119357,5.36267172,0.33794450,0
3475000,0.07281499,0.02950894,0.00000000,0.00000000,0.00000000,0.00000000,0
3476000,0.04527239,0.00362046,-0.25481743,-0.55065302,0.00000000,0.03446593,0
3477000,0.04350755,0.01564777,-0.24794252,0.00055944,0.00000016,0.27023372,0
3478000,0.04266695,0.02094060,0.00000000,0.00000000,0.00000000,0.00000000,0
3479000,0.10998078,0.01075254,1.13613536,-0.31506917,0.64540178,1.96208345,0
3480000,0.05462157,0.02354618,0.01767054,0.71965327,0.25910654,0.32517825,0
3481000,0.06132601,0.03570648,0.00000000,0.00000000,0.00000000,0.00000000,0
3482000,0.32441550,0.00557928,5.85217639,-0.63675655,17.12398426,0.42139667,0
3483000,0.06093361,0.01034119,0.00000000,0.00000000,0.00000000,0.00000000,0
3484000,0.05174033,0.02791837,0.00000000,0.00000000,0.00000000,0.00000000,0
3485000,0.15808299,0.01310768,0.00000000,0.00000000,0.00000000,0.00000000,0
3486000,0.19709331,0.04974238,0.55840332,0.15424346,0.16780266,0.00121996,0
3487000,0.15467978,0.05176785,0.43576154,0.38899945,0.17060435,0.73401862,0
3488000,0.07328425,0.03680018,-0.18343877,0.18976699,0.01800576,0.04047381,0
3489000,0.07652339,0.01482299,-0.09430008,-0.27989494,0.00000000,0.00425696,0
3490000,0.09560006,0.00233027,0.15558652,-0.60043564,0.01210358,0.01497948,0
3491000,0.07117008,0.03052001,-0.08529538,0.19568729,0.01914676,0.00687447,0
3492000,0.07284154,0.07413466,-0.03463028,1.54954866,1.20055053,0.02597225,0
3493000,0.08681224,0.00330580,0.17130848,-0.57578499,0.01467330,0.05289260,0
3494000,0.07223164,0.00426904,0.01175375,-0.54476621,0.00006908,0.08716351,0
3495000,0.08397207,0.01016250,0.19095055,-0.34859823,0.01823106,0.04549677,0
3496000,0.06296334,0.02398908,-0.08070438,0.13993671,0.00979114,0.04980020,0
3497000,0.05050549,0.02472175,-0.24434832,0.18550104,0.01720532,0.01800826,0
3498000,0.04683376,0.02927447,-0.28923714,0.37443955,0.07010249,0.13865124,0
3499000,0.08650235,0.02657385,0.31060968,0.29143429,0.09070616,0.06898947,0
3500000,0.09662262,0.00895960,0.48440640,-0.37660566,0.11732478,0.13828293,0
3501000,0.07110999,0.00965547,0.10603621,-0.34881200,0.00562184,0.13912841,0
3502000,0.07205120,0.00440326,0.00000000,0.00000000,0.00000000,0.00000000,0
3503000,0.07058664,0.01403031,0.36370094,0.01786331,0.06629874,0.38427833,0
3504000,0.06791037,0.00243238,0.00000000,0.00000000,0.00000000,0.00000000,0
3505000,0.06046926,0.01961631,0.08711707,0.36582762,0.07070962,0.34645768,0
3506000,0.09818252,0.03438648,0.00000000,0.00000000,0.00000000,0.00000000,0
3507000,0.06157730,0.00201583,0.04562334,-0.73781532,0.00104074,0.02643950,0
3508000,0.17909899,0.00445875,2.30371797,-0.62770625,2.65355824,0.33450475,0
3509000,0.07646503,0.00417436,0.46290754,-0.67367949,0.10714170,0.53332648,0
3510000,0.06868614,0.00909092,0.00000000,0.00000000,0.00000000,0.00000000,0
3511000,0.14305085,0.01741183,0.00000000,0.00000000,0.00000000,0.00000000,0
3512000,0.06232680,0.02095754,0.14466557,0.24795193,0.04120414,0.09039880,0
3513000,0.11903019,0.01746296,1.57162992,0.15192790,1.24655135,0.34546221,0
3514000,0.06851704,0.02007298,0.00000000,0.00000000,0.00000000,0.00000000,0
3515000,0.22171292,0.00973710,3.48551507,-0.27515423,6.07440765,0.80519696,0
3516000,0.10453003,0.03879428,1.23081326,1.83750258,2.44565850,0.40115099,0
3517000,0.08376440,0.08723053,0.00000000,0.00000000,0.00000000,0.00000000,0
3518000,0.06670312,0.02237315,0.12904700,0.32301893,0.06049718,0.13541958,0
3519000,0.10399209,0.03003270,0.00000000,0.00000000,0.00000000,0.00000000,0
3520000,0.08968639,0.02829185,0.53026305,0.47822486,0.25493896,0.15892239,0
3521000,0.06094155,0.00240243,0.09549800,-0.64866792,0.00455993,0.06718108,0
3522000,0.07683616,0.02827921,0.45210906,0.71864869,0.36042927,0.60298627,0
3523000,0.21193537,0.03083812,0.00000000,0.00000000,0.00000000,0.00000000,0
3524000,0.04411287,0.02021100,-0.28830301,0.19238259,0.01850553,0.21754141,0
3525000,0.05626619,0.00813478,-0.00705915,-0.40232443,0.00000000,0.16835754,0
3526000,0.16831279,0.04865005,0.00000000,0.00000000,0.00000000,0.00000000,0
3527000,0.07661020,0.08825856,0.24353300,3.71698279,6.93763468,0.26470615,0
3528000,0.10171419,0.00063220,0.00000000,0.00000000,0.00000000,0.00000000,0
3529000,0.08217237,0.02284285,0.43551296,0.66026823,0.31281284,0.17449782,0
3530000,0.07634703,0.04925010,0.00000000,0.00000000,0.00000000,0.00000000,0
3531000,0.15338978,0.00619731,2.15533684,-0.55111655,2.32273845,0.32979400,0
3532000,0.06330564,0.02871827,0.00000000,0.00000000,0.00000000,0.00000000,0
3533000,0.07920998,0.01440018,0.61084700,-0.02723041,0.18656703,0.18094375,0
3534000,0.05807190,0.02101671,0.00000000,0.00000000,0.00000000,0.00000000,0
3535000,0.05314187,0.00593255,-0.08392509,-0.56082677,0.00000000,0.10913309,0
3536000,0.17118980,0.03343301,2.81372300,1.21922438,4.70177260,0.55670188,0
3537000,0.04179401,0.01085881,-0.26327178,-0.24715609,0.00000000,0.41248080,0
3538000,0.08033089,0.00954590,0.00000000,0.00000000,0.00000000,0.00000000,0
3539000,0.04121576,0.02196688,-0.33778416,0.09483711,0.00449704,0.02300112,0
3540000,0.06328898,0.07261114,0.02600184,2.10368303,2.21307920,0.03529687,0
3541000,0.05682657,0.04648336,-0.03820552,1.25104876,0.78256151,0.17494447,0
3542000,0.06461240,0.03844294,0.13093159,0.99312316,0.50171835,0.32141645,0
3543000,0.22741762,0.02425607,3.23372727,0.38181301,5.30138662,0.20422797,0
3544000,0.09377848,0.06503679,0.76974231,2.48994012,3.39615251,0.41018305,0
3545000,0.03882939,0.02506061,-0.31885568,0.48026745,0.11532841,1.27715097,0
3546000,0.08739132,0.03049954,0.71401770,0.79802608,0.57333345,0.51423828,0
3547000,0.11069126,0.10304479,0.00000000,0.00000000,0.00000000,0.00000000,0
3548000,0.07596857,0.01396344,0.66186219,-0.04128423,0.21903078,0.51375968,0
3549000,0.12061750,0.01453165,2.02184682,0.04838417,2.04510279,0.34392706,0
3550000,0.20910002,0.03234952,4.87322518,1.64578871,13.22847206,0.52825867,0
3551000,0.05853496,0.01873868,0.00000000,0.00000000,0.00000000,0.00000000,0
3552000,0.05861852,0.00365284,0.28223066,-0.87531124,0.03982707,0.68268968,0
3553000,0.08655144,0.00958030,0.00000000,0.00000000,0.00000000,0.00000000,0
3554000,0.17950426,0.18481265,0.00000000,0.00000000,0.00000000,0.00000000,0
3555000,0.11042867,0.01108792,0.17787009,-0.55887787,0.01581889,0.12128560,0
3556000,0.05568559,0.05870824,-0.35064284,0.85772242,0.36784388,0.00929490,0
3557000,0.19057578,0.01276726,1.68407799,-0.35912396,1.41805933,0.00645781,0
3558000,0.26266280,0.03897963,2.99041357,0.55368770,4.62457170,0.11795729,0
3559000,0.06346654,0.02373105,-0.07773954,0.09201047,0.00423296,0.17165657,0
3560000,0.05701151,0.03960331,-0.14580121,0.73114062,0.26728330,0.05729952,0
3561000,0.08398884,0.00904107,0.36107554,-0.41121718,0.06518777,0.21774680,0
3562000,0.06094880,0.05265514,-0.02151616,1.38813852,0.96346428,0.14379305,0
3563000,0.06947326,0.01708940,0.00000000,0.00000000,0.00000000,0.00000000,0
3564000,0.08617187,0.00770541,0.00000000,0.00000000,0.00000000,0.00000000,0
3565000,0.09347384,0.06004113,0.19026602,1.50337953,1.14817558,0.03683053,0
3566000,0.08490218,0.03828303,0.26106413,0.95668211,0.49169757,0.20038960,0
3567000,0.06260771,0.04309845,0.01881462,1.42319864,1.01292418,0.03411266,0
3568000,0.06150734,0.05796498,0.00000000,0.00000000,0.00000000,0.00000000,0
3569000,0.07545385,0.01700877,0.12142043,-0.08267073,0.00737146,0.03273584,0
3570000,0.05980630,0.02359069,0.00213631,0.24513607,0.03004813,0.05530676,0
3571000,0.05715357,0.00553721,0.01651964,-0.45361322,0.00013645,0.12535065,0
3572000,0.09396324,0.02890544,0.73254985,0.60248346,0.44980780,0.32955467,0
3573000,0.14792711,0.00403387,1.85760588,-0.54455424,1.72534980,0.10737411,0
3574000,0.04309437,0.04090064,-0.17092830,1.35070043,0.91219582,0.14196701,0
3575000,0.12824479,0.04407787,1.65569252,1.60112064,2.65245251,0.22861471,0
3576000,0.11080100,0.02035617,0.00000000,0.00000000,0.00000000,0.00000000,0
3577000,0.23111050,0.05473835,4.70129436,2.60329647,14.43966060,0.71853922,0
3578000,0.09088429,0.04128962,0.00000000,0.00000000,0.00000000,0.00000000,0
3579000,0.06315110,0.03091698,0.00000000,0.00000000,0.00000000,0.00000000,0
3580000,0.07783441,0.02197378,0.56393476,0.45403441,0.26208483,0.32147360,0
3581000,0.35213399,0.02974644,0.00000000,0.00000000,0.00000000,0.00000000,0
3582000,0.05752715,0.01009347,0.07697878,-0.28863334,0.00296287,0.19975728,0
3583000,0.07247908,0.04721640,0.53643905,2.08427641,2.31598750,0.05700535,0
3584000,0.06277695,0.07380077,0.00000000,0.00000000,0.00000000,0.00000000,0
3585000,0.16339171,0.01034665,2.44388228,-0.19063101,2.98628029,0.16950740,0
3586000,0.05050673,0.03111133,0.00000000,0.00000000,0.00000000,0.00000000,0
3587000,0.09741011,0.03947364,1.27060579,2.22136706,3.27445534,0.67438482,0
3588000,0.10086853,0.03424444,1.58839582,2.01355263,3.28869773,0.71589001,0
3589000,0.16808516,0.01158350,0.00000000,0.00000000,0.00000000,0.00000000,0
3590000,0.06377158,0.02551728,0.20838372,0.57438091,0.18666860,0.16632376,0
3591000,0.16002153,0.07372790,2.50765646,3.83161019,10.48478877,0.34038426,0
3592000,0.07311644,0.08436514,0.00000000,0.00000000,0.00000000,0.00000000,0
3593000,0.13715053,0.02326559,2.22506782,0.73510180,2.74565073,0.43528212,0
3594000,0.07310601,0.00607568,0.00000000,0.00000000,0.00000000,0.00000000,0
3595000,0.18960263,0.03837394,2.82618036,1.61145382,5.29203940,0.06620449,0
3596000,0.05776418,0.00797883,0.15526335,-0.47176681,0.01205335,0.08536636,0
3597000,0.19217101,0.06598844,0.00000000,0.00000000,0.00000000,0.00000000,0
3598000,0.05330384,0.00838603,0.06917338,-0.41964856,0.00239248,0.29763969,0
3599000,0.10005977,0.01264825,0.00000000,0.00000000,0.00000000,0.00000000,0
3600000,0.08614046,0.01942415,0.47705623,0.09383168,0.11819352,0.02794017,0
3601000,0.06437884,0.00887535,0.00000000,0.00000000,0.00000000,0.00000000,0
3602000,0.05234444,0.03692558,0.29538460,2.14319286,2.34026385,0.28149111,0
3603000,0.06726317,0.00892962,0.00000000,0.00000000,0.00000000,0.00000000,0
3604000,0.10029794,0.02987676,1.22398268,1.17614301,1.44072300,0.16307461,0
3605000,0.17791612,0.11505305,3.46282604,8.29215277,40.37548087,0.60270520,0
3606000,0.05482159,0.06007528,0.00000000,0.00000000,0.00000000,0.00000000,0
3607000,0.10558375,0.01643801,1.01722253,-0.00594602,0.51737084,0.33807134,0
3608000,0.06036956,0.01957290,0.19499853,0.28664354,0.06009447,0.58939732,0
3609000,0.19559427,0.04132087,3.64163460,1.94636039,8.52491066,0.24255654,0
3610000,0.10658052,0.06441116,0.00000000,0.00000000,0.00000000,0.00000000,0
3611000,0.09966788,0.04882268,0.00000000,0.00000000,0.00000000,0.00000000,0
3612000,0.04369647,0.00671143,-0.25818451,-0.37912233,0.00000000,0.01474015,0
3613000,0.07603224,0.00668848,0.36617257,-0.40502914,0.06704118,0.00888142,0
3614000,0.07783639,0.05770362,0.00000000,0.00000000,0.00000000,0.00000000,0
3615000,0.10660324,0.00451628,0.00000000,0.00000000,0.00000000,0.00000000,0
3616000,0.10683067,0.07958122,1.34000648,4.95709991,13.18422846,0.21230135,0
3617000,0.04530055,0.02154833,0.00849109,0.75153099,0.28243547,0.68271359,0
3618000,0.27787614,0.00529312,0.00000000,0.00000000,0.00000000,0.00000000,0
3619000,0.06506128,0.01010457,0.00000000,0.00000000,0.00000000,0.00000000,0
3620000,0.07802535,0.01729594,0.00000000,0.00000000,0.00000000,0.00000000,0
3621000,0.04655403,0.02016331,-0.05264161,0.22517419,0.02535171,0.29412158,0
3622000,0.07015947,0.00254154,0.00000000,0.00000000,0.00000000,0.00000000,0
3623000,0.34020731,0.01917759,0.00000000,0.00000000,0.00000000,0.00000000,0
3624000,0.13430040,0.01617776,1.73815843,-0.02219562,1.51059737,0.09699428,0
3625000,0.07548390,0.04675220,0.65445713,2.05625736,2.32825423,0.10337598,0
3626000,0.25168991,0.02885515,5.65179506,1.08316630,16.55801833,0.40949484,0
3627000,0.11390057,0.01742042,0.00000000,0.00000000,0.00000000,0.00000000,0
3628000,0.06392524,0.00455519,0.26034860,-0.63118588,0.03389070,0.30282577,0
3629000,0.11418098,0.02619722,1.58666816,0.97609087,1.73513462,0.25536223,0
3630000,0.05701584,0.00629426,0.00000000,0.00000000,0.00000000,0.00000000,0
3631000,0.04611908,0.04631898,-0.02776069,2.40525633,2.89262900,0.32989729,0
3632000,0.08258542,0.04592176,1.04155136,2.68227348,4.13971012,0.30091093,0
3633000,0.06960719,0.05645964,0.00000000,0.00000000,0.00000000,0.00000000,0
3634000,0.26788971,0.03162364,0.00000000,0.00000000,0.00000000,0.00000000,0
3635000,0.05239785,0.00930296,0.34421515,-0.31510454,0.05924203,1.09844242,0
3636000,0.08215198,0.05555961,0.00000000,0.00000000,0.00000000,0.00000000,0
3637000,0.32416308,0.06729568,0.00000000,0.00000000,0.00000000,0.00000000,0
3638000,0.07392395,0.02226971,0.00048339,0.00867259,0.00003772,0.00056087,0
3639000,0.05856505,0.02713914,-0.09194154,0.35106988,0.06162503,0.19242010,0
3640000,0.07390119,0.02038802,0.11600333,0.10670029,0.01242086,0.04356386,0
3641000,0.06906190,0.00803997,0.10272786,-0.50905452,0.00527651,0.00524006,0
3642000,0.12765151,0.02975882,0.00000000,0.00000000,0.00000000,0.00000000,0
3643000,0.21294758,0.03489612,0.00000000,0.00000000,0.00000000,0.00000000,0
3644000,0.24414136,0.03691449,3.96764621,1.25590691,8.65975930,0.23128723,0
3645000,0.08043842,0.05116417,0.70699642,2.40866551,3.15075674,0.35379598,0
3646000,0.09224936,0.01004602,0.00000000,0.00000000,0.00000000,0.00000000,0
3647000,0.14642918,0.06881052,0.00000000,0.00000000,0.00000000,0.00000000,0
3648000,0.18822363,0.00586613,2.33796755,-0.64435664,2.73304613,0.18550545,0
3649000,0.06752828,0.01151451,0.00000000,0.00000000,0.00000000,0.00000000,0
3650000,0.05697126,0.00086358,0.13994288,-0.95802781,0.00979200,0.21582901,0
3651000,0.23557590,0.00038100,0.00000000,0.00000000,0.00000000,0.00000000,0
3652000,0.10033879,0.01314167,0.99170034,-0.09916370,0.49173478,0.10331015,0
3653000,0.21923517,0.05840397,4.04238888,3.61703771,14.71193481,0.49531892,0
3654000,0.09615652,0.01967176,0.00000000,0.00000000,0.00000000,0.00000000,0
3655000,0.13122858,0.02814016,1.78675012,0.78970710,1.90805665,0.44628852,0
3656000,0.07394804,0.00284106,0.59382904,-0.79370536,0.17631647,0.22007209,0
3657000,0.07950665,0.00985468,0.00000000,0.00000000,0.00000000,0.00000000,0
3658000,0.21627077,0.00432369,0.00000000,0.00000000,0.00000000,0.00000000,0
3659000,0.13279402,0.00318089,1.21571907,-0.53173074,0.73898643,0.17042710,0
3660000,0.16046210,0.03259181,1.96730353,0.81497037,2.26722994,0.08059756,0
3661000,0.21118549,0.14852463,0.00000000,0.00000000,0.00000000,0.00000000,0
3662000,0.12489869,0.02581449,0.47774996,-0.00099694,0.11412251,0.00029208,0
3663000,0.08784331,0.04016097,0.26690882,0.53256632,0.17743360,0.00007554,0
3664000,0.08795210,0.05288737,0.32522017,1.06197501,0.61677954,0.05728905,0
3665000,0.08125822,0.02457782,0.30458495,0.21278081,0.06902383,0.00039596,0
3666000,0.07004051,0.04965737,0.20107359,1.21094526,0.75340950,0.03505497,0
3667000,0.04797160,0.00507305,-0.08609556,-0.47565666,0.00000000,0.02710449,0
3668000,0.05566889,0.01061436,0.03144838,-0.25010560,0.00049450,0.08349732,0
3669000,0.06365106,0.01293150,0.16489817,-0.14643666,0.01359570,0.02334326,0
3670000,0.06153743,0.00583281,0.14053271,-0.46478839,0.00987472,0.09695974,0
3671000,0.13031234,0.04119281,0.00000000,0.00000000,0.00000000,0.00000000,0
3672000,0.08782873,0.05188895,0.06169221,0.54240121,0.14900250,0.01164201,0
3673000,0.06035536,0.02082114,-0.17891950,-0.14176877,0.00000000,0.00353236,0
3674000,0.09481764,0.04475149,0.44165138,0.74301386,0.37356277,0.01079309,0
3675000,0.09690876,0.00176685,0.57435641,-0.68798795,0.16494264,0.31981565,0
3676000,0.06794406,0.07491375,0.13750399,2.16166679,2.34585533,0.13453073,0
3677000,0.04802049,0.00038201,-0.20295666,-0.75368495,0.00000000,0.03063466,0
3678000,0.11550329,0.01511583,1.15160097,-0.12395810,0.66309240,0.19612631,0
3679000,0.05416405,0.05823261,-0.03784340,1.83657711,1.68650775,0.06151334,0
3680000,0.37190983,0.01807660,6.68391496,0.04644936,22.33843834,0.36541980,0
3681000,0.06409863,0.01388321,0.22228696,-0.14069562,0.02470575,0.09106175,0
3682000,0.08616497,0.03394447,0.73848935,0.87557191,0.65599635,0.08084813,0
3683000,0.36922798,0.00385422,0.00000000,0.00000000,0.00000000,0.00000000,0
3684000,0.19157921,0.03714695,3.20316016,1.54853251,6.32909396,0.16012915,0
3685000,0.03775293,0.01396747,-0.23859356,0.02532024,0.00032056,0.23674708,0
3686000,0.04288100,0.01043543,0.00000000,0.00000000,0.00000000,0.00000000,0
3687000,0.28098634,0.09920456,0.00000000,0.00000000,0.00000000,0.00000000,0
3688000,0.04731217,0.00081940,-0.47602126,-0.89098225,0.00000000,0.07006117,0
3689000,0.16304371,0.02673324,1.45838880,0.31622220,1.11344719,0.12895073,0
3690000,0.05737324,0.01974042,-0.15808295,0.05097163,0.00129905,0.31546647,0
3691000,0.05736341,0.01928962,-0.08128037,0.08801225,0.00387308,0.08494163,0
3692000,0.14321813,0.13912185,0.00000000,0.00000000,0.00000000,0.00000000,0
3693000,0.41002485,0.05002839,6.60542523,1.92056231,23.66010099,0.42831826,0
3694000,0.09128119,0.01356401,0.87634862,-0.05980372,0.38399345,0.20702111,0
3695000,0.07482182,0.03820535,0.00000000,0.00000000,0.00000000,0.00000000,0
3696000,0.24915314,0.03869134,4.46520877,1.92404285,11.82001514,0.47228385,0
3697000,0.21008743,0.07339988,0.00000000,0.00000000,0.00000000,0.00000000,0
3698000,0.11255415,0.00797669,0.22537445,-0.50792811,0.02539682,0.00086003,0
3699000,0.06282993,0.06738505,-0.12782042,1.11699613,0.62384018,0.00588686,0
3700000,0.13899773,0.03507237,0.81543401,0.37646275,0.40332842,0.00256451,0
3701000,0.07429065,0.07709000,0.13008601,1.82499584,1.67376609,0.07563056,0
3702000,0.15164834,0.08671101,1.22104535,2.33126246,3.46286820,0.06024530,0
3703000,0.06156480,0.03743633,0.03257327,0.69425296,0.24152410,0.08828530,0
3704000,0.09579096,0.04334036,0.55262995,0.96552391,0.61881814,0.03227890,0
3705000,0.10850603,0.00273024,0.79017083,-0.60815229,0.31218497,0.07898641,0
3706000,0.09844147,0.04241674,0.00000000,0.00000000,0.00000000,0.00000000,0
3707000,0.04552912,0.01884480,-0.18406671,0.12158654,0.00739164,0.04207506,0
3708000,0.07415126,0.02111114,0.45155332,0.38060396,0.17437989,0.06243963,0
3709000,0.07065185,0.06808493,0.49233351,3.68998391,6.92918679,0.09102236,0
3710000,0.04776602,0.04270274,0.00000000,0.00000000,0.00000000,0.00000000,0
3711000,0.29033941,0.06463357,0.00000000,0.00000000,0.00000000,0.00000000,0
3712000,0.13714717,0.02959470,0.50677504,0.07890660,0.13152360,0.00238797,0
3713000,0.07841498,0.04262770,0.15766427,0.53875565,0.15755784,0.00305007,0
3714000,0.05824162,0.02182851,0.00114170,0.10080388,0.00508136,0.00359963,0
3715000,0.07796605,0.01803440,0.28798486,0.02450031,0.04176777,0.00956971,0
3716000,0.06046640,0.04946414,0.09710927,1.13637346,0.65038743,0.00102427,0
3717000,0.04888896,0.03595192,-0.04534705,0.73601148,0.27085645,0.01577919,0
3718000,0.17255259,0.02523556,1.93444923,0.37491037,1.94132580,0.04571321,0
3719000,0.20594421,0.05033687,0.00000000,0.00000000,0.00000000,0.00000000,0
3720000,0.35751307,0.05303267,6.98599663,2.09836446,26.60364113,0.29141499,0
3721000,0.03997654,0.01673296,-0.06757632,0.15972287,0.01275570,0.32712904,0
3722000,0.16970716,0.06621945,3.57752072,3.68855003,13.20202788,0.20073707,0
3723000,0.21177226,0.01901832,5.10886164,0.43710286,13.14576308,0.33721200,0
3724000,0.06822260,0.03221359,0.00000000,0.00000000,0.00000000,0.00000000,0
3725000,0.07686982,0.00019946,0.73217903,-0.91436754,0.26804306,0.18899891,0
3726000,0.04854339,0.05670907,0.00000000,0.00000000,0.00000000,0.00000000,0
3727000,0.20897050,0.06169175,4.42786266,3.76889968,16.90528624,0.36798711,0
3728000,0.10573076,0.16194484,0.00000000,0.00000000,0.00000000,0.00000000,0
3729000,0.06876156,0.01296709,0.70998274,-0.05291479,0.25203774,0.32028479,0
3730000,0.04848549,0.04809212,0.00000000,0.00000000,0.00000000,0.00000000,0
3731000,0.04095218,0.00819287,-0.15959881,-0.44386803,0.00000000,0.33066907,0
3732000,0.11730019,0.05863667,0.00000000,0.00000000,0.00000000,0.00000000,0
3733000,0.28386223,0.01790105,4.00217528,0.11444105,8.01525187,0.16882725,0
3734000,0.10147154,0.04442354,1.08281718,1.76006658,2.13516371,0.07331130,0
3735000,0.07380208,0.00488734,0.63589770,-0.59839295,0.20218294,0.07755521,0
3736000,0.06268205,0.03498290,0.00000000,0.00000000,0.00000000,0.00000000,0
3737000,0.05794790,0.01416324,0.02911147,-0.10220613,0.00042374,0.00778657,0
3738000,0.21121627,0.00226726,0.00000000,0.00000000,0.00000000,0.00000000,0
3739000,0.11605674,0.11400408,0.29836892,2.00803430,2.06061287,0.02824621,0
3740000,0.25201073,0.02043694,2.27502680,-0.16841557,2.58787347,0.71974427,0
3741000,0.05587100,0.00478094,-0.16281411,-0.57749543,0.00000000,0.00483308,0
3742000,0.06587672,0.02348216,0.03835988,0.08477395,0.00432905,0.01867461,0
3743000,0.06653503,0.05216419,0.11003210,1.20321580,0.72991766,0.08194331,0
3744000,0.09362261,0.00918221,0.62687048,-0.38589174,0.19648330,0.07659995,0
3745000,0.04669271,0.01677259,-0.16094271,-0.06603807,0.00000000,0.04647801,0
3746000,0.15359089,0.01441799,0.00000000,0.00000000,0.00000000,0.00000000,0
3747000,0.11487044,0.03699675,0.85125845,0.65135063,0.57444929,0.01002074,0
3748000,0.22649293,0.00829915,2.97241015,-0.34450321,4.41761104,0.06176000,0
3749000,0.08159709,0.04189171,0.67551362,1.30899419,1.08489222,0.06057937,0
3750000,0.09610252,0.05881536,1.06442882,2.37160521,3.37876000,0.30598828,0
3751000,0.17941149,0.00669655,3.00261564,-0.43199789,4.50785034,0.27208465,0
3752000,0.06377891,0.00021219,0.50830273,-0.82900059,0.12918583,0.10924727,0
3753000,0.12623954,0.14801636,0.00000000,0.00000000,0.00000000,0.00000000,0
3754000,0.09957404,0.00799155,0.45141963,-0.36396581,0.10188984,0.00014267,0
3755000,0.08706171,0.04772825,0.46182142,0.59243918,0.28213160,0.05122252,0
3756000,0.11928850,0.03222813,1.08827228,0.32325293,0.64441450,0.02250441,0
3757000,0.04257918,0.02478015,-0.10632758,0.18559427,0.01722262,0.03618282,0
3758000,0.13615200,0.02931047,1.63775025,0.36484978,1.40767063,0.01022295,0
3759000,0.07528911,0.01853994,0.56158686,0.05218546,0.15905156,0.09899212,0
3760000,0.08530457,0.01207664,0.81250888,-0.15588561,0.33008534,0.22233960,0
3761000,0.11148442,0.00440985,1.42295101,-0.43287006,1.01239479,0.15547497,0
3762000,0.17723702,0.09842116,2.93493530,3.17875894,9.35917682,0.11626983,0
3763000,0.09099188,0.03274344,1.07217679,0.68507717,0.80944690,0.22377557,0
3764000,0.12620084,0.02445932,1.92505041,0.37497773,1.92321369,0.70744552,0
3765000,0.08392680,0.08983836,0.96373968,3.17345924,5.49981885,0.14451993,0
3766000,0.23757975,0.03626466,4.74004557,0.92460421,11.66146248,0.41275859,0
3767000,0.08320265,0.00284982,0.00000000,0.00000000,0.00000000,0.00000000,0
3768000,0.05216276,0.02939179,0.16666240,1.52290975,1.17351523,0.23818900,0
3769000,0.04882357,0.00081529,0.00000000,0.00000000,0.00000000,0.00000000,0
3770000,0.07365782,0.02758972,0.43435299,0.61372182,0.28265850,0.08891684,0
3771000,0.15191887,0.01552649,2.12822540,0.10229538,2.26990385,0.06036312,0
3772000,0.09476713,0.04382380,1.11968089,1.82450972,2.29126051,0.10977386,0
3773000,0.11722481,0.01070412,0.00000000,0.00000000,0.00000000,0.00000000,0
3774000,0.22084826,0.00479833,3.99010038,-0.71184160,7.96045052,0.51907967,0
3775000,0.05729321,0.04142669,0.00000000,0.00000000,0.00000000,0.00000000,0
3776000,0.14548731,0.00587026,2.61061073,-0.58666403,3.40764419,0.22235906,0
3777000,0.06407905,0.01806092,0.00000000,0.00000000,0.00000000,0.00000000,0
3778000,0.04109714,0.07140310,-0.25673551,2.19392474,2.40665288,0.12667280,0
3779000,0.06359035,0.04347649,0.16122315,1.28477987,0.83832611,0.09013697,0
3780000,0.06318760,0.02225451,0.00000000,0.00000000,0.00000000,0.00000000,0
3781000,0.08773827,0.04283400,0.00000000,0.00000000,0.00000000,0.00000000,0
3782000,0.12750526,0.07321360,0.00000000,0.00000000,0.00000000,0.00000000,0
3783000,0.06401714,0.02782371,-0.09155422,0.26890117,0.03615392,0.00537146,0
3784000,0.07197902,0.04435110,0.19104054,1.25626358,0.80734733,0.21027296,0
3785000,0.12253192,0.04623469,1.28086450,1.61880015,2.13056389,0.12279009,0
3786000,0.28054795,0.01438306,4.71835227,-0.07210799,11.13142406,0.27692230,0
3787000,0.06006525,0.00108329,0.18327269,-0.87758856,0.01679444,0.11698458,0
3788000,0.04082556,0.00395632,0.00000000,0.00000000,0.00000000,0.00000000,0
3789000,0.05264088,0.03099375,-0.07746255,0.58024367,0.16834136,0.00737747,0
3790000,0.12784186,0.00645920,1.30152410,-0.45379567,0.84698249,0.03240161,0
3791000,0.04644967,0.04974611,-0.07296040,1.86534566,1.73975721,0.14801162,0
3792000,0.18276526,0.03989737,2.73750205,1.45777509,4.80951285,0.13110837,0
3793000,0.19644609,0.09979043,3.21769302,5.21433758,18.77143235,0.40741407,0
3794000,0.04962153,0.07986332,0.06326586,4.21865725,8.90053579,0.23382411,0
3795000,0.09426372,0.00025318,1.14135012,-0.90047689,0.65134005,0.14367786,0
3796000,0.06305258,0.05397270,0.00000000,0.00000000,0.00000000,0.00000000,0
3797000,0.04645813,0.06190828,0.00000000,0.00000000,0.00000000,0.00000000,0
3798000,0.12211191,0.05419965,0.50336179,0.78972491,0.43851926,0.01352911,0
3799000,0.19227836,0.00620198,1.55632956,-0.40522703,1.21108085,0.00627774,0
3800000,0.16906211,0.01900805,1.48961392,0.03462780,1.11007435,0.09283323,0
3801000,0.13626440,0.02921912,1.18533311,0.45572702,0.80635085,0.00380921,0
3802000,0.05638071,0.00183871,0.03719885,-0.56784601,0.00069188,0.25118453,0
3803000,0.04138596,0.04844289,-0.20313454,1.36480588,0.93134754,0.16697003,0
3804000,0.08492195,0.14089668,0.00000000,0.00000000,0.00000000,0.00000000,0
3805000,0.04024421,0.04603698,-0.12611287,1.44995370,1.05118287,0.01374742,0
3806000,0.03969124,0.01099170,-0.08647372,-0.16020256,0.00000000,0.09465403,0
3807000,0.07209734,0.02117000,0.81132506,0.53653989,0.47306170,0.59693435,0
3808000,0.04796033,0.01609628,0.22317488,0.26128547,0.05903856,0.14889752,0
3809000,0.07398491,0.01525315,1.05857301,0.23492993,0.58788444,0.16429517,0
3810000,0.06405941,0.01397592,0.00000000,0.00000000,0.00000000,0.00000000,0
3811000,0.04473954,0.00900023,0.09489903,-0.28122148,0.00450291,0.69195446,0
3812000,0.05461321,0.00507762,0.00000000,0.00000000,0.00000000,0.00000000,0
3813000,0.07491063,0.05806721,0.00000000,0.00000000,0.00000000,0.00000000,0
3814000,0.15265279,0.03008862,2.30665484,1.15277400,3.32477222,0.17018332,0
3815000,0.06888190,0.06078225,0.59299555,3.72811714,7.12525058,0.66260546,0
3816000,0.04062936,0.06815217,-0.08801855,4.63695191,10.75066151,0.70979497,0
3817000,0.10897399,0.05514941,0.00000000,0.00000000,0.00000000,0.00000000,0
3818000,0.07422318,0.03064177,0.42481076,0.75504987,0.37528224,0.30863910,0
3819000,0.03904893,0.03016608,-0.15294261,0.90454125,0.40909744,0.07569888,0
3820000,0.05574865,0.01229785,0.26746899,-0.06421286,0.03576983,0.07681205,0
3821000,0.04666031,0.02315130,0.10161371,0.67009396,0.22967563,0.12967516,0
3822000,0.26864970,0.02038497,0.00000000,0.00000000,0.00000000,0.00000000,0
3823000,0.19976379,0.02555771,3.41944453,0.94120436,6.28923327,0.36522682,0
3824000,0.12625116,0.02515090,0.00000000,0.00000000,0.00000000,0.00000000,0
3825000,0.10255103,0.00666864,0.63964623,-0.44511571,0.20457365,0.00509910,0
3826000,0.10467160,0.08930259,0.87304202,3.10638694,5.20592109,0.14104766,0
3827000,0.47723079,0.00022487,7.78683478,-0.73705837,30.31739793,0.74449282,0
3828000,0.13294105,0.02127129,1.70929361,0.33120143,1.51568951,0.03884696,0
3829000,0.06821161,0.00440527,0.49258867,-0.55205430,0.12132180,0.07275265,0
3830000,0.05827896,0.03082341,0.31014447,0.96587204,0.51454920,0.15249422,0
3831000,0.03766996,0.05480680,-0.13542106,2.47636008,3.06617961,0.12907173,0
3832000,0.05155930,0.00733254,0.20212409,-0.39631302,0.02042707,0.18249425,0
3833000,0.08883946,0.04932747,0.00000000,0.00000000,0.00000000,0.00000000,0
3834000,0.06108806,0.02675370,0.00000000,0.00000000,0.00000000,0.00000000,0
3835000,0.06105261,0.00429999,0.00000000,0.00000000,0.00000000,0.00000000,0
3836000,0.04835780,0.01727664,0.11913473,0.36580342,0.07400261,0.30245248,0
3837000,0.17617586,0.11403347,0.00000000,0.00000000,0.00000000,0.00000000,0
3838000,0.31516236,0.12974881,1.67733334,1.51292199,2.55119003,0.00566122,0
3839000,0.09545638,0.07039918,0.22043777,0.89499812,0.42480722,0.00132611,0
3840000,0.08145902,0.01484945,0.19912822,-0.14874295,0.01982602,0.06273863,0
3841000,0.03377857,0.01436407,-0.30021065,-0.14339953,0.00000000,0.00545302,0
3842000,0.05695853,0.00658101,0.00000000,0.00000000,0.00000000,0.00000000,0
3843000,0.14223424,0.04471022,1.36975432,1.54661181,2.13411749,0.09268665,0
3844000,0.17298660,0.06718255,2.37988162,3.44343662,8.76054614,0.08066675,0
3845000,0.04739518,0.03038356,0.00000000,0.00000000,0.00000000,0.00000000,0
3846000,0.04325822,0.03463574,-0.03764072,1.64927087,1.36004721,1.00193055,0
3847000,0.03893908,0.05277592,0.00000000,0.00000000,0.00000000,0.00000000,0
3848000,0.07357211,0.01901999,0.70217295,0.39836536,0.32587091,0.23395381,0
3849000,0.06529532,0.05645971,0.63461100,3.52219560,6.40429649,1.49364206,0
3850000,0.21460465,0.04243621,0.00000000,0.00000000,0.00000000,0.00000000,0
3851000,0.06546472,0.00952895,0.28097298,-0.41648945,0.03947291,0.70367874,0
3852000,0.04817191,0.00928746,-0.01140378,-0.40476635,0.00000000,0.82711609,0
3853000,0.04458527,0.01326109,0.00000000,0.00000000,0.00000000,0.00000000,0
3854000,0.19114016,0.02219453,4.44973926,0.78921650,10.21152106,0.98750132,0
3855000,0.10632144,0.01085435,2.17554978,-0.17218304,2.36650843,2.45855712,0
3856000,0.05761241,0.06940345,0.00000000,0.00000000,0.00000000,0.00000000,0
3857000,0.08845720,0.00365093,1.12567100,-0.82354757,0.63356760,0.28116457,0
3858000,0.26883823,0.06359775,6.61937006,4.24142428,30.90286993,0.99831567,0
3859000,0.10672202,0.01110949,0.00000000,0.00000000,0.00000000,0.00000000,0
3860000,0.03404997,0.00674100,-0.30039949,-0.59565390,0.00000000,0.36952370,0
3861000,0.04525632,0.03132852,0.00000000,0.00000000,0.00000000,0.00000000,0
3862000,0.09291951,0.04322576,1.08361661,2.14789698,2.89384320,0.19738754,0
3863000,0.05085180,0.00092571,0.00000000,0.00000000,0.00000000,0.00000000,0
3864000,0.05130918,0.04176048,0.00000000,0.00000000,0.00000000,0.00000000,0
3865000,0.05966824,0.03282945,0.14632237,1.20530457,0.73708467,0.25351626,0
3866000,0.14596236,0.02558323,2.25658621,0.85406380,2.91080314,0.24202306,0
3867000,0.08068837,0.03444903,0.86018724,1.65966633,1.74720721,0.20900536,0
3868000,0.04879218,0.04573765,0.00000000,0.00000000,0.00000000,0.00000000,0
3869000,0.05801580,0.01440424,0.31725257,0.06940117,0.05273286,0.34246853,0
3870000,0.05830596,0.00867932,0.42173372,-0.39600857,0.08892967,0.15696400,0
3871000,0.04787599,0.01077366,0.00000000,0.00000000,0.00000000,0.00000000,0
3872000,0.08615735,0.00168334,0.26126591,-0.55069035,0.03412994,0.03303171,0
3873000,0.09001371,0.00930537,0.44383148,-0.27415217,0.09849319,0.02574891,0
3874000,0.11535989,0.00460034,0.94337256,-0.48563679,0.44497589,0.01049317,0
3875000,0.05113039,0.04777429,-0.02973600,1.58314735,1.25317777,0.61832322,0
3876000,0.20488442,0.06039041,2.74100126,2.34650205,6.50957990,0.06568389,0
3877000,0.03966980,0.00384641,-0.18830828,-0.57469055,0.00000000,0.13728827,0
3878000,0.03769192,0.02426220,-0.21069505,0.57777228,0.16691040,0.15610148,0
3879000,0.07474166,0.02002977,0.00000000,0.00000000,0.00000000,0.00000000,0
3880000,0.06078720,0.02419402,0.16701024,0.51280533,0.14543086,0.21449095,0
3881000,0.10190197,0.00740337,1.22665668,-0.47934581,0.75234331,1.10304218,0
3882000,0.29454985,0.08498175,6.19373302,5.06585622,32.01261398,1.00956127,0
3883000,0.21204105,0.05925845,0.00000000,0.00000000,0.00000000,0.00000000,0
3884000,0.09166576,0.05094603,0.83967867,3.31881861,5.85980863,0.18422841,0
3885000,0.09644143,0.04759678,0.00000000,0.00000000,0.00000000,0.00000000,0
3886000,0.17911746,0.04042174,0.00000000,0.00000000,0.00000000,0.00000000,0
3887000,0.06652430,0.02333957,0.28135608,0.65761176,0.25580724,0.17652634,0
3888000,0.08298061,0.02136816,0.77723179,0.64015766,0.50694554,0.10758244,0
3889000,0.05919931,0.01322630,0.00000000,0.00000000,0.00000000,0.00000000,0
3890000,0.10928312,0.01041724,0.00000000,0.00000000,0.00000000,0.00000000,0
3891000,0.18227573,0.00706170,4.09819824,-0.47970663,8.39761443,0.19429199,0
3892000,0.04129728,0.04874567,0.00000000,0.00000000,0.00000000,0.00000000,0
3893000,0.12781157,0.04091991,2.13933457,2.30635100,4.94800368,0.12163435,0
3894000,0.06298567,0.02410731,0.00000000,0.00000000,0.00000000,0.00000000,0
3895000,0.26164567,0.08591938,4.62077841,6.05021930,28.97837333,0.49282228,0
3896000,0.05745193,0.07136992,0.35570483,5.35819286,14.41837830,0.93958738,0
3897000,0.05019392,0.05545205,0.00000000,0.00000000,0.00000000,0.00000000,0
3898000,0.13976872,0.08741768,1.65589336,5.47268519,16.34613301,0.50496277,0
3899000,0.05327257,0.00283453,0.10459244,-0.85537701,0.00546979,0.35418925,0
3900000,0.07883346,0.00650909,0.78594460,-0.54849633,0.30885446,0.31105186,0
3901000,0.26404998,0.02416197,5.60932830,1.09259492,16.32916379,0.54101748,0
3902000,0.28809568,0.02996679,0.00000000,0.00000000,0.00000000,0.00000000,0
3903000,0.06683015,0.02344256,0.13904837,0.46131230,0.11607174,0.29353926,0
3904000,0.16979811,0.00697214,2.28616504,-0.52606648,2.61327530,0.20541234,0
3905000,0.07228275,0.01938060,0.46888448,0.41558936,0.19628358,0.19083887,0
3906000,0.06507990,0.00754799,0.38896008,-0.46210473,0.07564497,0.27104157,0
3907000,0.09637262,0.02490368,0.00000000,0.00000000,0.00000000,0.00000000,0
3908000,0.05533051,0.01433456,0.37666941,0.16173648,0.08401927,0.28638007,0
3909000,0.07226761,0.06380784,0.00000000,0.00000000,0.00000000,0.00000000,0
3910000,0.10099075,0.02675208,1.42648205,0.89704189,1.41976760,0.66334439,0
3911000,0.17156667,0.03405840,0.00000000,0.00000000,0.00000000,0.00000000,0
3912000,0.15501253,0.05777507,0.66317489,0.42385976,0.30972902,0.17380400,0
3913000,0.06602023,0.05939852,-0.04810206,0.63270290,0.20015648,0.01042222,0
3914000,0.11802412,0.02619558,0.63167862,0.09701792,0.20421517,0.04920475,0
3915000,0.05987738,0.00214878,0.00120137,-0.38916000,0.00000072,0.00230964,0
3916000,0.04771328,0.02135488,-0.12167719,0.07667716,0.00293969,0.03596739,0
3917000,0.16785754,0.04198643,1.66144259,0.63934647,1.58457770,0.05826288,0
3918000,0.04578546,0.00028780,-0.11809415,-0.46297149,0.00000000,0.25009066,0
3919000,0.09518050,0.00923103,0.69281203,-0.21445805,0.23999426,0.09316683,0
3920000,0.06060613,0.02002303,0.16051216,0.11566466,0.01957123,0.38976411,0
3921000,0.06061865,0.01775420,0.00000000,0.00000000,0.00000000,0.00000000,0
3922000,0.06283661,0.07470412,0.35138108,3.09433497,4.84918880,0.22913456,0
3923000,0.04582119,0.00232971,0.05949076,-0.69726313,0.00176958,0.29354065,0
3924000,0.06909522,0.02195098,0.71157037,0.56694487,0.41387944,0.26619937,0
3925000,0.19985317,0.07109987,0.00000000,0.00000000,0.00000000,0.00000000,0
3926000,0.18093801,0.00043727,0.97424857,-0.46205313,0.47458014,0.00215102,0
3927000,0.11851092,0.02657958,0.56191687,0.06978104,0.16030998,0.00128415,0
3928000,0.11158439,0.00470091,0.62410227,-0.36377295,0.19475182,0.02377939,0
3929000,0.04059958,0.03071975,-0.23445779,0.29707954,0.04412813,0.00042850,0
3930000,0.15386395,0.02074228,1.42472363,0.07653045,1.01784717,0.02993097,0
3931000,0.06015804,0.01268411,0.09763017,-0.13135579,0.00476583,0.02189802,0
3932000,0.10809854,0.02477439,0.90332083,0.25401366,0.44025573,0.08550563,0
3933000,0.04315327,0.01140735,-0.14502750,-0.15834089,0.00000000,0.61630491,0
3934000,0.15417619,0.00875493,1.79272120,-0.24816652,1.60692464,0.13176738,0
3935000,0.08565854,0.02270856,0.62230549,0.24161606,0.22282122,0.33595597,0
3936000,0.21588624,0.00621077,3.07255447,-0.34860941,4.72029549,0.24716550,0
3937000,0.06018789,0.05959998,0.19221803,1.66190814,1.39944321,0.36433230,0
3938000,0.04655924,0.00998111,-0.06061069,-0.21148083,0.00000000,0.35669964,0
3939000,0.25610408,0.01419137,0.00000000,0.00000000,0.00000000,0.00000000,0
3940000,0.15017341,0.01860436,0.91529823,0.02691031,0.41924751,0.02507394,0
3941000,0.11121753,0.00136944,0.71403657,-0.68081771,0.25492411,0.00427566,0
3942000,0.09604792,0.05243772,0.65307183,1.96030426,2.13464781,0.00783268,0
3943000,0.08625712,0.03404205,0.00000000,0.00000000,0.00000000,0.00000000,0
3944000,0.05906845,0.02076802,0.16509870,0.32753537,0.06726850,0.04769165,0
3945000,0.05793302,0.04982981,0.00000000,0.00000000,0.00000000,0.00000000,0
3946000,0.05864962,0.04001707,0.20331838,1.30417497,0.87110536,0.03090245,0
3947000,0.06028033,0.01778018,0.33940690,0.24285816,0.08708856,0.06357522,0
3948000,0.06162904,0.01311749,0.44513306,-0.00052805,0.09907172,0.24678800,0
3949000,0.11185031,0.00092254,1.84727759,-0.82529292,1.70621725,0.17263361,0
3950000,0.14424519,0.02264449,0.00000000,0.00000000,0.00000000,0.00000000,0
3951000,0.21998988,0.02375031,5.07849184,1.17079002,13.58091431,0.68284983,0
3952000,0.04034065,0.03164910,0.02547060,2.17446702,2.36447779,0.72289924,0
3953000,0.13106719,0.00534512,0.00000000,0.00000000,0.00000000,0.00000000,0
3954000,0.11578001,0.07489398,2.14616708,6.37625658,22.63134055,0.94566991,0
3955000,0.10808739,0.06292738,0.00000000,0.00000000,0.00000000,0.00000000,0
3956000,0.08054247,0.00965173,0.51086228,-0.25309802,0.13049013,0.04333819,0
3957000,0.10318558,0.02992938,1.09365168,1.03605297,1.13473988,0.11816541,0
3958000,0.22898249,0.01703487,0.00000000,0.00000000,0.00000000,0.00000000,0
3959000,0.06498193,0.01041594,0.50053626,-0.21419206,0.12526827,0.60059005,0
3960000,0.05054424,0.01110754,0.22042157,-0.10352192,0.02429283,0.61555841,0
3961000,0.14415875,0.04375315,0.00000000,0.00000000,0.00000000,0.00000000,0
3962000,0.08555625,0.03675670,0.79669416,1.75313240,1.85409740,0.12763425,0
3963000,0.10735315,0.01868018,1.51404021,0.51460690,1.27856901,0.78380389,0
3964000,0.10248946,0.02220919,1.56597096,0.90748091,1.63789332,0.87795175,0
3965000,0.05525856,0.03865439,0.00000000,0.00000000,0.00000000,0.00000000,0
3966000,0.04991361,0.02196592,0.00000000,0.00000000,0.00000000,0.00000000,0
3967000,0.07800445,0.01805259,0.92324765,0.55402534,0.57966515,0.47689100,0
3968000,0.05339023,0.01165805,0.00000000,0.00000000,0.00000000,0.00000000,0
3969000,0.04604280,0.02845006,0.00000000,0.00000000,0.00000000,0.00000000,0
3970000,0.07340625,0.01583273,0.09286023,-0.16598205,0.00431151,1.70406662,0
3971000,0.04296948,0.06203605,-0.35118385,2.59832683,3.37565115,0.32861207,0
3972000,0.04481415,0.01264031,-0.29200052,-0.27830792,0.00000000,0.64534534,0
3973000,0.05543238,0.01973000,-0.05103245,0.22168195,0.02457144,1.03593367,0
3974000,0.04560348,0.01106895,-0.21639890,-0.31963612,0.00000000,0.17640005,0
3975000,0.09409250,0.02511046,0.00000000,0.00000000,0.00000000,0.00000000,0
3976000,0.07348080,0.00698721,0.36307430,-0.49244890,0.06591147,0.40848277,0
3977000,0.07169969,0.00913336,0.46099827,-0.35379256,0.10625970,0.45026274,0
3978000,0.09022516,0.02590547,1.01600782,0.97190763,0.98843816,0.17487160,0
3979000,0.06821527,0.01171287,0.00000000,0.00000000,0.00000000,0.00000000,0
3980000,0.23658387,0.03806729,4.28870550,2.08124799,11.36229405,0.39198661,0
3981000,0.07581688,0.07018092,0.00000000,0.00000000,0.00000000,0.00000000,0
3982000,0.09480169,0.03155892,0.90985744,0.97169010,0.88601111,0.25918963,0
3983000,0.07142607,0.00865963,0.00000000,0.00000000,0.00000000,0.00000000,0
3984000,0.08022386,0.06239929,0.16916864,1.57195934,1.24983710,0.00000000,0
3985000,0.05548118,0.01701245,-0.04937380,0.00588676,0.00001733,0.02412412,0
3986000,0.07182415,0.04915143,0.33699661,1.81146563,1.69748722,0.04961794,0
3987000,0.07068944,0.00968812,0.39540603,-0.29338257,0.07817296,0.07739746,0
3988000,0.03924851,0.01161905,-0.21689826,-0.15641215,0.00000000,0.20693715,0
3989000,0.05734666,0.04067555,0.22157512,1.79270671,1.63144644,0.29489181,0
3990000,0.06877080,0.09421730,0.00000000,0.00000000,0.00000000,0.00000000,0
3991000,0.25337198,0.06013390,5.44679115,3.90772123,22.46890954,1.00237592,0
3992000,0.07776985,0.06735682,0.00000000,0.00000000,0.00000000,0.00000000,0
3993000,0.05045819,0.00066430,-0.04931915,-0.86126761,0.00000000,0.06979698,0
3994000,0.12534921,0.01448137,0.00000000,0.00000000,0.00000000,0.00000000,0
3995000,0.05176276,0.01178805,0.09411270,-0.07389346,0.00442860,0.19893056,0
3996000,0.04390935,0.00736463,-0.02590459,-0.35508268,0.00000000,0.28537226,0
3997000,0.05204572,0.09566200,0.00000000,0.00000000,0.00000000,0.00000000,0
3998000,0.04485346,0.04852791,-0.14781736,1.37711377,0.94822116,0.06006974,0
3999000,0.37451890,0.06717812,6.00533757,2.55925909,21.30694322,0.28644225,0
4000000,0.08538817,0.01835636,0.00000000,0.00000000,0.00000000,0.00000000,0
4001000,0.07746337,0.01303277,0.77342428,-0.00368878,0.29909256,0.47243294,0
4002000,0.12319271,0.06423425,2.17739344,4.37571439,11.94395929,0.68650652,0
4003000,0.04411514,0.03196429,0.00000000,0.00000000,0.00000000,0.00000000,0
4004000,0.14959474,0.00796528,2.26748770,-0.38409389,2.57075024,0.19671532,0
4005000,0.06738955,0.05302881,0.00000000,0.00000000,0.00000000,0.00000000,0
4006000,0.17786457,0.04001016,0.00000000,0.00000000,0.00000000,0.00000000,0
4007000,0.14730094,0.03632069,2.34614279,1.79843255,4.36937282,0.26998681,0
4008000,0.07358450,0.00867094,0.75381307,-0.31674108,0.28411707,0.78440256,0
4009000,0.05118386,0.00544548,0.00000000,0.00000000,0.00000000,0.00000000,0
4010000,0.05543489,0.00610873,0.00000000,0.00000000,0.00000000,0.00000000,0
4011000,0.06846263,0.07461463,0.26503276,3.43885446,5.94798119,0.13060991,0
4012000,0.04254170,0.04778064,-0.14531929,2.24652897,2.52344621,0.27480126,0
4013000,0.04360393,0.04644051,-0.10254925,2.36639660,2.79991643,0.26413665,0
4014000,0.07138002,0.02675054,0.56634127,1.09191525,0.75651067,0.18740149,0
4015000,0.10840786,0.04014518,1.52504010,2.22957037,3.64836567,0.60080350,0
4016000,0.22924431,0.02753389,0.00000000,0.00000000,0.00000000,0.00000000,0
4017000,0.05061130,0.04340779,0.10230172,2.75878771,3.81068764,1.08601154,0
4018000,0.11289766,0.04759315,0.00000000,0.00000000,0.00000000,0.00000000,0
4019000,0.11487819,0.01055958,0.00000000,0.00000000,0.00000000,0.00000000,0
4020000,0.08940866,0.03547687,0.00000000,0.00000000,0.00000000,0.00000000,0
4021000,0.06141876,0.00261505,-0.31901768,-0.92479575,0.00000000,0.69617405,0
4022000,0.05749270,0.01003652,0.00000000,0.00000000,0.00000000,0.00000000,0
4023000,0.16156027,0.06903525,0.00000000,0.00000000,0.00000000,0.00000000,0
4024000,0.10430039,0.05899489,-0.08101213,0.31629930,0.05002262,0.01292049,0
4025000,0.23264584,0.01176337,0.00000000,0.00000000,0.00000000,0.00000000,0
4026000,0.05361728,0.02716555,-0.60943589,-0.15568093,0.00000000,0.30654323,0
4027000,0.12304920,0.05640971,0.15801945,0.65313634,0.22577861,0.86185330,0
4028000,0.06472465,0.02597552,-0.67175330,-0.14783676,0.00000000,0.40009516,0
4029000,0.22029345,0.04770727,1.55555500,0.51292169,1.34142001,1.31667714,0
4030000,0.07803181,0.01029328,-0.57094983,-0.69217631,0.00000000,1.47078566,0
4031000,0.07064347,0.03669985,0.00000000,0.00000000,0.00000000,0.00000000,0
4032000,0.06263121,0.10670888,-1.24829218,1.21211081,0.73460630,0.39217751,0
4033000,0.09026012,0.03338682,-1.00098384,-0.43213372,0.00000000,0.32369757,0
4034000,0.33129579,0.06980025,1.79023772,0.53262561,1.74432057,0.77190620,0
4035000,0.15303205,0.07291369,0.00000000,0.00000000,0.00000000,0.00000000,0
4036000,0.14716655,0.02996004,-0.35085104,-0.44436720,0.00000000,0.08518794,0
4037000,0.17229615,0.07165599,-0.04151090,0.45602052,0.10397736,0.57054224,0
4038000,0.11630883,0.00240504,-0.51561894,-0.98861982,0.00000000,0.45351884,0
4039000,0.79973507,0.01766430,0.00000000,0.00000000,0.00000000,0.00000000,0
4040000,0.15236224,0.04326410,-0.55128543,-0.31131001,0.00000000,0.02244516,0
4041000,0.08068128,0.07474583,-0.83981943,0.26793073,0.03589344,0.06906745,0
4042000,0.11798856,0.07439353,-0.59419454,0.36662495,0.06720693,0.12488393,0
4043000,0.08180796,0.02899379,-0.81968552,-0.39361297,0.00000000,0.10161183,0
4044000,0.07311395,0.00676678,-0.87353534,-0.81466269,0.00000000,0.19201563,0
4045000,0.46223772,0.18384326,0.00000000,0.00000000,0.00000000,0.00000000,0
4046000,0.08225454,0.01041122,-1.06659691,-0.86367785,0.00000000,0.05261237,0
4047000,0.06784688,0.00883947,-1.02548747,-0.81261263,0.00000000,0.01897310,0
4048000,0.06499614,0.00080093,-0.99650161,-0.89329997,0.00000000,0.00194333,0
4049000,0.15005723,0.09089399,-0.25573853,0.54661874,0.14939603,0.48809161,0
4050000,0.12533507,0.04938995,-0.45896906,-0.08866658,0.00000000,0.28568525,0
4051000,0.11182162,0.02574855,-0.56093345,-0.48024516,0.00000000,0.20399815,0
4052000,0.10751512,0.00938194,-0.58110148,-0.77764396,0.00000000,0.16647126,0
4053000,0.10052095,0.07586093,-0.63651986,0.52511426,0.13787250,0.08518931,0
4054000,0.11564415,0.05941845,-0.44837729,0.24103313,0.02904848,0.01384900,0
4055000,0.10532551,0.00784940,-0.53642755,-0.80177304,0.00000000,0.08090259,0
4056000,0.09680702,0.03718311,-0.60889670,-0.17251313,0.00000000,0.07288416,0
4057000,0.10975939,0.02201503,-0.45117328,-0.48825022,0.00000000,0.28986580,0
4058000,0.07362473,0.01049021,-0.84554403,-0.74138165,0.00000000,0.19070115,0
4059000,0.09728597,0.02172700,-0.55882835,-0.48228013,0.00000000,0.23946059,0
4060000,0.07053361,0.00652834,-0.85516840,-0.83098884,0.00000000,0.11551554,0
4061000,0.09369905,0.01921587,-0.56792793,-0.53159471,0.00000000,0.07312358,0
4062000,0.08578951,0.06543960,-0.64816821,0.59325484,0.17597565,0.06661897,0
4063000,0.06329960,0.06520645,-0.90647434,0.61058282,0.18640569,0.15313503,0
4064000,0.06850257,0.02516910,-0.83149659,-0.36717356,0.00000000,0.17803938,0
4065000,0.08851617,0.04397582,-0.57366178,0.11606712,0.00673579,0.10737354,0
4066000,0.09633587,0.01244488,-0.46501307,-0.68488868,0.00000000,0.39789914,0
4067000,0.09942192,0.05148518,-0.41472072,0.33512666,0.05615494,0.08946504,0
4068000,0.06896537,0.03389411,-0.79086833,-0.11394905,0.00000000,0.20652571,0
4069000,0.05363212,0.01862550,-0.98251370,-0.51351960,0.00000000,0.11030569,0
4070000,0.10121863,0.05005693,-0.36067612,0.34154724,0.05832726,0.16915596,0
4071000,0.06253006,0.02439226,-0.85830957,-0.34691477,0.00000000,0.17189722,0
4072000,0.07185071,0.02736295,-0.72803092,-0.25618341,0.00000000,0.13666758,0
4073000,0.07979276,0.02460677,-0.61539204,-0.32667932,0.00000000,0.06640276,0
4074000,0.09802346,0.05557051,0.00000000,0.00000000,0.00000000,0.00000000,0
4075000,0.10435038,0.05124348,0.00000000,0.00000000,0.00000000,0.00000000,0
4076000,0.04759220,0.05078591,-0.90273524,0.51067830,0.13039616,0.25591164,0
4077000,0.06274629,0.06933932,-0.70652438,1.39150325,0.96814065,0.13569608,0
4078000,0.06187316,0.06226397,-0.70272520,1.31389839,0.86316449,0.36536188,0
4079000,0.06538232,0.01861035,0.00000000,0.00000000,0.00000000,0.00000000,0
4080000,0.05765293,0.03328554,-0.83955922,0.26552146,0.03525082,0.39555521,0
4081000,0.08532097,0.07152630,0.00000000,0.00000000,0.00000000,0.00000000,0
4082000,0.05522775,0.05020820,-0.75757276,0.50504171,0.12753356,0.23730086,0
4083000,0.08935493,0.01645463,-0.35643955,-0.50110554,0.00000000,0.66005954,0
4084000,0.09510163,0.06583168,0.00000000,0.00000000,0.00000000,0.00000000,0
4085000,0.08968293,0.03670732,0.00000000,0.00000000,0.00000000,0.00000000,0
4086000,0.08712088,0.03938347,-0.70404983,-0.00561947,0.00000000,0.29203699,0
4087000,0.07906022,0.01093071,-0.77713230,-0.77193127,0.00000000,0.21314402,0
4088000,0.17954312,0.03675161,0.00000000,0.00000000,0.00000000,0.00000000,0
4089000,0.07222237,0.06323618,-0.55284434,0.69870129,0.24409175,0.39737201,0
4090000,0.07902545,0.01253415,0.00000000,0.00000000,0.00000000,0.00000000,0
4091000,0.06222357,0.03904562,0.00000000,0.00000000,0.00000000,0.00000000,0
4092000,0.05799676,0.08271550,-0.85794992,0.83752087,0.35072060,0.04941282,0
4093000,0.06662313,0.03623042,-0.59118039,0.02521367,0.00031786,0.00221810,0
4094000,0.06344014,0.01884868,-0.66659749,-0.42547310,0.00000000,0.21257158,0
4095000,0.06951891,0.00544471,-0.58515425,-0.81554194,0.00000000,0.18991914,0
4096000,0.06234561,0.06381319,-0.63314091,1.17935184,0.69543538,0.02368172,0
4097000,0.07920729,0.03186129,-0.39816095,0.14447488,0.01043650,0.29193314,0
4098000,0.05697673,0.00100634,0.00000000,0.00000000,0.00000000,0.00000000,0
4099000,0.05694441,0.06756045,-0.73031857,0.78433082,0.30758742,0.05262025,0
4100000,0.12255905,0.10796435,0.07313303,2.06761665,2.14019353,0.14285803,0
4101000,0.06454983,0.02356381,0.00000000,0.00000000,0.00000000,0.00000000,0
4102000,0.20427692,0.18915009,0.59215290,3.10281292,4.98904654,0.03350390,0
4103000,0.08775529,0.02515503,-0.31759751,-0.24420257,0.00000000,0.06019076,0
4104000,0.09446402,0.00493477,-0.22991488,-0.77594407,0.00000000,0.03430008,0
4105000,0.09442740,0.05802489,0.00000000,0.00000000,0.00000000,0.00000000,0
4106000,0.17194994,0.04558117,0.00000000,0.00000000,0.00000000,0.00000000,0
4107000,0.12380493,0.11709879,0.26776428,2.09876322,2.23825237,0.00238252,0
4108000,0.05523265,0.00931151,-0.43136652,-0.63011427,0.00000000,0.07693380,0
4109000,0.06501739,0.00568101,-0.37447339,-0.75526929,0.00000000,0.15727806,0
4110000,0.14455643,0.05275706,0.00000000,0.00000000,0.00000000,0.00000000,0
4111000,0.05685413,0.01583134,-0.68221762,-0.40206495,0.00000000,0.09264497,0
4112000,0.06597362,0.07172991,-0.56218283,2.04651315,2.09410804,0.27302685,0
4113000,0.07366383,0.03823067,-0.45907710,0.65272471,0.21302478,0.37137254,0
4114000,0.06407692,0.05195247,-0.59375485,1.35659358,0.92017307,0.64550897,0
4115000,0.10981576,0.02017224,0.15002313,-0.16991580,0.01125347,0.64568755,0
4116000,0.10799611,0.06621724,0.15934678,2.24684114,2.53684324,0.56013263,0
4117000,0.07974403,0.11324540,0.00000000,0.00000000,0.00000000,0.00000000,0
4118000,0.07529149,0.04212545,-0.36081968,0.18217691,0.01659421,0.05630240,0
4119000,0.11903259,0.06075485,0.00000000,0.00000000,0.00000000,0.00000000,0
4120000,0.06061321,0.00009666,-0.32304053,-1.11025884,0.00000000,0.93924893,0
4121000,0.10023477,0.05002351,0.00000000,0.00000000,0.00000000,0.00000000,0
4122000,0.08674787,0.04755322,-0.16703101,1.04269934,0.54361095,0.11776142,0
4123000,0.07009940,0.02290971,0.00000000,0.00000000,0.00000000,0.00000000,0
4124000,0.06984644,0.01131537,-0.31952511,-0.43870557,0.00000000,0.06834288,0
4125000,0.05842021,0.03915596,-0.43513270,0.71185947,0.25337195,0.24085848,0
4126000,0.06361172,0.06691654,-0.33905788,2.09093575,2.18600616,0.12900627,0
4127000,0.06187790,0.02851434,-0.34761755,0.42746443,0.09136292,0.30400005,0
4128000,0.11945251,0.05577964,0.00000000,0.00000000,0.00000000,0.00000000,0
4129000,0.10020339,0.10558945,0.14820031,2.20523036,2.44250213,0.00590499,0
4130000,0.04167665,0.03492925,-0.53729718,0.50008923,0.12504462,0.02259449,0
4131000,0.09458744,0.05879208,0.31592385,1.53651528,1.23034355,0.07843205,0
4132000,0.06951353,0.00757533,-0.06714444,-0.47093403,0.00000000,0.06813102,0
4133000,0.05298565,0.02576455,-0.37538882,0.33379469,0.05570945,0.42774611,0
4134000,0.17934035,0.00393688,0.00000000,0.00000000,0.00000000,0.00000000,0
4135000,0.05137564,0.00164027,-0.53076899,-0.74125868,0.00000000,0.04856884,0
4136000,0.10995189,0.14301895,0.00000000,0.00000000,0.00000000,0.00000000,0
4137000,0.14359756,0.05299246,0.00000000,0.00000000,0.00000000,0.00000000,0
4138000,0.08083904,0.00697424,0.00000000,0.00000000,0.00000000,0.00000000,0
4139000,0.08834635,0.06723378,-0.03947441,0.79222318,0.31380879,0.00000000,0
4140000,0.14210564,0.03221806,0.00000000,0.00000000,0.00000000,0.00000000,0
4141000,0.09007120,0.01580665,0.00000000,0.00000000,0.00000000,0.00000000,0
4142000,0.07651170,0.05359320,0.00000000,0.00000000,0.00000000,0.00000000,0
4143000,0.11453472,0.08266371,0.55175819,1.11616713,0.77513308,0.00000000,0
4144000,0.10126080,0.07937921,0.00000000,0.00000000,0.00000000,0.00000000,0
4145000,0.06117471,0.01252392,-0.12714287,-0.44815494,0.00000000,0.70144010,0
4146000,0.13709463,0.06123073,0.00000000,0.00000000,0.00000000,0.00000000,0
4147000,0.07736270,0.00418667,0.08796640,-0.70272412,0.00386904,0.05020713,0
4148000,0.14911398,0.02959273,0.00000000,0.00000000,0.00000000,0.00000000,0
4149000,0.06535942,0.02111861,-0.13275717,-0.04028802,0.00000000,0.01043784,0
4150000,0.09289698,0.03914766,0.42877108,0.78477034,0.39985456,0.05489505,0
4151000,0.07355361,0.03141614,0.15807062,0.58890939,0.18590029,0.92128981,0
4152000,0.07494932,0.03109358,0.00000000,0.00000000,0.00000000,0.00000000,0
4153000,0.08925653,0.01401116,0.50641170,-0.25239389,0.12822640,0.04808936,0
4154000,0.07159745,0.15725628,0.00000000,0.00000000,0.00000000,0.00000000,0
4155000,0.08267895,0.03504098,0.00000000,0.00000000,0.00000000,0.00000000,0
4156000,0.13417761,0.19088581,0.88223725,3.56940412,6.75949417,0.04759494,0
4157000,0.07337239,0.06325235,0.13579946,1.05176722,0.56232789,0.05015467,0
4158000,0.23653904,0.04587173,3.04450571,0.72478269,4.89716249,0.20918959,0
4159000,0.12386081,0.13693279,0.00000000,0.00000000,0.00000000,0.00000000,0
4160000,0.10790148,0.10915702,0.30498005,1.63255687,1.37912739,0.00000000,0
4161000,0.09877456,0.15385199,0.43413590,3.36927382,5.77024004,0.04848657,0
4162000,0.27215356,0.08289158,3.14697414,1.77768986,6.53181372,0.53312610,0
4163000,0.06271520,0.00764866,-0.07085158,-0.48839998,0.00000000,0.28999279,0
4164000,0.10876277,0.05407050,0.00000000,0.00000000,0.00000000,0.00000000,0
4165000,0.14896332,0.06279210,0.00000000,0.00000000,0.00000000,0.00000000,0
4166000,0.16377167,0.10392191,0.74462406,1.58902551,1.53973354,0.00000000,0
4167000,0.07976280,0.03816129,0.13154942,0.35179526,0.07053258,0.00191783,0
4168000,0.05936144,0.02519240,-0.12859670,0.07101404,0.00252150,0.15396296,0
4169000,0.06758983,0.03889168,0.02942144,0.64534366,0.20866703,0.01182303,0
4170000,0.06459595,0.03489084,0.00000000,0.00000000,0.00000000,0.00000000,0
4171000,0.11486883,0.04859090,0.88686273,0.99611179,0.88938210,0.04592336,0
4172000,0.10419264,0.04692403,0.00000000,0.00000000,0.00000000,0.00000000,0
4173000,0.10939242,0.03357500,0.00000000,0.00000000,0.00000000,0.00000000,0
4174000,0.11658316,0.25586066,0.00000000,0.00000000,0.00000000,0.00000000,0
4175000,0.10917541,0.19877422,0.73893809,3.90775886,7.90830441,0.05908304,0
4176000,0.11684240,0.04060199,1.07245644,0.48265691,0.69156025,0.00249342,0
4177000,0.07812500,0.05381349,0.00000000,0.00000000,0.00000000,0.00000000,0
4178000,0.08629920,0.07785559,0.68547535,2.34541306,2.98541945,0.00985419,0
4179000,0.04942870,0.01168402,-0.11782751,-0.36227982,0.00000000,1.05695946,0
4180000,0.06265720,0.04226538,0.04547784,1.11097974,0.61817211,0.35473560,0
4181000,0.04321123,0.02511402,-0.37136559,0.34554166,0.05969952,0.20430204,0
4182000,0.06828698,0.04135435,0.15410675,1.29116354,0.84542609,0.09687633,0
4183000,0.06170667,0.04257249,0.03329111,1.45703631,1.06203155,0.20625146,0
4184000,0.04603207,0.00143978,-0.32060658,-0.93113479,0.00000000,0.29645222,0
4185000,0.05057386,0.00294017,-0.20141621,-0.85154574,0.00000000,0.28719339,0
4186000,0.19663344,0.02838572,3.50551461,0.76826375,6.43943094,0.69401219,0
4187000,0.18580733,0.11969695,0.00000000,0.00000000,0.00000000,0.00000000,0
4188000,0.10831585,0.15499292,0.38076880,4.35669589,9.56289197,0.07580883,0
4189000,0.13774936,0.07545917,0.91731771,2.13661926,2.70330682,0.02538549,0
4190000,0.12462536,0.10108459,0.00000000,0.00000000,0.00000000,0.00000000,0
4191000,0.11544025,0.12097459,0.00000000,0.00000000,0.00000000,0.00000000,0
4192000,0.11297241,0.00104947,0.96101449,-0.52023259,0.46177442,0.00000000,0
4193000,0.07990532,0.07293262,0.00000000,0.00000000,0.00000000,0.00000000,0
4194000,0.11616306,0.17024843,0.00000000,0.00000000,0.00000000,0.00000000,0
4195000,0.09263117,0.01745782,0.08444864,-0.17245955,0.00356579,0.01245875,0
4196000,0.07063702,0.05373961,-0.11995545,1.38502652,0.95914923,0.19013880,0
4197000,0.06740575,0.02033532,-0.07460402,0.07976933,0.00318157,0.04069674,0
4198000,0.07137435,0.02900963,0.04171009,0.57439502,0.16583468,0.04876183,0
4199000,0.08634061,0.04206331,0.34718259,1.34563849,0.96563935,0.07951746,0
4200000,0.11465401,0.01018873,0.00000000,0.00000000,0.00000000,0.00000000,0
4201000,0.09235917,0.07563093,-0.39721999,0.34750601,0.06038021,0.01089405,0
4202000,0.13821945,0.16930899,0.25326899,2.17513881,2.39768702,0.00408922,0
4203000,0.12872896,0.19290020,0.29767128,3.00105719,4.54747624,0.22313915,0
4204000,0.11831430,0.01912074,0.34536058,-0.23124915,0.05963697,0.00009039,0
4205000,0.06986100,0.07575579,-0.10540039,1.06261322,0.56457342,0.11845731,0
4206000,0.06980813,0.00961819,-0.08147268,-0.40072953,0.00000000,0.05797940,0
4207000,0.05764422,0.01744320,-0.20476769,-0.19329416,0.00000000,0.01354521,0
4208000,0.06087315,0.02085309,-0.15920206,-0.08771312,0.00000000,0.01416461,0
4209000,0.26593754,0.06370451,0.00000000,0.00000000,0.00000000,0.00000000,0
4210000,0.16986488,0.05886105,0.00000000,0.00000000,0.00000000,0.00000000,0
4211000,0.21539052,0.08967270,2.54665477,1.95767464,5.15897027,0.03158970,0
4212000,0.19961618,0.38304606,0.00000000,0.00000000,0.00000000,0.00000000,0
4213000,0.05468436,0.02398128,-0.34089853,-0.09249644,0.00000000,0.04763815,0
4214000,0.03961698,0.03537045,-0.54267510,0.33712809,0.05682768,0.03888429,0
4215000,0.10782631,0.04715465,0.43325864,0.85957482,0.46329096,0.02456834,0
4216000,0.04314813,0.04883962,-0.46355498,1.07128799,0.57382898,0.03448327,0
4217000,0.06208744,0.03672344,-0.14894526,0.70132693,0.24592973,0.42669281,0
4218000,0.09853553,0.06432512,0.00000000,0.00000000,0.00000000,0.00000000,0
4219000,0.06453159,0.03290169,-0.02467939,0.31369112,0.04920106,0.01391457,0
4220000,0.08923429,0.02938636,0.37888859,0.34171754,0.13016372,0.05387873,0
4221000,0.07705647,0.01467262,0.00000000,0.00000000,0.00000000,0.00000000,0
4222000,0.14717905,0.06042036,1.54695055,2.00321164,3.20295644,0.01202956,0
4223000,0.06532577,0.06281730,0.00000000,0.00000000,0.00000000,0.00000000,0
4224000,0.09380570,0.02200777,1.06174021,0.36342709,0.62968576,0.00000000,0
4225000,0.11227877,0.06460777,1.40038444,2.85975787,5.06964584,0.82128260,0
4226000,0.07235141,0.01451038,0.00000000,0.00000000,0.00000000,0.00000000,0
4227000,0.19474724,0.24065191,0.00000000,0.00000000,0.00000000,0.00000000,0
4228000,0.08047908,0.02697697,0.42290640,0.46378984,0.19697542,0.47959699,0
4229000,0.08125202,0.15475738,0.00000000,0.00000000,0.00000000,0.00000000,0
4230000,0.08192903,0.01598239,0.74954460,-0.06827986,0.28090855,0.36526901,0
4231000,0.07121564,0.02135105,0.56346256,0.29079739,0.20102659,0.19712145,0
4232000,0.04943463,0.00504819,-0.01157597,-0.61580880,0.00000000,0.74855522,0
4233000,0.05143767,0.01576000,0.06838399,0.04956753,0.00356665,0.31875339,0
4234000,0.06136199,0.05273229,0.40906564,2.55252111,3.34134936,0.25034780,0
4235000,0.17270631,0.04336824,0.00000000,0.00000000,0.00000000,0.00000000,0
4236000,0.11541133,0.01968818,0.74399289,0.07108705,0.27928940,0.06772854,0
4237000,0.04949756,0.04124502,-0.23824829,1.47771550,1.09182155,0.46623212,0
4238000,0.04658255,0.04078862,-0.29783894,1.63846378,1.34228178,0.38444332,0
4239000,0.11511908,0.11692999,0.00000000,0.00000000,0.00000000,0.00000000,0
4240000,0.06025330,0.09215236,-0.04968902,1.96691904,1.93438525,0.17823290,0
4241000,0.10151110,0.09816932,0.00000000,0.00000000,0.00000000,0.00000000,0
4242000,0.07748089,0.01073729,0.00000000,0.00000000,0.00000000,0.00000000,0
4243000,0.07065175,0.01060538,0.01074455,-0.42838236,0.00005772,0.07507794,0
4244000,0.07075201,0.05959129,0.15606332,2.22277494,2.48254210,0.19019360,0
4245000,0.06372987,0.00708639,0.08667592,-0.55601281,0.00375636,0.99477563,0
4246000,0.04827198,0.01665279,-0.25620607,0.05086650,0.00129370,0.35040856,0
4247000,0.09410045,0.01851252,0.99473817,0.21166673,0.51715341,0.58303786,0
4248000,0.04372168,0.01953821,0.00000000,0.00000000,0.00000000,0.00000000,0
4249000,0.06998142,0.04765241,-0.27397055,0.56702015,0.16075592,0.01863709,0
4250000,0.08090054,0.05810633,-0.02707791,1.17136638,0.68604959,0.14967514,0
4251000,0.06323150,0.03363767,-0.17065010,0.49635352,0.12318341,0.07820690,0
4252000,0.07731749,0.00564098,0.05776207,-0.57508550,0.00166823,0.11008237,0
4253000,0.04569469,0.03683958,-0.40238281,0.78563058,0.30860770,0.14075071,0
4254000,0.32954827,0.04110935,4.32806065,1.05744381,9.92514819,0.21390514,0
4255000,0.05321509,0.00729741,-0.27025430,-0.52849752,0.00000000,0.36092161,0
4256000,0.14018989,0.03415596,0.00000000,0.00000000,0.00000000,0.00000000,0
4257000,0.09697796,0.02662661,0.36189998,0.10530143,0.07102999,0.01135823,0
4258000,0.08654612,0.06835254,0.31337819,1.58901983,1.31159495,0.34669260,0
4259000,0.08826634,0.02921513,0.41155899,0.36298950,0.15057109,0.07799756,0
4260000,0.08651353,0.02671228,0.44464829,0.33025149,0.15338907,0.07341556,0
4261000,0.10602657,0.09094549,0.00000000,0.00000000,0.00000000,0.00000000,0
4262000,0.07808194,0.04874099,0.08033118,0.99626510,0.49949863,0.14073173,0
4263000,0.08217971,0.06133905,0.00000000,0.00000000,0.00000000,0.00000000,0
4264000,0.07231834,0.03265791,-0.14720824,0.20259965,0.02052331,0.07467449,0
4265000,0.07667826,0.10773788,-0.00249452,3.07364701,4.72365297,0.40383277,0
4266000,0.09297381,0.01331069,0.36558818,-0.32172882,0.06682736,0.25638480,0
4267000,0.08384486,0.00877887,0.00000000,0.00000000,0.00000000,0.00000000,0
4268000,0.05629829,0.01152791,-0.47407961,-0.53595040,0.00000000,0.04469216,0
4269000,0.06774602,0.02041593,-0.22883322,-0.00892788,0.00000000,0.10013367,0
4270000,0.08692928,0.01275990,0.22181316,-0.36303765,0.02460054,0.25847266,0
4271000,0.13674359,0.03245971,1.37008893,0.85408631,1.30330355,0.67786788,0
4272000,0.07575143,0.05927857,0.11326844,2.62415849,3.44951876,1.10491472,0
4273000,0.05572750,0.04652612,-0.32627224,1.92595902,1.85465907,1.33649873,0
4274000,0.09827697,0.00397613,0.00000000,0.00000000,0.00000000,0.00000000,0
4275000,0.05662222,0.02147438,-0.45314357,-0.10095160,0.00000000,0.24713226,0
4276000,0.06189390,0.01341947,0.00000000,0.00000000,0.00000000,0.00000000,0
4277000,0.07928230,0.02156842,0.03371915,0.02503571,0.00088188,0.21870708,0
4278000,0.07193033,0.02802791,-0.02935013,0.42127894,0.08873797,0.19582209,0
4279000,0.06936491,0.00584164,-0.03424080,-0.68502025,0.00000000,0.49851788,0
4280000,0.05719822,0.00723124,-0.28666975,-0.62241440,0.00000000,0.74726595,0
4281000,0.06856232,0.04504013,0.00411618,1.63075196,1.32968445,0.78937758,0
4282000,0.07744030,0.04203378,0.00000000,0.00000000,0.00000000,0.00000000,0
4283000,0.06052760,0.05711667,-0.37068790,1.82649796,1.66804741,0.11080132,0
4284000,0.07449359,0.04858640,-0.05211117,1.73293193,1.50152653,0.77499588,0
4285000,0.05628687,0.04699896,0.00000000,0.00000000,0.00000000,0.00000000,0
4286000,0.05327751,0.01619087,-0.44335767,-0.16372471,0.00000000,0.08795189,0
4287000,0.06854672,0.06107968,-0.11337088,2.07728780,2.15756231,0.71903602,0
4288000,0.06841365,0.00394886,0.00000000,0.00000000,0.00000000,0.00000000,0
4289000,0.05222937,0.05227014,-0.42654166,1.98009907,1.96039616,0.56469393,0
4290000,0.07154302,0.02283307,0.00000000,0.00000000,0.00000000,0.00000000,0
4291000,0.08837264,0.01653113,-0.15431377,-0.40875323,0.00000000,0.04334926,0
4292000,0.04839800,0.01617030,-0.59205160,-0.29816894,0.00000000,0.11578115,0
4293000,0.07714551,0.00815932,-0.08163957,-0.59237587,0.00000000,0.18410948,0
4294000,0.08230986,0.05399226,0.06402158,1.68174305,1.41617923,0.43962612,0
4295000,0.08172183,0.04085923,0.11465331,1.12836303,0.64317426,0.25245023,0
4296000,0.11489958,0.01708366,0.00000000,0.00000000,0.00000000,0.00000000,0
4297000,0.06120894,0.01043949,-0.26552378,-0.45402955,0.00000000,0.14491995,0
4298000,0.06299162,0.01122263,-0.13280679,-0.36767119,0.00000000,0.34808139,0
4299000,0.05315932,0.01169813,-0.26868403,-0.32462670,0.00000000,0.29692621,0
4300000,0.04778120,0.00782636,-0.37019877,-0.54236179,0.00000000,0.82516575,0
4301000,0.05740329,0.03059204,-0.14289492,0.88634822,0.39280659,0.32061827,0
4302000,0.08926108,0.03741604,0.00000000,0.00000000,0.00000000,0.00000000,0
4303000,0.07039779,0.02910321,-0.16065854,0.50424553,0.12713178,0.14225683,0
4304000,0.07026618,0.00026632,-0.08294356,-1.03718418,0.00000000,0.27422780,0
4305000,0.20282724,0.19430210,0.00000000,0.00000000,0.00000000,0.00000000,0
4306000,0.06892664,0.00263636,-0.07148441,-0.73444639,0.00000000,0.35021240,0
4307000,0.07408386,0.02461367,0.07538816,0.33019415,0.05735578,0.42482002,0
4308000,0.07048976,0.01636592,0.07734372,-0.05377783,0.00299103,0.89395243,0
4309000,0.09204961,0.08525195,0.00000000,0.00000000,0.00000000,0.00000000,0
4310000,0.08132468,0.02080462,0.09751756,0.05687692,0.00637233,0.05543931,0
4311000,0.09995051,0.02536281,0.00000000,0.00000000,0.00000000,0.00000000,0
4312000,0.08233561,0.03318842,-0.00856977,0.55277229,0.15277860,0.23177675,0
4313000,0.06397233,0.00273409,-0.19112283,-0.88508311,0.00000000,0.68193626,0
4314000,0.05164105,0.02562554,0.00000000,0.00000000,0.00000000,0.00000000,0
4315000,0.06913479,0.01041037,-0.06344543,-0.41391589,0.00000000,0.61536187,0
4316000,0.07353969,0.03928247,0.11557042,1.44348189,1.04849825,0.46673803,0
4317000,0.03391808,0.01675353,0.00000000,0.00000000,0.00000000,0.00000000,0
4318000,0.10458888,0.04917754,0.75492863,2.02825870,2.34187530,0.45767071,0
4319000,0.07630920,0.03048835,0.00000000,0.00000000,0.00000000,0.00000000,0
4320000,0.06200262,0.00626116,-0.28166371,-0.65011906,0.00000000,1.99606377,0
4321000,0.08731788,0.02112976,0.00000000,0.00000000,0.00000000,0.00000000,0
4322000,0.07717037,0.03518795,0.02541304,0.59661694,0.17829880,0.50971894,0
4323000,0.10857107,0.00975532,0.00000000,0.00000000,0.00000000,0.00000000,0
4324000,0.08139976,0.03151257,0.03902285,0.46608599,0.10937947,0.00836374,0
4325000,0.04837712,0.01210725,-0.37042860,-0.34181085,0.00000000,0.16559621,0
4326000,0.07993525,0.00070993,0.21619974,-0.96020598,0.02337116,0.11888268,0
4327000,0.07171205,0.06460583,0.00000000,0.00000000,0.00000000,0.00000000,0
4328000,0.07249355,0.05232590,-0.10046861,1.32898047,0.88309454,0.01544817,0
4329000,0.06648549,0.01211030,-0.12787289,-0.37162686,0.00000000,0.20111660,0
4330000,0.08258439,0.05177655,0.26082633,1.89461066,1.82878996,0.89958138,0
4331000,0.06206148,0.05980352,0.00000000,0.00000000,0.00000000,0.00000000,0
4332000,0.09415273,0.08530284,0.00000000,0.00000000,0.00000000,0.00000000,0
4333000,0.08539951,0.02506150,0.03333385,0.22715809,0.02635597,0.32861371,0
4334000,0.07334177,0.00548059,-0.01465792,-0.69454280,0.00000000,0.55548585,0
4335000,0.06005021,0.01989954,-0.19107979,0.15936653,0.01269885,0.17466404,0
4336000,0.07841656,0.01742912,0.27571835,0.05251587,0.03938926,0.72007795,0
4337000,0.27737275,0.02509013,0.00000000,0.00000000,0.00000000,0.00000000,0
4338000,0.06420766,0.02412532,0.00000000,0.00000000,0.00000000,0.00000000,0
4339000,0.04271325,0.05858957,-0.46920472,2.57977368,3.32761612,2.01282966,0
4340000,0.06862219,0.00660628,0.00000000,0.00000000,0.00000000,0.00000000,0
4341000,0.07495689,0.04441102,0.06829568,0.98680310,0.48922233,0.34456933,0
4342000,0.06817282,0.04977983,0.02348174,1.46803329,1.07783657,0.15765976,0
4343000,0.07531611,0.00092239,0.24471278,-0.86613928,0.02994217,0.55420397,0
4344000,0.07162230,0.05552876,0.21302294,2.16516867,2.36666707,0.73377058,0
4345000,0.04784516,0.03244169,0.00000000,0.00000000,0.00000000,0.00000000,0
4346000,0.07165058,0.02391395,0.07244658,0.12501488,0.01043861,0.13866090,0
4347000,0.06270806,0.06590849,-0.01291283,1.82939276,1.67333893,0.57893450,0
4348000,0.06156444,0.03485677,0.00542448,0.72367109,0.26186464,0.20822574,0
4349000,0.08046112,0.01813026,0.00000000,0.00000000,0.00000000,0.00000000,0
4350000,0.07404873,0.01128951,0.19768229,-0.34036079,0.01953914,0.42663697,0
4351000,0.06947883,0.04934206,0.00000000,0.00000000,0.00000000,0.00000000,0
4352000,0.05619179,0.03200866,-0.31513112,0.80393067,0.32315226,0.59035802,0
4353000,0.07358208,0.05641627,0.00000000,0.00000000,0.00000000,0.00000000,0
4354000,0.08841793,0.00082955,0.00000000,0.00000000,0.00000000,0.00000000,0
4355000,0.07178847,0.01969170,0.02324838,0.06032482,0.00208979,0.05751541,0
4356000,0.04947678,0.03044705,-0.30810636,0.73107175,0.26723295,0.15545945,0
4357000,0.11048359,0.02577003,1.03811233,0.56108679,0.69624780,0.90414346,0
4358000,0.06497255,0.01125306,0.00000000,0.00000000,0.00000000,0.00000000,0
4359000,0.08497076,0.03615954,0.32751218,1.22826536,0.80795001,0.27375933,0
4360000,0.05595581,0.00315824,0.00000000,0.00000000,0.00000000,0.00000000,0
4361000,0.04647639,0.01249232,-0.46370422,-0.32006276,0.00000000,0.46329670,0
4362000,0.05987244,0.01240895,0.00000000,0.00000000,0.00000000,0.00000000,0
4363000,0.07495762,0.03693907,0.10256551,1.27265199,0.81508138,0.15526679,0
4364000,0.06915651,0.00300485,0.00000000,0.00000000,0.00000000,0.00000000,0
4365000,0.06796096,0.02950931,0.06474692,0.87775308,0.38732131,0.30707302,0
4366000,0.05840465,0.02751911,0.00000000,0.00000000,0.00000000,0.00000000,0
4367000,0.13718247,0.08181612,0.00000000,0.00000000,0.00000000,0.00000000,0
4368000,0.03755906,0.02814633,-0.61220057,0.43766980,0.09577743,0.00000000,0
4369000,0.07377223,0.01812470,0.14610363,0.01167307,0.01074127,0.29364112,0
4370000,0.06084862,0.03500994,-0.08701117,1.22883562,0.75501849,0.24926474,0
4371000,0.05972808,0.02168720,-0.06531823,0.37625973,0.07078569,1.05400637,0
4372000,0.09330916,0.01404481,0.00000000,0.00000000,0.00000000,0.00000000,0
4373000,0.06084276,0.04892458,-0.04597598,2.32238818,2.69674344,1.42154194,0
4374000,0.11233704,0.06544033,0.00000000,0.00000000,0.00000000,0.00000000,0
4375000,0.06555511,0.00679476,-0.07892091,-0.68532769,0.00000000,0.14745338,0
4376000,0.06796729,0.04352295,0.03576225,1.89173790,1.78997561,0.96858679,0
4377000,0.07158012,0.00129875,0.16743507,-1.09604009,0.01401725,0.34680220,0
4378000,0.05261160,0.02782124,0.00000000,0.00000000,0.00000000,0.00000000,0
4379000,0.07648591,0.03737826,0.00000000,0.00000000,0.00000000,0.00000000,0
4380000,0.06106522,0.00027442,-0.12768508,-1.03563831,0.00000000,0.34405961,0
4381000,0.05716339,0.00563050,-0.15471256,-0.73000388,0.00000000,0.33246923,0
4382000,0.05759496,0.03083337,-0.08363201,0.95744514,0.45835060,0.23612216,0
4383000,0.04716631,0.00035051,-0.31414889,-1.10246723,0.00000000,0.53785150,0
4384000,0.05946217,0.00188513,0.01599565,-1.01119138,0.00012793,0.56434177,0
4385000,0.05270140,0.01492121,0.00000000,0.00000000,0.00000000,0.00000000,0
4386000,0.05058444,0.04571214,-0.19143410,2.14615640,2.30299364,0.15423008,0
4387000,0.06287467,0.03132609,0.00000000,0.00000000,0.00000000,0.00000000,0
4388000,0.08127954,0.01582917,0.23106080,-0.16810695,0.02669455,0.21521523,0
4389000,0.06631406,0.09387369,0.00000000,0.00000000,0.00000000,0.00000000,0
4390000,0.12203506,0.11443241,1.00347510,4.76641845,11.86285357,0.40463408,0
4391000,0.06083943,0.01890225,-0.00258434,0.11659455,0.00679714,0.64057216,0
4392000,0.03222252,0.00513188,-0.61298342,-0.69833478,0.00000000,0.35739481,0
4393000,0.10298736,0.05465894,1.04691843,2.53993452,3.77365280,0.76717745,0
4394000,0.04383360,0.03377115,-0.34173838,1.23284426,0.75995249,0.62967653,0
4395000,0.06800324,0.01884261,0.28810004,0.23723269,0.06964049,0.67474093,0
4396000,0.06678683,0.02347084,0.27562824,0.59608162,0.21564211,0.73300870,0
4397000,0.05136498,0.01599652,0.00000000,0.00000000,0.00000000,0.00000000,0
4398000,0.06957678,0.02927724,0.18747120,0.98342185,0.50113199,0.37668177,0
4399000,0.05303669,0.00903662,0.00000000,0.00000000,0.00000000,0.00000000,0
4400000,0.04077359,0.00677586,-0.36817020,-0.50815676,0.00000000,0.06481226,0
4401000,0.07239617,0.00619765,0.20862279,-0.57397829,0.02176173,0.13563495,0
4402000,0.06947740,0.00142127,0.21175604,-0.86900909,0.02242031,0.13034262,0
4403000,0.05834898,0.00311076,0.00000000,0.00000000,0.00000000,0.00000000,0
4404000,0.10623254,0.00637873,0.80126148,-0.66991914,0.32100998,0.34604903,0
4405000,0.05982861,0.03904216,-0.03470169,1.35998469,0.92477918,0.38604055,0
4406000,0.06330379,0.04484658,0.11422875,1.93216943,1.87316345,0.91279486,0
4407000,0.04996804,0.02066601,-0.18955425,0.33843328,0.05726854,0.73020653,0
4408000,0.06835281,0.00170929,0.00000000,0.00000000,0.00000000,0.00000000,0
4409000,0.05433651,0.00346461,-0.13884709,-0.90080326,0.00000000,0.16043798,0
4410000,0.06081270,0.07544464,0.00000000,0.00000000,0.00000000,0.00000000,0
4411000,0.07586276,0.04341092,0.33025059,1.73882746,1.56629319,0.80362244,0
4412000,0.07262558,0.03125751,0.36164777,1.13242583,0.70658869,0.12787579,0
4413000,0.10123563,0.05323648,0.00000000,0.00000000,0.00000000,0.00000000,0
4414000,0.04909547,0.00230580,0.00000000,0.00000000,0.00000000,0.00000000,0
4415000,0.05425266,0.07116364,-0.27825421,3.28441591,5.39369392,0.10338859,0
4416000,0.07439815,0.02035150,0.00000000,0.00000000,0.00000000,0.00000000,0
4417000,0.05984272,0.02835553,-0.04860889,0.82925207,0.34382950,1.02034365,0
4418000,0.07375034,0.00623393,0.00000000,0.00000000,0.00000000,0.00000000,0
4419000,0.06779098,0.02928848,0.03254130,0.72459227,0.26304645,0.26511393,0
4420000,0.05216993,0.01913243,0.00000000,0.00000000,0.00000000,0.00000000,0
4421000,0.09958720,0.03864420,0.67384556,1.39581965,1.20119017,0.17716321,0
4422000,0.09851587,0.06308994,0.83625473,3.42714761,6.22233137,0.42979832,0
4423000,0.07798923,0.00208074,0.44265984,-1.11474985,0.09797387,0.97728517,0
4424000,0.07684910,0.04114033,0.00000000,0.00000000,0.00000000,0.00000000,0
4425000,0.04764743,0.03523559,-0.39656666,1.11479475,0.62138366,0.33577259,0
4426000,0.04737759,0.03192597,-0.41669171,0.99500003,0.49501253,1.29846526,0
4427000,0.28744245,0.02658792,5.34650505,0.74492362,14.57001372,0.72779880,0
4428000,0.09714311,0.08532854,0.00000000,0.00000000,0.00000000,0.00000000,0
4429000,0.07717841,0.02326336,-0.08953742,-0.02464138,0.00000000,1.55234714,0
4430000,0.06018318,0.01942448,-0.24650635,-0.09791374,0.00000000,0.14293139,0
4431000,0.06736021,0.01414962,-0.10319841,-0.27847266,0.00000000,0.28314909,0
4432000,0.08868386,0.04022864,0.00000000,0.00000000,0.00000000,0.00000000,0
4433000,0.11338800,0.01076194,0.32981642,-0.46375067,0.05438944,0.14458401,0
4434000,0.05875394,0.03874857,-0.27635078,0.94218235,0.44385379,0.14114208,0
4435000,0.05920108,0.00035885,-0.25839271,-1.05236285,0.00000000,0.38624851,0
4436000,0.05055328,0.00003542,-0.38607679,-1.09584289,0.00000000,0.25353581,0
4437000,0.12099728,0.02741723,0.87807246,0.55383892,0.53887440,0.73479248,0
4438000,0.09385651,0.03259306,0.42985912,0.91086986,0.50723138,0.50980886,0
4439000,0.07626059,0.07070252,0.00000000,0.00000000,0.00000000,0.00000000,0
4440000,0.08105917,0.09982222,0.27378453,4.45487423,9.96043118,0.36246961,0
4441000,0.04148827,0.05335826,-0.51480917,2.16868110,2.35158886,0.86298017,0
4442000,0.06425205,0.00184641,0.04485511,-1.00104247,0.00100599,0.52753611,0
4443000,0.07574297,0.04600685,0.36969710,2.00291410,2.07417042,1.16198521,0
4444000,0.09735479,0.00423197,0.00000000,0.00000000,0.00000000,0.00000000,0
4445000,0.04842118,0.03231855,-0.37230296,1.13886629,0.64850821,0.86897762,0
4446000,0.06517460,0.06843451,0.00000000,0.00000000,0.00000000,0.00000000,0
4447000,0.05490738,0.00879091,-0.21000393,-0.51939395,0.00000000,0.33650333,0
4448000,0.07465665,0.04714395,0.21362448,1.86512573,1.76216470,0.34035240,0
4449000,0.06112896,0.01664608,0.00143777,0.00885346,0.00004023,0.41711019,0
4450000,0.06568490,0.05083346,0.14274614,2.43024193,2.96322615,0.19111815,0
4451000,0.08792154,0.00792749,0.00000000,0.00000000,0.00000000,0.00000000,0
4452000,0.08277632,0.05553938,0.45384210,3.31130311,5.58535048,0.87035072,0
4453000,0.04908128,0.01963349,0.00000000,0.00000000,0.00000000,0.00000000,0
4454000,0.06994905,0.01202407,0.19100556,-0.26183711,0.01824156,0.84120449,0
4455000,0.05216602,0.07416003,-0.16148360,4.96382936,12.31980095,1.09001781,0
4456000,0.06234081,0.02135638,0.00000000,0.00000000,0.00000000,0.00000000,0
4457000,0.05589542,0.03899266,-0.13045485,1.66795534,1.39103751,0.52348507,0
4458000,0.05149399,0.02790123,-0.18169632,0.98424204,0.48436619,0.90349353,0
4459000,0.09726895,0.04515387,1.00263019,2.47978327,3.57729618,1.33017215,0
4460000,0.04993742,0.03303773,0.00000000,0.00000000,0.00000000,0.00000000,0
4461000,0.03974461,0.03480410,-0.50783554,1.25435442,0.78670250,0.34356533,0
4462000,0.06915342,0.01572324,0.00000000,0.00000000,0.00000000,0.00000000,0
4463000,0.08041361,0.07316009,0.31365366,3.34434704,5.64151788,0.57575888,0
4464000,0.08868653,0.03088680,0.00000000,0.00000000,0.00000000,0.00000000,0
4465000,0.06786159,0.05193008,-0.01627664,1.87605125,1.75978415,0.12822427,0
4466000,0.04817349,0.00453131,-0.32162657,-0.77206623,0.00000000,0.23788853,0
4467000,0.07704350,0.01381934,0.35140218,-0.18246611,0.06174175,1.37415367,0
4468000,0.08434390,0.05839836,0.00000000,0.00000000,0.00000000,0.00000000,0
4469000,0.06271908,0.00806580,-0.06176677,-0.59460246,0.00000000,0.40489415,0
4470000,0.08458812,0.02554103,0.43367919,0.70774215,0.34448829,0.43275362,0
4471000,0.05369304,0.05131981,-0.15185459,2.80834841,3.94341039,0.32509757,0
4472000,0.07415292,0.02531939,0.33670213,0.81014764,0.38485376,0.77735921,0
4473000,0.05416366,0.00777592,0.00000000,0.00000000,0.00000000,0.00000000,0
4474000,0.05448437,0.00208967,-0.25462944,-0.94261776,0.00000000,0.07215780,0
4475000,0.06351954,0.01922446,-0.01778393,0.13930643,0.00970314,0.38284138,0
4476000,0.04619297,0.01531548,-0.32743289,-0.09291280,0.00000000,0.73748399,0
4477000,0.07319476,0.04826999,0.27572753,2.33425677,2.76239017,0.34469561,0
4478000,0.11218909,0.02996678,0.00000000,0.00000000,0.00000000,0.00000000,0
4479000,0.09304582,0.00921843,0.36713297,-0.58619627,0.06739331,0.33949854,0
4480000,0.04497197,0.02752273,-0.39398760,0.76622792,0.29355261,0.19097927,0
4481000,0.05481918,0.04212467,-0.15360616,1.96942067,1.93930889,0.24114736,0
4482000,0.06178823,0.05573115,0.00000000,0.00000000,0.00000000,0.00000000,0
4483000,0.05275698,0.01539665,-0.31221929,-0.15465351,0.00000000,0.33588476,0
4484000,0.06471092,0.03351757,-0.00853403,1.05919509,0.56094712,0.87164852,0
4485000,0.06436279,0.04152201,0.03484118,1.74258268,1.51890415,1.01186097,0
4486000,0.09012172,0.04366091,0.00000000,0.00000000,0.00000000,0.00000000,0
4487000,0.07639716,0.02112002,0.02747456,0.01188357,0.00044804,0.17991062,0
4488000,0.08556169,0.00342599,0.25863844,-0.68902957,0.03344692,0.37326392,0
4489000,0.07761107,0.02455017,0.19335156,0.27466695,0.05641338,0.18712986,0
4490000,0.07403226,0.07383303,0.00000000,0.00000000,0.00000000,0.00000000,0
4491000,0.04594243,0.02568873,-0.39906406,0.59027393,0.17421166,0.37766879,0
4492000,0.07450476,0.08096396,0.00000000,0.00000000,0.00000000,0.00000000,0
4493000,0.06818665,0.10256972,-0.15871755,1.64688561,1.35611611,0.10442452,0
4494000,0.08279014,0.05856279,0.15036979,0.99621035,0.50752306,0.09100237,0
4495000,0.06139084,0.02048545,-0.10282137,-0.01610378,0.00000000,0.04567040,0
4496000,0.10901882,0.03277316,0.77232310,0.47088665,0.40910860,0.16744187,0
4497000,0.07978610,0.02791593,0.28516577,0.34073041,0.09870836,0.43224250,0
4498000,0.06376003,0.03444518,-0.00371534,0.65089766,0.21183388,0.33952517,0
4499000,0.06900458,0.02242277,0.00000000,0.00000000,0.00000000,0.00000000,0
4500000,0.04779065,0.01616058,-0.42515231,-0.17090657,0.00000000,0.55740667,0
4501000,0.07223499,0.06432677,0.08143921,2.78945019,3.89383235,0.66476313,0
4502000,0.06578045,0.03102630,-0.00983187,0.87223644,0.38039820,0.70459812,0
4503000,0.07915839,0.03291590,0.34115280,1.06926707,0.62985864,0.99885451,0
4504000,0.04246597,0.01575773,0.00000000,0.00000000,0.00000000,0.00000000,0
4505000,0.05841321,0.04960745,-0.16751724,2.14809758,2.30716161,0.49868033,0
4506000,0.03711095,0.00552096,0.00000000,0.00000000,0.00000000,0.00000000,0
4507000,0.06051648,0.01978761,-0.08305869,0.25514998,0.03255076,0.35902780,0
4508000,0.06076747,0.00886775,-0.01864948,-0.50519689,0.00000000,1.22580673,0
4509000,0.06165734,0.04599199,0.06517939,2.49901825,3.12467028,0.50739142,0
4510000,0.10382638,0.02432333,0.00000000,0.00000000,0.00000000,0.00000000,0
4511000,0.08021253,0.04902038,0.16271596,1.56469209,1.23736891,0.11893236,0
4512000,0.07051916,0.02943799,0.11328910,0.71085027,0.25907126,0.16455113,0
4513000,0.10378192,0.02221950,0.00000000,0.00000000,0.00000000,0.00000000,0
4514000,0.08045845,0.02717122,0.17728012,0.49276303,0.13712183,0.55033541,0
4515000,0.12768458,0.03341031,0.00000000,0.00000000,0.00000000,0.00000000,0
4516000,0.04808277,0.01430203,-0.40878359,-0.19675865,0.00000000,0.20439012,0
4517000,0.05287523,0.03002189,0.00000000,0.00000000,0.00000000,0.00000000,0
4518000,0.08669122,0.02361238,0.20677304,0.14102481,0.03132154,0.20139544,0
4519000,0.09726618,0.02214734,0.50663359,0.15699034,0.14066178,1.65976251,0
4520000,0.07066227,0.00163115,0.07952526,-0.82649101,0.00316213,0.42863025,0
4521000,0.08977477,0.00065247,0.54299498,-0.92018144,0.14742177,0.25227190,0
4522000,0.04738601,0.01476219,-0.34778659,-0.12281172,0.00000000,0.33362528,0
4523000,0.07050418,0.02517920,0.20725743,0.52310389,0.15829666,0.87934823,0
4524000,0.06847812,0.03162256,0.19504467,0.97715868,0.49644075,0.72631582,0
4525000,0.07332936,0.02560310,0.33983391,0.62748408,0.25461168,1.52868524,0
4526000,0.05684755,0.05356028,-0.06208165,2.52956225,3.19934258,0.72924053,0
4527000,0.06571757,0.05571369,0.00000000,0.00000000,0.00000000,0.00000000,0
4528000,0.05260765,0.02584663,-0.23619243,0.43265919,0.09359699,0.28284319,0
4529000,0.06088132,0.03645482,-0.00468991,1.19435663,0.71324388,0.90357451,0
4530000,0.05401378,0.03248452,-0.14660087,1.06403156,0.56608158,0.87391151,0
4531000,0.05519834,0.01483756,-0.10096215,-0.08747288,0.00000000,0.58245969,0
4532000,0.06791551,0.01060780,0.00000000,0.00000000,0.00000000,0.00000000,0
4533000,0.05699810,0.02361148,-0.20199183,0.41341563,0.08545624,0.68748744,0
4534000,0.09887359,0.06779660,0.75529565,3.68589485,7.07814620,0.87337036,0
4535000,0.07940320,0.02998345,0.00000000,0.00000000,0.00000000,0.00000000,0
4536000,0.08441295,0.01035305,0.12006060,-0.46358405,0.00720727,0.33000063,0
4537000,0.05640512,0.04677607,-0.25191699,1.41666887,1.00347535,0.67978158,0
4538000,0.06620525,0.02314206,-0.04361159,0.27031731,0.03653572,1.55958172,0
4539000,0.10335045,0.06421202,0.00000000,0.00000000,0.00000000,0.00000000,0
4540000,0.09828051,0.01286471,0.14737812,-0.39952613,0.01086016,0.03718109,0
4541000,0.09811196,0.05427170,0.31592565,1.51924803,1.20396180,0.43393427,0
4542000,0.04356968,0.01636283,-0.47496993,-0.15942702,0.00000000,0.40979782,0
4543000,0.07692238,0.02216318,0.11254855,0.18494339,0.02343562,0.44145709,0
4544000,0.10642412,0.00045015,0.00000000,0.00000000,0.00000000,0.00000000,0
4545000,0.07044187,0.00603838,-0.09716094,-0.66252525,0.00000000,0.29072646,0
4546000,0.06583383,0.03576899,-0.06495708,1.05110545,0.55241134,1.68726916,0
4547000,0.06428021,0.03401685,0.00000000,0.00000000,0.00000000,0.00000000,0
4548000,0.05838576,0.01414805,-0.19435899,-0.19507474,0.00000000,0.36458551,0
4549000,0.05615094,0.01971564,-0.19329031,0.27277075,0.03720194,1.43442274,0
4550000,0.05066392,0.01817253,-0.27707364,0.20015868,0.02003175,1.44370709,0
4551000,0.06465705,0.03256503,0.08076123,1.40138533,0.98520161,1.34659039,0
4552000,0.06435066,0.04796927,0.09035288,2.75140307,3.78919125,1.19282205,0
4553000,0.25636706,0.06542478,0.00000000,0.00000000,0.00000000,0.00000000,0
4554000,0.09075474,0.00444854,-0.08884797,-0.53049740,0.00000000,0.03433306,0
4555000,0.07351016,0.02961968,-0.14843483,0.07616189,0.00290032,0.00825214,0
4556000,0.07693276,0.00235598,-0.07926633,-0.59414830,0.00000000,0.09303988,0
4557000,0.07009409,0.04368141,-0.11958416,0.66020871,0.21793777,0.06629832,0
4558000,0.06857768,0.00874858,-0.11935471,-0.42197551,0.00000000,0.08247135,0
4559000,0.05432533,0.02001437,-0.28497500,-0.03327192,0.00000000,0.18830729,0
4560000,0.03720421,0.00176163,-0.51313822,-0.69500943,0.00000000,0.14168883,0
4561000,0.10279005,0.01550987,0.00000000,0.00000000,0.00000000,0.00000000,0
4562000,0.05901000,0.01869907,-0.28335274,-0.09715168,0.00000000,0.36750965,0
4563000,0.10199410,0.03252403,0.00000000,0.00000000,0.00000000,0.00000000,0
4564000,0.05218380,0.03957555,-0.38596029,1.25132408,0.78290597,0.38182795,0
4565000,0.03966559,0.01543923,-0.59293315,-0.10925244,0.00000000,0.63535706,0
4566000,0.10623084,0.04568876,0.87792446,2.10367303,2.59809579,1.62948054,0
4567000,0.04572699,0.00638260,-0.43348764,-0.71764368,0.00000000,0.91231918,0
4568000,0.07356697,0.00268435,0.00000000,0.00000000,0.00000000,0.00000000,0
4569000,0.07502498,0.05072825,-0.01389931,1.58818950,1.26117295,0.26735288,0
4570000,0.06983808,0.02842487,-0.01315000,0.61804092,0.19098729,0.38576722,0
4571000,0.06003505,0.00347260,-0.15684026,-0.84934819,0.00000000,0.60014487,0
4572000,0.07498533,0.02367978,0.18421031,0.44474656,0.11586647,0.61510914,0
4573000,0.04287773,0.00502720,-0.48720676,-0.78126632,0.00000000,0.75092884,0
4574000,0.06681686,0.03772216,0.09257216,1.51883377,1.15771281,0.94267308,0
4575000,0.08687135,0.05602958,0.00000000,0.00000000,0.00000000,0.00000000,0
4576000,0.06914882,0.00716548,-0.16365393,-0.42366662,0.00000000,0.03164069,0
4577000,0.04352363,0.00230674,-0.44165667,-0.56229512,0.00000000,0.07524841,0
4578000,0.04043542,0.00124365,-0.47323282,-0.62201670,0.00000000,0.12891551,0
4579000,0.07224519,0.00564369,0.05646027,-0.48275574,0.00159388,0.19149847,0
4580000,0.08918732,0.01644757,0.00000000,0.00000000,0.00000000,0.00000000,0
4581000,0.05465009,0.03700738,-0.30958520,0.48587646,0.11803797,0.11896051,0
4582000,0.04834542,0.01874842,-0.35877934,-0.06625514,0.00000000,0.14569465,0
4583000,0.06735248,0.00838204,0.05404797,-0.50478413,0.00146059,0.58809822,0
4584000,0.05484467,0.05634041,0.00000000,0.00000000,0.00000000,0.00000000,0
4585000,0.05021351,0.00370360,-0.32652547,-0.80893469,0.00000000,0.42312913,0
4586000,0.06064767,0.01330372,-0.07846549,-0.24548653,0.00000000,1.13787616,0
4587000,0.04814439,0.01405730,-0.31365843,-0.16976627,0.00000000,0.64860156,0
4588000,0.04971918,0.02604301,-0.26801440,0.69001381,0.23805953,1.71732363,0
4589000,0.07432280,0.00256004,0.38807133,-0.97562167,0.07529968,1.53657064,0
4590000,0.03710236,0.00611201,-0.57233995,-0.72544080,0.00000000,1.00136599,0
4591000,0.04966591,0.04468134,-0.21442477,2.24255080,2.51451705,1.12025090,0
4592000,0.05421891,0.02016810,0.00000000,0.00000000,0.00000000,0.00000000,0
4593000,0.04485905,0.02266330,-0.43660398,0.31192742,0.04864936,0.32291886,0
4594000,0.03423589,0.01377593,-0.63698048,-0.17949659,0.00000000,0.53869085,0
4595000,0.08266982,0.03731405,0.53561967,1.45982086,1.20898268,0.95643605,0
4596000,0.06828672,0.08739499,0.23512940,5.15197114,13.29904624,1.35041204,0
4597000,0.05700485,0.00321842,-0.03505602,-0.91477284,0.00000000,1.91736940,0
4598000,0.05610272,0.04087359,-0.03581987,1.97900385,1.95822812,1.61357146,0
4599000,0.05942487,0.01696666,0.08189135,0.16179941,0.01644262,1.24692089,0
4600000,0.07489265,0.00201195,0.00000000,0.00000000,0.00000000,0.00000000,0
4601000,0.09314504,0.05219007,0.43793926,2.03879887,2.17424582,0.18415433,0
4602000,0.04714572,0.00218310,-0.30892017,-0.95829629,0.00000000,0.36540445,0
4603000,0.04000843,0.04384070,-0.44218443,2.07843215,2.15994011,0.52850943,0
4604000,0.10633542,0.04405667,1.15423501,2.25406436,3.20653231,0.80953619,0
4605000,0.04641202,0.01768907,-0.23801755,0.23380407,0.02733217,0.83543954,0
4606000,0.09031673,0.05291706,0.93258999,3.21187153,5.59292141,0.98475922,0
4607000,0.08452135,0.00278259,0.00000000,0.00000000,0.00000000,0.00000000,0
4608000,0.08851364,0.03842364,0.27650459,1.24753253,0.81639610,0.43735018,0
4609000,0.05933657,0.01315051,-0.10333051,-0.24569905,0.00000000,0.31724222,0
4610000,0.08520254,0.01174859,0.52197243,-0.31946945,0.13622761,0.68454413,0
4611000,0.04511444,0.06393544,0.00000000,0.00000000,0.00000000,0.00000000,0
4612000,0.08602487,0.02221830,0.46188250,0.44727990,0.20669738,0.50799384,0
4613000,0.07169972,0.03698374,0.29581372,1.78692817,1.64030902,1.57923122,0
4614000,0.06521113,0.04215758,0.00000000,0.00000000,0.00000000,0.00000000,0
4615000,0.04885813,0.05255695,-0.25305361,2.87393511,4.12975149,0.80924817,0
4616000,0.03114571,0.05061406,-0.62392963,2.97472538,4.42449555,1.04572590,0
4617000,0.08878686,0.01575151,0.76596216,0.13008411,0.30180995,1.00103469,0
4618000,0.05752737,0.03295805,0.04112545,1.69289585,1.43379383,1.73043116,0
4619000,0.06365481,0.02661534,0.23500361,1.17324544,0.71586577,2.19191599,0
4620000,0.05058804,0.01513851,0.00000000,0.00000000,0.00000000,0.00000000,0
4621000,0.05794084,0.00558953,-0.16111717,-0.75171531,0.00000000,0.87706375,0
4622000,0.07645606,0.00973770,0.26046860,-0.47168997,0.03392195,0.78893770,0
4623000,0.06976810,0.00040845,0.17451983,-1.13755280,0.01522859,0.94617795,0
4624000,0.11414985,0.05812316,0.00000000,0.00000000,0.00000000,0.00000000,0
4625000,0.06921116,0.03791211,-0.13198337,0.42130839,0.08875038,0.02206861,0
4626000,0.08330809,0.02445360,0.00000000,0.00000000,0.00000000,0.00000000,0
4627000,0.05261757,0.00482045,-0.34408121,-0.76923095,0.00000000,0.18507806,0
4628000,0.07115153,0.04056387,0.04246655,1.13692349,0.64719922,0.97618289,0
4629000,0.03844748,0.03664432,-0.55050285,1.05272948,0.55411968,0.43171196,0
4630000,0.06639994,0.00679089,0.03482765,-0.64478101,0.00060648,0.32690844,0
4631000,0.04226585,0.02650079,-0.44038358,0.61049126,0.18634979,0.57194833,0
4632000,0.04590759,0.02577192,-0.35672557,0.60065592,0.18039376,0.51894701,0
4633000,0.07683640,0.01489014,0.00000000,0.00000000,0.00000000,0.00000000,0
4634000,0.07729851,0.01827481,0.10481682,0.01055032,0.00554894,0.11351813,0
4635000,0.09210046,0.01957260,0.47559114,0.18047959,0.12937991,0.49741491,0
4636000,0.07174357,0.02675027,0.17951480,0.70336597,0.26347463,0.21744363,0
4637000,0.04014323,0.01230118,-0.43792758,-0.23090813,0.00000000,0.90664095,0
4638000,0.18931894,0.00369916,0.00000000,0.00000000,0.00000000,0.00000000,0
4639000,0.05882793,0.02953083,-0.17153796,0.33237667,0.05523713,0.19291128,0
4640000,0.07114935,0.01427678,0.08742567,-0.17353073,0.00382162,0.11322371,0
4641000,0.25400001,0.04228747,3.49286046,1.11369914,6.72020000,0.30348358,0
4642000,0.06290358,0.01746850,0.02169243,0.01825079,0.00040183,0.16110639,0
4643000,0.08151273,0.02602560,0.40669148,0.46208643,0.18946091,0.53618417,0
4644000,0.08656917,0.02568363,0.55566038,0.46469299,0.26234902,0.26104137,0
4645000,0.06696049,0.01805802,0.16682367,0.07949568,0.01707485,0.68816508,0
4646000,0.06020850,0.00162700,0.00000000,0.00000000,0.00000000,0.00000000,0
4647000,0.06867605,0.01071075,-0.09254945,-0.44452495,0.00000000,0.07427252,0
4648000,0.07104488,0.00726389,0.09018482,-0.64752323,0.00406665,0.34966847,0
4649000,0.06248347,0.02147816,0.01259136,0.38214973,0.07309848,0.24544405,0
4650000,0.07148762,0.03008168,0.24559408,1.06815409,0.60063480,0.53599510,0
4651000,0.06967557,0.03277797,0.00000000,0.00000000,0.00000000,0.00000000,0
4652000,0.07488485,0.01901054,0.00162541,-0.09741092,0.00000132,0.03998096,0
4653000,0.07982521,0.03959590,0.17187887,0.74336126,0.29106416,0.11119424,0
4654000,0.06188105,0.00958546,-0.03346944,-0.36076874,0.00000000,0.04192509,0
4655000,0.03775879,0.00140388,-0.41222495,-0.72428896,0.00000000,0.10226110,0
4656000,0.06561211,0.03716681,0.07686561,0.93306054,0.43825514,0.30429735,0
4657000,0.05551204,0.04541728,-0.08974005,1.40738104,0.99036070,0.15724731,0
4658000,0.05858386,0.00250827,-0.02126834,-0.74580239,0.00000000,0.43549072,0
4659000,0.11622457,0.06320948,1.14460801,2.47860063,3.72679429,0.36230575,0
4660000,0.04531171,0.02458973,-0.27380012,0.44103659,0.09725664,1.02580392,0
4661000,0.05333091,0.06796489,-0.10095099,2.91407533,4.24591753,0.66481130,0
4662000,0.07216282,0.05605593,0.30907341,2.29588067,2.68329722,0.70799502,0
4663000,0.06400204,0.00969301,0.15133706,-0.38242486,0.01145145,0.59987746,0
4664000,0.06260196,0.01666404,0.13496332,0.04239408,0.01000618,0.36067313,0
4665000,0.05891835,0.02171035,0.06300768,0.35903036,0.06643638,0.65397995,0
4666000,0.05523917,0.00351916,-0.00943466,-0.76424896,0.00000000,0.76673489,0
4667000,0.05794740,0.02770431,0.06590963,0.76555872,0.29521212,0.80990922,0
4668000,0.09087793,0.02843673,0.00000000,0.00000000,0.00000000,0.00000000,0
4669000,0.14910813,0.11015914,1.08999335,5.18867118,14.05519704,0.12966795,0
4670000,0.09614329,0.01294655,0.57316454,-0.21068712,0.16425880,0.42480775,0
4671000,0.05279098,0.01997425,-0.10526933,0.28618698,0.04095149,1.10096748,0
4672000,0.04516105,0.00116229,-0.24725761,-1.05594418,0.00000000,0.54087958,0
4673000,0.05619515,0.03064238,-0.00246800,1.22657419,0.75224213,0.58773938,0
4674000,0.13461755,0.00398275,1.75430405,-0.84469146,1.53879135,0.54337814,0
4675000,0.04514679,0.05770049,-0.19400108,3.61123976,6.52052632,0.55519534,0
4676000,0.04803894,0.03023924,-0.11107742,1.38602935,0.96053867,1.05026403,0
4677000,0.05891326,0.03374190,0.16676968,1.73226640,1.51427951,1.00798300,0
4678000,0.04419340,0.00800363,0.00000000,0.00000000,0.00000000,0.00000000,0
4679000,0.06012290,0.02280889,0.03497785,0.59358700,0.17678449,0.35247308,0
4680000,0.07004309,0.01506443,0.36671367,0.06911240,0.06962772,0.47346566,0
4681000,0.05299495,0.00735369,0.00000000,0.00000000,0.00000000,0.00000000,0
4682000,0.11622459,0.05913718,0.88862451,2.54611525,3.63617818,0.01636178,0
4683000,0.06222486,0.06396174,0.14240818,3.52239365,6.21376855,0.84998772,0
4684000,0.07726458,0.00540746,0.57040184,-0.70888300,0.16267913,0.59279933,0
4685000,0.34726951,0.01306427,0.00000000,0.00000000,0.00000000,0.00000000,0
4686000,0.09496954,0.04728053,-0.39812610,-0.11750768,0.00000000,0.00000064,0
4687000,0.07533934,0.00119203,-0.34682786,-0.56803572,0.00000000,0.00000000,0
4688000,0.07805029,0.05399083,-0.25286534,0.26154898,0.03420394,0.00170613,0
4689000,0.05286705,0.01959017,-0.38919599,-0.21627851,0.00000000,0.00008151,0
4690000,0.09260762,0.02630637,-0.02735922,-0.06335430,0.00000000,0.01536398,0
4691000,0.03679699,0.05814574,-0.46968410,0.58501655,0.17112218,0.01361363,0
4692000,0.11944326,0.02811632,0.30337319,0.03621371,0.04667336,0.15426852,0
4693000,0.06220699,0.02261882,-0.20140969,-0.05313685,0.00000000,0.00184972,0
4694000,0.07712238,0.00722050,-0.03902647,-0.38344525,0.00000000,0.13430629,0
4695000,0.04056979,0.05173864,-0.40221710,0.65972098,0.21761589,0.02773139,0
4696000,0.04383212,0.03222468,-0.36464954,0.22267960,0.02479310,0.05888901,0
4697000,0.07401633,0.02541094,-0.02539334,0.07383817,0.00272604,0.04073965,0
4698000,0.07751643,0.00736091,0.02836443,-0.37922473,0.00040227,0.04922953,0
4699000,0.05623982,0.00497674,-0.20867489,-0.44537884,0.00000000,0.30354970,0
4700000,0.09007616,0.00396185,0.20347097,-0.47192061,0.02070022,0.04534839,0
4701000,0.07724171,0.02869964,0.06491198,0.22035092,0.02638405,0.02199338,0
4702000,0.07877665,0.01454508,0.09434216,-0.17452058,0.00445022,0.03098398,0
4703000,0.08900230,0.02135916,0.23538568,0.03001719,0.02815373,0.79281559,0
4704000,0.15067248,0.12703431,0.00000000,0.00000000,0.00000000,0.00000000,0
4705000,0.11097756,0.04877187,0.14943321,0.27473696,0.04890534,0.00900684,0
4706000,0.07392337,0.01931813,-0.07213339,-0.12373986,0.00000000,0.00709109,0
4707000,0.08221962,0.01382386,0.09385437,-0.19749450,0.00440432,0.08645766,0
4708000,0.07794715,0.01676772,0.09347708,-0.11160035,0.00436898,0.08444426,0
4709000,0.06498428,0.01206934,-0.03000779,-0.21154259,0.00000000,0.18252008,0
4710000,0.03259054,0.00393170,-0.46884813,-0.43690122,0.00000000,0.32362575,0
4711000,0.10747413,0.02321842,0.64117188,0.12740409,0.21366659,0.40376559,0
4712000,0.06170068,0.00145160,-0.02773767,-0.53604984,0.00000000,0.07040206,0
4713000,0.08363958,0.01738925,0.32548283,-0.03712250,0.05296954,0.33013320,0
4714000,0.05261260,0.02724331,-0.15947209,0.30503940,0.04652452,0.25239826,0
4715000,0.05944103,0.01323790,-0.03265159,-0.15980457,0.00000000,0.25512960,0
4716000,0.09119204,0.00597923,0.52857484,-0.41673495,0.13969568,0.24373168,0
4717000,0.05838510,0.01492313,-0.03346918,-0.09147065,0.00000000,0.45424301,0
4718000,0.06556356,0.04388454,0.10216654,1.01057240,0.51584729,0.15881390,0
4719000,0.05979868,0.02182926,0.00650836,0.18445042,0.01703216,0.13109118,0
4720000,0.07246169,0.01664479,0.25410238,-0.01009572,0.03228401,0.46156090,0
4721000,0.06777719,0.03724513,0.17827074,0.83392553,0.36360612,0.08529372,0
4722000,0.05498344,0.05479266,-0.05919476,1.58517802,1.25639467,0.12538676,0
4723000,0.10214011,0.03731370,0.87533248,0.87900399,0.76942748,0.33583768,0
4724000,0.04612031,0.00099567,-0.22849193,-0.66335711,0.00000000,0.18729570,0
4725000,0.04060705,0.03925237,-0.33655462,1.00327266,0.50327801,0.47917029,0
4726000,0.11170066,0.06772212,0.00000000,0.00000000,0.00000000,0.00000000,0
4727000,0.09084474,0.01593349,0.25008849,-0.15849812,0.03127213,0.02339159,0
4728000,0.05694414,0.01952591,-0.12171847,0.04832111,0.00116746,0.09933897,0
4729000,0.06801213,0.02503124,0.09658462,0.33348925,0.06027183,0.15480332,0
4730000,0.04244774,0.01362660,-0.31162189,-0.16832771,0.00000000,0.13461115,0
4731000,0.04713935,0.02432777,-0.22217650,0.39580836,0.07833213,0.26832072,0
4732000,0.07975387,0.03010980,0.40988456,0.74531314,0.36174852,0.93837649,0
4733000,0.06296242,0.04564724,0.10696872,1.66028333,1.38399153,0.70220446,0
4734000,0.07180291,0.06675848,0.30548682,2.94848712,4.39344924,0.33972429,0
4735000,0.05771395,0.04478302,0.02965850,1.73434618,1.50441815,1.02707955,0
4736000,0.05450208,0.02035474,-0.02710983,0.29873007,0.04461983,0.69653083,0
4737000,0.04946094,0.03392768,-0.12980866,1.17372823,0.68881898,0.71731805,0
4738000,0.03871993,0.00873709,-0.36766566,-0.41562690,0.00000000,0.56344694,0
4739000,0.03650819,0.04176456,-0.41271295,1.76073709,1.55009755,0.59117720,0
4740000,0.05918135,0.02239588,0.13206977,0.50257423,0.13501164,2.49022940,0
4741000,0.05786550,0.01021948,0.00000000,0.00000000,0.00000000,0.00000000,0
4742000,0.07388320,0.04753641,0.01998484,1.62407309,1.31900640,0.27096382,0
4743000,0.05080525,0.00163514,-0.25500045,-0.95832819,0.00000000,0.26926329,0
4744000,0.06805443,0.02277301,0.12037696,0.44885710,0.10798165,0.31492182,0
4745000,0.09312167,0.01042813,0.65274490,-0.36961491,0.21303795,0.53682818,0
4746000,0.05395480,0.00403247,-0.08321687,-0.81910704,0.00000000,0.19957155,0
4747000,0.06122397,0.02688242,0.09392607,0.92434381,0.43161680,0.15511171,0
4748000,0.06160110,0.02095621,0.13471282,0.51230158,0.14030022,0.53245554,0
4749000,0.08411916,0.02636482,0.67977506,0.97192800,0.70336908,0.64381327,0
4750000,0.05397293,0.04258216,0.00000000,0.00000000,0.00000000,0.00000000,0
4751000,0.07330672,0.05801665,0.37562327,3.37926075,5.78024801,0.17935155,0
4752000,0.04837092,0.03166314,-0.07913236,1.53970265,1.18534212,0.40271555,0
4753000,0.03761204,0.02021227,0.00000000,0.00000000,0.00000000,0.00000000,0
4754000,0.04877520,0.02335414,-0.23726942,0.46494154,0.10808532,0.56346548,0
4755000,0.07199576,0.01412419,0.29889265,-0.04626810,0.04466841,0.15827355,0
4756000,0.07479439,0.02212568,0.00000000,0.00000000,0.00000000,0.00000000,0
4757000,0.04779206,0.01568062,-0.21879248,-0.00567837,0.00000000,0.18373268,0
4758000,0.04691195,0.03040753,-0.18675537,0.97977782,0.47998229,0.12271362,0
4759000,0.07146229,0.01553184,0.40605516,0.08101794,0.08572235,0.24998291,0
4760000,0.05571543,0.03116260,0.08756508,1.22322512,0.75197366,0.60644267,0
4761000,0.06087665,0.01073328,0.25242281,-0.22700042,0.03185864,1.84432755,0
4762000,0.05127379,0.01503702,0.00000000,0.00000000,0.00000000,0.00000000,0
4763000,0.06150842,0.00033354,0.20291130,-1.11910670,0.02058650,0.21217184,0
4764000,0.03990027,0.04089368,-0.24691550,2.64303390,3.49281409,1.30312225,0
4765000,0.20112081,0.02713885,0.00000000,0.00000000,0.00000000,0.00000000,0
4766000,0.11411208,0.06151198,0.58333360,0.79251486,0.48417894,0.07468051,0
4767000,0.07419392,0.00363633,0.12882750,-0.42190976,0.00829826,0.11957540,0
4768000,0.06681348,0.01139741,0.06673870,-0.21708103,0.00222703,0.52328237,0
4769000,0.06720878,0.00751495,0.10915614,-0.32830072,0.00595753,0.40309290,0
4770000,0.08502733,0.00067588,0.46163883,-0.56615166,0.10655520,0.47056361,0
4771000,0.07407352,0.00792178,0.28237734,-0.33310003,0.03986848,0.96244463,0
4772000,0.06737728,0.00076719,0.18057952,-0.59871578,0.01630448,0.20726191,0
4773000,0.04897758,0.03608783,-0.18775056,0.74588203,0.27817000,0.32224785,0
4774000,0.05063434,0.02604155,-0.13777028,0.38470035,0.07399718,0.30094870,0
4775000,0.04593691,0.03860247,-0.23240731,0.93051582,0.43292985,0.11978888,0
4776000,0.08101715,0.04445327,0.57844286,1.22069180,0.91234230,0.59738041,0
4777000,0.07242832,0.02035601,0.39743200,0.18961729,0.09695346,1.49724272,0
4778000,0.07626589,0.04828345,0.51032190,1.47344542,1.21573492,0.44911993,0
4779000,0.06997631,0.01234582,0.37616030,-0.15549265,0.07074829,0.18561982,0
4780000,0.06385495,0.02772459,0.00000000,0.00000000,0.00000000,0.00000000,0
4781000,0.05322802,0.02664118,-0.05182208,1.03652859,0.53719576,0.47258131,0
4782000,0.05805282,0.00190867,0.11562329,-1.01785385,0.00668437,1.43841913,0
4783000,0.05562387,0.00691094,0.10790556,-0.55937867,0.00582181,0.43814902,0
4784000,0.03599799,0.04585822,-0.36993098,3.27643325,5.36750742,1.88488609,0
4785000,0.09394430,0.06247637,0.00000000,0.00000000,0.00000000,0.00000000,0
4786000,0.05506530,0.00690086,0.02570671,-0.51581641,0.00033042,0.53708671,0
4787000,0.07967263,0.01068457,0.00000000,0.00000000,0.00000000,0.00000000,0
4788000,0.12471559,0.00088333,1.26001237,-0.96681837,0.79381559,0.18519300,0
4789000,0.03954006,0.02914613,-0.33066500,1.18103344,0.69741999,0.59081381,0
4790000,0.07372136,0.05091622,0.54430270,3.14240825,5.08549751,0.54549734,0
4791000,0.06805623,0.01152124,0.00000000,0.00000000,0.00000000,0.00000000,0
4792000,0.05602922,0.00326011,0.00256419,-0.86630027,0.00000329,0.59523869,0
4793000,0.05879373,0.03001308,0.12092181,1.48181292,1.10519580,0.53220793,0
4794000,0.05694541,0.01523694,0.13031369,0.21103354,0.03075841,1.02202254,0
4795000,0.06602982,0.02744261,0.00000000,0.00000000,0.00000000,0.00000000,0
4796000,0.05585759,0.00384865,-0.06023889,-0.83167901,0.00000000,0.63837020,0
4797000,0.05089381,0.01801814,-0.06821370,0.36134253,0.06528421,0.18768437,0
4798000,0.08193688,0.02107350,0.00000000,0.00000000,0.00000000,0.00000000,0
4799000,0.10078271,0.00576397,0.72709854,-0.70734061,0.26433615,0.15740502,0
4800000,0.06163261,0.01577173,0.12641386,0.03464934,0.00859052,0.45164079,0
4801000,0.04932746,0.00378007,-0.08922222,-0.84037589,0.00000000,0.65315835,0
4802000,0.04224860,0.02403751,-0.22181506,0.83297769,0.34692591,1.04662624,0
4803000,0.05746850,0.02311277,0.20904304,0.81816058,0.35654286,0.96694900,0
4804000,0.05163988,0.02961682,0.00000000,0.00000000,0.00000000,0.00000000,0
4805000,0.05333403,0.02692423,0.02078338,0.93733827,0.43951749,0.68395840,0
4806000,0.17333439,0.03920388,0.00000000,0.00000000,0.00000000,0.00000000,0
4807000,0.05315512,0.00118518,0.02508501,-0.96167845,0.00031463,0.17249674,0
4808000,0.04517394,0.00520328,0.00000000,0.00000000,0.00000000,0.00000000,0
4809000,0.04670214,0.04711817,-0.16339347,1.92876783,1.86007267,0.31273056,0
4810000,0.05257860,0.05034044,0.01875043,2.49361446,3.10923234,0.70818199,0
4811000,0.06711504,0.03511417,0.40199158,1.62161449,1.39561539,0.23352449,0
4812000,0.08255165,0.02359451,0.82325829,0.84358433,0.69469437,1.18381052,0
4813000,0.05257574,0.03384337,0.14375093,1.75404865,1.54867549,0.50467851,0
4814000,0.06047396,0.02303960,0.00000000,0.00000000,0.00000000,0.00000000,0
4815000,0.04925206,0.01525905,-0.09417308,0.10425621,0.00543468,0.12777560,0
4816000,0.04549748,0.02174007,0.00000000,0.00000000,0.00000000,0.00000000,0
4817000,0.06343403,0.01211042,0.05743119,-0.16461491,0.00164917,0.35758965,0
4818000,0.03008764,0.00310196,-0.51070488,-0.80005224,0.00000000,0.44523088,0
4819000,0.07067749,0.00317087,0.45754743,-0.81976629,0.10467483,0.23142538,0
4820000,0.04555131,0.01793021,-0.10207286,0.44812172,0.10040654,0.35691590,0
4821000,0.05731959,0.01066417,0.00000000,0.00000000,0.00000000,0.00000000,0
4822000,0.09782302,0.02285127,0.72504617,0.47840722,0.37728271,0.09056887,0
4823000,0.05430990,0.03368534,0.03363849,1.36415577,0.93102625,0.55152781,0
4824000,0.05703387,0.00600195,0.00000000,0.00000000,0.00000000,0.00000000,0
4825000,0.05615836,0.00769096,0.01830628,-0.50348303,0.00016756,0.41177484,0
4826000,0.09833442,0.03756920,0.99495045,1.92362987,2.34513914,0.75350144,0
4827000,0.09036817,0.04546072,0.00000000,0.00000000,0.00000000,0.00000000,0
4828000,0.06825090,0.00674200,0.54833656,-0.55598091,0.15033649,0.91529752,0
4829000,0.05935783,0.01081308,0.43162557,-0.17489370,0.09315032,0.58622872,0
4830000,0.04614905,0.02040121,0.08815988,0.77974858,0.30789000,0.95787155,0
4831000,0.07918753,0.07339084,0.00000000,0.00000000,0.00000000,0.00000000,0
4832000,0.06194245,0.00138307,0.13581932,-0.63600777,0.00922344,0.08238514,0
4833000,0.05406501,0.03693631,0.07197137,1.11292225,0.62188791,0.18231370,0
4834000,0.07857648,0.00138800,0.63809557,-0.72959324,0.20358298,0.16044629,0
4835000,0.05068906,0.00157834,0.07374343,-0.75043666,0.00271905,0.27592680,0
4836000,0.05251822,0.04424220,0.14763772,1.92726169,1.86806726,0.45952345,0
4837000,0.13581194,0.03401643,2.28880857,1.36290681,3.54807982,0.74401209,0
4838000,0.04614519,0.01027943,0.00000000,0.00000000,0.00000000,0.00000000,0
4839000,0.04787076,0.01784938,0.00336172,0.42775505,0.09149284,0.66639700,0
4840000,0.03997845,0.02164947,0.00000000,0.00000000,0.00000000,0.00000000,0
4841000,0.21745972,0.01621683,2.64375702,-0.00123824,3.49472560,0.07896685,0
4842000,0.08114181,0.03155221,0.53930019,1.14928789,0.80585368,0.38305821,0
4843000,0.05665147,0.04126186,0.11837889,2.05224400,2.11285949,0.33359803,0
4844000,0.05099334,0.02464132,0.03161709,0.89906932,0.40466264,0.75388033,0
4845000,0.04735868,0.00251053,-0.01554134,-0.86848624,0.00000000,0.20508201,0
4846000,0.04584948,0.04472388,0.00000000,0.00000000,0.00000000,0.00000000,0
4847000,0.08615661,0.03082703,0.73137443,1.44077798,1.30537488,0.19633489,0
4848000,0.03804864,0.01303286,-0.23602164,0.06417952,0.00205951,0.51480146,0
4849000,0.05812014,0.03605859,0.28492509,2.24341643,2.55704980,0.52221977,0
4850000,0.03336878,0.00187346,0.00000000,0.00000000,0.00000000,0.00000000,0
4851000,0.06100590,0.03650327,0.20009806,1.91268767,1.84920667,0.24766429,0
4852000,0.04817152,0.00530709,0.00000000,0.00000000,0.00000000,0.00000000,0
4853000,0.05520190,0.02297912,0.07538036,0.66816538,0.22606359,0.22807950,0
4854000,0.05672057,0.01769094,0.16705205,0.35338906,0.07639511,0.63389085,0
4855000,0.07217000,0.03113681,0.00000000,0.00000000,0.00000000,0.00000000,0
4856000,0.05109503,0.00513101,-0.00137641,-0.67839283,0.00000000,0.54660661,0
4857000,0.06355432,0.02596464,0.00000000,0.00000000,0.00000000,0.00000000,0
4858000,0.06996214,0.01797077,0.12888208,-0.01241041,0.00830530,0.01130624,0
4859000,0.06353533,0.00700194,0.11859568,-0.35342385,0.00703247,0.02496468,0
4860000,0.03921274,0.01952059,-0.27038633,0.14636020,0.01071065,0.02334458,0
4861000,0.04485828,0.03715765,-0.15795122,0.96636706,0.46693265,0.26060536,0
4862000,0.06746751,0.04476695,0.31759427,1.41055858,1.04527082,0.08746294,0
4863000,0.04605549,0.04314677,0.00000000,0.00000000,0.00000000,0.00000000,0
4864000,0.06437802,0.00976007,-0.03745328,-0.45231855,0.00000000,0.15663731,0
4865000,0.04145064,0.04847167,-0.32253430,1.81905292,1.65447677,0.28798688,0
4866000,0.04783756,0.05139992,0.00000000,0.00000000,0.00000000,0.00000000,0
4867000,0.06003432,0.00872595,0.34988497,-0.33773597,0.06120975,0.28341823,0
4868000,0.03510293,0.00970235,0.00000000,0.00000000,0.00000000,0.00000000,0
4869000,0.05008139,0.03979652,-0.04008403,1.72029650,1.47971003,0.12852824,0
4870000,0.05260913,0.00361568,0.07330846,-0.79644872,0.00268707,0.12371271,0
4871000,0.04495351,0.01606669,0.00000000,0.00000000,0.00000000,0.00000000,0
4872000,0.03878534,0.00158146,-0.35502282,-1.07012994,0.00000000,0.25136058,0
4873000,0.04681850,0.01949627,0.00000000,0.00000000,0.00000000,0.00000000,0
4874000,0.06177000,0.01628681,0.10699199,0.01971749,0.00591803,0.28732652,0
4875000,0.05519260,0.02351408,0.08363759,0.52097548,0.13920535,0.18220431,0
4876000,0.05341008,0.04076985,0.09837777,1.71228839,1.47080486,0.38557426,0
4877000,0.05889651,0.01328534,0.25333005,-0.02771760,0.03208806,0.37926140,0
4878000,0.06850263,0.00562243,0.53213077,-0.55973268,0.14158158,0.65909956,0
4879000,0.05916546,0.00299384,0.00000000,0.00000000,0.00000000,0.00000000,0
4880000,0.04455404,0.03517556,-0.16927722,1.50920549,1.13885060,0.48240551,0
4881000,0.06125971,0.01944883,0.32380309,0.47931458,0.16729545,0.36009540,0
4882000,0.05407243,0.07723646,0.00000000,0.00000000,0.00000000,0.00000000,0
4883000,0.08458540,0.11554800,0.58121296,5.62552470,15.99216832,0.54755872,0
4884000,0.21189100,0.04729595,0.00000000,0.00000000,0.00000000,0.00000000,0
4885000,0.05277191,0.01914594,-0.19176798,-0.07300342,0.00000000,0.02291056,0
4886000,0.05657852,0.05398411,-0.13217457,0.81638180,0.33323962,0.05032025,0
4887000,0.05600420,0.04108445,-0.11485340,0.61154474,0.18699348,0.10780547,0
4888000,0.13188626,0.08018310,0.00000000,0.00000000,0.00000000,0.00000000,0
4889000,0.08902158,0.05883508,0.32046906,0.71998704,0.31054088,0.01233087,0
4890000,0.09714509,0.03620690,0.58437243,0.39522277,0.24884609,0.18318604,0
4891000,0.04535657,0.02733454,-0.22902925,0.24780036,0.03070251,0.27098380,0
4892000,0.09500243,0.01031604,0.73401494,-0.20539616,0.26938897,0.18390484,0
4893000,0.05922022,0.00108124,0.07543867,-0.49722674,0.00284550,0.56089668,0
4894000,0.04433419,0.02812653,-0.21085058,0.40037173,0.08014876,0.44152665,0
4895000,0.05072673,0.05125800,-0.06624418,1.24963676,0.78079602,0.91438918,0
4896000,0.05059413,0.01403373,-0.06039456,-0.07122105,0.00000000,0.26909287,0
4897000,0.04377050,0.02313919,-0.20336918,0.28960632,0.04193591,0.42821644,0
4898000,0.05645500,0.00277976,0.10987215,-0.50845372,0.00603594,0.57448957,0
4899000,0.04868354,0.01853525,-0.06386709,0.13729439,0.00942488,0.21701084,0
4900000,0.06206668,0.02243725,0.28065368,0.31515982,0.08904610,0.26823855,0
4901000,0.04068346,0.00754361,-0.24154552,-0.32880728,0.00000000,0.35588212,0
4902000,0.07531666,0.00003725,0.00000000,0.00000000,0.00000000,0.00000000,0
4903000,0.12259575,0.05218691,0.32471695,0.79585329,0.36941178,0.11031970,0
4904000,0.09107447,0.08986948,0.10640072,2.50969234,3.15493839,0.21498583,0
4905000,0.09067739,0.09450743,0.21251406,3.04678485,4.66403008,0.16895644,0
4906000,0.06485808,0.00018000,-0.12260193,-0.93860876,0.00000000,0.10504338,0
4907000,0.05522633,0.03382752,-0.22618854,0.67727017,0.22934744,0.08687212,0
4908000,0.07629889,0.01480078,0.19874838,-0.20807358,0.01975046,0.47587854,0
4909000,0.06979634,0.03367059,0.12679572,0.81075521,0.33670058,0.20210603,0
4910000,0.05989709,0.00160776,-0.03358817,-0.88155924,0.00000000,0.13938570,0
4911000,0.04538085,0.00841848,0.00000000,0.00000000,0.00000000,0.00000000,0
4912000,0.07016600,0.01657989,0.25661863,-0.03196320,0.03292656,0.22668639,0
4913000,0.06512594,0.01185759,0.22562080,-0.20230873,0.02545237,0.48187804,0
4914000,0.04297767,0.00848921,-0.20838951,-0.35527746,0.00000000,0.50648188,0
4915000,0.07658086,0.00661027,0.58319253,-0.44588246,0.17005677,0.38189449,0
4916000,0.14544998,0.00761915,2.29554932,-0.40421636,2.63477334,0.77409755,0
4917000,0.03413063,0.00192882,0.00000000,0.00000000,0.00000000,0.00000000,0
4918000,0.06047397,0.05173379,0.16440807,2.61486146,3.43226524,0.62938258,0
4919000,0.07177836,0.02142910,0.00000000,0.00000000,0.00000000,0.00000000,0
4920000,0.05789047,0.02390581,0.15579596,0.62353766,0.20653580,0.21015712,0
4921000,0.07913174,0.00573419,0.00000000,0.00000000,0.00000000,0.00000000,0
4922000,0.05346308,0.00125080,-0.22513996,-0.93890337,0.00000000,0.26433780,0
4923000,0.06643051,0.00622930,0.09194024,-0.68538320,0.00422650,0.28090683,0
4924000,0.08788721,0.03039422,0.61302094,0.93850757,0.62829556,0.33040905,0
4925000,0.05419020,0.06838780,0.00000000,0.00000000,0.00000000,0.00000000,0
4926000,0.05093560,0.00857036,-0.10618614,-0.35926136,0.00000000,0.29961310,0
4927000,0.07981350,0.01328462,0.00000000,0.00000000,0.00000000,0.00000000,0
4928000,0.04811202,0.04460280,-0.10769568,1.78405774,1.59143100,0.28937390,0
4929000,0.10635193,0.05045073,0.00000000,0.00000000,0.00000000,0.00000000,0
4930000,0.09270808,0.05758873,0.30822357,1.26956252,0.85339538,0.00000000,0
4931000,0.04725789,0.00644984,-0.20511014,-0.45198400,0.00000000,0.12978979,0
4932000,0.11543773,0.02179904,1.10992821,0.30643566,0.66292172,0.07682364,0
4933000,0.30171734,0.14122939,0.00000000,0.00000000,0.00000000,0.00000000,0
4934000,0.09336042,0.11437488,0.06651771,1.03641814,0.53929359,0.00042886,0
4935000,0.05902223,0.07739756,-0.14167601,0.81536607,0.33241092,0.00261022,0
4936000,0.07092252,0.00402471,0.01676268,-0.33261191,0.00014049,0.02908980,0
4937000,0.06438983,0.04511565,0.00444599,0.49845022,0.12423619,0.01015132,0
4938000,0.06490266,0.04578397,0.03595571,0.57824650,0.16783091,0.04882989,0
4939000,0.10541407,0.01607778,0.60015233,-0.06011824,0.18009141,0.03041513,0
4940000,0.05371911,0.06829370,-0.06819429,1.26243937,0.79687658,0.01399465,0
4941000,0.06255778,0.00065930,0.07423656,-0.44867955,0.00275553,0.00962668,0
4942000,0.04437024,0.00961169,-0.18701236,-0.21283153,0.00000000,0.02208569,0
4943000,0.07773031,0.01370119,0.34405893,-0.10127903,0.05918828,0.17130062,0
4944000,0.04687892,0.05215587,-0.14244181,1.05179002,0.55313112,0.21341511,0
4945000,0.04002430,0.04555662,-0.25371583,0.89462723,0.40017894,0.47067411,0
4946000,0.05313800,0.00817225,-0.03348960,-0.26830525,0.00000000,0.35077476,0
4947000,0.05142653,0.01246488,-0.05903755,-0.12920135,0.00000000,0.19261031,0
4948000,0.05854762,0.00694945,0.06918507,-0.31496842,0.00239329,0.17336709,0
4949000,0.05990463,0.01853961,0.09805247,0.08480982,0.00840350,0.06790041,0
4950000,0.04342901,0.00741025,-0.19389570,-0.30207979,0.00000000,0.07295362,0
4951000,0.05623023,0.00048810,0.04944212,-0.55602321,0.00122226,0.45681024,0
4952000,0.03429598,0.02873967,-0.36352688,0.48586865,0.11803417,0.29571735,0
4953000,0.08612324,0.05288484,0.00000000,0.00000000,0.00000000,0.00000000,0
4954000,0.13878222,0.00535022,1.38382827,-0.51013104,0.95749034,0.05642434,0
4955000,0.11832099,0.05234499,1.18978773,1.67919646,2.11764779,0.35299228,0
4956000,0.07461834,0.03596405,0.00000000,0.00000000,0.00000000,0.00000000,0
4957000,0.17025651,0.01606504,2.06262036,-0.12998366,2.12720137,0.07934115,0
4958000,0.06308548,0.00808081,0.10491582,-0.54147431,0.00550367,0.34042558,0
4959000,0.13448814,0.04449035,0.00000000,0.00000000,0.00000000,0.00000000,0
4960000,0.19921584,0.08060047,0.00000000,0.00000000,0.00000000,0.00000000,0
4961000,0.08254639,0.02141537,-0.11449172,-0.13517732,0.00000000,0.03469257,0
4962000,0.07355277,0.00651641,-0.12441647,-0.46108055,0.00000000,0.07983918,0
4963000,0.08105478,0.00314099,0.02169961,-0.58451400,0.00023544,0.06232396,0
4964000,0.07610951,0.00404804,0.02269153,-0.57014627,0.00025745,0.44186677,0
4965000,0.07447498,0.01703837,0.02839570,-0.13894958,0.00040316,0.15556962,0
4966000,0.06615079,0.00821939,-0.03992552,-0.43794878,0.00000000,0.03881714,0
4967000,0.06955896,0.04941768,0.00000000,0.00000000,0.00000000,0.00000000,0
4968000,0.05759255,0.03156327,-0.06921084,0.73749190,0.27194715,0.28238036,0
4969000,0.07180011,0.00753424,0.33246697,-0.53729963,0.05526714,0.30538239,0
4970000,0.04725907,0.00927263,-0.10958262,-0.40475759,0.00000000,0.20165933,0
4971000,0.07606046,0.00783053,0.64684047,-0.50454632,0.20920129,0.25792039,0
4972000,0.04750236,0.03050042,-0.02054848,1.29293729,0.83584342,0.09554947,0
4973000,0.07174513,0.03829854,0.00000000,0.00000000,0.00000000,0.00000000,0
4974000,0.05901488,0.03781825,0.13630147,1.30416016,0.85970591,0.04098994,0
4975000,0.04975744,0.01395113,0.00395725,-0.03636340,0.00000783,0.14897588,0
4976000,0.05776826,0.00113115,0.25552105,-0.89127656,0.03264550,0.55244989,0
4977000,0.06921116,0.04452264,0.00000000,0.00000000,0.00000000,0.00000000,0
4978000,0.13707246,0.02068128,1.60955891,0.36742841,1.36284176,0.61864703,0
4979000,0.03777317,0.03883728,0.00000000,0.00000000,0.00000000,0.00000000,0
4980000,0.08724394,0.03178765,0.00000000,0.00000000,0.00000000,0.00000000,0
4981000,0.09755233,0.03072377,0.95207323,1.31345684,1.31580615,0.31677210,0
4982000,0.06519349,0.03560400,0.36996694,1.90804703,1.88875951,0.81546662,0
4983000,0.06784593,0.02070925,0.00000000,0.00000000,0.00000000,0.00000000,0
4984000,0.05657520,0.02165041,0.09929580,0.66082478,0.22327452,0.36387619,0
4985000,0.03612466,0.00747273,-0.31944732,-0.44428652,0.00000000,1.02907541,0
4986000,0.04971829,0.01771575,0.00000000,0.00000000,0.00000000,0.00000000,0
4987000,0.07882875,0.04219430,0.34369628,1.85057522,1.77137789,0.03592029,0
4988000,0.05519293,0.00665449,0.00849247,-0.58209938,0.00003606,0.27874949,0
4989000,0.27480447,0.04632532,5.36608679,2.85931045,18.48527182,0.66920422,0
4990000,0.06840767,0.05255628,0.51169279,3.69500826,6.95745778,1.12579918,0
4991000,0.06150419,0.08522159,0.00000000,0.00000000,0.00000000,0.00000000,0
4992000,0.06221863,0.01173594,0.39613168,-0.08764412,0.07846015,0.46857999,0
4993000,0.06310281,0.01040900,0.00000000,0.00000000,0.00000000,0.00000000,0
4994000,0.05878512,0.05025648,0.23427996,2.86430617,4.12956847,0.20034531,0
4995000,0.04263214,0.00862875,-0.06659580,-0.39095537,0.00000000,0.42179362,0
4996000,0.05265314,0.04802672,0.00000000,0.00000000,0.00000000,0.00000000,0
4997000,0.05740287,0.02282401,0.03164272,0.31916067,0.05143240,0.09391012,0
4998000,0.05691830,0.00265061,0.11302226,-0.67593275,0.00638702,0.03427315,0
4999000,0.05667252,0.00451520,0.19168433,-0.58555312,0.01837144,0.31127197,0
5000000,0.05518029,0.04605591,0.00000000,0.00000000,0.00000000,0.00000000,0
5001000,0.84876370,0.03047481,0.00000000,0.00000000,0.00000000,0.00000000,0
5002000,0.79640085,0.12054405,1.37758021,-0.29816674,0.94886362,0.00004359,0
5003000,0.32392853,0.11764978,-0.21439010,-0.18404006,0.00000000,0.00011295,0
5004000,0.49280167,0.14612949,0.58052601,0.11389831,0.17499164,0.00083845,0
5005000,0.29804540,0.36929759,-0.15597221,1.97339236,1.94713871,0.00015020,0
5006000,0.17961526,0.19620977,-0.71875556,0.68279333,0.23310337,0.00105562,0
5007000,0.23769896,0.45618889,-0.43223021,3.00285535,4.50857014,0.03810546,0
5008000,0.19505508,0.52953792,-0.64480684,3.80439441,7.23670841,0.06980606,0
5009000,0.32121527,0.57764775,0.00000000,0.00000000,0.00000000,0.00000000,0
5010000,0.24195072,0.53090048,-0.44577898,4.13289278,8.54040137,0.09415755,0
5011000,0.31723809,0.24858850,-0.00894794,1.63123389,1.33046199,0.09479932,0
5012000,0.38832879,0.45424050,0.43564255,4.20041426,8.91663218,0.36263871,0
5013000,0.19245027,0.19176419,-0.74724134,1.23108619,0.75778661,0.05211477,0
5014000,0.15285790,0.19994976,-0.79821883,1.48345378,1.10031756,0.00007854,0
5015000,0.18972757,0.41283694,0.00000000,0.00000000,0.00000000,0.00000000,0
5016000,0.35628316,0.18970133,1.03286187,1.79309425,2.14099532,0.00140995,0
5017000,0.21349967,0.14009708,0.52550574,1.50162053,1.26551025,0.00009225,0
5018000,0.28214747,0.35983407,1.20308659,5.69910361,16.96359963,0.14969095,0
5019000,0.15798636,0.07886529,0.46233593,0.85360923,0.47120161,0.00011950,0
5020000,0.26571035,0.20193195,1.43691117,3.54395739,7.31217385,0.05319689,0
5021000,0.18291217,0.21553226,0.00000000,0.00000000,0.00000000,0.00000000,0
5022000,0.19210760,0.08981059,0.00000000,0.00000000,0.00000000,0.00000000,0
5023000,0.11624859,0.13863754,1.10610214,4.16054561,9.26680085,0.07269501,0
5024000,0.10379284,0.03298714,0.00000000,0.00000000,0.00000000,0.00000000,0
5025000,0.30390528,0.38191918,0.83861966,3.89549210,7.93907083,0.05943790,0
5026000,0.24081138,0.07638548,0.78054485,0.39453920,0.38245572,0.00005112,0
5027000,0.19792399,0.00603621,0.71151644,-0.51252653,0.25312782,0.00005260,0
5028000,0.22674803,0.15142506,1.10152197,1.97359206,2.55420813,0.00561687,0
5029000,0.46455243,0.13994744,3.26875956,1.97819760,7.29902742,0.05308744,0
5030000,0.23269920,0.19665822,1.41634046,3.24122141,6.25576827,0.04278761,0
5031000,0.11880025,0.01549551,0.45934938,-0.22739883,0.10550093,0.00023314,0
5032000,0.17771460,0.05916188,1.09147732,0.72301091,0.85703376,0.00012965,0
5033000,0.19002435,0.06139035,1.25682775,0.81402926,1.12112982,0.00026359,0
5034000,0.13743883,0.06899048,0.00000000,0.00000000,0.00000000,0.00000000,0
5035000,0.21547782,0.16097854,1.84056428,6.28175899,21.42408643,0.19430526,0
5036000,0.11732057,0.14060402,0.00000000,0.00000000,0.00000000,0.00000000,0
5037000,0.12986140,0.03573056,0.00000000,0.00000000,0.00000000,0.00000000,0
5038000,0.17302677,0.11988976,0.00000000,0.00000000,0.00000000,0.00000000,0
5039000,0.13464731,0.07912601,0.83106962,1.86634482,2.08695985,0.00089458,0
5040000,0.15746431,0.12655410,0.00000000,0.00000000,0.00000000,0.00000000,0
5041000,0.22584704,0.25370213,0.00000000,0.00000000,0.00000000,0.00000000,0
5042000,0.12476912,0.14026521,1.03856908,3.87577801,8.05014048,0.06103911,0
5043000,0.26554057,0.07082212,0.00000000,0.00000000,0.00000000,0.00000000,0
5044000,0.14687754,0.07976208,0.00000000,0.00000000,0.00000000,0.00000000,0
5045000,0.12972881,0.13168125,0.00000000,0.00000000,0.00000000,0.00000000,0
5046000,0.46316445,0.25494096,4.94476059,9.19064833,54.45933703,0.52470163,0
5047000,0.16183402,0.08733214,0.00000000,0.00000000,0.00000000,0.00000000,0
5048000,0.14347559,0.02494265,0.00000000,0.00000000,0.00000000,0.00000000,0
5049000,0.14841655,0.12325057,0.00000000,0.00000000,0.00000000,0.00000000,0
5050000,0.10901383,0.03938953,1.27153950,1.19852187,1.52663370,0.00000079,0
5051000,0.15081741,0.07870711,0.00000000,0.00000000,0.00000000,0.00000000,0
5052000,0.26482186,0.23007207,0.00000000,0.00000000,0.00000000,0.00000000,0
5053000,0.41007814,0.26723683,3.00147369,6.83582926,27.86870298,0.25869789,0
5054000,0.15705571,0.00366775,0.00000000,0.00000000,0.00000000,0.00000000,0
5055000,0.22424825,0.27281111,0.00000000,0.00000000,0.00000000,0.00000000,0
5056000,0.33252349,0.21173923,0.00000000,0.00000000,0.00000000,0.00000000,0
5057000,0.32042825,0.12997016,1.45654395,1.39327915,2.03137354,0.00031374,0
5058000,0.19193250,0.04427322,0.90694138,0.36982082,0.47965505,0.00007922,0
5059000,0.23458154,0.13524647,1.43284970,2.17908370,3.40073201,0.01403461,0
5060000,0.15938653,0.00139170,0.99075214,-0.28830481,0.49079490,0.00009136,0
5061000,0.19460094,0.21317922,1.35375771,4.37189493,10.47306260,0.08751677,0
5062000,0.14522959,0.14516199,0.00000000,0.00000000,0.00000000,0.00000000,0
5063000,0.13570277,0.12411752,-0.31547285,0.89356466,0.39922890,0.00000113,0
5064000,0.36189637,0.28788328,0.00000000,0.00000000,0.00000000,0.00000000,0
5065000,0.26780719,0.02196265,0.87546745,-0.11728601,0.38322163,0.00000000,0
5066000,0.27604431,0.08444951,1.07941541,0.92113651,1.00681505,0.00013585,0
5067000,0.34445283,0.03391175,1.74057603,0.11553271,1.52147636,0.00006206,0
5068000,0.13312685,0.09702407,0.43421656,1.53360478,1.27024383,0.00002398,0
5069000,0.17168164,0.21567100,0.00000000,0.00000000,0.00000000,0.00000000,0
5070000,0.13780670,0.30706817,0.83468616,9.12669310,41.99661400,0.40001568,0
5071000,0.12547737,0.29006478,0.00000000,0.00000000,0.00000000,0.00000000,0
5072000,0.24903969,0.10119322,2.76043654,3.51392551,9.98384119,0.08000364,0
5073000,0.09666963,0.04144745,0.00000000,0.00000000,0.00000000,0.00000000,0
5074000,0.15151268,0.00309439,1.97603570,-0.26991183,1.95235854,0.00009076,0
5075000,0.25695547,0.02274202,0.00000000,0.00000000,0.00000000,0.00000000,0
5076000,0.19155549,0.15460688,0.00000000,0.00000000,0.00000000,0.00000000,0
5077000,0.13199273,0.19931018,1.02994289,6.48035312,21.52787944,0.19555489,0
5078000,0.30919144,0.20633921,0.00000000,0.00000000,0.00000000,0.00000000,0
5079000,0.15054268,0.12696142,0.00000000,0.00000000,0.00000000,0.00000000,0
5080000,0.17385074,0.01930745,1.26726843,0.22981034,0.82939104,0.00001011,0
5081000,0.19986172,0.06393426,0.00000000,0.00000000,0.00000000,0.00000000,0
5082000,0.11274281,0.10243029,1.25330443,4.91999872,12.88857971,0.10913908,0
5083000,0.14962658,0.06844001,0.00000000,0.00000000,0.00000000,0.00000000,0
5084000,0.19140725,0.07483304,0.00000000,0.00000000,0.00000000,0.00000000,0
5085000,0.14374284,0.12757574,1.60001303,5.59174021,16.91380012,0.14937067,0
5086000,0.19748482,0.18906140,0.00000000,0.00000000,0.00000000,0.00000000,0
5087000,0.08592121,0.11542083,0.00000000,0.00000000,0.00000000,0.00000000,0
5088000,0.20838702,0.09606469,3.06309924,3.41498223,10.52234029,0.08522840,0
5089000,0.19727063,0.19210324,0.00000000,0.00000000,0.00000000,0.00000000,0
5090000,0.20704721,0.09841330,0.00000000,0.00000000,0.00000000,0.00000000,0
5091000,0.13511336,0.06583094,0.77975233,1.80448101,1.93208271,0.00002368,0
5092000,0.19123402,0.05556261,1.68067176,1.84341680,3.11142155,0.01123780,0
5093000,0.15234590,0.06099860,0.00000000,0.00000000,0.00000000,0.00000000,0
5094000,0.18784000,0.20638977,0.00000000,0.00000000,0.00000000,0.00000000,0
5095000,0.20184928,0.14395107,1.83915633,5.25207261,15.48338136,0.13497540,0
5096000,0.12514582,0.17893240,0.00000000,0.00000000,0.00000000,0.00000000,0
5097000,0.17359971,0.02481441,0.00000000,0.00000000,0.00000000,0.00000000,0
5098000,0.19546826,0.10186569,2.21664899,5.08071669,15.36360745,0.13381103,0
5099000,0.13048838,0.16653363,0.00000000,0.00000000,0.00000000,0.00000000,0
5100000,0.12670660,0.06345261,0.00000000,0.00000000,0.00000000,0.00000000,0
5101000,0.14227834,0.20308648,0.00000000,0.00000000,0.00000000,0.00000000,0
5102000,0.17705944,0.13269329,1.25744618,3.46990543,6.81070731,0.04810707,0
5103000,0.13149674,0.18809764,0.00000000,0.00000000,0.00000000,0.00000000,0
5104000,0.14686303,0.04414659,1.04600474,0.94761038,0.99604567,0.00000000,0
5105000,0.17877181,0.06800579,1.73628114,2.10030924,3.71298556,0.01735131,0
5106000,0.41831332,0.08084856,0.00000000,0.00000000,0.00000000,0.00000000,0
5107000,0.16255650,0.02840995,0.00000000,0.00000000,0.00000000,0.00000000,0
5108000,0.15468822,0.10785279,1.76578384,4.34215389,10.98614650,0.09031748,0
5109000,0.13159536,0.07406433,0.00000000,0.00000000,0.00000000,0.00000000,0
5110000,0.14601494,0.02969869,2.37639084,1.92975857,4.68560078,0.02911937,0
5111000,0.20862652,0.14455514,0.00000000,0.00000000,0.00000000,0.00000000,0
5112000,0.18040155,0.07884762,0.00000000,0.00000000,0.00000000,0.00000000,0
5113000,0.11344402,0.06644045,1.50234925,2.59173123,4.48706203,0.02491936,0
5114000,0.13423701,0.10210443,0.00000000,0.00000000,0.00000000,0.00000000,0
5115000,0.11906315,0.00888292,0.00000000,0.00000000,0.00000000,0.00000000,0
5116000,0.12739716,0.14716521,0.00000000,0.00000000,0.00000000,0.00000000,0
5117000,0.16373561,0.06370971,1.50314736,1.90769706,2.94938003,0.00949960,0
5118000,0.10766614,0.07490695,0.00000000,0.00000000,0.00000000,0.00000000,0
5119000,0.11214565,0.04171839,1.49093499,1.58029789,2.36011429,0.00360291,0
5120000,0.25831956,0.03227481,0.00000000,0.00000000,0.00000000,0.00000000,0
5121000,0.18630111,0.11358637,0.00000000,0.00000000,0.00000000,0.00000000,0
5122000,0.14485011,0.20576136,1.17280244,9.41576083,45.01600881,0.43072837,0
5123000,0.11316454,0.01383762,0.00000000,0.00000000,0.00000000,0.00000000,0
5124000,0.24812993,0.06482720,4.33365541,3.79903127,16.60660394,0.14629876,0
5125000,0.12121598,0.06060775,0.00000000,0.00000000,0.00000000,0.00000000,0
5126000,0.29797485,0.28389889,0.00000000,0.00000000,0.00000000,0.00000000,0
5127000,0.35154897,0.00234995,3.20163215,-0.39170906,5.12522420,0.03125224,0
5128000,0.13144279,0.07490074,1.25931877,2.44433024,3.78031705,0.01802213,0
5129000,0.16158052,0.03322379,1.91392478,1.03807119,2.37034992,0.00388878,0
5130000,0.13857000,0.22855915,0.00000000,0.00000000,0.00000000,0.00000000,0
5131000,0.20517167,0.02707933,1.79713244,0.44971915,1.71596616,0.00010134,0
5132000,0.14654997,0.08458816,0.00000000,0.00000000,0.00000000,0.00000000,0
5133000,0.17456596,0.04309530,1.85512677,1.38403525,2.67852445,0.00678550,0
5134000,0.19476116,0.03146027,0.00000000,0.00000000,0.00000000,0.00000000,0
5135000,0.14427845,0.05274541,1.71250195,3.35995162,7.11096892,0.05132742,0
5136000,0.19175147,0.19616391,0.00000000,0.00000000,0.00000000,0.00000000,0
5137000,0.38234299,0.04674170,0.00000000,0.00000000,0.00000000,0.00000000,0
5138000,0.13605469,0.00269238,1.53816073,-0.32445185,1.18296922,0.00000000,0
5139000,0.15440631,0.05440479,0.00000000,0.00000000,0.00000000,0.00000000,0
5140000,0.21281645,0.04101223,0.00000000,0.00000000,0.00000000,0.00000000,0
5141000,0.28233850,0.20275289,0.00000000,0.00000000,0.00000000,0.00000000,0
5142000,0.16140436,0.09482552,1.13389222,2.13366192,2.91911238,0.00919257,0
5143000,0.11485426,0.01329442,0.87198008,0.02077742,0.38039048,0.00025699,0
5144000,0.11800341,0.03749204,1.07829990,0.94747537,1.03022012,0.00027542,0
5145000,0.14757423,0.03731502,0.00000000,0.00000000,0.00000000,0.00000000,0
5146000,0.16432895,0.02182301,2.31350417,0.70370921,2.92375409,0.00923754,0
5147000,0.14434224,0.03261113,0.00000000,0.00000000,0.00000000,0.00000000,0
5148000,0.16873345,0.08092716,3.60589477,7.31880104,33.28366289,0.31300002,0
5149000,0.13617808,0.06772654,0.00000000,0.00000000,0.00000000,0.00000000,0
5150000,0.12092238,0.03650872,1.70340533,1.46686742,2.52664487,0.00543594,0
5151000,0.20174415,0.05666242,0.00000000,0.00000000,0.00000000,0.00000000,0
5152000,0.18696110,0.03725601,2.46975159,1.64973702,4.41065258,0.02424691,0
5153000,0.15604171,0.04963237,0.00000000,0.00000000,0.00000000,0.00000000,0
5154000,0.13322659,0.07676607,0.00000000,0.00000000,0.00000000,0.00000000,0
5155000,0.21989818,0.12960105,2.84748095,6.84052561,27.45046919,0.25466550,0
5156000,0.13030116,0.02546101,0.00000000,0.00000000,0.00000000,0.00000000,0
5157000,0.06838734,0.00314790,0.00000000,0.00000000,0.00000000,0.00000000,0
5158000,0.59188545,0.12509468,0.00000000,0.00000000,0.00000000,0.00000000,0
5159000,0.13813899,0.02668237,0.95802231,0.71571102,0.71502450,0.00000000,0
5160000,0.15275729,0.10357096,1.41986996,5.20743911,14.56672638,0.12586545,0
5161000,0.08057623,0.10836743,0.00000000,0.00000000,0.00000000,0.00000000,0
5162000,0.10532680,0.13200231,0.00000000,0.00000000,0.00000000,0.00000000,0
5163000,0.23049894,0.23657353,0.00000000,0.00000000,0.00000000,0.00000000,0
5164000,0.23770258,0.04509199,2.42286713,1.28154122,3.75631652,0.01756317,0
5165000,0.16783057,0.09679464,0.00000000,0.00000000,0.00000000,0.00000000,0
5166000,0.22514671,0.19895290,2.54578287,10.80197226,61.58180754,0.60317434,0
5167000,0.22829744,0.16890462,0.00000000,0.00000000,0.00000000,0.00000000,0
5168000,0.19290555,0.05504389,0.00000000,0.00000000,0.00000000,0.00000000,0
5169000,0.18943594,0.12623170,2.08251203,5.74320682,18.66064049,0.16740198,0
5170000,0.23375532,0.02981254,3.72993743,0.86292940,7.32854018,0.05331611,0
5171000,0.12428068,0.09363820,1.74681408,5.62344657,17.33725539,0.39299005,0
5172000,0.17025571,0.04866426,3.15835533,2.66342857,8.53453008,0.27678193,0
5173000,0.12331774,0.13446595,2.10250879,9.69136911,49.17158918,0.67021215,0
5174000,0.26162139,0.11129929,0.00000000,0.00000000,0.00000000,0.00000000,0
5175000,0.21632366,0.08913606,6.74631527,6.06608352,41.15506953,0.61400257,0
5176000,0.21701263,0.01853528,0.00000000,0.00000000,0.00000000,0.00000000,0
5177000,0.21444090,0.04961547,6.05305237,3.08059768,23.06476254,0.38099634,0
5178000,0.15026785,0.02934642,0.00000000,0.00000000,0.00000000,0.00000000,0
5179000,0.09346341,0.04581242,2.06958556,5.17311938,15.52217429,0.21517268,0
5180000,0.15934378,0.00412805,0.00000000,0.00000000,0.00000000,0.00000000,0
5181000,0.15199889,0.07268133,0.00000000,0.00000000,0.00000000,0.00000000,0
5182000,0.38581145,0.12812451,12.41357626,12.33971944,153.18277563,1.76720760,0
5183000,0.09656469,0.00014007,0.00000000,0.00000000,0.00000000,0.00000000,0
5184000,0.09441118,0.04714325,2.20337707,4.93318756,14.59560500,0.80377810,0
5185000,0.30957705,0.03839484,0.00000000,0.00000000,0.00000000,0.00000000,0
5186000,0.20439939,0.06672753,7.22496179,9.70537358,73.19717453,1.42249384,0
5187000,0.23762172,0.05047856,0.00000000,0.00000000,0.00000000,0.00000000,0
5188000,0.41281006,0.02472911,16.02531220,1.83952056,130.09723346,1.45620403,0
5189000,0.20767091,0.09338749,0.00000000,0.00000000,0.00000000,0.00000000,0
5190000,0.08353221,0.00444510,1.68846403,-0.62958773,1.42545539,0.06910809,0
5191000,0.20467904,0.00261325,7.50870618,-0.83446349,28.19033427,0.81922876,0
5192000,0.26343349,0.06019634,0.00000000,0.00000000,0.00000000,0.00000000,0
5193000,0.14722522,0.04632129,0.00000000,0.00000000,0.00000000,0.00000000,0
5194000,0.09776764,0.11098588,2.04379525,10.86506931,61.11341503,0.72799815,0
5195000,0.18773362,0.04044826,0.00000000,0.00000000,0.00000000,0.00000000,0
5196000,0.11096127,0.04342625,2.43827151,3.79419694,10.17054918,0.79075808,0
5197000,0.12442520,0.00103905,3.23991041,-1.01850351,5.24850974,0.82157047,0
5198000,0.10140720,0.08884030,0.00000000,0.00000000,0.00000000,0.00000000,0
5199000,0.14541507,0.07341266,3.75295288,7.78319799,37.33141311,1.01323497,0
5200000,0.19161269,0.06289284,0.00000000,0.00000000,0.00000000,0.00000000,0
5201000,0.07908148,0.03674211,1.19285602,3.29522140,6.14069478,0.23238780,0
5202000,0.14431904,0.00797278,0.00000000,0.00000000,0.00000000,0.00000000,0
5203000,0.21190573,0.02368221,6.04121863,1.44594041,19.29353311,0.60889992,0
5204000,0.08738356,0.10353383,0.00000000,0.00000000,0.00000000,0.00000000,0
5205000,0.20434968,0.07966185,5.75625976,6.55070856,38.02315449,0.70575346,0
5206000,0.38610485,0.07651613,0.00000000,0.00000000,0.00000000,0.00000000,0
5207000,0.12164388,0.02087921,1.96502348,0.74354786,2.20709035,0.16577378,0
5208000,0.17393792,0.08138468,4.03910817,6.71843861,30.72590611,0.54569804,0
5209000,0.13835159,0.06773096,2.95117880,5.76247971,20.95781439,0.40707737,0
5210000,0.13918748,0.02354481,3.12644221,1.32499728,5.76512935,0.62273600,0
5211000,0.17928495,0.01673960,0.00000000,0.00000000,0.00000000,0.00000000,0
5212000,0.15815069,0.00815766,3.01069222,-0.32017554,4.53213382,0.33049573,0
5213000,0.23911177,0.01542166,6.08824784,0.52686922,18.67217648,0.35348160,0
5214000,0.16648041,0.01255606,4.00483950,0.26260891,8.05385143,0.48841715,0
5215000,0.32202381,0.02805746,9.92210169,2.17645888,51.59253760,0.80940969,0
5216000,0.27063698,0.10779551,0.00000000,0.00000000,0.00000000,0.00000000,0
5217000,0.23642687,0.00080909,6.06312846,-1.06759601,18.38076336,0.78499111,0
5218000,0.10413520,0.01763715,1.87527583,0.75226143,2.04127835,0.30474170,0
5219000,0.27189949,0.04140455,8.42464593,3.63563711,42.09625814,1.20840608,0
5220000,0.35052499,0.04692098,0.00000000,0.00000000,0.00000000,0.00000000,0
5221000,0.33944809,0.06104797,10.87513569,5.94497102,76.80562835,1.48333422,0
5222000,0.10495693,0.02015400,0.00000000,0.00000000,0.00000000,0.00000000,0
5223000,0.13037972,0.08415178,2.57421590,7.17419059,29.04779905,0.48544389,0
5224000,0.13664576,0.03619555,0.00000000,0.00000000,0.00000000,0.00000000,0
5225000,0.18490539,0.10068811,4.28134664,9.06510169,50.25299889,1.13956692,0
5226000,0.06785908,0.06186131,0.00000000,0.00000000,0.00000000,0.00000000,0
5227000,0.13349731,0.00189449,1.95759061,-0.97629199,1.91608050,0.47168673,0
5228000,0.17172509,0.07217048,3.31750149,6.69350691,27.90442541,0.89663838,0
5229000,0.20951748,0.12729996,0.00000000,0.00000000,0.00000000,0.00000000,0
5230000,0.17448317,0.02677780,3.14855364,1.10216525,5.56407912,0.31285667,0
5231000,0.12010773,0.00106451,1.76949462,-0.98315029,1.56555560,0.27735514,0
5232000,0.23827861,0.10833310,5.69782930,9.00000159,56.73264366,1.21458816,0
5233000,0.08928650,0.08338396,0.97818061,6.95124950,24.63835347,1.30857797,0
5234000,0.06992199,0.06081464,0.00000000,0.00000000,0.00000000,0.00000000,0
5235000,0.08761171,0.10281724,0.69199306,8.09214877,32.98086304,0.49134199,0
5236000,0.12149851,0.02168711,1.79047277,0.91702605,2.02336475,0.79044542,0
5237000,0.21982637,0.02109132,5.04130824,0.93809990,13.14741009,1.83790639,0
5238000,0.14440846,0.06797209,2.74714347,5.96216534,21.54710639,1.05343085,0
5239000,0.15148702,0.06396335,0.00000000,0.00000000,0.00000000,0.00000000,0
5240000,0.45946127,0.01313588,10.53515396,0.00575610,55.49475101,1.22065578,0
5241000,0.13345030,0.03579171,0.00000000,0.00000000,0.00000000,0.00000000,0
5242000,0.14926255,0.02540942,2.26530751,1.20047042,3.28637368,0.74249128,0
5243000,0.16683400,0.02497128,3.00321131,1.28452419,5.33464027,0.49510326,0
5244000,0.29186913,0.01096835,0.00000000,0.00000000,0.00000000,0.00000000,0
5245000,0.08785813,0.11226000,0.51593307,7.55304372,28.65732815,0.92837222,0
5246000,0.06073614,0.05577645,0.00000000,0.00000000,0.00000000,0.00000000,0
5247000,0.25083590,0.07240728,4.76628680,5.82399683,28.31821445,0.65952243,0
5248000,0.08119833,0.01627614,0.45407463,0.45140912,0.20497698,0.14707703,0
5249000,0.08246252,0.04157859,0.55902816,3.24029308,5.40600585,1.15095187,0
5250000,0.48347595,0.08376057,12.85813201,8.08128376,115.31935302,2.21829760,0
5251000,0.12712176,0.00868853,0.00000000,0.00000000,0.00000000,0.00000000,0
5252000,0.14766592,0.05744901,2.18068170,3.47905362,8.42959336,0.41332339,0
5253000,0.19357657,0.04225473,3.78464355,2.52108227,10.33969130,0.61454570,0
5254000,0.24066782,0.01090756,5.46200642,-0.20140014,14.91675707,0.85116394,0
5255000,0.14545621,0.01211498,0.00000000,0.00000000,0.00000000,0.00000000,0
5256000,0.12303521,0.02145453,1.37557509,0.39349711,1.02352340,0.46692654,0
5257000,0.11279669,0.00498330,1.31160967,-0.83116000,0.86015996,0.52293347,0
5258000,0.08526453,0.00012265,0.00000000,0.00000000,0.00000000,0.00000000,0
5259000,0.16344905,0.00177999,2.51739070,-0.92690599,3.16862797,0.45579134,0
5260000,0.28907332,0.05830040,6.28832477,3.49802668,25.88960954,0.92724543,0
5261000,0.36240894,0.00758999,8.81506682,-0.52684850,38.85270149,1.12876660,0
5262000,0.20348126,0.00103188,0.00000000,0.00000000,0.00000000,0.00000000,0
5263000,0.09010071,0.05009425,0.52571185,2.87716424,4.27722351,0.37720243,0
5264000,0.14618446,0.07030311,2.13640908,4.97142613,14.63966075,0.57782203,0
5265000,0.17180997,0.00334303,3.02921194,-0.93732912,4.58806250,0.43493958,0
5266000,0.07354566,0.02661081,0.35359397,1.30259777,0.91089482,0.67569770,0
5267000,0.09763817,0.00863781,1.11136321,-0.41629397,0.61756409,0.64632672,0
5268000,0.12807141,0.02746777,2.09542465,1.49252062,3.30921114,1.83575985,0
5269000,0.15150045,0.04221937,0.00000000,0.00000000,0.00000000,0.00000000,0
5270000,0.17906900,0.00020951,2.53473783,-1.17622342,3.21244794,0.13670168,0
5271000,0.04125585,0.03065925,-0.66932747,1.45952409,1.06510529,0.54789540,0
5272000,0.08431501,0.01370202,0.53916054,0.04917540,0.14655615,0.33132985,0
5273000,0.09452249,0.04808939,0.85667736,3.37052556,6.04716932,1.51079499,0
5274000,0.09127215,0.05752898,0.82456789,4.39957808,10.01809972,0.95313840,0
5275000,0.08228189,0.01237469,0.61641050,-0.03057740,0.18998095,1.07503440,0
5276000,0.08171369,0.04768265,0.64251557,3.61910029,6.75535658,0.95862730,0
5277000,0.09341321,0.01812348,0.00000000,0.00000000,0.00000000,0.00000000,0
5278000,0.06626628,0.01294608,0.03624026,-0.04507056,0.00065668,0.17070264,0
5279000,0.13435151,0.02170799,2.07529686,0.78978143,2.46530589,0.26171976,0
5280000,0.12838751,0.03719195,2.06551314,2.34840790,4.89068211,0.52778181,0
5281000,0.17416683,0.04956112,3.60079582,3.64876235,13.13959862,0.39077491,0
5282000,0.08925314,0.01717830,1.00201341,0.51070304,0.63242423,0.50229221,0
5283000,0.40668508,0.01990923,0.00000000,0.00000000,0.00000000,0.00000000,0
5284000,0.12222514,0.02944980,1.87474784,1.95220871,3.66289917,0.45323492,0
5285000,0.11361562,0.02259297,0.00000000,0.00000000,0.00000000,0.00000000,0
5286000,0.19648398,0.08444926,4.46246338,6.96966010,34.24487063,0.56399893,0
5287000,0.15044443,0.03897472,3.34768451,2.79126794,9.49908413,0.64425401,0
5288000,0.19145711,0.03273080,5.08051051,2.27575917,15.49533344,1.39933326,0
5289000,0.12322437,0.09890848,0.00000000,0.00000000,0.00000000,0.00000000,0
5290000,0.16031344,0.00230270,3.23353865,-0.90644010,5.22788609,0.44539518,0
5291000,0.08487628,0.00144918,1.06949238,-1.01592603,0.57190698,1.13217111,0
5292000,0.05351105,0.00145007,0.04522651,-1.05588710,0.00102272,1.20746283,0
5293000,0.12671249,0.01075243,2.74246270,-0.14010096,3.76055082,1.70510341,0
5294000,0.17590125,0.09154937,0.00000000,0.00000000,0.00000000,0.00000000,0
5295000,0.23426524,0.03566299,5.22029462,1.99161308,15.60899930,0.36990172,0
5296000,0.09339631,0.07641072,1.32125251,6.00987233,18.93213679,1.00802865,0
5297000,0.09168171,0.02112915,1.38068083,0.89195247,1.35092938,0.77871875,0
5298000,0.16850597,0.06257240,0.00000000,0.00000000,0.00000000,0.00000000,0
5299000,0.14473550,0.02928074,2.52896041,1.21119427,3.93131615,0.54726897,0
5300000,0.11309469,0.01286156,0.00000000,0.00000000,0.00000000,0.00000000,0
5301000,0.10972573,0.06732646,1.56743821,4.94150130,13.43764882,0.71854905,0
5302000,0.14229448,0.07498498,2.86493328,6.19180568,23.27315014,0.70341317,0
5303000,0.25003231,0.02546346,6.79620437,1.40886603,24.08664864,0.40309523,0
5304000,0.10106915,0.03665591,0.00000000,0.00000000,0.00000000,0.00000000,0
5305000,0.27820623,0.07495864,8.46146885,6.39473758,56.24456187,1.05498069,0
5306000,0.21683818,0.04217708,0.00000000,0.00000000,0.00000000,0.00000000,0
5307000,0.11260992,0.03575125,1.86675049,1.77416744,3.31621374,0.35478375,0
5308000,0.07479908,0.01215691,0.83649694,-0.11032704,0.34986356,0.23759459,0
5309000,0.49269798,0.01212431,15.86154784,-0.09733892,125.79434987,1.96193494,0
5310000,0.19977498,0.03755739,0.00000000,0.00000000,0.00000000,0.00000000,0
5311000,0.13966244,0.05988064,2.67315808,4.25748018,12.63595578,0.61680267,0
5312000,0.27253217,0.09970596,7.51826498,8.47936916,64.21200483,1.26082416,0
5313000,0.18075944,0.02016362,0.00000000,0.00000000,0.00000000,0.00000000,0
5314000,0.13414235,0.07742964,2.26667631,6.21538673,21.88442684,0.26992769,0
5315000,0.15225434,0.00529090,3.17294502,-0.65924235,5.03379004,0.22088602,0
5316000,0.11397111,0.06636667,2.18305116,5.93303566,19.98331228,0.76868100,0
5317000,0.10737476,0.00165776,0.00000000,0.00000000,0.00000000,0.00000000,0
5318000,0.18931484,0.00828584,4.79953653,-0.41981484,11.51777546,0.17198384,0
5319000,0.45809212,0.01668036,15.35658713,0.37481433,117.98262697,2.00802551,0
5320000,0.08847203,0.01855529,0.00000000,0.00000000,0.00000000,0.00000000,0
5321000,0.10976160,0.02213231,1.86600103,1.00125497,2.24223568,0.58614935,0
5322000,0.28010550,0.10032887,0.00000000,0.00000000,0.00000000,0.00000000,0
5323000,0.16876952,0.02033501,3.50553447,0.80243966,6.46634068,0.05382674,0
5324000,0.12178902,0.04526728,2.67563610,3.75271053,10.62093243,0.72893993,0
5325000,0.23427963,0.00729439,7.14097951,-0.38065996,25.49679416,1.16129394,0
5326000,0.35751140,0.05224125,0.00000000,0.00000000,0.00000000,0.00000000,0
5327000,0.06267311,0.01866110,0.21120100,0.56788476,0.18354948,0.35567744,0
5328000,0.20100959,0.02890867,4.77745258,1.74083385,12.92727784,0.48599020,0
5329000,0.22572668,0.10182102,5.95792428,9.81318811,65.89776133,1.42850217,0
5330000,0.19695073,0.08832378,0.00000000,0.00000000,0.00000000,0.00000000,0
5331000,0.06926904,0.00280615,0.65253139,-0.84197314,0.21289861,0.98300376,0
5332000,0.17634852,0.06268581,4.58112686,4.67576588,21.42475492,0.75980518,0
5333000,0.10373434,0.00252853,2.14573534,-0.92769681,2.30209008,1.13390440,0
5334000,0.44678441,0.04022288,0.00000000,0.00000000,0.00000000,0.00000000,0
5335000,0.15927134,0.08110145,3.36019460,6.02557917,23.79925602,0.45707167,0
5336000,0.12749521,0.04274759,2.64248129,2.87744136,7.63118807,0.60136070,0
5337000,0.19241711,0.05616294,5.14995220,4.42304369,23.04266156,0.82447619,0
5338000,0.28902858,0.03014312,9.05822224,1.91398629,42.85736684,1.06437282,0
5339000,0.12606233,0.01463975,0.00000000,0.00000000,0.00000000,0.00000000,0
5340000,0.19160016,0.03159526,4.42469130,1.91434131,11.62129789,0.37921206,0
5341000,0.20514473,0.03563435,5.40535013,2.55018643,17.86063042,1.46219333,0
5342000,0.17884007,0.06733215,0.00000000,0.00000000,0.00000000,0.00000000,0
5343000,0.22328071,0.06729279,5.83522233,4.47157219,27.02238874,0.33812877,0
5344000,0.10474644,0.04237325,2.11516393,2.71730583,5.92883472,0.51091941,0
5345000,0.18388970,0.01451888,5.31033256,0.23468711,14.12735494,0.44311040,0
5346000,0.25297415,0.03225383,8.35846528,2.02598745,36.98428345,1.30018123,0
5347000,0.25368509,0.02423559,8.76688524,1.28210445,39.25103428,1.64693372,0
5348000,0.08061705,0.02150712,0.00000000,0.00000000,0.00000000,0.00000000,0
5349000,0.14941432,0.06320953,2.77549088,4.58154604,14.34695686,0.33533051,0
5350000,0.24752843,0.03628172,6.23717720,2.36435707,22.24628189,0.43971575,0
5351000,0.14096259,0.00521723,3.06855867,-0.70332965,4.70802615,0.29182283,0
5352000,0.09414275,0.02239551,1.58501091,1.15746007,1.92598670,0.28807358,0
5353000,0.08308354,0.04770239,1.25262098,3.98081617,8.70797835,0.97345544,0
5354000,0.11184172,0.08668894,0.00000000,0.00000000,0.00000000,0.00000000,0
5355000,0.09533723,0.00061226,0.84916509,-1.07983443,0.36054067,0.25581914,0
5356000,0.08579518,0.01808822,0.87258511,0.47432305,0.49319356,0.23920563,0
5357000,0.09419261,0.00770959,1.30613032,-0.41282939,0.85298821,0.15286130,0
5358000,0.09364989,0.04669289,1.44368487,3.72575408,7.98273475,0.42910715,0
5359000,0.12601914,0.00664591,0.00000000,0.00000000,0.00000000,0.00000000,0
5360000,0.12332039,0.00144778,0.00000000,0.00000000,0.00000000,0.00000000,0
5361000,0.13125674,0.01727624,2.02312850,0.17695803,2.06218153,0.16837052,0
5362000,0.48062536,0.06660821,13.43686898,4.33395144,99.66629150,1.17671797,0
5363000,0.13064776,0.07046665,2.69918085,5.13926780,16.84882542,0.98402881,0
5364000,0.25967419,0.05675418,0.00000000,0.00000000,0.00000000,0.00000000,0
5365000,0.11432174,0.07415542,1.85207281,5.14130246,14.93158233,0.63691471,0
5366000,0.06816378,0.02662623,0.57293331,1.26168870,0.96005547,0.44095411,0
5367000,0.36811385,0.04122894,0.00000000,0.00000000,0.00000000,0.00000000,0
5368000,0.13339169,0.02925476,2.37093771,1.47329860,3.89597719,0.64811879,0
5369000,0.31244120,0.00729873,8.33960963,-0.43838202,34.77454443,1.17545797,0
5370000,0.37209120,0.02352605,0.00000000,0.00000000,0.00000000,0.00000000,0
5371000,0.17139642,0.04336163,4.02647445,2.99764512,12.59918639,0.58193604,0
5372000,0.12149692,0.04355456,2.66952711,3.36973974,9.24076044,0.38324928,0
5373000,0.08081571,0.04185165,1.32819985,3.33917170,6.45709124,0.91569097,0
5374000,0.16320296,0.04927437,4.71265743,4.33199962,20.48768039,1.83622136,0
5375000,0.14220707,0.02875652,0.00000000,0.00000000,0.00000000,0.00000000,0
5376000,0.14774014,0.08059692,3.59274092,5.59754428,22.12014465,0.35005666,0
5377000,0.20874222,0.08986642,6.33481189,7.04541854,44.88388199,0.76109174,0
5378000,0.17264532,0.07204391,0.00000000,0.00000000,0.00000000,0.00000000,0
5379000,0.11689825,0.00161571,2.15500552,-0.93580269,2.32202440,0.28519122,0
5380000,0.32785597,0.08262859,9.85260126,6.78112336,71.52869283,1.98893202,0
5381000,0.13740574,0.09557811,3.39446545,8.51050466,41.97554259,0.94663022,0
5382000,0.16431394,0.04528948,0.00000000,0.00000000,0.00000000,0.00000000,0
5383000,0.25897685,0.02918578,5.35935038,1.22854961,15.11598531,0.29177092,0
5384000,0.19863714,0.00223926,4.59119765,-0.89637251,10.53954793,0.67406208,0
5385000,0.21277098,0.03425561,5.51585165,2.20059924,17.63362822,0.36786220,0
5386000,0.23177041,0.03017588,6.61254467,1.94377436,23.75200292,0.50359682,0
5387000,0.10407539,0.00547720,2.16674938,-0.61132626,2.34740144,0.37744978,0
5388000,0.13225584,0.05453868,3.37893867,4.90603738,17.74321463,0.66669318,0
5389000,0.18402082,0.12009214,0.00000000,0.00000000,0.00000000,0.00000000,0
5390000,0.07875862,0.01536036,0.98132480,0.30330004,0.52749464,1.33968289,0
5391000,0.14812797,0.01135038,0.00000000,0.00000000,0.00000000,0.00000000,0
5392000,0.16191918,0.02800130,3.11749951,1.60176239,6.14222298,0.13851205,0
5393000,0.15984882,0.09010135,3.42644522,8.43633616,41.45614734,0.93186281,0
5394000,0.11850696,0.02899581,0.00000000,0.00000000,0.00000000,0.00000000,0
5395000,0.15913828,0.03059676,3.47032443,1.77656337,7.59966453,0.18626307,0
5396000,0.13325793,0.05469800,0.00000000,0.00000000,0.00000000,0.00000000,0
5397000,0.13713765,0.02183868,2.97146707,0.97566599,4.89077033,0.20777294,0
5398000,0.07612618,0.00075468,1.14282719,-1.16343461,0.65302700,0.14365538,0
5399000,0.07806887,0.04841935,1.30471862,4.14645386,9.44768517,1.38860013,0
5400000,0.33647716,0.08029096,0.00000000,0.00000000,0.00000000,0.00000000,0
5401000,0.10857168,0.08063613,2.02867785,7.27426077,28.51520182,0.73385746,0
5402000,0.22762093,0.02433361,6.53221235,1.51969852,22.48964090,1.81318688,0
5403000,0.04967047,0.02614402,0.00000000,0.00000000,0.00000000,0.00000000,0
5404000,0.10269301,0.00811175,1.42393842,-0.39612733,1.01380032,0.11180247,0
5405000,0.09421233,0.02432099,1.36102255,0.97807736,1.40450885,0.26951595,0
5406000,0.23961894,0.02606788,6.35351379,1.25834111,20.97527994,0.59073374,0
5407000,0.24690792,0.00738418,6.99140376,-0.37462556,24.43986325,0.33942561,0
5408000,0.20755661,0.01204906,5.88335812,0.09876363,17.31182848,0.53864692,0
5409000,0.16257505,0.01159269,0.00000000,0.00000000,0.00000000,0.00000000,0
5410000,0.10955089,0.12870848,1.97860063,9.51011815,47.17860379,1.08546665,0
5411000,0.08248366,0.01300251,1.25648453,0.08571863,0.79305052,0.36305238,0
5412000,0.15044440,0.01356267,3.93279587,0.18698406,7.75092320,0.63484026,0
5413000,0.09093838,0.02556067,1.79681083,1.44722262,2.66149124,0.39489220,0
5414000,0.11411769,0.00654337,0.00000000,0.00000000,0.00000000,0.00000000,0
5415000,0.14164855,0.03532860,3.13874002,2.36335539,7.71856881,0.48369742,0
5416000,0.21848740,0.08613023,6.29783500,8.07268859,52.41551337,1.12861982,0
5417000,0.26771295,0.11302135,8.65951231,11.63230375,105.14882194,2.18422942,0
5418000,0.11213484,0.07550915,0.00000000,0.00000000,0.00000000,0.00000000,0
5419000,0.21661951,0.04222787,5.97624269,2.68720526,21.46827441,0.64682014,0
5420000,0.06908853,0.04755977,0.95162501,3.48708724,6.53268378,0.38108418,0
5421000,0.47029075,0.00369216,17.24451224,-0.74414285,148.68660128,2.79110861,0
5422000,0.21013533,0.04691432,0.00000000,0.00000000,0.00000000,0.00000000,0
5423000,0.20520139,0.13934699,5.25090280,13.31328100,102.40771563,1.18589757,0
5424000,0.27972668,0.01862518,0.00000000,0.00000000,0.00000000,0.00000000,0
5425000,0.14131466,0.00429220,2.60428205,-0.74515761,3.39114250,0.31549716,0
5426000,0.12879695,0.05824189,2.53862494,4.02883552,11.33806612,0.39643622,0
5427000,0.13191260,0.07420914,2.88515914,5.88758555,21.49390342,0.37068761,0
5428000,0.12871723,0.09589160,0.00000000,0.00000000,0.00000000,0.00000000,0
5429000,0.06642175,0.00589261,0.43406562,-0.57040388,0.09420648,0.10589115,0
5430000,0.15499836,0.01439378,3.39542800,0.27719213,5.80288338,1.75686172,0
5431000,0.09949095,0.10942332,0.00000000,0.00000000,0.00000000,0.00000000,0
5432000,0.34477672,0.01910967,9.10953549,0.64374308,41.69902101,0.68612330,0
5433000,0.10350832,0.12132912,0.00000000,0.00000000,0.00000000,0.00000000,0
5434000,0.13673253,0.06299397,1.36749699,2.33918129,3.67090856,0.13287090,0
5435000,0.12888359,0.03613688,1.62169593,1.28025296,2.13447266,0.07080720,0
5436000,0.13133001,0.02694046,1.95266502,0.87817960,2.29205005,0.01424413,0
5437000,0.11774450,0.04121262,1.76635860,2.07837027,3.71982283,0.21099544,0
5438000,0.08667765,0.10149094,1.02331675,7.05998118,25.44525575,0.36805783,0
5439000,0.11662509,0.02709455,2.01475662,1.23790281,2.79582380,0.17546352,0
5440000,0.07368574,0.00761077,0.81716764,-0.36389330,0.33388148,0.07203122,0
5441000,0.12899342,0.03835314,2.63122702,2.40663338,6.35761995,0.47219718,0
5442000,0.15783314,0.04335796,3.67664473,2.96593195,11.15723440,0.39030106,0
5443000,0.40211153,0.01722040,11.96243573,0.57740889,71.71663484,0.87519425,0
5444000,0.10969288,0.02468354,2.24306273,1.33123168,3.40175410,0.57596620,0
5445000,0.14330661,0.06017435,3.48515409,4.89775599,18.06715636,1.05867841,0
5446000,0.08401173,0.01190185,1.44837876,0.12048191,1.05615846,0.58305251,0
5447000,0.12244543,0.02705769,2.87377708,1.69256488,5.56168528,0.12844533,0
5448000,0.14160351,0.01754932,3.63299626,0.73351408,6.86835237,0.39115635,0
5449000,0.20350818,0.02775048,5.99832964,1.82612033,19.65733694,0.99010750,0
5450000,0.12066285,0.06452627,0.00000000,0.00000000,0.00000000,0.00000000,0
5451000,0.12935945,0.00613988,2.77435937,-0.45865963,3.84853497,0.56835158,0
5452000,0.11290181,0.09881222,0.00000000,0.00000000,0.00000000,0.00000000,0
5453000,0.31783444,0.10769250,0.00000000,0.00000000,0.00000000,0.00000000,0
5454000,0.08730049,0.01841490,1.47356440,0.82444102,1.42554752,0.16684259,0
5455000,0.15012629,0.01458633,4.00779087,0.47422703,8.14363947,0.28930996,0
5456000,0.08861509,0.01578222,1.84776433,0.67556237,1.93530876,0.73817805,0
5457000,0.15121545,0.01818955,0.00000000,0.00000000,0.00000000,0.00000000,0
5458000,0.20936356,0.00606641,5.73279380,-0.46420589,16.43246239,0.79721905,0
5459000,0.11120896,0.01081661,2.58183688,0.15433906,3.34485112,1.33780641,0
5460000,0.10943928,0.01659908,0.00000000,0.00000000,0.00000000,0.00000000,0
5461000,0.14107274,0.01085705,3.18329532,-0.06897559,5.06668455,0.28540858,0
5462000,0.10168975,0.03543671,2.08093599,2.59675464,5.53671463,0.48972012,0
5463000,0.07083304,0.01687757,1.07252697,0.70644065,0.82468624,0.70618347,0
5464000,0.11677862,0.04676726,0.00000000,0.00000000,0.00000000,0.00000000,0
5465000,0.10181073,0.01743304,1.27734403,0.30332382,0.86180656,0.07167678,0
5466000,0.06522544,0.03960111,0.51909435,2.56428311,3.42250342,0.06677524,0
5467000,0.13511522,0.01873041,3.01413324,0.77173911,4.84029021,0.37198806,0
5468000,0.27677974,0.01742378,8.31018360,0.71596476,34.78587852,0.70325310,0
5469000,0.08723341,0.03862923,0.00000000,0.00000000,0.00000000,0.00000000,0
5470000,0.16312753,0.03473372,3.66825247,2.34820430,9.48506982,0.30738837,0
5471000,0.14631271,0.00614927,0.00000000,0.00000000,0.00000000,0.00000000,0
5472000,0.15174852,0.02523234,3.37925491,1.49463323,6.82664613,0.29096767,0
5473000,0.09983033,0.05371887,1.96728052,4.96111962,14.24145025,0.22270536,0
5474000,0.14843236,0.07622088,3.98845009,7.89566031,39.12459290,0.79086052,0
5475000,0.15635595,0.04076428,4.54096363,3.87401538,17.81417293,0.51664453,0
5476000,0.11027566,0.01412079,0.00000000,0.00000000,0.00000000,0.00000000,0
5477000,0.06563255,0.01894528,0.58781294,0.87758642,0.55784099,0.45354472,0
5478000,0.11615673,0.00161685,0.00000000,0.00000000,0.00000000,0.00000000,0
5479000,0.09715498,0.01952155,1.75428918,0.74487660,1.81618585,0.67694840,0
5480000,0.10790595,0.03536654,2.29145204,2.36094363,5.41240363,1.53308751,0
5481000,0.07297494,0.04241189,0.00000000,0.00000000,0.00000000,0.00000000,0
5482000,0.06769875,0.04121016,0.69283455,2.80271513,4.16761590,0.15263456,0
5483000,0.07131255,0.06281633,1.00320750,5.42733220,15.23118003,1.03575284,0
5484000,0.09859595,0.00872471,2.17750252,-0.24135733,2.37075861,0.60720919,0
5485000,0.12736310,0.07188109,3.47527599,7.11240739,31.33194109,1.28803068,0
5486000,0.37137869,0.07343800,0.00000000,0.00000000,0.00000000,0.00000000,0
5487000,0.06307187,0.01161561,0.36050505,-0.02291637,0.06498195,0.63818202,0
5488000,0.11202653,0.10601034,2.03844321,9.90184370,51.10087969,1.11625395,0
5489000,0.09190018,0.04272951,0.00000000,0.00000000,0.00000000,0.00000000,0
5490000,0.24186558,0.02871124,5.96977625,1.40385068,18.80451260,0.50693025,0
5491000,0.13347910,0.05006644,0.00000000,0.00000000,0.00000000,0.00000000,0
5492000,0.14576514,0.02283271,0.00000000,0.00000000,0.00000000,0.00000000,0
5493000,0.29241952,0.02181375,6.10100325,0.57296995,18.77526758,0.48961685,0
5494000,0.25574574,0.01003591,5.91371916,-0.22795940,17.48603717,0.52795563,0
5495000,0.10760423,0.02640661,1.77991205,1.34105579,2.48325878,0.10594955,0
5496000,0.11584388,0.04424191,0.00000000,0.00000000,0.00000000,0.00000000,0
5497000,0.08910039,0.01498707,1.29923000,0.33988134,0.90175896,0.11068115,0
5498000,0.05923034,0.00321365,0.52482259,-0.79521097,0.13771938,0.39967347,0
5499000,0.08884734,0.01854360,1.63623561,0.90018325,1.74379842,0.46851903,0
5500000,0.45496464,0.01773174,15.33452501,0.87210036,117.95410822,2.33823762,0
5501000,0.08797631,0.01929057,0.00000000,0.00000000,0.00000000,0.00000000,0
5502000,0.09733026,0.02818361,1.94224690,1.95910599,3.80520965,0.87983869,0
5503000,0.09831480,0.00234095,0.00000000,0.00000000,0.00000000,0.00000000,0
5504000,0.08384943,0.05401462,1.45796029,4.04793985,9.25573259,0.50419603,0
5505000,0.15635516,0.07808934,4.52429098,7.15232754,35.81249902,0.82779371,0
5506000,0.07549117,0.03172933,0.00000000,0.00000000,0.00000000,0.00000000,0
5507000,0.08383711,0.04415860,1.42455156,2.94394947,5.34809280,0.14085425,0
5508000,0.14786431,0.03015350,4.11926113,1.95264061,10.39055881,0.25993136,0
5509000,0.09678817,0.04446983,2.31454844,3.63705578,9.29265462,0.99774107,0
5510000,0.15916154,0.09940154,0.00000000,0.00000000,0.00000000,0.00000000,0
5511000,0.07319732,0.02575600,0.73268754,1.12940022,0.90618795,0.20668068,0
5512000,0.12707683,0.03980243,2.69795825,2.67484504,7.21688737,1.27515042,0
5513000,0.07735398,0.04785560,1.16019763,3.74696574,7.69290540,0.26239779,0
5514000,0.05966994,0.02682840,0.59163974,1.72059956,1.65525021,0.21486981,0
5515000,0.08417727,0.03197302,1.58985183,2.39213524,4.12496991,0.18979655,0
5516000,0.12625039,0.07280625,3.34360269,7.20235816,31.52682099,0.88102012,0
5517000,0.07610928,0.00291225,0.00000000,0.00000000,0.00000000,0.00000000,0
5518000,0.03868069,0.03991135,-0.13673646,3.43721351,5.90721834,0.16095816,0
5519000,0.32447907,0.06205068,0.00000000,0.00000000,0.00000000,0.00000000,0
5520000,0.26096958,0.00776302,7.11681476,-0.29808604,25.32452613,0.34835804,0
5521000,0.29075435,0.01847151,9.03959504,0.78114470,41.16223276,0.80727862,0
5522000,0.11823034,0.02607959,2.99906614,1.61863850,5.80719415,0.50151940,0
5523000,0.11570509,0.04760547,0.00000000,0.00000000,0.00000000,0.00000000,0
5524000,0.15939648,0.06093824,3.81950431,5.78108188,24.00476048,1.03213387,0
5525000,0.19000654,0.02240058,5.36832081,1.47199087,15.49281272,0.80910996,0
5526000,0.11850309,0.00237169,2.96574790,-0.97101518,4.39783030,1.07710363,0
5527000,0.28810832,0.01218315,0.00000000,0.00000000,0.00000000,0.00000000,0
5528000,0.10260951,0.00191626,1.96911351,-0.88856142,1.93870401,0.66240402,0
5529000,0.12557010,0.02625332,3.05652403,2.17809192,7.04321177,0.69707258,0
5530000,0.05829591,0.00858682,0.00000000,0.00000000,0.00000000,0.00000000,0
5531000,0.06755919,0.00631882,0.88330131,-0.41597877,0.39011060,0.09125414,0
5532000,0.10088308,0.00744745,0.00000000,0.00000000,0.00000000,0.00000000,0
5533000,0.15082549,0.07948700,3.88876404,6.74147508,30.28498598,2.75686439,0
5534000,0.14339985,0.09478286,0.00000000,0.00000000,0.00000000,0.00000000,0
5535000,0.10512260,0.01886521,1.96001182,0.67897523,2.15132684,0.04940079,0
5536000,0.07657254,0.02688577,1.25785412,1.65449262,2.15977140,0.30147303,0
5537000,0.24780978,0.01416211,0.00000000,0.00000000,0.00000000,0.00000000,0
5538000,0.10849493,0.00715202,2.52183641,-0.29335026,3.17982945,0.27118812,0
5539000,0.22605743,0.03301442,0.00000000,0.00000000,0.00000000,0.00000000,0
5540000,0.08333861,0.05637377,0.82948564,3.61695553,6.88520686,0.11620206,0
5541000,0.12310375,0.06759297,2.34250247,5.41505225,17.40505432,0.33675235,0
5542000,0.21234912,0.01156060,5.51437354,0.06818990,15.20648269,0.41265490,0
5543000,0.15535752,0.00703525,3.90893901,-0.36255428,7.63990209,0.44665265,0
5544000,0.38681012,0.01006251,0.00000000,0.00000000,0.00000000,0.00000000,0
5545000,0.05438549,0.00742011,0.46858918,-0.25025298,0.10978791,0.27349952,0
5546000,0.11639833,0.05708257,2.92124948,6.14531546,23.14930033,0.83314585,0
5547000,0.09867408,0.04340907,0.00000000,0.00000000,0.00000000,0.00000000,0
5548000,0.14580978,0.02334091,3.72561736,1.51064350,8.08113425,0.83258988,0
5549000,0.06441717,0.04186399,0.97957092,3.91285525,8.13499769,0.70652938,0
5550000,0.07091571,0.00358137,1.36167803,-0.71049637,0.92708353,0.49764788,0
5551000,0.10902054,0.01496221,3.11313330,0.80938166,5.17334882,0.69259516,0
5552000,0.14002047,0.00796331,0.00000000,0.00000000,0.00000000,0.00000000,0
5553000,0.10680989,0.00204482,2.25344162,-0.97244306,2.53899956,0.29558911,0
5554000,0.21380787,0.01687163,6.60555447,0.85386063,22.18121394,0.85062529,0
5555000,0.11919408,0.07687213,3.25625727,8.78082908,43.85308539,0.82045080,0
5556000,0.08809138,0.06554229,0.00000000,0.00000000,0.00000000,0.00000000,0
5557000,0.05217289,0.08416447,0.30643331,8.07649625,32.66184654,0.81426203,0
5558000,0.07578181,0.05201542,0.00000000,0.00000000,0.00000000,0.00000000,0
5559000,0.20880179,0.01481784,6.22042383,0.65745768,19.56296164,0.70913250,0
5560000,0.29437670,0.05203079,10.29767868,5.78608804,69.76050055,1.13166744,0
5561000,0.11875677,0.02390897,0.00000000,0.00000000,0.00000000,0.00000000,0
5562000,0.21767490,0.04442455,6.51175036,4.89381841,33.17617568,0.53109476,0
5563000,0.16257049,0.01328195,0.00000000,0.00000000,0.00000000,0.00000000,0
5564000,0.16729856,0.02424781,3.14758159,1.09028143,5.54799175,0.36105786,0
5565000,0.10717172,0.04530766,1.80832719,3.42786982,7.51016938,0.24628938,0
5566000,0.18970142,0.00121610,4.70159316,-0.98331783,11.05248914,0.50708913,0
5567000,0.12340020,0.01130279,2.75527579,0.13038342,3.80427226,0.18335932,0
5568000,0.05997467,0.06511571,0.63167817,6.54129569,21.59378329,1.20065490,0
5569000,0.09334221,0.12638037,0.00000000,0.00000000,0.00000000,0.00000000,0
5570000,0.12451376,0.08769017,2.22045736,6.88282333,26.15184395,0.32817876,0
5571000,0.06359204,0.06780351,0.55937145,5.66694226,16.21356548,0.82980526,0
5572000,0.05044420,0.02304065,0.20500795,1.32506546,0.89891336,0.44592684,0
5573000,0.41149467,0.00930570,13.29296904,-0.10631370,88.35151295,1.28208097,0
5574000,0.17626154,0.02318293,0.00000000,0.00000000,0.00000000,0.00000000,0
5575000,0.17547901,0.00075493,5.12769328,-1.15523148,13.14661916,0.39093183,0
5576000,0.32029098,0.01167610,11.61685579,0.44864753,67.57631153,1.11358761,0
5577000,0.15839964,0.04749895,0.00000000,0.00000000,0.00000000,0.00000000,0
5578000,0.12657437,0.01581876,2.23374203,0.29413104,2.53805826,0.24288701,0
5579000,0.09405456,0.08771014,1.65547757,7.44512231,29.08522609,0.57436545,0
5580000,0.14336747,0.01749519,0.00000000,0.00000000,0.00000000,0.00000000,0
5581000,0.16561842,0.05711019,4.86264793,5.10881079,24.87264627,0.69084304,0
5582000,0.09861434,0.03616146,2.58813926,3.23727032,8.58919199,0.97701432,0
5583000,0.11485860,0.01713836,3.50432181,1.05985257,6.70177940,0.52373466,0
5584000,0.16961545,0.08784201,0.00000000,0.00000000,0.00000000,0.00000000,0
5585000,0.10356787,0.00829361,2.20383286,-0.16839670,2.42843964,1.28030786,0
5586000,0.08048912,0.01606508,1.59496549,0.77597188,1.57302363,0.30110758,0
5587000,0.07101552,0.02176357,0.00000000,0.00000000,0.00000000,0.00000000,0
5588000,0.43524429,0.03937849,12.45569925,2.90167456,81.78207952,1.16877094,0
5589000,0.24063040,0.02946384,7.00031003,2.09611666,26.69902277,0.51716617,0
5590000,0.08581279,0.02959448,1.68283641,2.28285967,4.02169332,0.32165269,0
5591000,0.07084555,0.04050813,0.00000000,0.00000000,0.00000000,0.00000000,0
5592000,0.06254723,0.00042625,0.74106290,-1.03640097,0.27458711,0.39523138,0
5593000,0.10534703,0.00818909,2.52982105,-0.19231256,3.19999726,0.22699650,0
5594000,0.19482528,0.15883501,6.41318652,18.05273758,183.51514771,2.11262870,0
5595000,0.17487957,0.04092536,0.00000000,0.00000000,0.00000000,0.00000000,0
5596000,0.17691751,0.06936480,4.45999201,6.23389080,29.37646161,0.39587428,0
5597000,0.11065391,0.08503526,2.56076758,8.54485072,39.78600218,0.60264189,0
5598000,0.10860234,0.03882920,2.73188880,3.59036277,10.17696059,0.24668794,0
5599000,0.06665072,0.07704738,0.00000000,0.00000000,0.00000000,0.00000000,0
5600000,0.15814769,0.03518641,4.22859491,2.75852377,12.74523416,0.24457948,0
5601000,0.15638359,0.00767498,4.65906436,-0.20571210,10.85344036,0.23694198,0
5602000,0.10496037,0.00721907,0.00000000,0.00000000,0.00000000,0.00000000,0
5603000,0.16736780,0.00166701,4.43179199,-0.89589042,9.82039013,0.78556601,0
5604000,0.22352384,0.06250942,7.06741354,6.28317381,44.71330362,0.93756755,0
5605000,0.18022452,0.02927937,0.00000000,0.00000000,0.00000000,0.00000000,0
5606000,0.09612417,0.09340318,2.03239605,9.17352533,44.14210037,1.17945643,0
5607000,0.09039707,0.11990876,0.00000000,0.00000000,0.00000000,0.00000000,0
5608000,0.09906663,0.03670876,1.66363452,2.16752866,3.73293015,0.08593556,0
5609000,0.08768097,0.01124833,1.52239500,-0.02104527,1.15884327,0.30801923,0
5610000,0.11247726,0.02528165,2.60236431,1.52276732,4.54556016,0.23779058,0
5611000,0.21880296,0.03999035,6.89831810,3.27820735,29.16671804,0.42309191,0
5612000,0.10388452,0.02279080,2.59533997,1.47826239,4.46052462,0.47318810,0
5613000,0.06047568,0.08251251,0.91023309,8.68988296,38.17129506,0.92437940,0
5614000,0.09218187,0.03753182,0.00000000,0.00000000,0.00000000,0.00000000,0
5615000,0.25903955,0.06403489,7.59887092,5.69637324,45.09575369,0.67150534,0
5616000,0.05968890,0.00450487,0.78337491,-0.53766418,0.30683813,0.70663243,0
5617000,0.06802873,0.00853629,1.20826964,-0.07167951,0.72995776,2.18391651,0
5618000,0.27271035,0.00717592,0.00000000,0.00000000,0.00000000,0.00000000,0
5619000,0.09769526,0.04580760,1.62831062,3.36600032,6.99067681,0.11415866,0
5620000,0.14913180,0.00963833,3.63032050,-0.06148532,6.58961347,0.29120540,0
5621000,0.06574191,0.01960833,0.94657154,1.13012774,1.08659320,0.21302046,0
5622000,0.22370577,0.03490378,7.08436276,3.02077326,29.65663341,0.68909524,0
5623000,0.14067051,0.06877916,4.09739353,7.33856412,35.32157855,0.62696282,0
5624000,0.07506672,0.00662720,0.00000000,0.00000000,0.00000000,0.00000000,0
5625000,0.11697432,0.03104199,2.62749276,2.48466416,6.53863710,0.64462843,0
5626000,0.11298572,0.03529156,0.00000000,0.00000000,0.00000000,0.00000000,0
5627000,0.19875914,0.03546778,5.44469497,2.71871044,18.51804490,0.66366593,0
5628000,0.10912868,0.05059336,0.00000000,0.00000000,0.00000000,0.00000000,0
5629000,0.08357831,0.03044377,1.58136830,2.22401403,3.72348205,0.98354075,0
5630000,0.17326882,0.02658950,0.00000000,0.00000000,0.00000000,0.00000000,0
5631000,0.12610948,0.06667730,2.30702991,4.43344404,12.48890655,0.52605027,0
5632000,0.12425756,0.04062327,2.67084780,2.82171598,7.54775451,0.37585847,0
5633000,0.18730810,0.02443590,5.23121310,1.49730549,14.80375711,1.29902262,0
5634000,0.16423981,0.15806745,0.00000000,0.00000000,0.00000000,0.00000000,0
5635000,0.22769068,0.03335814,6.97217427,1.83419691,25.98774616,0.54451019,0
5636000,0.14322886,0.00383448,0.00000000,0.00000000,0.00000000,0.00000000,0
5637000,0.16637696,0.03624590,2.96452319,2.42057742,7.32379641,0.05323796,0
5638000,0.16060230,0.08278059,0.00000000,0.00000000,0.00000000,0.00000000,0
5639000,0.07520259,0.03085239,1.17584784,2.16905106,3.04370032,0.29972457,0
5640000,0.18059137,0.01095343,5.35782578,0.14520007,14.36369010,0.69318564,0
5641000,0.11879830,0.04771467,3.24965607,4.62108567,15.95734869,0.47299140,0
5642000,0.09816132,0.04345457,2.58084819,4.35973900,12.83405075,0.59747779,0
5643000,0.14970468,0.05233164,0.00000000,0.00000000,0.00000000,0.00000000,0
5644000,0.11649962,0.04667655,2.08012458,3.95187423,9.97211412,0.14533574,0
5645000,0.21817061,0.02009704,5.66096606,1.20639759,16.75096595,0.47004098,0
5646000,0.11862357,0.06884290,2.65980593,7.31176681,30.26825076,0.71716657,0
5647000,0.30443543,0.08427827,0.00000000,0.00000000,0.00000000,0.00000000,0
5648000,0.13912562,0.02727606,3.03978841,1.47446900,5.70718620,0.31081016,0
5649000,0.08495575,0.01258709,1.54603496,0.23997266,1.22390549,0.79582577,0
5650000,0.04370423,0.02204606,0.11445847,1.27792598,0.82309778,0.36369497,0
5651000,0.11760247,0.01617758,3.09804373,0.72083142,5.05873645,0.55005960,0
5652000,0.10174402,0.02720276,2.61281611,2.07279410,5.56164170,0.30495980,0
5653000,0.11491859,0.07487776,3.27281652,7.89535671,36.52399276,2.31835915,0
5654000,0.22527823,0.03899455,0.00000000,0.00000000,0.00000000,0.00000000,0
5655000,0.09410840,0.05079563,1.73178008,4.38318827,11.10570080,0.39761430,0
5656000,0.12915517,0.06051712,0.00000000,0.00000000,0.00000000,0.00000000,0
5657000,0.08221430,0.04928420,1.48506198,4.11821788,9.58256380,0.26168172,0
5658000,0.11649181,0.03405609,3.01559348,2.85198318,8.61380606,0.62525586,0
5659000,0.05542659,0.03162917,0.00000000,0.00000000,0.00000000,0.00000000,0
5660000,0.07626479,0.01353951,1.25026377,0.41270050,0.86674060,1.00079229,0
5661000,0.07248469,0.05854683,0.00000000,0.00000000,0.00000000,0.00000000,0
5662000,0.14890550,0.04113265,3.79091016,3.76094831,14.25786601,0.32518708,0
5663000,0.15474518,0.03361474,0.00000000,0.00000000,0.00000000,0.00000000,0
5664000,0.18688340,0.03795261,4.80413114,3.07208615,16.25869464,0.45293572,0
5665000,0.09168462,0.06366922,1.86707349,6.56234400,23.27516111,1.10064756,0
5666000,0.30623463,0.02322466,10.36184052,1.78510408,55.27716780,0.00000000,1
5667000,0.09473803,0.00490406,1.27556998,-0.59522771,0.81353939,0.00000000,0
5668000,0.18533359,0.03193361,4.65630628,2.30292448,13.49232468,0.16446333,0
5669000,0.25881001,0.04574636,7.86060458,4.30637486,40.16698436,0.45437223,0
5670000,0.21591832,0.01088331,6.78362326,0.24284305,23.03825863,0.53727797,0
5671000,0.06146875,0.03893852,0.00000000,0.00000000,0.00000000,0.00000000,0
5672000,0.05488288,0.03090739,0.59820797,2.57556650,3.49569778,0.79333332,0
5673000,0.13219599,0.01645142,4.07559052,0.92000943,8.72842770,0.34019919,0
5674000,0.09471357,0.10689584,2.69332587,13.43248365,93.84281063,1.48234492,0
5675000,0.10394296,0.11442752,0.00000000,0.00000000,0.00000000,0.00000000,0
5676000,0.29061422,0.03385382,8.33669502,2.31513242,37.43016102,0.52122084,0
5677000,0.14046898,0.02367236,3.66566045,1.48610652,7.82278956,0.65670664,0
5678000,0.09059132,0.00880206,1.99145480,-0.09045706,1.98294610,0.84146775,0
5679000,0.11514834,0.02788464,0.00000000,0.00000000,0.00000000,0.00000000,0
5680000,0.05550489,0.03079899,0.60715112,2.16916038,2.53694462,0.73140455,0
5681000,0.16447726,0.05771281,0.00000000,0.00000000,0.00000000,0.00000000,0
5682000,0.11528580,0.01229093,1.69838670,0.01167086,1.44232680,1.71865516,0
5683000,0.19671503,0.02488947,4.35837533,1.30485703,10.34904368,0.85368811,0
5684000,0.20156369,0.02560504,4.86625058,1.53699280,13.02137080,0.98555764,0
5685000,0.14988482,0.03914718,0.00000000,0.00000000,0.00000000,0.00000000,0
5686000,0.48139629,0.01748661,16.23456588,0.81314880,132.11117013,1.81599232,0
5687000,0.14273904,0.00551517,4.25892957,-0.43048536,9.06924053,0.35258771,0
5688000,0.14296985,0.04971857,0.00000000,0.00000000,0.00000000,0.00000000,0
5689000,0.10614201,0.01139665,2.13145774,0.18289584,2.28828149,0.30065588,0
5690000,0.24633795,0.00242399,0.00000000,0.00000000,0.00000000,0.00000000,0
5691000,0.09373017,0.05564494,1.52690903,6.07612774,19.62538973,0.26899376,0
5692000,0.13087359,0.04700669,3.05049861,5.39883975,19.22650619,0.57174752,0
5693000,0.10769200,0.03470514,0.00000000,0.00000000,0.00000000,0.00000000,0
5694000,0.16727251,0.00109584,4.06242143,-0.89596438,8.25163393,0.14481757,0
5695000,0.06171069,0.00867307,0.78747461,-0.17409584,0.31005813,0.58394652,0
5696000,0.08883600,0.00912930,0.00000000,0.00000000,0.00000000,0.00000000,0
5697000,0.11031318,0.02350939,2.79046192,1.74915399,5.42310871,0.34981896,0
5698000,0.31438312,0.03765689,11.60185789,3.72959313,74.25648571,1.68429573,0
5699000,0.32409519,0.00588126,0.00000000,0.00000000,0.00000000,0.00000000,0
5700000,0.09608457,0.03486385,0.00000000,0.00000000,0.00000000,0.00000000,0
5701000,0.06972093,0.03499376,0.77536658,1.77793180,1.88111740,0.38618444,0
5702000,0.13263147,0.00434431,3.13686565,-0.54677606,4.91996306,0.53751450,0
5703000,0.14408267,0.03111680,3.83194772,1.95825846,9.25929976,0.26196969,0
5704000,0.15355232,0.03196721,4.41931839,2.23834194,12.27027483,0.80681283,0
5705000,0.22745946,0.04429300,0.00000000,0.00000000,0.00000000,0.00000000,0
5706000,0.06342401,0.03143147,0.66463479,2.69836804,3.86146475,0.35229604,0
5707000,0.04377596,0.02084617,0.12265692,1.53133277,1.18001238,1.42180271,0
5708000,0.06502681,0.05916649,0.00000000,0.00000000,0.00000000,0.00000000,0
5709000,0.04592803,0.03006386,0.30364973,2.09243592,2.23524562,0.13074413,0
5710000,0.09827996,0.05511548,0.00000000,0.00000000,0.00000000,0.00000000,0
5711000,0.10245033,0.00011331,1.99603880,-1.12231831,1.99208545,0.39962360,0
5712000,0.10700279,0.02270677,2.42356267,1.51652033,4.08674496,0.30863523,0
5713000,0.09060548,0.08667803,1.98613937,9.71311027,49.14463033,1.26832601,0
5714000,0.19731709,0.01601754,0.00000000,0.00000000,0.00000000,0.00000000,0
5715000,0.10258028,0.01674618,1.59449967,0.55343136,1.42435774,0.64239190,0
5716000,0.22082008,0.00031655,0.00000000,0.00000000,0.00000000,0.00000000,0
5717000,0.12184715,0.04846764,2.21507303,4.00589481,10.47687087,0.41167671,0
5718000,0.10685619,0.03948678,2.03912054,3.41946664,7.92538234,0.51223002,0
5719000,0.08422042,0.00301911,0.00000000,0.00000000,0.00000000,0.00000000,0
5720000,0.35546944,0.01483750,10.56547485,0.57201528,55.97823018,1.16564802,0
5721000,0.09887637,0.01968296,2.14657473,1.27653559,3.11866308,1.25305002,0
5722000,0.12560585,0.01386644,3.37212080,0.60940230,5.87128494,0.35145545,0
5723000,0.10659128,0.00479242,0.00000000,0.00000000,0.00000000,0.00000000,0
5724000,0.15428145,0.02176455,4.32908820,1.41141837,10.36655320,0.86257550,0
5725000,0.12541373,0.02804989,3.57515882,2.34605874,9.14287609,0.79012440,0
5726000,0.10624526,0.02079793,2.98465244,1.52720237,5.62024863,2.35966660,0
5727000,0.12087652,0.04248236,0.00000000,0.00000000,0.00000000,0.00000000,0
5728000,0.09360389,0.02541143,1.64033198,2.12572922,3.60470687,0.58992043,0
5729000,0.10298176,0.04275977,0.00000000,0.00000000,0.00000000,0.00000000,0
5730000,0.08626134,0.01896423,1.92220852,1.13523089,2.49181739,0.27537487,0
5731000,0.11112763,0.07044500,3.18752718,7.51493298,33.31727362,1.23896689,0
5732000,0.06759769,0.04570349,0.00000000,0.00000000,0.00000000,0.00000000,0
5733000,0.10906648,0.01655831,1.84357839,0.80739628,2.02533501,0.38828368,0
5734000,0.08787701,0.01438993,1.45429868,0.70055590,1.30288160,0.29714416,0
5735000,0.09525574,0.13852818,1.87425703,18.10383199,165.63078602,2.55738264,0
5736000,0.10188644,0.06678233,0.00000000,0.00000000,0.00000000,0.00000000,0
5737000,0.09255669,0.08136494,1.65762906,7.88390529,32.45184839,0.75345054,0
5738000,0.08601157,0.07738400,1.63844588,8.17170735,34.73065294,0.95392454,0
5739000,0.21464379,0.06502035,0.00000000,0.00000000,0.00000000,0.00000000,0
5740000,0.10340521,0.00267507,2.17806550,-0.79359188,2.37198467,0.45360751,0
5741000,0.06534748,0.04827517,0.93971653,4.78462044,11.88782995,0.79725743,0
5742000,0.30142930,0.00001055,10.76696205,-1.17462483,57.96373587,0.88967939,0
5743000,0.13095446,0.02834444,0.00000000,0.00000000,0.00000000,0.00000000,0
5744000,0.13055579,0.06521025,3.10216359,6.95776731,29.01697245,0.90965948,0
5745000,0.07240473,0.02166034,1.27298889,1.70491742,2.26362206,1.20779049,0
5746000,0.06587726,0.02507086,0.00000000,0.00000000,0.00000000,0.00000000,0
5747000,0.15798594,0.01200058,3.78645291,0.30780332,7.21598426,0.18736474,0
5748000,0.11841432,0.05424951,2.86764939,5.74205528,20.59730593,0.51246664,0
5749000,0.07827733,0.06445476,1.54976051,7.49960538,29.32291923,1.10115075,0
5750000,0.20005150,0.10678936,0.00000000,0.00000000,0.00000000,0.00000000,0
5751000,0.16391917,0.09839948,3.84905877,9.73729377,54.81507163,0.81622347,0
5752000,0.03758286,0.00634033,-0.13716600,-0.37997979,0.00000000,0.35120403,0
5753000,0.14726542,0.00365284,4.02737159,-0.70632064,8.10986098,0.58157596,0
5754000,0.09138726,0.06350989,2.04868885,7.16978388,27.80146347,1.59885694,0
5755000,0.12075958,0.02171531,0.00000000,0.00000000,0.00000000,0.00000000,0
5756000,0.23194243,0.02088708,7.60749403,2.14927546,31.24667519,1.86413762,0
5757000,0.26207873,0.02336567,9.72032668,2.72745668,50.96188535,1.58428274,0
5758000,0.14359052,0.06933509,0.00000000,0.00000000,0.00000000,0.00000000,0
5759000,0.19097002,0.08159646,4.98119465,7.49356081,40.48287687,0.83548989,0
5760000,0.07701165,0.02236926,1.23957134,1.33084747,1.65384604,1.70213562,0
5761000,0.12876613,0.07487760,3.37145422,7.64336516,34.89386728,0.93193259,0
5762000,0.07666349,0.06271767,1.46463803,6.55016456,22.52491015,0.55253013,0
5763000,0.07578789,0.07752377,0.00000000,0.00000000,0.00000000,0.00000000,0
5764000,0.29862827,0.06022600,8.61288262,6.12552278,55.85188817,0.92636472,0
5765000,0.08051272,0.00055549,1.54025728,-1.08084050,1.18619624,0.17693841,0
5766000,0.17581294,0.00602629,5.43155186,-0.35326217,14.75087780,0.88031992,0
5767000,0.09780424,0.02895054,0.00000000,0.00000000,0.00000000,0.00000000,0
5768000,0.09717038,0.07484394,2.10425652,9.27260739,45.20457167,0.94675142,0
5769000,0.10003825,0.08552672,0.00000000,0.00000000,0.00000000,0.00000000,0
5770000,0.06345104,0.01391861,0.78973289,0.59093653,0.48644201,0.07354177,0
5771000,0.09679184,0.02767595,2.11279429,2.48598406,5.32200822,0.43088416,0
5772000,0.06631617,0.06722718,1.10673478,8.25160144,34.65689406,0.87513242,0
5773000,0.11278037,0.10131472,3.10891706,13.61773994,97.55410321,2.46859556,0
5774000,0.07025834,0.03483626,0.00000000,0.00000000,0.00000000,0.00000000,0
5775000,0.11984158,0.02719087,2.95063155,2.39514794,7.22148012,0.44956021,0
5776000,0.11370160,0.01096309,3.05943206,0.36871387,4.74803721,0.47239461,0
5777000,0.07807304,0.01735998,1.78097902,1.35738177,2.50718577,0.81087556,0
5778000,0.11884350,0.01493685,0.00000000,0.00000000,0.00000000,0.00000000,0
5779000,0.06536776,0.07695308,0.95661890,9.25077358,43.24596574,1.14056372,0
5780000,0.13656038,0.07235562,0.00000000,0.00000000,0.00000000,0.00000000,0
5781000,0.21655360,0.02015055,5.29746041,0.91722193,14.45219141,1.21673817,0
5782000,0.12320792,0.02390933,2.69761879,1.48193516,4.73663949,0.15496525,0
5783000,0.21215379,0.04110557,6.20032700,3.69160838,26.03601369,0.44756140,0
5784000,0.08719899,0.03873616,1.78990659,3.56861941,7.96940504,0.52749541,0
5785000,0.09121021,0.01812257,0.00000000,0.00000000,0.00000000,0.00000000,0
5786000,0.30991286,0.05317999,0.00000000,0.00000000,0.00000000,0.00000000,0
5787000,0.12916946,0.03891562,2.76275055,3.49530237,9.92496462,0.41610365,0
5788000,0.14008191,0.02787399,3.51685549,2.42152239,9.11602160,1.44342873,0
5789000,0.09490327,0.04538787,0.00000000,0.00000000,0.00000000,0.00000000,0
5790000,0.37090486,0.04124597,11.44416822,3.30996160,70.96241605,1.25577298,0
5791000,0.12825674,0.02358479,3.48845662,1.65324357,7.45127195,0.66075531,0
5792000,0.11101574,0.06611919,0.00000000,0.00000000,0.00000000,0.00000000,0
5793000,0.06153537,0.04107614,0.45511928,2.79815343,4.01839810,0.71466336,0
5794000,0.06353120,0.01011546,0.65040264,-0.03061744,0.21151179,0.43909722,0
5795000,0.07116847,0.02978104,1.05381565,2.24246358,3.06958516,0.27226215,0
5796000,0.11007664,0.01624804,2.71710611,0.80656707,4.01660802,0.35063047,0
5797000,0.11469764,0.05351390,3.05483566,5.48738880,19.72172836,0.78082549,0
5798000,0.17183138,0.02468036,0.00000000,0.00000000,0.00000000,0.00000000,0
5799000,0.10942009,0.01746630,0.00000000,0.00000000,0.00000000,0.00000000,0
5800000,0.08162594,0.04013585,0.71007082,2.22606487,2.72978269,0.28239114,0
5801000,0.08514386,0.03948686,1.11615794,2.72063075,4.32382013,0.26435398,0
5802000,0.15268844,0.01347710,3.53793801,0.34227689,6.31707941,0.17705658,0
5803000,0.13072756,0.01739944,3.07129417,0.87752803,5.10145165,0.12390939,0
5804000,0.13041711,0.02011131,3.27448682,1.29462116,6.19915395,0.25247605,0
5805000,0.07755628,0.05453389,1.44675553,5.68792488,17.22279553,0.71344142,0
5806000,0.08488510,0.07236165,1.82074948,8.19335444,35.22309285,1.05937031,0
5807000,0.12283177,0.05213701,3.42313060,5.74440198,22.35798860,0.80464614,0
5808000,0.11174843,0.00995566,0.00000000,0.00000000,0.00000000,0.00000000,0
5809000,0.09013084,0.00838777,1.79689169,-0.10724029,1.61440988,0.13126533,0
5810000,0.10635859,0.05488715,2.57316388,6.10718736,21.95945488,0.56583363,0
5811000,0.08157657,0.06562194,0.00000000,0.00000000,0.00000000,0.00000000,0
5812000,0.11329063,0.06775147,2.11737388,4.84858438,13.99602131,0.20282098,0
5813000,0.11523425,0.11447240,2.70697982,10.66959975,60.58404927,1.11830256,0
5814000,0.14059208,0.07535554,0.00000000,0.00000000,0.00000000,0.00000000,0
5815000,0.10688968,0.03112336,2.07163975,2.10153234,4.35406471,0.57882830,0
5816000,0.20384116,0.01227807,5.88435902,0.29183643,17.35542480,0.37190081,0
5817000,0.19442672,0.07386532,0.00000000,0.00000000,0.00000000,0.00000000,0
5818000,0.11243387,0.01228469,2.75630986,0.29288140,3.84151179,0.53457850,0
5819000,0.11767741,0.00671389,3.31621135,-0.27599310,5.49862887,0.41565243,0
5820000,0.18563686,0.02703123,0.00000000,0.00000000,0.00000000,0.00000000,0
5821000,0.20649251,0.02000568,4.66741742,1.20785188,11.62184579,0.14115952,0
5822000,0.12400906,0.03123777,2.59538262,2.76538073,7.19167075,0.30094302,0
5823000,0.09707016,0.04787860,1.90212992,5.17570371,15.20300358,0.91510477,0
5824000,0.15932304,0.02781553,4.30587493,2.68076331,12.86352543,0.49927681,0
5825000,0.11806451,0.01451684,2.95984946,0.89215415,4.77832393,0.30027733,0
5826000,0.11337169,0.01397607,2.90480001,0.85356560,4.58321868,0.35270811,0
5827000,0.11418781,0.01187617,3.05133174,0.57031870,4.81794440,0.62012323,0
5828000,0.24302508,0.03144037,8.49795299,3.58451923,42.53199155,1.99318292,0
5829000,0.09117282,0.00548678,0.00000000,0.00000000,0.00000000,0.00000000,0
5830000,0.11260024,0.05573085,1.88162980,5.53396265,17.08263664,0.35589111,0
5831000,0.06943314,0.03674835,0.00000000,0.00000000,0.00000000,0.00000000,0
5832000,0.11343494,0.08709820,0.00000000,0.00000000,0.00000000,0.00000000,0
5833000,0.06617303,0.05643215,0.73636612,4.31877189,9.59701286,0.23054337,0
5834000,0.13127789,0.03614293,3.23261975,2.93618462,9.53550528,0.81195918,0
5835000,0.07587344,0.00997036,0.00000000,0.00000000,0.00000000,0.00000000,0
5836000,0.09334821,0.01139409,2.02560065,0.39509995,2.12958098,0.44102252,0
5837000,0.14979358,0.02618230,4.60381833,2.58947068,13.95025081,1.07658196,0
5838000,0.08812828,0.01524951,0.00000000,0.00000000,0.00000000,0.00000000,0
5839000,0.30068749,0.04943329,8.72831194,5.28558782,52.06043391,0.99072868,0
5840000,0.10471367,0.02881659,2.41593190,2.93195254,7.21653632,0.41704864,0
5841000,0.06425840,0.07684530,0.99751836,10.22379120,52.76047471,1.76010302,0
5842000,0.14759402,0.00849807,0.00000000,0.00000000,0.00000000,0.00000000,0
5843000,0.10070441,0.01696743,1.09839675,0.54550236,0.75202412,0.10114897,0
5844000,0.07951065,0.03816472,0.83555174,3.08017237,5.09280426,0.15979555,0
5845000,0.27014765,0.06468130,0.00000000,0.00000000,0.00000000,0.00000000,0
5846000,0.12598336,0.05074366,2.80573724,4.25535215,12.99009170,1.62710033,0
5847000,0.13164547,0.00320159,3.30630551,-0.70563336,5.46582807,0.55972813,0
5848000,0.16557403,0.03561974,4.86278180,3.18701189,16.90184582,0.34375588,0
5849000,0.07410605,0.02121097,0.00000000,0.00000000,0.00000000,0.00000000,0
5850000,0.11672240,0.03405213,2.59008034,3.30187528,8.80544826,0.42683343,0
5851000,0.10871720,0.02286017,2.62666992,2.01188763,5.47354334,1.33529761,0
5852000,0.21178277,0.04329255,0.00000000,0.00000000,0.00000000,0.00000000,0
5853000,0.14238760,0.06098001,3.08263184,6.07314454,23.19285180,0.48730998,0
5854000,0.12971330,0.08332004,0.00000000,0.00000000,0.00000000,0.00000000,0
5855000,0.08182452,0.01011163,1.44175748,0.12774649,1.04749190,0.44978616,0
5856000,0.13886331,0.04767416,3.80707922,4.92671457,19.38318432,0.97772500,0
5857000,0.13102925,0.00311786,3.78430132,-0.67295633,7.16046824,0.46432056,0
5858000,0.16655989,0.02324187,5.48847231,2.13103556,17.33232044,1.07241000,0
5859000,0.07498036,0.07691849,0.00000000,0.00000000,0.00000000,0.00000000,0
5860000,0.09820387,0.03267718,1.82612781,2.79789768,5.58148708,0.70093176,0
5861000,0.07422943,0.04480455,1.25750814,4.70015811,11.83640648,0.53870170,0
5862000,0.11076330,0.01998286,0.00000000,0.00000000,0.00000000,0.00000000,0
5863000,0.09025103,0.04355681,1.24218507,3.13224155,5.67698045,0.66167291,0
5864000,0.13862349,0.00576553,3.16331293,-0.40004835,5.00327434,0.12313946,0
5865000,0.11228731,0.05606180,2.55056134,5.59137825,18.88443696,2.07597087,0
5866000,0.07841782,0.04647539,1.45684911,4.72717558,12.23429913,1.02249005,0
5867000,0.11027496,0.03369250,2.82824280,3.27134046,9.35031285,0.39145794,0
5868000,0.06912075,0.02288985,0.00000000,0.00000000,0.00000000,0.00000000,0
5869000,0.26145166,0.00669985,6.89035486,-0.32402137,23.73849505,0.48487773,0
5870000,0.10100405,0.09443288,0.00000000,0.00000000,0.00000000,0.00000000,0
5871000,0.05849174,0.01050651,-0.21988353,-0.36940192,0.00000000,0.12759547,0
5872000,0.04065178,0.02214880,-0.47912215,0.69357898,0.24052590,0.13060097,0
5873000,0.14339277,0.04091578,2.30776069,2.63027511,6.12205328,0.12807198,0
5874000,0.13254692,0.01825872,2.25254597,0.70380647,2.78465345,0.09540035,0
5875000,0.36199459,0.00843409,9.02641817,-0.20883065,40.73811247,0.43726369,0
5876000,0.36345786,0.02721873,9.49094417,1.83527187,46.72312206,0.82567226,0
5877000,0.12310724,0.00385582,2.40577498,-0.69268085,2.89387663,0.39827723,0
5878000,0.20611523,0.01092490,5.19240903,0.12764205,13.48870201,0.26301839,0
5879000,0.14535040,0.06127077,3.36038016,6.11682455,24.35384871,0.44292024,0
5880000,0.13698806,0.10094337,3.19038464,11.11726838,66.88610520,0.69689696,0
5881000,0.11898635,0.03767695,2.66870168,3.54285166,9.83688326,0.28310768,0
5882000,0.20449188,0.01610011,5.76032582,0.89000218,16.98672875,0.61924831,0
5883000,0.20419613,0.02067363,5.86867274,1.50021490,18.34598225,0.64709404,0
5884000,0.10130913,0.05477609,0.00000000,0.00000000,0.00000000,0.00000000,0
5885000,0.06128453,0.00343832,0.84802484,-0.68051312,0.35957306,0.34270595,0
5886000,0.17270310,0.00890867,5.31225519,0.09623936,14.11465861,0.75505870,0
5887000,0.09474479,0.02451251,2.45075309,2.50736330,6.14653073,0.96996540,0
5888000,0.16638266,0.03173596,0.00000000,0.00000000,0.00000000,0.00000000,0
5889000,0.10173871,0.00796450,1.93181260,-0.06209029,1.86594996,0.16401054,0
5890000,0.10721793,0.01848408,2.41200340,1.53607060,4.08863665,1.45472309,0
5891000,0.08585600,0.08128555,0.00000000,0.00000000,0.00000000,0.00000000,0
5892000,0.25926846,0.05171497,8.39398211,4.73546937,46.44180293,1.42647588,0
5893000,0.12962048,0.04017077,0.00000000,0.00000000,0.00000000,0.00000000,0
5894000,0.14664376,0.02695704,3.85241295,2.51748636,10.58941155,0.22141398,0
5895000,0.06224179,0.04625382,1.02378352,5.65119098,16.49204610,0.86173964,0
5896000,0.20869815,0.04528065,0.00000000,0.00000000,0.00000000,0.00000000,0
5897000,0.10858376,0.00927451,2.23649096,-0.02255872,2.50094592,0.24778769,0
5898000,0.06436234,0.02624386,0.87434359,2.18660380,2.77285645,0.95381892,0
5899000,0.10635976,0.10122315,2.61972940,12.49965175,81.55213797,1.47286102,0
5900000,0.08589496,0.00725515,1.94446171,-0.19177243,1.89046567,0.82591279,0
5901000,0.09990973,0.00518827,0.00000000,0.00000000,0.00000000,0.00000000,0
5902000,0.14938849,0.01377157,3.15061314,0.60940409,5.14886824,0.31778422,0
5903000,0.13711029,0.10012558,3.13194447,12.78832500,86.67516625,1.13625848,0
5904000,0.11964444,0.07102960,0.00000000,0.00000000,0.00000000,0.00000000,0
5905000,0.08322699,0.02233556,1.40666842,1.39061138,1.95625803,0.48110537,0
5906000,0.09278820,0.04576167,1.94424815,4.25086109,10.92496042,0.59279715,0
5907000,0.16985905,0.11904909,5.17475235,13.75427376,107.97905428,1.26851745,0
5908000,0.15823640,0.11130209,0.00000000,0.00000000,0.00000000,0.00000000,0
5909000,0.21306063,0.03921243,6.04988559,3.39477507,24.06280670,0.63644225,0
5910000,0.06272618,0.02390876,1.00807910,1.89374718,2.30125092,0.60271765,0
5911000,0.21768203,0.05563994,7.53198441,6.24453615,47.86251048,0.67673855,0
5912000,0.11541054,0.05163518,3.49728188,6.03434376,24.32214255,0.66303295,0
5913000,0.10366298,0.02922256,0.00000000,0.00000000,0.00000000,0.00000000,0
5914000,0.29293957,0.01587595,8.88189290,0.84761526,39.80323658,0.60023283,0
5915000,0.12681028,0.03425528,3.37108137,3.51652344,11.86506338,1.77481037,0
5916000,0.20052992,0.00941138,6.64931913,0.13901663,22.11638527,0.97914575,0
5917000,0.18519557,0.00527637,0.00000000,0.00000000,0.00000000,0.00000000,0
5918000,0.17086418,0.01560127,3.01013726,0.28978818,4.57245176,0.05417301,0
5919000,0.12253194,0.02069880,2.09459528,0.92827592,2.62451279,0.36689339,0
5920000,0.06889872,0.02597744,0.71220604,1.61726332,1.56138904,0.11705146,0
5921000,0.12093630,0.04622864,2.45394624,3.97987501,10.93062860,0.36754645,0
5922000,0.08624876,0.00980442,0.00000000,0.00000000,0.00000000,0.00000000,0
5923000,0.10476859,0.00240828,1.37510999,-0.81386734,0.94546374,1.18895892,0
5924000,0.25933871,0.05410980,6.16154572,4.33906707,28.39607438,0.64758076,0
5925000,0.07927045,0.03307163,0.99260674,2.49529485,3.60588226,0.16414906,0
5926000,0.08008906,0.03440988,1.12298954,2.83449456,4.64773247,0.68646768,0
5927000,0.08590589,0.00953071,1.42356213,0.04427284,1.01424460,0.80005275,0
5928000,0.17296407,0.09707175,4.55880694,10.96722075,70.53132583,0.89808576,0
5929000,0.13107124,0.03891576,3.23481447,3.89414030,12.81417666,0.54562456,0
5930000,0.20282812,0.00986247,5.99447424,0.17729858,17.98257812,0.39875867,0
5931000,0.06916664,0.03417553,1.11421638,3.47357085,6.65358631,0.59323693,0
5932000,0.30230761,0.01660506,10.15141824,1.14042258,52.17592801,0.62062932,0
5933000,0.07840796,0.02600229,1.56838847,2.49303734,4.33753879,0.36777545,0
5934000,0.09036130,0.08480249,2.08879331,10.90354874,61.62521628,1.47806644,0
5935000,0.10623806,0.02649645,2.78518210,2.65917219,7.41421802,0.72848818,0
5936000,0.10267677,0.02665281,2.69167826,2.72753704,7.34229508,1.03480976,0
5937000,0.12094014,0.01159745,3.51533661,0.53518562,6.32200757,0.35865217,0
5938000,0.10707248,0.04534413,2.98900457,5.62673731,20.29716051,0.47581456,0
5939000,0.13440414,0.05660388,0.00000000,0.00000000,0.00000000,0.00000000,0
5940000,0.11341045,0.02631986,2.98344349,2.07529093,6.60388374,0.23284171,0
5941000,0.07874223,0.04686927,1.83835341,5.09004830,14.64406750,0.66690641,0
5942000,0.09591918,0.00636070,0.00000000,0.00000000,0.00000000,0.00000000,0
5943000,0.11960834,0.02103151,2.77258810,2.11571016,6.08173712,1.16709005,0
5944000,0.20769262,0.04698784,0.00000000,0.00000000,0.00000000,0.00000000,0
5945000,0.11469527,0.03374327,3.30432371,3.96282326,13.31126171,0.31868225,0
5946000,0.14746836,0.00889013,0.00000000,0.00000000,0.00000000,0.00000000,0
5947000,0.16981806,0.03930722,4.52722229,3.91687708,17.91883384,0.71348467,0
5948000,0.19421755,0.02951927,6.06129871,2.93746379,22.68401779,0.42997661,0
5949000,0.06451412,0.00167292,1.13275914,-0.95377449,0.64157164,0.48735590,0
5950000,0.15379931,0.08678562,0.00000000,0.00000000,0.00000000,0.00000000,0
5951000,0.14865862,0.02671267,2.89217270,1.72530399,5.67066839,0.25217775,0
5952000,0.10561192,0.04193362,2.07608731,3.96371959,10.01060574,0.43787813,0
5953000,0.07642600,0.04681442,1.28820106,4.99832926,13.32137868,1.16866309,0
5954000,0.10664206,0.04227556,2.58122103,4.66709052,14.22221798,0.75050203,0
5955000,0.10152443,0.03522524,2.55818106,3.91597504,10.93957546,0.58895216,0
5956000,0.06948937,0.02385068,1.37732317,2.38333929,3.78866265,0.31655403,0
5957000,0.05511532,0.01133799,0.82998396,0.53113897,0.48549099,1.16590935,0
5958000,0.05796425,0.02047293,0.98438224,1.99411601,2.47275353,0.80998981,0
5959000,0.08302242,0.03105887,2.15389103,3.74248866,9.32273396,0.59319478,0
5960000,0.06581116,0.01957444,0.00000000,0.00000000,0.00000000,0.00000000,0
5961000,0.12718126,0.00161896,3.59439173,-0.90924462,6.45982595,0.51086980,0
5962000,0.14473493,0.03574628,0.00000000,0.00000000,0.00000000,0.00000000,0
5963000,0.13830304,0.01045720,2.86500622,0.08255440,4.10753794,1.62107825,0
5964000,0.11297356,0.07746710,0.00000000,0.00000000,0.00000000,0.00000000,0
5965000,0.19930501,0.02714787,4.89653607,2.03454698,14.05772345,0.30823045,0
5966000,0.08084068,0.00096061,1.35851331,-0.98264686,0.92277921,0.25157444,0
5967000,0.16872716,0.00149708,4.73918819,-0.93624642,11.22995237,0.63085180,0
5968000,0.12480377,0.02749776,3.32659321,2.70361374,9.18787482,0.22340941,0
5969000,0.09119235,0.01647566,2.14390519,1.24625523,3.07474078,0.47216842,0
5970000,0.12321500,0.06062629,3.57433885,7.95240095,38.00828955,0.85429091,0
5971000,0.10591213,0.02205196,2.96688515,2.22977023,6.88714139,0.58735810,0
5972000,0.15626687,0.00549964,5.27033496,-0.33793883,13.88821529,1.40570123,0
5973000,0.10832973,0.01677431,0.00000000,0.00000000,0.00000000,0.00000000,0
5974000,0.10466370,0.07237980,2.13931580,8.53259824,38.69095243,0.50794062,0
5975000,0.10752993,0.05903901,0.00000000,0.00000000,0.00000000,0.00000000,0
5976000,0.08501274,0.04320437,1.97014887,3.71275993,8.83303643,0.44607208,0
5977000,0.12928095,0.01737565,4.22752957,1.11063152,9.55275432,0.95150235,0
5978000,0.06541687,0.02851729,1.51471356,2.66611102,4.70125257,0.43951423,0
5979000,0.15486357,0.06013410,0.00000000,0.00000000,0.00000000,0.00000000,0
5980000,0.16518842,0.00683125,3.84233667,-0.29106582,7.38177553,0.49978143,0
5981000,0.06147760,0.02533064,0.74950933,1.87149758,2.03213371,0.06535225,0
5982000,0.13036317,0.06674386,3.44092817,7.14316228,31.43237701,0.86197363,0
5983000,0.14070112,0.04917072,4.06044920,5.23979014,21.97132423,0.64352272,0
5984000,0.20968717,0.03753139,7.04828181,3.91054243,32.48530931,0.70564598,0
5985000,0.09994856,0.08957799,2.69764165,11.32896145,67.81131897,0.87832980,0
5986000,0.16631483,0.00849822,0.00000000,0.00000000,0.00000000,0.00000000,0
5987000,0.10970160,0.05537738,2.76668670,6.45555720,24.66438704,0.36102416,0
5988000,0.28360891,0.01631130,10.36350020,1.27433658,54.51303506,0.84522691,0
5989000,0.08552859,0.02906394,2.32661822,3.36389845,8.36448257,1.29169180,0
5990000,0.12063564,0.03220702,0.00000000,0.00000000,0.00000000,0.00000000,0
5991000,0.05884003,0.01120555,0.73748403,0.28095693,0.31140974,0.39371903,0
5992000,0.09433514,0.00516075,2.28666524,-0.40221102,2.61441897,0.60574892,0
5993000,0.07068782,0.04749098,0.00000000,0.00000000,0.00000000,0.00000000,0
5994000,0.35664353,0.00899648,11.50935493,0.13112293,66.24122203,0.78053624,0
5995000,0.25757906,0.05202365,0.00000000,0.00000000,0.00000000,0.00000000,0
5996000,0.12225004,0.05890705,1.62533821,4.65710237,12.16516338,0.10165163,0
5997000,0.13995460,0.00878628,2.67043630,-0.08423178,3.56561503,0.04355884,0
5998000,0.15693560,0.01361824,3.58488563,0.60381224,6.60799712,0.31688957,0
5999000,0.23316458,0.04252623,6.47637114,4.63486394,31.71267345,0.42604710,0
6000000,0.10001586,0.00789123,2.17339362,-0.03533266,2.36181991,0.21032654,0
6001000,0.11999074,0.01330173,3.03036943,0.78636068,4.90075101,0.54453375,0
6002000,0.11606281,0.01513258,2.99203699,1.10045796,5.08164652,0.48721447,0
6003000,0.13185453,0.02474923,3.73546279,2.66311366,10.52292832,0.26574748,0
6004000,0.17049029,0.03874700,5.41481369,4.97370543,27.02897653,0.41578785,0
6005000,0.15938671,0.03071360,5.10641025,3.77255959,20.15381575,0.50060148,0
6006000,0.10756275,0.00392398,3.04451733,-0.58350304,4.63454290,0.12290195,0
6007000,0.06579619,0.00866096,1.31446483,0.21281317,0.88655361,0.91307374,0
6008000,0.23845120,0.14314803,0.00000000,0.00000000,0.00000000,0.00000000,0
6009000,0.18754089,0.10109692,4.80929466,13.25857403,99.45955028,1.16871029,0
6010000,0.08472735,0.07223665,1.76163831,10.19767530,53.54797550,0.80099048,0
6011000,0.12480004,0.02380424,0.00000000,0.00000000,0.00000000,0.00000000,0
6012000,0.08289636,0.05220652,1.66874324,5.97008778,19.21332604,0.90590073,0
6013000,0.11556552,0.01267368,3.27920507,0.77170653,5.67435843,0.37686415,0
6014000,0.17126173,0.01252684,5.99603104,0.82232096,18.31430001,1.18249779,0
6015000,0.40439659,0.01207548,0.00000000,0.00000000,0.00000000,0.00000000,0
6016000,0.11625078,0.03890596,3.02463962,4.99175480,17.03303042,0.55461793,0
6017000,0.10176490,0.00630841,0.00000000,0.00000000,0.00000000,0.00000000,0
6018000,0.14097679,0.00631427,3.79313131,-0.13847430,7.19392256,0.30761825,0
6019000,0.10641304,0.06505417,2.85795842,10.21650095,56.27240900,1.19303778,0
6020000,0.11836901,0.14738426,0.00000000,0.00000000,0.00000000,0.00000000,0
6021000,0.09953961,0.05171850,2.10157702,5.55305864,17.62654311,0.31709524,0
6022000,0.12418611,0.00124455,3.30920654,-0.94920960,5.47542395,0.76617337,0
6023000,0.09839522,0.06598060,2.53537165,8.55242776,39.78606501,0.56902900,0
6024000,0.04734533,0.00332197,0.50725027,-0.66434082,0.12865142,1.67931720,0
6025000,0.22859797,0.00402876,0.00000000,0.00000000,0.00000000,0.00000000,0
6026000,0.11771620,0.05241758,0.00000000,0.00000000,0.00000000,0.00000000,0
6027000,0.12247201,0.14077649,3.32134813,19.03137002,186.61219922,2.23605037,0
6028000,0.10502707,0.03151138,0.00000000,0.00000000,0.00000000,0.00000000,0
6029000,0.07533727,0.00393198,1.25310071,-0.63303786,0.78513069,0.45223438,0
6030000,0.09343934,0.05617594,2.13107407,7.47530351,30.21081965,1.06029300,0
6031000,0.06887653,0.00938399,0.00000000,0.00000000,0.00000000,0.00000000,0
6032000,0.16582935,0.01984382,4.34859536,1.52634890,10.62001130,0.56939893,0
6033000,0.11300212,0.04081717,2.89412998,4.71503246,15.30375972,0.47597523,0
6034000,0.06096794,0.07629038,1.00882171,10.46540871,55.27125041,1.00882275,0
6035000,0.12184620,0.02785299,3.71006923,3.22266084,12.07507828,0.33193858,0
6036000,0.13658580,0.02675884,4.57771403,3.15364704,15.45047772,1.06741124,0
6037000,0.27104336,0.03805117,0.00000000,0.00000000,0.00000000,0.00000000,0
6038000,0.12150010,0.00666672,2.76872828,-0.28623680,3.83292815,0.38153623,0
6039000,0.10394126,0.02429779,2.45321184,2.04929412,5.10892736,0.72560940,0
6040000,0.11733975,0.00849438,3.17654080,-0.02283710,5.04520573,0.66126178,0
6041000,0.18978915,0.04040183,6.44033030,4.67928193,31.68676687,0.90733850,0
6042000,0.11414646,0.02374510,3.41535651,2.35548276,8.60647955,0.89794137,0
6043000,0.13467830,0.02893358,4.49818456,3.27148093,15.46812592,0.95015049,0
6044000,0.18237983,0.01339681,6.85978019,0.89476604,23.92859530,0.94015752,0
6045000,0.12226148,0.00724731,4.18185006,-0.07682784,8.74393495,0.97794697,0
6046000,0.09336089,0.05390861,2.87456694,7.72651004,33.98104621,1.05459297,0
6047000,0.13243541,0.05726814,0.00000000,0.00000000,0.00000000,0.00000000,0
6048000,0.09687630,0.01367537,1.62416476,0.61549549,1.50837293,0.36715501,0
6049000,0.21208699,0.04996242,5.74487201,5.70624374,32.78238598,0.77938229,0
6050000,0.06477414,0.02142373,0.91485300,1.93477583,2.29015677,0.72871385,0
6051000,0.14734384,0.05741325,4.12409171,7.41967830,36.02987923,2.22868945,0
6052000,0.15103520,0.02154219,0.00000000,0.00000000,0.00000000,0.00000000,0
6053000,0.06447463,0.03519484,0.76466484,3.61537688,6.82783117,0.66875106,0
6054000,0.08846835,0.02930087,1.82035392,3.15678489,6.63948963,0.28235658,0
6055000,0.11636785,0.00789180,3.04599957,-0.00040030,4.63905668,1.06390751,0
6056000,0.12544389,0.01068568,3.63425420,0.48517842,6.72160083,0.34988422,0
6057000,0.08584404,0.04315615,2.11271097,5.85525259,19.37376529,0.70521148,0
6058000,0.07820456,0.02727591,1.87970985,3.34580643,7.36386490,0.53972833,0
6059000,0.21212035,0.04161102,8.01864575,5.89830488,49.54434010,0.96653450,0
6060000,0.22752288,0.08532890,8.97137133,13.67056611,133.68494062,1.75885641,0
6061000,0.15480222,0.02045568,0.00000000,0.00000000,0.00000000,0.00000000,0
6062000,0.08645669,0.01407324,1.02131407,0.21661728,0.54500273,0.26132228,0
6063000,0.10357924,0.11311834,0.00000000,0.00000000,0.00000000,0.00000000,0
6064000,0.08283021,0.04010054,1.07249412,2.83712519,4.59976150,0.37229222,0
6065000,0.25186586,0.08792717,6.68822358,8.56139092,59.01487453,0.64278798,0
6066000,0.11013452,0.06249833,0.00000000,0.00000000,0.00000000,0.00000000,0
6067000,0.10689250,0.02857250,2.34732333,2.74862949,6.53244547,0.32338229,0
6068000,0.09391107,0.03811349,2.18741126,4.48782354,12.46266410,0.34120246,0
6069000,0.05662981,0.01980288,0.88169290,1.90673935,2.20651866,0.40704552,0
6070000,0.10043631,0.01758537,2.83246187,1.62912000,5.33843611,1.03129411,0
6071000,0.12818894,0.05973403,4.21045870,8.74342979,47.08776351,1.19764521,0
6072000,0.23985183,0.01968115,0.00000000,0.00000000,0.00000000,0.00000000,0
6073000,0.05723824,0.00049305,0.65222000,-1.16619560,0.21269547,0.45527100,0
6074000,0.20363045,0.08276144,0.00000000,0.00000000,0.00000000,0.00000000,0
6075000,0.04294968,0.02517635,0.10709699,1.84163068,1.70153666,0.24250705,0
6076000,0.12804767,0.00972199,3.40444027,0.19263212,5.81366034,0.85086303,0
6077000,0.16233982,0.02209130,5.08131178,1.89215527,14.69999048,1.12002626,0
6078000,0.29665980,0.02957552,11.08067513,3.05684792,66.06284031,1.17753600,0
6079000,0.06514579,0.01246608,1.30471892,0.70285164,1.09814594,0.81196274,0
6080000,0.06212190,0.00817597,1.23238608,0.09337620,0.76374728,0.83533672,0
6081000,0.06254930,0.03158693,1.31184461,3.71629357,7.76588708,1.05710227,0
6082000,0.18922339,0.05812733,0.00000000,0.00000000,0.00000000,0.00000000,0
6083000,0.15911065,0.05335114,4.52000092,6.73720922,32.91019821,0.80039064,0
6084000,0.11511499,0.00322899,0.00000000,0.00000000,0.00000000,0.00000000,0
6085000,0.06794122,0.02122648,0.98919687,2.14516536,2.79012244,0.86491531,0
6086000,0.08053295,0.03659351,1.65216310,4.84396845,13.09683665,1.42746144,0
6087000,0.09694869,0.03912913,0.00000000,0.00000000,0.00000000,0.00000000,0
6088000,0.08314623,0.03556072,1.26928463,4.45002995,10.70692502,0.54228136,0
6089000,0.18724956,0.00234452,4.91431144,-0.83728382,12.07522847,0.73342665,0
6090000,0.05008012,0.01959877,0.44939843,2.25901573,2.65255551,0.46380854,0
6091000,0.15108144,0.02173254,0.00000000,0.00000000,0.00000000,0.00000000,0
6092000,0.09656641,0.03404470,2.10670754,3.89128516,9.79015843,0.21213966,0
6093000,0.09551816,0.00934136,0.00000000,0.00000000,0.00000000,0.00000000,0
6094000,0.13682252,0.07472007,3.49014950,9.06842972,47.20878054,0.75570165,0
6095000,0.20665276,0.11059062,6.69630433,15.49910664,142.53139918,1.94567889,0
6096000,0.20046954,0.01938082,0.00000000,0.00000000,0.00000000,0.00000000,0
6097000,0.12436566,0.00379371,3.25323921,-0.51563047,5.29178267,0.32944320,0
6098000,0.11175994,0.00883425,3.10082005,0.23964692,4.83625783,0.73197007,0
6099000,0.08151852,0.06530210,2.02252460,9.63958982,48.50614885,0.63924431,0
6100000,0.10692251,0.04189051,0.00000000,0.00000000,0.00000000,0.00000000,0
6101000,0.09170227,0.06852525,2.28118453,9.22584930,45.16004911,1.11595584,0
6102000,0.15480894,0.01914478,0.00000000,0.00000000,0.00000000,0.00000000,0
6103000,0.13318445,0.04210256,3.20696152,5.12149948,18.25717954,0.33373680,0
6104000,0.09473727,0.03191256,0.00000000,0.00000000,0.00000000,0.00000000,0
6105000,0.11236279,0.02138780,2.24998753,1.33821891,3.42663686,0.40085215,0
6106000,0.09791202,0.06715505,2.03972193,7.23838723,28.27735762,0.97210626,0
6107000,0.08121073,0.04558656,1.60720951,4.91693799,13.37970082,0.60624053,0
6108000,0.06778638,0.01004644,0.00000000,0.00000000,0.00000000,0.00000000,0
6109000,0.08030882,0.06018727,0.94666187,6.46661933,21.35666712,0.68466774,0
6110000,0.13447098,0.00820726,3.10643785,-0.01526949,4.82497805,0.28434608,0
6111000,0.09210595,0.00701998,1.86087666,-0.15787160,1.73143097,1.01010349,0
6112000,0.17835033,0.01312389,0.00000000,0.00000000,0.00000000,0.00000000,0
6113000,0.11252298,0.01303127,2.01126295,0.42464044,2.11274907,0.17889880,0
6114000,0.06682090,0.03607849,0.76609581,3.50655636,6.44142015,0.42449533,0
6115000,0.20491271,0.05042332,5.73861052,5.74492335,32.96789749,0.59290750,0
6116000,0.07449848,0.00533613,1.26577431,-0.42026477,0.80109230,0.39710653,0
6117000,0.09217975,0.01863371,2.02979049,1.56853338,3.29017320,0.96436220,0
6118000,0.08682877,0.02067084,1.92458131,1.93369605,3.72159681,0.67782913,0
6119000,0.18165648,0.03819189,5.91185656,4.74921622,28.75255137,0.49057107,0
6120000,0.13874099,0.01068210,0.00000000,0.00000000,0.00000000,0.00000000,0
6121000,0.10437670,0.00119557,2.77879705,-0.98729702,3.86085653,0.57555705,0
6122000,0.12817019,0.00865827,4.14791466,0.17366644,8.61767805,1.47520771,0
6123000,0.10122821,0.02112773,0.00000000,0.00000000,0.00000000,0.00000000,0
6124000,0.11733818,0.04615311,2.45446445,5.26551953,16.87504583,1.02156501,0
6125000,0.06052773,0.02212819,0.75450582,2.16794915,2.63464127,2.09267062,0
6126000,0.15617459,0.03232731,4.57316894,4.01420780,18.51386920,0.48230161,0
6127000,0.09751229,0.01048372,2.50327874,0.55252184,3.28584243,0.24622077,0
6128000,0.13014166,0.00306456,4.02276791,-0.71407736,8.09133084,2.18197276,0
6129000,0.20117335,0.03827383,0.00000000,0.00000000,0.00000000,0.00000000,0
6130000,0.12883033,0.00210654,2.93125492,-0.81376205,4.29612772,0.28195250,0
6131000,0.07864460,0.01986948,1.51557055,1.78291772,2.73787485,0.48917170,0
6132000,0.22856228,0.09585988,7.50179785,13.69450779,121.90825732,1.76717289,0
6133000,0.22160366,0.08085744,0.00000000,0.00000000,0.00000000,0.00000000,0
6134000,0.10386664,0.04453547,2.27579318,5.31015624,16.68849694,0.63685511,0
6135000,0.16487011,0.07180356,4.94527096,10.05447938,62.77413025,1.65889812,0
6136000,0.16658883,0.04375704,0.00000000,0.00000000,0.00000000,0.00000000,0
6137000,0.13771623,0.08631898,3.30236336,10.48188341,60.38774178,0.96517793,0
6138000,0.13974421,0.02283868,3.77234715,2.17386513,9.47814630,0.27465914,0
6139000,0.08206186,0.00970786,0.00000000,0.00000000,0.00000000,0.00000000,0
6140000,0.08082500,0.01712498,1.85762201,1.28375531,2.54939361,0.37348872,0
6141000,0.12535046,0.02250417,4.09010509,2.22523881,10.84032372,0.33474761,0
6142000,0.12645362,0.06454305,0.00000000,0.00000000,0.00000000,0.00000000,0
6143000,0.16712505,0.07162263,3.79435419,8.62700800,44.41119541,0.69832337,0
6144000,0.11955867,0.03203209,2.73376129,3.62214700,10.29669985,0.25130786,0
6145000,0.07679481,0.05727478,1.41775466,7.76598749,31.16029499,0.86893553,0
6146000,0.16749211,0.01543806,5.07069812,1.31996487,13.72714334,0.37276534,0
6147000,0.12796445,0.05523695,3.73002992,8.11449577,39.87908240,1.01801607,0
6148000,0.13041814,0.00746344,0.00000000,0.00000000,0.00000000,0.00000000,0
6149000,0.08139738,0.03555499,1.42288088,4.05499564,9.23378983,0.54911122,0
6150000,0.05861695,0.04854326,0.79218138,6.49711780,21.42004549,0.52112861,0
6151000,0.11154077,0.08721994,3.05250029,13.42577862,94.78464479,1.50507383,0
6152000,0.12943549,0.05640077,0.00000000,0.00000000,0.00000000,0.00000000,0
6153000,0.10732626,0.02799478,2.11096927,2.69975703,5.87243965,0.16316086,0
6154000,0.08882495,0.02938716,1.78067689,3.20445110,6.71965852,0.60401423,0
6155000,0.08757719,0.06361425,1.88536389,8.78220453,40.34085668,0.90029174,0
6156000,0.08785851,0.01638286,0.00000000,0.00000000,0.00000000,0.00000000,0
6157000,0.06106824,0.01243921,0.53224443,0.41871166,0.22930180,0.19902526,0
6158000,0.09092857,0.03493223,1.69925425,3.55576198,7.76545412,0.50670961,0
6159000,0.07041256,0.00226057,0.00000000,0.00000000,0.00000000,0.00000000,0
6160000,0.06570421,0.03212164,0.74313068,3.09953711,5.07968674,0.45805577,0
6161000,0.08087881,0.04205540,1.47847884,4.94881272,13.33832353,0.29973254,0
6162000,0.09470212,0.01554590,2.17470935,1.18580379,3.06774569,0.64126316,0
6163000,0.09598373,0.04116748,0.00000000,0.00000000,0.00000000,0.00000000,0
6164000,0.09452553,0.03118464,2.31007333,3.64320349,9.30468524,0.29800478,0
6165000,0.05906474,0.01042221,1.06849284,0.50387835,0.69778517,0.39306606,0
6166000,0.09477858,0.01886514,2.84223322,2.05227321,6.14505750,1.08635393,0
6167000,0.06432396,0.00082894,0.00000000,0.00000000,0.00000000,0.00000000,0
6168000,0.16526449,0.01685080,4.16486106,1.32439566,9.55004573,0.27075525,0
6169000,0.09054174,0.06587436,1.98356151,9.42327766,46.36633907,0.67283823,0
6170000,0.11237792,0.04278462,0.00000000,0.00000000,0.00000000,0.00000000,0
6171000,0.07151331,0.01429095,1.13601296,0.86443157,1.01888369,0.29276994,0
6172000,0.12055919,0.01768901,3.18069092,1.39190166,6.02709248,1.55723805,0
6173000,0.13193627,0.01766113,0.00000000,0.00000000,0.00000000,0.00000000,0
6174000,0.13680282,0.01411528,3.08925348,0.84489161,5.12866443,0.19633413,0
6175000,0.21984790,0.00902348,6.43179608,0.19464633,20.70294402,0.41843992,0
6176000,0.14700830,0.02322257,4.18791667,2.47503963,11.83223358,2.06159878,0
6177000,0.07616602,0.02557687,1.60472133,3.00767886,5.81063134,0.61418025,0
6178000,0.07987314,0.08978342,0.00000000,0.00000000,0.00000000,0.00000000,0
6179000,0.11311111,0.04055994,2.44344170,4.37104260,12.53821037,0.37224391,0
6180000,0.16600396,0.01238001,4.74814741,0.62749763,11.46932853,0.27354385,0
6181000,0.08090184,0.01414177,1.71510733,0.96224219,1.93375159,0.63275872,0
6182000,0.08054407,0.00252412,1.83374284,-0.83803576,1.68130640,1.16127153,0
6183000,0.23785177,0.00549686,0.00000000,0.00000000,0.00000000,0.00000000,0
6184000,0.09507503,0.02682913,2.12916540,3.16154795,7.26436538,1.15063694,0
6185000,0.26534569,0.00153633,9.32549637,-1.02009968,43.48244128,0.98765472,0
6186000,0.09791140,0.05488575,0.00000000,0.00000000,0.00000000,0.00000000,0
6187000,0.12198580,0.04806046,2.99385959,5.90816901,21.93482814,0.40360967,0
6188000,0.06220815,0.09909388,1.01843807,14.49989033,105.64201783,1.84908365,0
6189000,0.06428030,0.00684805,0.00000000,0.00000000,0.00000000,0.00000000,0
6190000,0.09698973,0.02021923,1.83071618,1.86850216,3.42141102,0.45783864,0
6191000,0.04438844,0.00541103,0.22426065,-0.35355492,0.02514642,0.50868054,0
6192000,0.10857510,0.02946552,2.79500651,3.82573505,11.22415502,0.46985022,0
6193000,0.12390514,0.00992805,3.62375020,0.48834427,6.68502282,0.82005486,0
6194000,0.07747742,0.00339842,1.80928261,-0.68507534,1.63675178,0.95275489,0
6195000,0.10269102,0.06848542,0.00000000,0.00000000,0.00000000,0.00000000,0
6196000,0.12258181,0.00243132,2.47533968,-0.86037454,3.06365326,0.34586382,0
6197000,0.16518778,0.00976827,4.19982762,0.19915408,8.83910718,1.24764040,0
6198000,0.07610732,0.01206598,1.28549078,0.58146620,0.99529474,0.47373301,0
6199000,0.12617101,0.00445755,3.30978850,-0.58368224,5.47734997,1.34667809,0
6200000,0.15240663,0.03125995,0.00000000,0.00000000,0.00000000,0.00000000,0
6201000,0.08997798,0.00221838,1.90497248,-0.87497133,1.81446008,0.59055524,0
6202000,0.06561849,0.04733632,0.00000000,0.00000000,0.00000000,0.00000000,0
6203000,0.10875834,0.02337785,2.61342142,2.50077057,6.54191247,0.32174752,0
6204000,0.12755369,0.03197024,0.00000000,0.00000000,0.00000000,0.00000000,0
6205000,0.11161609,0.00012156,2.44745226,-1.14248641,2.99501128,1.59651289,0
6206000,0.08684171,0.03032482,1.79483783,3.31170970,7.09443197,0.49753979,0
6207000,0.19340722,0.06199827,6.23822403,8.48084639,55.42009725,1.45321269,0
6208000,0.09753181,0.01747483,0.00000000,0.00000000,0.00000000,0.00000000,0
6209000,0.15765922,0.02799669,4.25750395,3.20206200,14.18977047,1.26396081,0
6210000,0.07136361,0.01068461,1.34342457,0.52486100,1.04013432,1.10634769,0
6211000,0.08396080,0.01819426,0.00000000,0.00000000,0.00000000,0.00000000,0
6212000,0.07341248,0.00364291,0.96099441,-0.65749894,0.46175512,0.15418139,0
6213000,0.25177553,0.03673611,7.21213956,4.32663141,35.36734821,0.60378787,0
6214000,0.20000504,0.02566088,5.93523815,2.86748558,21.72476274,0.41725384,0
6215000,0.13528483,0.02808970,3.81039331,3.41581665,13.09345026,0.71551326,0
6216000,0.12410240,0.03570581,3.55567525,4.84981491,18.08176557,1.24865329,0
6217000,0.10330502,0.02876334,0.00000000,0.00000000,0.00000000,0.00000000,0
6218000,0.09119096,0.01982437,1.76023476,1.75184048,3.08368574,0.76716621,0
6219000,0.11768299,0.03619756,2.97892956,4.53452561,14.71797191,1.06217484,0
6220000,0.10953115,0.02308105,0.00000000,0.00000000,0.00000000,0.00000000,0
6221000,0.10983665,0.09300639,2.55537121,12.53840135,81.87071528,1.18879601,0
6222000,0.18703288,0.00434227,0.00000000,0.00000000,0.00000000,0.00000000,0
6223000,0.11257292,0.04582872,2.26428261,5.37963164,17.03370618,0.46000490,0
6224000,0.05844069,0.01012154,0.64256381,0.32333822,0.25871792,0.37537160,0
6225000,0.06322399,0.01959061,0.92657577,1.94873128,2.32804813,0.26751094,0
6226000,0.06510164,0.01491929,1.07856221,1.26583356,1.38281552,1.27212766,0
6227000,0.11081059,0.05012616,0.00000000,0.00000000,0.00000000,0.00000000,0
6228000,0.21651891,0.16843839,4.57534294,10.31664601,63.68347400,0.68715795,0
6229000,0.12115769,0.04744016,2.37059246,2.87915492,6.95462083,0.24261936,0
6230000,0.14091922,0.05023000,3.24590074,3.45998214,11.25367402,0.31943131,0
6231000,0.12698652,0.07643076,3.00917221,6.18994551,23.68527142,0.36641972,0
6232000,0.08623335,0.00997710,1.69737286,0.14262865,1.45070878,0.42623782,0
6233000,0.10015287,0.00067720,2.30715233,-0.78192376,2.66147593,0.16471787,0
6234000,0.08652911,0.00356323,1.88809791,-0.49983109,1.78245685,0.15792058,0
6235000,0.10468516,0.05614676,0.00000000,0.00000000,0.00000000,0.00000000,0
6236000,0.11647262,0.02702390,2.44453504,2.32292274,5.68586082,0.82258782,0
6237000,0.10787996,0.01332010,2.45644591,0.73359230,3.28614208,0.76837445,0
6238000,0.14363915,0.03265130,0.00000000,0.00000000,0.00000000,0.00000000,0
6239000,0.11438297,0.13705656,0.27145548,4.18713747,8.80290415,0.06856266,0
6240000,0.10561788,0.10135763,0.20167437,3.42202181,5.87545290,0.12733306,0
6241000,0.06502136,0.08114428,-0.36273589,2.93064810,4.29434913,0.18952479,0
6242000,0.41670170,0.14763185,0.00000000,0.00000000,0.00000000,0.00000000,0
6243000,0.21486817,0.00152452,-0.09965473,-0.72113661,0.00000000,0.00354771,0
6244000,0.12727420,0.06613801,-0.22192306,0.67264732,0.22622721,0.00000038,0
6245000,0.10588379,0.01973592,-0.22072926,-0.18612359,0.00000000,0.00025352,0
6246000,0.12128364,0.05287216,-0.10305999,0.69669165,0.24268963,0.00000057,0
6247000,0.10569901,0.00569521,-0.11149901,-0.44223757,0.00000000,0.00000000,0
6248000,0.09028604,0.01928713,-0.14038345,-0.02403631,0.00000000,0.00000000,0
6249000,0.12031821,0.00414888,0.04054006,-0.43497807,0.00082175,0.00000000,0
6250000,0.09357212,0.03636352,-0.06307540,0.60680392,0.18410550,0.00000290,0
6251000,0.09597387,0.03527158,-0.02233863,0.63160600,0.19946307,0.00000000,0
6252000,0.14497745,0.07295027,0.28216776,1.98857572,2.01702602,0.00017774,0
6253000,0.08521746,0.02853563,-0.04455520,0.49042873,0.12026017,0.00000001,0
6254000,0.06633859,0.03831201,-0.14264104,0.89536088,0.40083555,0.00000000,0
6255000,0.09103851,0.04036120,0.02941388,1.02453429,0.52526784,0.00000000,0
6256000,0.07696400,0.03076222,-0.04498954,0.69231425,0.23964951,0.00000146,0
6257000,0.07311714,0.00173480,-0.05908787,-0.45765093,0.00000000,0.00514443,0
6258000,0.15069982,0.00849468,0.49178826,-0.17474917,0.12092785,0.00000022,0
6259000,0.08989326,0.06003207,0.08218198,2.04850440,2.10156207,0.00101562,0
6260000,0.07155496,0.03096046,-0.03835572,0.83102152,0.34529838,0.00014607,0
6261000,0.08598895,0.05741340,0.08059231,2.05159526,2.10776911,0.00154211,0
6262000,0.15275417,0.01808965,0.60308226,0.29527847,0.22544879,0.00002862,0
6263000,0.08846169,0.00615015,0.12284713,-0.24908774,0.00754571,0.00000047,0
6264000,0.09894442,0.02130438,0.21751950,0.48088995,0.13928494,0.00000032,0
6265000,0.12801012,0.01813308,0.46544638,0.34351313,0.16732080,0.00000000,0
6266000,0.07720120,0.04433966,0.05881995,1.65573156,1.37245339,0.00010399,0
6267000,0.10655054,0.00373292,0.31306529,-0.35919036,0.04900494,0.01319067,0
6268000,0.10165141,0.00401873,0.28183191,-0.34393200,0.03971461,0.00000209,0
6269000,0.08479861,0.00396964,0.14532639,-0.34611088,0.01055988,0.00000087,0
6270000,0.06283516,0.00436980,-0.04072605,-0.32555041,0.00000000,0.00001918,0
6271000,0.14756510,0.03929120,0.72497137,1.54882572,1.46222230,0.00000000,0
6272000,0.06361219,0.02841006,-0.02350115,0.98446489,0.48458556,0.00000029,0
6273000,0.06897511,0.03397402,0.03131414,1.30918819,0.85747714,0.00066453,0
6274000,0.16798814,0.02718633,0.96142914,0.94654182,0.91014370,0.00013989,0
6275000,0.06646263,0.02086668,0.01528757,0.60527143,0.18329361,0.01494622,0
6276000,0.11077051,0.04483877,0.44469497,1.98743178,2.07381935,0.00105739,0
6277000,0.13799128,0.01592227,0.71895514,0.34033225,0.31636127,0.00003981,0
6278000,0.06961244,0.01047367,0.05838144,0.02886816,0.00212088,0.00820996,0
6279000,0.17124359,0.03044290,1.07448405,1.21516676,1.31557311,0.00251781,0
6280000,0.09803288,0.01579521,0.35214297,0.35331989,0.12441981,0.00026680,0
6281000,0.10850772,0.01179863,0.46611034,0.11895259,0.11570428,0.00030646,0
6282000,0.07445434,0.01470063,0.12363442,0.29954281,0.05250568,0.00479846,0
6283000,0.11880708,0.03752439,0.58889038,1.71413483,1.64252505,0.00873206,0
6284000,0.11182157,0.02500754,0.52476136,0.95263332,0.59144236,0.00008133,0
6285000,0.04618078,0.01483209,-0.16321359,0.32333142,0.05227161,0.00810995,0
6286000,0.07718336,0.05659919,0.16984473,2.97882105,4.45111105,0.03737386,0
6287000,0.06866974,0.02553630,0.08214955,1.01638563,0.51989415,0.00109363,0
6288000,0.05691171,0.00115510,-0.04159463,-0.54683213,0.00000000,0.00031955,0
6289000,0.08951304,0.00426517,0.31991137,-0.34745391,0.05117164,0.00260189,0
6290000,0.33508065,0.01813132,3.04998372,0.56058317,4.80832710,0.05777975,0
6291000,0.08795102,0.04196161,0.31286747,2.14246603,2.34402338,0.01983740,0
6292000,0.08702062,0.00559151,0.30777164,-0.26431287,0.04736169,0.05081398,0
6293000,0.05865876,0.01789112,-0.01052047,0.56054516,0.15710544,0.00284594,0
6294000,0.08233201,0.00898308,0.26299015,-0.03663859,0.03458191,0.00412461,0
6295000,0.10422844,0.03490265,0.52131317,1.73199402,1.63578536,0.00212929,0
6296000,0.05539996,0.02140078,-0.04116298,0.81845577,0.33493493,0.00011940,0
6297000,0.12493378,0.10350150,0.77702942,6.49827581,21.41568160,0.20508214,0
6298000,0.12306650,0.05018768,0.76341127,2.83463811,4.30898500,0.02350059,0
6299000,0.07820226,0.00799282,0.23775267,-0.09873110,0.02826317,0.00141216,0
6300000,0.14457105,0.01322044,1.03669026,0.26938392,0.57364720,0.00281532,0
6301000,0.11807229,0.00060349,0.72573827,-0.62305398,0.26334801,0.02105499,0
6302000,0.31219420,0.02189755,3.09043730,0.89304009,5.17416165,0.15285147,0
6303000,0.08949368,0.00323858,0.38850099,-0.44049404,0.07546651,0.01362577,0
6304000,0.06055616,0.01514702,0.03711015,0.41791763,0.08801615,0.05154979,0
6305000,0.11592066,0.00189132,0.72499798,-0.54221480,0.26281103,0.04200016,0
6306000,0.08401921,0.03593861,0.33394859,1.94410613,1.94553516,0.01970469,0
6307000,0.09474380,0.05275736,0.47345771,3.19432613,5.21394081,0.03286824,0
6308000,0.12682699,0.02041013,0.88356675,0.82183572,0.72805207,0.00370830,0
6309000,0.07954469,0.00755133,0.29138124,-0.12861279,0.04245151,0.00092675,0
6310000,0.16979006,0.02655810,1.44871440,1.29295949,1.88525882,0.02003943,0
6311000,0.14406820,0.00407173,1.12880196,-0.38934373,0.63709693,0.00157037,0
6312000,0.10142516,0.01107241,0.58574133,0.13857656,0.18114818,0.05120563,0
6313000,0.18545124,0.04322547,1.68315262,2.58102698,4.74735152,0.03612111,0
6314000,0.04908209,0.06785280,-0.08818813,4.47590885,10.01688003,0.16003095,0
6315000,0.09223564,0.02488144,0.48103362,1.20405039,0.84056534,0.00298353,0
6316000,0.14702497,0.05248521,1.21035363,3.34029119,6.31125056,0.05711496,0
6317000,0.14348139,0.06381017,1.17135966,4.23466260,9.65222541,0.12182525,0
6318000,0.15802726,0.01703107,1.37372850,0.61299091,1.13144393,0.02752429,0
6319000,0.07217718,0.02474927,0.23025162,1.22114333,0.77210342,0.00292448,0
6320000,0.07551140,0.01555895,0.27866788,0.50656629,0.16713260,0.00456242,0
6321000,0.08434694,0.02758843,0.40184856,1.46100235,1.14800506,0.00321476,0
6322000,0.08638734,0.06664923,0.43406208,4.56933501,10.53361615,0.09249225,0
6323000,0.12355977,0.02448832,0.94708904,1.23050966,1.20556584,0.01222995,0
6324000,0.06461019,0.01153149,0.14213238,0.19819500,0.02974143,0.09541433,0
6325000,0.10319379,0.06322742,0.67799222,4.35537552,9.71448467,0.07863606,0
6326000,0.08974878,0.01902029,0.49670974,0.80716730,0.44911981,0.00014122,0
6327000,0.08890927,0.04347154,0.48881847,2.79364350,4.02169375,0.02430024,0
6328000,0.06672077,0.00046229,0.18120159,-0.69516570,0.01641701,0.02002217,0
6329000,0.09841213,0.00576404,0.63006447,-0.26338197,0.19849062,0.00144150,0
6330000,0.17309061,0.02225615,1.69067693,1.09050090,2.02379034,0.00446197,0
6331000,0.07249247,0.03331821,0.27082753,2.00808701,2.05288050,0.00297217,0
6332000,0.10442578,0.05171532,0.72940222,3.53914665,6.52879330,0.04687187,0
6333000,0.05799844,0.03381879,0.06936127,2.06647439,2.13756370,0.00840659,0
6334000,0.06973182,0.00434965,0.23926816,-0.38210671,0.02862463,0.03346372,0
6335000,0.09916290,0.03578579,0.66704921,2.24713893,2.74729401,0.01685916,0
6336000,0.09718577,0.01001038,0.64231810,0.09096065,0.21042319,0.07759321,0
6337000,0.13804223,0.03776424,1.24090340,2.43023129,3.72293268,0.03643504,0
6338000,0.08062027,0.00571113,0.40748206,-0.27098676,0.08302081,0.03300791,0
6339000,0.11398869,0.03260199,0.90052752,2.01075287,2.42703846,0.02293842,0
6340000,0.12121179,0.01045321,1.01184579,0.13161261,0.52057689,0.02160444,0
6341000,0.14400002,0.05056956,1.35428039,3.56137954,7.25874981,0.06507356,0
6342000,0.08357263,0.05534602,0.46280252,3.98423984,8.04417664,0.09327978,0
6343000,0.13872729,0.03906808,1.28805684,2.59786534,4.20399737,0.16555856,0
6344000,0.05233627,0.03670049,0.00106687,2.40340272,2.88817288,0.02484525,0
6345000,0.07278520,0.03360370,0.30958225,2.14450840,2.34737872,0.01549519,0
6346000,0.11201838,0.02745496,0.90404591,1.61811606,1.71779929,0.00992189,0
6347000,0.05759309,0.01856273,0.08442467,0.84834510,0.36340847,0.00340743,0
6348000,0.07134447,0.03442331,0.29543304,2.23964176,2.55163795,0.06228064,0
6349000,0.14357455,0.07283559,1.39819535,5.61562596,16.74510258,0.17869533,0
6350000,0.11686575,0.01715212,0.99644943,0.73218905,0.76450614,0.15860612,0
6351000,0.07397695,0.02350917,0.34250631,1.29538515,0.89766663,0.04360275,0
6352000,0.06643941,0.01884934,0.22856109,0.88740245,0.41986164,0.05206737,0
6353000,0.18330604,0.01037104,2.03774630,0.13822401,2.08575794,0.00157312,0
6354000,0.13205655,0.02416547,1.25090716,1.36876562,1.71914401,0.00857941,0
6355000,0.18153086,0.03080648,2.02675020,1.96741741,3.98922381,0.02983855,0
6356000,0.18030500,0.02563958,2.01575513,1.51116411,3.17344286,0.03541403,0
6357000,0.07250754,0.01844177,0.33400741,0.86936516,0.43367837,0.00520364,0
6358000,0.16658348,0.00370853,1.81597108,-0.45556669,1.64887548,0.09753440,0
6359000,0.18787794,0.13868743,2.15882643,11.74861098,71.34519572,0.91232317,0
6360000,0.13976325,0.09580561,1.40556921,7.89478198,32.15160368,0.39396691,0
6361000,0.13494289,0.05954498,1.33477594,4.62049800,11.56531427,0.13961288,0
6362000,0.08473842,0.06532039,0.54059860,5.16063489,13.46219964,0.19780888,0
6363000,0.10684931,0.01553043,0.89678753,0.62177765,0.59541766,0.02005113,0
6364000,0.03225950,0.02104740,-0.29465219,1.12911425,0.63744950,0.12014601,0
6365000,0.08295903,0.03210209,0.52067918,2.14896562,2.44458002,0.09398253,0
6366000,0.19024034,0.13189369,2.25303775,11.35025106,66.95218912,0.71341094,0
6367000,0.08996405,0.10393396,0.63896667,8.79691813,38.89702347,0.38864409,0
6368000,0.09297235,0.08300812,0.69100229,6.88252679,23.92332958,0.24392084,0
6369000,0.27207449,0.03337323,3.60916508,2.29193415,9.13951737,0.10072830,0
6370000,0.15448402,0.05184492,1.70101103,4.01600751,9.51087742,0.32671803,0
6371000,0.06854024,0.01848035,0.29942715,0.91188798,0.46059815,0.02191938,0
6372000,0.15579049,0.02055416,1.73284048,1.10830381,2.11553674,0.11356891,0
6373000,0.10292601,0.03874405,0.86835865,2.81682680,4.34427998,0.22236636,0
6374000,0.15455049,0.03507243,1.72340971,2.47851287,4.55658354,0.03352900,0
6375000,0.12298204,0.01805114,1.20654663,0.88104795,1.11600013,0.08606691,0
6376000,0.11437628,0.00852017,1.06833089,-0.01623285,0.57066544,0.29093516,0
6377000,0.11403228,0.02688985,1.06655966,1.72251180,2.05229820,0.14578907,0
6378000,0.13317586,0.00170866,1.39010122,-0.66123628,0.96619070,0.00253986,0
6379000,0.12657556,0.02425550,1.28434370,1.48151517,1.92221297,0.06164136,0
6380000,0.09108115,0.04511320,0.69286890,3.47326926,6.27183334,0.06880281,0
6381000,0.06937684,0.06964199,0.33081032,5.82565103,17.02382267,0.30470668,0
6382000,0.11799296,0.03509186,1.15302320,2.53178276,3.86969322,0.05004255,0
6383000,0.16963433,0.03717693,2.03091707,2.73852372,5.81206816,0.04128696,0
6384000,0.07517962,0.04639803,0.43535718,3.63269223,6.69299435,0.24666206,0
6385000,0.06904411,0.00701522,0.33329654,-0.15621694,0.05554329,0.02341709,0
6386000,0.11346253,0.01102605,1.09224466,0.23141105,0.62327474,0.09225158,0
6387000,0.10817403,0.03116698,1.00534890,2.18363476,2.88949359,0.04289619,0
6388000,0.07923255,0.02472867,0.51266319,1.56317116,1.35316381,0.02988388,0
6389000,0.10336255,0.00430164,0.92931960,-0.42073061,0.43181746,0.05634180,0
6390000,0.06914496,0.02184931,0.34331343,1.28922310,0.88998016,0.18902613,0
6391000,0.06218078,0.01106921,0.22434552,0.23878316,0.05367416,0.12473867,0
6392000,0.05278929,0.04991746,0.06306624,4.04241370,8.17254296,0.09998597,0
6393000,0.15472683,0.00365691,1.83200287,-0.48610871,1.67811726,0.01661784,0
6394000,0.09726388,0.01362187,0.83815306,0.49268419,0.47261913,0.13771512,0
6395000,0.09037281,0.02408202,0.72059338,1.52337466,1.41996259,0.17233075,0
6396000,0.11605775,0.03541352,1.17165724,2.64476854,4.18379066,0.15591839,0
6397000,0.11091584,0.00538901,1.08478550,-0.31831202,0.58837979,0.33029729,0
6398000,0.11099052,0.05181219,1.08933187,4.27963036,9.75093996,0.09879441,0
6399000,0.08612234,0.01002355,0.65512500,0.14079141,0.22450549,0.13680410,0
6400000,0.12478195,0.01996211,1.33892803,1.12922564,1.53393941,0.17913725,0
6401000,0.07559799,0.00034308,0.47292734,-0.82283774,0.11183014,0.06072153,0
6402000,0.05454737,0.03546052,0.10217817,2.68129469,3.59989079,0.07404292,0
6403000,0.12576354,0.01737550,1.36729876,0.87847860,1.32061527,0.22468580,0
6404000,0.11490304,0.02093576,1.17826977,1.23787613,1.46032848,0.05717122,0
6405000,0.09604958,0.04822344,0.84579955,3.98121910,8.28274119,0.11832822,0
6406000,0.15070674,0.04964049,1.82527696,4.13276402,10.20568720,0.09966024,0
6407000,0.09979454,0.05348079,0.91864514,4.52784234,10.67263256,0.24670362,0
6408000,0.11089236,0.01388581,1.11999888,0.53740592,0.77160130,0.02888030,0
6409000,0.11971778,0.03324789,1.28210689,2.49767914,3.94109958,0.02628257,0
6410000,0.07288803,0.02138135,0.44156028,1.30019872,0.94274610,0.00405163,0
6411000,0.07777404,0.03050549,0.53192807,2.23023427,2.62844617,0.02543906,0
6412000,0.12705286,0.03480002,1.42648748,2.67225838,4.58791568,0.03822516,0
6413000,0.09728229,0.02416856,0.89021159,1.59395857,1.66659030,0.03368898,0
6414000,0.04520944,0.03510118,-0.05367663,2.71360307,3.68182080,0.03232066,0
6415000,0.10734295,0.05580277,1.07930613,4.83755825,12.28343576,0.10787442,0
6416000,0.08906052,0.03423359,0.74873056,2.63689470,3.75690556,0.03108252,0
6417000,0.20501192,0.00452912,2.87262687,-0.40848382,4.12599256,0.27703789,0
6418000,0.18659809,0.01111738,2.54053066,0.26838866,3.26316425,0.07922055,0
6419000,0.05777403,0.03440494,0.18010026,2.66862948,3.57700969,0.03183454,0
6420000,0.07337460,0.02039458,0.46880587,1.22822029,0.86415201,0.00886454,0
6421000,0.08333144,0.04425535,0.65403928,3.69847514,7.05324289,0.15628567,0
6422000,0.07876263,0.00464094,0.57181643,-0.39811204,0.16348701,0.00608460,0
6423000,0.05046745,0.03256112,0.04998730,2.49927986,3.12444928,0.06054662,0
6424000,0.04763496,0.02451071,-0.00164629,1.66727128,1.38989676,0.01884042,0
6425000,0.15549697,0.03365576,2.00434674,2.62182405,5.44568360,0.16759249,0
6426000,0.15105629,0.00483858,1.92573661,-0.37904481,1.85423075,0.13716386,0
6427000,0.08033511,0.03670642,0.61030153,2.94823715,4.53228513,0.08425419,0
6428000,0.09713641,0.06606632,0.92618279,6.02327808,18.56884669,0.26562775,0
6429000,0.12407110,0.02900464,1.43377889,2.15192184,3.34324476,0.07643443,0
6430000,0.11657920,0.04912234,1.29666012,4.26719329,9.94513302,0.20355265,0
6431000,0.05935465,0.04845724,0.22402602,4.20494876,8.86589086,0.07711199,0
6432000,0.06006586,0.06031765,0.23866031,5.46077537,14.93851317,0.27437984,0
6433000,0.05357412,0.00531389,0.11747351,-0.32994731,0.00690001,0.08189134,0
6434000,0.19618450,0.05290588,2.81497569,4.69548853,14.98585033,0.40330281,0
6435000,0.09648127,0.01557266,0.93171851,0.75445478,0.71865070,0.02649091,0
6436000,0.06414497,0.03457403,0.32058321,2.76852909,3.88376346,0.07703122,0
6437000,0.08231904,0.03453578,0.66759250,2.76961080,4.05821185,0.04453798,0
6438000,0.13396418,0.01869627,1.65329107,1.09104434,1.96187456,0.19356520,0
6439000,0.09050606,0.01402130,0.82705645,0.59488881,0.51895753,0.39947710,0
6440000,0.17104188,0.00409729,2.36885484,-0.46085863,2.80573662,0.04362796,0
6441000,0.10635247,0.01388923,1.13511168,0.58346320,0.81445392,0.01153590,0
6442000,0.08500574,0.01758811,0.72797770,0.97964949,0.74483233,0.05336979,0
6443000,0.10531927,0.02331927,1.12065802,1.59473694,1.89953015,0.01419043,0
6444000,0.06632857,0.04939809,0.37252712,4.39243102,9.71611336,0.10681544,0
6445000,0.09343404,0.01261845,0.89698474,0.45195607,0.50442296,0.05814322,0
6446000,0.04772770,0.02657796,0.01569843,1.95292082,1.90707309,0.17525805,0
6447000,0.07226842,0.02440651,0.49141085,1.72265909,1.60451949,0.02872351,0
6448000,0.08891412,0.03605941,0.81548244,2.98095671,4.77555725,0.11038410,0
6449000,0.03469745,0.01241916,-0.23522638,0.43431519,0.09431484,0.08867621,0
6450000,0.08732516,0.03435474,0.78891755,2.80595943,4.24789962,0.06661228,0
6451000,0.09291123,0.07475266,0.89978237,7.18227071,26.19731045,0.27028768,0
6452000,0.07148635,0.01107878,0.48317149,0.29124081,0.15913795,0.20543069,0
6453000,0.08276527,0.02626973,0.70490025,1.93997621,2.13019603,0.10341300,0
6454000,0.08191844,0.00750126,0.69013263,-0.09598188,0.23814152,0.10966106,0
6455000,0.07987810,0.01014686,0.65188079,0.19213359,0.23093194,0.05278436,0
6456000,0.12364194,0.00719674,1.51357672,-0.12856538,1.14545724,0.10791442,0
6457000,0.10641147,0.05226577,1.17750228,4.78886956,12.15989163,0.14211720,0
6458000,0.10163102,0.04354627,1.08582384,3.84294061,7.97360296,0.19456030,0
6459000,0.17270915,0.04529632,2.49158392,4.03942366,11.26246698,0.31868309,0
6460000,0.13249189,0.00468440,1.70081455,-0.40367250,1.44638506,0.14708205,0
6461000,0.08302231,0.01279834,0.72461878,0.48625652,0.38075889,0.01011433,0
6462000,0.06370764,0.00821842,0.34351060,-0.01563205,0.05899977,0.00751290,0
6463000,0.06133731,0.00719577,0.29796747,-0.12769183,0.04439231,0.14074232,0
6464000,0.04759875,0.03155900,0.02565374,2.55599758,3.26689088,0.07614345,0
6465000,0.12213814,0.01118183,1.51244360,0.31221800,1.19248286,0.03504841,0
6466000,0.15477668,0.04594278,2.16759617,4.15113442,10.96519506,0.15831648,0
6467000,0.14027406,0.01219278,1.88120925,0.42524133,1.85988921,0.17769855,0
6468000,0.17372063,0.03296747,2.55447827,2.72563223,6.97721513,0.07171056,0
6469000,0.11058476,0.01543279,1.29232557,0.78610556,1.14403366,0.02920151,0
6470000,0.06902898,0.01748256,0.45996224,1.01518922,0.62108721,0.09940918,0
6471000,0.13783047,0.06643199,1.84588718,6.45628323,22.54544631,0.27024010,0
6472000,0.16708477,0.02090110,2.43908792,1.39921112,3.95347084,0.04517125,0
6473000,0.12268353,0.00695802,1.54709734,-0.15178770,1.19675509,0.19063404,0
6474000,0.09879472,0.02845874,1.06671394,2.24652152,3.09236878,0.15930712,0
6475000,0.08978584,0.09377795,0.88639777,9.54375098,45.93444185,0.58689516,0
6476000,0.07013362,0.01853953,0.48984603,1.14374913,0.77405560,0.03349622,0
6477000,0.08757870,0.04135084,0.84533866,3.69915123,7.19915862,0.14182963,0
6478000,0.10458975,0.05697415,1.19304358,5.45565044,15.59373737,0.22808459,0
6479000,0.06676435,0.01246390,0.42531256,0.46745593,0.19970291,0.13159268,0
6480000,0.10993347,0.02997773,1.30697950,2.43642978,3.82219275,0.03168645,0
6481000,0.18442948,0.08448341,2.83099862,8.57167182,40.74405550,0.50037926,0
6482000,0.07958945,0.02409664,0.69119390,1.78023443,1.82349181,0.05559959,0
6483000,0.09389695,0.05173161,0.98576964,4.89925263,12.48720904,0.27713467,0
6484000,0.09735794,0.01202574,1.05863836,0.42242296,0.64957817,0.08224877,0
6485000,0.16189492,0.00955392,2.38644588,0.14399060,2.85792862,0.06918665,0
6486000,0.11482397,0.01402424,1.42136354,0.64932717,1.22095004,0.68861042,0
6487000,0.07618333,0.03006963,0.62743812,2.46665052,3.23902169,0.05515732,0
6488000,0.07472888,0.03372397,0.59858752,2.88406706,4.33807490,0.18751021,0
6489000,0.08688828,0.04203931,0.85063426,3.83148294,7.70192010,0.17702343,0
6490000,0.08951959,0.10011756,0.90659348,10.43488751,54.85439452,0.68281410,0
6491000,0.05112967,0.02613140,0.11331675,2.03101120,2.06892359,0.09592204,0
6492000,0.12425078,0.07361186,1.63027131,7.44100269,29.01315278,0.33870753,0
6493000,0.03889122,0.00334350,-0.13922123,-0.56155164,0.00000000,0.00849558,0
6494000,0.09076142,0.00156030,0.93935449,-0.76533636,0.44119343,0.73816336,0
6495000,0.10696061,0.01205375,1.27782323,0.43273376,0.91004535,0.16676478,0
6496000,0.10030188,0.02325156,1.14107400,1.71367933,2.11937337,0.15808950,0
6497000,0.19049262,0.00605740,3.02607792,-0.25276078,4.57857378,0.09234337,0
6498000,0.14392838,0.10046969,2.05702802,10.56663883,57.94261026,2.43604038,0
6499000,0.15165573,0.08314232,0.00000000,0.00000000,0.00000000,0.00000000,0
6500000,0.07182752,0.03963009,0.51862995,2.91927896,4.39558335,0.26436645,0
6501000,0.06301713,0.02426377,0.45018661,1.66140171,1.48146181,0.22398051,0
6502000,0.06420600,0.02821041,0.59850627,2.33213685,2.89853603,0.16235807,0
6503000,0.05199238,0.02211252,0.29202604,1.71568359,1.51442470,0.39753199,0
6504000,0.09090107,0.02145980,1.64955163,1.71208831,2.82613349,0.21007645,0
6505000,0.13317925,0.03286297,3.21532387,3.36349721,10.82571054,0.79486903,0
6506000,0.04924115,0.01295911,0.30496236,0.66144786,0.26525766,0.97375222,0
6507000,0.05065551,0.01181609,0.38772774,0.52560850,0.21329855,0.60549044,0
6508000,0.07760251,0.02634173,1.43207715,2.68903821,4.64088571,0.83502153,0
6509000,0.11829093,0.03736940,3.06124620,4.41535646,14.43330051,0.55999970,0
6510000,0.06571939,0.03463116,1.04924545,4.06951371,8.83092894,1.65610202,0
6511000,0.07998180,0.04868355,1.66456789,6.32186772,21.36839883,0.63606368,0
6512000,0.06050119,0.00817603,0.00000000,0.00000000,0.00000000,0.00000000,0
6513000,0.06981041,0.02959240,1.05488808,3.45586067,6.52788090,0.43265923,0
6514000,0.09006602,0.01717417,1.99408663,1.65430240,3.35654896,1.84830590,0
6515000,0.04980423,0.00447017,0.00000000,0.00000000,0.00000000,0.00000000,0
6516000,0.09190532,0.03187250,1.91859444,4.24823946,10.86427156,0.60637368,0
6517000,0.11359023,0.02470325,3.03563360,3.23138362,9.82845573,0.62829314,0
6518000,0.23598459,0.12046283,0.00000000,0.00000000,0.00000000,0.00000000,0
6519000,0.15004875,0.02930926,2.79066332,1.97768714,5.84952410,0.22880168,0
6520000,0.12280172,0.00511071,0.00000000,0.00000000,0.00000000,0.00000000,0
6521000,0.08868055,0.03726069,1.56335234,3.64789858,7.87561728,0.24691741,0
6522000,0.04347443,0.00756922,0.12047667,-0.13661746,0.00725731,0.51967032,0
6523000,0.13980387,0.00795281,4.06638707,-0.06172429,8.26775191,0.42998698,0
6524000,0.08798362,0.00207089,2.14122690,-0.93315455,2.29242632,0.41184711,0
6525000,0.06413396,0.01345001,1.22663421,0.88780114,1.14641117,0.45035342,0
6526000,0.10156903,0.02276275,3.01694546,2.47610239,7.61652148,0.75447046,0
6527000,0.12695310,0.01163542,4.33805684,0.68293290,9.64256724,1.34317165,0
6528000,0.08423349,0.05489212,0.00000000,0.00000000,0.00000000,0.00000000,0
6529000,0.05399875,0.08760303,0.39851859,9.79403243,48.04094414,0.88592235,0
6530000,0.12229618,0.02750435,2.91633225,2.58122478,7.58385759,0.35569558,0
6531000,0.07794141,0.03509447,1.48406770,3.87078082,8.59270054,0.35564290,0
6532000,0.07124613,0.01311621,0.00000000,0.00000000,0.00000000,0.00000000,0
6533000,0.08666096,0.01735182,1.27591912,1.16613732,1.49392293,0.19249929,0
6534000,0.08466523,0.01956830,1.46718644,1.60889349,2.37058714,0.66212169,0
6535000,0.10536876,0.02558153,2.42231812,2.72527589,6.64737688,0.47015281,0
6536000,0.06009058,0.02892345,0.82878630,3.39541995,6.10788168,1.26340747,0
6537000,0.04698570,0.00429359,0.36180921,-0.61396871,0.06545295,0.66328543,0
6538000,0.05612947,0.02198809,0.79421217,2.44469580,3.30365527,1.44647767,0
6539000,0.05129924,0.04080107,0.00000000,0.00000000,0.00000000,0.00000000,0
6540000,0.14287658,0.05360185,3.84488280,7.67362241,36.83380229,1.07896874,0
6541000,0.07221001,0.06114292,1.39166577,9.42640136,45.39688809,1.39341393,0
6542000,0.05619318,0.01228695,0.00000000,0.00000000,0.00000000,0.00000000,0
6543000,0.05416769,0.01997160,0.00000000,0.00000000,0.00000000,0.00000000,0
6544000,0.07251406,0.02759096,0.76738897,2.43154980,3.25066013,0.09682992,0
6545000,0.07122178,0.01353718,0.94006337,0.74747911,0.72122208,0.77544193,0
6546000,0.14341849,0.00683314,3.65846202,-0.16575262,6.69217218,0.26099819,0
6547000,0.11397879,0.00677873,2.83073526,-0.13758370,4.00653106,0.86649357,0
6548000,0.06931796,0.01125457,1.25065065,0.62722247,0.97876754,0.74280136,0
6549000,0.05855383,0.00970363,0.88099335,0.39201235,0.46491148,1.12761863,0
6550000,0.07810345,0.02356916,1.77743821,2.84828157,5.63599724,0.95533493,0
6551000,0.09088425,0.00343317,2.42685830,-0.68561539,2.94482059,1.74355365,0
6552000,0.10884006,0.03451542,0.00000000,0.00000000,0.00000000,0.00000000,0
6553000,0.11134712,0.01628861,1.96663656,0.85347931,2.29804315,0.63663739,0
6554000,0.13907833,0.05795831,3.15517949,6.65924065,27.15032183,0.91173933,0
6555000,0.12918162,0.05294161,3.08433098,6.39351918,25.19509254,0.47839314,0
6556000,0.08395867,0.02466813,1.61057575,2.45292045,4.30538650,0.37105022,0
6557000,0.07018942,0.00823954,1.19613837,0.04947937,0.71659761,0.47024003,0
6558000,0.11288102,0.01055304,0.00000000,0.00000000,0.00000000,0.00000000,0
6559000,0.11226853,0.02897593,2.21840610,2.87639483,6.59748642,0.17373773,0
6560000,0.03390507,0.02372774,-0.19135999,2.45651271,3.01722734,0.24927711,0
6561000,0.13681042,0.02528484,3.86356433,2.92188459,11.73226945,0.63869156,0
6562000,0.10060078,0.05630636,2.63738245,8.36623030,38.47479780,1.26252711,0
6563000,0.05057587,0.01214596,0.00000000,0.00000000,0.00000000,0.00000000,0
6564000,0.08328123,0.01141409,1.18109187,0.21693207,0.72101877,0.34879864,0
6565000,0.08580052,0.03282527,1.44983426,3.18351229,6.11838493,0.91456036,0
6566000,0.08587275,0.00606884,1.60457324,-0.37301902,1.28732765,1.46789539,0
6567000,0.08984653,0.02438969,1.87282059,2.31716114,4.43834635,0.80966579,0
6568000,0.07779022,0.03054718,0.00000000,0.00000000,0.00000000,0.00000000,0
6569000,0.13642843,0.02606868,2.12504021,1.74881755,3.78707936,0.06996827,0
6570000,0.10972588,0.01481650,1.86624043,0.69670131,1.98412303,0.40248428,0
6571000,0.10611738,0.01037007,2.01598284,0.20562860,2.05323496,0.47576820,0
6572000,0.09962482,0.03346864,1.99687290,3.62448244,8.56218717,0.22583097,0
6573000,0.05602588,0.00194586,0.55410708,-0.90792713,0.15351733,0.36714432,0
6574000,0.18170351,0.06442669,5.31991296,8.77626034,52.66210975,1.07914006,0
6575000,0.10874359,0.00697275,0.00000000,0.00000000,0.00000000,0.00000000,0
6576000,0.08183850,0.00232370,1.21409563,-0.87343654,0.73701410,0.25865399,0
6577000,0.11069564,0.01715290,2.43608653,1.23152982,3.72559165,0.53229222,0
6578000,0.05478954,0.00767830,0.58242651,-0.07494923,0.16961032,0.45390871,0
6579000,0.11905659,0.03334121,3.14928097,3.92924996,12.67848794,0.96868958,0
6580000,0.13379087,0.06792527,0.00000000,0.00000000,0.00000000,0.00000000,0
6581000,0.18166798,0.05473621,4.45687982,6.80728195,33.10143262,1.01967931,0
6582000,0.15702519,0.00465821,4.16456287,-0.49199313,8.67179196,0.63179305,0
6583000,0.09906313,0.04230506,2.31751929,5.71490082,19.01549353,0.69103394,0
6584000,0.10087574,0.04925640,2.55721227,7.16353634,28.92779374,0.78396374,0
6585000,0.22598551,0.05552258,0.00000000,0.00000000,0.00000000,0.00000000,0
6586000,0.09690729,0.00359993,1.26749648,-0.71890247,0.80327366,0.15788995,0
6587000,0.08200043,0.01721566,1.13594781,1.10501763,1.25572070,0.15145249,0
6588000,0.09200654,0.01588265,0.00000000,0.00000000,0.00000000,0.00000000,0
6589000,0.11034386,0.03211057,2.26682625,3.20131364,7.69345512,0.35033556,0
6590000,0.08119237,0.02834504,1.51578416,2.99794781,5.64264634,0.59171576,0
6591000,0.08699912,0.05324509,1.94454482,7.16371887,27.55006129,0.66561138,0
6592000,0.16265422,0.08294476,5.25481288,12.31626253,89.65169048,2.13077455,0
6593000,0.13269122,0.02953838,0.00000000,0.00000000,0.00000000,0.00000000,0
6594000,0.10237730,0.00487412,2.13518072,-0.45387620,2.27949835,0.72265621,0
6595000,0.10931026,0.04650454,2.66619366,6.87555029,27.19089018,0.93150870,0
6596000,0.05787210,0.04278656,0.00000000,0.00000000,0.00000000,0.00000000,0
6597000,0.10776030,0.02153809,2.25229468,2.00781255,4.55207128,1.22528100,0
6598000,0.06429672,0.00612715,0.92685011,-0.28152548,0.42952556,0.43135252,0
6599000,0.13366742,0.01695457,3.86096510,1.58640837,8.71187149,0.72635833,0
6600000,0.13151725,0.02481459,4.01000778,3.06223794,12.72873182,0.95338377,0
6601000,0.12601943,0.04237284,3.93477258,6.36379076,27.99013402,1.41953251,0
6602000,0.09110814,0.00033713,0.00000000,0.00000000,0.00000000,0.00000000,0
6603000,0.07177991,0.03541720,0.86792344,3.73212733,7.34103274,0.33578843,0
6604000,0.11264093,0.02234104,2.45600677,2.18513555,5.40339333,0.59099986,0
6605000,0.07579599,0.03388238,1.32919003,4.15491026,9.51501272,0.72312163,0
6606000,0.06006528,0.00658698,0.00000000,0.00000000,0.00000000,0.00000000,0
6607000,0.05191758,0.04028282,0.00000000,0.00000000,0.00000000,0.00000000,0
6608000,0.06602436,0.05193437,0.04654773,3.56056280,6.33988708,0.10237681,0
6609000,0.11036259,0.03507349,1.34154517,2.51588452,4.06470917,0.24206658,0
6610000,0.07182354,0.05805345,0.59451868,5.49622700,15.28098184,0.26414532,0
6611000,0.07271376,0.02268233,0.74096072,1.60130604,1.55660191,0.53220591,0
6612000,0.12457904,0.05195846,2.40025418,5.50875304,18.05379009,0.67656782,0
6613000,0.07954592,0.00678963,1.15429182,-0.27499779,0.66619480,0.15551342,0
6614000,0.07586290,0.01564244,1.09804990,0.96246823,1.06602934,0.24870899,0
6615000,0.07805654,0.00779783,1.21528321,-0.11715596,0.73845664,0.43926630,0
6616000,0.12214953,0.04901506,2.79004902,5.81072450,20.77444639,0.96932788,0
6617000,0.12171413,0.00564612,2.86868411,-0.39817699,4.11467426,0.23616287,0
6618000,0.14196193,0.01580594,0.00000000,0.00000000,0.00000000,0.00000000,0
6619000,0.21594210,0.05626392,4.93685437,6.49562839,33.28285962,0.40363363,0
6620000,0.09636991,0.03802780,1.86037443,4.57425757,12.19241264,0.38813300,0
6621000,0.13272727,0.01712080,3.42436817,1.55354018,7.06989223,0.32147121,0
6622000,0.11516624,0.06444034,2.98731942,9.66227922,51.14185855,1.22620846,0
6623000,0.06515385,0.01149560,0.00000000,0.00000000,0.00000000,0.00000000,0
6624000,0.14666042,0.01472698,3.54221251,0.89938269,6.67807936,0.26193758,0
6625000,0.10718026,0.00018856,2.52306475,-1.17014751,3.18292787,0.28038898,0
6626000,0.08776991,0.03878008,0.00000000,0.00000000,0.00000000,0.00000000,0
6627000,0.21491435,0.04769248,4.40779512,3.94206354,17.48426139,0.41981726,0
6628000,0.08814306,0.03519139,1.32661312,3.17800204,5.92979967,0.32051441,0
6629000,0.07107512,0.04857231,0.94859860,5.24852785,14.22344193,0.40639738,0
6630000,0.08933754,0.00714253,1.69795936,-0.15192253,1.44153299,0.55006297,0
6631000,0.11088155,0.00839726,2.60628927,0.03748251,3.39707435,0.53899843,0
6632000,0.06767788,0.01277644,1.07736316,0.70644203,0.82988585,0.38007559,0
6633000,0.09747119,0.03223823,2.32247991,3.69669766,9.52974328,0.79436536,0
6634000,0.12950407,0.01164511,3.71390931,0.58635539,7.06846750,2.16991232,0
6635000,0.09034098,0.03370459,0.00000000,0.00000000,0.00000000,0.00000000,0
6636000,0.16168809,0.04889045,4.10203251,6.68812497,30.77884316,0.67573163,0
6637000,0.12165895,0.06778432,3.13170548,10.47247573,59.74016355,1.16782767,0
6638000,0.13511632,0.01002490,3.90617009,0.46581653,7.73757492,1.23894412,0
6639000,0.14631440,0.00409314,0.00000000,0.00000000,0.00000000,0.00000000,0
6640000,0.11665436,0.00093544,2.66653592,-1.07669028,3.55520692,0.74987647,0
6641000,0.12059195,0.02031868,3.19386976,2.27908916,7.69752572,0.94193503,0
6642000,0.17654558,0.02062723,0.00000000,0.00000000,0.00000000,0.00000000,0
6643000,0.11782304,0.00226439,2.02133006,-0.91482538,2.04288760,0.57108167,0
6644000,0.12968446,0.02770046,2.82282734,2.61530232,7.40408021,0.54387041,0
6645000,0.06603288,0.02617393,0.85356703,2.64841905,3.87135008,0.47226058,0
6646000,0.13706329,0.00049090,3.68669268,-1.21333766,6.79585145,0.21908703,0
6647000,0.08398766,0.01328438,1.78955363,0.87430308,1.98345403,0.93405474,0
6648000,0.08932716,0.00702545,2.11353477,-0.13757774,2.23351462,1.37811366,0
6649000,0.09972401,0.01422549,2.65885032,1.12294908,4.16524982,0.89966137,0
6650000,0.14602087,0.03762839,4.79641652,5.26371839,25.35617135,1.32969602,0
6651000,0.09757302,0.05819727,2.75286735,9.03303985,44.58704377,1.17240179,0
6652000,0.06767640,0.00337594,1.46227759,-0.72039634,1.06912787,0.88512180,0
6653000,0.12860167,0.01346469,4.36265896,1.14282704,10.16942343,1.33503297,0
6654000,0.06537227,0.00116421,1.44169021,-1.12133426,1.03923533,0.48321651,0
6655000,0.10271261,0.01192453,3.28106578,0.90291806,5.79032685,1.15345096,0
6656000,0.11628856,0.00004181,0.00000000,0.00000000,0.00000000,0.00000000,0
6657000,0.07211594,0.04190412,1.31032075,6.37091434,21.15274498,0.88161224,0
6658000,0.08867932,0.00219792,2.23500641,-0.86952126,2.49762682,1.97218519,0
6659000,0.12516707,0.06500335,0.00000000,0.00000000,0.00000000,0.00000000,0
6660000,0.10928740,0.01338964,2.53544134,0.85377025,3.57869321,0.39673190,0
6661000,0.05264378,0.00438988,0.60192824,-0.50877003,0.18115881,0.65963136,0
6662000,0.08828227,0.01807176,2.19302470,1.81253410,4.04731859,1.05265525,0
6663000,0.06287714,0.01614177,0.00000000,0.00000000,0.00000000,0.00000000,0
6664000,0.07836840,0.04334342,1.18394645,5.28842594,14.68458905,1.59745632,0
6665000,0.09573901,0.04021123,0.00000000,0.00000000,0.00000000,0.00000000,0
6666000,0.12382500,0.00527328,3.16654001,-0.37054147,5.01348781,0.42705730,0
6667000,0.09109835,0.00279810,2.23186478,-0.77783533,2.49061020,0.97231417,0
6668000,0.06126624,0.00015664,1.13633017,-1.26212830,0.64562313,1.01342484,0
6669000,0.08801780,0.01408388,0.00000000,0.00000000,0.00000000,0.00000000,0
6670000,0.06216542,0.00684537,0.85432645,-0.11114134,0.36493684,1.03386774,0
6671000,0.10200322,0.02533039,2.66029690,3.27512020,8.90179596,1.13093023,0
6672000,0.13693927,0.04348633,4.42392271,6.85039055,33.24947147,1.57705348,0
6673000,0.05969451,0.02086112,1.12780545,2.66702656,4.19248790,0.64579253,0
6674000,0.04230020,0.00714905,0.00000000,0.00000000,0.00000000,0.00000000,0
6675000,0.07253157,0.02482722,0.76018140,1.98782279,2.26465760,0.14681680,0
6676000,0.16726145,0.06318348,4.11351036,7.79926430,38.87474557,0.86252889,0
6677000,0.09392054,0.00047936,1.91945574,-1.12651534,1.84215517,0.84690345,0
6678000,0.06035277,0.05342139,0.81017547,7.26886074,26.74636038,0.96767739,0
6679000,0.10427471,0.01905740,2.66557293,1.88277579,5.32506185,1.81839480,0
6680000,0.10903318,0.01521506,0.00000000,0.00000000,0.00000000,0.00000000,0
6681000,0.19381091,0.03179072,4.28272845,3.40018864,14.95152289,0.54286538,0
6682000,0.09896336,0.05346484,1.83221499,7.22572367,27.78404716,0.73040467,0
6683000,0.17955184,0.02708145,4.90032960,3.14203116,16.94279499,1.16173441,0
6684000,0.10308777,0.01096703,0.00000000,0.00000000,0.00000000,0.00000000,0
6685000,0.06331307,0.03306040,0.60633434,2.98365292,4.63491304,0.30462104,0
6686000,0.09401619,0.04657751,1.87040153,5.25263647,15.54429590,1.52930150,0
6687000,0.09348977,0.00753927,2.08303628,-0.09207651,2.16952007,0.66036982,0
6688000,0.08705769,0.00079330,1.98738305,-1.11960708,1.97484568,0.29643284,0
6689000,0.09045866,0.06249951,2.24225939,8.67662783,40.15579879,1.22244351,0
6690000,0.17439727,0.06940644,0.00000000,0.00000000,0.00000000,0.00000000,0
6691000,0.15483649,0.06567541,3.78095082,7.91242280,38.45101182,0.69653762,0
6692000,0.08367527,0.02642503,1.67252766,2.80942521,5.34510938,0.76372461,0
6693000,0.15178035,0.07775477,4.45993771,10.88490322,69.18608127,1.22468632,0
6694000,0.06761133,0.02411861,1.27285289,2.68331898,4.41017760,0.38336675,0
6695000,0.19861707,0.01116675,6.98554629,0.63903584,24.60311191,0.93855324,0
6696000,0.16594256,0.00796823,5.80252020,0.11043434,16.84071819,1.01579801,0
6697000,0.06528796,0.02432613,1.38529328,3.01916292,5.51719112,1.55115447,0
6698000,0.10298319,0.04843760,3.20566643,7.44041392,32.81802831,1.20537017,0
6699000,0.15435885,0.07479060,0.00000000,0.00000000,0.00000000,0.00000000,0
6700000,0.08094753,0.00376887,0.87307430,-0.73111189,0.38112936,0.29465527,0
6701000,0.29652661,0.02514298,7.54086531,2.31984112,31.12315620,0.42662379,0
6702000,0.06333878,0.00059823,0.63498984,-1.18085421,0.20160605,0.39044994,0
6703000,0.13181452,0.05005689,3.05756214,6.47624713,25.64523160,0.86530823,0
6704000,0.06960525,0.05542682,1.02217228,7.59776761,29.38545443,0.58228154,0
6705000,0.13776323,0.02377763,3.61039202,2.62760076,9.96960816,0.38953924,0
6706000,0.04879621,0.02593772,0.37840473,3.07793972,4.80845153,0.44344674,0
6707000,0.24561681,0.03435457,0.00000000,0.00000000,0.00000000,0.00000000,0
6708000,0.06338840,0.02945159,0.45081514,2.58594855,3.44518211,0.26090882,0
6709000,0.15614983,0.03389427,3.49436743,3.56661868,12.46568627,0.53079260,0
6710000,0.22363262,0.02163536,6.07117127,1.99464745,20.41886954,0.77623046,0
6711000,0.07113572,0.01302488,1.11610594,0.81885516,0.95810812,0.74828150,0
6712000,0.14121269,0.05782989,3.78125274,8.12231529,40.13493898,1.25015562,0
6713000,0.06516904,0.04120136,1.04602429,5.60317131,16.24484779,0.57751084,0
6714000,0.13452989,0.00119344,3.85710322,-1.05498644,7.43862261,0.95359918,0
6715000,0.07196183,0.04646622,1.43126546,6.76612119,23.91445838,1.99287747,0
6716000,0.10019551,0.02580229,2.66117492,3.25143985,8.82685653,0.65748068,0
6717000,0.05209583,0.01301148,0.68185291,1.02852057,0.76138897,0.56207521,0
6718000,0.07530459,0.02476784,1.71624067,3.16427622,6.47906302,0.69930272,0
6719000,0.07009544,0.00723052,0.00000000,0.00000000,0.00000000,0.00000000,0
6720000,0.06404519,0.04933981,0.75657166,6.15826587,19.24831962,0.40271298,0
6721000,0.06165706,0.02521419,0.83218400,2.76427239,4.16686603,0.24567293,0
6722000,0.07707293,0.03134990,1.57021976,3.99179312,9.20000120,0.64587734,0
6723000,0.06078684,0.00837172,0.00000000,0.00000000,0.00000000,0.00000000,0
6724000,0.06758749,0.03127164,0.86038032,3.08813328,5.13841073,0.25068427,0
6725000,0.06414203,0.02090392,0.86937052,1.88496812,2.15445497,1.80035332,0
6726000,0.21079476,0.01288700,6.65296195,0.77732960,22.43307200,0.80717853,0
6727000,0.06980470,0.02121730,1.28280072,2.14434372,3.12189384,1.00444929,0
6728000,0.13295256,0.02390205,4.06090105,2.67420861,11.82115454,0.64221716,0
6729000,0.26677969,0.07628037,10.13248951,11.61130761,118.74490397,1.91838812,0
6730000,0.10156719,0.01137029,0.00000000,0.00000000,0.00000000,0.00000000,0
6731000,0.07581546,0.04712570,0.96717421,5.50201131,15.60377719,0.21393467,0
6732000,0.07816211,0.00407736,1.32610227,-0.61910727,0.87927362,0.88054285,0
6733000,0.12418312,0.00893860,3.28299071,0.16282236,5.40226957,0.92987695,0
6734000,0.15164334,0.02348431,4.71381790,2.65941073,14.64627231,0.97299215,0
6735000,0.20863731,0.00758960,0.00000000,0.00000000,0.00000000,0.00000000,0
6736000,0.06608008,0.01004879,0.58985021,0.20695830,0.19537750,0.03214232,0
6737000,0.17356050,0.02453814,4.45972819,2.61274790,13.35781357,0.36905007,0
6738000,0.13901012,0.02295112,3.63678508,2.54782682,9.85881361,0.70152943,0
6739000,0.13870996,0.02231478,0.00000000,0.00000000,0.00000000,0.00000000,0
6740000,0.09157059,0.04772015,1.34805774,4.93628450,13.09208218,0.15997023,0
6741000,0.11544047,0.08300488,2.34261910,10.22134263,54.98185466,0.87091864,0
6742000,0.08499063,0.03068147,1.48561983,3.14225680,6.04042203,1.02437205,0
6743000,0.16748707,0.04839829,4.61972375,5.95501530,28.40202738,1.03084991,0
6744000,0.11644074,0.01161310,2.90010160,0.47714828,4.31912989,0.48214540,0
6745000,0.11403355,0.01972531,2.93149713,1.78544521,5.89074502,1.33722692,0
6746000,0.12750292,0.04460063,3.57322258,5.78507235,23.11749088,0.98216954,0
6747000,0.12715878,0.00865855,3.66456805,0.07496958,6.71733970,1.76084325,0
6748000,0.10278387,0.00318639,0.00000000,0.00000000,0.00000000,0.00000000,0
6749000,0.12564376,0.01707677,1.80629589,0.68668095,1.86711778,0.62131525,0
6750000,0.31225786,0.03199157,7.27020496,2.59279590,29.78923535,0.55672751,0
6751000,0.08206998,0.01637097,1.02159108,0.86494099,0.89588563,0.54080815,0
6752000,0.10189734,0.04334184,1.76026175,4.57584692,12.01844822,0.35771765,0
6753000,0.10269544,0.03069321,1.91096473,3.02919204,6.41389530,0.23122701,0
6754000,0.11278179,0.04052051,2.38811692,4.58387195,13.35749225,0.26263850,0
6755000,0.22178565,0.00774397,6.36540603,-0.09553219,20.25919694,0.87636086,0
6756000,0.27755308,0.02325735,8.58879768,2.27968167,39.48219705,0.50818490,0
6757000,0.11162023,0.05251927,2.65551779,6.88530434,27.22959530,1.00525113,0
6758000,0.15619938,0.01767832,0.00000000,0.00000000,0.00000000,0.00000000,0
6759000,0.09103753,0.02311628,1.52421667,2.01293735,3.18757662,0.49190695,0
6760000,0.24770384,0.01852447,0.00000000,0.00000000,0.00000000,0.00000000,0
6761000,0.08613132,0.05307666,0.72195502,4.38822758,9.88888017,0.08583473,0
6762000,0.07692132,0.05031110,0.69964874,4.66244227,11.11393815,0.13484039,0
6763000,0.09852360,0.00769496,1.38455382,-0.14721137,0.95849465,0.24276323,0
6764000,0.09152688,0.01159611,1.33152282,0.39325743,0.96380222,0.27359897,0
6765000,0.09707787,0.06456997,1.60311988,7.50345133,29.43588764,0.40458880,0
6766000,0.15552734,0.03552328,3.50376835,3.75361676,13.18301573,0.31774641,0
6767000,0.07549138,0.01806022,1.09996479,1.40819238,1.59646416,0.29856311,0
6768000,0.13956556,0.01939481,0.00000000,0.00000000,0.00000000,0.00000000,0
6769000,0.12998150,0.07683301,2.13870814,7.05698618,27.18756325,0.44778795,0
6770000,0.05956303,0.00924903,0.46452244,0.03181232,0.10839656,0.13306472,0
6771000,0.07527150,0.05133971,1.11256014,5.58458264,16.21267667,0.42425527,0
6772000,0.07047599,0.02430666,1.06086778,2.20961728,3.00392448,0.26007477,0
6773000,0.08682720,0.02988060,1.75757153,3.11789165,6.40515300,0.37906950,0
6774000,0.09724970,0.01485914,2.24663507,1.00808699,3.03180425,2.55418695,0
6775000,0.12282978,0.00859587,0.00000000,0.00000000,0.00000000,0.00000000,0
6776000,0.06206051,0.01521217,0.91136162,1.32338175,1.29095964,2.18808762,0
6777000,0.05589845,0.00486292,0.77777902,-0.44564209,0.30247010,1.26528326,0
6778000,0.06721789,0.03989393,0.00000000,0.00000000,0.00000000,0.00000000,0
6779000,0.06465092,0.02620688,0.83548344,2.93041107,4.64267082,0.40555145,0
6780000,0.22039890,0.02267495,6.88024854,2.55441480,26.93142743,0.93757889,0
6781000,0.08556820,0.01003056,1.91993316,0.44150161,1.94053350,1.01258780,0
6782000,0.09169817,0.00538749,2.32900368,-0.36468246,2.71212907,1.27206492,0
6783000,0.06443060,0.02649521,1.23568998,3.51616447,6.94517116,0.81120504,0
6784000,0.09162789,0.00084122,2.54708603,-1.21055002,3.24382362,2.25559392,0
6785000,0.05136780,0.01768799,0.73797992,1.97887642,2.23028313,0.69100898,0
6786000,0.12883528,0.00276371,4.52271230,-0.85593164,10.22746329,2.39471936,0
6787000,0.12652884,0.02174932,0.00000000,0.00000000,0.00000000,0.00000000,0
6788000,0.07333884,0.00914306,1.02899900,0.09891721,0.53431178,0.60617065,0
6789000,0.21296400,0.01059434,6.30576945,0.34392477,19.94050630,0.64637666,0
6790000,0.15259582,0.00822078,4.40975532,0.02843712,9.72337533,1.17465320,0
6791000,0.08518741,0.00926947,1.91941325,0.24330856,1.87167314,0.53611495,0
6792000,0.09655340,0.00266914,2.49387311,-0.85358707,3.10970154,1.65556468,0
6793000,0.11648021,0.01668286,3.46483792,1.57268994,7.23922772,0.79901556,0
6794000,0.17328037,0.01438054,6.14438137,1.20378639,19.60126206,1.69350785,0
6795000,0.08016974,0.00204312,0.00000000,0.00000000,0.00000000,0.00000000,0
6796000,0.08192133,0.02778620,1.48665226,2.74246404,4.86562198,0.78149599,0
6797000,0.18015034,0.01437849,5.53187466,0.93355876,15.73658459,0.58050612,0
6798000,0.10468202,0.05594530,2.76246737,7.59322585,32.64415236,1.51986488,0
6799000,0.08855770,0.09543807,0.00000000,0.00000000,0.00000000,0.00000000,0
6800000,0.33436999,0.01003965,7.58192264,-0.07461390,28.74277549,0.41878053,0
6801000,0.09080825,0.02018678,1.34906221,1.04988175,1.46111027,0.41898694,0
6802000,0.12830289,0.01742365,2.70209349,0.84986691,4.01179150,0.48116339,0
6803000,0.06064303,0.02321402,0.61565132,1.61824904,1.49887825,0.34405647,0
6804000,0.10386011,0.04577101,2.19478878,4.47416890,12.41764255,0.79982416,0
6805000,0.13935117,0.04621584,0.00000000,0.00000000,0.00000000,0.00000000,0
6806000,0.14118288,0.02992429,2.87704635,3.03609983,8.74764895,2.13998317,0
6807000,0.07134647,0.05129451,0.00000000,0.00000000,0.00000000,0.00000000,0
6808000,0.37052873,0.02514477,7.14905266,1.50914916,26.69324254,0.27389272,0
6809000,0.38021865,0.04052508,8.39478144,3.47196785,41.26345813,0.65802650,0
6810000,0.09120080,0.01045062,1.27943760,0.20680824,0.83986511,0.06953271,0
6811000,0.10806352,0.00000132,1.89063375,-1.07402020,1.78724799,0.23702397,0
6812000,0.06796655,0.00461590,0.79175089,-0.49224740,0.31343474,0.18627673,0
6813000,0.10829674,0.01867757,2.12954971,1.41720049,3.27171960,0.84943672,0
6814000,0.20530662,0.02452366,5.44069008,2.26248422,17.35997166,0.41549607,0
6815000,0.14955713,0.00785490,3.71911102,-0.04754891,6.91589338,0.64894083,0
6816000,0.15914960,0.02106625,4.17663425,1.88686337,10.50226352,0.77740731,0
6817000,0.22319710,0.03498820,6.59590201,3.99813669,29.74551015,0.82305575,0
6818000,0.16427860,0.01596001,4.59749447,1.22021697,11.31294244,0.57547396,0
6819000,0.07837757,0.03496812,0.00000000,0.00000000,0.00000000,0.00000000,0
6820000,0.19414353,0.00187883,4.19647838,-0.97235977,8.80521541,0.07422166,0
6821000,0.13603485,0.00130460,3.14601391,-1.05484361,4.94870175,0.31578614,0
6822000,0.08816750,0.07450092,1.79744843,10.78932430,59.82016981,1.43789234,0
6823000,0.05735477,0.00329035,0.00000000,0.00000000,0.00000000,0.00000000,0
6824000,0.06900950,0.04361809,0.44094115,4.12853273,8.61960581,0.13298667,0
6825000,0.04685366,0.03492062,0.03362015,3.62092167,6.55610202,0.23790611,0
6826000,0.06140285,0.02747445,0.57543573,2.87548962,4.29978341,0.26904491,0
6827000,0.14345370,0.03023143,3.45943760,3.46801706,11.99742541,0.77345284,0
6828000,0.12014566,0.04415276,2.84281257,5.85414723,21.17631155,0.67288235,0
6829000,0.14395148,0.06690512,3.87545554,9.76349613,55.17250619,1.77911939,0
6830000,0.11178722,0.02769289,0.00000000,0.00000000,0.00000000,0.00000000,0
6831000,0.14278923,0.02781281,2.76929440,2.45282721,6.84267640,0.31899246,0
6832000,0.09146283,0.02141831,1.53063471,1.79896885,2.78956577,0.21084511,0
6833000,0.08111303,0.06636970,1.37610481,8.79000823,39.57895458,1.14980638,0
6834000,0.14779873,0.03295695,3.90766803,3.89295110,15.21246883,0.73773375,0
6835000,0.11212700,0.02918404,2.76811853,3.43627033,9.73521701,0.88437638,0
6836000,0.09294192,0.01034972,2.14014938,0.41700272,2.37706531,0.43834562,0
6837000,0.17670199,0.03018541,0.00000000,0.00000000,0.00000000,0.00000000,0
6838000,0.08098057,0.03691001,1.17321557,3.62303227,7.25139880,0.51104660,0
6839000,0.07027778,0.08408707,1.01567084,10.70360095,57.79933028,2.09204877,0
6840000,0.18839552,0.05157364,0.00000000,0.00000000,0.00000000,0.00000000,0
6841000,0.14322947,0.00036644,2.75914150,-1.12092877,3.80643090,0.54942012,0
6842000,0.08681763,0.01950416,1.36978826,1.51626490,2.08768956,0.41093060,0
6843000,0.25110823,0.01025350,7.09332604,0.31045188,25.20582733,0.77966611,0
6844000,0.11345989,0.01321841,2.60222432,0.81720639,3.71969885,0.58685435,0
6845000,0.11489093,0.01809976,2.79014123,1.64245253,5.24126919,1.39109094,0
6846000,0.13798481,0.09508688,3.83020825,14.28576365,109.37676908,1.97882671,0
6847000,0.07910884,0.00934091,0.00000000,0.00000000,0.00000000,0.00000000,0
6848000,0.08849891,0.02663456,1.65175905,2.62200584,4.80161130,0.71941903,0
6849000,0.11002957,0.01330420,2.68683423,0.79650173,3.92674661,0.37260903,0
6850000,0.14244089,0.04651001,4.23959332,6.21916876,28.32610582,0.78915583,0
6851000,0.09515975,0.00200049,2.46466948,-0.93629502,3.03729782,0.95292154,0
6852000,0.10488237,0.02413135,0.00000000,0.00000000,0.00000000,0.00000000,0
6853000,0.13329892,0.05066009,2.19420765,3.60314807,8.89861160,0.34673873,0
6854000,0.05586997,0.08131441,0.31805516,7.33812938,26.97465097,0.34870350,0
6855000,0.15227307,0.04962792,3.41253261,4.45727628,15.75634532,0.26385721,0
6856000,0.26959339,0.00899931,7.52863981,-0.03188447,28.34020871,0.90765525,0
6857000,0.07344081,0.00806656,1.12607240,-0.11765143,0.63401953,0.50723470,0
6858000,0.08146864,0.02631150,1.47237194,2.21128610,3.52883267,1.40253479,0
6859000,0.07382970,0.01103753,0.00000000,0.00000000,0.00000000,0.00000000,0
6860000,0.13913019,0.01596962,2.31149617,0.73767901,2.94359244,0.18419644,0
6861000,0.08330768,0.00197445,1.07154522,-0.94159451,0.57410458,0.63511774,0
6862000,0.07828709,0.00616439,1.06494526,-0.35836088,0.56705420,0.25814374,0
6863000,0.10275008,0.00711145,1.95844080,-0.19608159,1.91774518,0.11055840,0
6864000,0.10107154,0.04225595,2.01137403,5.05791016,14.81404034,1.40348328,0
6865000,0.08002136,0.04852826,1.36744827,6.16862212,19.96090678,0.84605151,0
6866000,0.10597024,0.01741783,0.00000000,0.00000000,0.00000000,0.00000000,0
6867000,0.07806019,0.01116982,0.71303716,0.12767851,0.26236189,0.03035716,0
6868000,0.11388617,0.02247927,2.00145278,1.63771584,3.34396319,0.23461760,0
6869000,0.09471155,0.00532690,1.65290684,-0.41529801,1.36605052,0.26583509,0
6870000,0.07330755,0.01222856,1.09697487,0.56663210,0.76221289,0.23936398,0
6871000,0.12475935,0.05829382,2.96828106,7.19806365,30.31140636,1.26129779,0
6872000,0.09783348,0.01051715,2.13235506,0.36868391,2.34143296,0.46198241,0
6873000,0.17811938,0.07410643,5.27518795,10.05687465,64.48416785,1.08656109,0
6874000,0.09461562,0.02882087,2.18769090,3.25937917,7.70477202,0.64133128,0
6875000,0.15219614,0.05880360,4.56032019,8.09591970,43.17021800,1.06895571,0
6876000,0.06558286,0.01216800,1.13324911,0.73055583,0.90898268,0.40689243,0
6877000,0.08310574,0.06802481,0.00000000,0.00000000,0.00000000,0.00000000,0
6878000,0.12790440,0.05016168,2.26634946,6.00484556,20.59725505,0.38556520,0
6879000,0.09624778,0.05341052,1.69119573,7.11302229,26.72761456,0.64515970,0
6880000,0.08475067,0.03104136,1.48578914,3.87709681,8.61972451,0.43205855,0
6881000,0.06393375,0.02447120,0.88421098,2.92527614,4.66953476,0.82534678,0
6882000,0.11190207,0.06817906,2.76011691,10.72049950,61.27367740,2.05696657,0
6883000,0.06182272,0.00511574,0.00000000,0.00000000,0.00000000,0.00000000,0
6884000,0.08458078,0.08159335,1.14772146,9.33699150,44.24833742,0.60247268,0
6885000,0.10254332,0.01311133,1.89872450,0.62941329,2.00065791,0.47537686,0
6886000,0.08211316,0.04782066,0.00000000,0.00000000,0.00000000,0.00000000,0
6887000,0.06970781,0.01641160,0.92120976,1.05068220,0.97628025,0.38270343,0
6888000,0.06886402,0.05879752,1.09015586,7.27081030,27.02656115,0.79681296,0
6889000,0.09556532,0.02735012,2.23956055,3.01734855,7.06001189,0.28588026,0
6890000,0.06277399,0.02454664,0.00000000,0.00000000,0.00000000,0.00000000,0
6891000,0.12597646,0.01179643,1.74366795,0.11158380,1.52641442,0.23599698,0
6892000,0.06811068,0.02505292,0.54690514,1.85460616,1.86933462,0.22665587,0
6893000,0.20114607,0.07780644,4.79153656,8.90488463,51.12789648,0.75207241,0
6894000,0.13262896,0.01323293,2.91633667,0.65277740,4.46556895,0.21060266,0
6895000,0.07689948,0.02342486,1.19822384,2.19846783,3.13450060,0.25049555,0
6896000,0.09107409,0.00508859,0.00000000,0.00000000,0.00000000,0.00000000,0
6897000,0.09898931,0.03717210,1.56525302,3.97000527,9.10547942,0.54230519,0
6898000,0.06959561,0.03159743,0.98712528,3.70190745,7.33926756,0.54102714,0
6899000,0.06524944,0.02295147,0.96604386,2.52643271,3.65805150,0.69219518,0
6900000,0.07703181,0.04721991,0.00000000,0.00000000,0.00000000,0.00000000,0
6901000,0.12125225,0.02192579,2.24955817,1.58309660,3.78335341,0.28577536,0
6902000,0.08958104,0.00653503,1.62560748,-0.22884639,1.32129985,0.47698033,0
6903000,0.08257339,0.01027831,1.55197361,0.31925227,1.25527204,0.49270026,0
6904000,0.06091693,0.04309819,0.83937742,5.38614263,14.85754343,0.69566947,0
6905000,0.04925391,0.04479363,0.00000000,0.00000000,0.00000000,0.00000000,0
6906000,0.06631882,0.02230109,0.79579371,2.06380208,2.44628332,0.06850228,0
6907000,0.06842420,0.03277367,1.01494185,3.89060444,8.08345491,0.36974609,0
6908000,0.06878626,0.01096788,1.13254086,0.53584162,0.78488753,0.88407967,0
6909000,0.22028837,0.17766599,7.33243222,28.34421411,428.57951789,0.00000000,1
6910000,0.06240010,0.00427552,0.43119266,-0.60979391,0.09296356,0.00000000,0
6911000,0.13634133,0.00121404,3.00834739,-1.00580996,4.52507701,0.46558714,0
6912000,0.10451268,0.05098514,2.22815093,6.46676526,23.39185476,1.29058404,0
6913000,0.11074591,0.05289264,2.64436549,7.06654305,28.46434976,1.90739338,0
6914000,0.13061157,0.00220847,3.59694203,-0.94219057,6.46899597,1.62352734,0
6915000,0.15305783,0.04129820,4.69997717,5.59037060,26.67101441,0.77644036,0
6916000,0.08295965,0.03653017,1.90213626,4.89233593,13.77653662,1.25728204,0
6917000,0.11484642,0.01905204,0.00000000,0.00000000,0.00000000,0.00000000,0
6918000,0.07653296,0.00104246,0.98644088,-1.08964966,0.48653280,0.20769808,0
6919000,0.12659827,0.01044467,2.98285753,0.43533606,4.54347828,0.21241272,0
6920000,0.08404861,0.07705399,0.00000000,0.00000000,0.00000000,0.00000000,0
6921000,0.20140235,0.10451108,3.81736968,9.21851602,49.77667447,0.60470914,0
6922000,0.13353194,0.02007918,2.64560667,1.20474562,4.22532334,0.81724956,0
6923000,0.15914482,0.05772233,3.81968641,6.21634065,26.61644769,0.40022488,0
6924000,0.14381409,0.00327139,3.59229405,-0.74466757,6.45228827,1.11956672,0
6925000,0.08117329,0.00437724,1.50464814,-0.58168306,1.13198301,0.57828615,0
6926000,0.05982024,0.00365555,0.00000000,0.00000000,0.00000000,0.00000000,0
6927000,0.10462640,0.00919860,1.66762480,-0.04502851,1.39048624,0.46436371,0
6928000,0.10856907,0.02898036,2.08838800,2.61273289,5.59386880,0.89595828,0
6929000,0.06823692,0.07351054,0.89167845,9.07816930,41.60412417,0.69099176,0
6930000,0.16804342,0.00459846,0.00000000,0.00000000,0.00000000,0.00000000,0
6931000,0.56063217,0.21922450,0.03363758,1.03107033,0.53211876,0.00000000,0
6932000,0.35521728,0.27288821,-0.05540729,2.07264376,2.14792607,0.00147926,0
6933000,1.28571248,0.40836814,0.00000000,0.00000000,0.00000000,0.00000000,0
6934000,0.35886788,0.46810913,-0.64030128,2.60831936,3.40166493,0.04284647,0
6935000,0.42130965,0.00199144,-0.47019231,-1.16524521,0.00000000,0.02229272,0
6936000,0.27533787,0.34375855,-0.92237353,2.19751487,2.41453581,0.00622301,0
6937000,0.23585531,0.29315108,-1.00866807,1.92920388,1.86091381,0.00824418,0
6938000,0.34463868,0.46418947,-0.35136270,3.97981676,7.91947074,0.05950569,0
6939000,0.29572529,0.39325830,-0.34044156,3.43461855,5.89830230,0.03906198,0
6940000,0.19158773,0.13444321,-0.73784674,0.60820310,0.18495550,0.02358653,0
6941000,0.31589848,0.44901451,-0.15153172,4.45836537,9.93851089,0.07949853,0
6942000,0.25808632,0.39222056,-0.27769242,3.94845846,7.79516211,0.05800478,0
6943000,0.40370074,0.42082596,0.33804692,4.46729267,10.03548975,0.08355213,0
6944000,0.19899192,0.32154804,-0.36252573,3.35181972,5.61734773,0.03620965,0
6945000,0.50696284,0.27821857,0.87919417,2.90765691,4.61372555,0.03079629,0
6946000,0.26786685,0.17534080,-0.01208164,1.61691590,1.30720851,0.02771573,0
6947000,0.19051926,0.11461522,-0.27631694,0.84299746,0.35532236,0.00110911,0
6948000,0.19468325,0.08647930,-0.21637573,0.49665199,0.12333160,0.00000005,0
6949000,0.19526847,0.09133372,-0.17020514,0.61555578,0.18945446,0.00000000,0
6950000,0.30779523,0.14175725,0.35281497,1.41556405,1.06414999,0.00000033,0
6951000,0.14645779,0.03096487,-0.29787931,-0.20666352,0.00000000,0.00000000,0
6952000,0.12078378,0.02814784,-0.37591780,-0.22298353,0.00000000,0.00000000,0
6953000,0.15800372,0.06990146,-0.18140965,0.45838650,0.10505909,0.00000000,0
6954000,0.11376044,0.00675333,-0.34984117,-0.51744815,0.00000000,0.00000000,0
6955000,0.09425285,0.03075608,-0.41314255,-0.11191137,0.00000000,0.00000000,0
6956000,0.08120530,0.01781314,-0.45136699,-0.30511873,0.00000000,0.00000000,0
6957000,0.09534754,0.01416458,-0.36529725,-0.35031094,0.00000000,0.00000000,0
6958000,0.07574010,0.03296083,-0.43985583,-0.01641632,0.00000000,0.00000000,0
6959000,0.07331464,0.01506084,-0.43483274,-0.30870276,0.00000000,0.00000000,0
6960000,0.09527183,0.05220733,-0.31287517,0.35648338,0.06354020,0.00000000,0
6961000,0.12653771,0.05382314,-0.14342053,0.40625451,0.08252136,0.00000000,0
6962000,0.07245018,0.01100894,-0.39619553,-0.34759898,0.00000000,0.00000000,0
6963000,0.12067995,0.05739521,-0.14074834,0.51222239,0.13118589,0.00000000,0
6964000,0.09715385,0.01801610,-0.24613945,-0.20006044,0.00000000,0.00000000,0
6965000,0.07207967,0.01739050,-0.36302004,-0.20228746,0.00000000,0.00000000,0
6966000,0.13191049,0.01145736,-0.03916636,-0.30644553,0.00000000,0.00000008,0
6967000,0.12381025,0.00829706,-0.06874380,-0.36095065,0.00000000,0.00000000,0
6968000,0.07967373,0.02582469,-0.29180321,-0.01168977,0.00000000,0.00000000,0
6969000,0.08206277,0.00021904,-0.26867579,-0.50836994,0.00000000,0.00000000,0
6970000,0.06327238,0.01263374,-0.36103972,-0.25550720,0.00000000,0.00000000,0
6971000,0.06430000,0.00418824,-0.34533168,-0.41894801,0.00000000,0.00000000,0
6972000,0.09427852,0.02163658,-0.16971056,-0.05676320,0.00000000,0.00000000,0
6973000,0.12872897,0.02818796,0.03414505,0.08758267,0.00441830,0.00000000,0
6974000,0.22388384,0.03008908,0.58539955,0.13645929,0.18065689,0.00000000,0
6975000,0.14394695,0.04092206,0.14436138,0.37560768,0.08096067,0.00000000,0
6976000,0.08249638,0.01988763,-0.19821789,-0.06119279,0.00000000,0.00000000,0
6977000,0.14901899,0.02411832,0.19778989,0.03759697,0.02026719,0.00000000,0
6978000,0.37217456,0.05070245,1.52002793,0.62443104,1.35019952,0.00000000,0
6979000,0.14781462,0.02643976,0.21285157,0.10417393,0.02807900,0.00000000,0
6980000,0.07156312,0.02716806,-0.23219492,0.12817807,0.00821481,0.00000000,0
6981000,0.08395436,0.03896254,-0.15046844,0.40066596,0.08026661,0.00000000,0
6982000,0.15342806,0.02605909,0.27926311,0.11899798,0.04607420,0.00000027,0
6983000,0.14050043,0.01153249,0.21013793,-0.20458529,0.02207898,0.00000016,0
6984000,0.10447226,0.00728597,-0.00255885,-0.29770480,0.00000000,0.00000000,0
6985000,0.13870081,0.05614458,0.21825203,0.83841860,0.37528985,0.00000000,0
6986000,0.11032394,0.03876786,0.04921564,0.44507887,0.10025869,0.00000000,0
6987000,0.16032836,0.00014312,0.37297634,-0.45611617,0.06955567,0.00000000,0
6988000,0.08734790,0.04397608,-0.08172700,0.58786511,0.17279269,0.00000002,0
6989000,0.06957858,0.05150292,-0.18940537,0.77868672,0.30317650,0.00000000,0
6990000,0.16013576,0.03314719,0.40093444,0.34699612,0.14057737,0.00000000,0
6991000,0.09607775,0.01833230,-0.00665167,-0.00554727,0.00000000,0.00000000,0
6992000,0.17918968,0.03640387,0.54455660,0.44243431,0.24614500,0.00000000,0
6993000,0.10762575,0.04967450,0.08239939,0.77880845,0.30666613,0.00000000,0
6994000,0.09310772,0.01513425,-0.00756479,-0.07041537,0.00000000,0.00000000,0
6995000,0.09809846,0.07065042,0.03136968,1.32418949,0.87723093,0.00000355,0
6996000,0.11551312,0.05366635,0.15485956,0.90918100,0.42529578,0.00000145,0
6997000,0.07485745,0.00909826,-0.11392844,-0.21301145,0.00000000,0.00000000,0
6998000,0.07758486,0.00402068,-0.09063063,-0.34005625,0.00000000,0.00000000,0
6999000,0.10023500,0.02467090,0.07010889,0.19418831,0.02131218,0.00000000,0
7000000,0.07617024,0.02890968,-0.09074017,0.30960843,0.04792869,0.00000000,0
7001000,0.12831841,0.04729657,0.27653147,0.79603735,0.35507256,0.00000010,0
7002000,0.07088200,0.02078848,-0.11895236,0.10842883,0.00587841,0.00000000,0
7003000,0.10159247,0.04707285,0.10164935,0.80886565,0.33229811,0.00000000,0
7004000,0.16270007,0.04883729,0.54011579,0.86453561,0.51957345,0.00000064,0
7005000,0.10612877,0.05198865,0.14494464,0.95832667,0.46969948,0.00000294,0
7006000,0.16180655,0.03267867,0.54956694,0.44693772,0.25088857,0.00000000,0
7007000,0.17301649,0.03936921,0.63798874,0.63473777,0.40496084,0.00000000,0
7008000,0.11054061,0.03705109,0.19320914,0.57884550,0.18619594,0.00000000,0
7009000,0.09134204,0.05032992,0.05876165,0.95063194,0.45357701,0.00000000,0
7010000,0.11819151,0.05787028,0.26012482,1.16797897,0.71591990,0.00000000,0
7011000,0.14997178,0.07013477,0.50007682,1.51888994,1.27855174,0.00000000,0
7012000,0.07980662,0.02447116,-0.01321478,0.25435807,0.03234902,0.00000014,0
7013000,0.07571859,0.03010179,-0.03982344,0.41726573,0.08705534,0.00000000,0
7014000,0.27803922,0.04728233,1.48009508,0.90842552,1.50795919,0.00000000,0
7015000,0.10926490,0.02234014,0.22016062,0.20741330,0.04574549,0.00000000,0
7016000,0.08490708,0.03159952,0.04046306,0.47618856,0.11419640,0.00000000,0
7017000,0.09193093,0.02776314,0.09773806,0.37144082,0.07376051,0.00000000,0
7018000,0.10692067,0.01081445,0.21680943,-0.11362687,0.02350316,0.00000000,0
7019000,0.08861548,0.08545359,0.08078752,2.05743063,2.11977372,0.00119774,0
7020000,0.12440580,0.10400289,0.36141749,2.61289054,3.47890979,0.01478925,0
7021000,0.09964355,0.00491606,0.17451905,-0.28018331,0.01522845,0.00000091,0
7022000,0.20066789,0.05793248,0.96694479,1.28547416,1.29371302,0.00000000,0
7023000,0.08699661,0.05732059,0.08373657,1.27656167,0.81831076,0.00000000,0
7024000,0.09315459,0.06744871,0.13588023,1.58726123,1.26893082,0.00000167,0
7025000,0.11491274,0.05660118,0.31216905,1.27269440,0.85860028,0.00000034,0
7026000,0.06568862,0.01951263,-0.07499841,0.16449313,0.01352899,0.00000068,0
7027000,0.14341979,0.07782321,0.54843690,1.93199654,2.01669684,0.00016697,0
7028000,0.13215947,0.08281845,0.46313045,2.09535136,2.30249356,0.00302494,0
7029000,0.12721419,0.06251094,0.42821894,1.48720395,1.19757352,0.00000013,0
7030000,0.07242447,0.02331739,-0.01101439,0.29324163,0.04299533,0.00000075,0
7031000,0.18818352,0.07747565,0.93343656,1.96690979,2.37001896,0.00370083,0
7032000,0.13948397,0.03016641,0.54247515,0.51241094,0.27842213,0.00000016,0
7033000,0.15223578,0.00643827,0.65241845,-0.22157874,0.21282492,0.00000000,0
7034000,0.19786790,0.03609556,1.03432739,0.70708348,0.78490010,0.00000000,0
7035000,0.11347196,0.01951374,0.34267504,0.19141158,0.07703229,0.00000000,0
7036000,0.17632213,0.01089824,0.86918185,-0.07748825,0.37773854,0.00000000,0
7037000,0.13811445,0.04311931,0.55650608,0.94536531,0.60170730,0.00000018,0
7038000,0.09677649,0.04326495,0.21505560,0.95616722,0.48025234,0.00000000,0
7039000,0.14343210,0.05201232,0.61106541,1.24171221,0.95762507,0.00000120,0
7040000,0.06058306,0.00302058,-0.08454031,-0.32426082,0.00000000,0.00000000,0
7041000,0.06536416,0.00984353,-0.04204219,-0.10384522,0.00000000,0.00000202,0
7042000,0.06588195,0.00784263,-0.03553041,-0.16746335,0.00000000,0.00000000,0
7043000,0.11298151,0.02657119,0.36958730,0.44272578,0.16630044,0.00091656,0
7044000,0.06809363,0.04534694,-0.01219508,1.05953149,0.56130349,0.00000004,0
7045000,0.09097879,0.08374235,0.18706169,2.32463909,2.71946948,0.00728127,0
7046000,0.15818365,0.02512923,0.77163312,0.40589731,0.38008515,0.00002538,0
7047000,0.11169496,0.01390021,0.37306449,0.03806960,0.07031320,0.00000049,0
7048000,0.10224927,0.01485021,0.29415575,0.07135418,0.04580951,0.02462246,0
7049000,0.08865289,0.05488758,0.17835010,1.40751434,1.00645269,0.00008524,0
7050000,0.13093443,0.00168248,0.55280429,-0.36537436,0.15279629,0.00000009,0
7051000,0.05575834,0.04500294,-0.10599021,1.08969507,0.59371767,0.00000111,0
7052000,0.18945295,0.02597800,1.07906121,0.45411211,0.68529545,0.00000319,0
7053000,0.14759283,0.02690395,0.71326309,0.48865796,0.37376542,0.00000000,0
7054000,0.13232076,0.03238804,0.58185502,0.67850261,0.39946053,0.00703507,0
7055000,0.21351631,0.00830363,1.31196441,-0.13916459,0.86062531,0.00083301,0
7056000,0.07960296,0.09057356,0.11586870,2.67771618,3.59179474,0.01768667,0
7057000,0.11873503,0.02254369,0.47037320,0.35125359,0.17231502,0.00000209,0
7058000,0.14092620,0.00750209,0.67443843,-0.16469287,0.22743360,0.00270240,0
7059000,0.07005270,0.03697310,0.03582795,0.85651590,0.36745157,0.00000012,0
7060000,0.09836360,0.03817229,0.29543023,0.90265696,0.45103430,0.00000000,0
7061000,0.12593266,0.03709168,0.54956628,0.86930161,0.52885419,0.00000387,0
7062000,0.26317212,0.03225614,1.81075089,0.70436716,1.88747594,0.00000012,0
7063000,0.10361636,0.01359760,0.35102109,0.05283796,0.06300383,0.00007830,0
7064000,0.19168140,0.00449695,1.16637517,-0.26637820,0.68021551,0.00000063,0
7065000,0.11435230,0.00993085,0.45599764,-0.07380909,0.10396692,0.00000179,0
7066000,0.10032123,0.03197438,0.32869018,0.70914095,0.30545906,0.00040117,0
7067000,0.28061494,0.04725007,2.01091335,1.25674309,2.81158784,0.00811591,0
7068000,0.18832257,0.05598230,1.15639849,1.57421766,1.90770935,0.00000123,0
7069000,0.08761707,0.04846721,0.21709808,1.31113182,0.88309912,0.00000000,0
7070000,0.12730801,0.03705104,0.59236266,0.90573010,0.58562027,0.00005783,0
7071000,0.06935358,0.02375721,0.04890004,0.43015499,0.09371226,0.00000125,0
7072000,0.27234152,0.13263892,1.97197899,4.37512159,11.51519502,0.09515740,0
7073000,0.20893897,0.05525669,1.37727029,1.57900427,2.19506397,0.00195767,0
7074000,0.12331809,0.01782434,0.56741500,0.22085461,0.18536827,0.00019227,0
7075000,0.06094413,0.00755582,-0.02551398,-0.15297853,0.00000000,0.00000396,0
7076000,0.12123077,0.00157522,0.55336347,-0.37185818,0.15310556,0.00000191,0
7077000,0.10624862,0.00412924,0.41192691,-0.27839904,0.08484189,0.00308398,0
7078000,0.08263505,0.01900704,0.18703397,0.27109880,0.05423813,0.00000013,0
7079000,0.06689388,0.03355746,0.03678894,0.81193584,0.33029662,0.00013700,0
7080000,0.04176051,0.01947726,-0.20590146,0.29203365,0.04264183,0.00022114,0
7081000,0.18898346,0.00281965,1.22649214,-0.32705521,0.75214148,0.00092266,0
7082000,0.09238393,0.01172131,0.28899992,0.00554110,0.04177583,0.00000004,0
7083000,0.08990765,0.00597364,0.26650947,-0.20924631,0.03551365,0.00000549,0
7084000,0.10546312,0.03732631,0.42094851,0.96992935,0.55898029,0.00152095,0
7085000,0.21586758,0.13303454,1.50954890,4.58308853,11.64171917,0.09641774,0
7086000,0.17268828,0.04440887,1.08871517,1.24473964,1.36733875,0.00001672,0
7087000,0.09804694,0.01164982,0.35448750,0.00666436,0.06285290,0.00653795,0
7088000,0.08756233,0.00118567,0.25263584,-0.39057225,0.03191243,0.00000775,0
7089000,0.25466651,0.05253074,1.91722117,1.56871261,3.06829814,0.01350877,0
7090000,0.08587456,0.02905600,0.23924142,0.67554025,0.25679555,0.00000058,0
7091000,0.11645322,0.01442756,0.54678284,0.11646009,0.15626722,0.02818129,0
7092000,0.09973963,0.04860446,0.38150064,1.43306823,1.09961364,0.02288029,0
7093000,0.11281122,0.02936927,0.51502966,0.69531048,0.37435611,0.00145455,0
7094000,0.14491884,0.03120117,0.84115266,0.76883110,0.64931953,0.00004306,0
7095000,0.09815014,0.00334418,0.37111066,-0.30991097,0.06886156,0.00313818,0
7096000,0.07622840,0.01253128,0.15073791,0.04763157,0.01249534,0.00000748,0
7097000,0.10577188,0.03491609,0.45250626,0.92212597,0.52753911,0.00084196,0
7098000,0.15388441,0.01220387,0.94496343,0.03622146,0.44713394,0.00000729,0
7099000,0.10955642,0.08481825,0.49515987,2.88651673,4.28858107,0.02337578,0
7100000,0.09042381,0.00949123,0.30132945,-0.06928053,0.04539972,0.01067093,0
7101000,0.06914365,0.00780061,0.08445141,-0.13549063,0.00356602,0.00008590,0
7102000,0.06178689,0.00731835,0.01005780,-0.15406912,0.00005058,0.00054909,0
7103000,0.08740152,0.01033539,0.27530630,-0.03438708,0.03789678,0.00243104,0
7104000,0.08551139,0.04973056,0.25705019,1.53279098,1.20776149,0.00013235,0
7105000,0.06942569,0.01439961,0.09147818,0.12805980,0.01238378,0.00093782,0
7106000,0.12073401,0.00301891,0.62600290,-0.32601495,0.19593981,0.02333625,0
7107000,0.11180190,0.03590504,0.53520360,0.99193238,0.63518637,0.00005029,0
7108000,0.12848391,0.03115485,0.71168221,0.80396518,0.57642578,0.00000335,0
7109000,0.21226016,0.08346689,1.59188319,2.91390571,5.51246930,0.03847574,0
7110000,0.10532580,0.04752976,0.47364436,1.47052715,1.19339455,0.00403243,0
7111000,0.08594052,0.00403960,0.27096546,-0.28659783,0.03671114,0.05199160,0
7112000,0.23765327,0.03423678,1.87257563,0.93863931,2.19379162,0.00226009,0
7113000,0.07125752,0.03732863,0.11820939,1.06726040,0.57650911,0.00000234,0
7114000,0.10778505,0.03113778,0.50667081,0.81831062,0.46317379,0.04413511,0
7115000,0.08146974,0.00721817,0.22911932,-0.15718226,0.02624783,0.00004195,0
7116000,0.11723255,0.01332907,0.61139201,0.09369450,0.19128942,0.00489064,0
7117000,0.05888051,0.03178811,-0.00929441,0.85303431,0.36383377,0.00011240,0
7118000,0.11155762,0.00331565,0.55517766,-0.31693152,0.15411112,0.00003012,0
7119000,0.08292888,0.06311731,0.25068888,2.15267920,2.34843632,0.00348546,0
7120000,0.16301784,0.05496236,1.11311484,1.82124680,2.27798229,0.00684689,0
7121000,0.12863888,0.04413066,0.74616135,1.37653318,1.22580018,0.00111132,0
7122000,0.13490893,0.00933367,0.81630205,-0.06704303,0.33317452,0.00593805,0
7123000,0.07721722,0.01867727,0.19507170,0.32313635,0.07123504,0.00000047,0
7124000,0.11025106,0.03439435,0.55469596,0.98128968,0.63530852,0.00180774,0
7125000,0.09110514,0.00598332,0.34849216,-0.20604709,0.06072339,0.00933484,0
7126000,0.18379086,0.00600463,1.35947989,-0.20508754,0.92409279,0.00189533,0
7127000,0.12729137,0.03243618,0.74661645,0.90743493,0.69043714,0.00217766,0
7128000,0.13578992,0.00325774,0.84202364,-0.32074954,0.35450190,0.00000032,0
7129000,0.09713005,0.06962602,0.42087141,2.48527377,3.17685924,0.01231113,0
7130000,0.10647690,0.00079071,0.52527574,-0.42541636,0.13795730,0.00089024,0
7131000,0.06833834,0.00951391,0.10747066,-0.05509672,0.00577497,0.00713338,0
7132000,0.05385340,0.00339611,-0.05164925,-0.31532861,0.00000000,0.00117904,0
7133000,0.05966082,0.00936071,0.01323043,-0.06100065,0.00008752,0.00090160,0
7134000,0.09894952,0.05308354,0.44923536,1.80905333,1.73724317,0.00089894,0
7135000,0.09721605,0.04196939,0.43119026,1.33693923,0.98666578,0.00010886,0
7136000,0.07205229,0.00941269,0.15204786,-0.05877537,0.01155928,0.02246719,0
7137000,0.10307927,0.00496173,0.49868354,-0.24985641,0.12434264,0.01118494,0
7138000,0.20000885,0.09522850,1.58276319,3.64261802,7.88690266,0.06282103,0
7139000,0.13511994,0.04814572,0.85997653,1.61546881,1.67464955,0.01842599,0
7140000,0.24449039,0.03156077,2.08878208,0.90113525,2.58752765,0.00794033,0
7141000,0.30613759,0.00243246,2.78638099,-0.36052681,3.88195951,0.01918718,0
7142000,0.06405653,0.00132364,0.06697233,-0.40899689,0.00224265,0.00005040,0
7143000,0.11809029,0.03952640,0.67728542,1.25579284,1.01786560,0.04377874,0
7144000,0.08713213,0.00542728,0.32948165,-0.23024058,0.05427908,0.00005525,0
7145000,0.10116048,0.04705310,0.48963831,1.59197570,1.38706616,0.00000040,0
7146000,0.05823153,0.02368873,0.00393554,0.57080082,0.16291453,0.00023735,0
7147000,0.09077983,0.04778904,0.37429268,1.63157007,1.40105794,0.00431806,0
7148000,0.04463572,0.00219797,-0.14999103,-0.37281600,0.00000000,0.00074225,0
7149000,0.07102618,0.00970492,0.15146898,-0.04190170,0.01147143,0.00031736,0
7150000,0.09871535,0.04344730,0.46895702,1.45073256,1.16227282,0.00858249,0
7151000,0.06113956,0.05247115,0.03979981,1.85411823,1.71966921,0.02334392,0
7152000,0.07645550,0.00515193,0.21639473,-0.24296464,0.02341334,0.00000765,0
7153000,0.17070453,0.05614809,1.30160400,2.02638777,2.90021019,0.00907930,0
7154000,0.12586267,0.07357267,0.78819923,2.80815809,4.25350495,0.02253724,0
7155000,0.10148541,0.00164438,0.50906027,-0.39942987,0.12957118,0.00401044,0
7156000,0.08142639,0.02516147,0.27854640,0.65301829,0.25201049,0.00032235,0
7157000,0.09959497,0.04228245,0.49004177,1.42257576,1.13193137,0.00125039,0
7158000,0.09381232,0.01542837,0.42453703,0.21884871,0.11406322,0.00005886,0
7159000,0.12765643,0.01904986,0.81963301,0.38289700,0.40920419,0.00015288,0
7160000,0.08419427,0.02632709,0.31530851,0.71236230,0.30343976,0.00098169,0
7161000,0.08797611,0.08283246,0.36074560,3.26905881,5.40844145,0.03467216,0
7162000,0.11363712,0.00489243,0.66228755,-0.25493632,0.21931240,0.00019149,0
7163000,0.08440055,0.04641116,0.32177377,1.62959278,1.37955549,0.01472654,0
7164000,0.08118063,0.03125607,0.28522452,0.94390330,0.48615323,0.00128350,0
7165000,0.11603022,0.01668294,0.69605591,0.28211346,0.28204092,0.04889114,0
7166000,0.09152628,0.01797874,0.40936639,0.34235045,0.14239233,0.00031148,0
7167000,0.18122108,0.01109072,1.46923646,0.02839890,1.07973114,0.00006611,0
7168000,0.22897601,0.02798486,2.03693227,0.80287954,2.39685431,0.00560706,0
7169000,0.10883789,0.04575948,0.61859254,1.62099529,1.50514122,0.00671204,0
7170000,0.08035701,0.00911761,0.28247344,-0.06085356,0.03989562,0.00447847,0
7171000,0.06331395,0.08855432,0.08125049,3.60028526,6.48432779,0.04733670,0
7172000,0.12679097,0.05268292,0.83772958,1.95119552,2.25447739,0.05204430,0
7173000,0.04904700,0.01493764,-0.08719864,0.20933056,0.02190964,0.01179132,0
7174000,0.06674816,0.01375661,0.12481356,0.15558832,0.01989308,0.00003668,0
7175000,0.15319695,0.00413500,1.15978711,-0.29044343,0.67255308,0.00507300,0
7176000,0.13199650,0.07337542,0.90815875,2.92931804,4.70282825,0.03454277,0
7177000,0.07724433,0.06124957,0.25293781,2.37001673,2.84047841,0.00959985,0
7178000,0.12193173,0.01478076,0.79100717,0.20554496,0.33397053,0.00265573,0
7179000,0.08060965,0.00718647,0.29520478,-0.14886661,0.04357293,0.00038957,0
7180000,0.04913823,0.00099099,-0.08340876,-0.43905913,0.00000000,0.00366266,0
7181000,0.12138869,0.00347344,0.79014516,-0.32313184,0.31216469,0.01423798,0
7182000,0.12319458,0.15741432,0.81357572,6.91205867,24.21923028,2.93976876,0
7183000,0.12410966,0.11751919,0.00000000,0.00000000,0.00000000,0.00000000,0
7184000,0.10411432,0.04263092,0.47846207,1.14349610,0.76825464,0.02288768,0
7185000,0.09023014,0.02731389,0.41329033,0.65277213,0.29846017,0.02985585,0
7186000,0.09945948,0.01871005,0.68342708,0.30245910,0.27927704,0.03260398,0
7187000,0.07391034,0.05954387,0.30462106,2.99847334,4.54181818,0.07375313,0
7188000,0.08490188,0.04776043,0.60214834,2.46616587,3.22227835,0.03878093,0
7189000,0.08099489,0.02124086,0.59082512,0.73250698,0.44282040,0.13092725,0
7190000,0.09782460,0.00794279,1.02801804,-0.20461667,0.52841054,0.04149465,0
7191000,0.17750499,0.10246455,2.92598646,7.30958826,30.99573867,0.35670399,0
7192000,0.09302312,0.02633077,1.04129357,1.33903052,1.43864752,0.17380912,0
7193000,0.10200796,0.02110507,1.31251632,0.96382790,1.32583166,0.05463115,0
7194000,0.07371674,0.02645960,0.66119847,1.47593364,1.30778176,0.22063720,0
7195000,0.12361112,0.00037419,1.96805094,-0.81974386,1.93661226,0.10334444,0
7196000,0.13752146,0.01534737,2.38678585,0.55755312,3.00380608,0.07750184,0
7197000,0.12026548,0.04813489,1.98710358,3.68125915,8.75012479,0.13096996,0
7198000,0.11226502,0.02239549,1.81821841,1.28018103,2.47239082,0.19937841,0
7199000,0.08748626,0.03021613,1.18199168,2.08612287,2.87450648,0.06810295,0
7200000,0.08077697,0.04500312,1.02602510,3.62077258,7.08136079,0.17039858,0
7201000,0.11692804,0.06626515,2.07695594,5.84558405,19.24229944,0.56379476,0
7202000,0.07888529,0.00722031,1.01614703,-0.16596761,0.51627739,0.54043002,0
7203000,0.11825369,0.01615979,2.18684342,0.77372280,2.69046555,0.45342816,0
7204000,0.12801769,0.00755950,2.51379532,-0.12565854,3.15958345,0.66952392,0
7205000,0.37647477,0.03452708,9.98667840,2.78522125,53.74560143,0.72898530,0
7206000,0.09524901,0.04787768,0.00000000,0.00000000,0.00000000,0.00000000,0
7207000,0.06581249,0.03086881,0.25220883,1.76169336,1.58358640,0.04539264,0
7208000,0.14356478,0.04377656,2.46580937,3.51340291,9.21210793,0.17547847,0
7209000,0.08118249,0.00531573,1.07609396,-0.42453014,0.57898910,0.10420970,0
7210000,0.07566401,0.00179921,1.03057856,-0.83670039,0.53104609,0.49114869,0
7211000,0.07474400,0.01711508,1.07583069,1.10091728,1.18471526,0.77357158,0
7212000,0.20556940,0.01900284,5.54117085,1.42251727,16.36406486,0.64295778,0
7213000,0.06852210,0.04589043,0.97768484,5.14795100,13.72863358,0.81229927,0
7214000,0.10615174,0.01455962,2.37654569,0.87914673,3.21043419,1.36083223,0
7215000,0.08417957,0.01946918,1.64529035,1.61224808,2.65316210,0.70950252,0
7216000,0.08532967,0.04603241,1.73015709,5.52157439,16.74061365,1.46468689,0
7217000,0.11813603,0.00691272,0.00000000,0.00000000,0.00000000,0.00000000,0
7218000,0.24483240,0.03127212,4.34920211,2.05790464,11.57526526,0.28097152,0
7219000,0.12342410,0.03824378,1.78981140,3.07988021,6.34454347,1.70948770,0
7220000,0.10605043,0.02446585,1.50916228,1.71765962,2.61396267,0.11032681,0
7221000,0.18761742,0.02961187,3.98520302,2.51704715,11.10868472,0.32121619,0
7222000,0.11089651,0.02055074,1.90993910,1.49495821,2.94138369,0.11384477,0
7223000,0.09351844,0.03972947,0.00000000,0.00000000,0.00000000,0.00000000,0
7224000,0.07436600,0.00395939,0.14179395,-0.80921674,0.01005276,0.09959844,0
7225000,0.08188260,0.07165961,0.54626596,6.06270206,18.52738139,0.21903498,0
7226000,0.17041740,0.03302857,2.78816823,2.53093114,7.08974726,0.11730755,0
7227000,0.14310606,0.01807723,2.41051415,1.03386347,3.43972608,0.20873266,0
7228000,0.08426645,0.02502974,1.03830403,2.02468960,2.58872162,0.05645045,0
7229000,0.08861665,0.03328439,1.25194371,3.24688817,6.05482294,0.14416364,0
7230000,0.11974723,0.02098160,2.25153063,1.69274932,3.96739522,0.17510570,0
7231000,0.08410878,0.02932053,1.26623455,2.91309886,5.04474746,0.28556702,0
7232000,0.14045055,0.00538769,3.10279808,-0.41181713,4.81367797,0.30662464,0
7233000,0.11363316,0.02685803,2.33157883,2.73517861,6.45873092,0.38323323,0
7234000,0.12098044,0.01429749,2.64180100,0.92932236,3.92137628,0.84071530,0
7235000,0.07631784,0.01294950,0.00000000,0.00000000,0.00000000,0.00000000,0
7236000,0.05932502,0.00682332,0.50155959,-0.34052813,0.12578101,0.46750377,0
7237000,0.07555626,0.02540967,1.15421042,2.24715059,3.19094373,0.78770203,0
7238000,0.05762941,0.03165537,0.60589497,3.25781693,5.49023991,0.72374054,0
7239000,0.09574471,0.03125158,2.14667100,3.36725327,7.97329548,0.28776715,0
7240000,0.13463923,0.04148652,3.81925849,5.06211572,20.10587547,1.01302066,0
7241000,0.06272561,0.00307205,0.00000000,0.00000000,0.00000000,0.00000000,0
7242000,0.11878636,0.00313756,1.71381898,-0.78566471,1.46858775,0.01072047,0
7243000,0.13852917,0.02147630,2.76856151,1.64208147,5.18068218,0.40988585,0
7244000,0.07822728,0.00372615,1.20226193,-0.65078688,0.72271687,0.35069787,0
7245000,0.05915958,0.03952606,0.66497196,4.62745040,10.92774246,0.67346379,0
7246000,0.17485753,0.02294504,4.99865012,2.28676028,15.10788782,2.10233428,0
7247000,0.12648933,0.01535069,3.38376497,1.16278211,6.40096381,0.72254287,0
7248000,0.14125265,0.01151332,0.00000000,0.00000000,0.00000000,0.00000000,0
7249000,0.13169025,0.01151967,2.09678615,0.24027232,2.22712146,0.92860061,0
7250000,0.08349705,0.04193519,0.00000000,0.00000000,0.00000000,0.00000000,0
7251000,0.11794022,0.03153953,1.88908754,2.48119496,4.86249007,0.47247229,0
7252000,0.16193439,0.05538373,3.52790925,5.84952656,23.33155234,0.47573319,0
7253000,0.15721627,0.05342897,3.68710943,5.95852458,24.54939553,0.47002203,0
7254000,0.12101482,0.03277782,0.00000000,0.00000000,0.00000000,0.00000000,0
7255000,0.19986697,0.02979727,4.92645261,2.97475608,16.55955452,1.12145719,0
7256000,0.07084312,0.01511608,1.02962188,0.99209412,1.02218599,0.74432459,0
7257000,0.09068368,0.03162275,1.88791218,3.66178135,8.48642752,0.53829554,0
7258000,0.07401490,0.02224320,0.00000000,0.00000000,0.00000000,0.00000000,0
7259000,0.03815708,0.03406274,-0.35376926,2.99033818,4.47106123,0.09599389,0
7260000,0.13055159,0.01702055,2.36219855,1.14623950,3.44692348,2.47578065,0
7261000,0.07698777,0.04443057,0.00000000,0.00000000,0.00000000,0.00000000,0
7262000,0.10505928,0.01311670,1.59922883,0.32461687,1.33145448,0.50896493,0
7263000,0.14201868,0.08585708,3.03320299,9.78950133,52.51732838,0.75296748,0
7264000,0.10336221,0.05039271,2.01817216,5.51999538,17.27168394,0.73306400,0
7265000,0.11188248,0.00683304,2.44352022,-0.32450179,2.98539554,1.48965401,0
7266000,0.07078475,0.01097656,0.00000000,0.00000000,0.00000000,0.00000000,0
7267000,0.10269150,0.03828667,1.83368531,3.88478001,9.22695876,0.34160999,0
7268000,0.10854989,0.02447862,0.00000000,0.00000000,0.00000000,0.00000000,0
7269000,0.10190897,0.04790507,0.00000000,0.00000000,0.00000000,0.00000000,0
7270000,0.08860192,0.01750611,0.54050906,0.49841300,0.27028278,0.19397822,0
7271000,0.24020728,0.00448954,4.34871287,-0.74095774,9.45565181,0.21123773,0
7272000,0.14371616,0.07260241,2.36674036,7.21680307,28.84185323,1.14852972,0
7273000,0.06941286,0.02581413,0.51759305,1.88532976,1.91118543,0.42045788,0
7274000,0.11995950,0.01017204,2.04849466,-0.00105901,2.09816519,1.39271263,0
7275000,0.15808766,0.03080419,0.00000000,0.00000000,0.00000000,0.00000000,0
7276000,0.07951636,0.02055041,0.44318657,0.80828506,0.42486953,0.20760239,0
7277000,0.09138605,0.05422810,0.00000000,0.00000000,0.00000000,0.00000000,0
7278000,0.08152589,0.00057705,0.21709539,-0.81609332,0.02356520,0.09434738,0
7279000,0.11537310,0.01678124,0.97289568,0.28581767,0.51410887,0.16720746,0
7280000,0.11331640,0.03721612,1.05556229,1.90183216,2.36558866,0.42894185,0
7281000,0.07099167,0.05161563,0.28117031,3.27823934,5.41295494,0.38578327,0
7282000,0.04432786,0.03009819,-0.24869655,1.63064495,1.32950147,0.14721942,0
7283000,0.07212872,0.00698330,0.44410384,-0.36165436,0.09861411,0.22315700,0
7284000,0.14998266,0.03842825,2.38964015,2.62694711,6.30561557,0.33496724,0
7285000,0.13464308,0.03896758,2.11577516,2.78478647,6.11577012,0.21722179,0
7286000,0.07057223,0.04081075,0.54830471,3.08796406,4.91808004,0.14402656,0
7287000,0.09197513,0.03076369,1.15174208,2.14289486,2.95925409,0.23472663,0
7288000,0.07326474,0.02125249,0.68923835,1.19329326,0.94949915,0.24729545,0
7289000,0.06461240,0.01625319,0.47240010,0.68758211,0.34796551,1.10096235,0
7290000,0.11400350,0.01061571,1.89409522,0.08442120,1.79736182,0.81809344,0
7291000,0.08650294,0.03849705,1.14364757,3.21185652,5.81197604,0.28442724,0
7292000,0.07343993,0.01293064,0.78286840,0.35952646,0.37107111,0.91909430,0
7293000,0.07585140,0.02468817,0.87803031,1.71927176,1.86341631,0.39810323,0
7294000,0.09810413,0.01199823,1.57224938,0.27252517,1.27311905,1.03472310,0
7295000,0.12073937,0.00999406,2.29805435,0.04675394,2.64161987,0.59614935,0
7296000,0.05884262,0.01893488,0.41520201,1.11167779,0.70411010,0.21354745,0
7297000,0.06973799,0.01041056,0.77081190,0.10567531,0.30265913,0.31622261,0
7298000,0.07127591,0.00124713,0.83287006,-1.00073401,0.34683627,0.47768031,0
7299000,0.08887269,0.04864530,1.41304746,4.79003713,12.47057943,1.07793073,0
7300000,0.07752339,0.03760844,1.06628847,3.47290672,6.59902611,0.77364949,0
7301000,0.06174186,0.01596019,0.56214973,0.80722338,0.48381095,0.90243987,0
7302000,0.04089575,0.02809678,-0.11622562,2.33236594,2.71996543,0.44988918,0
7303000,0.06571733,0.00255731,0.71921559,-0.85956822,0.25863553,0.56057589,0
7304000,0.05883044,0.01320125,0.00000000,0.00000000,0.00000000,0.00000000,0
7305000,0.09899311,0.02283582,1.12948561,1.09283803,1.23501636,0.31283364,0
7306000,0.22100812,0.02175732,4.87635571,1.14579002,12.54583991,0.66199007,0
7307000,0.10240941,0.02071546,1.59888561,1.16155381,1.95282123,0.38870895,0
7308000,0.08493742,0.00826913,0.00000000,0.00000000,0.00000000,0.00000000,0
7309000,0.09868115,0.06248084,0.70062425,3.37247350,5.93222592,0.12876268,0
7310000,0.10050593,0.04445061,0.94799978,2.56500721,3.73898278,0.25663194,0
7311000,0.11118503,0.03029388,1.39812409,1.65545047,2.34763360,0.13780644,0
7312000,0.07851990,0.01370885,0.71109431,0.27388728,0.29033468,0.35922931,0
7313000,0.06924678,0.02025167,0.53052609,0.94342363,0.58575305,0.41874961,0
7314000,0.08443239,0.02761360,0.99205679,1.75418357,2.03066835,0.74612819,0
7315000,0.05747507,0.05389833,0.26391943,4.57709267,10.50971539,0.70459073,0
7316000,0.13940941,0.05789706,0.00000000,0.00000000,0.00000000,0.00000000,0
7317000,0.11350995,0.01896245,1.78141852,1.29059931,2.41954927,0.78649160,0
7318000,0.06301225,0.00379703,0.46023904,-0.76443358,0.10590998,1.12520688,0
7319000,0.12274909,0.01008842,0.00000000,0.00000000,0.00000000,0.00000000,0
7320000,0.06646381,0.01141970,0.29985456,0.19602990,0.06417024,0.26461905,0
7321000,0.09323898,0.00936259,1.13054863,-0.01010416,0.63907010,2.34767677,0
7322000,0.42117393,0.08889976,0.00000000,0.00000000,0.00000000,0.00000000,0
7323000,0.30399925,0.04004544,0.07447848,0.22211165,0.02744031,0.00000000,0
7324000,0.19910061,0.08134509,0.04145564,1.40609485,0.98941065,0.00000000,0
7325000,0.25248072,0.00606908,0.26821885,-0.34567094,0.03597067,0.00245258,0
7326000,0.10416814,0.00688140,-0.07987815,-0.31518427,0.00000000,0.00181282,0
7327000,0.14079502,0.03059893,0.06449293,0.49636225,0.12526741,0.00000887,0
7328000,0.06442237,0.02754930,-0.17843524,0.43601658,0.09505523,0.00936654,0
7329000,0.07125237,0.05002407,-0.13966448,1.38394761,0.95765550,0.00061505,0
7330000,0.09811816,0.00861477,-0.02073487,-0.25282497,0.00000000,0.00000003,0
7331000,0.06937818,0.00298115,-0.13345157,-0.50211300,0.00000000,0.00524004,0
7332000,0.17105122,0.00191707,0.33244456,-0.55629473,0.05525969,0.00019085,0
7333000,0.06755902,0.03764075,-0.12971101,1.13055582,0.63907823,0.00001440,0
7334000,0.10042698,0.09700925,0.03616164,4.09420426,8.38190810,0.06692201,0
7335000,0.09976663,0.02090506,0.04545074,0.37601539,0.07172667,0.01187200,0
7336000,0.10494104,0.07980619,0.08141759,3.46225452,5.99691758,0.05361333,0
7337000,0.13087660,0.02642196,0.22787568,0.69534857,0.26771848,0.03254148,0
7338000,0.07213596,0.04367031,-0.09213056,1.64358663,1.35068850,0.00944150,0
7339000,0.08739343,0.06265478,-0.00147468,2.73512060,3.74044236,0.03761789,0
7340000,0.08520809,0.08300337,-0.00990629,3.94144334,7.76748779,0.07766418,0
7341000,0.08933366,0.03850439,0.01983533,1.45414958,1.05747222,0.01603111,0
7342000,0.12346872,0.03232593,0.23559436,1.11979939,0.65472769,0.01338454,0
7343000,0.05584997,0.08418054,-0.17998741,4.24307086,9.00182515,0.07448864,0
7344000,0.05516326,0.00542006,-0.18276539,-0.46579054,0.00000000,0.00005041,0
7345000,0.09785035,0.02205555,0.09993869,0.56279840,0.16336489,0.00260578,0
7346000,0.05706234,0.03732162,-0.16420232,1.53386361,1.17636879,0.04369286,0
7347000,0.09010863,0.03753130,0.06223540,1.57150652,1.23675299,0.00764107,0
7348000,0.13468592,0.06236248,0.37557794,3.19392755,5.17111598,0.14124914,0
7349000,0.21307211,0.05029321,0.00000000,0.00000000,0.00000000,0.00000000,0
7350000,0.37916064,0.27819246,0.24579656,2.71372241,3.71235264,0.32900184,0
7351000,0.26998165,0.36781740,0.02477339,4.53904215,10.30175870,0.08531406,0
7352000,0.18897864,0.33652115,-0.19590564,4.56104241,10.40155393,0.08613702,0
7353000,0.93565726,0.26972413,0.00000000,0.00000000,0.00000000,0.00000000,0
7354000,0.36977133,0.54503781,-0.65287831,3.42107637,5.85188176,0.03972934,0
7355000,0.27703571,0.25434807,-0.95319796,1.23484083,0.76241593,0.00847842,0
7356000,0.37892452,0.30764797,-0.37517461,1.99254944,1.98512664,0.00015576,0
7357000,0.28002185,0.24601513,-0.47525909,1.58662964,1.25869681,0.00000604,0
7358000,0.26644033,0.07179201,-0.29475155,-0.09931772,0.00000000,0.00000000,0
7359000,0.20353836,0.17510882,-0.36269153,1.17073846,0.68531427,0.00000000,0
7360000,0.19711640,0.12458596,-0.27606077,0.71267610,0.25395361,0.00000310,0
7361000,0.36212412,0.05106756,0.42868338,-0.08142295,0.09188472,0.00000281,0
7362000,0.32996696,0.06410084,0.35822684,0.11683341,0.07098826,0.00023192,0
7363000,0.37320387,0.11661737,0.55726867,0.82288350,0.49384281,0.00019864,0
7364000,0.20901810,0.13214844,-0.02396636,1.09707611,0.60178799,0.00002850,0
7365000,0.23313978,0.19939268,0.09545468,2.06203974,2.13055975,0.00188951,0
7366000,0.20743655,0.14917094,0.02348785,1.44023370,1.03741239,0.00012612,0
7367000,0.12761796,0.02529855,-0.26644365,-0.26021901,0.00000000,0.00001744,0
7368000,0.29500964,0.14613181,0.47682661,1.52593071,1.27791408,0.00004826,0
7369000,0.17568700,0.17217521,-0.02528180,1.96944963,1.93936593,0.00004176,0
7370000,0.08957108,0.10690685,-0.37804017,1.04006141,0.54086387,0.00000068,0
7371000,0.11976265,0.08727679,-0.21320834,0.78259614,0.30622836,0.00000000,0
7372000,0.10726377,0.09867362,-0.24364338,1.00658720,0.50660890,0.00000000,0
7373000,0.13726856,0.02917318,-0.07659456,-0.08043556,0.00000000,0.00000009,0
7374000,0.13612247,0.01600562,-0.05645736,-0.27737962,0.00000000,0.00000031,0
7375000,0.09005126,0.01239081,-0.25675693,-0.32184468,0.00000000,0.00000033,0
7376000,0.12878883,0.01149944,-0.04431594,-0.32184246,0.00000000,0.00000000,0
7377000,0.16668592,0.04265792,0.16809318,0.23535659,0.04182402,0.00000000,0
7378000,0.15573929,0.00824781,0.13534316,-0.35275022,0.00915889,0.00000000,0
7379000,0.22687419,0.02493428,0.52359750,-0.04147636,0.13707717,0.00000000,0
7380000,0.15557632,0.00102164,0.17421797,-0.46360741,0.01517595,0.00000000,0
7381000,0.09980869,0.01103143,-0.10558074,-0.27136928,0.00000000,0.00000000,0
7382000,0.11859999,0.05555338,0.00836429,0.57552413,0.16564900,0.00000000,0
7383000,0.16103213,0.00080542,0.25362834,-0.44969172,0.03216367,0.00000000,0
7384000,0.15073761,0.03319704,0.21197750,0.18256510,0.03913224,0.00000000,0
7385000,0.06657480,0.02660678,-0.24623501,0.06628045,0.00219655,0.00000000,0
7386000,0.12849590,0.04978263,0.11459515,0.53888317,0.15176356,0.00000000,0
7387000,0.17725921,0.00839639,0.40804348,-0.27841503,0.08324974,0.00000000,0
7388000,0.17200381,0.03007134,0.39321897,0.17014434,0.09178513,0.00000000,0
7389000,0.11776026,0.01446291,0.08782984,-0.14103079,0.00385704,0.00000000,0
7390000,0.07627728,0.02380580,-0.14884475,0.06143879,0.00188736,0.00000000,0
7391000,0.22248337,0.04161295,0.74110076,0.44721065,0.37461385,0.00000000,0
7392000,0.16690208,0.06385485,0.41862576,0.93604073,0.52570989,0.00000026,0
7393000,0.07566918,0.01872957,-0.13072897,-0.02231370,0.00000000,0.00000166,0
7394000,0.08114674,0.05194791,-0.08958875,0.71102876,0.25278095,0.00000086,0
7395000,0.04040828,0.02523849,-0.33900170,0.13545293,0.00917375,0.00000000,0
7396000,0.12659615,0.01281807,0.21313493,-0.13384581,0.02271325,0.00000000,0
7397000,0.14247578,0.01755911,0.32510677,-0.02162697,0.05284720,0.00000000,0
7398000,0.10754218,0.01864218,0.10884443,0.00890083,0.00596317,0.00000000,0
7399000,0.08321077,0.01642672,-0.04250775,-0.03609730,0.00000000,0.00000000,0
7400000,0.07243214,0.05620170,-0.10779029,0.89374478,0.39938987,0.00000000,0
7401000,0.07270650,0.01559077,-0.10061296,-0.04515875,0.00000000,0.00000000,0
7402000,0.36762518,0.06898531,1.88779777,1.22428155,2.53132288,0.00531355,0
7403000,0.13943768,0.07475882,0.36206385,1.37803148,1.01503050,0.00000023,0
7404000,0.09279537,0.03540354,0.05169310,0.44638194,0.10096451,0.00000000,0
7405000,0.14050917,0.02055250,0.38648095,0.09361178,0.07906534,0.00000000,0
7406000,0.11645271,0.00596305,0.22763243,-0.25909991,0.02590826,0.00000050,0
7407000,0.29017290,0.06770400,1.45341034,1.27098444,1.86390152,0.00000000,0
7408000,0.14159757,0.03442419,0.42025870,0.45560085,0.19209476,0.00000000,0
7409000,0.07466665,0.04478918,-0.04793163,0.72459478,0.26251880,0.00000000,0
7410000,0.08467018,0.01858385,0.02862915,0.06999154,0.00285922,0.00000000,0
7411000,0.13784952,0.01674134,0.41851490,0.02740860,0.08795298,0.00000000,0
7412000,0.11258095,0.00011924,0.24267468,-0.39676295,0.02944550,0.00000000,0
7413000,0.28690264,0.08495091,1.52860984,1.80700144,2.80095112,0.00800951,0
7414000,0.14494456,0.02795294,0.49481019,0.33284438,0.17781125,0.00000035,0
7415000,0.11222259,0.02218630,0.25943671,0.18722370,0.05118006,0.00000000,0
7416000,0.11889656,0.00684607,0.31553074,-0.21519879,0.04977982,0.00000000,0
7417000,0.10227779,0.00706476,0.19754824,-0.20713569,0.01951265,0.00000000,0
7418000,0.07783268,0.01817318,0.01729382,0.09423848,0.00458998,0.00000000,0
7419000,0.09772367,0.02628089,0.17375141,0.31835806,0.06577070,0.00000040,0
7420000,0.11882518,0.01071281,0.34181101,-0.10120909,0.05841738,0.00000000,0
7421000,0.08473511,0.03101783,0.08421430,0.45943901,0.10908813,0.00000000,0
7422000,0.18853354,0.00990445,0.89803773,-0.11837720,0.40323588,0.00000000,0
7423000,0.09257962,0.00301997,0.15583934,-0.30762514,0.01214295,0.00000032,0
7424000,0.13012196,0.00504207,0.45710868,-0.24976391,0.10447417,0.00000000,0
7425000,0.10259712,0.05714506,0.24510905,1.22271409,0.77755410,0.00000000,0
7426000,0.15934344,0.00101136,0.70357023,-0.36141074,0.24750553,0.00000000,0
7427000,0.07338738,0.01422406,0.02120059,0.01696755,0.00036868,0.00000015,0
7428000,0.16370727,0.03628327,0.75476867,0.65460864,0.49909411,0.00000000,0
7429000,0.09184250,0.01139646,0.17899464,-0.05868448,0.01601954,0.00000154,0
7430000,0.11804978,0.01443047,0.39767151,0.03211399,0.07958697,0.00000000,0
7431000,0.11732166,0.04999636,0.39705935,1.07653615,0.65829311,0.00000167,0
7432000,0.06194707,0.06352699,-0.05492372,1.48401129,1.10114476,0.00000084,0
7433000,0.07860896,0.02419260,0.08619513,0.32963987,0.05804602,0.00000000,0
7434000,0.11381471,0.06219290,0.38361801,1.46664761,1.14910899,0.00000000,0
7435000,0.14561966,0.02055530,0.65576110,0.22948181,0.24134226,0.00000000,0
7436000,0.20107237,0.02625009,1.13028175,0.40484881,0.72071969,0.00000017,0
7437000,0.11371966,0.03615552,0.39777104,0.70983796,0.33104587,0.00000002,0
7438000,0.13609917,0.00208430,0.59318033,-0.32247938,0.17593145,0.00000000,0
7439000,0.10654194,0.00023712,0.34557120,-0.37862253,0.05970973,0.00000025,0
7440000,0.23809898,0.01855413,1.48379159,0.18610192,1.11813570,0.00000094,0
7441000,0.07853787,0.02737834,0.11221596,0.46273338,0.11335730,0.00000013,0
7442000,0.09051242,0.00141997,0.21883640,-0.34113629,0.02394469,0.00000000,0
7443000,0.10700196,0.02030055,0.36641997,0.25010448,0.09840792,0.00000000,0
7444000,0.04929155,0.01504419,-0.13653508,0.08831491,0.00389976,0.00000000,0
7445000,0.06108578,0.02814422,-0.03039324,0.50529125,0.12765962,0.00000033,0
7446000,0.16221121,0.01096412,0.86927691,-0.03589905,0.37782117,0.00000089,0
7447000,0.14508991,0.03887266,0.72300768,0.85671770,0.62835267,0.00000000,0
7448000,0.08520070,0.03700458,0.19251511,0.80289482,0.34085108,0.00000311,0
7449000,0.08979686,0.01702697,0.23679654,0.16448646,0.04156420,0.00000000,0
7450000,0.11341652,0.02307496,0.45328090,0.36290744,0.16858269,0.00000019,0
7451000,0.09687204,0.02365564,0.30726879,0.38519434,0.12139439,0.00000000,0
7452000,0.06998443,0.04169633,0.06531690,0.97836833,0.48073545,0.00000098,0
7453000,0.08620413,0.02369167,0.21605804,0.39291844,0.10053299,0.00000099,0
7454000,0.07679424,0.00838059,0.13247497,-0.10887108,0.00877481,0.00000030,0
7455000,0.15790716,0.03028069,0.88428550,0.61860271,0.58231508,0.00000280,0
7456000,0.06125742,0.01118703,-0.00634130,-0.01292361,0.00000000,0.00000531,0
7457000,0.05037652,0.02679208,-0.10569109,0.51081764,0.13046733,0.00000000,0
7458000,0.07732919,0.01770767,0.14790399,0.20924410,0.03282934,0.00000000,0
7459000,0.04646711,0.00932591,-0.13924484,-0.07102335,0.00000000,0.00000000,0
7460000,0.13429183,0.06687313,0.68991861,1.88165431,2.00830532,0.00008512,0
7461000,0.05899897,0.00541978,-0.01865406,-0.20195821,0.00000000,0.00000155,0
7462000,0.30689874,0.00008615,2.33960406,-0.38381857,2.73687357,0.00736932,0
7463000,0.09274396,0.04853282,0.30612334,1.27987704,0.86589837,0.00001853,0
7464000,0.10389391,0.00669679,0.41588679,-0.15634219,0.08648091,0.00000138,0
7465000,0.05826366,0.01479362,-0.01963634,0.12491308,0.00780164,0.00191104,0
7466000,0.11880687,0.06271922,0.56666511,1.79401656,1.76980238,0.00000890,0
7467000,0.23551148,0.04091259,1.70163377,1.04113406,1.98975881,0.00000045,0
7468000,0.09311314,0.01890177,0.32421092,0.27502201,0.09037491,0.00000000,0
7469000,0.11328594,0.01880879,0.52397167,0.27408814,0.17483531,0.00000159,0
7470000,0.08875406,0.02412225,0.28705702,0.46429617,0.14898633,0.00000115,0
7471000,0.06026644,0.01684032,0.00969298,0.20906186,0.02190041,0.00000000,0
7472000,0.07928035,0.05946900,0.19812307,1.72918757,1.51467120,0.00308068,0
7473000,0.08741643,0.00843353,0.27872073,-0.08940655,0.03884262,0.02114511,0
7474000,0.07726862,0.00361001,0.17949731,-0.26216980,0.01610964,0.00087562,0
7475000,0.10616729,0.06347050,0.47002904,1.89521466,1.90638296,0.00000004,0
7476000,0.07731274,0.02837768,0.18440384,0.63430329,0.21817272,0.00000004,0
7477000,0.16486320,0.02023908,1.06646359,0.34242076,0.62729828,0.00000564,0
7478000,0.10429304,0.00512793,0.46110034,-0.20562318,0.10630676,0.00000214,0
7479000,0.05879677,0.00708482,0.00381594,-0.13341643,0.00000728,0.00000000,0
7480000,0.34405336,0.01864143,2.90199878,0.29152250,4.25329115,0.02253367,0
7481000,0.15736949,0.00158878,1.01094958,-0.33458328,0.51100952,0.00000147,0
7482000,0.09565107,0.04141563,0.38461112,1.13796726,0.72144760,0.00000313,0
7483000,0.09583341,0.06650431,0.38927476,2.07364722,2.22577382,0.00228267,0
7484000,0.12448502,0.04458322,0.68656362,1.26580583,1.03681700,0.00000244,0
7485000,0.10452016,0.04149767,0.48384394,1.15587959,0.78508129,0.00000000,0
7486000,0.05917757,0.01371119,0.01688025,0.11892614,0.00721419,0.00000087,0
7487000,0.17201242,0.09713878,1.19106766,3.26008495,6.02339802,0.04023398,0
7488000,0.10981694,0.02073092,0.54771663,0.38698131,0.22487402,0.00016908,0
7489000,0.08808612,0.01188090,0.32329196,0.05390860,0.05371192,0.00120198,0
7490000,0.06815182,0.01776673,0.11652108,0.27903773,0.04571961,0.00010890,0
7491000,0.11165140,0.01059187,0.57572012,0.00703664,0.16575158,0.00003620,0
7492000,0.06719300,0.00793535,0.10879562,-0.09394223,0.00591824,0.00004648,0
7493000,0.08943003,0.00032873,0.34485288,-0.38610671,0.05946175,0.00751127,0
7494000,0.07653116,0.02715224,0.20990690,0.64663283,0.23109746,0.00012072,0
7495000,0.09875430,0.03573129,0.44878980,0.98151781,0.58239475,0.00000015,0
7496000,0.13446535,0.04373572,0.83315212,1.29624528,1.18719714,0.00113556,0
7497000,0.13949230,0.03015482,0.89074614,0.77319582,0.69563023,0.00000771,0
7498000,0.10564099,0.03083172,0.53035823,0.80303325,0.46307112,0.00000191,0
7499000,0.08358090,0.00759378,0.29511581,-0.10316094,0.04354667,0.00000030,0
7500000,0.12670739,0.04909912,0.76352317,1.52769143,1.45840437,0.00041470,0
7501000,0.07707460,0.01607011,0.22861438,0.23224946,0.05310217,0.00001351,0
7502000,0.05355912,0.00664571,-0.02529124,-0.13852375,0.00000000,0.00000156,0
7503000,0.32356346,0.01062595,2.92083912,0.01957295,4.26584213,0.02305079,0
7504000,0.12472967,0.04215460,0.75500587,1.27421508,1.09682897,0.00013152,0
7505000,0.07855074,0.01649513,0.25169152,0.25561178,0.06434300,0.00015505,0
7506000,0.07944417,0.02286677,0.26348483,0.51227098,0.16592290,0.00024122,0
7507000,0.08072083,0.01093107,0.27950706,0.03585296,0.03970481,0.00013282,0
7508000,0.04585240,0.02252767,-0.10413487,0.50363575,0.12682449,0.00009735,0
7509000,0.06147776,0.01491519,0.06957085,0.19839905,0.02210114,0.03003760,0
7510000,0.12039966,0.05852077,0.72607814,1.96507348,2.19435162,0.00194481,0
7511000,0.08141326,0.00862990,0.29407723,-0.05446387,0.04324071,0.00121817,0
7512000,0.16915154,0.01257628,1.27718921,0.10687603,0.82131738,0.00000005,0
7513000,0.09117274,0.02439887,0.40718146,0.59081830,0.25743150,0.00005958,0
7514000,0.07855415,0.00862309,0.26707880,-0.05308070,0.03566554,0.00011857,0
7515000,0.06823016,0.01624334,0.15236785,0.26062429,0.04557049,0.00084919,0
7516000,0.09338143,0.01042385,0.43799913,0.02231156,0.09617052,0.00044093,0
7517000,0.10469250,0.02000042,0.56833751,0.41893846,0.24925848,0.00000002,0
7518000,0.10512854,0.00984132,0.57544300,-0.00010536,0.16556732,0.00209956,0
7519000,0.07719429,0.00643648,0.25949190,-0.14076362,0.03366802,0.00003897,0
7520000,0.31373346,0.00666545,2.96172826,-0.13097594,4.38591715,0.03331136,0
7521000,0.20998308,0.04906418,1.78218562,1.64030668,2.93339579,0.00933553,0
7522000,0.10354730,0.05745852,0.56625059,1.99716712,2.15465813,0.00157823,0
7523000,0.09243164,0.02691583,0.44041588,0.72032943,0.35642032,0.00912821,0
7524000,0.06803598,0.00704547,0.16068794,-0.11385616,0.01291031,0.00120539,0
7525000,0.05345888,0.00821695,-0.00680861,-0.06408093,0.00000000,0.00065077,0
7526000,0.15805161,0.04457625,1.20597846,1.47560041,1.81589031,0.00016667,0
7527000,0.11077169,0.01296759,0.66038051,0.13851820,0.22764485,0.00114015,0
7528000,0.08779597,0.01173109,0.39508049,0.08668212,0.08180119,0.00430699,0
7529000,0.06617858,0.01669066,0.14451602,0.29929930,0.05523248,0.00001122,0
7530000,0.16056575,0.01243293,1.24971753,0.11837085,0.78790278,0.00079796,0
7531000,0.07187083,0.01118251,0.21290835,0.06550426,0.02481039,0.00005604,0
7532000,0.32361656,0.06359144,3.17321447,2.31993533,7.72569502,0.07010632,0
7533000,0.07243915,0.02164912,0.22143051,0.51800391,0.15867976,0.00005985,0
7534000,0.06149997,0.03422309,0.09343247,1.06335840,0.56973036,0.06322199,0
7535000,0.05640808,0.04383251,0.03405271,1.48297628,1.10018912,0.00255929,0
7536000,0.16686034,0.01114344,1.34492566,0.06718447,0.90666939,0.00193006,0
7537000,0.06673428,0.03781135,0.15808952,1.22921717,0.76798357,0.01285111,0
7538000,0.08802073,0.03895942,0.41285551,1.28281315,0.90802962,0.01571398,0
7539000,0.14720419,0.02312150,1.12114217,0.59317967,0.80441094,0.00012284,0
7540000,0.07873861,0.02654729,0.30413182,0.74508324,0.32382260,0.00270797,0
7541000,0.05533138,0.02874188,0.02466341,0.84398518,0.35645963,0.00000055,0
7542000,0.11179704,0.01729378,0.70389913,0.34173430,0.30612816,0.00417761,0
7543000,0.13948947,0.00556329,1.03983361,-0.17515373,0.54062697,0.00054054,0
7544000,0.14418726,0.02954314,1.09926884,0.88699958,0.99758012,0.00220031,0
7545000,0.16065702,0.07537473,1.30161877,2.92413443,5.12238680,0.04843513,0
7546000,0.12826850,0.02110093,0.91205137,0.51624074,0.54917110,0.02761856,0
7547000,0.04197007,0.01360166,-0.13446119,0.18347435,0.01683142,0.00000164,0
7548000,0.07679304,0.02320729,0.28960262,0.61363794,0.23021060,0.01270357,0
7549000,0.10935554,0.00478370,0.68816023,-0.21000828,0.23678225,0.02237867,0
7550000,0.19729455,0.01536606,1.76558242,0.26521359,1.59380977,0.00187087,0
7551000,0.33184889,0.01411496,3.41882102,0.20998083,5.86621456,0.03892706,0
7552000,0.18220650,0.01474431,1.58863856,0.23924391,1.29050506,0.00624838,0
7553000,0.06220947,0.01593769,0.11570086,0.29429443,0.04999795,0.00431303,0
7554000,0.09283401,0.00813545,0.49406230,-0.05822280,0.12204878,0.01421956,0
7555000,0.07137946,0.01357454,0.23050200,0.18915607,0.04445560,0.00381948,0
7556000,0.07256915,0.02459165,0.24642753,0.69169065,0.26958124,0.00328101,0
7557000,0.12967975,0.03384316,0.95616690,1.11577530,1.07960482,0.00577719,0
7558000,0.06743987,0.01005632,0.18439655,0.03055657,0.01746790,0.00042239,0
7559000,0.33145022,0.07223505,3.47374906,2.88022333,10.18130948,0.08827410,0
7560000,0.04974692,0.01938860,-0.03522194,0.45971143,0.10566730,0.00632572,0
7561000,0.17743565,0.04957801,1.56166998,1.85042994,2.93145205,0.02767399,0
7562000,0.31530374,0.01719995,3.29279188,0.36127726,5.48649980,0.03938974,0
7563000,0.10085158,0.01201194,0.60723961,0.12262064,0.19188788,0.00004826,0
7564000,0.07202540,0.00393511,0.24645567,-0.25089660,0.03037020,0.00177631,0
7565000,0.10810600,0.05161281,0.70214540,1.96211959,2.17146073,0.00173703,0
7566000,0.10969231,0.03879376,0.72434028,1.37043025,1.20137396,0.01023444,0
7567000,0.08402611,0.01261591,0.40134016,0.15313680,0.09226240,0.00093559,0
7568000,0.17155448,0.00847972,1.51247281,-0.03943969,1.14378700,0.00035732,0
7569000,0.09076147,0.05835123,0.48950324,2.29537514,2.75418022,0.02062689,0
7570000,0.08685533,0.02189952,0.44112223,0.59052161,0.27165230,0.00099001,0
7571000,0.08885120,0.00586459,0.46765979,-0.16199933,0.10935284,0.00137055,0
7572000,0.05477968,0.01314911,0.03372777,0.18096596,0.01694312,0.00193411,0
7573000,0.04743154,0.01017044,-0.05968876,0.04086148,0.00083483,0.02256439,0
7574000,0.11315225,0.02516253,0.78377841,0.75022821,0.58857548,0.00245699,0
7575000,0.05048760,0.03293912,-0.01946886,1.12053212,0.62779612,0.00292811,0
7576000,0.07255270,0.02580099,0.26517681,0.78416703,0.34261833,0.00036845,0
7577000,0.21020941,0.04683470,2.04178594,1.78680060,3.68077311,0.06830723,0
7578000,0.22522193,0.03328208,2.24026265,1.14465342,3.16450411,0.01390682,0
7579000,0.40028787,0.04558195,4.51125899,1.73487635,11.68062682,0.09809419,0
7580000,0.16394399,0.01553882,1.45457107,0.30028064,1.10297273,0.00215676,0
7581000,0.11321246,0.00125835,0.79855326,-0.38375907,0.31884366,0.05791763,0
7582000,0.10672874,0.07763180,0.71585101,3.28506654,5.65205243,0.09381346,0
7583000,0.07948299,0.00840082,0.36209958,-0.04131591,0.06555805,0.02263971,0
7584000,0.11444947,0.00276642,0.82005650,-0.31290531,0.33624634,0.00519354,0
7585000,0.07138931,0.02282117,0.25854417,0.65568810,0.24838599,0.00155000,0
7586000,0.09417420,0.06406837,0.55818322,2.65390731,3.67739627,0.01696589,0
7587000,0.12005264,0.09868758,0.89954752,4.33832172,9.81511056,0.08619848,0
7588000,0.06013430,0.01218051,0.11325809,0.14282817,0.01661364,0.01160609,0
7589000,0.11414452,0.01318913,0.82561939,0.19236168,0.35932519,0.05451997,0
7590000,0.28873235,0.00685670,3.13226003,-0.11587780,4.90552643,0.02905762,0
7591000,0.12319502,0.06054351,0.94913547,2.50756546,3.59437134,0.02772737,0
7592000,0.08273622,0.04589133,0.41520643,1.79485677,1.69695360,0.04079072,0
7593000,0.40729696,0.02726793,4.72218229,0.88473540,11.54088114,0.10064389,0
