step,surprise_raw,surprise_clipped,state_action_pseudo_count,familiarity,e_t,block_E_k,W_k,block_completed,warmup_remaining,regime_change,mean_total_var,mean_epistemic_var,raw_residual_mse,raw_delta_state_mse,raw_reward_sq_error,mean_total_var_raw,mean_epistemic_var_raw,gradient_coherence,gradient_novelty,predictor_nll
0,7.09615135,7.09615135,0,0.00000000,0.00000000,nan,0.00000000,0,9999,0,0.99695843,0.00040750,7.05121040,7.44696760,0.32333580,0.99695843,0.00040750,nan,nan,80.36365255
100,0.47674343,0.47674343,0,0.00000000,0.00000000,nan,0.00000000,0,9899,0,1.00344372,0.00248425,8.41253090,8.85921478,0.81890863,40.08055115,0.07092923,-0.10811180,1.10811180,20.81453991
200,0.41995046,0.41995046,0,0.00000000,0.00000000,nan,0.00000000,0,9799,0,0.99388832,0.00517192,14.35717392,15.15861797,0.73261786,36.05384445,0.18386388,-0.25527078,1.25527078,20.29211330
300,0.71883029,0.71883029,0,0.00000000,0.00000000,nan,0.00000000,0,9699,0,0.98721242,0.00305387,11.24151230,11.87044907,0.54959083,34.49259949,0.09309629,0.00641369,0.99358631,23.02619553
400,1.25805962,1.25805962,0,0.00000000,0.00000000,nan,0.00000000,0,9599,0,0.98638386,0.00240962,24.96626854,26.41185188,0.39131328,32.63036346,0.04842469,-0.08250731,1.08250731,27.78645992
500,0.58251977,0.58251977,0,0.00000000,0.00000000,nan,0.00000000,0,9499,0,0.96977001,0.00394722,7.42239904,7.85535908,0.06206817,31.75010872,0.07884190,0.02960882,0.97039118,21.67764568
600,0.58545929,0.58545929,0,0.00000000,0.00000000,nan,0.00000000,0,9399,0,0.95473045,0.00302600,10.57955933,11.20135689,0.00901678,30.70108414,0.06851885,0.08921429,0.91078571,21.59181595
700,0.50413346,0.50413346,0,0.00000000,0.00000000,nan,0.00000000,0,9299,0,0.96187180,0.00309011,6.43443871,6.79419851,0.31852981,30.47137451,0.05874290,0.04597969,0.95402031,20.86253023
800,1.33716798,1.33716798,0,0.00000000,0.00000000,nan,0.00000000,0,9199,0,0.89327210,0.01256193,43.72190475,46.23507309,0.99803483,28.68209076,0.53620458,-0.04866287,1.04866287,27.17093468
900,0.65867811,0.65867811,0,0.00000000,0.00000000,nan,0.00000000,0,9099,0,0.89503056,0.01410387,45.32161713,47.98025131,0.12492939,28.21040916,0.58206028,-0.31622015,1.31622015,21.08608723
1000,0.36607513,0.36607513,0,0.00000000,0.00000000,nan,0.00000000,0,8999,0,0.93627632,0.00517317,6.19254446,6.55058670,0.10581911,27.80946159,0.16061039,0.08980873,0.91019127,19.12532743
1100,1.63850260,1.63850260,0,0.00000000,0.00000000,nan,0.00000000,0,8899,0,0.77851653,0.03558473,33.47137833,35.43441391,0.09978545,22.80802155,1.67081249,0.06264189,0.93735811,30.10824203
1200,0.47100130,0.47100130,0,0.00000000,0.00000000,nan,0.00000000,0,8799,0,0.87936872,0.01658111,16.32538223,17.28112030,0.07784183,24.78015518,0.76611328,-0.10532551,1.10532551,19.40620422
1300,0.56072783,0.56072783,0,0.00000000,0.00000000,nan,0.00000000,0,8699,0,0.85160512,0.01696615,10.05995655,10.64266777,0.15387021,22.65623665,0.36403748,-0.11867964,1.11867964,19.80191994
1400,0.69700515,0.69700515,0,0.00000000,0.00000000,nan,0.00000000,0,8599,0,0.86745065,0.02138452,3.71080232,3.92010355,0.15268244,21.32401085,0.73675239,0.04816500,0.95183500,21.85339880
1500,0.94377780,0.94377780,0,0.00000000,0.00000000,nan,0.00000000,0,8499,0,0.84749156,0.05929598,22.64763641,23.93477440,0.76632577,21.42046356,3.54714656,-0.05260646,1.05260646,23.28186131
1600,0.43294209,0.43294209,0,0.00000000,0.00000000,nan,0.00000000,0,8399,0,0.71176660,0.07349125,11.51646709,12.19366932,0.00401923,17.83195305,4.17258549,0.17953272,0.82046728,16.38780117
1700,0.44925281,0.44925281,0,0.00000000,0.00000000,nan,0.00000000,0,8299,0,0.68614471,0.03878947,3.45565009,3.65461445,0.07325847,14.59926510,1.62742674,-0.12030116,1.12030116,16.77012081
1800,0.93536460,0.93536460,0,0.00000000,0.00000000,nan,0.00000000,0,8199,0,0.64350712,0.07055052,8.59676266,9.10017681,0.03873507,12.88751984,2.44028568,-0.17146761,1.17146761,21.52726250
1900,0.65423703,0.65423703,0,0.00000000,0.00000000,nan,0.00000000,0,8099,0,0.66320682,0.12845474,5.86624384,6.20818090,0.05331237,13.22130871,6.40535927,-0.12297123,1.12297123,23.31513468
2000,0.36996111,0.36996111,0,0.00000000,0.00000000,nan,0.00000000,0,7999,0,0.73518986,0.02067389,2.08835411,2.18342686,0.47211811,16.85903358,0.84956372,-0.02176336,1.02176336,16.54079533
2100,0.27090606,0.27090606,0,0.00000000,0.00000000,nan,0.00000000,0,7899,0,0.57075536,0.02299811,0.71996796,0.74381065,0.31464288,11.21147442,0.99232674,-0.00813611,1.00813611,12.40555429
2200,0.85176611,0.85176611,0,0.00000000,0.00000000,nan,0.00000000,0,7799,0,0.50104707,0.08947254,6.64430809,7.02934599,0.09867249,7.23515844,3.57726622,-0.09535838,1.09535838,18.23134295
2300,0.33966112,0.33966112,0,0.00000000,0.00000000,nan,0.00000000,0,7699,0,0.53284675,0.03622650,2.85017490,3.01728916,0.00922585,7.13059473,1.58489144,0.04613178,0.95386822,10.05618477
2400,0.42686486,0.42686486,0,0.00000000,0.00000000,nan,0.00000000,0,7599,0,0.33727944,0.04560451,1.28609347,1.35021210,0.19607858,5.09943438,2.34677410,0.00433198,0.99566802,12.22250811
2500,0.39767060,0.39767060,0,0.00000000,0.00000000,nan,0.00000000,0,7499,0,0.36247751,0.04601667,1.40830481,1.49073303,0.00702548,6.14849854,2.36912227,0.07193965,0.92806035,10.93678677
2600,0.12281027,0.12281027,0,0.00000000,0.00000000,nan,0.00000000,0,7399,0,0.27378872,0.04011372,0.29823172,0.31506354,0.01209073,3.24221969,1.05371654,-0.01579226,1.01579226,4.86779702
2700,0.76308841,0.76308841,0,0.00000000,0.00000000,nan,0.00000000,0,7299,0,0.33945486,0.05766024,2.46486235,2.60947418,0.00645793,4.76223755,1.29335439,0.00954823,0.99045177,12.93775511
2800,0.80288750,0.80288750,0,0.00000000,0.00000000,nan,0.00000000,0,7199,0,0.31880510,0.03971307,1.00815046,1.04786968,0.33292517,5.16062307,1.36933088,0.01676611,0.98323389,13.64379644
2900,0.55044860,0.55044860,0,0.00000000,0.00000000,nan,0.00000000,0,7099,0,0.24091002,0.03830920,0.60711014,0.64267957,0.00242932,2.93397951,0.83595920,0.00979949,0.99020051,7.22700822
3000,1.01518404,1.01518404,0,0.00000000,0.00000000,nan,0.00000000,0,6999,0,0.53654850,0.02767450,3.23252773,3.34227133,1.36689019,10.10262012,0.55805278,-0.07273231,1.07273231,19.96995258
3100,0.44900316,0.44900316,0,0.00000000,0.00000000,nan,0.00000000,0,6899,0,0.39422470,0.02595052,2.70872593,2.86768556,0.00641148,6.07321930,0.85736275,0.01816059,0.98183941,10.34574699
3200,0.46809161,0.46809161,0,0.00000000,0.00000000,nan,0.00000000,0,6799,0,0.33197606,0.02117939,0.45638764,0.47733617,0.10026281,4.90711308,0.32536864,-0.04033788,1.04033788,10.03542948
3300,0.41847619,0.41847619,0,0.00000000,0.00000000,nan,0.00000000,0,6699,0,0.25126180,0.02829484,0.77268672,0.80296731,0.25791737,3.33393097,0.90232044,0.01434468,0.98565532,6.33073421
3400,0.16431993,0.16431993,0,0.00000000,0.00000000,nan,0.00000000,0,6599,0,0.26718956,0.04734534,0.69538903,0.73302245,0.05562160,4.02099800,0.77852124,-0.06485748,1.06485748,4.79767275
3500,0.33586612,0.33586612,0,0.00000000,0.00000000,nan,0.00000000,0,6499,0,0.44878367,0.03989910,0.43892846,0.45492899,0.16691911,6.38229513,0.95002609,-0.02496406,1.02496406,11.74951394
3600,0.21170487,0.21170487,0,0.00000000,0.00000000,nan,0.00000000,0,6399,0,0.42882490,0.03623111,1.03803062,1.09896767,0.00210112,5.17556190,0.79373497,-0.08894082,1.08894082,8.95666265
3700,0.66228312,0.66228312,0,0.00000000,0.00000000,nan,0.00000000,0,6299,0,0.35483280,0.03867177,3.17971277,3.36593056,0.01400890,3.40573645,0.88422334,-0.06277418,1.06277418,11.85248828
3800,0.26519591,0.26519591,0,0.00000000,0.00000000,nan,0.00000000,0,6199,0,0.36281717,0.03028770,0.30586275,0.32382020,0.00058621,3.53538609,0.63109547,0.07216936,0.92783064,7.27099737
3900,0.13740921,0.13740921,0,0.00000000,0.00000000,nan,0.00000000,0,6099,0,0.33792689,0.01786740,0.48995692,0.51809758,0.01156490,3.46775174,0.29019701,0.01963166,0.98036834,5.08319223
4000,0.20808277,0.20808277,0,0.00000000,0.00000000,nan,0.00000000,0,5999,0,0.53171694,0.00898946,0.23965396,0.24924059,0.07668128,9.17853642,0.31670591,0.02587427,0.97412573,11.58044147
4100,0.14736684,0.14736684,0,0.00000000,0.00000000,nan,0.00000000,0,5899,0,0.35476282,0.02400332,0.36582425,0.38604727,0.02203206,4.49929476,0.89293885,0.01822047,0.98177953,6.10567411
4200,0.42970815,0.42970815,0,0.00000000,0.00000000,nan,0.00000000,0,5799,0,0.27728972,0.04333390,1.03211546,1.08917284,0.06214122,3.99315691,1.54893959,0.07456346,0.92543654,9.57170010
4300,0.86936593,0.86936593,0,0.00000000,0.00000000,nan,0.00000000,0,5699,0,0.26665747,0.04963709,2.55449080,2.70208836,0.04532857,3.21158910,1.41413057,-0.01446160,1.01446160,10.16255808
4400,0.14346828,0.14346828,0,0.00000000,0.00000000,nan,0.00000000,0,5599,0,0.29474640,0.02755947,0.26175106,0.27577758,0.02330078,3.42461133,1.14224458,0.08357455,0.91642545,4.50636954
4500,0.29910234,0.29910234,0,0.00000000,0.00000000,nan,0.00000000,0,5499,0,0.25917479,0.02120985,0.90475547,0.95797324,0.00005173,2.48137188,0.50746232,0.06359385,0.93640615,4.39841564
4600,0.33080727,0.33080727,0,0.00000000,0.00000000,nan,0.00000000,0,5399,0,0.31782165,0.02630382,0.62823480,0.66435391,0.01421139,3.77184510,0.94046581,-0.00874602,1.00874602,8.24826717
4700,0.32822597,0.32822597,0,0.00000000,0.00000000,nan,0.00000000,0,5299,0,0.31215766,0.04158580,1.84079683,1.94523525,0.06534011,4.05876446,1.37109864,-0.06756738,1.06756738,8.90186191
4800,0.23130696,0.23130696,0,0.00000000,0.00000000,nan,0.00000000,0,5199,0,0.32071725,0.02728712,0.65559131,0.69414681,0.00014828,3.81084180,0.75985271,-0.05956090,1.05956090,5.05101895
4900,0.53422219,0.53422219,0,0.00000000,0.00000000,nan,0.00000000,0,5099,0,0.25245178,0.04894104,0.72947735,0.77238691,0.00001514,2.49337888,1.03536379,0.03751550,0.96248450,10.02066584
5000,0.58901596,0.58901596,0,0.00000000,0.00000000,nan,0.00000000,0,4999,0,0.36632684,0.01511656,0.91859329,0.91990614,0.89627379,5.75584221,0.39548877,0.00125559,0.99874441,11.16702970
5100,0.39399797,0.39399797,0,0.00000000,0.00000000,nan,0.00000000,0,4899,0,0.28883049,0.01534257,0.87975013,0.93041658,0.01842065,3.52730846,0.55068982,0.07651521,0.92348479,6.35668723
5200,2.24917316,2.24917316,0,0.00000000,0.00000000,nan,0.00000000,0,4799,0,0.26484838,0.03259166,6.58181858,6.93235397,0.62271124,2.41944575,0.78202760,0.03826482,0.96173518,27.15643425
5300,0.41425192,0.41425192,0,0.00000000,0.00000000,nan,0.00000000,0,4699,0,0.28119752,0.03415889,0.65340245,0.68539965,0.10944982,2.81262684,0.98918557,-0.05380350,1.05380350,7.70039082
5400,0.24219802,0.24219802,0,0.00000000,0.00000000,nan,0.00000000,0,4599,0,0.31004870,0.02308395,0.34795749,0.35474098,0.23263834,3.43553996,0.44007957,-0.01595175,1.01595175,4.70012760
5500,0.30021462,0.30021462,0,0.00000000,0.00000000,nan,0.00000000,0,4499,0,0.29116920,0.03350187,1.70636952,1.80673790,0.00010535,3.14383960,0.75780284,-0.03154073,1.03154073,5.66515553
5600,0.13762027,0.13762027,0,0.00000000,0.00000000,nan,0.00000000,0,4399,0,0.29650378,0.02456675,0.33584699,0.35543555,0.00284124,3.83120632,0.69885176,-0.01069833,1.01069833,5.32328439
5700,0.88893235,0.88893235,0,0.00000000,0.00000000,nan,0.00000000,0,4299,0,0.30542624,0.03559912,2.75567842,2.91775298,0.00041710,2.64024329,0.64810038,-0.05840103,1.05840103,15.59915066
5800,0.13033339,0.13033339,0,0.00000000,0.00000000,nan,0.00000000,0,4199,0,0.27308452,0.02821225,0.41992250,0.44462368,0.00000268,3.49672222,1.03517127,-0.01452553,1.01452553,3.37076914
5900,0.27822250,0.27822250,0,0.00000000,0.00000000,nan,0.00000000,0,4099,0,0.26924276,0.02145115,0.11298100,0.11719285,0.04137971,2.83503890,0.60673118,0.00652431,0.99347569,4.26921376
6000,0.24823019,0.24823019,0,0.00000000,0.00000000,nan,0.00000000,0,3999,0,0.31123543,0.01396323,0.81136197,0.85864842,0.00749271,4.56253862,0.27304593,-0.13176786,1.13176786,6.74926853
6100,0.31407234,0.31407234,0,0.00000000,0.00000000,nan,0.00000000,0,3899,0,0.30178773,0.01982477,1.00288665,1.05625641,0.09560055,3.24152327,0.37223271,-0.04439187,1.04439187,5.69016051
6200,0.14509055,0.14509055,0,0.00000000,0.00000000,nan,0.00000000,0,3799,0,0.33116060,0.02019481,0.14156948,0.13245808,0.29646310,4.24578047,0.61761516,-0.06472290,1.06472290,5.35186821
6300,1.07153594,1.07153594,0,0.00000000,0.00000000,nan,0.00000000,0,3699,0,0.31006110,0.02534084,1.35814619,1.43038452,0.13009517,2.60512328,0.87033951,0.07279609,0.92720391,11.71683693
6400,0.33178470,0.33178470,0,0.00000000,0.00000000,nan,0.00000000,0,3599,0,0.25094083,0.02458735,0.27491534,0.26563933,0.43260747,1.99955499,0.58835250,-0.00418867,1.00418867,5.07283306
6500,0.14795101,0.14795101,0,0.00000000,0.00000000,nan,0.00000000,0,3499,0,0.25956890,0.01922705,0.22239107,0.23500843,0.00789608,2.70649028,0.64128369,0.02234776,0.97765224,2.73581036
6600,0.67384708,0.67384708,0,0.00000000,0.00000000,nan,0.00000000,0,3399,0,0.20936115,0.01799981,1.16000974,1.22821724,0.00048169,1.66465104,0.21267280,-0.04283632,1.04283632,5.20785844
6700,0.48477963,0.48477963,0,0.00000000,0.00000000,nan,0.00000000,0,3299,0,0.19322546,0.01777294,0.46759802,0.49447554,0.01067975,2.18240523,0.57135719,0.02239134,0.97760866,4.24446591
6800,0.33463362,0.33463362,0,0.00000000,0.00000000,nan,0.00000000,0,3199,0,0.22618182,0.01355446,0.19418885,0.19231017,0.22612651,2.43711329,0.30028379,-0.01427633,1.01427633,1.23172581
6900,0.81492585,0.81492585,0,0.00000000,0.00000000,nan,0.00000000,0,3099,0,0.30672586,0.05090870,2.07903004,2.18626785,0.25598744,3.75366640,1.36878693,-0.06106042,1.06106042,13.55247092
7000,0.56837225,0.56837225,0,0.00000000,0.00000000,nan,0.00000000,0,2999,0,0.38592106,0.01179344,0.29419014,0.25359944,0.98423225,5.96629143,0.25816754,0.02301117,0.97698883,11.68869019
7100,0.47061735,0.47061735,0,0.00000000,0.00000000,nan,0.00000000,0,2899,0,0.41708228,0.03485942,1.00052500,1.04413700,0.25911942,3.97824383,0.94752479,0.05876524,0.94123476,9.94397402
7200,0.32080358,0.32080358,0,0.00000000,0.00000000,nan,0.00000000,0,2799,0,0.32846189,0.01995991,0.33187068,0.34967762,0.02915303,3.11599374,0.34918028,0.04640092,0.95359908,5.99446952
7300,0.20501882,0.20501882,0,0.00000000,0.00000000,nan,0.00000000,0,2699,0,0.31795940,0.01435876,0.62491798,0.66116166,0.00877496,3.32632041,0.36393997,0.08049343,0.91950657,5.68580612
7400,0.17073983,0.17073983,0,0.00000000,0.00000000,nan,0.00000000,0,2599,0,0.22479105,0.02260946,0.21699159,0.21641190,0.22684596,2.27158594,0.64518565,0.00870741,0.99129259,1.38923791
7500,0.97134346,0.97134346,0,0.00000000,0.00000000,nan,0.00000000,0,2499,0,0.21728775,0.02819846,1.13503897,1.19943416,0.04032040,2.22708464,0.87930065,0.10487964,0.89512036,10.99711657
7600,1.00826859,1.00826859,0,0.00000000,0.00000000,nan,0.00000000,0,2399,0,0.32057941,0.03614724,0.56900829,0.60236120,0.00200841,2.61205196,0.48297945,-0.03470775,1.03470775,14.13512588
7700,0.11331752,0.11331752,0,0.00000000,0.00000000,nan,0.00000000,0,2299,0,0.25894132,0.01245003,0.06776957,0.07163320,0.00208793,2.62824154,0.31314436,0.01725812,0.98274188,2.19201159
7800,0.53980601,0.53980601,0,0.00000000,0.00000000,nan,0.00000000,0,2199,0,0.25166714,0.02207658,0.45781338,0.45073143,0.57820636,2.74105287,0.69567275,0.03778650,0.96221350,5.50548792
7900,0.16112323,0.16112323,0,0.00000000,0.00000000,nan,0.00000000,0,2099,0,0.20579889,0.02887465,0.40421265,0.42210928,0.09997039,2.12852049,0.85217243,-0.02531532,1.02531532,2.45628647
8000,0.40086526,0.40086526,0,0.00000000,0.00000000,nan,0.00000000,0,1999,0,0.28547299,0.02202968,1.14018857,1.20496106,0.03905458,4.03965330,0.79218477,-0.04238176,1.04238176,7.66395843
8100,1.72579062,1.72579062,0,0.00000000,0.00000000,nan,0.00000000,0,1899,0,0.33465672,0.03937244,1.94070327,2.01270866,0.71661288,3.26852918,1.27656686,0.04601881,0.95398119,21.97455883
8200,0.11860534,0.11860534,0,0.00000000,0.00000000,nan,0.00000000,0,1799,0,0.22012465,0.01408448,0.04867692,0.05153736,0.00004949,2.05763912,0.40740401,0.00013798,0.99986202,1.13614160
8300,0.29116067,0.29116067,0,0.00000000,0.00000000,nan,0.00000000,0,1699,0,0.20500302,0.02067903,0.07833412,0.07331304,0.16369255,2.19534397,0.47376925,-0.04824141,1.04824141,2.45932944
8400,0.28306797,0.28306797,0,0.00000000,0.00000000,nan,0.00000000,0,1599,0,0.17924362,0.01570733,0.63816684,0.67492539,0.01327242,2.22546983,0.73010188,-0.00321514,1.00321514,1.23428601
8500,0.31965986,0.31965986,0,0.00000000,0.00000000,nan,0.00000000,0,1499,0,0.19527738,0.01935396,0.36059496,0.36829960,0.22961645,2.59343672,0.76152724,-0.03825745,1.03825745,3.09509492
8600,0.09021866,0.09021866,0,0.00000000,0.00000000,nan,0.00000000,0,1399,0,0.17617005,0.02023264,0.27128747,0.28680634,0.00746636,2.18527770,0.76024896,0.02728525,0.97271475,0.40460026
8700,0.07211956,0.07211956,0,0.00000000,0.00000000,nan,0.00000000,0,1299,0,0.20468955,0.01344759,0.08091266,0.08331756,0.04002930,2.47134447,0.33857870,0.00434016,0.99565984,0.54177982
8800,0.30299294,0.30299294,0,0.00000000,0.00000000,nan,0.00000000,0,1199,0,0.20802747,0.01648538,0.39177263,0.41021177,0.07830659,2.66223741,0.43242291,0.04941951,0.95058049,3.11013448
8900,0.27053213,0.27053213,0,0.00000000,0.00000000,nan,0.00000000,0,1099,0,0.19504838,0.01250143,0.17194769,0.17960590,0.04175815,2.07025433,0.20552617,-0.06922342,1.06922342,1.30148152
9000,0.96054500,0.96054500,0,0.00000000,0.00000000,nan,0.00000000,0,999,0,0.31018007,0.01658764,0.84819919,0.83456647,1.07995558,5.20338202,0.30382448,-0.01755239,1.01755239,14.38867791
9100,2.55721235,2.55721235,0,0.00000000,0.00000000,nan,0.00000000,0,899,0,0.27855232,0.03061209,3.48939252,3.63934040,0.94028163,2.35547519,0.91416073,0.04588560,0.95411440,33.01914597
9200,0.84768134,0.84768134,0,0.00000000,0.00000000,nan,0.00000000,0,799,0,0.18544921,0.01777777,1.17232001,1.22636950,0.25347885,1.66726446,0.63389260,-0.14497676,1.14497676,9.11401796
9300,0.19820499,0.19820499,0,0.00000000,0.00000000,nan,0.00000000,0,699,0,0.20860301,0.01515743,0.14271647,0.15081598,0.00502468,1.51126063,0.33929908,-0.08175899,1.08175899,-0.17216541
9400,1.38463581,1.38463581,0,0.00000000,0.00000000,nan,0.00000000,0,599,0,0.14685310,0.02823950,1.99287474,2.10932255,0.01326204,1.06153083,0.61314511,0.10478710,0.89521290,23.02637124
9500,0.31556475,0.31556475,0,0.00000000,0.00000000,nan,0.00000000,0,499,0,0.17805161,0.01849755,0.94267929,0.99741489,0.01217434,2.24820185,0.68706208,-0.04489812,1.04489812,0.97080165
9600,0.10600474,0.10600474,0,0.00000000,0.00000000,nan,0.00000000,0,399,0,0.18421870,0.00962896,0.29113504,0.30811584,0.00246104,2.72456264,0.33941770,-0.00901702,1.00901702,1.10477710
9700,0.28216973,0.28216973,0,0.00000000,0.00000000,nan,0.00000000,0,299,0,0.17814976,0.02328290,0.28550071,0.30172718,0.00965116,2.16853166,0.58300233,0.02463425,0.97536575,1.96953329
9800,0.95515662,0.95515662,0,0.00000000,0.00000000,nan,0.00000000,0,199,0,0.12881497,0.02164609,0.30149651,0.31446534,0.08102594,1.31087351,0.63371718,-0.07915550,1.07915550,8.36326170
9900,0.91258979,0.91258979,0,0.00000000,0.00000000,nan,0.00000000,0,99,0,0.20077844,0.01710733,0.77676940,0.82138711,0.01826729,2.09728599,0.53149033,0.10646809,0.89353191,9.57781410
10000,0.98399615,0.98399615,0,0.00000000,0.00000000,nan,0.00000000,0,0,0,0.34039995,0.00943517,0.81503272,0.79928470,1.08274925,5.87232780,0.20448576,0.00879702,0.99120298,14.49673438
10100,0.20928997,0.20928997,0,0.00000000,0.00000000,nan,0.00000000,0,0,0,0.23232013,0.01067529,0.13259572,0.13898247,0.02402044,2.44899797,0.24000655,0.04097349,0.95902651,1.61319697
10200,0.13892944,0.13892944,1,0.09516258,0.00001139,nan,0.00000000,0,0,0,0.17294021,0.01555890,0.18080944,0.19126065,0.00313902,1.81425726,0.38715458,-0.06668897,1.06668897,-1.34837167
10300,0.41409943,0.41409943,2,0.18126925,0.00044710,nan,0.00000000,0,0,0,0.15816280,0.01951582,0.42135021,0.44220710,0.06678311,1.68901002,0.56838310,0.09493670,0.90506330,1.35665007
10400,2.16086888,2.16086888,1,0.09516258,0.00017721,nan,0.00000000,0,0,0,0.10691262,0.02120170,1.14464009,1.20990479,0.03513965,1.25546753,0.49586806,-0.04402628,1.04402628,21.96476173
10500,0.41452232,0.41452232,0,0.00000000,0.00000000,nan,0.00000000,0,0,0,0.11855347,0.01778675,0.52820659,0.55921572,0.00105095,1.39385629,0.40326539,-0.10479680,1.10479680,0.25911856
10600,0.45623392,0.45623392,2,0.18126925,0.00049259,nan,0.00000000,0,0,0,0.16930878,0.01877584,0.27940825,0.28176847,0.23928483,1.73481655,0.52650285,-0.02311833,1.02311833,2.13862762
10700,0.31795409,0.31795409,1,0.09516258,0.00002608,nan,0.00000000,0,0,0,0.24000162,0.02891878,0.26233566,0.27240860,0.09109557,2.38367987,0.48091152,-0.03798078,1.03798078,3.36044469
10800,0.09468035,0.09468035,5,0.39346934,0.00226936,nan,0.00000000,0,0,0,0.17520487,0.01357934,0.21432599,0.22692059,0.00021789,2.09651017,0.26945934,0.08533614,0.91466386,-0.97491252
10900,0.49110645,0.49110645,5,0.39346934,0.01177116,nan,0.00000000,0,0,0,0.15314098,0.01871066,0.37918872,0.40148103,0.00021947,1.89796913,0.62931710,0.05553434,0.94446566,1.64196960
11000,3.46311283,3.46311283,8,0.55067104,0.31844584,nan,0.00000000,0,0,0,0.24018516,0.01428067,1.39087915,1.36704624,1.79603744,3.79925036,0.58224839,0.01861499,0.98138501,36.70545769
11100,0.68474567,0.68474567,8,0.55067104,0.06296486,nan,0.00000000,0,0,0,0.26740634,0.02077726,0.86638427,0.88813448,0.49662939,2.83996630,0.57183290,0.02245967,0.97754033,7.99522238
11200,1.10806000,1.10806000,0,0.00000000,0.00000000,nan,0.00000000,0,0,0,0.25248784,0.02917198,1.06427085,1.12362242,0.05529501,1.98559785,0.98143792,0.07223344,0.92776656,10.62060547
11300,0.52095151,0.52095151,7,0.50341470,0.03345807,nan,0.00000000,0,0,0,0.23298751,0.01640497,0.36254144,0.38089192,0.05058333,1.67900324,0.49180180,0.09247558,0.90752442,4.79711020
11400,0.41382116,0.41382116,3,0.25918178,0.00186737,nan,0.00000000,0,0,0,0.15229803,0.02019060,0.94659847,1.00224328,0.00063739,1.43246269,0.63973099,-0.05145204,1.05145204,7.19452477
11500,0.67456317,0.67456317,4,0.32967995,0.00796880,nan,0.00000000,0,0,0,0.13314824,0.01543700,0.42036724,0.44430733,0.01338601,1.46693516,0.59989929,-0.10460016,1.10460016,5.21446093
11600,0.11646806,0.11646806,9,0.59343034,0.01444394,nan,0.00000000,0,0,0,0.17965090,0.01205447,0.17194016,0.18060538,0.02463131,2.22737145,0.21863402,-0.04815768,1.04815768,-0.41283733
11700,0.18732947,0.18732947,22,0.88919684,0.11711102,nan,0.00000000,0,0,0,0.15520883,0.01432273,0.25945774,0.27463660,0.00141713,1.80817926,0.27140507,0.06104794,0.93895206,-0.84872296
11800,0.27094233,0.27094233,14,0.75340304,0.08729439,nan,0.00000000,0,0,0,0.13206428,0.01365224,0.13840513,0.14654563,0.00001638,1.43421364,0.31251490,-0.05008522,1.05008522,-3.25063960
11900,0.47553220,0.47553220,20,0.86466472,0.26580974,nan,0.00000000,0,0,0,0.12027337,0.01340160,0.84869516,0.89695275,0.02831606,1.50023615,0.44049034,0.04736257,0.95263743,-0.13194406
12000,0.27477503,0.27477503,31,0.95495080,0.22850791,nan,0.00000000,0,0,0,0.29854310,0.01014080,0.73722017,0.78053427,0.00087995,5.48588085,0.26360288,-0.06346559,1.06346559,6.93046681
12100,1.16027379,1.16027379,19,0.85043138,0.60690063,nan,0.00000000,0,0,0,0.21406494,0.02473874,0.91263241,0.96608305,0.00397070,2.09281158,0.51337624,0.07298624,0.92701376,10.06982648
12200,0.06656142,0.06656142,13,0.72746821,0.01864141,nan,0.00000000,0,0,0,0.12499319,0.01097245,0.13110921,0.13872586,0.00162614,1.42692971,0.28803271,0.00529709,0.99470291,-5.63582277
12300,0.41029733,0.41029733,11,0.66712892,0.08127140,nan,0.00000000,0,0,0,0.13879180,0.01347864,0.35882652,0.37992999,0.00006823,1.33575094,0.33997515,-0.03880268,1.03880268,-2.58468349
12400,0.21060462,0.21060462,21,0.87754357,0.12489431,nan,0.00000000,0,0,0,0.10405354,0.01282794,0.25977576,0.27446061,0.01013305,1.13499391,0.27460414,-0.11027597,1.11027597,-4.72392941
12500,1.09186518,1.09186518,24,0.90928205,0.74638600,nan,0.00000000,0,0,0,0.11908804,0.01783219,0.39478138,0.41278788,0.08867092,1.28187358,0.52298570,-0.02557318,1.02557318,16.89241219
12600,1.24883795,1.24883795,48,0.99177025,1.20823218,nan,0.00000000,0,0,0,0.10720542,0.01092551,0.61939979,0.65564233,0.00327664,1.28518260,0.28450197,0.09233493,0.90766507,4.00255120
12700,0.13433723,0.13433723,18,0.83470111,0.06521093,nan,0.00000000,0,0,0,0.13779952,0.00803352,0.31592095,0.33404037,0.00789084,1.96533060,0.16922078,0.11996287,0.88003713,-2.98250469
12800,0.25849152,0.25849152,20,0.86466472,0.14448982,nan,0.00000000,0,0,0,0.09565204,0.00868150,0.12187067,0.12691085,0.03618759,1.29827440,0.19913144,0.01002951,0.98997049,-3.64821416
12900,0.16857316,0.16857316,30,0.95021293,0.13742703,nan,0.00000000,0,0,0,0.10760710,0.01145722,0.10537862,0.11046676,0.01888044,1.57169175,0.35586610,-0.10944059,1.10944059,-2.08043671
13000,0.45549834,0.45549834,41,0.98342732,0.42604540,nan,0.00000000,0,0,0,0.23002189,0.01594511,0.82893395,0.87739092,0.00516490,3.84206223,0.36055374,-0.00125033,1.00125033,6.17960914
13100,1.86629188,1.86629188,5,0.39346934,0.04473250,nan,0.00000000,0,0,0,0.21128255,0.02812366,4.76956749,5.01251841,0.63940763,2.29213953,0.53661019,-0.23390956,1.23390956,23.50960032
13200,0.51358950,0.51358950,5,0.39346934,0.01231005,nan,0.00000000,0,0,0,0.31025541,0.01828147,0.76479477,0.80404067,0.09761388,3.80482388,0.64080304,0.07937200,0.92062800,6.61937380
13300,0.10187180,0.10187180,15,0.77686984,0.03710625,nan,0.00000000,0,0,0,0.19698626,0.01617373,0.05810393,0.05968564,0.03121486,1.60286963,0.37085682,0.01469304,0.98530696,-1.69727258
13400,0.41304457,0.41304457,31,0.95495080,0.34349538,nan,0.00000000,0,0,0,0.19693696,0.01315720,0.39269659,0.41282558,0.05050395,1.70483637,0.35908434,-0.13220413,1.13220413,1.85321500
13500,0.05883661,0.05883661,23,0.89974116,0.03855831,nan,0.00000000,0,0,0,0.14105181,0.01121629,0.07147631,0.07553080,0.00255009,1.44889534,0.32019565,-0.07882926,1.07882926,-4.12447268
13600,0.15106782,0.15106782,73,0.99932446,0.15066003,nan,0.00000000,0,0,0,0.13169771,0.01010519,0.07926442,0.08310139,0.01403596,1.88016272,0.31482169,0.08913155,0.91086845,-3.40270013
13700,1.43664956,1.43664956,41,0.98342732,1.34375449,nan,0.00000000,0,0,0,0.13558178,0.03055297,0.51483989,0.54288357,0.03809750,1.38307977,0.52340508,0.05462636,0.94537364,12.16825644
13800,2.56322885,2.56322885,11,0.66712892,0.50772254,nan,0.00000000,0,0,0,0.09356374,0.02773613,0.68244243,0.71971989,0.04872555,1.63811052,1.07907379,0.01162954,0.98837046,28.34880905
13900,0.06934261,0.06934261,64,0.99833844,0.06888289,nan,0.00000000,0,0,0,0.15106097,0.01561167,0.19116044,0.20230779,0.00165564,2.25936937,0.47544649,0.05376536,0.94623464,-1.53201369
14000,1.74691737,1.74691737,54,0.99548342,1.71557017,nan,0.00000000,0,0,0,0.30987942,0.01592629,1.73170555,1.72546339,1.83781910,5.36097956,0.49843010,0.02416525,0.97583475,21.22102165
14100,1.39000273,1.39000273,25,0.91791500,0.98679178,nan,0.00000000,0,0,0,0.26727456,0.01483929,2.72376847,2.86279917,0.36024928,2.61016440,0.32783189,0.00913637,0.99086363,16.03419256
14200,0.54738390,0.54738390,20,0.86466472,0.30597291,nan,0.00000000,0,0,0,0.20306556,0.01709406,0.24365428,0.25654724,0.02447375,1.53254187,0.42277086,-0.08602288,1.08602288,1.59973514
14300,0.54481524,0.54481524,3,0.25918178,0.00245848,nan,0.00000000,0,0,0,0.12632571,0.01654624,0.27106056,0.28426418,0.04659909,1.13936841,0.43273726,-0.01257711,1.01257711,0.71992016
14400,0.05569022,0.05569022,45,0.98889100,0.05325650,nan,0.00000000,0,0,0,0.19323680,0.00852059,0.17692217,0.18731827,0.00018856,2.71778584,0.26423210,-0.00512045,1.00512045,0.78556657
14500,0.54643023,0.54643023,12,0.69880579,0.13030488,nan,0.00000000,0,0,0,0.14559124,0.01194864,0.20028558,0.21148336,0.00992346,1.42325997,0.29137251,0.07221527,0.92778473,-0.37927675
14600,0.75202584,0.75202584,18,0.83470111,0.36505368,nan,0.00000000,0,0,0,0.11521665,0.02561186,0.57021117,0.60296518,0.01339329,1.52366853,0.68169636,0.15293190,0.84706810,6.03022782
14700,0.67500985,0.67500985,56,0.99630214,0.66508071,nan,0.00000000,0,0,0,0.12623715,0.01209069,0.41370451,0.43341783,0.07857771,1.14090908,0.32383212,-0.10034259,1.10034259,1.47196704
14800,0.33546442,0.33546442,20,0.86466472,0.18751560,nan,0.00000000,0,0,0,0.09087592,0.00925658,0.27251372,0.28764820,0.01522720,1.04634655,0.26793629,-0.06653910,1.06653910,-4.59823341
14900,0.15389997,0.15389997,55,0.99591323,0.15139953,nan,0.00000000,0,0,0,0.06989574,0.00803635,0.25892678,0.27365401,0.00856431,0.98453438,0.27122933,0.03555453,0.96444547,-8.12155437
15000,0.40904599,0.40904599,24,0.90928205,0.27961896,nan,0.00000000,0,0,0,0.27875152,0.01008893,0.77534974,0.82021469,0.01264561,5.03118467,0.43864310,-0.00314325,1.00314325,7.10016680
15100,1.06937623,1.06937623,54,0.99548342,1.05018703,nan,0.18377297,0,0,0,0.18919456,0.01243267,0.67893249,0.70160109,0.29356670,2.18033338,0.35360384,0.01664291,0.98335709,8.45793366
15200,0.27584398,0.27584398,38,0.97762923,0.25197660,nan,0.27582611,0,0,0,0.27625185,0.01404791,0.22590722,0.23108009,0.13796869,3.04311728,0.23882689,0.02369147,0.97630853,4.34824133
15300,0.46202183,0.46202183,0,0.00000000,0.00000000,nan,0.28774207,0,0,0,0.31820861,0.03164756,0.64103156,0.67143106,0.12424065,2.21764135,0.60011810,0.06572250,0.93427750,6.98306203
15400,2.00217080,2.00217080,28,0.93918994,1.55781129,nan,0.23981969,0,0,0,0.14267462,0.01367497,3.50315809,3.70830083,0.01573075,1.21951115,0.42052484,-0.19092301,1.19092301,22.10338593
15500,0.17239827,0.17239827,60,0.99752125,0.17069528,nan,0.21839200,0,0,0,0.09922681,0.01003295,0.09168139,0.09707401,0.00000686,1.11259294,0.27556643,-0.00157022,1.00157022,-5.18429189
15600,0.26099157,0.26099157,56,0.99630214,0.25715249,nan,0.12905936,0,0,0,0.09345441,0.01027821,0.16563515,0.17537834,0.00000087,0.81361455,0.14187473,0.07199926,0.92800074,-7.59923911
15700,0.62400067,0.62400067,17,0.81731648,0.27844926,nan,0.14351146,0,0,0,0.07665140,0.01876362,0.38376412,0.40026388,0.10326794,0.70216805,0.24343146,-0.06324799,1.06324799,-0.04151877
15800,0.36023340,0.36023340,5,0.39346934,0.00863431,nan,0.08356331,0,0,0,0.09126576,0.01578541,0.26658648,0.28074270,0.02593096,1.50225687,0.75177354,0.02218437,0.97781563,0.06781467
15900,0.43032771,0.43032771,21,0.87754357,0.25519612,nan,0.09954286,0,0,0,0.08590482,0.02237689,0.43400824,0.45894831,0.01002686,1.02517605,0.40811354,-0.00200848,1.00200848,-2.66747706
16000,0.39365983,0.39365983,67,0.99876909,0.39172516,nan,0.07206991,0,0,0,0.38703549,0.01116163,0.86890763,0.89401299,0.44211674,5.99781370,0.25690037,-0.04589768,1.04589768,10.01802413
16100,0.75097865,0.75097865,10,0.63212056,0.11990223,nan,0.18501871,0,0,0,0.26483762,0.01829357,1.68690658,1.78104424,0.08656702,2.62281847,0.38268572,0.11896993,0.88103007,7.92274415
16200,0.33744913,0.33744913,14,0.75340304,0.10872209,nan,0.28856259,0,0,0,0.28831398,0.01956060,0.58694619,0.61658806,0.08303520,2.35061908,0.44656765,-0.07304506,1.07304506,4.73887936
16300,0.51581371,0.51581371,100,0.99995460,0.51572004,nan,0.34503804,0,0,0,0.27800256,0.01701056,1.17370760,1.22792518,0.25200889,2.43059254,0.32545862,-0.08843369,1.08843369,5.24702444
16400,0.14699937,0.14699937,21,0.87754357,0.08717466,nan,0.33472122,0,0,0,0.33214661,0.02531833,0.31428507,0.32868317,0.06951729,2.45630550,0.59293890,0.09489990,0.90510010,2.54988927
16500,0.55764914,0.55764914,4,0.32967995,0.00658766,nan,0.33832418,0,0,0,0.21595125,0.02699048,0.54267365,0.53921765,0.60142475,1.97477531,0.88609672,-0.08610372,1.08610372,2.86482000
16600,0.58843189,0.58843189,59,0.99726056,0.58201044,nan,0.31392318,0,0,0,0.14792579,0.00866059,0.29606995,0.30606988,0.12607104,1.40838242,0.23054446,0.13908260,0.86091740,0.79754372
16700,0.28649554,0.28649554,21,0.87754357,0.16989970,nan,0.22207753,0,0,0,0.10943196,0.01824664,0.35374343,0.37455150,0.00000623,1.44059086,0.68527061,-0.01671333,1.01671333,-1.19804459
16800,0.25503701,0.25503701,6,0.45118836,0.01056902,nan,0.16295162,0,0,0,0.08070168,0.01795937,0.20794402,0.21866122,0.02575179,1.02832568,0.55943137,0.01440407,0.98559593,-0.04456377
16900,0.31713158,0.31713158,84,0.99977513,0.31684643,nan,0.10369067,0,0,0,0.11914314,0.01620717,0.26837006,0.28415656,0.00000052,1.63964951,0.60570008,0.02589842,0.97410158,-2.15273023
17000,0.23821682,0.23821682,96,0.99993227,0.23815229,nan,0.05037513,0,0,0,0.33300987,0.01151668,0.46610254,0.49155813,0.03335702,5.06349897,0.26516128,-0.09669907,1.09669907,6.91080427
17100,0.46345356,0.46345356,67,0.99876909,0.46117589,nan,0.29139367,0,0,0,0.26809043,0.01513231,0.53325343,0.54938334,0.25904429,2.86203766,0.26982343,0.08025739,0.91974261,5.33861987
17200,1.05710745,1.05710745,4,0.32967995,0.01248790,nan,0.31086148,0,0,0,0.15763599,0.01858313,1.42361069,1.48112071,0.44594094,1.42338860,0.39405715,-0.11382514,1.11382514,6.58867371
17300,0.18000555,0.18000555,85,0.99979653,0.17985909,nan,0.30205858,0,0,0,0.27147609,0.01574802,0.27279773,0.27555960,0.22584637,2.26716089,0.41263595,-0.00844791,1.00844791,1.71979997
17400,0.40478629,0.40478629,26,0.92572642,0.29727366,nan,0.22899759,0,0,0,0.21395653,0.01981290,0.08616247,0.08354546,0.13065162,1.67830229,0.61570984,0.01331210,0.98668790,2.48111558
17500,0.75375551,0.75375551,64,0.99833844,0.74875835,nan,0.30094745,0,0,0,0.17014472,0.02037727,0.84641874,0.89483589,0.02332752,1.89804101,0.49016699,-0.02330675,1.02330675,5.98671722
17600,0.23304656,0.23304656,23,0.89974116,0.15272602,nan,0.23831822,0,0,0,0.14635164,0.01659794,0.38904515,0.41187593,0.00092209,1.66631544,0.59406674,-0.03914308,1.03914308,-1.77164563
17700,0.44218433,0.44218433,38,0.97762923,0.40392437,nan,0.14133902,0,0,0,0.10099141,0.02148736,0.40433699,0.42619678,0.03272013,1.30919909,0.55004543,0.01714828,0.98285172,0.83617647
17800,0.14465427,0.14465427,126,0.99999663,0.14465232,nan,0.05667066,0,0,0,0.12732366,0.00803715,0.21746390,0.23021120,0.00075941,1.57702482,0.30244207,0.08763546,0.91236454,-3.51389337
17900,0.18170591,0.18170591,116,0.99999083,0.18169924,nan,0.02024850,0,0,0,0.15067892,0.01094072,0.30951753,0.32703787,0.01167167,1.64147758,0.19798021,-0.06817279,1.06817279,-1.93090061
18000,0.08012351,0.08012351,74,0.99938875,0.07992779,nan,0.00000000,0,0,0,0.37763184,0.01221267,0.11027792,0.11466211,0.03574659,5.30460453,0.30582842,-0.04730190,1.04730190,6.10210586
18100,0.16966110,0.16966110,61,0.99775713,0.16814411,nan,0.19800912,0,0,0,0.16991113,0.01688208,0.38335642,0.40239048,0.05977736,1.59172273,0.31513241,0.00748295,0.99251705,-1.22313074
18200,0.58831525,0.58831525,5,0.39346934,0.01410112,nan,0.13316499,0,0,0,0.18110883,0.01816908,0.73830521,0.77776051,0.06756414,1.61215413,0.38649747,0.14786381,0.85213619,4.12408360
18300,0.46011809,0.46011809,15,0.77686984,0.16759550,nan,0.05002106,0,0,0,0.19749004,0.01203525,0.78162056,0.82759821,0.00000049,1.56302273,0.48487344,0.04640017,0.95359983,1.09736398
18400,0.19379608,0.19379608,42,0.98500442,0.18243061,nan,0.00000000,0,0,0,0.14726305,0.01285748,0.28148597,0.29787752,0.00283015,1.79943025,0.35418135,-0.03362046,1.03362046,-2.73477093
18500,0.23038650,0.23038650,78,0.99959027,0.23000914,nan,0.00000000,0,0,0,0.09589640,0.01988762,0.74422264,0.78788042,0.00204037,1.26751161,0.54830194,0.10834139,0.89165861,-1.85853606
18600,0.19646147,0.19646147,91,0.99988833,0.19637373,nan,0.00000000,0,0,0,0.12566023,0.00965981,0.11594190,0.12240720,0.00603179,1.05222881,0.12871896,0.03922569,0.96077431,-5.17373955
18700,1.19377184,1.19377184,15,0.77686984,0.43482487,nan,0.00000000,0,0,0,0.10846402,0.01501304,0.47539139,0.50110626,0.03823827,1.40997458,0.42373672,-0.04027213,1.04027213,7.29561722
18800,0.48281807,0.48281807,100,0.99995460,0.48273039,nan,0.00000000,0,0,0,0.12985249,0.01618750,0.19538563,0.20570892,0.01988958,1.28009033,0.25381285,0.02724276,0.97275724,-0.99803057
18900,0.56705678,0.56705678,51,0.99390325,0.55335392,nan,0.00000000,0,0,0,0.14521483,0.01451851,0.22401905,0.23713000,0.00113305,1.69730568,0.36540675,0.03548554,0.96451446,2.72372019
19000,0.10309229,0.10309229,129,0.99999750,0.10309126,nan,0.00000000,0,0,0,0.34780499,0.01607618,0.37730408,0.39819539,0.02215181,4.73691463,0.35121742,-0.17912561,1.17912561,4.97310257
19100,0.32161677,0.32161677,22,0.88919684,0.20106215,nan,0.09062564,0,0,0,0.32210600,0.02036251,0.99621052,1.05456448,0.00419119,3.47090268,0.34182584,0.17054300,0.82945700,5.83612056
19200,0.40366215,0.40366215,46,0.98994816,0.38767504,nan,0.00905318,0,0,0,0.21608444,0.01510166,0.90018296,0.95115024,0.03373880,1.88532209,0.34530813,0.02217822,0.97782178,4.23099327
19300,0.13341300,0.13341300,12,0.69880579,0.03181443,nan,0.03125640,0,0,0,0.20033877,0.02093382,0.12418429,0.13137646,0.00191745,2.20127892,0.72853881,0.03997608,0.96002392,-0.73087385
19400,0.20781197,0.20781197,26,0.92572642,0.15261639,nan,0.00000000,0,0,0,0.16646521,0.03740977,0.41450334,0.43858585,0.00510061,2.38408709,1.39518607,0.03478360,0.96521640,2.00059441
19500,0.46767330,0.46767330,46,0.98994816,0.44915103,nan,0.00000000,0,0,0,0.11218497,0.01318785,0.34286523,0.36287925,0.00262715,1.72412980,0.50497055,0.02402691,0.97597309,-0.55127452
19600,0.46135500,0.46135500,34,0.96662673,0.40278235,nan,0.00000000,0,0,0,0.12387366,0.01837794,0.26352718,0.27841878,0.01037001,1.08788431,0.41837120,0.02442256,0.97557744,-0.29629752
19700,0.55315441,0.55315441,47,0.99090472,0.53330293,nan,0.00000000,0,0,0,0.10104575,0.01724575,0.94016963,0.99214005,0.05667177,1.23589742,0.37099150,0.09807424,0.90192576,-0.03596059
19800,0.78664142,0.78664142,14,0.75340304,0.25344649,nan,0.00000000,0,0,0,0.20374836,0.02217874,1.70071542,1.80009305,0.01129452,1.88530862,0.63736933,-0.02352753,1.02352753,6.80673917
19900,0.21726343,0.21726343,70,0.99908812,0.21647204,nan,0.00000000,0,0,0,0.11084368,0.01298095,0.45100176,0.47747579,0.00094265,1.53758764,0.31743237,0.08907627,0.91092373,-3.31261787
20000,0.26993078,0.26993078,110,0.99998330,0.26991275,nan,0.00000000,0,0,0,0.39347792,0.02725271,1.30527449,1.37416399,0.13415352,5.76804352,0.68896043,-0.06048945,1.06048945,8.24738010
20100,0.56542134,0.56542134,32,0.95923780,0.47871532,nan,0.10060558,0,0,0,0.26043454,0.02248028,2.22584629,2.34505630,0.19927531,2.33539152,0.44894499,-0.16688946,1.16688946,6.96173112
20200,0.58920795,0.58920795,13,0.72746821,0.16501547,nan,0.07705514,0,0,0,0.22026156,0.02408628,0.52666831,0.54693884,0.18206862,1.35152888,0.29374164,0.18873809,0.81126191,4.69555502
20300,0.25209612,0.25209612,20,0.86466472,0.14091496,nan,0.12027863,0,0,0,0.13779815,0.01352120,0.10707369,0.11111647,0.03834639,1.34484839,0.32690775,-0.07475504,1.07475504,-2.44365197
20400,0.56437784,0.56437784,51,0.99390325,0.55073973,nan,0.07089601,0,0,0,0.10111526,0.01106566,0.31298816,0.32987812,0.02585881,1.06968367,0.25063530,-0.00393156,1.00393156,0.96186143
20500,1.33483839,1.33483839,24,0.90928205,0.91247958,nan,0.04661980,0,0,0,0.14002521,0.03319234,0.67409182,0.70710164,0.11292514,1.62512851,1.09720910,-0.08476944,1.08476944,26.03312620
20600,0.75171167,0.75171167,134,0.99999848,0.75170711,nan,0.00000000,0,0,0,0.11074319,0.01407014,1.37566602,1.45276761,0.06493701,1.13072383,0.17252177,-0.09467504,1.09467504,3.23810410
20700,0.19951318,0.19951318,18,0.83470111,0.09684909,nan,0.00000000,0,0,0,0.13421668,0.01983149,0.43659359,0.46194795,0.00556957,1.45367324,0.54652572,-0.08374011,1.08374011,-0.44361353
20800,0.25687346,0.25687346,69,0.99899221,0.25583953,nan,0.00000000,0,0,0,0.13155097,0.01006468,0.34340310,0.36357591,0.00046588,1.27307570,0.35744953,0.04730934,0.95269066,-3.54344100
20900,0.12154848,0.12154848,23,0.89974116,0.07965625,nan,0.00000000,0,0,0,0.08201234,0.01619586,0.08776210,0.09192368,0.01701518,0.88974845,0.32861716,0.03450523,0.96549477,-7.41446400
21000,1.48430288,1.48430288,49,0.99255342,1.44058233,nan,0.03540336,0,0,0,0.28452551,0.01465736,1.09383619,1.04933965,1.85027683,3.31080580,0.28126347,-0.01237739,1.01237739,16.43725618
21100,0.11195143,0.11195143,107,0.99997746,0.11194134,nan,0.06766392,0,0,0,0.35699198,0.01561533,0.28285491,0.29511440,0.07444376,3.60861635,0.29259336,-0.08695964,1.08695964,3.80086917
21200,0.14678487,0.14678487,62,0.99797057,0.14559694,nan,0.05990533,0,0,0,0.21930331,0.01076651,0.21074763,0.22284852,0.00503276,2.39302254,0.39925933,0.02675798,0.97324202,1.00539848
21300,0.87027907,0.87027907,63,0.99816370,0.86390427,nan,0.12012916,0,0,0,0.20468384,0.03361629,1.56368458,1.64765787,0.13613889,1.67140520,0.47623444,0.01687563,0.98312437,10.92752647
21400,0.11896873,0.11896873,70,0.99908812,0.11853538,nan,0.20617995,0,0,0,0.18112658,0.01279079,0.10102820,0.10675359,0.00369646,2.31768346,0.32732025,0.01466163,0.98533837,-0.51360768
21500,0.08241497,0.08241497,153,0.99999977,0.08241490,nan,0.00000000,0,0,0,0.09189209,0.00701100,0.10869036,0.11424749,0.01421913,1.02880085,0.10879114,0.16378480,0.83621520,-8.06495094
21600,0.16519785,0.16519785,132,0.99999815,0.16519663,nan,0.00000000,0,0,0,0.06655087,0.01543482,0.09372980,0.09908196,0.00274300,0.87497526,0.37084335,-0.10652064,1.10652064,-7.20773582
21700,0.09551900,0.09551900,30,0.95021293,0.07787060,nan,0.00185994,0,0,0,0.10989831,0.01034654,0.13188607,0.13961454,0.00050202,1.70185125,0.46991792,0.05421782,0.94578218,-4.10117928
21800,0.22924741,0.22924741,211,1.00000000,0.22924741,nan,0.00000000,0,0,0,0.06467406,0.01109256,0.12968771,0.13589601,0.02414647,0.78455228,0.20305988,-0.07815814,1.07815814,-6.58959913
21900,0.38483447,0.38483447,117,0.99999171,0.38482170,nan,0.00000000,0,0,0,0.09970926,0.01260297,0.23238188,0.24534649,0.01198356,1.13741982,0.34376970,0.00776830,0.99223170,-0.99322343
22000,0.80978596,0.80978596,175,0.99999997,0.80978588,nan,0.00000000,0,0,0,0.24615709,0.01286136,1.07109559,1.09371471,0.68656766,3.00140023,0.18336368,-0.07237662,1.07237662,9.77114725
22100,0.10021093,0.10021093,90,0.99987659,0.10016148,nan,0.00000000,0,0,0,0.11580912,0.01078482,0.16656777,0.17452285,0.03133155,1.38472116,0.22462797,0.02627352,0.97372648,-4.62931641
22200,1.27103674,1.27103674,166,0.99999994,1.27103643,nan,0.00000000,0,0,0,0.11064221,0.00635193,1.10171914,1.16615641,0.00628477,1.15354383,0.19125372,-0.05296183,1.05296183,5.95563517
22300,0.96288300,0.96288300,15,0.77686984,0.35072487,nan,0.18226604,0,0,0,0.16443813,0.02380208,1.18993521,1.25967038,0.00443684,1.56067610,0.44910568,0.04378370,0.95621630,7.34486914
22400,1.94048166,1.94048166,88,0.99984927,1.93931195,nan,0.22329383,0,0,0,0.15386680,0.02036358,0.89664418,0.81003469,2.36900520,1.74747515,0.61126393,-0.04015103,1.04015103,20.34103298
22500,0.65199339,0.65199339,13,0.72746821,0.18259937,nan,0.33249745,0,0,0,0.26396626,0.02992060,1.00759482,1.06664050,0.00381736,2.69635296,0.91321254,-0.13336177,1.13336177,5.51104116
22600,0.12367961,0.12367961,84,0.99977513,0.12356840,nan,0.20553571,0,0,0,0.11714617,0.01384262,0.08140924,0.08572645,0.00801663,1.60695493,0.36264113,-0.03474357,1.03474357,-4.59531832
22700,0.59988093,0.59988093,35,0.96980262,0.53063814,nan,0.07679121,0,0,0,0.09853354,0.01096993,0.58188391,0.61608434,0.00047665,1.28285515,0.24712621,-0.12622678,1.12622678,0.48293245
22800,0.27247858,0.27247858,141,0.99999925,0.27247776,nan,0.11829374,0,0,0,0.10827661,0.01440563,0.29873052,0.31620455,0.00167209,1.27357376,0.24106023,-0.01387860,1.01387860,-3.96207488
22900,0.74327612,0.74327612,38,0.97762923,0.67896422,nan,0.00000000,0,0,0,0.07547728,0.01417315,0.31363320,0.33190137,0.00307416,1.19793320,0.52822948,0.02945103,0.97054897,1.64401968
23000,0.14689618,0.14689618,84,0.99977513,0.14676410,nan,0.00000000,0,0,0,0.31089115,0.01210141,0.17119718,0.17319573,0.13722174,3.69698286,0.37790522,-0.11865821,1.11865821,3.54787874
23100,0.98419338,0.98419338,55,0.99591323,0.96820305,nan,0.27226274,0,0,0,0.20383435,0.02221908,4.74203920,4.99270201,0.48077318,2.20092249,0.59243369,-0.24621430,1.24621430,12.22623539
23200,0.42981070,0.42981070,5,0.39346934,0.01030198,nan,0.23077520,0,0,0,0.22908871,0.01237859,0.69889766,0.73903137,0.01662458,1.79310095,0.24647607,0.03662773,0.96337227,1.75547168
23300,0.33153594,0.33153594,73,0.99932446,0.33064098,nan,0.16102085,0,0,0,0.07987679,0.00742744,0.26702607,0.28183410,0.01528916,0.92999333,0.11561562,0.08403305,0.91596695,-5.65990272
23400,0.90045846,0.90045846,61,0.99775713,0.89240716,nan,0.09816800,0,0,0,0.11200276,0.01986688,0.62457305,0.66129941,0.00022563,1.06843233,0.32784712,-0.05104637,1.05104637,nan
23500,0.14392990,0.14392990,139,0.99999908,0.14392937,nan,0.06045922,0,0,0,0.05998300,0.01128143,0.08366512,0.08840059,0.00316201,0.73484826,0.23126537,-0.05183828,1.05183828,-9.18301499
23600,0.32840955,0.32840955,58,0.99697245,0.32445047,nan,0.00000000,0,0,0,0.08897267,0.01999527,0.29510140,0.31102422,0.02441349,0.81271666,0.28672442,0.06870240,0.93129760,-3.24697089
23700,1.55043328,1.55043328,115,0.99998987,1.55037045,nan,0.00000000,0,0,0,0.12794523,0.00938970,1.63342988,1.72947347,0.00068776,1.42766356,0.16765568,-0.00052936,1.00052936,10.93367004
23800,0.90876007,0.90876007,86,0.99981589,0.90809102,nan,0.00000000,0,0,0,0.10747860,0.01158738,0.36828411,0.38885882,0.01851359,0.84466815,0.30066383,-0.01922735,1.01922735,2.76565355
23900,0.16288099,0.16288099,96,0.99993227,0.16283686,nan,0.00000000,0,0,0,0.08958953,0.01379786,0.14065392,0.14841604,0.00869776,1.53555357,0.58362216,0.05143011,0.94856989,-5.09012958
24000,0.21477664,0.21477664,229,1.00000000,0.21477664,nan,0.00000000,0,0,0,0.29928321,0.01333877,0.16541368,0.15913698,0.27211726,3.79598069,0.30266464,0.12052825,0.87947175,4.55090523
24100,0.16397554,0.16397554,70,0.99908812,0.16337825,nan,0.09914250,0,0,0,0.23497047,0.01362657,0.56381941,0.59641969,0.00961531,2.62254620,0.18086042,-0.04456010,1.04456010,1.89359846
24200,0.10169879,0.10169879,116,0.99999083,0.10169506,nan,0.14209929,0,0,0,0.14155030,0.01367062,0.17380227,0.18399379,0.00054630,1.41404951,0.22612970,-0.02948266,1.02948266,-3.46477205
24300,1.95939195,1.95939195,239,1.00000000,1.95939195,nan,0.03225733,0,0,0,0.08999405,0.01401008,0.45143789,0.47654882,0.02455243,1.09086227,0.51467872,-0.00137516,1.00137516,15.29635468
24400,0.22644125,0.22644125,115,0.99998987,0.22643207,nan,0.02407241,0,0,0,0.09601898,0.01495705,0.12297714,0.12879914,0.02400313,1.22539759,0.36837074,0.01326602,0.98673398,-5.30456940
24500,1.19972658,1.19972658,48,0.99177025,1.16071766,nan,0.00000000,0,0,0,0.07576553,0.01537812,3.19185901,3.37944078,0.00296590,0.97495162,0.32920593,-0.10776048,1.10776048,11.28684330
24600,0.68905205,0.68905205,172,0.99999997,0.68905195,nan,0.00000000,0,0,0,0.13074373,0.01585277,0.56898475,0.59543759,0.11928661,1.11580229,0.22386377,0.21397688,0.78602312,2.84920430
24700,0.07906428,0.07906428,160,0.99999989,0.07906424,nan,0.00000000,0,0,0,0.08405843,0.01007802,0.07128543,0.07541194,0.00113484,0.77836442,0.17162907,-0.02792969,1.02792969,-8.74866247
24800,0.44450390,0.44450390,180,0.99999998,0.44450388,nan,0.00000000,0,0,0,0.08149442,0.00907252,0.21135281,0.22245580,0.02260214,0.83731610,0.13275862,0.01500407,0.98499593,-5.13664236
24900,0.16549382,0.16549382,51,0.99390325,0.16149468,nan,0.00000000,0,0,0,0.06976023,0.01411700,0.02033242,0.02118181,0.00589277,0.89575088,0.29255661,-0.02191431,1.02191431,-7.76843872
25000,0.15605336,0.15605336,65,0.99849656,0.15511701,nan,0.00000000,0,0,0,0.29177177,0.00995234,0.37237513,0.39232165,0.03328373,3.20894909,0.24359979,0.01020550,0.98979450,3.87596977
25100,0.07357255,0.07357255,166,0.99999994,0.07357253,nan,0.00000000,0,0,0,0.09721318,0.01420192,0.05007364,0.05301192,0.00012301,1.05066776,0.28449386,-0.00097078,1.00097078,-6.92734480
25200,0.93736321,0.93736321,79,0.99962926,0.93597389,nan,0.00000000,0,0,0,0.08235955,0.00820894,0.40410933,0.42759201,0.00490365,0.76267719,0.21023741,0.01622817,0.98377183,-0.34413562
25300,0.21425678,0.21425678,143,0.99999938,0.21425625,nan,0.00000000,0,0,0,0.07990165,0.01124295,0.12735735,0.13479109,0.00098384,0.90787292,0.21455933,-0.04651191,1.04651191,-7.06777372
25400,1.23321044,1.23321044,59,0.99726056,1.21975262,nan,0.00000000,0,0,0,0.10808875,0.01632710,1.32055092,1.39815950,0.00120310,0.96782899,0.27549860,0.01209208,0.98790792,7.31917890
25500,0.08591072,0.08591072,148,0.99999963,0.08591059,nan,0.00000000,0,0,0,0.07829988,0.00967273,0.04242684,0.04480308,0.00203078,0.89719272,0.17719100,-0.02270120,1.02270120,-7.70534027
25600,0.20150563,0.20150563,114,0.99998880,0.20149661,nan,0.00000000,0,0,0,0.07777444,0.01477174,0.11787946,0.12460464,0.00355120,0.91414249,0.32533172,-0.06580192,1.06580192,-6.32281122
25700,0.13746183,0.13746183,65,0.99849656,0.13663703,nan,0.00000000,0,0,0,0.14037620,0.01856501,0.11986616,0.12641592,0.00851999,1.94139242,0.45512840,0.05921838,0.94078162,-3.04281859
25800,0.49656990,0.49656990,59,0.99726056,0.49115092,nan,0.00000000,0,0,0,0.12458473,0.01431051,0.16360795,0.16780332,0.09228665,1.32959795,0.36184776,0.00881683,0.99118317,-1.86784196
25900,0.54558474,0.54558474,129,0.99999750,0.54557929,nan,0.00000000,0,0,0,0.09275511,0.01581477,0.55881339,0.59168255,0.00003714,1.23220980,0.52098918,0.05149652,0.94850348,-0.76854034
26000,0.28158185,0.28158185,227,1.00000000,0.28158185,nan,0.00000000,0,0,0,0.42355838,0.00927704,0.39262739,0.41245830,0.05550178,5.32530785,0.13927579,-0.04044410,1.04044410,8.77718914
26100,0.68921876,0.68921876,50,0.99326205,0.67082998,nan,0.00000000,0,0,0,0.24195474,0.01047069,0.67753506,0.71467322,0.04618643,2.30871916,0.25031534,0.01735220,0.98264780,7.52780024
26200,0.22271316,0.22271316,6,0.45118836,0.00922948,nan,0.05346378,0,0,0,0.16861789,0.01344856,0.32274741,0.34150416,0.00388279,1.33531046,0.35028803,-0.05931515,1.05931515,-2.40758942
26300,0.75479996,0.75479996,115,0.99998987,0.75476938,nan,0.01243642,0,0,0,0.20761684,0.01655046,1.93307114,2.04485822,0.03268685,1.73026979,0.33121285,-0.03970813,1.03970813,6.01274037
26400,0.30727431,0.30727431,21,0.87754357,0.18222209,nan,0.00000000,0,0,0,0.07656700,0.01524103,0.46933991,0.49344939,0.05947881,1.50252104,0.85334164,0.05457177,0.94542823,-5.82456303
26500,0.34074858,0.34074858,101,0.99995892,0.34069259,nan,0.00000000,0,0,0,0.08533283,0.01162376,0.16273046,0.17229123,0.00019722,1.36357832,0.45917511,0.02131962,0.97868038,-2.92388225
26600,0.33092844,0.33092844,108,0.99997960,0.33090144,nan,0.00000000,0,0,0,0.10191061,0.00872436,0.26162735,0.27658093,0.00741692,1.16287911,0.19115713,-0.15512317,1.15512317,-2.82260883
26700,0.38995826,0.38995826,194,1.00000000,0.38995826,nan,0.00000000,0,0,0,0.11688609,0.01768139,0.69355804,0.73425394,0.00172878,1.20759964,0.43305048,-0.00288512,1.00288512,1.66424459
26800,0.61560583,0.61560583,177,0.99999998,0.61560578,nan,0.00000000,0,0,0,0.10763694,0.00893543,0.92498821,0.97889721,0.00853527,0.90279675,0.25139889,-0.06037247,1.06037247,-4.40303636
26900,0.90291214,0.90291214,18,0.83470111,0.43829797,nan,0.00000000,0,0,0,0.09205768,0.01165840,0.58552945,0.61993468,0.00063993,1.02016604,0.33677122,0.02269200,0.97730800,1.36613643
27000,0.22445454,0.22445454,144,0.99999944,0.22445404,nan,0.00000000,0,0,0,0.26487112,0.02228257,0.61807412,0.65288532,0.02628367,2.68523741,0.61542976,-0.06828990,1.06828990,3.56309373
27100,0.38650778,0.38650778,21,0.87754357,0.22920970,nan,0.25063371,0,0,0,0.25832039,0.02240501,0.88452768,0.93369251,0.04872435,2.08415246,0.36138073,0.00271959,0.99728041,3.74655223
27200,0.19686183,0.19686183,92,0.99989896,0.19678228,nan,0.06400954,0,0,0,0.07784219,0.01230529,0.04504312,0.04765353,0.00066623,0.81434965,0.24513462,-0.08101905,1.08101905,-6.00234747
27300,0.18589121,0.18589121,205,1.00000000,0.18589121,nan,0.00000000,0,0,0,0.14262047,0.01547464,0.26794603,0.28219768,0.02566805,1.89912367,0.41641822,0.02493463,0.97506537,-1.53309988
27400,0.72006017,0.72006017,192,1.00000000,0.72006016,nan,0.00000000,0,0,0,0.08733365,0.01402420,0.26284224,0.27798700,0.00538118,1.09183776,0.36486802,-0.00141425,1.00141425,2.82435282
27500,1.28456688,1.28456688,21,0.87754357,0.76178335,nan,0.00000000,0,0,0,0.08704740,0.02456941,2.26154256,2.38946247,0.08690824,1.09115565,0.53665006,0.10102876,0.89897124,7.82728887
27600,0.63355994,0.63355994,100,0.99995460,0.63344490,nan,0.01220834,0,0,0,0.13695376,0.02113495,1.03066230,1.09128952,0.00000023,1.50309229,0.23862348,-0.04430159,1.04430159,4.40005461
27700,0.81506348,0.81506348,81,0.99969646,0.81407431,nan,0.00000000,0,0,0,0.11650631,0.01895653,0.22444201,0.22484788,0.21754235,1.32426405,0.45194170,0.01441595,0.98558405,2.33811808
27800,0.34711456,0.34711456,77,0.99954717,0.34648626,nan,0.00000000,0,0,0,0.11455736,0.01135029,0.20864791,0.22006057,0.01463302,1.14465225,0.26204607,0.11240071,0.88759929,-3.77212203
27900,0.05491671,0.05491671,48,0.99177025,0.05313111,nan,0.00000000,0,0,0,0.13875902,0.01324574,0.13451169,0.14235388,0.00119469,1.82818007,0.29027754,0.11812855,0.88187145,-3.58599281
28000,0.22058161,0.22058161,362,1.00000000,0.22058161,nan,0.00000000,0,0,0,0.38460538,0.01376183,0.46998942,0.49364135,0.06790685,4.44413280,0.39544731,-0.13879186,1.13879186,6.47969516
28100,1.01934469,1.01934469,98,0.99994455,1.01911861,nan,0.12367971,0,0,0,0.14049563,0.02859974,0.57474393,0.60471308,0.06526756,1.50222838,0.69143003,0.05128017,0.94871983,9.84917212
28200,0.14545013,0.14545013,243,1.00000000,0.14545013,nan,0.00466476,0,0,0,0.10688940,0.00804519,0.16765639,0.17728052,0.00404641,1.30128992,0.16302648,0.16704749,0.83295251,-5.13334429
28300,0.21879368,0.21879368,142,0.99999932,0.21879308,nan,0.00000000,0,0,0,0.10827341,0.00861968,0.22246535,0.23481326,0.01255076,1.37500715,0.36678123,0.04681399,0.95318601,-4.67650104
28400,0.41500184,0.41500184,147,0.99999959,0.41500115,nan,0.00000000,0,0,0,0.08053423,0.01273059,0.12407634,0.12952520,0.03144589,0.98898357,0.42026624,0.18740944,0.81259056,-2.77720189
28500,0.46968567,0.46968567,345,1.00000000,0.46968567,nan,0.00000000,0,0,0,0.15124859,0.01965649,0.27532575,0.29079065,0.01242257,0.95752692,0.32296324,0.02216995,0.97783005,0.72889042
28600,0.59048486,0.59048486,112,0.99998633,0.59045256,nan,0.00000000,0,0,0,0.10031249,0.01666337,1.30754495,1.38442016,0.00066555,1.19429779,0.47554031,0.04821165,0.95178835,0.04428744
28700,0.12437730,0.12437730,83,0.99975148,0.12425371,nan,0.00000000,0,0,0,0.07780354,0.01495166,0.23054788,0.24402151,0.00149662,1.03579330,0.40184864,-0.02764403,1.02764403,-6.10456377
28800,0.45530897,0.45530897,187,0.99999999,0.45530896,nan,0.00000000,0,0,0,0.11998925,0.00987331,0.39814937,0.42099965,0.00969504,1.16518807,0.24250348,-0.01282227,1.01282227,-2.19266994
28900,0.24347107,0.24347107,89,0.99986361,0.24333827,nan,0.00000000,0,0,0,0.19924422,0.01315054,0.36249647,0.38337696,0.00752778,1.71980083,0.45212936,-0.04604058,1.04604058,-1.34832840
29000,0.05457223,0.05457223,232,1.00000000,0.05457223,nan,0.00000000,0,0,0,0.41809383,0.01369730,0.26001728,0.27506298,0.00424001,4.67325783,0.42799199,0.00970604,0.99029396,5.58379567
29100,0.19903448,0.19903448,135,0.99999863,0.19903339,nan,0.07990392,0,0,0,0.10587348,0.00899641,0.31437546,0.33284983,0.00031081,1.03577888,0.19458069,-0.04217320,1.04217320,-5.51117961
29200,0.51728022,0.51728022,233,1.00000000,0.51728022,nan,0.00000000,0,0,0,0.11438729,0.01138481,0.34435377,0.36092570,0.06263079,1.07488143,0.13732038,0.16032168,0.83967832,-2.06801653
29300,0.50152373,0.50152373,255,1.00000000,0.50152373,nan,0.00000000,0,0,0,0.13404803,0.01034460,0.22734663,0.24071658,0.00005764,1.05456305,0.19749369,-0.05472022,1.05472022,-2.22705388
29400,1.31670606,1.31670606,100,0.99995460,1.31646696,nan,0.00000000,0,0,0,0.07744315,0.01426544,1.62929344,1.72210944,0.05142287,0.95209956,0.45730379,-0.13334518,1.13334518,4.42093102
29500,0.44145152,0.44145152,281,1.00000000,0.44145152,nan,0.00000000,0,0,0,0.12040786,0.01037845,0.24951881,0.26411802,0.00133229,1.53030336,0.24608159,0.18777314,0.81222686,-2.32697165
29600,0.57163811,0.57163811,132,0.99999815,0.57163388,nan,0.00000000,0,0,0,0.15877859,0.01402274,0.51231933,0.54238898,0.00113498,1.11485004,0.34155834,0.01965695,0.98034305,1.12296124
29700,0.46140754,0.46140754,145,0.99999950,0.46140661,nan,0.00000000,0,0,0,0.07729433,0.01027396,0.20952976,0.22162750,0.00386803,1.03125727,0.21439666,-0.00130946,1.00130946,-3.25535503
29800,0.51081347,0.51081347,30,0.95021293,0.41643391,nan,0.00000000,0,0,0,0.08067410,0.01439706,0.38749468,0.41010973,0.00303928,1.18591356,0.55106509,-0.06907394,1.06907394,-0.60155439
29900,0.11354666,0.11354666,155,0.99999981,0.11354658,nan,0.00000000,0,0,0,0.11338479,0.00880151,0.02858090,0.03026162,0.00000854,1.53290188,0.28328311,0.00341074,0.99658926,-4.76632587
30000,0.12077859,0.12077859,170,0.99999996,0.12077857,nan,0.00000000,0,0,0,0.45734799,0.01102468,0.63468766,0.66762817,0.07469880,5.59839058,0.37448633,-0.09335984,1.09335984,7.69279448
30100,0.91651416,0.91651416,176,0.99999998,0.91651407,nan,0.00000000,0,0,0,0.06738974,0.00826518,1.29233789,1.36599815,0.04011483,0.79667461,0.20817089,-0.07311134,1.07311134,3.06162969
30200,0.31174698,0.31174698,325,1.00000000,0.31174698,nan,0.00000000,0,0,0,0.10794191,0.01122685,0.17621109,0.18462105,0.03324202,1.36446631,0.28516129,0.06288028,0.93711972,-3.25483761
30300,0.14583448,0.14583448,91,0.99988833,0.14576935,nan,0.00000000,0,0,0,0.06822926,0.01361103,0.14938463,0.15815482,0.00029140,0.76132882,0.34141174,0.08825667,0.91174333,-5.99357077
30400,0.29778382,0.29778382,54,0.99548342,0.29244030,nan,0.00000000,0,0,0,0.08187844,0.01305223,0.06891412,0.06920899,0.06390145,1.15164220,0.32568789,-0.02318803,1.02318803,-4.57231610
30500,0.44221649,0.44221649,147,0.99999959,0.44221576,nan,0.00000000,0,0,0,0.18136972,0.00902364,0.55267102,0.58495581,0.00382869,1.65562820,0.20861210,0.16441556,0.83558444,0.26195900
30600,0.30543768,0.30543768,39,0.97975809,0.28144792,nan,0.00000000,0,0,0,0.06840780,0.01031488,0.14471489,0.15220867,0.01732081,0.61013085,0.13543332,-0.15379697,1.15379697,-8.73001830
30700,0.17562185,0.17562185,212,1.00000000,0.17562185,nan,0.00000000,0,0,0,0.10055709,0.01005457,0.16098592,0.17041537,0.00068526,1.04599786,0.18955748,-0.01892706,1.01892706,-5.66636074
30800,0.87916327,0.87916327,73,0.99932446,0.87679004,nan,0.00000000,0,0,0,0.07850468,0.01467292,0.94791383,0.99793839,0.09749613,0.90874302,0.32657251,-0.11580757,1.11580757,2.95755291
30900,0.25819430,0.25819430,45,0.98889100,0.24691095,nan,0.00000000,0,0,0,0.10531352,0.00910091,0.15966420,0.16725647,0.03059553,0.86542422,0.21612446,0.18935276,0.81064724,-5.61865127
31000,0.24210654,0.24210654,204,1.00000000,0.24210654,nan,0.07478706,0,0,0,0.38662937,0.01156448,0.50295627,0.51701474,0.26396289,4.44536018,0.21047132,0.07052773,0.92947227,7.17132330
31100,0.19362076,0.19362076,145,0.99999950,0.19362037,nan,0.00000000,0,0,0,0.17707597,0.01098332,0.10515155,0.11127364,0.00107599,1.31005812,0.28521094,-0.07289237,1.07289237,-2.82551996
31200,0.27069435,0.27069435,213,1.00000000,0.27069434,nan,0.00000000,0,0,0,0.17196873,0.01187034,0.28263596,0.29855385,0.01203206,1.41490102,0.43607685,-0.09589691,1.09589691,-3.49216890
31300,0.32376477,0.32376477,107,0.99997746,0.32373558,nan,0.00000000,0,0,0,0.08378949,0.01343867,0.18745297,0.19794017,0.00917057,1.09172285,0.31241867,-0.06250335,1.06250335,-4.47443724
31400,0.55421692,0.55421692,148,0.99999963,0.55421609,nan,0.05146586,0,0,0,0.22233605,0.01490616,0.42156327,0.44468084,0.02856462,1.40158701,0.32635313,0.07396775,0.92603225,1.35782602
31500,0.61562812,0.61562812,25,0.91791500,0.43704718,nan,0.00000000,0,0,0,0.06759260,0.01265128,0.12015125,0.12349979,0.06322625,0.81548059,0.31074053,-0.05719507,1.05719507,-2.58642071
31600,0.13954157,0.13954157,109,0.99998154,0.13953126,nan,0.00000000,0,0,0,0.07829302,0.01088678,0.08308455,0.08749215,0.00815545,0.79716992,0.20821275,0.05340609,0.94659391,-9.05188274
31700,0.66296530,0.66296530,19,0.85043138,0.34677510,nan,0.00000000,0,0,0,0.08624809,0.01404249,0.16646433,0.16311629,0.22338100,1.13308573,0.29122776,-0.05672051,1.05672051,0.95826259
31800,0.16146302,0.16146302,82,0.99972535,0.16128571,nan,0.00000000,0,0,0,0.09393561,0.00653162,0.04871607,0.05102980,0.00938261,0.87852931,0.14029007,-0.01729062,1.01729062,-7.59455910
31900,1.26220953,1.26220953,67,0.99876909,1.25600632,nan,0.00000000,0,0,0,0.15009210,0.01526198,1.27911890,1.35416973,0.00325396,0.79535401,0.20277926,0.09062003,0.90937997,10.03786818
32000,0.48766539,0.48766539,212,1.00000000,0.48766538,nan,0.00000000,0,0,0,0.38551709,0.01511722,1.65598726,1.73914182,0.24235815,3.79672718,0.30547005,0.00424855,0.99575145,8.69982338
32100,0.41782314,0.41782314,167,0.99999994,0.41782304,nan,0.00000000,0,0,0,0.14867739,0.01308394,1.04931867,1.11104012,0.00005466,1.34379053,0.23879880,0.05848966,0.94151034,-0.76140221
32200,0.69318950,0.69318950,47,0.99090472,0.66831248,nan,0.00000000,0,0,0,0.08789306,0.01099174,0.48359495,0.50978929,0.03829053,0.95533919,0.21439807,-0.06472025,1.06472025,-1.46066829
32300,0.18506025,0.18506025,23,0.89974116,0.12127841,nan,0.00000000,0,0,0,0.08243686,0.01191972,0.04641673,0.04825311,0.01519832,0.92926246,0.25506845,-0.02491792,1.02491792,-6.65562558
32400,1.01680803,1.01680803,137,0.99999888,1.01680347,nan,0.00000000,0,0,0,0.18217391,0.00820275,0.88884616,0.93609172,0.08567262,1.27239454,0.15817170,0.19223299,0.80776701,4.55270632
32500,0.44563347,0.44563347,60,0.99752125,0.44123141,nan,0.00000000,0,0,0,0.10931006,0.01998966,0.90537548,0.95861882,0.00023688,1.45343673,0.66344655,-0.04146948,1.04146948,1.79661890
32600,0.12673248,0.12673248,49,0.99255342,0.12299954,nan,0.00000000,0,0,0,0.13946219,0.01499323,0.06903883,0.07295989,0.00238083,0.79046035,0.23929098,0.04510010,0.95489990,-6.14700522
32700,0.57884336,0.57884336,120,0.99999386,0.57882913,nan,0.00000000,0,0,0,0.06887352,0.01518962,0.14768285,0.15613386,0.00401551,0.92464340,0.43854105,-0.07973343,1.07973343,-2.67766118
32800,0.33530474,0.33530474,12,0.69880579,0.07995869,nan,0.00000000,0,0,0,0.10871048,0.03585559,0.36819482,0.38631147,0.06021177,1.43218732,0.75392658,0.07506679,0.92493321,6.30681229
32900,0.24669512,0.24669512,41,0.98342732,0.23074359,nan,0.00000000,0,0,0,0.17032917,0.01072637,0.24391693,0.25794870,0.00537654,1.46109855,0.28722942,0.05198989,0.94801011,-2.37178463
33000,0.24748325,0.24748325,216,1.00000000,0.24748325,nan,0.00000000,0,0,0,0.33018699,0.01247594,0.59612590,0.62879777,0.04070551,3.36295843,0.32452342,-0.00082877,1.00082877,5.14711372
33100,0.71256542,0.71256542,41,0.98342732,0.66649029,nan,0.00000000,0,0,0,0.12751848,0.01314202,0.81626618,0.86293364,0.02292016,1.18816161,0.35455769,-0.10388059,1.10388059,0.90005575
33200,0.16621011,0.16621011,102,0.99996283,0.16618540,nan,0.00000000,0,0,0,0.06065283,0.01286856,0.06926863,0.07331334,0.00050861,0.95784473,0.39343125,0.06134472,0.93865528,-7.90562248
33300,0.08840746,0.08840746,208,1.00000000,0.08840746,nan,0.00000000,0,0,0,0.09390796,0.00749294,0.14719211,0.15515824,0.01176799,0.98652691,0.12835546,0.17968684,0.82031316,-8.14434204
33400,0.57331061,0.57331061,232,1.00000000,0.57331061,nan,0.00000000,0,0,0,0.07916675,0.01053679,0.23012570,0.24184100,0.03096510,1.11764312,0.23248962,-0.05144052,1.05144052,-4.18119915
33500,0.14995821,0.14995821,154,0.99999979,0.14995809,nan,0.00000000,0,0,0,0.05210981,0.01381639,0.07010528,0.07263479,0.02710349,0.85108113,0.40906033,0.05223599,0.94776401,-8.73838250
33600,0.52047288,0.52047288,72,0.99925341,0.51892031,nan,0.00000000,0,0,0,0.06595748,0.01289215,0.36436275,0.38379267,0.03405432,0.82768244,0.30910727,0.06685567,0.93314433,-2.68270952
33700,0.19839348,0.19839348,324,1.00000000,0.19839348,nan,0.00000000,0,0,0,0.06503063,0.00720627,0.09292674,0.09760519,0.01339306,0.84048802,0.08687986,0.14050591,0.85949409,-9.41983175
33800,0.40023828,0.40023828,201,1.00000000,0.40023827,nan,0.00000000,0,0,0,0.09066423,0.01140476,0.16624983,0.17541078,0.01051376,1.16035628,0.30584610,-0.04064080,1.04064080,-3.74830604
33900,0.87231886,0.87231886,34,0.96662673,0.76157112,nan,0.00000000,0,0,0,0.06836811,0.01432780,0.68737143,0.72641265,0.02367040,0.97439837,0.40639484,-0.10444777,1.10444777,2.84795010
34000,0.98274601,0.98274601,100,0.99995460,0.98256755,nan,0.00000000,0,0,0,0.39320180,0.01328999,0.79367107,0.81436056,0.44195047,3.78511143,0.24761660,0.14558601,0.85441399,13.00968790
34100,0.70212382,0.70212382,100,0.99995460,0.70199632,nan,0.00000000,0,0,0,0.08584841,0.01583182,0.17654163,0.18685795,0.00116436,1.41918302,0.47795460,-0.07507983,1.07507983,0.69101810
34200,0.19968118,0.19968118,206,1.00000000,0.19968118,nan,0.00000000,0,0,0,0.06603472,0.01198196,0.05322495,0.05445215,0.03236266,0.74870467,0.28292859,-0.15025520,1.15025520,-6.05111253
34300,0.25439084,0.25439084,76,0.99949955,0.25388198,nan,0.00000000,0,0,0,0.08465317,0.01240304,0.16187136,0.17095801,0.00739803,0.96121341,0.24735337,-0.02440601,1.02440601,-6.29180634
34400,0.11363678,0.11363678,245,1.00000000,0.11363678,nan,0.00000000,0,0,0,0.11787089,0.00848965,0.15641457,0.16545793,0.00267718,0.92953902,0.21791613,0.07909355,0.92090645,-8.14517498
34500,0.44978958,0.44978958,118,0.99999250,0.44977608,nan,0.00000000,0,0,0,0.15673351,0.00958251,0.88539505,0.93740195,0.00127697,1.18044806,0.15403801,0.05009531,0.94990469,-0.47933829
34600,0.22830942,0.22830942,81,0.99969646,0.22803235,nan,0.00000000,0,0,0,0.11297492,0.01321193,0.14389431,0.15232719,0.00053523,1.21325743,0.27196339,-0.00502548,1.00502548,nan
34700,0.22294219,0.22294219,60,0.99752125,0.22073992,nan,0.00000000,0,0,0,0.06712558,0.01500529,0.13721429,0.14407104,0.02064942,0.94616359,0.36391416,0.06907288,0.93092712,-6.84675105
34800,0.29586673,0.29586673,321,1.00000000,0.29586673,nan,0.00000000,0,0,0,0.06400529,0.00840277,0.12364879,0.12970214,0.02074209,0.99118638,0.20430425,0.18353053,0.81646947,-8.24811637
34900,0.40065667,0.40065667,279,1.00000000,0.40065667,nan,0.00000000,0,0,0,0.12721471,0.00906734,0.45921835,0.48615232,0.00134042,1.23095655,0.17668316,0.06151322,0.93848678,-2.49135554
35000,0.21033293,0.21033293,424,1.00000000,0.21033293,nan,0.00000000,0,0,0,0.39506325,0.01503117,0.24081042,0.24870872,0.10653903,5.43306398,0.60142702,0.05435039,0.94564961,7.51294317
35100,1.52739775,1.52739775,28,0.93918994,1.18840883,nan,0.00000000,0,0,0,0.09033562,0.01085935,0.25521424,0.26652062,0.06300608,0.93204242,0.34158078,-0.23602861,1.23602861,16.03023529
35200,0.34420955,0.34420955,164,0.99999992,0.34420945,nan,0.00000000,0,0,0,0.07651272,0.00732532,0.36851111,0.38998163,0.00351277,1.06129885,0.34985590,-0.10562864,1.10562864,-5.62098098
35300,0.49016222,0.49016222,220,1.00000000,0.49016222,nan,0.00000000,0,0,0,0.06074294,0.01162639,0.15969080,0.16907474,0.00016378,0.62313449,0.20967728,0.20243374,0.79756626,-4.07316017
35400,0.34272993,0.34272993,113,0.99998763,0.34271296,nan,0.00000000,0,0,0,0.10851847,0.02122416,0.46044672,0.48734507,0.00317477,1.14571488,0.53440058,-0.04497635,1.04497635,0.39127657
35500,0.41426250,0.41426250,505,1.00000000,0.41426250,nan,0.00000000,0,0,0,0.15303949,0.00818853,0.45908758,0.48555017,0.00922384,1.41619301,0.21086088,0.12348886,0.87651114,-1.40303740
35600,0.50130105,0.50130105,11,0.66712892,0.09929735,nan,0.00000000,0,0,0,0.07618313,0.02012425,0.64332163,0.68035924,0.01368240,1.02714109,0.42637882,-0.14300016,1.14300016,-0.22277844
35700,0.71229303,0.71229303,441,1.00000000,0.71229303,nan,0.00000000,0,0,0,0.20260841,0.01111836,0.96723247,1.02084911,0.05574926,1.01629400,0.24072906,-0.10612453,1.10612453,-1.38161218
35800,0.28250468,0.28250468,161,0.99999990,0.28250456,nan,0.00000000,0,0,0,0.10343944,0.00919298,0.07720635,0.08008011,0.02835232,1.26736498,0.30237308,0.13988397,0.86011603,-4.45929591
35900,0.31691059,0.31691059,231,1.00000000,0.31691059,nan,0.00000000,0,0,0,0.12176471,0.00937931,0.12201924,0.12903780,0.00270369,0.90805924,0.26987040,-0.03572596,1.03572596,-4.57850246
36000,0.28144753,0.28144753,199,1.00000000,0.28144753,nan,0.00000000,0,0,0,0.29388171,0.01507082,1.30709732,1.38319445,0.01344866,2.93691802,0.44930464,-0.11541668,1.11541668,4.40031528
36100,0.17479718,0.17479718,210,1.00000000,0.17479718,nan,0.00000000,0,0,0,0.06349150,0.01898209,0.09968842,0.10457628,0.01659482,0.81090778,0.42989978,0.00480817,0.99519183,-7.32491344
36200,0.13225594,0.13225594,108,0.99997960,0.13224515,nan,0.00000000,0,0,0,0.09591288,0.01025958,0.06776804,0.07169595,0.00099365,0.83450854,0.24700038,-0.02116961,1.02116961,-7.19801378
36300,0.16035788,0.16035788,209,1.00000000,0.16035788,nan,0.00000000,0,0,0,0.06036742,0.00972216,0.07908180,0.08354170,0.00326368,0.84707063,0.24739856,-0.02686873,1.02686873,-9.15588164
36400,0.59360868,0.59360868,83,0.99975148,0.59301881,nan,0.00000000,0,0,0,0.09126029,0.01003224,0.10324351,0.10376811,0.09432535,0.85169291,0.16811030,0.19724731,0.80275269,-1.67140663
36500,0.22340791,0.22340791,172,0.99999997,0.22340788,nan,0.00000000,0,0,0,0.06008587,0.00863319,0.20035815,0.21213843,0.00009362,0.77118796,0.23513444,-0.00606498,1.00606498,-8.73660107
36600,0.32761350,0.32761350,122,0.99999497,0.32760691,nan,0.00000000,0,0,0,0.05722738,0.01029101,0.19680598,0.20793022,0.00769397,0.55775744,0.15903191,-0.10019175,1.10019175,-4.33055639
36700,0.53438634,0.53438634,124,0.99999588,0.53437753,nan,0.00000000,0,0,0,0.14334530,0.00895210,0.26212227,0.27666876,0.01483165,1.29108477,0.19257787,-0.16867272,1.16867272,-1.06952727
36800,0.21472137,0.21472137,228,1.00000000,0.21472137,nan,0.00000000,0,0,0,0.06824079,0.01475069,0.25174651,0.26613998,0.00705724,0.95550221,0.34254032,-0.00259693,1.00259693,-7.71270437
36900,0.85954946,0.85954946,56,0.99630214,0.84690582,nan,0.00000000,0,0,0,0.10768411,0.00902068,0.31681395,0.32916957,0.10676800,1.14659357,0.19048516,-0.16917045,1.16917045,0.68490808
37000,0.25411189,0.25411189,161,0.99999990,0.25411178,nan,0.00000000,0,0,0,0.36154249,0.01501870,1.07400131,1.13409555,0.05240073,3.20971775,0.34590387,-0.00253921,1.00253921,5.06397772
37100,0.39191362,0.39191362,225,1.00000000,0.39191362,nan,0.00000000,0,0,0,0.24992603,0.01350229,0.39661905,0.40679392,0.22364685,1.70348477,0.18782285,-0.14117028,1.14117028,2.12383914
37200,0.14662236,0.14662236,39,0.97975809,0.13510631,nan,0.00000000,0,0,0,0.13054419,0.01104817,0.22295870,0.23487936,0.02030756,1.23859906,0.11823422,-0.16446990,1.16446990,-4.90220626
37300,0.41277707,0.41277707,56,0.99630214,0.40670528,nan,0.00000000,0,0,0,0.12107699,0.02147586,0.14292575,0.14213789,0.15631939,0.93587071,0.31659067,0.00047141,0.99952859,-0.45960244
37400,0.36174127,0.36174127,222,1.00000000,0.36174127,nan,0.00000000,0,0,0,0.17098345,0.01999779,0.16758794,0.15661371,0.35414961,1.65042877,0.32708126,0.00279571,0.99720429,0.04508270
37500,0.54264528,0.54264528,116,0.99999083,0.54262538,nan,0.00000000,0,0,0,0.12048604,0.01467313,0.34878168,0.36249006,0.11573888,1.31793487,0.28022525,0.02807144,0.97192856,0.04187301
37600,1.42685330,1.42685330,206,1.00000000,1.42685329,nan,0.00000000,0,0,0,0.13986155,0.02338497,1.83929849,1.94673717,0.01284118,1.13174284,0.33164412,0.09727471,0.90272529,15.57835738
37700,0.29446086,0.29446086,85,0.99979653,0.29422128,nan,0.00823526,0,0,0,0.13765407,0.01599565,0.18621725,0.19566739,0.02556501,1.09414399,0.20143259,0.09935027,0.90064973,-2.02204573
37800,0.56763840,0.56763840,172,0.99999997,0.56763832,nan,0.00000000,0,0,0,0.10470417,0.01966609,0.52987510,0.56104344,0.00001304,0.85068345,0.31166980,-0.05113461,1.05113461,0.42088461
37900,0.72923052,0.72923052,40,0.98168436,0.67725517,nan,0.10618146,0,0,0,0.18766078,0.01653579,0.34642419,0.36647734,0.00552019,1.82342780,0.20269392,0.07163019,0.92836981,6.11299276
38000,0.71556699,0.71556699,61,0.99775713,0.70916887,nan,0.21965791,0,0,0,0.31932718,0.02237916,0.98222023,0.99011612,0.84798926,3.38208175,0.36987841,0.06901327,0.93098673,9.36236858
38100,0.90981930,0.90981930,221,1.00000000,0.90981930,nan,0.17903692,0,0,0,0.29635397,0.03154741,1.90356684,2.01448131,0.01802077,2.44873333,0.56755984,-0.00217072,1.00217072,10.09063021
38200,0.97987580,0.97987580,262,1.00000000,0.97987580,nan,0.26872199,0,0,0,0.30070224,0.02042829,1.49695587,1.58186543,0.05349302,2.40198588,0.51774597,0.19990090,0.80009910,10.48220825
38300,0.17796306,0.17796306,41,0.98342732,0.16645581,nan,0.34020328,0,0,0,0.26553330,0.01537655,0.16049676,0.16322789,0.11406779,2.07179976,0.30770278,-0.15588817,1.15588817,1.12247403
38400,0.31032437,0.31032437,302,1.00000000,0.31032437,nan,0.33794436,0,0,0,0.18806702,0.01554550,0.21723655,0.22958532,0.00730708,1.52596080,0.26860830,0.18988072,0.81011928,-0.38848910
38500,0.74847162,0.74847162,100,0.99995460,0.74833570,nan,0.22655758,0,0,0,0.08806040,0.00763236,0.56931907,0.60072732,0.03537887,0.91772491,0.17746623,0.17935883,0.82064117,1.21196596
38600,0.42523253,0.42523253,148,0.99999963,0.42523189,nan,0.06566411,0,0,0,0.12861827,0.00707210,0.82725227,0.87531179,0.01024016,1.18481576,0.12256432,0.08945078,0.91054922,-2.17140834
38700,0.22188534,0.22188534,73,0.99932446,0.22128638,nan,0.00000000,0,0,0,0.09030232,0.00891053,0.14462908,0.15279377,0.00582955,1.09919083,0.31701359,0.08259728,0.91740272,-2.39835358
38800,0.88908643,0.88908643,82,0.99972535,0.88811006,nan,0.00000000,0,0,0,0.14467652,0.00834221,0.69793004,0.73832464,0.01122044,0.96255374,0.19513100,-0.17292751,1.17292751,1.52240816
38900,0.30407980,0.30407980,186,0.99999999,0.30407979,nan,0.00000000,0,0,0,0.09896661,0.00795888,0.30261844,0.32004413,0.00638218,0.63737392,0.12701587,0.14707742,0.85292258,-6.88880510
39000,0.15065461,0.15065461,297,1.00000000,0.15065461,nan,0.00000000,0,0,0,0.24992616,0.01661589,0.21628410,0.22635710,0.04504338,2.22648787,0.28650427,-0.00628353,1.00628353,0.81976426
39100,0.42465341,0.42465341,221,1.00000000,0.42465341,nan,0.18651618,0,0,0,0.21180721,0.01603431,0.29905021,0.28981060,0.45612380,2.50537491,0.39762497,-0.03467703,1.03467703,4.48441116
39200,0.32083777,0.32083777,174,0.99999997,0.32083773,nan,0.33870194,0,0,0,0.24092513,0.01226309,0.60620213,0.63879228,0.05216887,1.87262428,0.18094656,0.18743567,0.81256433,2.05752954
39300,0.28277862,0.28277862,154,0.99999979,0.28277839,nan,0.26294460,0,0,0,0.11517620,0.01658001,0.06166600,0.06069987,0.07809002,1.16361403,0.36900467,0.09691516,0.90308484,-4.89442142
39400,0.33717856,0.33717856,147,0.99999959,0.33717800,nan,0.14455796,0,0,0,0.08710781,0.00828377,0.15006053,0.15868330,0.00347368,0.87710357,0.13430586,0.07432712,0.92567288,-6.19398206
39500,0.40289366,0.40289366,308,1.00000000,0.40289366,nan,0.02035330,0,0,0,0.14774908,0.01492071,0.50410807,0.53363192,0.00220151,1.33564782,0.39622933,0.05759098,0.94240902,-2.65839005
39600,0.22342470,0.22342470,140,0.99999917,0.22342396,nan,0.00000000,0,0,0,0.09782788,0.01229631,0.15052235,0.15885969,0.00878767,0.94125611,0.35767385,0.01230267,0.98769733,-5.67907400
39700,1.03963327,1.03963327,319,1.00000000,1.03963327,nan,0.00000000,0,0,0,0.19113664,0.01222638,0.71079659,0.75238103,0.00386128,1.45688677,0.51218319,0.10248932,0.89751068,4.99737558
39800,0.39077881,0.39077881,240,1.00000000,0.39077881,nan,0.00000000,0,0,0,0.07034588,0.01173352,0.33630911,0.35426974,0.03097736,0.74374253,0.20781916,0.05755514,0.94244486,-7.02245617
39900,0.25667986,0.25667986,350,1.00000000,0.25667986,nan,0.00000000,0,0,0,0.09339466,0.00899949,0.20734911,0.21938600,0.00272175,1.11552894,0.30099645,-0.23935832,1.23935832,-5.03463674
40000,0.21004486,0.21004486,271,1.00000000,0.21004486,nan,0.00000000,0,0,0,0.30053532,0.01420260,0.55139726,0.57884520,0.08478235,2.87164903,0.53676993,0.04848352,0.95151648,4.01515770
40100,0.49512556,0.49512556,60,0.99752125,0.49023461,nan,0.10200204,0,0,0,0.23196176,0.01364512,0.59630936,0.63131475,0.00121703,2.08506322,0.23888037,-0.07324487,1.07324487,3.14255702
40200,0.46818432,0.46818432,464,1.00000000,0.46818432,nan,0.00000000,0,0,0,0.08083055,0.00571034,0.18565252,0.19642891,0.00245384,1.14295793,0.15583903,0.10145031,0.89854969,-3.74130410
40300,1.01463377,1.01463377,19,0.85043138,0.53072118,nan,0.00000000,0,0,0,0.12580773,0.01638320,0.31183425,0.32111052,0.15413743,1.17563438,0.27434862,0.09897700,0.90102300,5.61587071
40400,0.16493773,0.16493773,111,0.99998489,0.16492776,nan,0.00000000,0,0,0,0.09575871,0.01253764,0.08063635,0.08333798,0.03470872,0.99047089,0.28741944,0.04930769,0.95069231,-6.84440291
40500,0.32490116,0.32490116,107,0.99997746,0.32487187,nan,0.00000000,0,0,0,0.06797151,0.00972662,0.37937492,0.40092143,0.01308461,0.85667616,0.14637609,0.08376540,0.91623460,-7.07199335
40600,0.20505674,0.20505674,141,0.99999925,0.20505612,nan,0.00000000,0,0,0,0.13798259,0.01157315,0.23977831,0.25385866,0.00041244,1.03503788,0.25947571,-0.12424970,1.12424970,-3.54854470
40700,0.35930178,0.35930178,138,0.99999898,0.35930032,nan,0.00000000,0,0,0,0.15675625,0.01342026,0.25670993,0.27068228,0.01917977,1.29986560,0.46692610,0.20670740,0.79329260,2.25761294
40800,1.23871243,1.23871243,273,1.00000000,1.23871243,nan,0.00000000,0,0,0,0.14335637,0.00665959,0.49821487,0.51638049,0.18939969,1.03263259,0.14483277,-0.24228107,1.24228107,3.79486227
40900,0.31673628,0.31673628,210,1.00000000,0.31673628,nan,0.00000000,0,0,0,0.15430240,0.01491387,0.08809064,0.09326588,0.00011149,0.86100125,0.23548500,0.09111616,0.90888384,-4.33221912
41000,0.25654694,0.25654694,254,1.00000000,0.25654694,nan,0.00000000,0,0,0,0.30558074,0.01197757,0.26483172,0.25873005,0.36856028,3.82450199,0.34905761,0.20824029,0.79175971,5.84331115
41100,0.46513039,0.46513039,111,0.99998489,0.46510227,nan,0.20342149,0,0,0,0.08464704,0.01270869,0.12124810,0.12648082,0.03229193,0.84730744,0.25671336,-0.00946784,1.00946784,nan
41200,0.29153028,0.29153028,147,0.99999959,0.29152980,nan,0.03516031,0,0,0,0.06577965,0.01070456,0.30657732,0.32455799,0.00090644,0.78158230,0.23313087,-0.09746836,1.09746836,-6.75579703
41300,1.03421545,1.03421545,332,1.00000000,1.03421545,nan,0.00000000,0,0,0,0.07893925,0.00966212,0.73548990,0.77645457,0.03909058,0.81488264,0.22591704,-0.09371963,1.09371963,1.07749522
41400,0.30202195,0.30202195,505,1.00000000,0.30202195,nan,0.00000000,0,0,0,0.06864700,0.00799939,0.15460771,0.16222467,0.02511925,0.85186499,0.21699746,-0.17758533,1.17758533,-6.63849287
41500,0.16973954,0.16973954,547,1.00000000,0.16973954,nan,0.00000000,0,0,0,0.06767259,0.00895366,0.04767077,0.04982174,0.01110423,0.71361047,0.16104998,0.02550415,0.97449585,-9.00435225
41600,0.58132946,0.58132946,282,1.00000000,0.58132946,nan,0.00000000,0,0,0,0.15568142,0.00928229,0.33785045,0.35739672,0.00556360,1.00163877,0.22110826,-0.14328194,1.14328194,-2.54798361
41700,0.23454088,0.23454088,152,0.99999975,0.23454064,nan,0.00000000,0,0,0,0.05846238,0.00732466,0.14656967,0.15518190,0.00016172,0.73297530,0.19381897,0.16823709,0.83176291,-10.35490978
41800,0.43861464,0.43861464,141,0.99999925,0.43861332,nan,0.00000000,0,0,0,0.05379399,0.00926145,0.18119600,0.19178362,0.00120601,0.72327369,0.18497045,-0.05629126,1.05629126,-6.00165065
41900,0.83346999,0.83346999,274,1.00000000,0.83346999,nan,0.00000000,0,0,0,0.22798602,0.01708034,1.08143580,1.14432144,0.01238122,1.46827459,0.39525688,-0.17810621,1.17810621,8.23372650
42000,0.47415987,0.47415987,470,1.00000000,0.47415987,nan,0.00000000,0,0,0,0.33033028,0.01233974,1.02033949,1.05956757,0.35346308,3.70995164,0.27131489,-0.13995791,1.13995791,7.39729214
42100,0.42480549,0.42480549,178,0.99999998,0.42480546,nan,0.00000000,0,0,0,0.13370360,0.00517462,0.87051398,0.92158401,0.00232329,0.89907604,0.10571826,-0.02530097,1.02530097,-4.71708727
42200,0.32345897,0.32345897,193,1.00000000,0.32345896,nan,0.00000000,0,0,0,0.20025116,0.00920910,0.42920849,0.45380807,0.01101607,1.41170323,0.33111653,0.03357814,0.96642186,-0.99843343
42300,0.76249766,0.76249766,238,1.00000000,0.76249766,nan,0.00000000,0,0,0,0.05755810,0.00967884,0.34037024,0.36019939,0.00327451,0.56209016,0.12765011,0.11743879,0.88256121,-0.03685576
42400,0.39747632,0.39747632,191,0.99999999,0.39747631,nan,0.00000000,0,0,0,0.13367483,0.00882408,0.28977171,0.30681488,0.00003811,1.12315857,0.27532393,0.12465054,0.87534946,-3.44425702
42500,0.56915057,0.56915057,381,1.00000000,0.56915057,nan,0.00000000,0,0,0,0.10436746,0.00933735,0.24599822,0.26034251,0.00214504,1.26529455,0.30821186,0.18320280,0.81679720,-3.18404569
42600,0.18299060,0.18299060,143,0.99999938,0.18299014,nan,0.00000000,0,0,0,0.05521899,0.01149428,0.10349286,0.10957824,0.00004141,0.63012284,0.24053308,-0.01291213,1.01291213,-9.22062778
42700,0.70247406,0.70247406,47,0.99090472,0.67726383,nan,0.00000000,0,0,0,0.06792767,0.00987258,0.34876272,0.36881092,0.00794232,0.84519541,0.24273399,0.10143923,0.89856077,-2.45415274
42800,1.14022338,1.14022338,210,1.00000000,1.14022338,nan,0.00000000,0,0,0,0.18523575,0.01269267,0.27886194,0.28203028,0.22500066,1.07627404,0.19268358,0.20052239,0.79947761,3.78245163
42900,0.22251044,0.22251044,246,1.00000000,0.22251044,nan,0.00000000,0,0,0,0.13074055,0.00911879,0.11332430,0.11940837,0.00989523,0.79472423,0.17155616,-0.01124716,1.01124716,-7.09998775
43000,0.69283497,0.69283497,166,0.99999994,0.69283480,nan,0.00000000,0,0,0,0.33049253,0.02112896,0.93739307,0.94635123,0.78510445,3.51516271,0.64684075,0.06501990,0.93498010,9.11450338
43100,1.22991681,1.22991681,134,0.99999848,1.22990936,nan,0.00000000,0,0,0,0.07621130,0.01304786,0.25376490,0.26849437,0.00336420,1.04217827,0.34544867,-0.07715790,1.07715790,6.38439115
43200,0.49026373,0.49026373,222,1.00000000,0.49026373,nan,0.00000000,0,0,0,0.13809687,0.01532357,0.57314175,0.60684854,0.00012538,1.15943611,0.33285654,0.07705525,0.92294475,-0.29641891
43300,0.29589534,0.29589534,264,1.00000000,0.29589534,nan,0.00000000,0,0,0,0.05598416,0.01262208,0.10619850,0.11219673,0.00422860,0.70309120,0.25931689,0.02048515,0.97951485,-7.94815683
43400,0.22852871,0.22852871,109,0.99998154,0.22851184,nan,0.00000000,0,0,0,0.06157656,0.01293644,0.08087073,0.08495396,0.01145598,0.69780087,0.25768888,0.00264971,0.99735029,-8.51346159
43500,0.07429553,0.07429553,330,1.00000000,0.07429553,nan,0.00000000,0,0,0,0.05430775,0.00858180,0.02886487,0.03056113,0.00002842,0.73919088,0.12258645,-0.00944442,1.00944442,-11.28996325
43600,0.35357994,0.35357994,466,1.00000000,0.35357994,nan,0.00000000,0,0,0,0.13888542,0.01075183,0.18810363,0.19884536,0.00549455,0.99384308,0.17685573,0.10986152,0.89013848,-3.31934881
43700,0.47292295,0.47292295,347,1.00000000,0.47292295,nan,0.00000000,0,0,0,0.16271517,0.00974604,0.90928054,0.96113330,0.02778500,1.09846818,0.18846233,0.00123587,0.99876413,-0.79715481
43800,0.40761101,0.40761101,396,1.00000000,0.40761101,nan,0.00000000,0,0,0,0.06485078,0.00677789,0.16173519,0.17112623,0.00208749,0.77413255,0.15749215,0.13784176,0.86215824,-8.23177743
43900,0.45914692,0.45914692,318,1.00000000,0.45914692,nan,0.00000000,0,0,0,0.10661295,0.01262353,0.15522790,0.16137254,0.05076899,1.17110503,0.28814325,0.05298999,0.94701001,-2.62408787
44000,0.80551660,0.80551660,171,0.99999996,0.80551648,nan,0.00000000,0,0,0,0.29654819,0.02559008,0.99996567,1.01248372,0.78715950,3.15929699,0.77712417,-0.11744914,1.11744914,9.98178673
44100,0.37379897,0.37379897,337,1.00000000,0.37379897,nan,0.00000000,0,0,0,0.07159897,0.01242774,0.17142719,0.18034595,0.01980843,0.70671952,0.19661497,-0.08628442,1.08628442,-6.71277833
44200,0.44891548,0.44891548,123,0.99999545,0.44890731,nan,0.00000000,0,0,0,0.08112100,0.01507937,0.16896608,0.17733103,0.02676208,0.93496364,0.31598383,-0.00092820,1.00092820,-4.95329849
44300,0.74791491,0.74791491,379,1.00000000,0.74791491,nan,0.00000000,0,0,0,0.08437297,0.00792723,0.14764351,0.15625207,0.00129792,1.16336024,0.30760628,-0.10709296,1.10709296,-1.66354550
44400,0.78439289,0.78439289,184,0.99999999,0.78439286,nan,0.00000000,0,0,0,0.10100304,0.01107600,0.71018368,0.74653929,0.09213884,1.13252699,0.20265017,0.18279362,0.81720638,-0.17890552
44500,0.35367140,0.35367140,604,1.00000000,0.35367140,nan,0.00000000,0,0,0,0.14489983,0.00693225,0.66035247,0.69863462,0.00955565,0.96312308,0.15047503,0.05445269,0.94554731,-2.10642918
44600,0.72110319,0.72110319,133,0.99999833,0.72109836,nan,0.00000000,0,0,0,0.08333883,0.01010339,0.36485392,0.38631418,0.00002892,0.99815178,0.28120390,0.13258736,0.86741264,-1.92348695
44700,0.41404727,0.41404727,188,0.99999999,0.41404726,nan,0.00000000,0,0,0,0.06255402,0.01402947,0.20903292,0.22035578,0.01654428,1.03696609,0.50195527,-0.08885273,1.08885273,-4.30205369
44800,0.21390018,0.21390018,320,1.00000000,0.21390018,nan,0.00000000,0,0,0,0.06963089,0.00787695,0.27314925,0.28889707,0.00543648,1.06521869,0.24944764,0.11153235,0.88846765,-6.76828210
44900,0.34962860,0.34962860,391,1.00000000,0.34962860,nan,0.00000000,0,0,0,0.08652498,0.00737767,0.16171911,0.17072596,0.00860250,0.67679191,0.19810309,0.00983668,0.99016332,-5.81681976
45000,0.63956374,0.63956374,173,0.99999997,0.63956366,nan,0.00000000,0,0,0,0.30703789,0.02416896,0.89843202,0.92312562,0.47864035,3.11248136,0.48120329,-0.09920550,1.09920550,7.53906536
45100,0.39899617,0.39899617,393,1.00000000,0.39899617,nan,0.00000000,0,0,0,0.05778699,0.00642676,0.12150159,0.12834395,0.00518134,0.71738774,0.12675172,0.07908156,0.92091844,-8.65653229
45200,0.17382997,0.17382997,202,1.00000000,0.17382997,nan,0.00000000,0,0,0,0.06304391,0.01229009,0.11604348,0.12213063,0.01256187,0.77536625,0.20286812,0.03040928,0.96959072,-9.47382212
45300,0.40963900,0.40963900,473,1.00000000,0.40963900,nan,0.00000000,0,0,0,0.10325696,0.00657310,0.32529709,0.34301287,0.02412854,0.83466613,0.16363294,0.12076606,0.87923394,-5.16673875
45400,0.26180318,0.26180318,612,1.00000000,0.26180318,nan,0.00000000,0,0,0,0.12615165,0.00747853,0.04979675,0.05209445,0.01073589,0.81767422,0.25037062,0.04895911,0.95104089,-6.40881618
45500,0.57820481,0.57820481,125,0.99999627,0.57819619,nan,0.00000000,0,0,0,0.14896189,0.01176903,0.21525651,0.22790408,0.00024753,1.11237967,0.32805479,0.12869853,0.87130147,-1.04756007
45600,0.46934503,0.46934503,279,1.00000000,0.46934503,nan,0.00000000,0,0,0,0.03759374,0.00942977,0.17634767,0.18667866,0.00072090,0.47998449,0.13659762,-0.22955287,1.22955287,-8.83349586
45700,0.14115556,0.14115556,384,1.00000000,0.14115556,nan,0.00000000,0,0,0,0.04658758,0.01018032,0.10031286,0.10619813,0.00026329,0.60769206,0.25175011,-0.01364196,1.01364196,-10.23185629
45800,0.11841816,0.11841816,426,1.00000000,0.11841816,nan,0.00000000,0,0,0,0.05630271,0.01248562,0.10840771,0.11478464,0.00000010,0.61964673,0.25205174,0.04811504,0.95188496,-8.81947327
45900,0.33547390,0.33547390,238,1.00000000,0.33547390,nan,0.00000000,0,0,0,0.07284064,0.00962075,0.14944807,0.15635693,0.03199745,0.84291565,0.19286293,-0.07740704,1.07740704,-6.98392379
46000,0.55457187,0.55457187,179,0.99999998,0.55457183,nan,0.00000000,0,0,0,0.24023263,0.01724610,0.71152747,0.75336981,0.00020653,2.79505920,0.41454235,0.09035912,0.90964088,6.33173052
46100,0.61856341,0.61856341,283,1.00000000,0.61856341,nan,0.00000000,0,0,0,0.09098011,0.00658526,0.32442951,0.34274128,0.01312910,0.80377167,0.16498405,0.10282479,0.89717521,-3.82107100
46200,1.07947969,1.07947969,346,1.00000000,1.07947969,nan,0.00000000,0,0,0,0.06660131,0.00624025,0.78337413,0.82906771,0.00658494,0.87283659,0.12706785,-0.22528453,1.22528453,-0.25200313
46300,0.47862822,0.47862822,293,1.00000000,0.47862822,nan,0.00000000,0,0,0,0.16917719,0.00495176,0.19396323,0.20536974,0.00005280,0.79921937,0.04298918,-0.07101260,1.07101260,-4.78501987
46400,0.11266944,0.11266944,576,1.00000000,0.11266944,nan,0.00000000,0,0,0,0.03904799,0.00615264,0.08511649,0.09002603,0.00165445,0.60844642,0.18581027,-0.08202906,1.08202906,-13.99776936
46500,0.21571715,0.21571715,115,0.99998987,0.21570841,nan,0.00000000,0,0,0,0.03772877,0.00813422,0.09296240,0.09842551,0.00008945,0.44723436,0.13244547,-0.04535807,1.04535807,-13.53275903
46600,0.18593401,0.18593401,317,1.00000000,0.18593401,nan,0.00000000,0,0,0,0.06863607,0.01254476,0.16291092,0.17249279,0.00001941,0.90133190,0.26858804,-0.09906071,1.09906071,-7.28194132
46700,0.77254117,0.77254117,375,1.00000000,0.77254117,nan,0.00000000,0,0,0,0.08878215,0.00853606,0.57281226,0.60539901,0.01883695,1.06783283,0.18734157,-0.03940259,1.03940259,-1.09755015
46800,0.10889930,0.10889930,256,1.00000000,0.10889930,nan,0.00000000,0,0,0,0.05981040,0.00582416,0.09320861,0.09869113,0.00000590,0.69973534,0.13069004,-0.06782493,1.06782493,-10.03357983
46900,1.05745780,1.05745780,413,1.00000000,1.05745780,nan,0.00000000,0,0,0,0.17149308,0.00974064,1.97236633,2.08706856,0.02242653,0.90210176,0.15807499,-0.00815672,1.00815672,3.55467840
47000,0.51763445,0.51763445,256,1.00000000,0.51763445,nan,0.00000000,0,0,0,0.25815490,0.02431005,0.75731647,0.77739882,0.41591597,2.64926362,0.48698628,-0.02102131,1.02102131,7.42047644
47100,0.19288220,0.19288220,330,1.00000000,0.19288220,nan,0.00000000,0,0,0,0.04030322,0.00817052,0.07769022,0.08225459,0.00009607,0.55811566,0.20593747,0.02588800,0.97411200,-11.90748882
47200,0.32453531,0.32453531,405,1.00000000,0.32453531,nan,0.00000000,0,0,0,0.14137365,0.00652873,0.07100073,0.07360725,0.02668976,0.74465299,0.15753229,0.00288818,0.99711182,-7.44312465
47300,0.29085600,0.29085600,300,1.00000000,0.29085600,nan,0.00000000,0,0,0,0.02948737,0.00766908,0.03100406,0.03147945,0.02292235,0.46633828,0.25062248,0.03513570,0.96486430,-9.22936308
47400,0.45051205,0.45051205,225,1.00000000,0.45051205,nan,0.01743485,0,0,0,0.06703645,0.01296489,0.35883653,0.37885234,0.01856837,1.00178432,0.35617909,0.13810735,0.86189265,-3.71248347
47500,0.07270274,0.07270274,375,1.00000000,0.07270274,nan,0.00000000,0,0,0,0.05632425,0.00728532,0.03856870,0.04083275,0.00007982,0.62769687,0.22267461,-0.01557385,1.01557385,-13.88503170
47600,0.46813276,0.46813276,270,1.00000000,0.46813276,nan,0.00000000,0,0,0,0.03375465,0.00947218,0.19259623,0.20391969,0.00009746,0.42389381,0.17785932,0.01700147,0.98299853,-7.13210948
47700,0.87758839,0.87758839,396,1.00000000,0.87758839,nan,0.00000000,0,0,0,0.13614184,0.00579936,0.94766033,1.00088012,0.04292356,1.02432609,0.10934529,0.23651199,0.76348801,0.30475165
47800,0.49648699,0.49648699,478,1.00000000,0.49648699,nan,0.00000000,0,0,0,0.18292581,0.00936954,0.50209850,0.53156102,0.00123676,0.76250774,0.15598895,-0.00462221,1.00462221,-1.43868744
47900,0.12127725,0.12127725,267,1.00000000,0.12127725,nan,0.00000000,0,0,0,0.05730341,0.00757882,0.04944403,0.05234250,0.00017005,0.63456714,0.12531807,0.11373036,0.88626964,-11.78369141
48000,0.50196671,0.50196671,224,1.00000000,0.50196671,nan,0.00000000,0,0,0,0.23560137,0.01458402,0.75986677,0.80021513,0.07394449,2.60797000,0.57222199,0.09920422,0.90079578,4.54329240
48100,0.13209112,0.13209112,132,0.99999815,0.13209014,nan,0.00000000,0,0,0,0.04261278,0.00891034,0.02751473,0.02844828,0.01164440,0.49313873,0.14040439,-0.00987897,1.00987897,-11.33390824
48200,0.14929211,0.14929211,416,1.00000000,0.14929211,nan,0.00000000,0,0,0,0.06416162,0.00940088,0.14973646,0.15851052,0.00057746,0.85768819,0.21871205,0.09965467,0.90034533,-9.36380756
48300,0.15561059,0.15561059,468,1.00000000,0.15561059,nan,0.00000000,0,0,0,0.05071242,0.01002711,0.08054364,0.08495725,0.00551233,0.63477266,0.29009247,0.02310932,0.97689068,-10.52427483
48400,0.31081927,0.31081927,305,1.00000000,0.31081927,nan,0.00000000,0,0,0,0.06156646,0.00619713,0.30271047,0.31887209,0.02796289,0.74541450,0.14315411,-0.04006871,1.04006871,-7.70581134
48500,0.57250762,0.57250762,125,0.99999627,0.57249909,nan,0.00000000,0,0,0,0.03338590,0.00958548,0.16233389,0.17091668,0.01642627,0.35573331,0.12865356,0.00021358,0.99978642,-9.90500847
48600,3.05964327,3.05964327,40,0.98168436,2.84156951,nan,0.00000000,0,0,0,0.11336478,0.00751463,2.68836331,2.84604073,0.00784498,0.89117473,0.17465204,0.02384730,0.97615270,17.00755596
48700,0.66466361,0.66466361,286,1.00000000,0.66466361,nan,0.00066028,0,0,0,0.06844410,0.00782881,0.17575373,0.18545669,0.01080328,0.85496414,0.23590289,-0.04457651,1.04457651,-3.23740180
48800,0.30181882,0.30181882,166,0.99999994,0.30181874,nan,0.00000000,0,0,0,0.05041985,0.01381296,0.08087495,0.08532147,0.00528424,0.43559060,0.14346181,-0.03701439,1.03701439,-9.61743919
48900,0.44645658,0.44645658,298,1.00000000,0.44645658,nan,0.00000000,0,0,0,0.07855505,0.00703788,0.11697609,0.12217753,0.02855150,0.58726829,0.16185588,-0.09564414,1.09564414,-7.96970463
49000,0.45436805,0.45436805,202,1.00000000,0.45436805,nan,0.00000000,0,0,0,0.24363112,0.02153928,0.53836131,0.56700253,0.05146119,2.70351124,0.55505371,0.01887319,0.98112681,5.92965364
49100,0.29298201,0.29298201,247,1.00000000,0.29298201,nan,0.00000000,0,0,0,0.07142682,0.00848902,0.09027192,0.09541288,0.00287573,0.69174910,0.16333379,-0.03300488,1.03300488,-8.15649986
49200,1.53213227,1.53213227,52,0.99448344,1.49860257,nan,0.00000000,0,0,0,0.09414927,0.00944512,0.26249573,0.27240887,0.09397277,0.75216782,0.24625261,0.04881917,0.95118083,7.69201899
49300,0.40158188,0.40158188,317,1.00000000,0.40158188,nan,0.00000000,0,0,0,0.13417250,0.00665164,0.35298765,0.37375161,0.00000051,1.09309208,0.19672337,-0.06118450,1.06118450,-4.54087067
49400,1.26566970,1.26566970,98,0.99994455,1.26538899,nan,0.00000000,0,0,0,0.19281934,0.00643253,2.63610053,2.79101062,0.00262767,1.15216553,0.16672960,0.18615288,0.81384712,6.85667547
49500,0.58585066,0.58585066,179,0.99999998,0.58585062,nan,0.00000000,0,0,0,0.04679729,0.00573546,0.06607316,0.06995878,0.00001771,0.57850391,0.15291661,0.13147529,0.86852471,-8.59463871
49600,0.14876659,0.14876659,148,0.99999963,0.14876637,nan,0.00000000,0,0,0,0.04164814,0.01012452,0.07808216,0.08241018,0.00450578,0.60922933,0.20162050,0.08309182,0.91690818,-12.66472753
49700,0.11424632,0.11424632,247,1.00000000,0.11424632,nan,0.00000000,0,0,0,0.05136394,0.01009688,0.06461433,0.06841508,0.00000180,0.50822425,0.12218372,0.05519903,0.94480097,-12.66649151
49800,0.31790817,0.31790817,499,1.00000000,0.31790817,nan,0.00000000,0,0,0,0.08944443,0.00338102,0.09304636,0.09851576,0.00006636,0.71563983,0.06271527,-0.11395469,1.11395469,-8.52041740
49900,0.69909191,0.69909191,268,1.00000000,0.69909191,nan,0.00000000,0,0,0,0.19696838,0.01014114,1.23965299,1.31176698,0.01371375,1.31436300,0.25529945,0.06862822,0.93137178,0.26234156
50000,7.04184246,7.04184246,187,0.99999999,7.04184225,nan,0.00000000,0,0,0,0.23146398,0.01737670,15.78248978,16.67015076,0.69224644,2.59528589,0.58314937,-0.14432343,1.14432343,101.21400452
50100,1.14057446,1.14057446,193,1.00000000,1.14057444,nan,0.81713327,0,0,0,0.21798152,0.01326609,3.87547779,4.08953857,0.23643982,3.00985503,0.28515181,0.09729199,0.90270801,12.30025546
50200,0.92259705,0.92259705,187,0.99999999,0.92259702,nan,1.13957810,0,0,0,0.26611158,0.00981383,10.07870102,10.66763210,0.06688619,3.89942169,0.16530190,0.19418926,0.80581074,nan
50300,0.69255829,0.69255829,250,1.00000000,0.69255829,nan,1.24806929,0,0,0,0.18298709,0.01778056,2.95922947,3.11638832,0.28752539,2.81479454,0.33997586,-0.13362837,1.13362837,3.93096483
50400,0.58830780,0.58830780,0,0.00000000,0.00000000,nan,0.00000000,0,0,0,1.01851511,0.00342248,42.68632507,45.19696808,0.00541557,31.57236481,0.12562002,nan,nan,21.99090528
50500,0.21623380,0.21623380,4,0.32967995,0.00255443,nan,0.00000000,0,0,0,0.97849298,0.00266879,13.21373844,13.99081612,0.00341037,30.78278923,0.07499582,-0.02221810,1.02221810,18.41554356
50600,0.82370967,0.82370967,3,0.25918178,0.00371700,nan,0.00000000,0,0,0,0.93484432,0.00317533,40.08628845,42.43622208,0.13738778,29.43300438,0.11335871,-0.03666307,1.03666307,23.46196270
50700,1.15365171,1.15365171,0,0.00000000,0.00000000,nan,0.00000000,0,0,0,0.86552185,0.00542907,35.89346313,38.00314331,0.02888413,27.76655769,0.17305650,0.17921010,0.82078990,25.64621019
50800,1.29615939,1.29615939,7,0.50341470,0.08324573,nan,0.00000000,0,0,0,0.79248518,0.00696968,35.43174362,37.45728302,0.99751747,26.60573196,0.33154589,-0.08360630,1.08360630,26.06643677
50900,0.34974357,0.34974357,5,0.39346934,0.00838288,nan,0.00000000,0,0,0,0.76167369,0.00697584,12.02202702,12.72860336,0.01022648,25.75113297,0.16747293,0.20792718,0.79207282,17.40370941
51000,0.54797065,0.54797065,1,0.09516258,0.00004494,nan,0.00000000,0,0,0,0.70711493,0.00464790,8.83087635,9.34914780,0.02027468,23.49862289,0.16379496,0.13873468,0.86126532,18.34737635
51100,0.36402738,0.36402738,13,0.72746821,0.10195068,nan,0.00000000,0,0,0,0.77791572,0.00513463,14.71833992,15.57628632,0.13324317,23.11579132,0.17699540,-0.02115623,1.02115623,17.54689344
51200,0.96491122,0.96491122,9,0.59343034,0.11966478,nan,0.00000000,0,0,0,0.60208577,0.01868719,19.61849594,20.77234268,0.00308542,17.14781952,0.52385330,0.10889008,0.89110992,20.66057078
51300,0.41476801,0.41476801,14,0.75340304,0.13363331,nan,0.00000000,0,0,0,0.52616715,0.01484696,1.39777887,1.47603452,0.06743114,15.52805233,0.56419456,-0.01530251,1.01530251,14.68448353
51400,0.55090231,0.55090231,9,0.59343034,0.06832090,nan,0.00000000,0,0,0,0.40062633,0.01396166,13.90266323,14.71982956,0.01083987,11.54935169,0.36800122,-0.16940139,1.16940139,12.40277243
51500,0.20351434,0.20351434,17,0.81731648,0.09081467,nan,0.00000000,0,0,0,0.38070822,0.02215026,1.79309523,1.89827657,0.00501389,9.71360683,1.01082850,0.00664967,0.99335033,8.88936917
51600,0.45809379,0.45809379,24,0.90928205,0.31314744,nan,0.00000000,0,0,0,0.44464505,0.01488690,2.49245644,2.62883043,0.17409961,10.64172077,0.60245204,0.07192051,0.92807949,12.40108871
51700,0.78069133,0.78069133,14,0.75340304,0.25152944,nan,0.00000000,0,0,0,0.23751242,0.02148063,1.50108588,1.58906245,0.00548508,4.87784100,0.73384929,-0.21111820,1.21111820,10.64718183
51800,0.31538057,0.31538057,8,0.55067104,0.02900039,nan,0.00000000,0,0,0,0.27609524,0.02436823,0.99139190,1.04954374,0.00281101,5.50219202,0.92780930,0.13620570,0.86379430,6.96468282
51900,0.67650610,0.67650610,17,0.81731648,0.30187888,nan,0.00000000,0,0,0,0.26145276,0.01315980,0.95127571,0.97470057,0.55305266,4.95355749,0.36059263,0.09039876,0.90960124,10.41270161
52000,0.46992975,0.46992975,5,0.39346934,0.01126358,nan,0.00000000,0,0,0,0.52168107,0.01115178,2.94745302,3.11154366,0.15790930,12.46092701,0.26871741,0.13397976,0.86602024,14.75727348
52100,0.42033592,0.42033592,38,0.97762923,0.38396639,nan,0.00000000,0,0,0,0.41811430,0.01801173,1.73920977,1.84151375,0.00004228,6.71675301,0.59631115,-0.07350293,1.07350293,11.07756729
52200,0.34540015,0.34540015,18,0.83470111,0.16766658,nan,0.00000000,0,0,0,0.21301322,0.01706903,0.94933021,1.00339270,0.03026845,2.74206805,0.41781577,-0.00167387,1.00167387,4.11587870
52300,0.24347210,0.24347210,36,0.97267628,0.21793275,nan,0.00000000,0,0,0,0.21188532,0.01507399,0.18542153,0.19036250,0.10142513,3.19749665,0.34015983,0.10167280,0.89832720,4.01531076
52400,0.49689505,0.49689505,8,0.55067104,0.04569131,nan,0.00000000,0,0,0,0.16666743,0.02081571,1.02425849,1.08180344,0.04599636,2.48594594,0.43908584,-0.09074088,1.09074088,4.54573735
52500,0.19509701,0.19509701,33,0.96311683,0.16786746,nan,0.00000000,0,0,0,0.14295189,0.01968117,0.41806293,0.44114456,0.02567528,2.12810016,0.43379831,-0.10883609,1.10883609,-1.88662153
52600,0.32863936,0.32863936,43,0.98643144,0.31116246,nan,0.00000000,0,0,0,0.14154606,0.01861468,0.24959803,0.26366115,0.01052478,2.22593164,0.46077803,-0.06103577,1.06103577,0.86700520
52700,0.18310057,0.18310057,27,0.93279449,0.13862245,nan,0.00000000,0,0,0,0.14807980,0.02574163,0.38790753,0.41047564,0.00424963,3.34239578,1.06142282,-0.05560036,1.05560036,-0.22550666
52800,0.32219911,0.32219911,22,0.88919684,0.20142621,nan,0.00000000,0,0,0,0.11358085,0.01334032,0.56143552,0.59415060,0.00527864,2.23110294,0.53502238,-0.12012260,1.12012260,0.19455123
52900,0.20843159,0.20843159,21,0.87754357,0.12360564,nan,0.00000000,0,0,0,0.12718399,0.01486979,0.11075456,0.11649841,0.01310921,2.31926966,0.65792477,-0.00525183,1.00525183,0.74411596
53000,0.32041276,0.32041276,16,0.79810348,0.13000098,nan,0.00000000,0,0,0,0.47316086,0.01150461,1.88109422,1.98866785,0.05234156,10.83692646,0.32706836,0.23715031,0.76284969,11.68016243
53100,0.51338983,0.51338983,29,0.94497678,0.40938489,nan,0.00000000,0,0,0,0.13839990,0.01743127,1.26363730,1.33796740,0.00002850,2.01792026,0.57008976,-0.08918656,1.08918656,3.46504570
53200,0.21663103,0.21663103,47,0.99090472,0.20885662,nan,0.00000000,0,0,0,0.11469698,0.00938446,0.15871570,0.16461319,0.05845814,1.69649327,0.25802004,0.09314169,0.90685831,-2.26450572
53300,0.36402902,0.36402902,25,0.91791500,0.25843175,nan,0.00000000,0,0,0,0.12714928,0.01455253,0.26243383,0.27568015,0.03724605,2.32980824,0.55977464,0.11873907,0.88126093,1.07966473
53400,0.33117771,0.33117771,16,0.79810348,0.13436864,nan,0.00000000,0,0,0,0.09458348,0.01357558,0.26565969,0.28118655,0.00170295,1.50169647,0.36408898,-0.21431892,1.21431892,-3.65633400
53500,0.54771066,0.54771066,8,0.55067104,0.05036399,nan,0.00000000,0,0,0,0.08578993,0.01777557,0.50238109,0.53042400,0.02565261,1.41240895,0.54601091,-0.20158790,1.20158790,2.24146008
53600,1.03634751,1.03634751,54,0.99548342,1.01775098,nan,0.00000000,0,0,0,0.09492990,0.01116067,1.21093667,1.27769506,0.07604276,1.61589479,0.39063695,-0.07450820,1.07450820,4.22419771
53700,0.40870351,0.40870351,28,0.93918994,0.31799631,nan,0.00000000,0,0,0,0.08925129,0.01805275,0.40209308,0.42569202,0.00091092,1.48660743,0.50374556,0.01795162,0.98204838,-1.23401806
53800,0.09191017,0.09191017,39,0.97975809,0.08469134,nan,0.00000000,0,0,0,0.09257418,0.00733583,0.17843911,0.18884699,0.00150505,1.52889061,0.24760945,0.14241548,0.85758452,-4.53080273
53900,2.17200351,2.17200351,11,0.66712892,0.43022890,nan,0.00000000,0,0,0,0.09293234,0.02101649,3.10609746,3.28790569,0.01535776,1.27586448,0.45665073,0.21124239,0.78875761,23.34104983
54000,0.38980529,0.38980529,18,0.83470111,0.18922203,nan,0.00000000,0,0,0,0.57586193,0.00695782,2.09981441,2.21196365,0.19327752,13.92266655,0.18817993,0.23509660,0.76490340,14.72479897
54100,0.58741814,0.58741814,3,0.25918178,0.00265073,nan,0.00000000,0,0,0,0.62769550,0.01571317,6.87913704,7.26331854,0.34805700,14.53868294,0.64269745,0.04360478,0.95639522,16.60988045
54200,0.13450471,0.13450471,64,0.99833844,0.13361298,nan,0.00000000,0,0,0,0.14038268,0.00920093,0.21963756,0.23245418,0.00175508,1.78055620,0.40185165,-0.05889652,1.05889652,-2.39342523
54300,0.23426154,0.23426154,14,0.75340304,0.07547628,nan,0.00000000,0,0,0,0.10249618,0.01447222,0.23086855,0.24389578,0.00940539,1.33689141,0.46789706,0.09569255,0.90430745,-3.37214479
54400,0.32040542,0.32040542,55,0.99591323,0.31519975,nan,0.00000000,0,0,0,0.11863775,0.01618964,0.22417256,0.23418975,0.05388035,1.48072577,0.43215340,0.14205692,0.85794308,-0.87303162
54500,0.16442586,0.16442586,73,0.99932446,0.16398201,nan,0.00000000,0,0,0,0.13692613,0.01478374,0.07298575,0.07313571,0.07043652,1.91516364,0.52539337,-0.01738243,1.01738243,-2.09101450
54600,0.19141400,0.19141400,42,0.98500442,0.18018823,nan,0.00000000,0,0,0,0.08529268,0.01457737,0.20148651,0.21304969,0.00491217,0.88171887,0.26938471,-0.07597776,1.07597776,-5.63708115
54700,0.63066959,0.63066959,38,0.97762923,0.57610096,nan,0.00000000,0,0,0,0.07380548,0.00879333,0.17711131,0.18733104,0.00337587,0.72680175,0.17615512,-0.06743167,1.06743167,-2.73172824
54800,0.10430305,0.10430305,53,0.99500841,0.10223603,nan,0.02753272,0,0,0,0.10703879,0.01197283,0.04962698,0.05124599,0.02210382,1.34345508,0.26609805,0.04106616,0.95893384,-4.72785854
54900,0.63543999,0.63543999,98,0.99994455,0.63529906,nan,0.00000000,0,0,0,0.08971215,0.01646030,0.38426507,0.40067148,0.10535571,1.11519790,0.38408551,0.17229800,0.82770200,0.08694541
55000,0.71145082,0.71145082,61,0.99775713,0.70508950,nan,0.00000000,0,0,0,0.60136932,0.01041490,4.92931890,5.19359207,0.43668088,13.40139389,0.35671443,0.15747435,0.84252565,17.16779709
55100,0.14650850,0.14650850,75,0.99944692,0.14618464,nan,0.11265205,0,0,0,0.11451033,0.01355028,0.08640904,0.09060828,0.01502204,1.19143188,0.34505060,-0.01219557,1.01219557,-4.69384956
55200,0.36089647,0.36089647,72,0.99925341,0.35981991,nan,0.03233799,0,0,0,0.08024219,0.01507869,0.34747207,0.36790222,0.00016003,1.36767006,0.70375639,0.04564887,0.95435113,-5.74559546
55300,0.51335210,0.51335210,12,0.69880579,0.12241688,nan,0.00000000,0,0,0,0.06760367,0.01309947,0.23339190,0.24406461,0.05195603,0.79974627,0.24917859,-0.07169762,1.07169762,-3.49123875
55400,0.10587394,0.10587394,150,0.99999969,0.10587381,nan,0.00000000,0,0,0,0.09594725,0.00696055,0.12096825,0.12756772,0.00877729,1.24326110,0.20408924,0.03709190,0.96290810,-5.95231358
55500,0.68889594,0.68889594,38,0.97762923,0.62928928,nan,0.00000000,0,0,0,0.11679289,0.01236322,0.89651424,0.94327021,0.10166216,1.32406509,0.26628458,-0.11798994,1.11798994,3.78761693
55600,0.64441985,0.64441985,14,0.75340304,0.20762439,nan,0.11404267,0,0,0,0.12655646,0.01583011,0.60345829,0.63340443,0.09437313,1.76057625,0.48897403,0.13928086,0.86071914,3.85300899
55700,0.09607890,0.09607890,39,0.97975809,0.08853265,nan,0.01121063,0,0,0,0.12312105,0.01241464,0.11939640,0.12634712,0.00123403,1.03993845,0.17821884,-0.01961364,1.01961364,-5.65239827
55800,0.55952835,0.55952835,51,0.99390325,0.54600742,nan,0.00000000,0,0,0,0.10608967,0.01360506,0.40379474,0.42746520,0.00139677,1.23110151,0.40520403,0.03260863,0.96739137,-2.34286153
55900,0.52457637,0.52457637,20,0.86466472,0.29322411,nan,0.00302987,0,0,0,0.12718004,0.01280658,0.42349371,0.44824371,0.00274412,1.09432721,0.32167292,0.04192579,0.95807421,-0.68348102
56000,0.65559977,0.65559977,55,0.99591323,0.64494815,nan,0.00196901,0,0,0,0.62865442,0.01099113,1.92449296,1.97943187,0.99053252,14.31434155,0.45874733,0.17828896,0.82171104,17.74912167
56100,0.34391177,0.34391177,13,0.72746821,0.09631704,nan,0.10875693,0,0,0,0.13253625,0.02656518,0.47762564,0.50212699,0.06110278,1.73931170,0.85236508,0.07047885,0.92952115,3.06450081
56200,0.22680174,0.22680174,166,0.99999994,0.22680168,nan,0.00000000,0,0,0,0.16931312,0.01321804,0.54826093,0.57949728,0.01724285,1.78402305,0.50698656,-0.19141621,1.19141621,0.46494810
56300,0.26536465,0.26536465,62,0.99797057,0.26321704,nan,0.00000000,0,0,0,0.15090500,0.00932043,0.34552383,0.36571750,0.00223131,1.53023911,0.34246090,-0.00048993,1.00048993,-1.47507703
56400,0.39436910,0.39436910,16,0.79810348,0.16000726,nan,0.00000000,0,0,0,0.10965392,0.01198886,0.57579541,0.60865349,0.01720822,1.27760041,0.30160406,-0.15347893,1.15347893,-2.87113416
56500,0.30978012,0.30978012,160,0.99999989,0.30977998,nan,0.00000000,0,0,0,0.16720857,0.01450827,0.31499985,0.32689634,0.11275963,2.00989270,0.35996616,-0.07558304,1.07558304,-0.46617786
56600,0.32260752,0.32260752,9,0.59343034,0.04000861,nan,0.00000000,0,0,0,0.07787687,0.01284606,0.31434834,0.32975778,0.05238766,1.11856210,0.39194435,0.02297784,0.97702216,-4.01537263
56700,0.29976398,0.29976398,41,0.98342732,0.28038097,nan,0.00000000,0,0,0,0.09734101,0.02243614,0.16247362,0.16294551,0.15445162,1.41276741,0.47063574,-0.09311105,1.09311105,-3.29394305
56800,0.31097156,0.31097156,8,0.55067104,0.02859497,nan,0.00000000,0,0,0,0.06449174,0.01003180,0.04030391,0.04097056,0.02897096,0.79750401,0.30564609,0.03162434,0.96837566,-6.04103909
56900,0.36684635,0.36684635,60,0.99752125,0.36322257,nan,0.00000000,0,0,0,0.09010410,0.00642966,0.79696059,0.84302837,0.01380876,1.10955727,0.15898788,-0.13357657,1.13357657,-4.86678901
57000,0.38875926,0.38875926,47,0.99090472,0.37480755,nan,0.00191217,0,0,0,0.66103625,0.01029893,3.76021314,3.96751976,0.23599817,14.85834217,0.35481513,0.02348080,0.97651920,16.15532160
57100,0.30354103,0.30354103,57,0.99665403,0.29949883,nan,0.18436484,0,0,0,0.18431173,0.01969931,0.45048565,0.47534779,0.02782954,1.48961449,0.48819050,0.05579799,0.94420201,0.50443837
57200,0.15668076,0.15668076,72,0.99925341,0.15621338,nan,0.08202205,0,0,0,0.11511242,0.01388154,0.13740836,0.14525762,0.00397076,1.01892138,0.36413315,0.01971092,0.98028908,-4.56488562
57300,0.08795629,0.08795629,29,0.94497678,0.07013769,nan,0.05213301,0,0,0,0.10401325,0.01042392,0.09739866,0.10310596,0.00037444,1.47098684,0.21870393,0.03711324,0.96288676,-5.30818796
57400,0.42323923,0.42323923,166,0.99999994,0.42323913,nan,0.00000000,0,0,0,0.12212256,0.00665243,0.25791728,0.27286121,0.00387094,1.18501389,0.19167787,-0.06318161,1.06318161,-3.00134941
57500,0.15783921,0.15783921,71,0.99917490,0.15731892,nan,0.02807039,0,0,0,0.10138638,0.01566284,0.25537479,0.27015725,0.00407331,1.45606089,0.35869816,-0.02462976,1.02462976,-3.60675871
57600,0.09819771,0.09819771,54,0.99548342,0.09643562,nan,0.00000000,0,0,0,0.08367468,0.01176804,0.13611804,0.14376421,0.00613307,1.22040927,0.36583084,0.07624088,0.92375912,-6.74043770
57700,0.66142452,0.66142452,92,0.99989896,0.66115724,nan,0.03762102,0,0,0,0.13971467,0.00956274,0.62770027,0.65162838,0.22092238,1.45803583,0.37080130,0.13933493,0.86066507,0.26686054
57800,0.20291853,0.20291853,144,0.99999944,0.20291808,nan,0.04336642,0,0,0,0.08904151,0.01256111,0.06458846,0.06837370,0.00023935,1.33325958,0.38565004,0.07800491,0.92199509,-4.29308623
57900,0.19525075,0.19525075,60,0.99752125,0.19332202,nan,0.05320693,0,0,0,0.09392358,0.01099219,0.03561695,0.03015681,0.12843935,1.41760182,0.43394905,0.03450137,0.96549863,-2.94430971
58000,1.78857148,1.78857148,73,0.99932446,1.78374337,nan,0.05281908,0,0,0,0.52870530,0.00858873,3.47156882,3.59395242,1.39104676,10.74383545,0.20959955,0.08131805,0.91868195,26.61372248
58100,3.13635635,3.13635635,21,0.87754357,1.85994524,nan,0.45274403,0,0,0,0.27819908,0.03953823,2.36648321,2.25186324,4.31502485,3.42561030,1.29849839,-0.04810687,1.04810687,39.49033864
58200,0.14828287,0.14828287,84,0.99977513,0.14814954,nan,0.51518636,0,0,0,0.46036944,0.01086251,0.57477558,0.60856849,0.00029638,4.14776087,0.23723859,-0.04808950,1.04808950,6.64053679
58300,0.44887319,0.44887319,53,0.99500841,0.43997770,nan,0.41999863,0,0,0,0.30595106,0.02828919,0.32787725,0.34716403,0.00000193,2.23259997,0.94753718,0.03236487,0.96763513,5.01025518
58400,0.22762799,0.22762799,28,0.93918994,0.17710849,nan,0.47455401,0,0,0,0.46257073,0.02311532,0.66291690,0.69549906,0.10901951,3.77789140,0.52278543,-0.01040888,1.01040888,6.61226881
58500,0.29494816,0.29494816,84,0.99977513,0.29468295,nan,0.49103687,0,0,0,0.42075014,0.01727860,1.47932792,1.56531394,0.01756661,3.89262342,0.38518268,-0.10999180,1.10999180,6.47788572
58600,1.78194153,1.78194153,4,0.32967995,0.02105056,nan,0.49683819,0,0,0,0.31358567,0.02462624,3.10969377,3.27617455,0.27951947,2.25651288,0.75862479,-0.00308163,1.00308163,20.96040154
58700,0.65715510,0.65715510,21,0.87754357,0.38971098,nan,0.55243095,0,0,0,0.43625641,0.07740340,2.54712605,2.69612312,0.01417711,6.21862364,3.47771454,0.05656505,0.94343495,16.93323860
58800,0.15681690,0.15681690,28,0.93918994,0.12201314,nan,0.40900484,0,0,0,0.33258712,0.03915745,0.41634509,0.43816182,0.04546080,4.74445915,0.82948714,-0.04325365,1.04325365,6.34599328
58900,0.11068267,0.11068267,40,0.98168436,0.10279385,nan,0.26948630,0,0,0,0.16607316,0.01883754,0.42436445,0.44785246,0.02506832,2.29236507,0.46714646,0.01318492,0.98681508,0.63608960
59000,0.71160853,0.71160853,100,0.99995460,0.71147931,nan,0.19955241,0,0,0,0.74668956,0.01028313,4.22379494,4.42083311,0.87414199,17.33523178,0.27990022,0.21446344,0.78553656,19.41180038
59100,1.32061243,1.32061243,13,0.72746821,0.36985496,nan,0.37118505,0,0,0,0.24190813,0.02768642,1.71454215,1.81539464,0.00005216,3.53650188,0.73490655,0.08267353,0.91732647,16.90828005
59200,0.25554478,0.25554478,10,0.63212056,0.04080061,nan,0.44188031,0,0,0,0.22453435,0.01415557,0.24710420,0.25816971,0.05899036,3.00477767,0.25554249,-0.08117156,1.08117156,2.16526977
59300,0.43239671,0.43239671,39,0.97975809,0.39843530,nan,0.31916428,0,0,0,0.21512938,0.01412969,0.25523898,0.26945305,0.01359993,1.93349671,0.16139650,-0.08294830,1.08294830,2.67018207
59400,0.28373086,0.28373086,28,0.93918994,0.22075996,nan,0.24569600,0,0,0,0.12785730,0.01228571,0.62591612,0.66248554,0.00423602,1.43886065,0.28252253,0.14395636,0.85604364,-1.24641562
59500,0.30206123,0.30206123,149,0.99999966,0.30206082,nan,0.15268429,0,0,0,0.15663010,0.00889227,0.53702134,0.56594241,0.04536250,1.40438819,0.16476201,-0.22018782,1.22018782,-2.30171812
59600,0.76486385,0.76486385,30,0.95021293,0.62354511,nan,0.00654669,0,0,0,0.14394674,0.01490039,0.40532249,0.42877936,0.00655587,1.34141958,0.36514580,0.05197802,0.94802198,3.62132984
59700,0.32700744,0.32700744,67,0.99876909,0.32540034,nan,0.00000000,0,0,0,0.11822767,0.00830325,0.41105989,0.43277326,0.04193226,1.21899641,0.20104021,0.02361190,0.97638810,-2.27863944
59800,0.40115768,0.40115768,49,0.99255342,0.38934147,nan,0.00000000,0,0,0,0.09371983,0.01222150,0.22444619,0.23621216,0.02442515,1.83540094,0.50723237,0.09540129,0.90459871,0.28996730
59900,0.54372114,0.54372114,30,0.95021293,0.44326145,nan,0.00000000,0,0,0,0.08865768,0.00967560,0.61678350,0.65304840,0.00028039,1.13395894,0.15381750,-0.28861039,1.28861039,-2.39013847
60000,1.62756348,1.62756348,37,0.97527647,1.47247838,nan,0.00000000,0,0,0,0.38646439,0.01574282,3.05154705,3.17809558,0.90022838,6.39069080,0.36966407,0.09305842,0.90694158,20.82512665
60100,0.28846252,0.28846252,134,0.99999848,0.28846077,nan,0.12633344,0,0,0,0.16653451,0.01150362,0.34491375,0.36506304,0.00237549,1.38287532,0.36278918,0.05359016,0.94640984,-1.70604963
60200,0.21170551,0.21170551,114,0.99998880,0.21169603,nan,0.00000000,0,0,0,0.06558746,0.01393446,0.07225534,0.07649183,0.00023489,0.81743044,0.42328262,-0.00926739,1.00926739,-5.83144212
60300,0.22171596,0.22171596,124,0.99999588,0.22171230,nan,0.00000000,0,0,0,0.09327526,0.00923584,0.29967570,0.31619284,0.01888474,1.20268345,0.37809336,0.02515458,0.97484542,-4.59655850
60400,0.11852702,0.11852702,84,0.99977513,0.11842045,nan,0.00000000,0,0,0,0.05716027,0.00960160,0.09267206,0.09789504,0.00388151,0.75914884,0.22823480,-0.03221569,1.03221569,-8.10457738
60500,0.21010941,0.21010941,127,0.99999695,0.21010685,nan,0.00000000,0,0,0,0.08077905,0.01322988,0.45831648,0.48511499,0.00274188,1.16576982,0.39051902,0.13611953,0.86388047,-5.93152267
60600,1.00074720,1.00074720,157,0.99999985,1.00074660,nan,0.00000000,0,0,0,0.06547120,0.01596345,0.24304157,0.24467547,0.21526529,0.74944061,0.21142028,-0.01769791,1.01769791,4.88111472
60700,0.22453856,0.22453856,32,0.95923780,0.19010611,nan,0.00000000,0,0,0,0.07857142,0.00981285,0.56067055,0.59362561,0.00043413,1.07303035,0.15313877,0.17551611,0.82448389,-7.17403972
60800,0.13632402,0.13632402,76,0.99949955,0.13605133,nan,0.00000000,0,0,0,0.06604901,0.01271170,0.13237211,0.13998720,0.00291555,1.08917058,0.26464179,0.12475747,0.87524253,-6.75694644
60900,0.19472882,0.19472882,85,0.99979653,0.19457039,nan,0.00000000,0,0,0,0.04340417,0.00744402,0.21739022,0.23017743,0.00000768,0.79307693,0.28222767,-0.00576885,1.00576885,-9.86077285
61000,0.21822736,0.21822736,35,0.96980262,0.19303791,nan,0.00000000,0,0,0,0.56021619,0.01159751,0.62013495,0.65214658,0.07593677,11.18381023,0.16646422,0.17347536,0.82652464,nan
61100,0.99214447,0.99214447,33,0.96311683,0.85367155,nan,0.28398056,0,0,0,0.15682882,0.01505622,0.92328000,0.96381414,0.23419948,1.75312090,0.30479988,-0.06798606,1.06798606,6.69037708
61200,0.83217835,0.83217835,18,0.83470111,0.40396188,nan,0.64358215,0,0,0,0.54213631,0.02122355,5.40324163,5.69562864,0.43266159,5.26677704,0.69618249,0.09976203,0.90023797,15.66491127
61300,0.33225653,0.33225653,3,0.25918178,0.00149931,nan,0.72722893,0,0,0,0.49239737,0.01570897,0.18567543,0.19116206,0.09240257,3.17908192,0.34158939,-0.00507346,1.00507346,7.27291298
61400,0.26659438,0.26659438,15,0.77686984,0.09710555,nan,0.72358560,0,0,0,0.39790869,0.01304630,0.46748543,0.49377143,0.02062316,2.15075803,0.26456663,0.00129207,0.99870793,2.96601981
61500,0.44711807,0.44711807,55,0.99591323,0.43985368,nan,0.84847216,0,0,0,0.45965943,0.01699470,0.73439926,0.70497847,1.23455286,2.42050099,0.44026220,0.05427837,0.94572163,6.20027676
61600,0.75906414,0.75906414,37,0.97527647,0.68673545,nan,0.93456360,0,0,0,0.39076778,0.02271312,0.73145086,0.74587440,0.48625067,1.75407684,0.71880591,-0.08004632,1.08004632,9.74332151
61700,0.62810874,0.62810874,89,0.99986361,0.62776614,nan,0.91822978,0,0,0,0.45433977,0.01962034,1.64793265,1.73235953,0.21267478,2.16863871,0.25116158,0.08515903,0.91484097,7.88261662
61800,0.16860844,0.16860844,45,0.98889100,0.16124009,nan,0.94924496,0,0,0,0.31364262,0.01275383,0.06375775,0.06543651,0.03521870,1.80810332,0.49510998,0.01017647,0.98982353,-1.47898976
61900,0.76751763,0.76751763,6,0.45118836,0.03180680,nan,0.86520687,0,0,0,0.24877129,0.01227544,0.64554650,0.66227746,0.36112028,1.21062160,0.30009091,-0.00067881,1.00067881,4.52868814
62000,0.67513448,0.67513448,93,0.99990858,0.67488762,nan,0.91516510,0,0,0,0.72385597,0.01229708,4.54035854,4.76131916,0.78402084,12.46033859,0.25564340,0.12807696,0.87192304,18.43774414
62100,0.87288749,0.87288749,55,0.99591323,0.85870556,nan,0.93445474,0,0,0,0.21429150,0.01219621,1.31200552,1.38451743,0.07930178,1.56064177,0.27254662,-0.18503248,1.18503248,5.22230673
62200,0.13243988,0.13243988,105,0.99997246,0.13242529,nan,0.71002837,0,0,0,0.14608866,0.00765757,0.07028201,0.07425311,0.00277329,1.03545666,0.24001040,-0.05855300,1.05855300,-5.54614623
62300,0.27143532,0.27143532,30,0.95021293,0.22128405,nan,0.59477443,0,0,0,0.14122191,0.01778855,0.37113026,0.38738483,0.09480260,1.99798095,0.35792509,0.04552388,0.95447612,-0.88229077
62400,0.20260848,0.20260848,77,0.99954717,0.20224174,nan,0.48182982,0,0,0,0.12282009,0.01485875,0.43851715,0.46430269,0.00016286,1.60592520,0.59611648,0.09232549,0.90767451,-1.62077415
62500,0.44048521,0.44048521,28,0.93918994,0.34272442,nan,0.38286286,0,0,0,0.08991730,0.00571106,0.27303055,0.28396472,0.08714965,1.37738097,0.17571214,0.15225534,0.84774466,-3.95983362
62600,0.51111704,0.51111704,6,0.45118836,0.02118127,nan,0.26216159,0,0,0,0.06733371,0.00908207,0.16543311,0.17511737,0.00080086,0.90843540,0.17919362,0.00908129,0.99091871,-6.27586031
62700,0.44941139,0.44941139,54,0.99548342,0.44134702,nan,0.23201871,0,0,0,0.07700543,0.00730195,0.33281830,0.35237440,0.00036473,1.12562752,0.12505141,-0.11312181,1.11312181,-3.55419559
62800,0.63712853,0.63712853,62,0.99797057,0.63197222,nan,0.11163454,0,0,0,0.06336411,0.01535762,1.78709841,1.89216256,0.00100701,1.15869403,0.45989910,0.02299290,0.97700710,-3.71962674
62900,0.19381803,0.19381803,146,0.99999954,0.19381768,nan,0.11804779,0,0,0,0.09169387,0.00721456,0.13599993,0.13991368,0.06946617,1.53222930,0.16361815,-0.10772302,1.10772302,-5.33595610
63000,0.53911531,0.53911531,118,0.99999250,0.53909913,nan,0.04958227,0,0,0,0.49110433,0.01606769,1.75831938,1.83371902,0.47652486,8.79352093,0.27351761,0.07374981,0.92625019,13.86608195
63100,0.42814103,0.42814103,84,0.99977513,0.42775606,nan,0.18336145,0,0,0,0.13627696,0.01029175,0.32044682,0.33919573,0.00171529,1.03626990,0.21597566,0.05598090,0.94401910,-1.53680293
63200,0.19742364,0.19742364,55,0.99591323,0.19421607,nan,0.10096896,0,0,0,0.08858901,0.01390381,0.11251799,0.11742698,0.02906498,1.21518946,0.28910416,0.10916110,0.89083890,-5.71837695
63300,1.29907501,1.29907501,143,0.99999938,1.29907181,nan,0.00000000,0,0,0,0.12583341,0.00660831,1.05660903,1.11867630,0.00146353,1.03393316,0.14839430,0.17253670,0.82746330,2.97817564
63400,0.45874608,0.45874608,62,0.99797057,0.45503342,nan,0.00000000,0,0,0,0.07234705,0.01258213,0.11132874,0.11316958,0.08003449,0.92253727,0.25380036,0.15257561,0.84742439,-4.07885647
63500,0.39378953,0.39378953,57,0.99665403,0.38854550,nan,0.00000000,0,0,0,0.09052743,0.00999368,0.24077469,0.25474855,0.00321912,1.15600789,0.15518659,0.09563798,0.90436202,-5.22279469
63600,0.43487316,0.43487316,119,0.99999321,0.43486135,nan,0.00000000,0,0,0,0.04927039,0.00642936,0.22151916,0.23408045,0.00797673,0.46693337,0.10187427,0.13803166,0.86196834,-7.28544617
63700,0.85507029,0.85507029,109,0.99998154,0.85500716,nan,0.00000000,0,0,0,0.07037540,0.01070886,0.19632578,0.20673183,0.01942316,1.03980827,0.34768367,0.06088842,0.93911158,0.33542800
63800,0.32373628,0.32373628,96,0.99993227,0.32364858,nan,0.02019581,0,0,0,0.08373120,0.00551225,0.47954485,0.50765127,0.00173607,0.99555153,0.10228222,-0.23833046,1.23833046,-4.69250250
63900,0.30907190,0.30907190,128,0.99999724,0.30906849,nan,0.05376032,0,0,0,0.07684437,0.00771201,0.26799303,0.28340453,0.00599807,0.72174233,0.15590790,0.17550429,0.82449571,-6.96389419
64000,0.44438609,0.44438609,24,0.90928205,0.30377703,nan,0.00000000,0,0,0,0.50907558,0.01374246,2.82611823,2.97854638,0.23483902,9.24061584,0.44457525,0.15027806,0.84972194,12.17822075
64100,0.30725494,0.30725494,86,0.99981589,0.30702873,nan,0.14292953,0,0,0,0.09574252,0.00823426,0.19776331,0.20928398,0.00191190,1.19547284,0.25750494,-0.05324009,1.05324009,-4.20233846
64200,0.29208046,0.29208046,110,0.99998330,0.29206095,nan,0.00000000,0,0,0,0.10789657,0.00620879,0.28757510,0.30340677,0.01843632,0.96646076,0.20030636,0.01224035,0.98775965,-6.44035339
64300,0.19059685,0.19059685,106,0.99997508,0.19057785,nan,0.00000000,0,0,0,0.07099891,0.00912460,0.06691965,0.07084776,0.00014199,0.77970845,0.18518689,0.14170476,0.85829524,-7.59596268
64400,0.57470530,0.57470530,115,0.99998987,0.57468202,nan,0.00000000,0,0,0,0.11125386,0.00642683,0.17061169,0.18051133,0.00231828,0.76952988,0.21170253,-0.00892002,1.00892002,-4.66337836
64500,0.83463645,0.83463645,99,0.99994983,0.83446895,nan,0.00000000,0,0,0,0.05936314,0.01096867,0.26005238,0.27455562,0.01349767,0.81385064,0.33704555,0.18823441,0.81176559,-1.68491491
64600,0.67509896,0.67509896,57,0.99665403,0.66610877,nan,0.00000000,0,0,0,0.06499652,0.01023595,0.11433417,0.10851110,0.21332660,0.82945126,0.25849736,-0.01524218,1.01524218,-5.07796526
64700,0.47953585,0.47953585,48,0.99177025,0.46394382,nan,0.00000000,0,0,0,0.06366274,0.00566850,0.10859202,0.11491415,0.00111586,0.65397429,0.11431008,-0.13566759,1.13566759,-7.80197453
64800,1.12145972,1.12145972,101,0.99995892,1.12127546,nan,0.00000000,0,0,0,0.08950602,0.00658862,1.29142237,1.36629915,0.01851880,0.75911617,0.19551006,0.04351988,0.95648012,-0.12048825
64900,0.50186497,0.50186497,118,0.99999250,0.50184990,nan,0.00000000,0,0,0,0.15175973,0.00873455,0.25993022,0.27413347,0.01847404,1.20732617,0.42466408,0.04454869,0.95545131,-1.35164016
65000,0.62140685,0.62140685,80,0.99966454,0.62057344,nan,0.00000000,0,0,0,0.49770117,0.01832568,2.91152143,3.07578468,0.11904653,9.15793228,0.59243327,-0.01118201,1.01118201,15.07816625
65100,0.56563777,0.56563777,30,0.95021293,0.46112869,nan,0.03796456,0,0,0,0.10518914,0.00920781,0.12032403,0.12714237,0.00441199,0.70275360,0.14359741,-0.05673062,1.05673062,-1.56083870
65200,0.55496806,0.55496806,44,0.98772266,0.52821175,nan,0.00000000,0,0,0,0.05842498,0.00850142,0.14387457,0.14491831,0.12613100,0.55834216,0.18805313,0.03421856,0.96578144,-7.45493476
65300,0.54701734,0.54701734,137,0.99999888,0.54701488,nan,0.00000000,0,0,0,0.06000168,0.00936969,0.17522235,0.18418019,0.02293910,0.76930547,0.27867576,-0.07981627,1.07981627,-4.49591756
65400,0.29188132,0.29188132,61,0.99775713,0.28927151,nan,0.00000000,0,0,0,0.06023934,0.01584233,0.06493931,0.06831792,0.00750315,0.65971500,0.30207199,0.00322627,0.99677373,-5.73758096
65500,0.29626396,0.29626396,190,0.99999999,0.29626396,nan,0.00000000,0,0,0,0.09060568,0.00586990,0.29220372,0.30926365,0.00218483,1.04305196,0.16551623,0.15735612,0.84264388,-6.55274359
65600,0.48120514,0.48120514,107,0.99997746,0.48116174,nan,0.04501766,0,0,0,0.06729166,0.01225533,0.37648028,0.39787728,0.01273148,0.98547733,0.42969462,0.00417924,0.99582076,-5.88249445
65700,0.87011325,0.87011325,22,0.88919684,0.54396058,nan,0.00208283,0,0,0,0.06709972,0.00763623,1.05324316,1.11473453,0.00789064,0.74296963,0.18087189,-0.13102305,1.13102305,-1.79007325
65800,0.46425831,0.46425831,129,0.99999750,0.46425367,nan,0.02532261,0,0,0,0.08555999,0.00854282,0.24623486,0.26056001,0.00270743,1.34756958,0.41362143,-0.09958767,1.09958767,-2.52742715
65900,0.35897762,0.35897762,71,0.99917490,0.35779430,nan,0.00000000,0,0,0,0.06110454,0.01021371,0.28732112,0.29798961,0.10595647,0.82249761,0.29002586,-0.04661352,1.04661352,-8.89630540
66000,0.50438511,0.50438511,207,1.00000000,0.50438511,nan,0.00000000,0,0,0,0.60223156,0.01028127,2.84158659,2.98680687,0.37283745,11.49254799,0.24645308,0.07256652,0.92743348,15.37787762
66100,0.31026918,0.31026918,53,0.99500841,0.30412046,nan,0.02378160,0,0,0,0.06696342,0.01036398,0.13148662,0.13921957,0.00002644,0.69771695,0.28724340,0.07545998,0.92454002,-8.92719364
66200,0.19997585,0.19997585,104,0.99996957,0.19995151,nan,0.00000000,0,0,0,0.06308211,0.01087718,0.26315168,0.27843860,0.00327388,0.73693597,0.17149401,0.14205090,0.85794910,-7.48460738
66300,0.63838273,0.63838273,126,0.99999663,0.63837412,nan,0.00120925,0,0,0,0.13846809,0.01279473,0.21316753,0.22553928,0.00284788,1.09878016,0.38460234,0.11427945,0.88572055,-2.14812529
66400,0.78821456,0.78821456,179,0.99999998,0.78821451,nan,0.00000000,0,0,0,0.07460519,0.01669241,1.73856270,1.84082639,0.00008207,1.34826446,0.65553659,0.09068503,0.90931497,nan
66500,0.31572521,0.31572521,36,0.97267628,0.28260676,nan,0.00000000,0,0,0,0.08525946,0.00938457,0.39032412,0.41129336,0.03384649,1.28159213,0.28673780,-0.20164133,1.20164133,-4.58026156
66600,0.41841915,0.41841915,201,1.00000000,0.41841915,nan,0.00000000,0,0,0,0.07410358,0.01016754,0.05543716,0.05500847,0.06272485,1.04925585,0.21079570,0.07947169,0.92052831,-5.10132217
66700,0.24481450,0.24481450,69,0.99899221,0.24382911,nan,0.00000000,0,0,0,0.12557042,0.01054653,0.06043155,0.06398594,0.00000699,0.85308540,0.20848550,0.01079507,0.98920493,-3.45412588
66800,0.39755923,0.39755923,57,0.99665403,0.39226499,nan,0.00000000,0,0,0,0.07999130,0.00737449,0.23659280,0.24860442,0.03239535,0.93837547,0.19933668,0.11936308,0.88063692,-5.49882889
66900,0.31707537,0.31707537,122,0.99999497,0.31706899,nan,0.00000000,0,0,0,0.05925559,0.00666282,0.16653122,0.17631795,0.00015704,0.76061779,0.16606344,0.03960143,0.96039857,-7.67801269
67000,1.13805532,1.13805532,167,0.99999994,1.13805507,nan,0.00000000,0,0,0,0.51730126,0.01397110,3.52334881,3.65934801,1.21136212,9.44280052,0.29168823,-0.02924363,1.02924363,20.25742912
67100,1.06340432,1.06340432,112,0.99998633,1.06334616,nan,0.21846233,0,0,0,0.46714389,0.02371632,4.48459387,4.74808359,0.00526246,5.85649776,0.29394224,-0.11286888,1.11286888,17.42811203
67200,0.13535081,0.13535081,205,1.00000000,0.13535081,nan,0.40631068,0,0,0,0.09245013,0.00615548,0.03440557,0.03233793,0.06955560,0.64347881,0.09538089,-0.01109884,1.01109884,-9.60586953
67300,0.63816345,0.63816345,88,0.99984927,0.63777877,nan,0.17091587,0,0,0,0.13805479,0.00884003,0.57590836,0.60960424,0.00307882,0.85667139,0.17599119,0.05586125,0.94413875,-0.90722042
67400,1.04109883,1.04109883,163,0.99999992,1.04109849,nan,0.07181636,0,0,0,0.08822776,0.00829620,0.31556934,0.33401674,0.00196385,0.83598208,0.32898125,-0.02217316,1.02217316,1.95568982
67500,0.57651198,0.57651198,54,0.99548342,0.56616688,nan,0.00000000,0,0,0,0.07246176,0.00658811,1.00751472,1.06537437,0.02390194,0.78907275,0.17013001,-0.00521187,1.00521187,-2.28102932
67600,0.24577802,0.24577802,174,0.99999997,0.24577800,nan,0.00000000,0,0,0,0.06406401,0.01339961,0.25391892,0.26613480,0.04624896,0.85611558,0.32892296,0.08370572,0.91629428,-5.94760990
67700,0.58559972,0.58559972,33,0.96311683,0.50386797,nan,0.00000000,0,0,0,0.04737306,0.00860285,0.12556767,0.12975128,0.05444651,0.59446728,0.30509934,0.06374489,0.93625511,-6.11669636
67800,0.43428242,0.43428242,100,0.99995460,0.43420356,nan,0.00000000,0,0,0,0.08398622,0.00549961,0.13920012,0.14596315,0.02422846,0.90862262,0.17567497,-0.04005880,1.04005880,-4.17749500
67900,0.51008332,0.51008332,29,0.94497678,0.40674823,nan,0.00000000,0,0,0,0.14457375,0.01011331,0.16091239,0.17037761,0.00000369,1.04777086,0.32930499,-0.01969394,1.01969394,-1.71726668
68000,0.54626441,0.54626441,72,0.99925341,0.54463490,nan,0.00000000,0,0,0,0.52776062,0.01380469,1.02966833,1.05754757,0.55572069,8.12245941,0.21292435,0.20518938,0.79481062,13.35348892
68100,0.15168338,0.15168338,75,0.99944692,0.15134808,nan,0.12175331,0,0,0,0.65842581,0.02306001,0.85990345,0.90937221,0.01893489,4.82367373,0.55651742,-0.01938041,1.01938041,8.62464778
68200,0.32777071,0.32777071,295,1.00000000,0.32777071,nan,0.03033219,0,0,0,0.07962367,0.00678940,0.10657053,0.10629562,0.11124405,1.05222833,0.14033763,-0.21609845,1.21609845,-6.00005555
68300,0.67487502,0.67487502,38,0.97762923,0.61648152,nan,0.00000000,0,0,0,0.13691521,0.00578592,0.26078063,0.26743412,0.14767113,1.38278115,0.13932745,0.19101838,0.80898162,1.10953128
68400,0.71833640,0.71833640,53,0.99500841,0.70410086,nan,0.00000000,0,0,0,0.09619209,0.01458140,0.32027829,0.33847591,0.01091887,1.20888078,0.29332399,-0.14628568,1.14628568,1.51872486
68500,0.41640118,0.41640118,103,0.99996637,0.41634516,nan,0.00000000,0,0,0,0.05952358,0.00758430,0.11627837,0.12205356,0.01809985,0.80869484,0.19345064,-0.11140642,1.11140642,-5.28282738
68600,0.78824431,0.78824431,75,0.99944692,0.78650189,nan,0.00000000,0,0,0,0.08768981,0.00883610,0.45868948,0.48463199,0.01766653,0.95128548,0.29575112,-0.04374148,1.04374148,-1.10732249
68700,0.42116249,0.42116249,54,0.99548342,0.41360502,nan,0.00000000,0,0,0,0.10499454,0.00819341,0.26274502,0.27819362,0.00011871,0.95503289,0.21477680,0.00194097,0.99805903,-3.31078839
68800,0.98224759,0.98224759,88,0.99984927,0.98165550,nan,0.00000000,0,0,0,0.14698805,0.00950627,0.40178525,0.42187130,0.06032246,1.01955903,0.26463684,0.04423843,0.95576157,-0.20392990
68900,0.54028732,0.54028732,99,0.99994983,0.54017889,nan,0.00000000,0,0,0,0.18043894,0.01350991,0.85534954,0.90564364,0.00035033,1.44993436,0.34500390,0.00759113,0.99240887,1.29783893
69000,0.66587090,0.66587090,76,0.99949955,0.66453896,nan,0.00224887,0,0,0,0.61602998,0.01741794,1.98408842,2.05798125,0.72791153,8.52686691,0.31427145,0.18432556,0.81567444,15.58609152
69100,0.40414545,0.40414545,48,0.99177025,0.39100472,nan,0.10312879,0,0,0,0.19519548,0.00934311,0.24579236,0.26020083,0.00084830,1.11301017,0.15596975,-0.01700522,1.01700522,-1.79907560
69200,0.65073365,0.65073365,142,0.99999932,0.65073188,nan,0.00018975,0,0,0,0.26396859,0.00740058,1.17942059,1.24811912,0.01154515,1.27349818,0.24129336,-0.07456420,1.07456420,-0.01942825
69300,0.40330946,0.40330946,88,0.99984927,0.40306635,nan,0.00000000,0,0,0,0.06349653,0.00639364,0.42567086,0.44845891,0.03827402,0.71147394,0.12576765,0.06093085,0.93906915,-3.59198201
69400,0.32001916,0.32001916,129,0.99999750,0.32001596,nan,0.00000000,0,0,0,0.06281081,0.01082717,0.32522619,0.34390920,0.00761539,0.80599052,0.34135014,-0.15016706,1.15016706,-4.42323339
69500,0.54406792,0.54406792,184,0.99999999,0.54406790,nan,0.00000000,0,0,0,0.06855239,0.00669658,0.81114411,0.85883451,0.00040739,0.81872457,0.15363330,0.04791275,0.95208725,-3.93313336
69600,0.08691709,0.08691709,173,0.99999997,0.08691708,nan,0.00000000,0,0,0,0.06759970,0.00819251,0.06116549,0.06475129,0.00020692,0.62757432,0.20216541,0.02361743,0.97638257,-9.95192591
69700,1.43021190,1.43021190,270,1.00000000,1.43021190,nan,0.00000000,0,0,0,0.06160248,0.00894203,0.28087273,0.29739466,0.00000006,0.61910319,0.20680416,0.16378595,0.83621405,2.46574938
69800,0.31525907,0.31525907,18,0.83470111,0.15303528,nan,0.00000000,0,0,0,0.04804478,0.01004363,0.34897158,0.36921826,0.00477747,0.66682231,0.23126867,0.01857901,0.98142099,-8.84628525
69900,0.51133305,0.51133305,234,1.00000000,0.51133305,nan,0.00000000,0,0,0,0.04953937,0.00877405,0.29950339,0.31697366,0.00250850,0.62684041,0.12890905,-0.11853494,1.11853494,-8.08133018
70000,0.24435145,0.24435145,141,0.99999925,0.24435071,nan,0.00000000,0,0,0,0.62269920,0.01042085,1.24142897,1.29800081,0.27970958,10.15756702,0.32074851,0.12320261,0.87679739,12.62262535
70100,0.30444250,0.30444250,14,0.75340304,0.09808774,nan,0.09964629,0,0,0,0.37937745,0.02008449,0.55019528,0.58108419,0.02508299,5.33311844,0.66542268,-0.03550211,1.03550211,8.28548276
70200,0.19126745,0.19126745,152,0.99999975,0.19126725,nan,0.05521213,0,0,0,0.12446681,0.00663436,0.06806633,0.07181352,0.00436414,0.90653610,0.13939680,-0.10060589,1.10060589,-5.27029530
70300,0.26952010,0.26952010,74,0.99938875,0.26886173,nan,0.00000000,0,0,0,0.07278112,0.00915904,0.13994759,0.14804333,0.00232010,0.93606484,0.20895842,0.03842582,0.96157418,-4.73343635
70400,0.28386524,0.28386524,390,1.00000000,0.28386524,nan,0.00000000,0,0,0,0.05035221,0.01665174,0.28159964,0.29808894,0.00128101,0.72310555,0.38951415,-0.13295630,1.13295630,-5.86295112
70500,0.12254056,0.12254056,110,0.99998330,0.12253237,nan,0.00000000,0,0,0,0.06020551,0.00627780,0.05248702,0.05520095,0.00635021,0.84502274,0.15760490,0.01705834,0.98294166,-10.12665621
70600,0.76932627,0.76932627,268,1.00000000,0.76932627,nan,0.00000000,0,0,0,0.15947315,0.00959952,1.53867280,1.62779415,0.02361020,1.07479358,0.16240372,0.09884629,0.90115371,0.57402256
70700,0.15829605,0.15829605,79,0.99962926,0.15806143,nan,0.00000000,0,0,0,0.05602656,0.00917464,0.03321944,0.03451513,0.01119276,0.66257328,0.25555569,0.04375184,0.95624816,-10.69217181
70800,0.27553114,0.27553114,221,1.00000000,0.27553114,nan,0.00000000,0,0,0,0.06746532,0.01443344,0.04096779,0.04310542,0.00462815,0.64165312,0.30846938,-0.01449093,1.01449093,-6.36773133
70900,1.17796707,1.17796707,156,0.99999983,1.17796628,nan,0.00000000,0,0,0,0.12172875,0.00917544,0.51464856,0.53857368,0.10792109,0.68271339,0.14721383,0.06761573,0.93238427,5.93101311
71000,0.35871065,0.35871065,162,0.99999991,0.35871051,nan,0.00000000,0,0,0,0.52522784,0.00970443,1.51931167,1.60270786,0.10157652,9.18550396,0.25489584,-0.00731704,1.00731704,12.94574642
71100,0.26759231,0.26759231,198,1.00000000,0.26759231,nan,0.00000000,0,0,0,0.21566103,0.01558263,0.32871088,0.34785876,0.00319673,1.18255699,0.30935580,-0.04918754,1.04918754,-0.84816456
71200,0.28005332,0.28005332,231,1.00000000,0.28005332,nan,0.00000000,0,0,0,0.09703832,0.01523708,0.21748096,0.22982967,0.00755258,1.04222918,0.44065347,-0.10374077,1.10374077,-5.63349978
71300,0.19945098,0.19945098,42,0.98500442,0.18775387,nan,0.00000000,0,0,0,0.08821469,0.01772954,0.13926223,0.14613149,0.02248476,0.83063710,0.39752764,0.07856383,0.92143617,-1.92910552
71400,0.22707947,0.22707947,122,0.99999497,0.22707490,nan,0.00000000,0,0,0,0.05073490,0.00787309,0.15101027,0.15989214,0.00001843,0.68061960,0.21140364,-0.03729883,1.03729883,-9.77135849
71500,0.49657333,0.49657333,252,1.00000000,0.49657333,nan,0.00000000,0,0,0,0.07679884,0.01402497,0.37316060,0.39371184,0.02378941,0.82285237,0.33910787,-0.02133254,1.02133254,-1.60593390
71600,0.22482078,0.22482078,123,0.99999545,0.22481668,nan,0.00000000,0,0,0,0.05434872,0.00754343,0.12366227,0.13023430,0.01193782,0.74637258,0.21635808,-0.05591033,1.05591033,-8.99162602
71700,0.62733924,0.62733924,183,0.99999999,0.62733922,nan,0.00000000,0,0,0,0.14864273,0.00967915,0.66409898,0.70306540,0.00166968,1.11421275,0.22093147,-0.10825611,1.10825611,-0.88046724
71800,0.22173637,0.22173637,126,0.99999663,0.22173338,nan,0.00000000,0,0,0,0.05219638,0.00770157,0.05313245,0.05549200,0.01302011,0.79755223,0.22673938,-0.03608415,1.03608415,-9.74790549
71900,1.05839491,1.05839491,89,0.99986361,1.05781761,nan,0.00000000,0,0,0,0.21421920,0.00904349,1.03904676,1.09621704,0.06715602,1.16738153,0.20775443,0.12781374,0.87218626,5.32033817
72000,0.43465349,0.43465349,166,0.99999994,0.43465338,nan,0.00000000,0,0,0,0.56300288,0.01676030,2.63750744,2.79011989,0.04309828,9.50180435,0.61543244,-0.03485238,1.03485238,13.76306133
72100,0.26871362,0.26871362,143,0.99999938,0.26871296,nan,0.00441738,0,0,0,0.07698455,0.01172311,0.13086933,0.13402292,0.07725810,0.79733616,0.34019494,-0.06334781,1.06334781,-6.65688056
72200,0.07997975,0.07997975,271,1.00000000,0.07997975,nan,0.00000000,0,0,0,0.12161042,0.00744891,0.03410877,0.03581512,0.00510084,0.87741840,0.17443843,-0.00355625,1.00355625,-8.37516975
72300,0.57152867,0.57152867,106,0.99997508,0.57147171,nan,0.00000000,0,0,0,0.06594516,0.01250962,0.50248379,0.53198761,0.00091955,0.69793493,0.25954854,-0.07992043,1.07992043,-6.64975897
72400,1.40088081,1.40088081,200,1.00000000,1.40088080,nan,0.00000000,0,0,0,0.09278778,0.00695998,0.89603329,0.94635415,0.04057822,0.86305290,0.13220605,0.16136674,0.83863326,4.32165670
72500,0.24736241,0.24736241,180,0.99999998,0.24736239,nan,0.00000000,0,0,0,0.09597711,0.00781761,0.17619991,0.18624084,0.00550374,0.94023949,0.18709597,-0.09506602,1.09506602,-6.01727104
72600,0.34334412,0.34334412,239,1.00000000,0.34334412,nan,0.00000000,0,0,0,0.05019432,0.00536640,0.12561414,0.13252270,0.00816845,0.65349782,0.12782425,0.11419596,0.88580404,-13.72587967
72700,0.39580584,0.39580584,350,1.00000000,0.39580584,nan,0.00000000,0,0,0,0.07658544,0.00898161,0.20816538,0.21897072,0.02447486,0.91460162,0.21831526,-0.17647587,1.17647587,-8.06405115
72800,0.34468779,0.34468779,194,1.00000000,0.34468778,nan,0.00000000,0,0,0,0.05572987,0.00900073,0.21187364,0.22320284,0.01927733,0.84071660,0.33269528,0.10475447,0.89524553,-4.47513048
72900,0.25436136,0.25436136,143,0.99999938,0.25436073,nan,0.00000000,0,0,0,0.04764381,0.01007549,0.52278048,0.55349666,0.00060523,0.74498677,0.36777237,0.09592892,0.90407108,-4.13827145
73000,0.20048486,0.20048486,176,0.99999998,0.20048484,nan,0.00000000,0,0,0,0.62397879,0.01232869,1.05177736,1.09421277,0.33037403,10.01922798,0.30721962,0.12024029,0.87975971,12.59630807
73100,0.25409698,0.25409698,248,1.00000000,0.25409698,nan,0.00463161,0,0,0,0.08925384,0.00689651,0.10591692,0.11214728,0.00000080,1.20853508,0.17513554,0.22312780,0.77687220,-5.55374599
73200,0.33347514,0.33347514,216,1.00000000,0.33347514,nan,0.00000000,0,0,0,0.04897392,0.00470540,0.12164349,0.12556067,0.05505134,0.56305671,0.08988944,-0.16083719,1.16083719,nan
73300,0.42202342,0.42202342,101,0.99995892,0.42195407,nan,0.00000000,0,0,0,0.05329050,0.01077043,0.14004846,0.14827010,0.00028055,0.70297474,0.34033087,-0.06409139,1.06409139,-6.99930763
73400,0.22582051,0.22582051,88,0.99984927,0.22568439,nan,0.00000000,0,0,0,0.03912632,0.00756070,0.13557516,0.14353792,0.00020827,0.48821634,0.21731326,-0.02210399,1.02210399,-9.08159173
73500,0.26800314,0.26800314,264,1.00000000,0.26800314,nan,0.00000000,0,0,0,0.04373279,0.00892101,0.16450946,0.17415661,0.00050781,0.48175588,0.15371390,-0.07348304,1.07348304,-10.08644848
73600,0.05144842,0.05144842,147,0.99999959,0.05144834,nan,0.00000000,0,0,0,0.06743104,0.00794342,0.05124296,0.05414531,0.00190303,0.83609891,0.16468509,-0.05518349,1.05518349,-10.04702034
73700,0.34472466,0.34472466,58,0.99697245,0.34056888,nan,0.00000000,0,0,0,0.05829570,0.00834038,0.27301875,0.28881380,0.00450307,0.73067367,0.35594356,-0.00898369,1.00898369,-6.68992615
73800,1.21741009,1.21741009,152,0.99999975,1.21740887,nan,0.00000000,0,0,0,0.05601618,0.00655747,0.11120348,0.11270215,0.08572622,0.63967681,0.11932513,-0.22026911,1.22026911,0.36031542
73900,0.59019405,0.59019405,190,0.99999999,0.59019403,nan,0.00000000,0,0,0,0.04938696,0.00647827,0.23614536,0.24989328,0.00243053,0.57969511,0.16366945,0.12614237,0.87385763,-6.49585134
74000,1.03340626,1.03340626,387,1.00000000,1.03340626,nan,0.00000000,0,0,0,0.60347408,0.01637734,1.54357183,1.51824784,1.97408116,7.32080269,0.36260441,0.05254937,0.94745063,18.36359596
74100,0.74034500,0.74034500,356,1.00000000,0.74034500,nan,0.02166673,0,0,0,0.20624003,0.00623285,0.29417145,0.30973148,0.02965065,1.04056907,0.19139522,-0.12490167,1.12490167,-0.41812539
74200,0.20339686,0.20339686,174,0.99999997,0.20339683,nan,0.00000000,0,0,0,0.08459783,0.00609997,0.10200787,0.10700214,0.01710527,0.86921513,0.11707707,0.15879474,0.84120526,-8.57011588
74300,0.37008277,0.37008277,248,1.00000000,0.37008277,nan,0.00000000,0,0,0,0.15933509,0.00620449,0.29548481,0.31253487,0.00563384,1.04212499,0.15674084,0.08632546,0.91367454,-3.91031941
74400,0.46036604,0.46036604,293,1.00000000,0.46036604,nan,0.00000000,0,0,0,0.15784818,0.00810338,0.22614199,0.23846853,0.01659069,0.84364551,0.14652391,-0.09101495,1.09101495,-4.07850385
74500,0.48735189,0.48735189,186,0.99999999,0.48735188,nan,0.00000000,0,0,0,0.09785059,0.00851609,0.08150236,0.08621052,0.00146372,0.83244199,0.27950546,0.00443108,0.99556892,-3.92685477
74600,0.34593344,0.34593344,371,1.00000000,0.34593344,nan,0.00000000,0,0,0,0.07488714,0.00587038,0.13519070,0.14212859,0.01724676,0.78468758,0.17521188,-0.17817711,1.17817711,-6.74201759
74700,0.86767745,0.86767745,362,1.00000000,0.86767745,nan,0.00000000,0,0,0,0.18210520,0.00804643,0.42075428,0.44490609,0.01017324,1.18105018,0.18420848,0.10784443,0.89215557,2.13851293
74800,0.47972018,0.47972018,273,1.00000000,0.47972018,nan,0.00000000,0,0,0,0.08278724,0.01317777,0.21226124,0.22396085,0.01336794,0.97986698,0.50690395,0.08664025,0.91335975,-2.73242277
74900,0.71142113,0.71142113,102,0.99996283,0.71131536,nan,0.00000000,0,0,0,0.19046958,0.01025484,0.46905619,0.49655506,0.00157518,1.05504501,0.19219027,-0.07095219,1.07095219,0.90696634
75000,0.36347470,0.36347470,99,0.99994983,0.36340175,nan,0.00000000,0,0,0,0.54830241,0.02082046,2.81800032,2.98278356,0.01668846,7.88486719,0.52672881,-0.02677669,1.02677669,12.36556168
75100,0.34316608,0.34316608,257,1.00000000,0.34316608,nan,0.03043529,0,0,0,0.04633969,0.00401303,0.11965590,0.12669288,0.00002740,0.49674976,0.10293332,0.16556018,0.83443982,-10.05288601
75200,0.64077532,0.64077532,232,1.00000000,0.64077532,nan,0.00000000,0,0,0,0.18004990,0.01062531,0.21554881,0.22037551,0.13349491,1.37124741,0.31746477,-0.09032056,1.09032056,1.81302699
75300,0.14244674,0.14244674,135,0.99999863,0.14244596,nan,0.00000000,0,0,0,0.04679205,0.00557201,0.02310825,0.02394935,0.00880948,0.51050240,0.09471598,0.05906197,0.94093803,-11.76649125
75400,2.40625834,2.40625834,270,1.00000000,2.40625834,nan,0.00000000,0,0,0,0.05341738,0.01655203,1.14761543,1.21469080,0.00733375,0.63516378,0.36876118,0.14253990,0.85746010,38.51056767
75500,0.25157589,0.25157589,196,1.00000000,0.25157588,nan,0.00000000,0,0,0,0.11307652,0.00787780,0.17542611,0.18358828,0.03666931,0.92184776,0.19444026,-0.11042122,1.11042122,-4.82994425
75600,0.60133463,0.60133463,34,0.96662673,0.52499047,nan,0.00000000,0,0,0,0.06136096,0.01180304,0.25390309,0.26879379,0.00076146,0.49518049,0.20867097,0.09274227,0.90725773,-5.24402189
75700,0.14163896,0.14163896,82,0.99972535,0.14148342,nan,0.00000000,0,0,0,0.05317666,0.00939078,0.11473886,0.12122997,0.00439010,0.59501302,0.18534459,-0.02583448,1.02583448,-11.17436934
75800,1.29287589,1.29287589,53,0.99500841,1.26725448,nan,0.00000000,0,0,0,0.09938388,0.00937083,1.14495814,1.21192503,0.00652020,0.77373409,0.17645949,0.17388238,0.82611762,4.97209358
75900,0.53517443,0.53517443,38,0.97762923,0.48886851,nan,0.00000000,0,0,0,0.14668313,0.01252461,0.22107224,0.23392731,0.00253608,1.20468521,0.32824525,0.08006224,0.91993776,-0.39175187
76000,0.60368735,0.60368735,210,1.00000000,0.60368734,nan,0.00000000,0,0,0,0.51483190,0.01978921,2.82138872,2.96799827,0.32902303,6.74146843,0.65823966,0.01087833,0.98912167,13.16343911
76100,0.21190079,0.21190079,136,0.99999876,0.21189973,nan,0.00000000,0,0,0,0.10610635,0.00631999,0.11144327,0.11781009,0.00320733,0.99450904,0.16857247,-0.05867709,1.05867709,-6.72889519
76200,0.96727782,0.96727782,132,0.99999815,0.96727066,nan,0.00000000,0,0,0,0.04310307,0.00712222,0.22445959,0.23510577,0.04347499,0.49014813,0.13321179,-0.22945350,1.22945350,-5.48108538
76300,0.58705562,0.58705562,34,0.96662673,0.51252429,nan,0.00000000,0,0,0,0.07513843,0.00986839,0.17877539,0.18733625,0.03324119,0.82432157,0.26387888,-0.07503558,1.07503558,-5.01251525
76400,0.79822314,0.79822314,77,0.99954717,0.79677829,nan,0.01997338,0,0,0,0.20608439,0.01225484,0.58638865,0.62002927,0.01449702,1.39972484,0.34096575,0.07874487,0.92125513,3.20195643
76500,1.16520894,1.16520894,172,0.99999997,1.16520878,nan,0.00000000,0,0,0,0.10609145,0.01868950,0.62837261,0.66518712,0.00252664,0.95979339,0.48911667,0.01355015,0.98644985,9.70302025
76600,0.64256692,0.64256692,254,1.00000000,0.64256692,nan,0.00000000,0,0,0,0.11461883,0.01180707,0.18117683,0.18991171,0.03268350,1.00884378,0.34794727,0.12953344,0.87046656,2.53792977
76700,0.21550870,0.21550870,212,1.00000000,0.21550870,nan,0.00000000,0,0,0,0.06357718,0.00891155,0.24531879,0.25819400,0.02644002,0.68578255,0.09467328,0.00940040,0.99059960,-8.84085441
76800,0.85773963,0.85773963,180,0.99999998,0.85773958,nan,0.00000000,0,0,0,0.19329196,0.01166018,0.65680307,0.68710774,0.14162402,1.15003800,0.31373012,0.08390115,0.91609885,3.28512087
76900,1.04807019,1.04807019,295,1.00000000,1.04807019,nan,0.00000000,0,0,0,0.07416697,0.00779591,0.18926419,0.19733813,0.05200714,0.62747222,0.21743721,0.11966369,0.88033631,-1.68197608
77000,0.24992697,0.24992697,187,0.99999999,0.24992696,nan,0.00000000,0,0,0,0.52942550,0.02152608,1.53142524,1.61810052,0.05794243,6.22259998,0.50164098,0.04584953,0.95415047,9.11986613
77100,0.47953573,0.47953573,44,0.98772266,0.45641619,nan,0.00000000,0,0,0,0.11423428,0.00826248,0.27246383,0.28743535,0.01794764,0.97493553,0.21939625,0.13444616,0.86555384,-2.80884881
77200,1.10220397,1.10220397,46,0.98994816,1.05855100,nan,0.00000000,0,0,0,0.17957580,0.01086545,0.24365033,0.24416338,0.23492871,0.93389386,0.13183185,-0.19479843,1.19479843,3.90866788
77300,0.44685227,0.44685227,159,0.99999988,0.44685204,nan,0.00000000,0,0,0,0.10535269,0.00751355,0.26815757,0.28264886,0.02180496,1.16406584,0.20944145,0.09116049,0.90883951,-2.74630076
77400,0.52451128,0.52451128,294,1.00000000,0.52451128,nan,0.00000000,0,0,0,0.06028369,0.00906273,0.29772380,0.31514752,0.00152043,0.76630843,0.24020068,-0.27151175,1.27151175,-4.97890663
77500,0.26134336,0.26134336,83,0.99975148,0.26108366,nan,0.00000000,0,0,0,0.05025350,0.00794819,0.09438027,0.09975037,0.00308854,0.57805347,0.12941395,0.01707419,0.98292581,-9.55195844
77600,0.16685349,0.16685349,177,0.99999998,0.16685347,nan,0.00000000,0,0,0,0.14110768,0.00743525,0.26067674,0.27591738,0.00158547,0.93330342,0.17240971,-0.06340885,1.06340885,-6.44556022
77700,0.96671116,0.96671116,357,1.00000000,0.96671116,nan,0.00000000,0,0,0,0.12586933,0.01336436,2.62559462,2.77746320,0.04383383,1.43743658,0.32119900,-0.14005727,1.14005727,5.37850507
77800,0.49844530,0.49844530,61,0.99775713,0.49398854,nan,0.00000000,0,0,0,0.26224625,0.01737452,1.81848609,1.92401528,0.02449032,1.59069717,0.42093199,-0.05404793,1.05404793,2.37652762
77900,0.22221483,0.22221483,221,1.00000000,0.22221483,nan,0.00000000,0,0,0,0.05511642,0.00636934,0.17719625,0.18761583,0.00006340,0.75542766,0.12743838,-0.13929011,1.13929011,-9.55241709
78000,0.27848467,0.27848467,154,0.99999979,0.27848444,nan,0.00000000,0,0,0,0.51904285,0.01700481,2.80939674,2.97408843,0.00964235,6.63639116,0.36137098,-0.18134989,1.18134989,10.45727181
78100,0.31647485,0.31647485,82,0.99972535,0.31612731,nan,0.00294128,0,0,0,0.05557879,0.00908294,0.15370454,0.16272147,0.00041641,0.57316560,0.22392347,-0.08602732,1.08602732,-8.34259001
78200,0.49682474,0.49682474,249,1.00000000,0.49682474,nan,0.00000000,0,0,0,0.06020790,0.01277566,0.20859675,0.22005296,0.01384126,0.53890729,0.23895152,-0.00502856,1.00502856,-3.59819174
78300,0.51588839,0.51588839,155,0.99999981,0.51588801,nan,0.00000000,0,0,0,0.07443269,0.01459649,0.37262034,0.39396885,0.00969547,1.27621889,0.56219149,-0.14891475,1.14891475,1.03672473
78400,1.21781635,1.21781635,85,0.99979653,1.21682551,nan,0.00000000,0,0,0,0.17692371,0.01502266,1.92243528,2.03544068,0.00133979,1.11607385,0.29847032,0.12606518,0.87393482,10.32201672
78500,1.10160148,1.10160148,247,1.00000000,1.10160148,nan,0.00000000,0,0,0,0.11100361,0.01286841,1.33962584,1.41809940,0.00557688,0.88569146,0.25837582,0.06746071,0.93253929,2.69698003
78600,0.30948451,0.30948451,158,0.99999986,0.30948434,nan,0.00000000,0,0,0,0.06384057,0.01137303,0.18965402,0.20070472,0.00179196,0.86052966,0.28391540,0.15935119,0.84064881,-7.44565582
78700,0.13078463,0.13078463,212,1.00000000,0.13078463,nan,0.00000000,0,0,0,0.04103047,0.00532143,0.06526622,0.06888822,0.00369227,0.61573052,0.15715125,-0.00438494,1.00438494,-13.05875134
78800,0.68371284,0.68371284,201,1.00000000,0.68371283,nan,0.01561220,0,0,0,0.17743386,0.01795627,0.31156790,0.32061234,0.15781270,1.36593008,0.53208965,0.07637929,0.92362071,3.54622802
78900,0.35146856,0.35146856,337,1.00000000,0.35146856,nan,0.00000000,0,0,0,0.20639382,0.00750076,0.41392389,0.43801263,0.00441531,0.88656193,0.12546641,-0.08867628,1.08867628,-4.13725471
79000,0.16591346,0.16591346,207,1.00000000,0.16591346,nan,0.00000000,0,0,0,0.64785647,0.01541902,0.73761976,0.77423769,0.11511535,7.76957703,0.25868741,0.15532265,0.84467735,10.79904532
79100,0.48858690,0.48858690,49,0.99255342,0.47419544,nan,0.00000000,0,0,0,0.09405813,0.01416778,0.23885049,0.25118327,0.02919297,0.84901422,0.38405004,0.13018593,0.86981407,-3.90601850
79200,0.17162800,0.17162800,134,0.99999848,0.17162696,nan,0.00000000,0,0,0,0.04566814,0.00650910,0.09263536,0.09791612,0.00286266,0.52798831,0.07556270,-0.06751297,1.06751297,-10.77351570
79300,0.29123586,0.29123586,33,0.96311683,0.25058828,nan,0.00000000,0,0,0,0.05518699,0.01699168,0.10155521,0.10656790,0.01633936,0.74675298,0.48026922,0.08677589,0.91322411,-5.78235642
79400,0.58200371,0.58200371,168,0.99999995,0.58200359,nan,0.00000000,0,0,0,0.12063428,0.01328529,0.41685531,0.44128323,0.00158100,1.44450843,0.27234304,0.09867151,0.90132849,-0.02845535
79500,0.62648147,0.62648147,303,1.00000000,0.62648147,nan,0.00000000,0,0,0,0.09930617,0.01114072,0.75138026,0.79498613,0.01008157,1.01807320,0.22411972,0.12636749,0.87363251,0.29979920
79600,0.34184816,0.34184816,109,0.99998154,0.34182293,nan,0.00000000,0,0,0,0.07856643,0.01146142,0.20704786,0.21920805,0.00032453,0.71926850,0.21053897,0.17905945,0.82094055,-4.53920559
79700,0.24808039,0.24808039,180,0.99999998,0.24808037,nan,0.00000000,0,0,0,0.05406753,0.01044574,0.05984895,0.06304859,0.00545515,0.71460682,0.25192508,-0.11059647,1.11059647,-6.26763137
79800,0.17582375,0.17582375,71,0.99917490,0.17524417,nan,0.00000000,0,0,0,0.07579431,0.01001897,0.09254572,0.09777541,0.00364085,0.86288798,0.24000198,0.19745687,0.80254313,-7.69217753
79900,0.41541556,0.41541556,96,0.99993227,0.41530302,nan,0.00000000,0,0,0,0.17749350,0.01252226,0.54001307,0.57133591,0.00752552,1.20640588,0.27087674,-0.07345669,1.07345669,-1.79916112
80000,0.16620272,0.16620272,79,0.99962926,0.16595639,nan,0.00000000,0,0,0,0.57058001,0.01918336,0.87609410,0.92737097,0.00438850,6.44974327,0.45626900,0.04009703,0.95990297,9.75582142
80100,0.36040974,0.36040974,119,0.99999321,0.36039995,nan,0.00000000,0,0,0,0.08142842,0.01120965,0.60639918,0.64126205,0.01373026,0.97724557,0.26786542,0.08040342,0.91959658,-3.37106824
80200,0.90924096,0.90924096,212,1.00000000,0.90924096,nan,0.00000000,0,0,0,0.09134974,0.01065043,0.18119745,0.18875612,0.05269993,0.68500495,0.26212358,0.05539132,0.94460868,-0.67075634
80300,0.19754654,0.19754654,159,0.99999988,0.19754644,nan,0.00000000,0,0,0,0.06785609,0.00607689,0.14927801,0.15725268,0.01370872,0.69724995,0.15003842,-0.00791325,1.00791325,-8.70478573
80400,0.77459741,0.77459741,84,0.99977513,0.77390091,nan,0.00000000,0,0,0,0.15690139,0.01081404,0.75993562,0.80292195,0.02916827,0.88466233,0.19383118,-0.09293566,1.09293566,1.80512998
80500,0.42741713,0.42741713,162,0.99999991,0.42741697,nan,0.00000000,0,0,0,0.07041819,0.01018153,0.13070345,0.13754149,0.01445670,0.75941080,0.31305939,0.06888553,0.93111447,-5.56065766
80600,0.45644867,0.45644867,243,1.00000000,0.45644867,nan,0.00000000,0,0,0,0.20300327,0.00819934,0.18525715,0.19522718,0.01576689,1.17513311,0.27552113,0.01303813,0.98696187,-1.42211455
80700,1.33542931,1.33542931,82,0.99972535,1.33396279,nan,0.00000000,0,0,0,0.07504595,0.01580421,0.91493690,0.96306217,0.09680671,0.78360456,0.35576603,-0.21675992,1.21675992,6.47907096
80800,0.19972403,0.19972403,196,1.00000000,0.19972403,nan,0.00000000,0,0,0,0.15559392,0.01173085,0.15797187,0.16716099,0.00175712,0.97067195,0.17272781,0.09300851,0.90699149,-4.71915552
80900,0.28216287,0.28216287,221,1.00000000,0.28216287,nan,0.00000000,0,0,0,0.12564626,0.00982615,0.27260354,0.28811762,0.00886478,1.11682665,0.25172541,-0.05108139,1.05108139,-1.99836102
81000,0.33828345,0.33828345,85,0.99979653,0.33800821,nan,0.00000000,0,0,0,0.46025473,0.01671488,0.74501508,0.78874075,0.00167722,5.44889402,0.37280869,-0.02670581,1.02670581,10.02101612
81100,0.15445471,0.15445471,281,1.00000000,0.15445471,nan,0.01229039,0,0,0,0.05506487,0.01281377,0.17100939,0.18101263,0.00095447,0.71660125,0.39129674,-0.10146713,1.10146713,-11.02136612
81200,0.38384077,0.38384077,461,1.00000000,0.38384077,nan,0.00000000,0,0,0,0.08634619,0.00912759,0.21549293,0.22572923,0.04147594,1.29317117,0.19298382,-0.04156369,1.04156369,-4.31350112
81300,0.48729557,0.48729557,360,1.00000000,0.48729557,nan,0.00000000,0,0,0,0.17603844,0.00654250,0.43259555,0.45788831,0.00261865,0.89862376,0.11510094,-0.24337137,1.24337137,-3.40962378
81400,0.37069321,0.37069321,169,0.99999995,0.37069314,nan,0.00000000,0,0,0,0.28347656,0.01168678,0.19038096,0.20157929,0.00000942,1.36666393,0.37676328,0.00425370,0.99574630,-0.70609105
81500,0.37074021,0.37074021,9,0.59343034,0.04597785,nan,0.00000000,0,0,0,0.05585505,0.01278081,0.14518748,0.15358692,0.00239693,0.70443147,0.33316225,-0.09007146,1.09007146,-4.06104064
81600,0.38641247,0.38641247,56,0.99630214,0.38072849,nan,0.00000000,0,0,0,0.05446402,0.01020627,0.20291191,0.21442354,0.00721441,0.52985680,0.13219297,-0.07080170,1.07080170,-8.57959366
81700,0.64643282,0.64643282,465,1.00000000,0.64643282,nan,0.00000000,0,0,0,0.04140933,0.01206440,0.10307392,0.10912888,0.00013992,0.61017758,0.25188929,0.01187144,0.98812856,-4.91977566
81800,0.60416538,0.60416538,294,1.00000000,0.60416538,nan,0.00000000,0,0,0,0.19093579,0.01384840,0.14568816,0.14745122,0.11571601,0.94832027,0.37307194,0.07109738,0.92890262,-2.57937670
81900,0.37115920,0.37115920,331,1.00000000,0.37115920,nan,0.00000000,0,0,0,0.09098640,0.00868182,0.10353519,0.10649960,0.05314022,0.87467468,0.20170911,-0.16226779,1.16226779,-4.37020437
82000,0.19662830,0.19662830,207,1.00000000,0.19662830,nan,0.00000000,0,0,0,0.51481384,0.01436853,1.27161562,1.34595299,0.00788044,5.54989767,0.37652045,-0.07545547,1.07545547,8.50543372
82100,0.38312030,0.38312030,495,1.00000000,0.38312030,nan,0.00000000,0,0,0,0.18530977,0.00729009,0.54643518,0.57813573,0.00752613,1.04974985,0.14090364,0.07025980,0.92974020,-2.74506980
82200,0.41603589,0.41603589,304,1.00000000,0.41603589,nan,0.00000000,0,0,0,0.14646940,0.01125906,0.37859523,0.39995793,0.01542900,1.11000431,0.23615082,-0.01639279,1.01639279,-3.22695056
82300,0.31719863,0.31719863,79,0.99962926,0.31672850,nan,0.00000000,0,0,0,0.05821721,0.00837795,0.21552916,0.22691619,0.02194972,0.79619700,0.31535169,0.03881590,0.96118410,-6.11120844
82400,0.21603382,0.21603382,355,1.00000000,0.21603382,nan,0.00000000,0,0,0,0.07006408,0.01044540,0.16405252,0.17335953,0.00583311,0.91274750,0.30428001,0.10945196,0.89054804,-6.90811157
82500,0.25149897,0.25149897,344,1.00000000,0.25149897,nan,0.00000000,0,0,0,0.06460689,0.00651122,0.20830046,0.21994603,0.01032566,0.74096388,0.11943548,-0.10207349,1.10207349,-9.07761550
82600,0.27266288,0.27266288,232,1.00000000,0.27266288,nan,0.00000000,0,0,0,0.08799173,0.00894132,0.05296118,0.05458585,0.02534178,0.95944023,0.18490304,0.20559755,0.79440245,-6.11116686
82700,0.28026775,0.28026775,171,0.99999996,0.28026770,nan,0.00000000,0,0,0,0.08791159,0.01229159,0.22076702,0.23365316,0.00170278,0.97328770,0.32150438,0.19943284,0.80056716,-6.32952944
82800,0.06366083,0.06366083,378,1.00000000,0.06366083,nan,0.00000000,0,0,0,0.04954833,0.00733315,0.03950228,0.04170208,0.00210578,0.66391098,0.15822135,-0.01693194,1.01693194,-11.58539422
82900,0.34967232,0.34967232,331,1.00000000,0.34967232,nan,0.00000000,0,0,0,0.05489217,0.00946342,0.08159992,0.08557554,0.01401429,0.73138469,0.27589777,-0.10521269,1.10521269,-7.63067651
83000,0.21111691,0.21111691,90,0.99987659,0.21101271,nan,0.00000000,0,0,0,0.50557667,0.01842444,0.82807904,0.87431383,0.04208656,5.28040218,0.45777267,-0.14622401,1.14622401,8.71687508
83100,0.13909766,0.13909766,136,0.99999876,0.13909697,nan,0.00068721,0,0,0,0.05910433,0.01000414,0.08608382,0.09111608,0.00053559,0.76489228,0.24342135,-0.16679481,1.16679481,-10.19081593
83200,0.11601657,0.11601657,297,1.00000000,0.11601657,nan,0.00000000,0,0,0,0.05926407,0.00652660,0.05921174,0.06259685,0.00166486,0.81395710,0.27394947,0.10997323,0.89002677,-9.84858155
83300,0.15009561,0.15009561,293,1.00000000,0.15009561,nan,0.00000000,0,0,0,0.08202045,0.01021834,0.17889574,0.18929733,0.00206854,0.70023751,0.11484715,-0.02600424,1.02600424,-8.53959045
83400,0.33324078,0.33324078,273,1.00000000,0.33324078,nan,0.00000000,0,0,0,0.19021629,0.01131894,0.22874993,0.24002504,0.03707336,1.15295517,0.31050178,-0.08302399,1.08302399,-2.46446192
83500,0.16739170,0.16739170,412,1.00000000,0.16739170,nan,0.00000000,0,0,0,0.06746992,0.00503490,0.07398766,0.07833987,0.00000006,0.85864711,0.16622072,0.10160340,0.89839660,-9.65131831
83600,0.49862248,0.49862248,264,1.00000000,0.49862248,nan,0.00000000,0,0,0,0.20653000,0.01221357,0.61477518,0.65081453,0.00210550,1.23635852,0.26610932,-0.17780889,1.17780889,0.05661798
83700,0.62962818,0.62962818,146,0.99999954,0.62962703,nan,0.00000000,0,0,0,0.03639936,0.00681948,0.15625954,0.16542323,0.00047668,0.46544689,0.16049246,-0.08455079,1.08455079,-6.57036837
83800,0.91888440,0.91888440,150,0.99999969,0.91888327,nan,0.00000000,0,0,0,0.18607683,0.00659714,0.72158360,0.76294452,0.01844765,1.04621434,0.20808475,-0.10687010,1.10687010,0.77243825
83900,0.21287219,0.21287219,372,1.00000000,0.21287219,nan,0.00000000,0,0,0,0.11099210,0.00857503,0.16853952,0.17633596,0.03600005,0.96655983,0.19971344,-0.00600229,1.00600229,-7.15408361
84000,0.28624818,0.28624818,432,1.00000000,0.28624818,nan,0.00000000,0,0,0,0.46570581,0.01782453,2.43720937,2.58034563,0.00389497,5.35471106,0.54036617,-0.24526907,1.24526907,9.05684543
84100,0.08546486,0.08546486,440,1.00000000,0.08546486,nan,0.00000000,0,0,0,0.05890260,0.00729450,0.10402283,0.11012303,0.00031950,0.75989258,0.13596500,-0.03775101,1.03775101,-11.47288585
84200,0.17761900,0.17761900,107,0.99997746,0.17760298,nan,0.00000000,0,0,0,0.05090217,0.01184227,0.17019084,0.17987898,0.00549230,0.73770529,0.34153330,0.12798065,0.87201935,-8.45811167
84300,0.41794080,0.41794080,307,1.00000000,0.41794080,nan,0.00000000,0,0,0,0.21744178,0.01333483,0.31839356,0.33574414,0.02343390,1.14898050,0.26164863,-0.05014830,1.05014830,-0.80903249
84400,0.33113045,0.33113045,286,1.00000000,0.33113045,nan,0.00000000,0,0,0,0.03837858,0.00679643,0.03973168,0.04086238,0.02050969,0.61452079,0.27615368,-0.14760097,1.14760097,-10.48307737
84500,0.41545999,0.41545999,227,1.00000000,0.41545999,nan,0.00000000,0,0,0,0.04063066,0.01345579,0.25376865,0.26832950,0.00623407,0.46357086,0.20979360,-0.15551194,1.15551194,-2.52506510
84600,0.26458091,0.26458091,192,1.00000000,0.26458090,nan,0.00000000,0,0,0,0.04516654,0.00873006,0.06790986,0.07187811,0.00044954,0.54487163,0.23904231,-0.06885384,1.06885384,-10.79669819
84700,0.22259092,0.22259092,113,0.99998763,0.22257991,nan,0.00000000,0,0,0,0.04069364,0.01239082,0.07545581,0.07986362,0.00052319,0.39910856,0.16446669,0.13972263,0.86027737,-7.92022419
84800,0.13843155,0.13843155,157,0.99999985,0.13843146,nan,0.00000000,0,0,0,0.04933373,0.00520795,0.11273228,0.11931805,0.00077423,0.53489715,0.09839627,0.02506097,0.97493903,-12.16122460
84900,1.50188172,1.50188172,125,0.99999627,1.50185933,nan,0.00000000,0,0,0,0.10218547,0.00856435,0.68129700,0.71509701,0.10669596,0.76358140,0.27664831,-0.23475953,1.23475953,7.44127016
85000,0.16665377,0.16665377,208,1.00000000,0.16665377,nan,0.00000000,0,0,0,0.46515334,0.01759634,0.78930169,0.83539283,0.00575185,5.80401134,0.40824455,-0.07475687,1.07475687,8.23381937
85100,0.23289315,0.23289315,161,0.99999990,0.23289306,nan,0.00000000,0,0,0,0.05498105,0.00415575,0.15897363,0.16714498,0.02006046,0.58563370,0.12640028,0.20927647,0.79072353,-10.06024933
85200,0.22616529,0.22616529,354,1.00000000,0.22616529,nan,0.00000000,0,0,0,0.06148705,0.00873319,0.03304833,0.03497061,0.00036970,0.77123189,0.22729219,0.02552740,0.97447260,-7.47701883
85300,0.07288194,0.07288194,230,1.00000000,0.07288194,nan,0.00000000,0,0,0,0.03616978,0.00737026,0.03053939,0.03225599,0.00135714,0.49901661,0.17161177,0.01812085,0.98187915,-15.48399091
85400,0.18404222,0.18404222,325,1.00000000,0.18404222,nan,0.00000000,0,0,0,0.21505341,0.01202129,0.15032932,0.15915477,0.00029657,1.14137185,0.38210556,0.07415889,0.92584111,-5.09575272
85500,0.44688427,0.44688427,95,0.99992515,0.44675049,nan,0.00000000,0,0,0,0.10172305,0.00964691,0.11214447,0.11685649,0.03204021,0.72464275,0.27026185,-0.17268146,1.17268146,-2.81366682
85600,0.48178849,0.48178849,429,1.00000000,0.48178849,nan,0.00000000,0,0,0,0.05971761,0.00862494,0.06496628,0.06698824,0.03059270,0.79790378,0.25621966,0.10301595,0.89698405,-5.66896057
85700,0.65487033,0.65487033,276,1.00000000,0.65487033,nan,0.00000000,0,0,0,0.04313613,0.01336401,0.06809141,0.06778348,0.07332605,0.48538911,0.17198746,-0.09777748,1.09777748,-2.85633665
85800,1.12017775,1.12017775,574,1.00000000,1.12017775,nan,0.00000000,0,0,0,0.04687180,0.00442774,0.10244945,0.10473191,0.06364784,0.60127407,0.13974461,-0.18586823,1.18586823,-2.84601569
85900,0.28304851,0.28304851,260,1.00000000,0.28304851,nan,0.00000000,0,0,0,0.05418725,0.01464002,0.27632222,0.29256222,0.00024213,0.77392220,0.37639603,-0.15107178,1.15107178,-6.95673688
86000,0.14098369,0.14098369,96,0.99993227,0.14094550,nan,0.00000000,0,0,0,0.55331349,0.01374697,0.29318368,0.31042972,0.00000096,6.31261063,0.34314692,-0.02858295,1.02858295,9.06715107
86100,0.32830033,0.32830033,235,1.00000000,0.32830033,nan,0.00000000,0,0,0,0.04605268,0.00767341,0.07642511,0.08073988,0.00307391,0.66223377,0.19215874,0.19101579,0.80898421,-9.28677785
86200,0.36735904,0.36735904,88,0.99984927,0.36713760,nan,0.00000000,0,0,0,0.04594094,0.01170119,0.21155447,0.22277181,0.02085993,0.85253644,0.43261901,-0.18150364,1.18150364,-5.57366706
86300,0.63512653,0.63512653,161,0.99999990,0.63512627,nan,0.00000000,0,0,0,0.03801228,0.00611389,0.27455437,0.29068360,0.00035680,0.48752531,0.11166154,0.23056385,0.76943615,-7.97935009
86400,0.30530199,0.30530199,348,1.00000000,0.30530199,nan,0.00000000,0,0,0,0.06969921,0.00682488,0.15070908,0.15701091,0.04357771,0.76442975,0.06445429,0.20186418,0.79813582,-8.59347200
86500,0.24692556,0.24692556,278,1.00000000,0.24692556,nan,0.00000000,0,0,0,0.03657983,0.00625119,0.07787506,0.08239059,0.00111082,0.51368099,0.10479344,-0.01670026,1.01670026,-12.94541899
86600,0.19637392,0.19637392,380,1.00000000,0.19637392,nan,0.00000000,0,0,0,0.14624850,0.00725693,0.04744674,0.04953103,0.01201388,1.21317947,0.14341806,0.04634999,0.95365001,-5.22165108
86700,0.39306292,0.39306292,111,0.99998489,0.39303916,nan,0.00000000,0,0,0,0.07005452,0.01434891,0.08659367,0.09167787,0.00016226,0.83238310,0.23580623,-0.05969261,1.05969261,-3.64345551
86800,0.19329904,0.19329904,186,0.99999999,0.19329903,nan,0.00000000,0,0,0,0.05043406,0.00855301,0.11023936,0.11672293,0.00001896,0.68389660,0.25757948,-0.07044757,1.07044757,-9.87444719
86900,0.48340341,0.48340341,211,1.00000000,0.48340341,nan,0.00000000,0,0,0,0.13383943,0.01013149,0.48747221,0.51588213,0.00450365,0.87707275,0.11586961,-0.22667010,1.22667010,-3.25511533
87000,0.14898284,0.14898284,224,1.00000000,0.14898284,nan,0.00000000,0,0,0,0.46530744,0.01649104,0.55002552,0.58200324,0.00640319,5.52463341,0.37845844,0.04512553,0.95487447,8.63270124
87100,1.13169038,1.13169038,36,0.97267628,1.01298012,nan,0.05825477,0,0,0,0.12553054,0.01183904,1.26225686,1.33628666,0.00374736,1.33540809,0.29621035,-0.04569031,1.04569031,9.17315876
87200,0.67052889,0.67052889,28,0.93918994,0.52171247,nan,0.00000000,0,0,0,0.16467018,0.01513791,0.46688986,0.49407896,0.00467525,1.44664001,0.31453443,0.21407842,0.78592158,2.35280490
87300,0.31811348,0.31811348,117,0.99999171,0.31810292,nan,0.00000000,0,0,0,0.10999564,0.02383413,0.56329525,0.59535038,0.01835833,0.97362316,0.32660633,-0.09154296,1.09154296,-4.93614292
87400,0.46840578,0.46840578,236,1.00000000,0.46840578,nan,0.00000000,0,0,0,0.16059001,0.01325892,1.19137228,1.26144850,0.00007558,1.29492378,0.25641927,-0.15424756,1.15424756,-0.68924224
87500,1.70164156,1.70164156,88,0.99984927,1.70061582,nan,0.00000000,0,0,0,0.06103159,0.00840443,1.98856413,2.10503173,0.00861707,0.63017148,0.16541094,0.02901951,0.97098049,7.31122313
87600,0.94243443,0.94243443,480,1.00000000,0.94243443,nan,0.00000000,0,0,0,0.04372528,0.00762969,0.31579307,0.33306003,0.02225444,0.54032391,0.17783925,-0.00030503,1.00030503,-4.89141937
87700,0.17460735,0.17460735,36,0.97267628,0.15629167,nan,0.00000000,0,0,0,0.04323699,0.00886850,0.08067819,0.08516893,0.00433575,0.64465225,0.27424070,0.04655444,0.95344556,-10.18780088
87800,0.07313433,0.07313433,198,1.00000000,0.07313433,nan,0.00000000,0,0,0,0.03921610,0.00422677,0.01809983,0.01911233,0.00088729,0.50837624,0.11460047,-0.03573963,1.03573963,-13.94595742
87900,0.23362419,0.23362419,446,1.00000000,0.23362419,nan,0.00000000,0,0,0,0.08107615,0.00650177,0.12377768,0.13070233,0.00605871,0.96181226,0.20156354,-0.04041167,1.04041167,-7.85588710
88000,0.28233117,0.28233117,101,0.99995892,0.28228478,nan,0.00000000,0,0,0,0.50220639,0.01394336,0.43886632,0.46305543,0.02765132,6.59819651,0.41202429,-0.03355253,1.03355253,9.81711992
88100,0.32141048,0.32141048,202,1.00000000,0.32141047,nan,0.00000000,0,0,0,0.03865900,0.00737346,0.15707615,0.16630602,0.00016830,0.55502921,0.26156250,-0.19262184,1.19262184,-11.05767536
88200,0.45369279,0.45369279,38,0.97762923,0.41443707,nan,0.00000000,0,0,0,0.08356471,0.00753263,0.22534071,0.23854671,0.00083846,0.86471254,0.16896489,-0.04642609,1.04642609,-5.54561086
88300,0.13738482,0.13738482,79,0.99962926,0.13718119,nan,0.00000000,0,0,0,0.04606219,0.00872864,0.08995900,0.09506534,0.00315121,0.50440300,0.11729736,-0.06461476,1.06461476,-12.76008511
88400,1.00036550,1.00036550,357,1.00000000,1.00036550,nan,0.00000000,0,0,0,0.13408072,0.00812063,1.79153585,1.89690959,0.00018174,1.03012133,0.25835067,0.26106522,0.73893478,2.30096655
88500,0.46480232,0.46480232,185,0.99999999,0.46480231,nan,0.00000000,0,0,0,0.03991806,0.01193568,0.09882992,0.10308234,0.02653885,0.46678579,0.16603929,-0.04192412,1.04192412,-4.68535638
88600,0.10853717,0.10853717,54,0.99548342,0.10658954,nan,0.00000000,0,0,0,0.04052814,0.00570980,0.07785403,0.08173347,0.01190359,0.56497693,0.16963762,0.26314652,0.73685348,-13.94727993
88700,0.33526692,0.33526692,277,1.00000000,0.33526692,nan,0.00000000,0,0,0,0.04100428,0.00879642,0.05928804,0.06251108,0.00449642,0.67374241,0.17428617,0.08894686,0.91105314,-9.57770252
88800,0.95887893,0.95887893,406,1.00000000,0.95887893,nan,0.00000000,0,0,0,0.18079042,0.00676247,1.23240745,1.30303061,0.03181541,1.19370794,0.16659886,-0.18154906,1.18154906,3.53195506
88900,0.52926171,0.52926171,154,0.99999979,0.52926127,nan,0.00000000,0,0,0,0.27805579,0.01165611,0.56923032,0.60166311,0.01787258,0.80784518,0.16553389,0.12355770,0.87644230,-1.30477770
89000,0.21876107,0.21876107,236,1.00000000,0.21876107,nan,0.00000000,0,0,0,0.46265131,0.01830822,0.91439694,0.96657205,0.02742188,4.36289930,0.24471106,0.00037925,0.99962075,8.25947046
89100,0.57265979,0.57265979,468,1.00000000,0.57265979,nan,0.00000000,0,0,0,0.13813764,0.01028209,0.89760756,0.94935083,0.01797217,0.98186278,0.32029486,-0.14662517,1.14662517,0.80703652
89200,0.13502680,0.13502680,153,0.99999977,0.13502668,nan,0.00000000,0,0,0,0.04143299,0.00750712,0.04268958,0.04511814,0.00140413,0.47174582,0.13812003,-0.03183879,1.03183879,-13.39834452
89300,0.35239798,0.35239798,420,1.00000000,0.35239798,nan,0.00000000,0,0,0,0.03804674,0.00460806,0.04336212,0.04568296,0.00390777,0.54953265,0.19420743,0.05688411,0.94311589,-8.56700993
89400,0.48908296,0.48908296,241,1.00000000,0.48908296,nan,0.00000000,0,0,0,0.09570429,0.00810630,0.20444076,0.21646370,0.00005058,0.95946342,0.17395575,0.22250443,0.77749557,-4.78363021
89500,0.10981931,0.10981931,179,0.99999998,0.10981930,nan,0.00000000,0,0,0,0.07804779,0.00820491,0.15715200,0.16627820,0.00200659,0.92127109,0.14389922,0.02706692,0.97293308,-9.72077894
89600,0.46152762,0.46152762,429,1.00000000,0.46152762,nan,0.00000000,0,0,0,0.04658020,0.00571955,0.11386601,0.11920550,0.02309471,0.48702160,0.12943418,0.26877783,0.73122217,-8.75982094
89700,0.63186580,0.63186580,162,0.99999991,0.63186557,nan,0.00000000,0,0,0,0.09654167,0.01295325,0.08841947,0.09180797,0.03081496,0.72790235,0.31674099,-0.01862437,1.01862437,-3.04201758
89800,0.38943988,0.38943988,202,1.00000000,0.38943988,nan,0.00000000,0,0,0,0.05935604,0.01493820,0.37670466,0.39717922,0.02863782,0.63070619,0.26245758,-0.12297772,1.12297772,-2.34109294
89900,0.64274895,0.64274895,758,1.00000000,0.64274895,nan,0.00000000,0,0,0,0.06899294,0.00916308,0.31161109,0.32736501,0.04379513,0.76491129,0.17481874,0.28999583,0.71000417,-2.56382855
90000,0.30999270,0.30999270,324,1.00000000,0.30999270,nan,0.00000000,0,0,0,0.49297512,0.01452775,0.26878887,0.27678919,0.13278332,6.47403765,0.28185260,0.05660532,0.94339468,10.25782738
90100,0.25525528,0.25525528,351,1.00000000,0.25525528,nan,0.01785655,0,0,0,0.04992653,0.00731083,0.10888621,0.11428339,0.01713425,0.57215339,0.14688848,0.14463619,0.85536381,-10.01403456
90200,1.57129431,1.57129431,452,1.00000000,1.57129431,nan,0.00000000,0,0,0,0.08544070,0.00686379,0.34394771,0.35337806,0.18363161,0.56559432,0.08037995,-0.25033800,1.25033800,4.19127023
90300,0.28897807,0.28897807,389,1.00000000,0.28897807,nan,0.00000000,0,0,0,0.03820445,0.00502072,0.07092552,0.07506719,0.00051715,0.35413039,0.07598439,-0.08629250,1.08629250,-12.76820469
90400,0.70527446,0.70527446,249,1.00000000,0.70527446,nan,0.00000000,0,0,0,0.08805969,0.00507690,0.24977499,0.26105034,0.05809396,0.83721459,0.14750290,0.10490558,0.89509442,-3.77025640
90500,0.83543253,0.83543253,419,1.00000000,0.83543253,nan,0.00000000,0,0,0,0.04347244,0.00793210,0.32139897,0.34009829,0.00351072,0.62626237,0.26198038,-0.04774379,1.04774379,-6.80416453
90600,0.08925024,0.08925024,451,1.00000000,0.08925024,nan,0.00000000,0,0,0,0.04239484,0.00400216,0.04999376,0.05287442,0.00102261,0.60053498,0.06552780,-0.11205228,1.11205228,-13.10872459
90700,0.39774433,0.39774433,407,1.00000000,0.39774433,nan,0.00000000,0,0,0,0.14475100,0.00954760,0.23129551,0.24360466,0.02203953,0.97660828,0.29370049,-0.07651259,1.07651259,-3.04033462
90800,0.32069969,0.32069969,789,1.00000000,0.32069969,nan,0.00000000,0,0,0,0.17487857,0.01230638,0.37616110,0.39804459,0.00414196,0.98532104,0.19624503,-0.00160927,1.00160927,-3.49138463
90900,1.41330004,1.41330004,95,0.99992515,1.41287693,nan,0.00000000,0,0,0,0.03987898,0.00907420,0.35481906,0.37531734,0.00634774,0.50129437,0.19992572,-0.05923881,1.05923881,0.63487044
91000,0.20476829,0.20476829,198,1.00000000,0.20476828,nan,0.00000000,0,0,0,0.61481804,0.03087020,0.79883957,0.84476227,0.01815431,5.38755369,0.67897409,0.02415884,0.97584116,9.71732934
91100,0.73367822,0.73367822,100,0.99995460,0.73354500,nan,0.00000000,0,0,0,0.04392667,0.00885728,1.01476073,1.07444549,0.00012131,0.54122055,0.19166088,0.08680175,0.91319825,-0.45785507
91200,0.37610075,0.37610075,343,1.00000000,0.37610075,nan,0.00000000,0,0,0,0.03987255,0.00806953,0.11459798,0.12133043,0.00014644,0.63057053,0.27076027,-0.16434422,1.16434422,-9.19037628
91300,0.45658696,0.45658696,185,0.99999999,0.45658694,nan,0.00000000,0,0,0,0.12943211,0.01041577,0.25366130,0.26857403,0.00014522,0.96988231,0.31172499,-0.11378061,1.11378061,-3.87047096
91400,0.23974408,0.23974408,21,0.87754357,0.14217481,nan,0.00000000,0,0,0,0.05994009,0.00941944,0.21770830,0.23051061,0.00006914,0.71738219,0.22601141,0.10174861,0.89825139,-7.96449018
91500,0.17342274,0.17342274,463,1.00000000,0.17342274,nan,0.00000000,0,0,0,0.05349888,0.00639168,0.06309424,0.06665033,0.00264085,0.57326591,0.12314343,-0.05740354,1.05740354,nan
91600,0.38608447,0.38608447,505,1.00000000,0.38608447,nan,0.00000000,0,0,0,0.05208056,0.00919784,0.18632832,0.19695197,0.00572616,0.48227823,0.19421306,-0.20670109,1.20670109,-9.42244310
91700,0.21034651,0.21034651,140,0.99999917,0.21034581,nan,0.00000000,0,0,0,0.08570994,0.00811184,0.21059626,0.22064175,0.03982326,0.93709630,0.17015842,0.04465156,0.95534844,-6.26724259
91800,0.15918908,0.15918908,344,1.00000000,0.15918908,nan,0.00000000,0,0,0,0.04835841,0.00881288,0.08364455,0.08796109,0.01026349,0.51153016,0.18740624,-0.01339605,1.01339605,-12.53791904
91900,0.07684889,0.07684889,259,1.00000000,0.07684889,nan,0.00000000,0,0,0,0.04039708,0.00874670,0.01626545,0.01688095,0.00580183,0.48862892,0.19455501,-0.03908979,1.03908979,-13.31799936
92000,0.20513527,0.20513527,180,0.99999998,0.20513526,nan,0.00000000,0,0,0,0.47837400,0.02357842,0.78160083,0.82695818,0.01052643,4.25920105,0.45369169,0.08250636,0.91749364,5.86614037
92100,0.21221739,0.21221739,297,1.00000000,0.21221739,nan,0.00000000,0,0,0,0.04965208,0.00609485,0.03415040,0.03570289,0.00775808,0.47520182,0.11244360,-0.16725059,1.16725059,-13.01063601
92200,0.35616881,0.35616881,625,1.00000000,0.35616881,nan,0.00000000,0,0,0,0.05313002,0.00966567,0.16765907,0.17450307,0.05131123,0.57888746,0.27539784,0.18166322,0.81833678,-7.67481494
92300,0.11447304,0.11447304,359,1.00000000,0.11447304,nan,0.00000000,0,0,0,0.06652478,0.00975417,0.08478886,0.08976975,0.00011372,0.69153625,0.15685582,-0.14829293,1.14829293,-9.43706512
92400,0.38431007,0.38431007,409,1.00000000,0.38431007,nan,0.00000000,0,0,0,0.03095660,0.00587135,0.06771597,0.07025474,0.02455691,0.48343849,0.12684403,0.02633427,0.97366573,-13.88542620
92500,0.41100600,0.41100600,618,1.00000000,0.41100600,nan,0.00000000,0,0,0,0.06174364,0.00533298,0.36853755,0.38964888,0.00964446,0.72806233,0.13132297,-0.25984097,1.25984097,-8.49919796
92600,0.32644632,0.32644632,486,1.00000000,0.32644632,nan,0.00000000,0,0,0,0.04062204,0.00552189,0.07941970,0.08344880,0.01092505,0.45401275,0.12851988,0.21930324,0.78069676,-11.51130009
92700,0.72196954,0.72196954,503,1.00000000,0.72196954,nan,0.00000000,0,0,0,0.05492959,0.00906132,0.20386519,0.21352631,0.03962601,0.57857692,0.22129010,-0.26384098,1.26384098,-6.63339972
92800,0.39376318,0.39376318,275,1.00000000,0.39376318,nan,0.00000000,0,0,0,0.07218064,0.00735412,0.34241533,0.36255410,0.00005595,0.76012045,0.21961689,-0.33048545,1.33048545,-6.16438198
92900,0.14994605,0.14994605,686,1.00000000,0.14994605,nan,0.00000000,0,0,0,0.03679240,0.00653172,0.06016701,0.06331550,0.00664272,0.51360595,0.13711061,-0.12345269,1.12345269,-13.05026627
93000,0.27004954,0.27004954,185,0.99999999,0.27004953,nan,0.00000000,0,0,0,0.50019360,0.01667292,0.93601948,0.98558933,0.09333254,5.47591400,0.31630155,-0.00481425,1.00481425,8.50777197
93100,0.67123246,0.67123246,387,1.00000000,0.67123246,nan,0.00000000,0,0,0,0.04279353,0.00917895,0.33054495,0.34971651,0.00462873,0.62056416,0.31681171,0.17303517,0.82696483,-4.72502136
93200,0.11456287,0.11456287,272,1.00000000,0.11456287,nan,0.00000000,0,0,0,0.04038976,0.00835887,0.03343891,0.03490953,0.00843847,0.44424859,0.15172379,-0.05726549,1.05726549,-12.11435095
93300,0.42549527,0.42549527,598,1.00000000,0.42549527,nan,0.00000000,0,0,0,0.09447958,0.00890592,0.23558971,0.24843012,0.01730276,0.56588262,0.08190797,0.14148037,0.85851963,-7.30008793
93400,0.99153125,0.99153125,568,1.00000000,0.99153125,nan,0.00000000,0,0,0,0.03935574,0.00582921,0.18026021,0.18969612,0.01984989,0.45812622,0.19134267,0.19659637,0.80340363,-1.27792838
93500,0.24337298,0.24337298,950,1.00000000,0.24337298,nan,0.00000000,0,0,0,0.06188349,0.00697562,0.09615554,0.10097923,0.01415265,0.68215853,0.15026185,0.21746588,0.78253412,-10.59234571
93600,0.31254092,0.31254092,393,1.00000000,0.31254092,nan,0.00000000,0,0,0,0.03444433,0.00851933,0.07677080,0.08128317,0.00006019,0.56744838,0.21405059,0.10336579,0.89663421,-10.60770569
93700,0.10619785,0.10619785,615,1.00000000,0.10619785,nan,0.00000000,0,0,0,0.08385961,0.00772207,0.08771446,0.09287414,0.00000000,0.95253170,0.22906163,0.08435277,0.91564723,-10.02182865
93800,0.25560549,0.25560549,187,0.99999999,0.25560548,nan,0.00000000,0,0,0,0.16379482,0.00829131,0.25088656,0.26510254,0.00921472,1.00617468,0.10903306,-0.00465349,1.00465349,-5.27246720
93900,0.20108309,0.20108309,325,1.00000000,0.20108309,nan,0.00000000,0,0,0,0.03909493,0.00957010,0.41014394,0.43407947,0.00323928,0.71185523,0.40274209,0.00555140,0.99444860,-14.29681778
94000,0.14361741,0.14361741,197,1.00000000,0.14361740,nan,0.00000000,0,0,0,0.49120882,0.01365871,0.45917496,0.47750881,0.14749900,5.73329210,0.14160705,-0.11049263,1.11049263,8.07518864
94100,0.31643301,0.31643301,195,1.00000000,0.31643301,nan,0.00000000,0,0,0,0.09270727,0.01220961,0.06367929,0.06432461,0.05270869,1.05924928,0.51060015,-0.15726252,1.15726252,-4.20622039
94200,0.36374843,0.36374843,678,1.00000000,0.36374843,nan,0.00000000,0,0,0,0.03863055,0.00519497,0.01766236,0.01753613,0.01980819,0.43347481,0.08698304,-0.16531036,1.16531036,-11.58504804
94300,0.29504684,0.29504684,649,1.00000000,0.29504684,nan,0.00000000,0,0,0,0.07865474,0.00394276,0.11576455,0.12164345,0.01582348,0.78084236,0.10678350,-0.05303628,1.05303628,-7.79277611
94400,0.79284751,0.79284751,100,0.99995460,0.79270354,nan,0.00000000,0,0,0,0.03869471,0.00942848,0.28572461,0.30223215,0.00509672,0.59083050,0.31474939,0.04558790,0.95441210,-0.92099690
94500,1.74059415,1.74059415,141,0.99999925,1.74058891,nan,0.00000000,0,0,0,0.09136353,0.01719841,0.73350978,0.77195537,0.07993504,0.85583699,0.47222009,0.07789337,0.92210663,10.97817961
94600,0.22061373,0.22061373,681,1.00000000,0.22061373,nan,0.00000000,0,0,0,0.03339202,0.00459417,0.02645405,0.02799025,0.00033874,0.42590293,0.08535077,0.01143292,0.98856708,-13.58769798
94700,0.24242944,0.24242944,321,1.00000000,0.24242944,nan,0.00000000,0,0,0,0.06358417,0.00776894,0.08019190,0.08460733,0.00512971,0.68406689,0.15845564,0.02870769,0.97129231,-9.24305280
94800,0.33289826,0.33289826,580,1.00000000,0.33289826,nan,0.00000000,0,0,0,0.11662122,0.00660621,0.17602903,0.18401192,0.04031959,0.79284263,0.18025988,0.01930766,0.98069234,-5.25910783
94900,0.39639285,0.39639285,162,0.99999991,0.39639271,nan,0.09530165,0,0,0,0.06185278,0.00823001,0.19203699,0.20329611,0.00063195,0.73741275,0.21055672,-0.01739033,1.01739033,-6.71493912
95000,0.75784642,0.75784642,307,1.00000000,0.75784642,nan,0.00000000,0,0,0,0.45949447,0.01452022,5.48283625,5.80321360,0.03642305,4.47004128,0.19767202,-0.21835795,1.21835795,12.24044919
95100,0.34076154,0.34076154,412,1.00000000,0.34076154,nan,0.00000000,0,0,0,0.09478308,0.01013802,0.32656741,0.34563014,0.00250084,0.71795815,0.19574387,0.07242113,0.92757887,-6.21146313
95200,0.51171947,0.51171947,429,1.00000000,0.51171947,nan,0.00000000,0,0,0,0.04461024,0.00434699,0.13266093,0.14013551,0.00559276,0.45896360,0.08077069,0.01127784,0.98872216,-9.09486643
95300,1.19203520,1.19203520,223,1.00000000,1.19203520,nan,0.00000000,0,0,0,0.04225622,0.00536041,0.30330673,0.32088920,0.00440553,0.48185894,0.13114749,-0.37816577,1.37816577,-4.44119422
95400,0.17344166,0.17344166,463,1.00000000,0.17344166,nan,0.00000000,0,0,0,0.04497338,0.00650364,0.09007757,0.09536077,0.00026318,0.56239760,0.13578032,0.24540388,0.75459612,-12.20303583
95500,1.27694750,1.27694750,553,1.00000000,1.27694750,nan,0.00000000,0,0,0,0.03379023,0.00682835,0.46264702,0.48982441,0.00063216,0.38809669,0.14005391,-0.24870298,1.24870298,-1.53684457
95600,0.24392056,0.24392056,595,1.00000000,0.24392056,nan,0.00000000,0,0,0,0.16219643,0.00846356,0.28487408,0.30156499,0.00112794,0.93433547,0.21366422,-0.00881954,1.00881954,-5.83634806
95700,1.25992155,1.25992155,786,1.00000000,1.25992155,nan,0.00000000,0,0,0,0.04758796,0.00999414,0.99439335,1.05134249,0.02625854,0.56064123,0.24178958,0.03848818,0.96151182,16.20345998
95800,0.28174412,0.28174412,312,1.00000000,0.28174412,nan,0.00000000,0,0,0,0.04492234,0.00618610,0.18581685,0.19659911,0.00251867,0.65948349,0.21705392,0.22239779,0.77760221,-11.38819969
95900,1.10572422,1.10572422,607,1.00000000,1.10572422,nan,0.00000000,0,0,0,0.07431111,0.00949440,0.73835963,0.78159457,0.00336519,0.73407972,0.17030303,-0.30580164,1.30580164,0.55864036
96000,0.69355351,0.69355351,194,1.00000000,0.69355350,nan,0.00000000,0,0,0,0.46184635,0.02109900,2.06617045,2.17883468,0.15088069,5.10012913,0.47354692,-0.08296414,1.08296414,11.62874937
96100,0.77153081,0.77153081,218,1.00000000,0.77153081,nan,0.01458248,0,0,0,0.04027123,0.00830388,0.66311467,0.70194113,0.00306428,0.60497421,0.13854314,-0.00446754,1.00446754,-1.17068529
96200,0.25095135,0.25095135,521,1.00000000,0.25095135,nan,0.00000000,0,0,0,0.02923569,0.00603568,0.06898581,0.07292331,0.00204838,0.39436665,0.13657947,-0.03452908,1.03452908,-14.02189509
96300,0.46335256,0.46335256,475,1.00000000,0.46335256,nan,0.00000000,0,0,0,0.11019382,0.00747035,0.22026941,0.23241352,0.01381973,0.70539999,0.14268841,0.04121197,0.95878803,-6.22785873
96400,0.20458174,0.20458174,550,1.00000000,0.20458174,nan,0.00000000,0,0,0,0.14201564,0.01098500,0.31401426,0.33219814,0.00488765,1.08079767,0.34066406,-0.01940779,1.01940779,-5.09869808
96500,0.47500107,0.47500107,555,1.00000000,0.47500107,nan,0.00000000,0,0,0,0.04290900,0.00569748,0.22404164,0.23659448,0.01064332,0.52343738,0.08636010,0.26643350,0.73356650,-9.74717450
96600,0.66501325,0.66501325,357,1.00000000,0.66501325,nan,0.00000000,0,0,0,0.04846278,0.00615310,0.02940027,0.02883649,0.03898454,0.63303667,0.17444688,-0.12415105,1.12415105,-7.56909819
96700,1.68629885,1.68629885,234,1.00000000,1.68629885,nan,0.00000000,0,0,0,0.06050904,0.01392950,0.47587961,0.50199556,0.03190897,0.68328112,0.23989153,-0.37118822,1.37118822,14.26169407
96800,0.44844300,0.44844300,220,1.00000000,0.44844300,nan,0.00000000,0,0,0,0.03019332,0.01254580,0.21031800,0.22253484,0.00263158,0.46432987,0.27623415,-0.14713735,1.14713735,3.40271902
96900,0.18480685,0.18480685,234,1.00000000,0.18480685,nan,0.00000000,0,0,0,0.04033193,0.00851292,0.11640404,0.12324075,0.00017996,0.60874015,0.20816289,-0.14010880,1.14010880,-13.79737711
97000,0.87008393,0.87008393,251,1.00000000,0.87008393,nan,0.00000000,0,0,0,0.43276283,0.02377303,2.18266702,2.28986263,0.36033872,4.73224735,0.31774664,-0.10329816,1.10329816,14.56619873
97100,0.26870298,0.26870298,848,1.00000000,0.26870298,nan,0.00000000,0,0,0,0.03202632,0.00585735,0.16287984,0.17245689,0.00006998,0.51486522,0.20452279,-0.11266109,1.11266109,-13.21594334
97200,0.21304025,0.21304025,520,1.00000000,0.21304025,nan,0.00000000,0,0,0,0.03899951,0.00778404,0.09597734,0.10151394,0.00185512,0.40965033,0.05692071,-0.00612035,1.00612035,-13.47055944
97300,0.32120860,0.32120860,892,1.00000000,0.32120860,nan,0.00000000,0,0,0,0.13654536,0.00609312,0.32583046,0.34494993,0.00079970,1.08508885,0.25187325,-0.13428338,1.13428338,-4.92771775
97400,0.83832431,0.83832431,281,1.00000000,0.83832431,nan,0.00000000,0,0,0,0.03968244,0.00932800,0.49530208,0.52406132,0.00639579,0.54144299,0.19168419,0.16824923,0.83175077,0.25520639
97500,0.88371974,0.88371974,478,1.00000000,0.88371974,nan,0.00000000,0,0,0,0.03546160,0.01086346,0.25627458,0.27104622,0.00515697,0.51231879,0.21663830,-0.23324576,1.23324576,-2.14053893
97600,0.57845807,0.57845807,243,1.00000000,0.57845807,nan,0.00000000,0,0,0,0.03448602,0.00762949,0.29296854,0.30919576,0.01710587,0.47041628,0.18972570,0.14684060,0.85315940,1.50945282
97700,0.13582712,0.13582712,412,1.00000000,0.13582712,nan,0.00000000,0,0,0,0.06618670,0.01279742,0.15875539,0.16796196,0.00224369,0.74613357,0.16302641,-0.10117484,1.10117484,-9.01668930
97800,0.42833412,0.42833412,907,1.00000000,0.42833412,nan,0.00000000,0,0,0,0.13289961,0.00938072,0.17809516,0.18827529,0.00503276,0.90925503,0.17828301,-0.03569847,1.03569847,-1.14427793
97900,0.62483698,0.62483698,430,1.00000000,0.62483698,nan,0.00000000,0,0,0,0.05345662,0.00868947,0.43160909,0.45699716,0.00001240,0.61521930,0.12477759,-0.02062230,1.02062230,-6.09855950
98000,0.08369347,0.08369347,360,1.00000000,0.08369347,nan,0.00000000,0,0,0,0.46387964,0.01834415,0.33501884,0.35339126,0.02268825,5.29085207,0.25314152,0.04567556,0.95432444,7.23945723
98100,0.49066517,0.49066517,260,1.00000000,0.49066517,nan,0.11751479,0,0,0,0.05603077,0.00656810,0.06871372,0.07198796,0.01305163,0.56386882,0.12732518,-0.13655454,1.13655454,-7.39303982
98200,0.74353528,0.74353528,550,1.00000000,0.74353528,nan,0.02342797,0,0,0,0.17064761,0.01182665,0.92272693,0.97591156,0.01858938,0.96247101,0.22792919,-0.11966649,1.11966649,0.99510336
98300,0.08735224,0.08735224,281,1.00000000,0.08735224,nan,0.00000000,0,0,0,0.04207084,0.00706719,0.04605268,0.04869869,0.00107037,0.52074748,0.21029013,0.09267787,0.90732213,-14.90936279
98400,1.77563751,1.77563751,418,1.00000000,1.77563751,nan,0.00000000,0,0,0,0.05240937,0.01042056,1.57612658,1.66881311,0.00045578,0.56782168,0.20712334,-0.02549193,1.02549193,7.12392211
98500,0.20351294,0.20351294,473,1.00000000,0.20351294,nan,0.00000000,0,0,0,0.03736379,0.00618209,0.03301089,0.03423751,0.01215840,0.40346250,0.07962902,0.03596557,0.96403443,-12.82066941
98600,0.18534333,0.18534333,1044,1.00000000,0.18534333,nan,0.00000000,0,0,0,0.03597960,0.00460343,0.15662427,0.16560884,0.00388666,0.52746999,0.11023530,0.00983997,0.99016003,-13.62032080
98700,0.66335744,0.66335744,525,1.00000000,0.66335744,nan,0.00000000,0,0,0,0.16640753,0.00925042,1.36702001,1.44740403,0.00048942,1.21376276,0.16562417,-0.00749958,1.00749958,0.80695820
98800,2.43114209,2.43114209,157,0.99999985,2.43114061,nan,0.00000000,0,0,0,0.04614184,0.00961246,0.19338363,0.19678986,0.13547790,0.49340174,0.15573579,-0.26982027,1.26982027,15.12463808
98900,1.24623895,1.24623895,331,1.00000000,1.24623895,nan,0.00000000,0,0,0,0.05143037,0.00356912,1.21063280,1.28149760,0.00592869,0.56741643,0.08411235,0.04359280,0.95640720,-2.76686656
99000,0.31876540,0.31876540,254,1.00000000,0.31876540,nan,0.00000000,0,0,0,0.58861303,0.02155301,1.26400185,1.33834636,0.00014618,6.43086958,0.30894881,-0.02088843,1.02088843,11.17736721
99100,0.24328011,0.24328011,323,1.00000000,0.24328011,nan,0.00000000,0,0,0,0.17258112,0.00928182,0.06132646,0.06316886,0.03000562,1.05287123,0.15714270,0.05712866,0.94287134,-5.56229854
99200,0.16411258,0.16411258,645,1.00000000,0.16411258,nan,0.00000000,0,0,0,0.03331409,0.00625712,0.04991771,0.05259945,0.00432803,0.54668492,0.22312427,0.04568629,0.95431371,-14.58103530
99300,0.19845012,0.19845012,424,1.00000000,0.19845012,nan,0.00000000,0,0,0,0.04945531,0.00729710,0.16667292,0.17617834,0.00508065,0.63966864,0.17214543,-0.25086260,1.25086260,-10.56688094
99400,0.70159543,0.70159543,235,1.00000000,0.70159543,nan,0.00000000,0,0,0,0.12126403,0.00822192,0.25883108,0.26477951,0.15770736,0.72629714,0.13055380,-0.10070488,1.10070488,-1.07919419
99500,0.09517234,0.09517234,784,1.00000000,0.09517234,nan,0.00000000,0,0,0,0.03902759,0.00455736,0.02370617,0.02509783,0.00004794,0.48251709,0.07366756,0.09383800,0.90616200,-14.42478204
99600,0.94763637,0.94763637,508,1.00000000,0.94763637,nan,0.00000000,0,0,0,0.05029998,0.00786413,0.75557405,0.79977006,0.00424192,0.69375420,0.22465846,-0.03054623,1.03054623,-2.11501503
99700,0.29618126,0.29618126,17,0.81731648,0.13216565,nan,0.00000000,0,0,0,0.03468534,0.00867127,0.07169741,0.07568249,0.00395096,0.54948115,0.27634802,0.25068419,0.74931581,-9.70723754
99800,2.00983000,2.00983000,284,1.00000000,2.00983000,nan,0.00000000,0,0,0,0.03074256,0.00549076,0.08291613,0.08576487,0.03448757,0.36794958,0.16747859,-0.26424626,1.26424626,4.48747738
99900,1.49869621,1.49869621,1017,1.00000000,1.49869621,nan,0.00000000,0,0,0,0.20299169,0.00757765,1.00804579,1.06086755,0.11007592,0.96750325,0.07892425,-0.20357301,1.20357301,10.61404514
100000,2.10693884,2.10693884,109,0.99998154,2.10678328,nan,0.00000000,0,0,0,0.55790490,0.02138723,9.34836483,9.88723946,0.18750043,5.91193819,0.42412698,-0.14741084,1.14741084,28.42290783
100100,0.69239879,0.69239879,35,0.96980262,0.61247689,nan,0.42309663,0,0,0,0.56023008,0.02074305,7.30772305,7.72431421,0.22566853,7.76742029,0.17954554,0.20082426,0.79917574,13.89321041
100200,0.33093777,0.33093777,42,0.98500442,0.31152942,nan,1.20434443,0,0,0,0.41248500,0.03202341,1.57274270,1.66421413,0.01772632,3.85812593,0.70430166,-0.23164622,1.23164622,6.93281015
100300,1.82447433,1.82447433,0,0.00000000,0.00000000,nan,0.00000000,0,0,0,1.01571655,0.00482349,58.61354065,61.97669220,1.43990195,31.68665504,0.21300624,nan,nan,33.10095024
100400,0.82472569,0.82472569,1,0.09516258,0.00006764,nan,0.00000000,0,0,0,0.99969167,0.00387628,26.52124786,28.08100510,0.00535968,31.29731560,0.18877512,0.33078871,0.66921129,23.97522316
100500,1.44484091,1.44484091,0,0.00000000,0.00000000,nan,0.00000000,0,0,0,1.01076889,0.00350348,29.95514679,31.71659660,0.01049899,31.94606209,0.11427408,-0.17154870,1.17154870,29.66238117
100600,1.27179420,1.27179420,1,0.09516258,0.00010430,nan,0.00000000,0,0,0,1.07141590,0.00938908,55.31208801,58.54031372,0.43233937,33.54692841,0.36770833,0.17665549,0.82334451,28.76183891
100700,0.80786633,0.80786633,2,0.18126925,0.00087224,nan,0.00000000,0,0,0,1.05465937,0.01003305,38.76008606,41.00687027,0.56470639,33.23663330,0.31530583,0.42816747,0.57183253,24.25015926
100800,0.71930420,0.71930420,0,0.00000000,0.00000000,nan,0.00000000,0,0,0,1.04001153,0.02221571,32.69242096,34.60947037,0.10255377,31.81162453,0.81606698,-0.13631250,1.13631250,23.56651688
100900,0.38943437,0.38943437,9,0.59343034,0.04829623,nan,0.00000000,0,0,0,0.90902698,0.02255799,6.34428978,6.71676159,0.01226939,26.60187149,0.72099823,-0.01164248,1.01164248,19.06392860
101000,0.68191832,0.68191832,0,0.00000000,0.00000000,nan,0.00000000,0,0,0,0.93178123,0.00772159,13.76079178,14.57021904,0.00054434,25.60614395,0.18520822,0.25889461,0.74110539,22.04122210
101100,0.39048609,0.39048609,2,0.18126925,0.00042160,nan,0.00000000,0,0,0,0.83572739,0.01620339,6.52497005,6.87892056,0.50781882,18.92048836,0.65191674,0.12552125,0.87447875,17.76313496
101200,0.40106440,0.40106440,8,0.55067104,0.03687933,nan,0.00000000,0,0,0,0.71821386,0.02386014,7.09692812,7.51141739,0.05060101,16.21554565,0.84706855,-0.08107383,1.08107383,16.21750132
101300,1.28631425,1.28631425,2,0.18126925,0.00138881,nan,0.00000000,0,0,0,0.58020848,0.04202078,7.84852505,8.29357338,0.28270534,12.29733658,1.57697058,0.10734778,0.89265222,23.53122253
101400,0.41322666,0.41322666,9,0.59343034,0.05124687,nan,0.00000000,0,0,0,0.59723818,0.03952418,3.39185452,3.58473158,0.11294096,12.14406395,1.21185219,0.04595524,0.95404476,15.34967613
101500,0.92933124,0.92933124,1,0.09516258,0.00007621,nan,0.00000000,0,0,0,0.32356411,0.04444387,3.03781390,3.21608973,0.00712050,5.89315224,0.99242401,0.16584007,0.83415993,15.30905755
101600,0.93400216,0.93400216,7,0.50341470,0.05998621,nan,0.00000000,0,0,0,0.29958478,0.03130486,6.28319407,6.62799740,0.42154765,6.28991079,1.22730637,-0.10838298,1.10838298,15.40315946
101700,0.47237656,0.47237656,7,0.50341470,0.03033835,nan,0.00000000,0,0,0,0.34975734,0.01807483,1.85340416,1.96166408,0.01298423,5.52564287,0.77466691,0.04325194,0.95674806,10.27858410
101800,0.72738689,0.72738689,3,0.25918178,0.00328234,nan,0.00000000,0,0,0,0.39022389,0.02826584,2.68258643,2.84035611,0.00050298,5.42573214,0.92470467,0.00003236,0.99996764,13.14204311
101900,0.23302954,0.23302954,24,0.90928205,0.15929621,nan,0.00000000,0,0,0,0.30926368,0.02533899,0.45895031,0.48582706,0.00204546,4.39278984,0.82062781,-0.06912484,1.06912484,6.26245260
102000,0.61430144,0.61430144,14,0.75340304,0.19792060,nan,0.00000000,0,0,0,0.57831746,0.01595836,5.58570433,5.91379881,0.00809799,12.06158161,0.45551068,0.12367750,0.87632250,16.82884731
102100,0.52902037,0.52902037,2,0.18126925,0.00057117,nan,0.00000000,0,0,0,0.46235764,0.04112208,1.37078452,1.44007492,0.19284852,6.40065765,1.15387118,0.19821017,0.80178983,13.51539822
102200,0.17186660,0.17186660,30,0.95021293,0.14011196,nan,0.00000000,0,0,0,0.30741528,0.01058841,0.65946555,0.69803482,0.00378883,3.80299544,0.40693846,-0.05084825,1.05084825,6.10703739
102300,1.94902289,1.94902289,13,0.72746821,0.54584962,nan,0.00000000,0,0,0,0.20217200,0.03190165,1.80466020,1.91048408,0.00565507,2.43871045,0.96102607,-0.04739342,1.04739342,23.58295314
102400,0.78971189,0.78971189,6,0.45118836,0.03272655,nan,0.00000000,0,0,0,0.18265083,0.01729190,0.99761295,1.05584335,0.00769658,2.24993587,0.51442814,0.10557036,0.89442964,8.50417173
102500,0.67512071,0.67512071,31,0.95495080,0.56144267,nan,0.00000000,0,0,0,0.12796117,0.02251293,0.45559752,0.47416413,0.13996443,1.83409202,0.80956459,0.02082610,0.97917390,4.01681185
102600,0.19294442,0.19294442,52,0.99448344,0.18872196,nan,0.00000000,0,0,0,0.12047419,0.01643657,0.06435847,0.06716722,0.01660966,2.12440896,0.58901042,0.06256735,0.93743265,-2.11306012
102700,0.75235540,0.75235540,21,0.87754357,0.44616736,nan,0.00000000,0,0,0,0.24442387,0.01767549,2.25742817,2.38552833,0.07972381,3.97460461,0.43999285,0.10928609,0.89071391,8.61375046
102800,0.36133093,0.36133093,40,0.98168436,0.33557734,nan,0.00000000,0,0,0,0.13903382,0.02294526,0.44635746,0.47233638,0.00471657,2.45036530,0.99332684,0.13404205,0.86595795,2.52511096
102900,0.57539380,0.57539380,7,0.50341470,0.03695462,nan,0.00000000,0,0,0,0.19239837,0.01316979,0.67922729,0.71746618,0.02916669,3.06712365,0.48777145,-0.09481934,1.09481934,5.58572578
103000,1.90831375,1.90831375,7,0.50341470,0.12256129,nan,0.00000000,0,0,0,0.41740528,0.01060931,3.61699414,3.74505258,1.44000351,8.85097599,0.50834990,0.15542279,0.84457721,26.13728371
103100,0.13339150,0.13339150,33,0.96311683,0.11477414,nan,0.00000000,0,0,0,0.26467898,0.01422983,0.09704118,0.10187373,0.01488779,3.78510189,0.37590000,-0.07144505,1.07144505,3.21728516
103200,1.59167814,1.59167814,10,0.63212056,0.25412940,nan,0.00000000,0,0,0,0.12164244,0.01714601,1.74113190,1.83948469,0.06913355,1.67447639,0.76129967,0.22036637,0.77963363,16.94026979
103300,0.13650335,0.13650335,45,0.98889100,0.13053802,nan,0.00000000,0,0,0,0.14773917,0.02897917,0.31822857,0.33686671,0.00138065,2.24343538,0.94059616,-0.03564911,1.03564911,-0.82616007
103400,0.24120824,0.24120824,43,0.98643144,0.22838089,nan,0.00000000,0,0,0,0.11831677,0.01349299,0.15985614,0.16917640,0.00141180,1.95221460,0.41148993,0.11062397,0.88937603,-0.69747247
103500,1.31474328,1.31474328,60,0.99752125,1.30175598,nan,0.00000000,0,0,0,0.14079970,0.01636589,2.23777795,2.36515760,0.07232089,1.72493529,0.45681709,-0.05952667,1.05952667,10.47638241
103600,0.13154776,0.13154776,34,0.96662673,0.11484674,nan,0.00000000,0,0,0,0.09357267,0.01696590,0.11302099,0.11938433,0.00484420,1.45080352,0.47263348,0.02637052,0.97362948,-3.26844770
103700,0.30186000,0.30186000,34,0.96662673,0.26353650,nan,0.00000000,0,0,0,0.14419192,0.02481701,0.55672270,0.58900124,0.00798764,2.34358120,0.64897627,-0.13621483,1.13621483,2.18599427
103800,0.27219379,0.27219379,23,0.89974116,0.17838099,nan,0.00000000,0,0,0,0.09334446,0.01841517,0.30599186,0.32399103,0.00000635,1.77028394,0.70047367,0.01741320,0.98258680,-0.08246891
103900,0.32310584,0.32310584,69,0.99899221,0.32180532,nan,0.00000000,0,0,0,0.05959824,0.01350736,0.24260937,0.25594091,0.01597302,1.10790145,0.47841370,-0.05166842,1.05166842,-3.91068965
104000,1.07790697,1.07790697,8,0.55067104,0.09911747,nan,0.00000000,0,0,0,0.53247583,0.00993004,4.36404991,4.55060863,1.19255722,11.79841137,0.28221300,0.16306192,0.83693808,19.88844013
104100,0.50525695,0.50525695,31,0.95495080,0.42018087,nan,0.00000000,0,0,0,0.09811438,0.01272403,0.69668299,0.73654884,0.01896420,1.13627338,0.32133332,0.11250474,0.88749526,0.54754253
104200,0.32987884,0.32987884,17,0.81731648,0.14720260,nan,0.00000000,0,0,0,0.17092121,0.01518665,0.24202353,0.25563329,0.01065734,1.76163125,0.38720867,0.06211737,0.93788263,0.24760178
104300,0.68728840,0.68728840,36,0.97267628,0.61519431,nan,0.00000000,0,0,0,0.13481601,0.01864379,0.22147596,0.22760567,0.11727079,1.52785861,0.59462714,0.00862134,0.99137866,3.53895489
104400,0.16997430,0.16997430,16,0.79810348,0.06896362,nan,0.00000000,0,0,0,0.10726144,0.01183977,0.17330487,0.18344024,0.00100379,1.33091378,0.32954562,-0.01672630,1.01672630,-4.17226561
104500,0.57944179,0.57944179,27,0.93279449,0.43868592,nan,0.00000000,0,0,0,0.07278773,0.01928992,0.39849508,0.42124730,0.01170739,1.23534822,0.64643186,0.16085005,0.83914995,1.49224488
104600,0.35673058,0.35673058,38,0.97762923,0.32586450,nan,0.05179399,0,0,0,0.10704156,0.01323687,0.22685510,0.23933105,0.01476367,1.63480711,0.58664727,0.02828190,0.97171810,0.28531567
104700,0.21748932,0.21748932,114,0.99998880,0.21747958,nan,0.00000000,0,0,0,0.09936908,0.00921395,0.09947029,0.10361283,0.02904714,1.13864815,0.19833197,-0.14204637,1.14204637,-4.18197012
104800,0.48012564,0.48012564,58,0.99697245,0.47433756,nan,0.00833742,0,0,0,0.13496000,0.00815489,0.75409198,0.79842669,0.00040277,2.03175259,0.20084564,-0.03967978,1.03967978,1.01950595
104900,1.28302586,1.28302586,23,0.89974116,0.84082527,nan,0.00000000,0,0,0,0.17583686,0.01396170,0.90358353,0.94141591,0.26043302,1.69768393,0.34722725,-0.14669682,1.14669682,8.25819588
105000,1.43573189,1.43573189,14,0.75340304,0.46257570,nan,0.00000000,0,0,0,0.40660468,0.01138861,2.99172783,3.09563112,1.22537220,7.87819910,0.30753815,0.00090200,0.99909800,21.58443975
105100,0.86196071,0.86196071,6,0.45118836,0.03572062,nan,0.14504186,0,0,0,0.51039475,0.02168868,5.52314377,5.84798574,0.00083328,8.61227798,0.47473949,0.05610133,0.94389867,17.68899600
105200,0.62212569,0.62212569,7,0.50341470,0.03995597,nan,0.03930064,0,0,0,0.14608830,0.01150904,0.55077773,0.58193302,0.02113819,1.14229393,0.25246894,-0.08097957,1.08097957,1.26111424
105300,0.32586500,0.32586500,69,0.99899221,0.32455338,nan,0.00000000,0,0,0,0.11292884,0.00736490,0.10524436,0.11074015,0.01181571,1.07823527,0.25904021,-0.07570298,1.07570298,-3.71290151
105400,0.29200226,0.29200226,71,0.99917490,0.29103972,nan,0.00000000,0,0,0,0.07787509,0.00863299,0.26165962,0.27545109,0.02720442,1.10908008,0.28494850,-0.05864969,1.05864969,-5.21442413
105500,0.07434877,0.07434877,72,0.99925341,0.07412699,nan,0.00000000,0,0,0,0.07026813,0.00758965,0.03772709,0.03984034,0.00180183,0.89709407,0.12403657,0.00520930,0.99479070,-8.44534143
105600,1.15537310,1.15537310,151,0.99999972,1.15537182,nan,0.00000000,0,0,0,0.10311928,0.01282531,1.18551099,1.24882555,0.10916400,0.91496360,0.39292094,0.11262043,0.88737957,5.53487420
105700,0.34061432,0.34061432,76,0.99949955,0.33993299,nan,0.00000000,0,0,0,0.12954664,0.00656929,0.35918799,0.38000944,0.00522385,1.84863281,0.18937384,0.16105781,0.83894219,-0.63250785
105800,0.15974380,0.15974380,103,0.99996637,0.15972231,nan,0.00603512,0,0,0,0.12873960,0.01037822,0.18298370,0.18861802,0.08720049,1.73198783,0.32585171,0.02993611,0.97006389,-4.19792612
105900,0.10786915,0.10786915,116,0.99999083,0.10786519,nan,0.00000000,0,0,0,0.12888007,0.00885788,0.06995925,0.07283085,0.02114204,1.60088301,0.11569619,0.14482171,0.85517829,-4.17871109
106000,0.33644563,0.33644563,4,0.32967995,0.00397452,nan,0.00000000,0,0,0,0.51761252,0.00726424,2.65188503,2.80431914,0.06051000,10.74803162,0.35761845,-0.22902682,1.22902682,12.92862153
106100,0.09456438,0.09456438,105,0.99997246,0.09455396,nan,0.02664971,0,0,0,0.12857421,0.00974655,0.08844684,0.09263755,0.01720497,1.46851587,0.26944953,0.02703258,0.97296742,-5.21104145
106200,0.22629584,0.22629584,21,0.87754357,0.13419963,nan,0.01421703,0,0,0,0.10736348,0.01057774,0.27370268,0.28670451,0.05267148,1.29734290,0.30600822,0.00391062,0.99608938,-4.43413323
106300,0.05044109,0.05044109,53,0.99500841,0.04944148,nan,0.00000000,0,0,0,0.16641667,0.01008678,0.03116417,0.03298444,0.00021960,1.58000898,0.27862304,-0.11220679,1.11220679,-2.69305595
106400,0.27328491,0.27328491,33,0.96311683,0.23514273,nan,0.00000000,0,0,0,0.09904718,0.00746182,0.15614066,0.16292335,0.04083496,1.12413025,0.19489346,0.02527071,0.97472929,-4.51065642
106500,0.07859329,0.07859329,137,0.99999888,0.07859294,nan,0.10486375,0,0,0,0.14205833,0.00921313,0.04684327,0.04789191,0.02901622,1.57407713,0.21919495,0.04504300,0.95495700,-2.94959909
106600,0.45435482,0.45435482,54,0.99548342,0.44620175,nan,0.00000000,0,0,0,0.07784691,0.01157059,0.14458595,0.14984742,0.05514088,0.74621063,0.26506391,-0.02672393,1.02672393,-2.41271416
106700,0.21514934,0.21514934,88,0.99984927,0.21501965,nan,0.00000000,0,0,0,0.14117385,0.01516150,0.22862734,0.24197632,0.00169466,1.32863843,0.24163382,0.11444393,0.88555607,-3.34228679
106800,0.46367222,0.46367222,61,0.99775713,0.45952637,nan,0.00000000,0,0,0,0.06147966,0.01247901,0.12132403,0.12785067,0.01037125,0.66313577,0.27574804,0.09501433,0.90498567,-2.22520161
106900,0.30062947,0.30062947,10,0.63212056,0.04799889,nan,0.00743496,0,0,0,0.12751210,0.00888326,0.08983733,0.09508107,0.00069374,1.16369104,0.31147021,0.07042517,0.92957483,-3.93492007
107000,0.56062889,0.56062889,39,0.97975809,0.51659584,nan,0.05406382,0,0,0,0.56729251,0.00928088,4.52729130,4.78230143,0.19211161,11.24257755,0.19340992,-0.08037557,1.08037557,15.63794880
107100,0.17599905,0.17599905,40,0.98168436,0.16345485,nan,0.01179925,0,0,0,0.12245241,0.00705488,0.09753129,0.10175991,0.02564481,1.18160772,0.23861776,0.03138184,0.96861816,-3.75309944
107200,0.16992667,0.16992667,128,0.99999724,0.16992480,nan,0.00000000,0,0,0,0.13899812,0.01195638,0.08830648,0.09294443,0.00946144,1.14617372,0.34741223,0.09253451,0.90746549,-4.62228743
107300,0.14958207,0.14958207,135,0.99999863,0.14958125,nan,0.00000000,0,0,0,0.09157363,0.00969553,0.10649678,0.10923966,0.05986777,1.00564790,0.20771344,-0.14133078,1.14133078,-6.15295418
107400,0.46135658,0.46135658,75,0.99944692,0.46033675,nan,0.03655890,0,0,0,0.11001344,0.01004463,0.48940265,0.51768976,0.00852195,1.55889750,0.29496500,-0.12945177,1.12945177,-1.08223343
107500,0.13988578,0.13988578,16,0.79810348,0.05675582,nan,0.00000000,0,0,0,0.09237305,0.00667215,0.16316587,0.17273931,0.00041687,1.09169829,0.18617672,-0.10505086,1.10505086,-7.07478225
107600,0.29324421,0.29324421,70,0.99908812,0.29217606,nan,0.00000000,0,0,0,0.06795600,0.01353936,0.13042201,0.13769948,0.00670487,1.04414415,0.47056177,0.04103092,0.95896908,-5.70578337
107700,0.40051100,0.40051100,114,0.99998880,0.40049306,nan,0.00000000,0,0,0,0.05890654,0.00861274,0.25921696,0.27410042,0.00619848,0.64546704,0.20152956,-0.00331678,1.00331678,-5.24444234
107800,0.52322650,0.52322650,33,0.96311683,0.45020014,nan,0.00000000,0,0,0,0.05921392,0.01117308,0.19898055,0.20965061,0.01758994,0.83846092,0.32130086,-0.01063625,1.01063625,-4.70359272
107900,0.96625435,0.96625435,50,0.99326205,0.94047410,nan,0.00000000,0,0,0,0.11263405,0.01503929,1.13396978,1.19986725,0.01371220,1.04348540,0.36565918,-0.10621580,1.10621580,4.98894389
108000,1.07394683,1.07394683,38,0.97762923,0.98102368,nan,0.00000000,0,0,0,0.53194577,0.00715886,2.87695813,2.95751500,1.50749433,11.33393860,0.19645466,-0.03688670,1.03688670,19.78204060
108100,0.16956276,0.16956276,27,0.93279449,0.12837320,nan,0.02744684,0,0,0,0.10007071,0.01198165,0.16557926,0.17409833,0.02075514,1.51769388,0.41075137,0.08236007,0.91763993,-4.12598400
108200,0.57251644,0.57251644,70,0.99908812,0.57043103,nan,0.03976795,0,0,0,0.10585472,0.01359983,0.19180208,0.20285675,0.00387278,1.26453292,0.36365333,-0.10180132,1.10180132,2.19528055
108300,0.87704819,0.87704819,33,0.96311683,0.75463918,nan,0.00000000,0,0,0,0.14925683,0.01176350,0.35135877,0.37196469,0.00105822,1.18457282,0.31583703,-0.18096070,1.18096070,2.20152438
108400,0.53733170,0.53733170,290,1.00000000,0.53733170,nan,0.02566010,0,0,0,0.18321934,0.00900358,1.01325238,1.07285249,0.00004938,1.43419909,0.19605523,0.02754457,0.97245543,0.79423288
108500,0.17118961,0.17118961,55,0.99591323,0.16840826,nan,0.00100532,0,0,0,0.10505450,0.00702953,0.60090411,0.63624960,0.00003079,1.17527819,0.12134249,-0.14529866,1.14529866,-6.01065969
108600,0.19746177,0.19746177,78,0.99959027,0.19713834,nan,0.00000000,0,0,0,0.07340023,0.00646001,0.04753552,0.04734739,0.05073385,0.69724303,0.16371860,-0.05332788,1.05332788,-8.88598824
108700,0.84772497,0.84772497,127,0.99999695,0.84771463,nan,0.02403936,0,0,0,0.08380010,0.01828210,0.36126015,0.38210443,0.00690784,0.98676926,0.50381851,0.03381786,0.96618214,3.75817707
108800,0.19993068,0.19993068,147,0.99999959,0.19993035,nan,0.00000000,0,0,0,0.08243954,0.01263273,0.15372933,0.16270918,0.00107183,1.14214754,0.40998691,0.05074714,0.94925286,-3.04281743
108900,0.44605297,0.44605297,71,0.99917490,0.44458263,nan,0.01996469,0,0,0,0.14982410,0.01293589,0.24347083,0.24869128,0.15472282,1.43915117,0.43524075,-0.10678627,1.10678627,0.52127683
109000,0.66086477,0.66086477,10,0.63212056,0.10551453,nan,0.00000000,0,0,0,0.56470364,0.00909770,1.83249116,1.88711679,0.90385461,10.63072014,0.22750704,0.05255067,0.94744933,16.68933105
109100,0.59259808,0.59259808,88,0.99984927,0.59224086,nan,0.03581723,0,0,0,0.09063085,0.00447972,1.96712172,2.08111215,0.02928644,1.01956916,0.12597810,-0.05290127,1.05290127,-3.17554933
109200,0.23820268,0.23820268,72,0.99925341,0.23749212,nan,0.01749168,0,0,0,0.07170621,0.01167997,0.10536941,0.11152153,0.00078329,0.77861124,0.25750270,0.02635837,0.97364163,-6.21809959
109300,0.74944901,0.74944901,28,0.93918994,0.58311715,nan,0.01179545,0,0,0,0.10031363,0.00943224,0.66423076,0.70223564,0.01814919,1.22402382,0.25796235,-0.13129986,1.13129986,-0.57148604
109400,0.23204316,0.23204316,120,0.99999386,0.23203746,nan,0.04475804,0,0,0,0.09803365,0.01033599,0.28691429,0.30299371,0.01356348,1.08653057,0.23153466,0.05792143,0.94207857,-3.72484481
109500,0.72490156,0.72490156,114,0.99998880,0.72486910,nan,0.10031844,0,0,0,0.19348681,0.00955608,0.68706828,0.72748363,0.00000673,1.68779182,0.35693616,-0.12238617,1.12238617,2.47600806
109600,1.34016836,1.34016836,66,0.99863963,1.33289074,nan,0.03664250,0,0,0,0.08096120,0.00721018,2.22083187,2.35123634,0.00395726,1.32351792,0.19234736,-0.00798786,1.00798786,3.65610210
109700,0.81896377,0.81896377,133,0.99999833,0.81895828,nan,0.00000000,0,0,0,0.08271204,0.01115015,0.48235103,0.51060355,0.00205781,1.16823161,0.31861508,-0.03383150,1.03383150,3.38815167
109800,0.52006710,0.52006710,129,0.99999750,0.52006190,nan,0.00000000,0,0,0,0.06351779,0.00831752,0.26368380,0.27606323,0.05323284,0.75680190,0.16420276,0.04265336,0.95734664,-4.93815047
109900,0.27190322,0.27190322,80,0.99966454,0.27153855,nan,0.00000000,0,0,0,0.10891639,0.00746622,0.45368969,0.48034051,0.00062519,1.24330318,0.20912269,0.13315952,0.86684048,-2.56734252
110000,0.49182239,0.49182239,29,0.94497678,0.39218669,nan,0.04814007,0,0,0,0.57518071,0.00770714,3.01420498,3.16966963,0.37130556,10.48327160,0.19780521,-0.17223127,1.17223127,14.94456387
110100,0.19942924,0.19942924,65,0.99849656,0.19823263,nan,0.14424251,0,0,0,0.16558000,0.01472449,0.48984921,0.51737541,0.02190403,2.19306087,0.35047033,-0.01820408,1.01820408,-0.33238870
110200,0.20882617,0.20882617,129,0.99999750,0.20882408,nan,0.00000000,0,0,0,0.08365311,0.00580901,0.19779992,0.20937693,0.00099071,0.87573510,0.13359442,-0.11676071,1.11676071,-7.83506703
110300,0.18986855,0.18986855,186,0.99999999,0.18986855,nan,0.03507399,0,0,0,0.09003807,0.00661171,0.15642072,0.16407366,0.02632078,0.75513911,0.16381748,0.13919549,0.86080451,-6.93182373
110400,0.28151032,0.28151032,64,0.99833844,0.27964400,nan,0.14328801,0,0,0,0.12553278,0.01634300,0.23999596,0.24464360,0.16098566,1.31456196,0.32338420,-0.09888557,1.09888557,-1.97342479
110500,0.32511482,0.32511482,65,0.99849656,0.32316406,nan,0.11443162,0,0,0,0.26309848,0.01337690,0.50551057,0.53494382,0.00514595,1.58755445,0.30161875,0.17351203,0.82648797,0.65795608
110600,0.35790661,0.35790661,96,0.99993227,0.35780966,nan,0.00000000,0,0,0,0.19123916,0.00683842,0.17000456,0.17999132,0.00022971,1.02837002,0.11450890,0.19447922,0.80552078,-1.42010134
110700,1.95001495,1.95001495,96,0.99993227,1.94948671,nan,0.00000000,0,0,0,0.11634143,0.01417045,0.81653810,0.86390215,0.01135036,1.62160766,0.51631618,0.04362019,0.95637981,14.08243346
110800,1.43214822,1.43214822,74,0.99938875,1.42864981,nan,0.00000000,0,0,0,0.12354994,0.01235916,1.87545228,1.98576605,0.00012087,1.19408715,0.23716842,0.02019207,0.97980793,8.74181000
110900,0.17685786,0.17685786,163,0.99999992,0.17685780,nan,0.01504162,0,0,0,0.11212751,0.00684030,0.37511528,0.39698130,0.00339274,1.54739666,0.26764557,-0.13144462,1.13144462,-4.79823303
111000,0.32282937,0.32282937,56,0.99630214,0.31808067,nan,0.00000000,0,0,0,0.63615859,0.01059475,2.84925079,3.01425195,0.04423191,12.29259300,0.30530021,-0.14459241,1.14459241,14.46728547
111100,0.73826706,0.73826706,182,0.99999999,0.73826703,nan,0.00000000,0,0,0,0.19703710,0.01010401,0.42517906,0.44226933,0.13464515,1.71480799,0.21827759,-0.13905625,1.13905625,4.61808650
111200,0.26897132,0.26897132,103,0.99996637,0.26893514,nan,0.00000000,0,0,0,0.15731086,0.01642170,0.13937217,0.14724886,0.00546826,1.05964923,0.23360130,-0.02654066,1.02654066,-1.34194678
111300,0.05751581,0.05751581,74,0.99938875,0.05737531,nan,0.00000000,0,0,0,0.07972034,0.00995250,0.05839022,0.06182052,0.00007491,1.05909395,0.28964770,-0.03904506,1.03904506,-7.97521269
111400,0.44132107,0.44132107,122,0.99999497,0.44131219,nan,0.00000000,0,0,0,0.13426024,0.01016849,0.37496650,0.39690337,0.00204057,1.22181320,0.23254943,0.01048968,0.98951032,-2.30945764
111500,0.13249379,0.13249379,82,0.99972535,0.13234829,nan,0.00000000,0,0,0,0.07386016,0.01564266,0.04866959,0.05100749,0.00892536,1.25137448,0.57498401,0.02051638,0.97948362,-5.72898420
111600,0.80610329,0.80610329,125,0.99999627,0.80609127,nan,0.00000000,0,0,0,0.07439049,0.00955943,0.54303730,0.57497585,0.00008285,0.81910431,0.13249442,-0.13542829,1.13542829,-0.84681308
111700,0.38530114,0.38530114,93,0.99990858,0.38516026,nan,0.00000000,0,0,0,0.08168977,0.00873379,0.12647401,0.13355640,0.00607344,0.89189082,0.19088370,-0.04341200,1.04341200,-5.22777162
111800,0.18026778,0.18026778,186,0.99999999,0.18026777,nan,0.01662832,0,0,0,0.06158658,0.01071045,0.06712301,0.06868034,0.04064850,0.75936055,0.21700951,-0.06492392,1.06492392,-8.05755249
111900,0.74626112,0.74626112,135,0.99999863,0.74625703,nan,0.00000000,0,0,0,0.05588345,0.01037194,0.11135154,0.11630666,0.02711479,0.86670387,0.34652489,0.09049933,0.90950067,-4.49094375
112000,0.40770152,0.40770152,53,0.99500841,0.39962195,nan,0.00000000,0,0,0,0.53830904,0.01179282,3.17394543,3.35994768,0.01190897,9.63446712,0.25634325,0.02225314,0.97774686,13.33857187
112100,0.70859623,0.70859623,83,0.99975148,0.70789210,nan,0.16951826,0,0,0,0.08533878,0.01300492,0.45262146,0.47338283,0.09967902,1.18558562,0.28115749,0.03823784,0.96176216,1.48597026
112200,0.23109227,0.23109227,172,0.99999997,0.23109224,nan,0.08425443,0,0,0,0.06519528,0.00709851,0.04525232,0.04501909,0.04921725,0.69323945,0.15369503,0.00052996,0.99947004,-8.96577231
112300,0.34309489,0.34309489,148,0.99999963,0.34309437,nan,0.00000000,0,0,0,0.05538458,0.00808964,0.25759804,0.27258795,0.00276942,0.56175303,0.15403292,-0.05850969,1.05850969,-8.93721485
112400,0.29662094,0.29662094,92,0.99989896,0.29650107,nan,0.00000000,0,0,0,0.05023001,0.00609237,0.07725678,0.08178390,0.00029570,0.75369978,0.17601681,0.08013977,0.91986023,-9.40793085
112500,0.44112498,0.44112498,68,0.99888622,0.43916300,nan,0.00000000,0,0,0,0.06193643,0.00893348,0.11954015,0.12023387,0.10774686,0.60703921,0.17163727,-0.05682059,1.05682059,-5.86644125
112600,1.03310287,1.03310287,28,0.93918994,0.80381719,nan,0.00000000,0,0,0,0.12895547,0.01412916,0.22507238,0.23482594,0.05926209,1.11548150,0.43231869,0.11320511,0.88679489,5.60548401
112700,0.21043897,0.21043897,113,0.99998763,0.21042855,nan,0.00000000,0,0,0,0.05820690,0.00727522,0.05714076,0.06024319,0.00439949,0.73150474,0.23887351,-0.12752174,1.12752174,-9.63098669
112800,1.51641345,1.51641345,91,0.99988833,1.51573624,nan,0.00000000,0,0,0,0.20869017,0.01094453,0.88755733,0.93147874,0.14089523,0.93198067,0.23832999,-0.15987764,1.15987764,12.40895486
112900,0.41890982,0.41890982,81,0.99969646,0.41840143,nan,0.00000000,0,0,0,0.05294628,0.00809893,0.04805879,0.05020585,0.01155881,0.64517933,0.18965676,0.06611115,0.93388885,-7.32210040
113000,0.50810534,0.50810534,42,0.98500442,0.47830672,nan,0.00000000,0,0,0,0.58388227,0.00728779,2.04412770,2.11876798,0.77524787,10.84535694,0.14455025,-0.00986544,1.00986544,15.08128815
113100,0.13212354,0.13212354,138,0.99999898,0.13212301,nan,0.00000000,0,0,0,0.09103125,0.00864981,0.18408197,0.19417353,0.01252579,1.52918327,0.29051682,0.07169057,0.92830943,-6.90177727
113200,0.24201536,0.24201536,39,0.97975809,0.22300693,nan,0.00000000,0,0,0,0.06165516,0.00870051,0.07827695,0.08278425,0.00165277,0.75461286,0.25277370,0.07154779,0.92845221,-7.22581561
113300,0.32741693,0.32741693,142,0.99999932,0.32741604,nan,0.00000000,0,0,0,0.12526591,0.01581996,0.32857049,0.34788346,0.00024965,1.11829126,0.36617404,-0.05182280,1.05182280,-2.88126373
113400,0.55178428,0.55178428,8,0.55067104,0.05073857,nan,0.00000000,0,0,0,0.06456614,0.01083484,2.22318339,2.35361600,0.00582972,1.14379168,0.25452560,-0.10603563,1.10603563,-4.67451763
113500,0.65954769,0.65954769,296,1.00000000,0.65954769,nan,0.00000000,0,0,0,0.13040294,0.00907755,0.16631131,0.17480665,0.02189038,1.00205410,0.23736303,0.00095823,0.99904177,-1.96942925
113600,1.27832532,1.27832532,102,0.99996283,1.27813527,nan,0.00000000,0,0,0,0.05393007,0.01074390,0.31769294,0.33507901,0.02212984,0.81343639,0.22546941,0.03416246,0.96583754,1.50610727
113700,0.53679198,0.53679198,69,0.99899221,0.53463136,nan,0.00000000,0,0,0,0.17669624,0.01355211,0.47684377,0.50337738,0.02577350,1.32474816,0.34197131,-0.06733676,1.06733676,1.13308296
113800,0.37053674,0.37053674,115,0.99998987,0.37052173,nan,0.00000000,0,0,0,0.04925530,0.00642384,0.03555284,0.03730572,0.00575375,0.54538089,0.11128429,0.15562792,0.84437208,-9.04515187
113900,0.24290061,0.24290061,415,1.00000000,0.24290061,nan,0.00000000,0,0,0,0.04991922,0.01203407,0.20654835,0.21869113,0.00012131,0.79792094,0.38972294,0.05703010,0.94296990,-3.87500461
114000,0.73240840,0.73240840,19,0.85043138,0.38309848,nan,0.00000000,0,0,0,0.46054998,0.00788564,2.53188467,2.64852428,0.54901147,9.17721462,0.22267321,0.20122714,0.79877286,15.02657890
114100,0.34306893,0.34306893,25,0.91791500,0.24355175,nan,0.05937057,0,0,0,0.07485327,0.00880220,0.25317052,0.26803055,0.00054962,0.92088956,0.27570316,0.00435795,0.99564205,-5.57289839
114200,0.30398726,0.30398726,215,1.00000000,0.30398726,nan,0.00000000,0,0,0,0.07652831,0.00751614,0.27573907,0.29169101,0.00455649,0.89170331,0.22211587,-0.08236688,1.08236688,-6.27526116
114300,0.33667281,0.33667281,40,0.98168436,0.31267671,nan,0.00000000,0,0,0,0.06004463,0.02156849,0.10684513,0.11058333,0.04329577,1.21853471,0.66469193,-0.02130588,1.02130588,-0.72713876
114400,0.63911349,0.63911349,116,0.99999083,0.63909005,nan,0.00000000,0,0,0,0.03857900,0.01306385,1.51459706,1.60336137,0.00560443,0.73891097,0.36347750,-0.11067892,1.11067892,-0.41730338
114500,0.41342151,0.41342151,104,0.99996957,0.41337119,nan,0.00000000,0,0,0,0.04814573,0.00626257,0.23448747,0.24823850,0.00072056,0.74530727,0.20381998,0.04706290,0.95293710,-6.46963986
114600,0.50646460,0.50646460,256,1.00000000,0.50646460,nan,0.00000000,0,0,0,0.04420176,0.00583208,0.16527759,0.17304838,0.03317437,0.58934540,0.08411072,0.17830649,0.82169351,-8.48047479
114700,1.02895725,1.02895725,242,1.00000000,1.02895725,nan,0.00000000,0,0,0,0.05476299,0.00920095,0.51872224,0.54901862,0.00368334,0.87970042,0.27062926,-0.10691226,1.10691226,7.49819005
114800,0.33703661,0.33703661,148,0.99999963,0.33703611,nan,0.00000000,0,0,0,0.04671343,0.00665533,0.23688538,0.25023827,0.00988656,0.72867227,0.18953745,0.01429616,0.98570384,-11.09287834
114900,0.49608496,0.49608496,150,0.99999969,0.49608435,nan,0.00000000,0,0,0,0.05413185,0.00577321,0.06835285,0.07224951,0.00210971,0.61032718,0.13482851,-0.05471750,1.05471750,-7.13136148
115000,1.50736737,1.50736737,12,0.69880579,0.35945546,nan,0.00000000,0,0,0,0.36246228,0.01408515,3.68440080,3.85225272,0.83092141,7.15406370,0.31034756,0.08305628,0.91694372,20.81763077
115100,0.26523492,0.26523492,32,0.95923780,0.22456177,nan,0.13395297,0,0,0,0.06879259,0.00517274,1.08381224,1.14739311,0.00293794,1.08095980,0.10713604,-0.11207450,1.11207450,-7.10366344
115200,0.50324702,0.50324702,121,0.99999444,0.50323583,nan,0.11751567,0,0,0,0.18877494,0.01424762,0.50363857,0.53322470,0.00067416,1.07899833,0.42714775,0.01494867,0.98505133,2.84918162
115300,0.21106951,0.21106951,29,0.94497678,0.16831005,nan,0.09629002,0,0,0,0.11729530,0.00912998,0.28901190,0.30598477,0.00047277,1.32989836,0.30266985,-0.11177362,1.11177362,-5.21507740
115400,0.44713137,0.44713137,90,0.99987659,0.44691068,nan,0.05160770,0,0,0,0.07241079,0.01546276,0.46145570,0.48842919,0.00290736,0.94384617,0.19636637,0.05456230,0.94543770,-2.54466248
115500,0.32420152,0.32420152,49,0.99255342,0.31465208,nan,0.00000000,0,0,0,0.04684354,0.01179727,0.15241966,0.15916377,0.03776975,0.67819566,0.27695009,0.06842383,0.93157617,-7.49289680
115600,0.37898502,0.37898502,28,0.93918994,0.29487351,nan,0.00000000,0,0,0,0.04527482,0.00796228,0.11904898,0.12581421,0.00404006,0.86185604,0.23451431,0.02027545,0.97972455,-8.75008424
115700,0.43271971,0.43271971,157,0.99999985,0.43271944,nan,0.00000000,0,0,0,0.13256989,0.00938810,0.42215797,0.44675967,0.00392892,1.08948493,0.22256695,0.05361816,0.94638184,-2.27733421
115800,0.79872841,0.79872841,67,0.99876909,0.79480300,nan,0.00000000,0,0,0,0.13517569,0.01055199,0.18838476,0.19259988,0.11672754,0.83697331,0.23006794,-0.05378189,1.05378189,-0.36332944
115900,1.04853344,1.04853344,121,0.99999444,1.04851012,nan,0.00000000,0,0,0,0.04668794,0.00768897,0.16969351,0.17680652,0.04877238,0.77942836,0.18649516,-0.15206073,1.15206073,0.13707964
116000,1.59543717,1.59543717,20,0.86466472,0.89180655,nan,0.00000000,0,0,0,0.36054027,0.01294386,5.62726784,5.93341875,0.42270076,6.76186943,0.32422712,0.16184558,0.83815442,20.98314985
116100,0.20043935,0.20043935,74,0.99938875,0.19994972,nan,0.05177247,0,0,0,0.04239313,0.00752912,0.04641132,0.04914130,0.00000180,0.56741053,0.16699189,-0.06658738,1.06658738,-9.63961411
116200,0.28388885,0.28388885,88,0.99984927,0.28371772,nan,0.00000000,0,0,0,0.04511819,0.00931248,0.27430904,0.29032063,0.00211220,0.76926923,0.29552862,-0.13931122,1.13931122,-8.32522464
116300,0.18706414,0.18706414,178,0.99999998,0.18706413,nan,0.00000000,0,0,0,0.05659813,0.01243418,0.07900116,0.08354943,0.00168077,1.04489732,0.22631365,0.14920281,0.85079719,-8.48729753
116400,0.62128115,0.62128115,189,0.99999999,0.62128113,nan,0.04906905,0,0,0,0.08030233,0.00860271,0.20245823,0.21285014,0.02579587,0.95226741,0.21191700,0.03806086,0.96193914,-3.41689110
116500,0.33576646,0.33576646,25,0.91791500,0.23836758,nan,0.00000000,0,0,0,0.04492902,0.00615050,0.06369220,0.06697305,0.00791771,0.75227153,0.16746207,-0.09026152,1.09026152,-9.11201239
116600,0.65515393,0.65515393,76,0.99949955,0.65384342,nan,0.01069614,0,0,0,0.12911475,0.01306140,0.56255746,0.58980900,0.09928127,1.40114737,0.38197148,0.22262181,0.77737819,1.05152285
116700,0.12881407,0.12881407,42,0.98500442,0.12125957,nan,0.00000000,0,0,0,0.05695999,0.00621227,0.38899928,0.41185984,0.00036974,1.10930574,0.14293060,0.00738955,0.99261045,-10.00846815
116800,0.43124497,0.43124497,152,0.99999975,0.43124454,nan,0.00000000,0,0,0,0.07693139,0.00998565,0.30055541,0.31806138,0.00295389,1.01453590,0.22762436,0.01752657,0.98247343,-5.41824373
116900,0.62419516,0.62419516,62,0.99797057,0.61914352,nan,0.00000000,0,0,0,0.11821073,0.01096148,0.92051303,0.97375536,0.01539518,1.20043719,0.32773748,-0.06236092,1.06236092,-0.09976673
117000,1.20083499,1.20083499,14,0.75340304,0.38689472,nan,0.00000000,0,0,0,0.51844639,0.01379432,5.24685764,5.50468636,0.86376989,9.82706642,0.30784813,0.02142208,0.97857792,20.53400536
117100,0.36770952,0.36770952,195,1.00000000,0.36770951,nan,0.00000000,0,0,0,0.15775195,0.00848372,0.33769611,0.35584173,0.02922109,1.25680685,0.22848620,-0.17103593,1.17103593,-3.05195534
117200,1.27378941,1.27378941,190,0.99999999,1.27378938,nan,0.00000000,0,0,0,0.07624393,0.00786413,0.31851891,0.33089739,0.10808465,1.19125223,0.27390254,0.11166430,0.88833570,4.25472679
117300,0.60810065,0.60810065,89,0.99986361,0.60776897,nan,0.00000000,0,0,0,0.18731394,0.01083586,1.04111350,1.10156548,0.01342957,1.17733026,0.27491117,0.00203907,0.99796093,0.75966251
117400,0.54328942,0.54328942,99,0.99994983,0.54318039,nan,0.00000000,0,0,0,0.04730208,0.01048161,0.17249186,0.18217000,0.00796375,0.86548716,0.33904004,-0.16574791,1.16574791,-7.01083672
117500,0.14752087,0.14752087,58,0.99697245,0.14574246,nan,0.00000000,0,0,0,0.05395753,0.00568970,0.10251297,0.10780068,0.01262172,0.92641723,0.18802518,0.09573631,0.90426369,-10.11020398
117600,0.19099803,0.19099803,195,1.00000000,0.19099803,nan,0.00000000,0,0,0,0.04875053,0.00755910,0.18483548,0.19566867,0.00067120,0.90886348,0.23879804,0.12168094,0.87831906,-9.27928507
117700,0.75442636,0.75442636,109,0.99998154,0.75437066,nan,0.00000000,0,0,0,0.12279589,0.01186488,0.89788204,0.94942719,0.02161350,1.38183045,0.37904203,0.14861684,0.85138316,1.09134638
117800,0.62747085,0.62747085,72,0.99925341,0.62559911,nan,0.00000000,0,0,0,0.17462593,0.00951477,0.32100254,0.33294481,0.11798372,1.27810478,0.14597398,0.06729691,0.93270309,0.62976003
117900,0.23997842,0.23997842,51,0.99390325,0.23417937,nan,0.00000000,0,0,0,0.05257776,0.00728533,0.09147609,0.09558041,0.02170270,0.76969099,0.19600253,0.01764676,0.98235324,-9.76473554
118000,0.77246946,0.77246946,51,0.99390325,0.75380284,nan,0.00000000,0,0,0,0.46291521,0.01174951,3.71539974,3.90327096,0.52159226,8.67682457,0.28869286,0.13329350,0.86670650,15.96811962
118100,0.86072713,0.86072713,197,1.00000000,0.86072712,nan,0.00000000,0,0,0,0.04131388,0.00600308,0.07369293,0.07603057,0.03395303,0.60447937,0.14014259,0.03298586,0.96701414,-4.15915561
118200,0.33904541,0.33904541,229,1.00000000,0.33904541,nan,0.04600171,0,0,0,0.08160660,0.00854654,0.36074975,0.38101655,0.01621425,1.18491042,0.16854034,0.14681445,0.85318555,-4.67310305
118300,0.43352997,0.43352997,72,0.99925341,0.43223675,nan,0.00000000,0,0,0,0.04128705,0.00581975,0.16999353,0.17939459,0.01017567,0.68048024,0.22820728,0.17358494,0.82641506,-7.92468548
118400,0.35166183,0.35166183,101,0.99995892,0.35160405,nan,0.00000000,0,0,0,0.06415836,0.00865040,0.15823227,0.16427694,0.05547324,0.93382835,0.21542281,-0.28625839,1.28625839,-6.97105296
118500,0.45779404,0.45779404,144,0.99999944,0.45779302,nan,0.00000000,0,0,0,0.09978942,0.00756949,0.40589616,0.42947859,0.00499503,0.97818661,0.20204930,-0.13866136,1.13866136,-3.30542803
118600,0.30094075,0.30094075,366,1.00000000,0.30094075,nan,0.00000000,0,0,0,0.11774826,0.00610604,0.26792148,0.28288946,0.01346589,1.11634398,0.16256447,0.03944181,0.96055819,-4.75286039
118700,0.21997063,0.21997063,181,0.99999999,0.21997062,nan,0.13381637,0,0,0,0.05915643,0.00873727,0.16113773,0.17046548,0.00256591,1.10498428,0.28013989,0.05048543,0.94951457,-8.16764228
118800,0.31233850,0.31233850,163,0.99999992,0.31233840,nan,0.06088561,0,0,0,0.05840179,0.01062752,0.24337970,0.25756156,0.00228795,0.91245270,0.23728803,0.20191375,0.79808625,-7.24552933
118900,0.13450025,0.13450025,183,0.99999999,0.13450024,nan,0.14718760,0,0,0,0.08189025,0.00753524,0.09630002,0.10131218,0.01109335,1.18102980,0.09543693,-0.24947007,1.24947007,-6.34216070
119000,1.72537363,1.72537363,48,0.99177025,1.66927338,nan,0.04795786,0,0,0,0.42609048,0.01638608,5.28179932,5.56599951,0.45038843,6.87373447,0.43804258,0.05604169,0.94395831,24.05477142
119100,0.24385111,0.24385111,56,0.99630214,0.24026416,nan,0.03586240,0,0,0,0.14744681,0.01026656,0.46054178,0.48673528,0.01525267,1.05256355,0.24719514,0.00342858,0.99657142,-2.00174570
119200,0.55093783,0.55093783,47,0.99090472,0.53116590,nan,0.00000000,0,0,0,0.03698616,0.00796206,0.30080840,0.31783426,0.01136898,0.60359234,0.15303618,-0.05123101,1.05123101,-8.63833380
119300,0.64811391,0.64811391,71,0.99917490,0.64597750,nan,0.00000000,0,0,0,0.11794133,0.02054866,0.53430015,0.56508082,0.01102888,1.00917244,0.42899081,0.09839958,0.90160042,1.78778367
119400,0.41580591,0.41580591,502,1.00000000,0.41580591,nan,0.00000000,0,0,0,0.05249486,0.00843565,0.27828974,0.29367539,0.01673378,0.86048293,0.25187954,-0.04168036,1.04168036,-6.49280357
119500,0.34013069,0.34013069,143,0.99999938,0.34012985,nan,0.00000000,0,0,0,0.07856640,0.00477641,0.30640689,0.32376778,0.01127193,1.07969010,0.18909560,0.09982110,0.90017890,-5.78360009
119600,0.39516860,0.39516860,92,0.99989896,0.39500892,nan,0.00000000,0,0,0,0.06666809,0.00980916,0.46237755,0.48957622,0.00000036,0.83265209,0.21592328,-0.11150784,1.11150784,-5.84457795
119700,0.58641714,0.58641714,130,0.99999774,0.58641184,nan,0.00000000,0,0,0,0.07610141,0.01208984,0.49682897,0.52400464,0.03484242,0.92682624,0.23945989,-0.01440578,1.01440578,-3.20855284
119800,0.70455861,0.70455861,310,1.00000000,0.70455861,nan,0.00000000,0,0,0,0.12713988,0.01099711,0.86092472,0.91113788,0.00730195,1.18719923,0.34692585,-0.26582106,1.26582106,1.80904671
119900,0.88414538,0.88414538,178,0.99999998,0.88414531,nan,0.00000000,0,0,0,0.15301903,0.01295941,1.87534773,1.98273599,0.04974811,1.16184545,0.33532730,0.20846515,0.79153485,7.83753872
120000,1.41126776,1.41126776,51,0.99390325,1.37716466,nan,0.00000000,0,0,0,0.43561956,0.01412006,3.99237227,4.18554258,0.70847988,7.23756599,0.33402330,0.12460296,0.87539704,20.62549082
120100,0.47038543,0.47038543,278,1.00000000,0.47038543,nan,0.05840207,0,0,0,0.05619650,0.00532035,0.87088549,0.92211390,0.00000157,0.96818900,0.15806589,0.12921021,0.87078979,-6.97344267
120200,0.79891801,0.79891801,71,0.99917490,0.79628451,nan,0.00000000,0,0,0,0.04466946,0.00895966,0.10957487,0.11601380,0.00011298,0.72420514,0.30369207,-0.03457198,1.03457198,-0.97728693
120300,0.75461566,0.75461566,369,1.00000000,0.75461566,nan,0.00000000,0,0,0,0.10249344,0.00643114,0.23316294,0.24498110,0.03225417,1.33045578,0.10269949,0.18478790,0.81521210,-0.62986010
120400,0.54680383,0.54680383,167,0.99999994,0.54680371,nan,0.00000000,0,0,0,0.18719484,0.01265424,0.48025015,0.50288039,0.09553625,1.80140090,0.33912757,-0.17461124,1.17461124,3.08396244
120500,0.25999331,0.25999331,95,0.99992515,0.25991548,nan,0.00000000,0,0,0,0.05129634,0.00658000,0.18617296,0.19686505,0.00440770,0.70816994,0.12015428,0.01259142,0.98740858,-8.77591562
120600,0.40665463,0.40665463,269,1.00000000,0.40665463,nan,0.00000000,0,0,0,0.05207292,0.00956868,0.10532986,0.10666960,0.08255444,0.73506594,0.13207266,-0.16280233,1.16280233,-7.13771039
120700,0.32128486,0.32128486,33,0.96311683,0.27644335,nan,0.00000000,0,0,0,0.12216869,0.00640578,0.46276030,0.48975697,0.00381667,1.15782249,0.10267419,-0.11688654,1.11688654,-3.59143299
120800,0.07746568,0.07746568,158,0.99999986,0.07746563,nan,0.04666508,0,0,0,0.05899217,0.00912171,0.05935257,0.06282306,0.00035429,0.86641800,0.29241490,0.00565875,0.99434125,-10.26402601
120900,0.26141939,0.26141939,207,1.00000000,0.26141938,nan,0.00000000,0,0,0,0.05359983,0.00807913,0.24987361,0.26389429,0.01152251,0.88598126,0.19169553,-0.00038779,1.00038779,-11.20973778
121000,1.08260846,1.08260846,54,0.99548342,1.06318182,nan,0.00000000,0,0,0,0.49098146,0.01411109,4.59463596,4.84840298,0.28058732,8.15489101,0.33207113,0.10486266,0.89513734,19.22944593
121100,0.32829413,0.32829413,172,0.99999997,0.32829408,nan,0.00000000,0,0,0,0.05132575,0.01046048,0.08310560,0.08715067,0.01433953,0.87138271,0.38288659,-0.11786399,1.11786399,-5.65246487
121200,0.39173773,0.39173773,158,0.99999986,0.39173751,nan,0.00000000,0,0,0,0.08687147,0.00855945,0.25575793,0.27071974,0.00140747,0.70361447,0.19492249,-0.17655129,1.17655129,-6.24925533
121300,0.34015700,0.34015700,19,0.85043138,0.17792482,nan,0.00000000,0,0,0,0.08097982,0.01095561,0.34594038,0.36626962,0.00034332,1.03130162,0.32933658,-0.05287281,1.05287281,-7.63212895
121400,0.13291165,0.13291165,57,0.99665403,0.13114169,nan,0.00213587,0,0,0,0.05553531,0.01084691,0.14969552,0.15821636,0.00484114,0.70375848,0.22420222,0.02622692,0.97377308,-11.03381507
121500,0.68093246,0.68093246,36,0.97267628,0.60950509,nan,0.00000000,0,0,0,0.08164395,0.01287260,0.65385395,0.69083852,0.02511524,0.87190986,0.22256851,-0.05528469,1.05528469,-1.58584173
121600,0.07746170,0.07746170,350,1.00000000,0.07746170,nan,0.00000000,0,0,0,0.08071759,0.00987404,0.06595244,0.06980101,0.00052656,1.00267506,0.17207929,-0.06428016,1.06428016,-8.45472097
121700,0.40407792,0.40407792,104,0.99996957,0.40402873,nan,0.00000000,0,0,0,0.08222212,0.01017498,0.25512359,0.26639590,0.06349403,1.13179231,0.25505766,0.26049232,0.73950768,-2.26054272
121800,0.54751515,0.54751515,120,0.99999386,0.54750170,nan,0.00599709,0,0,0,0.07580651,0.00824923,1.74976742,1.85267353,0.00036410,0.99012309,0.19099277,0.01394081,0.98605919,-4.99025202
121900,0.03848308,0.03848308,175,0.99999997,0.03848307,nan,0.00000000,0,0,0,0.05916663,0.01146867,0.01117855,0.01182960,0.00011060,0.78066093,0.23489414,0.02827418,0.97172582,-10.76081848
122000,1.11806786,1.11806786,35,0.96980262,0.98901202,nan,0.00000000,0,0,0,0.50933069,0.01488420,4.76643372,5.02204609,0.42102066,8.54523182,0.27446872,0.10120000,0.89880000,20.30198669
122100,1.08117926,1.08117926,132,0.99999815,1.08117126,nan,0.07825500,0,0,0,0.13039665,0.01123049,0.38498536,0.40712097,0.00867971,1.25759614,0.18839455,-0.00394953,1.00394953,5.26570002
122200,0.25160488,0.25160488,37,0.97527647,0.22763029,nan,0.00272525,0,0,0,0.07354639,0.01181078,0.24516334,0.25948814,0.00164183,0.96369815,0.24453995,0.06715959,0.93284041,-7.97767925
122300,0.29595974,0.29595974,277,1.00000000,0.29595974,nan,0.00000000,0,0,0,0.08272383,0.00815643,0.33927193,0.35915831,0.00120363,1.06923056,0.23699676,-0.11124226,1.11124226,-6.82026768
122400,1.11810875,1.11810875,186,0.99999999,1.11810871,nan,0.00000000,0,0,0,0.12054976,0.00814775,1.58901846,1.68225479,0.00400118,0.93312287,0.16012456,-0.15015940,1.15015940,2.63810984
122500,1.18704367,1.18704367,89,0.99986361,1.18639620,nan,0.00000000,0,0,0,0.15115716,0.01109098,0.89615101,0.94417709,0.07970678,1.18087029,0.19465768,0.19273127,0.80726873,8.15546926
122600,0.80742550,0.80742550,230,1.00000000,0.80742550,nan,0.00000000,0,0,0,0.11895307,0.00733028,0.80269885,0.84964228,0.00466063,1.24535894,0.24103525,-0.24415180,1.24415180,1.66234275
122700,1.21349454,1.21349454,343,1.00000000,1.21349454,nan,0.01963001,0,0,0,0.10665989,0.01129358,2.79921079,2.96273232,0.01934381,1.02762091,0.23265512,-0.02896574,1.02896574,6.23582876
122800,0.30826521,0.30826521,81,0.99969646,0.30789110,nan,0.02655778,0,0,0,0.19968316,0.01003853,0.46338966,0.48861796,0.03450879,1.41753471,0.20326813,0.04327154,0.95672846,-0.79610714
122900,0.12931138,0.12931138,250,1.00000000,0.12931138,nan,0.00000000,0,0,0,0.07319670,0.00767433,0.05931015,0.06256596,0.00396121,0.87657791,0.17468691,-0.13868626,1.13868626,-8.88673794
123000,0.98090619,0.98090619,41,0.98342732,0.91747990,nan,0.00000000,0,0,0,0.56295681,0.02170040,5.10109615,5.39268208,0.14413236,8.78227615,0.41245762,0.06526339,0.93473661,18.77098942
123100,0.71847314,0.71847314,18,0.83470111,0.34876629,nan,0.08117297,0,0,0,0.18946236,0.01199637,1.37351155,1.45407248,0.00397500,1.46597719,0.22864024,0.02191217,0.97808783,3.35281432
123200,0.36480185,0.36480185,231,1.00000000,0.36480185,nan,0.00000000,0,0,0,0.08103348,0.00634040,0.39598370,0.41834494,0.01584159,0.97145545,0.18428412,0.11243310,0.88756690,-4.54159919
123300,0.32980502,0.32980502,237,1.00000000,0.32980502,nan,0.00000000,0,0,0,0.08950905,0.00745293,0.48135880,0.50901401,0.01122062,1.33992338,0.16658838,0.00886452,0.99113548,-3.58345163
123400,0.50044656,0.50044656,344,1.00000000,0.50044656,nan,0.00000000,0,0,0,0.05962161,0.00790526,0.50313544,0.53217220,0.00951050,0.96201491,0.22055261,0.08143430,0.91856570,-5.13603110
123500,0.28751248,0.28751248,160,0.99999989,0.28751235,nan,0.00000000,0,0,0,0.08352289,0.01066157,0.23274714,0.24439389,0.03475238,1.05594015,0.21055868,0.11944923,0.88055077,-4.55113999
123600,0.69764882,0.69764882,97,0.99993872,0.69747782,nan,0.00000000,0,0,0,0.08085136,0.01133704,0.33618858,0.35150820,0.07575539,0.80721313,0.28180122,-0.09189086,1.09189086,-0.27679536
123700,0.18674222,0.18674222,239,1.00000000,0.18674222,nan,0.00000000,0,0,0,0.10400470,0.01140654,0.19097856,0.20165634,0.00945619,1.41809690,0.33800837,0.03033755,0.96966245,-3.24905205
123800,0.34215900,0.34215900,150,0.99999969,0.34215858,nan,0.00000000,0,0,0,0.16180785,0.00928545,0.36165032,0.38270020,0.00380170,1.30331707,0.27843809,0.06119176,0.93880824,-3.34682810
123900,1.21949244,1.21949244,195,1.00000000,1.21949242,nan,0.00000000,0,0,0,0.06980737,0.00736785,0.81111467,0.85688007,0.03310330,1.04836035,0.22604306,-0.15095396,1.15095396,2.22221547
124000,0.53154349,0.53154349,22,0.88919684,0.33230008,nan,0.00000000,0,0,0,0.57114112,0.01467183,3.63467121,3.84474134,0.06347996,8.91280746,0.31216681,0.12851240,0.87148760,13.38038254
124100,0.81628585,0.81628585,598,1.00000000,0.81628585,nan,0.00000000,0,0,0,0.05860673,0.00679624,0.04779078,0.04297818,0.12960491,0.84363502,0.22065540,-0.20806423,1.20806423,-0.62935750
124200,0.26104641,0.26104641,139,0.99999908,0.26104545,nan,0.00000000,0,0,0,0.05161330,0.00810693,0.07513681,0.07949686,0.00101587,0.52437073,0.09894868,-0.01813544,1.01813544,-9.28325605
124300,0.14833292,0.14833292,231,1.00000000,0.14833292,nan,0.00000000,0,0,0,0.05011826,0.00822105,0.09862219,0.10440496,0.00031516,0.71364188,0.24595335,0.02999685,0.97000315,-10.79928088
124400,0.97878003,0.97878003,492,1.00000000,0.97878003,nan,0.00000000,0,0,0,0.06870160,0.00560376,0.15592679,0.16356228,0.02612365,0.81942028,0.15097974,-0.02239447,1.02239447,1.51065183
124500,0.13122740,0.13122740,352,1.00000000,0.13122740,nan,0.00000000,0,0,0,0.05763231,0.00807982,0.10007559,0.10564514,0.00539329,0.58520865,0.15121199,0.01256585,0.98743415,-10.37450528
124600,0.36821005,0.36821005,82,0.99972535,0.36780569,nan,0.00000000,0,0,0,0.03805892,0.00579537,0.04837045,0.05121534,0.00000731,0.51114511,0.15854505,0.02782739,0.97217261,-8.58398008
124700,0.62986165,0.62986165,149,0.99999966,0.62986080,nan,0.00000000,0,0,0,0.08004352,0.00720676,0.24737361,0.26099524,0.01580597,1.07764196,0.19790234,-0.07030580,1.07030580,-3.20182580
124800,0.10808962,0.10808962,246,1.00000000,0.10808962,nan,0.00000000,0,0,0,0.04412535,0.00462305,0.01617054,0.01712169,0.00000099,0.56984138,0.07820342,0.00704139,0.99295861,-12.62823439
124900,0.97566009,0.97566009,156,0.99999983,0.97565943,nan,0.02043593,0,0,0,0.07491750,0.01216102,0.46314919,0.48889929,0.02539696,0.85009837,0.19124697,-0.07522541,1.07522541,-0.00167567
125000,1.72379351,1.72379351,20,0.86466472,0.96355429,nan,0.00000000,0,0,0,0.49295527,0.02015266,5.80406427,6.09596062,0.84182715,7.50185299,0.36536804,0.06794949,0.93205051,24.28476461
125100,0.28727457,0.28727457,279,1.00000000,0.28727457,nan,0.00000000,0,0,0,0.07985295,0.00712386,0.19577816,0.20581757,0.02510824,1.30648947,0.11128068,0.12622440,0.87377560,-4.74438858
125200,0.46251911,0.46251911,63,0.99816370,0.45913115,nan,0.00000000,0,0,0,0.22009641,0.01342699,0.29748049,0.31276283,0.03768126,1.51374686,0.35060188,0.11675945,0.88324055,1.14722033
125300,0.22545695,0.22545695,403,1.00000000,0.22545695,nan,0.00000000,0,0,0,0.08150668,0.00774824,0.26028669,0.27558011,0.00029863,1.07628465,0.14509289,0.01929017,0.98070983,-6.87218523
125400,0.29726288,0.29726288,340,1.00000000,0.29726288,nan,0.00000000,0,0,0,0.04058723,0.00637918,0.13956839,0.14726509,0.00872432,0.57916808,0.10665274,-0.12621355,1.12621355,-10.90934213
125500,0.24555844,0.24555844,443,1.00000000,0.24555844,nan,0.00000000,0,0,0,0.05457930,0.00594284,0.18888728,0.19997630,0.00037394,0.75133038,0.13970177,0.11958204,0.88041796,-11.54930735
125600,0.16127793,0.16127793,270,1.00000000,0.16127793,nan,0.00000000,0,0,0,0.05292605,0.00889677,0.08803282,0.09296852,0.00412596,0.83213890,0.29240334,0.01928753,0.98071247,-8.96964375
125700,1.61474013,1.61474013,72,0.99925341,1.60992336,nan,0.00000000,0,0,0,0.14414757,0.00899939,0.95842528,1.01406479,0.01255668,1.11056101,0.22942291,-0.18988361,1.18988361,15.68747902
125800,0.15504944,0.15504944,161,0.99999990,0.15504938,nan,0.00000000,0,0,0,0.08118781,0.00974679,0.09212740,0.09655273,0.01689672,1.06098890,0.25572610,0.09642217,0.90357783,-8.61583519
125900,0.27294543,0.27294543,152,0.99999975,0.27294516,nan,0.00000000,0,0,0,0.10028088,0.01832717,0.49554497,0.52446687,0.00387238,1.57517707,0.75580251,-0.04581535,1.04581535,-4.26277236
126000,0.63688475,0.63688475,49,0.99255342,0.61812514,nan,0.00000000,0,0,0,0.57630968,0.01820673,2.33155727,2.45958304,0.15511568,8.37348461,0.55431944,0.18106457,0.81893543,16.08787775
126100,0.14914568,0.14914568,236,1.00000000,0.14914568,nan,0.00000000,0,0,0,0.03926675,0.00473367,0.11272342,0.11921936,0.00229244,0.55040973,0.10351801,-0.00435529,1.00435529,-13.26456038
126200,0.19731134,0.19731134,210,1.00000000,0.19731134,nan,0.00000000,0,0,0,0.07756767,0.01268235,0.17242767,0.18254882,0.00036819,1.05073822,0.38764989,-0.09450669,1.09450669,-6.22351444
126300,0.54137242,0.54137242,161,0.99999990,0.54137220,nan,0.00000000,0,0,0,0.07341571,0.00699771,0.18038914,0.18951194,0.02530130,0.94588155,0.16557544,0.14292505,0.85707495,-4.41829461
126400,0.62659287,0.62659287,216,1.00000000,0.62659287,nan,0.00000000,0,0,0,0.20263529,0.01204066,0.70165735,0.74286526,0.00112288,1.28050005,0.32453763,0.04719590,0.95280410,0.93702799
126500,0.33974776,0.33974776,225,1.00000000,0.33974776,nan,0.00000000,0,0,0,0.03347098,0.00554686,0.24084742,0.25491333,0.00172677,0.40897119,0.12111786,-0.11556112,1.11556112,-10.73728434
126600,0.40508091,0.40508091,177,0.99999998,0.40508088,nan,0.00000000,0,0,0,0.03930781,0.00742414,0.08272738,0.08652682,0.01813694,0.56157041,0.23120901,-0.18260717,1.18260717,-7.73985624
126700,0.53667188,0.53667188,213,1.00000000,0.53667188,nan,0.00000000,0,0,0,0.05311795,0.00814359,0.33077157,0.34606344,0.07080960,0.67535931,0.26932561,-0.16008212,1.16008212,-4.94955891
126800,0.81825399,0.81825399,159,0.99999988,0.81825359,nan,0.00000000,0,0,0,0.08285729,0.01168256,0.24580806,0.26002902,0.00405216,0.64867961,0.20089680,-0.05033317,1.05033317,-4.46732795
126900,0.50085664,0.50085664,445,1.00000000,0.50085664,nan,0.00000000,0,0,0,0.03945770,0.00896018,0.21599087,0.22867703,0.00032612,0.44693723,0.12643749,-0.13662121,1.13662121,-8.52370167
127000,0.41353533,0.41353533,24,0.90928205,0.28268781,nan,0.00000000,0,0,0,0.46528161,0.01666229,2.06925416,2.19081783,0.00267251,5.95341969,0.34882796,0.15182165,0.84817835,10.56705920
127100,0.75661147,0.75661147,890,1.00000000,0.75661147,nan,0.01922166,0,0,0,0.04611306,0.00602782,0.31635576,0.33290654,0.03499176,0.57302946,0.13655363,0.30520610,0.69479390,-4.85399842
127200,0.41472065,0.41472065,223,1.00000000,0.41472065,nan,0.00000000,0,0,0,0.03671815,0.00678418,0.12212590,0.12875737,0.00939099,0.52342576,0.13928954,-0.13241425,1.13241425,-9.66118431
127300,0.14741510,0.14741510,528,1.00000000,0.14741510,nan,0.00000000,0,0,0,0.03427551,0.00648086,0.07348660,0.07752357,0.00485822,0.46206945,0.10170665,0.11792206,0.88207794,-15.32663123
127400,0.20918228,0.20918228,312,1.00000000,0.20918228,nan,0.00000000,0,0,0,0.05144673,0.00583957,0.07177966,0.07425038,0.02977744,0.69762921,0.13533708,0.14030140,0.85969860,-10.59660959
127500,0.45323050,0.45323050,267,1.00000000,0.45323050,nan,0.00000000,0,0,0,0.06064622,0.00967817,0.16546425,0.17492540,0.00462484,0.78044975,0.20122235,-0.03715064,1.03715064,-8.44200261
127600,0.90636563,0.90636563,87,0.99983341,0.90576183,nan,0.00000000,0,0,0,0.14627595,0.01657149,1.24868441,1.32181489,0.00546648,1.17473328,0.23875467,0.11865952,0.88134048,6.41794762
127700,0.06861232,0.06861232,174,0.99999997,0.06861231,nan,0.00000000,0,0,0,0.11394959,0.01374929,0.04114207,0.04354077,0.00036410,1.10927236,0.35411358,0.00956207,0.99043793,-6.53912717
127800,0.63232172,0.63232172,253,1.00000000,0.63232172,nan,0.00000000,0,0,0,0.08441588,0.00845645,0.37069026,0.39140755,0.01849679,1.11552143,0.24049814,-0.05358621,1.05358621,-2.04588827
127900,0.69998717,0.69998717,279,1.00000000,0.69998717,nan,0.00000000,0,0,0,0.17068326,0.00882471,0.68635458,0.72581357,0.01555159,0.90423161,0.12055667,0.15947207,0.84052793,-1.65654900
128000,0.79957235,0.79957235,31,0.95495080,0.66493891,nan,0.00000000,0,0,0,0.44842285,0.02491843,2.84161139,3.00336146,0.09186321,6.36588287,0.54852498,0.18370062,0.81629938,14.23557186
128100,0.21965860,0.21965860,354,1.00000000,0.21965860,nan,0.00000000,0,0,0,0.14039497,0.01407513,0.41521937,0.43936735,0.00470332,1.93605638,0.40478721,0.06723828,0.93276172,-3.34918195
128200,0.14325050,0.14325050,551,1.00000000,0.14325050,nan,0.00000000,0,0,0,0.04941289,0.00982098,0.03066701,0.03240977,0.00104010,0.72288555,0.27495134,0.09208363,0.90791637,-9.37463598
128300,0.32705206,0.32705206,158,0.99999986,0.32705188,nan,0.00000000,0,0,0,0.14710529,0.00922953,0.30093625,0.31794065,0.01186121,1.21934175,0.27361220,-0.05197381,1.05197381,-3.76224780
128400,0.13709535,0.13709535,290,1.00000000,0.13709535,nan,0.00000000,0,0,0,0.06181320,0.00859202,0.05991695,0.06320821,0.00396547,0.82107240,0.16727334,0.10533418,0.89466582,-9.91074594
128500,1.48792183,1.48792183,279,1.00000000,1.48792183,nan,0.00000000,0,0,0,0.04804648,0.00947531,0.96011233,1.01222694,0.07416612,0.74735862,0.28180614,-0.26301579,1.26301579,13.35960825
128600,0.32773262,0.32773262,40,0.98168436,0.30437373,nan,0.00000000,0,0,0,0.05643351,0.00920983,0.20065014,0.21234238,0.00188221,0.66255903,0.16564400,-0.03034556,1.03034556,-6.78468943
128700,0.30201551,0.30201551,265,1.00000000,0.30201551,nan,0.00000000,0,0,0,0.20337468,0.01007661,0.28716791,0.30404353,0.00028225,1.18642879,0.16511199,-0.01899091,1.01899091,-2.51182911
128800,0.59658647,0.59658647,355,1.00000000,0.59658647,nan,0.00000000,0,0,0,0.04524450,0.00982872,0.27992094,0.29601753,0.00627895,0.61693913,0.22620828,0.15624105,0.84375895,-8.13650054
128900,0.35351950,0.35351950,125,0.99999627,0.35351423,nan,0.00000000,0,0,0,0.03340332,0.00646171,0.05640189,0.05970646,0.00022420,0.46042860,0.15139945,0.03080846,0.96919154,-11.88463974
129000,0.56463563,0.56463563,19,0.85043138,0.29534212,nan,0.00000000,0,0,0,0.46874094,0.02262357,2.65752387,2.81244755,0.02382340,6.00482988,0.48079240,0.17129533,0.82870467,12.29869294
129100,0.17735341,0.17735341,143,0.99999938,0.17735297,nan,0.00000000,0,0,0,0.03803207,0.00887287,0.06445253,0.06814389,0.00169934,0.47943699,0.15195407,-0.07241964,1.07241964,-13.81524150
129200,0.22778967,0.22778967,465,1.00000000,0.22778967,nan,0.00000000,0,0,0,0.13353905,0.00911094,0.48071468,0.50894988,0.00071545,1.19673991,0.27691323,0.10382568,0.89617432,-3.69305936
129300,0.89227170,0.89227170,108,0.99997960,0.89219889,nan,0.00000000,0,0,0,0.03556493,0.00836746,0.34401095,0.36294651,0.02210616,0.54631913,0.25276253,0.18170179,0.81829821,2.12920547
129400,0.48603323,0.48603323,545,1.00000000,0.48603323,nan,0.00000000,0,0,0,0.06647968,0.00801064,0.22845700,0.24188261,0.00022160,0.71186203,0.20264572,0.00029964,0.99970036,-4.16455046
129500,0.64091867,0.64091867,96,0.99993227,0.64074506,nan,0.00000000,0,0,0,0.14761625,0.01107748,0.49508169,0.52348477,0.01222886,0.96275645,0.21914160,0.01851696,0.98148304,-1.34589839
129600,0.58862603,0.58862603,137,0.99999888,0.58862338,nan,0.00000000,0,0,0,0.07609218,0.00902783,1.44672513,1.53182352,0.00005253,0.83966583,0.19621767,0.05394926,0.94605074,-3.61194285
129700,0.72071880,0.72071880,35,0.96980262,0.63752799,nan,0.00000000,0,0,0,0.08305735,0.01595310,0.74274445,0.78626204,0.00294423,0.98358357,0.41595915,-0.05751600,1.05751600,3.27837356
129800,0.69341362,0.69341362,616,1.00000000,0.69341362,nan,0.00000000,0,0,0,0.04262492,0.00869185,0.25369501,0.26770890,0.01545926,0.46154416,0.15794386,0.14156622,0.85843378,-5.66530595
129900,0.10930816,0.10930816,187,0.99999999,0.10930816,nan,0.00000000,0,0,0,0.08010709,0.00673021,0.09295378,0.09840968,0.00020366,0.90397048,0.11450686,0.05941735,0.94058265,-10.83291149
130000,0.66870755,0.66870755,27,0.93279449,0.50626757,nan,0.00000000,0,0,0,0.47453150,0.02149404,2.39125538,2.52860570,0.05629441,6.12364149,0.48040259,0.19164668,0.80835332,13.31910553
130100,0.07804838,0.07804838,349,1.00000000,0.07804838,nan,0.00000000,0,0,0,0.06920145,0.00810292,0.07518228,0.07959911,0.00009608,0.81402367,0.10180179,0.01224385,0.98775615,-9.50517941
130200,0.41076595,0.41076595,49,0.99255342,0.39866672,nan,0.00000000,0,0,0,0.04933730,0.00569307,0.11679856,0.12285339,0.01386656,0.45322603,0.07936077,0.07444130,0.92555870,-10.72862577
130300,0.43019220,0.43019220,485,1.00000000,0.43019220,nan,0.00000000,0,0,0,0.09378456,0.00853719,0.48404258,0.51245195,0.00108373,1.01186883,0.25678173,-0.06137047,1.06137047,-6.00363890
130400,1.40043712,1.40043712,463,1.00000000,1.40043712,nan,0.00000000,0,0,0,0.06755088,0.00716109,0.94844109,1.00232613,0.03239350,0.75141388,0.21720479,0.01854198,0.98145802,3.69795787
130500,0.10108512,0.10108512,122,0.99999497,0.10108308,nan,0.00000000,0,0,0,0.07000342,0.00804081,0.10654210,0.11215906,0.01105391,0.73690230,0.23987156,0.01593253,0.98406747,-9.88718128
130600,0.79780596,0.79780596,136,0.99999876,0.79780201,nan,0.00000000,0,0,0,0.18448107,0.01050848,0.31831658,0.33372134,0.05643647,1.44318497,0.25096181,-0.03140336,1.03140336,2.41962385
130700,0.29947859,0.29947859,135,0.99999863,0.29947695,nan,0.00000000,0,0,0,0.09884503,0.01009080,0.36437595,0.38561013,0.00339535,0.83525544,0.21386972,-0.04037571,1.04037571,-4.62137985
130800,0.18017069,0.18017069,323,1.00000000,0.18017069,nan,0.00000000,0,0,0,0.09998438,0.00952875,0.08459665,0.08889432,0.01153623,0.99254352,0.23629329,0.11924307,0.88075693,-6.26224931
130900,1.21539342,1.21539342,181,0.99999999,1.21539336,nan,0.00000000,0,0,0,0.20869260,0.00967851,2.23134136,2.36143637,0.01973334,1.29013824,0.32782960,-0.00627450,1.00627450,8.50901431
131000,0.27111280,0.27111280,22,0.88919684,0.16948906,nan,0.00000000,0,0,0,0.43739584,0.02097570,1.21659923,1.28815687,0.00012086,6.28935289,0.48997423,0.17371133,0.82628867,9.01852238
131100,0.16322504,0.16322504,706,1.00000000,0.16322504,nan,0.02466790,0,0,0,0.06164036,0.00892100,0.02550515,0.02682712,0.00303158,0.70775878,0.22515042,0.04633329,0.95366671,-9.14724708
131200,0.09593563,0.09593563,173,0.99999997,0.09593562,nan,0.00000000,0,0,0,0.03804480,0.00603503,0.03649836,0.03849048,0.00263237,0.54106069,0.15138966,0.11336844,0.88663156,-15.53513384
131300,0.07372572,0.07372572,133,0.99999833,0.07372523,nan,0.00000000,0,0,0,0.04951170,0.00771959,0.01967931,0.02079331,0.00074138,0.58623070,0.14850052,0.00101604,0.99898396,-11.30599117
131400,0.09895631,0.09895631,273,1.00000000,0.09895631,nan,0.00000000,0,0,0,0.04696845,0.00749849,0.02676530,0.02827357,0.00112477,0.60534555,0.16634195,-0.10225769,1.10225769,-14.11813545
131500,0.31876194,0.31876194,391,1.00000000,0.31876194,nan,0.00000000,0,0,0,0.12358426,0.00917243,0.38735640,0.40872476,0.02409387,1.12158835,0.27691814,0.11743225,0.88256775,-4.82198067
131600,0.29568946,0.29568946,233,1.00000000,0.29568946,nan,0.00000000,0,0,0,0.04029825,0.00629181,0.13723257,0.14482158,0.00821936,0.49066603,0.14252588,-0.21690387,1.21690387,-11.48816133
131700,0.14903155,0.14903155,609,1.00000000,0.14903155,nan,0.00000000,0,0,0,0.03662597,0.00991395,0.08309317,0.08758421,0.00674519,0.57631087,0.18420495,-0.04281578,1.04281578,-11.84166873
131800,0.59580010,0.59580010,84,0.99977513,0.59526438,nan,0.00000000,0,0,0,0.17157450,0.00963665,0.17033158,0.18032630,0.00042137,1.01152384,0.14507166,-0.12472749,1.12472749,-0.99443811
131900,0.24911639,0.24911639,205,1.00000000,0.24911639,nan,0.00000000,0,0,0,0.23235978,0.01128773,0.09801110,0.10330512,0.00801276,1.07115793,0.28841034,-0.13791331,1.13791331,-3.28902721
132000,0.79999846,0.79999846,33,0.96311683,0.68834323,nan,0.00000000,0,0,0,0.40190056,0.01839278,2.56258440,2.69131684,0.37413058,5.83170843,0.31738630,0.17082399,0.82917601,14.19564152
132100,0.42003715,0.42003715,233,1.00000000,0.42003715,nan,0.02293704,0,0,0,0.16920872,0.00934207,0.26336792,0.27872086,0.00236835,1.09952676,0.17876349,0.04466648,0.95533352,-3.60183382
132200,0.23812035,0.23812035,341,1.00000000,0.23812035,nan,0.00000000,0,0,0,0.09192909,0.01080067,0.20214999,0.21389905,0.00241595,0.85890371,0.26117960,0.00845940,0.99154060,-6.94204346
132300,0.15786019,0.15786019,337,1.00000000,0.15786019,nan,0.00000000,0,0,0,0.04143082,0.00973964,0.04187775,0.04433979,0.00002312,0.67998719,0.32616293,0.00693715,0.99306285,-10.78340626
132400,0.40587738,0.40587738,198,1.00000000,0.40587738,nan,0.00000000,0,0,0,0.13732395,0.00846788,0.29546010,0.31281611,0.00040774,0.72585082,0.13435575,-0.01273077,1.01273077,-5.15078264
132500,0.60132271,0.60132271,457,1.00000000,0.60132271,nan,0.00000000,0,0,0,0.11939415,0.00627794,0.93920135,0.99357998,0.01476372,0.80573189,0.09462242,0.16209231,0.83790769,-3.85238361
132600,0.50141346,0.50141346,99,0.99994983,0.50131284,nan,0.00000000,0,0,0,0.15503061,0.01276029,0.51723015,0.54765481,0.00001050,1.08646226,0.20417814,-0.03483888,1.03483888,-2.05822110
132700,0.18271428,0.18271428,321,1.00000000,0.18271428,nan,0.00000000,0,0,0,0.17183542,0.00932105,0.19085640,0.20196241,0.00205411,1.10766578,0.24461123,0.08277302,0.91722698,-5.48558033
132800,1.18442953,1.18442953,645,1.00000000,1.18442953,nan,0.00000000,0,0,0,0.04099633,0.00977667,0.68566382,0.72591937,0.00131861,0.59601051,0.28342354,-0.06362128,1.06362128,9.77010834
132900,0.18597853,0.18597853,538,1.00000000,0.18597853,nan,0.02732435,0,0,0,0.05507198,0.00731497,0.14503551,0.15354797,0.00032363,0.63461697,0.13550265,0.03698392,0.96301608,-11.06681919
133000,0.92966938,0.92966938,39,0.97975809,0.85665106,nan,0.00000000,0,0,0,0.42522085,0.02736887,3.29008603,3.48135686,0.03848352,5.28007364,0.55769289,0.17439170,0.82560830,15.29055246
133100,0.48685688,0.48685688,218,1.00000000,0.48685688,nan,0.00000000,0,0,0,0.14136481,0.00856761,0.80497712,0.85208756,0.00409860,0.93622875,0.20177028,0.09401429,0.90598571,-3.52989435
133200,0.24944663,0.24944663,220,1.00000000,0.24944663,nan,0.00000000,0,0,0,0.04162703,0.01041808,0.10864761,0.11503864,0.00000023,0.67376727,0.31654182,-0.07697472,1.07697472,-8.51362748
133300,0.40922043,0.40922043,259,1.00000000,0.40922043,nan,0.00000000,0,0,0,0.08704003,0.00915933,0.30033651,0.31500688,0.05094025,0.76088482,0.20811526,0.08845173,0.91154827,-5.37497127
133400,0.79175740,0.79175740,119,0.99999321,0.79173590,nan,0.00000000,0,0,0,0.04285907,0.00779228,0.12863970,0.13560109,0.01029609,0.46357739,0.14114934,-0.22903192,1.22903192,-6.62995911
133500,0.49457619,0.49457619,77,0.99954717,0.49368096,nan,0.00000000,0,0,0,0.05415900,0.01344864,0.23538409,0.24760218,0.02767649,0.87804008,0.51517612,0.13643624,0.86356376,-5.33162796
133600,0.24986808,0.24986808,79,0.99962926,0.24949774,nan,0.00000000,0,0,0,0.15197295,0.00735608,0.43065059,0.45598227,0.00001227,0.89964038,0.19336015,-0.03103648,1.03103648,-5.54272270
133700,0.49062204,0.49062204,296,1.00000000,0.49062204,nan,0.00000000,0,0,0,0.11608686,0.01045758,0.18943989,0.20057321,0.00017353,0.74863744,0.24798568,-0.06374990,1.06374990,-1.94618237
133800,0.29175586,0.29175586,744,1.00000000,0.29175586,nan,0.00000000,0,0,0,0.03968398,0.00601783,0.16990007,0.17969951,0.00330967,0.50998932,0.12320305,-0.05042074,1.05042074,-11.40435066
133900,0.87121940,0.87121940,633,1.00000000,0.87121940,nan,0.00000000,0,0,0,0.14777559,0.00618418,0.83208358,0.87998122,0.01782330,0.89995790,0.11398441,-0.22598691,1.22598691,-0.35199001
134000,0.91255909,0.91255909,50,0.99326205,0.88821146,nan,0.00000000,0,0,0,0.38260630,0.02059744,2.16977549,2.29075694,0.11308762,5.02491999,0.40273744,0.09260454,0.90739546,13.46289492
134100,0.66450512,0.66450512,264,1.00000000,0.66450512,nan,0.00000000,0,0,0,0.05846896,0.00656534,0.13437980,0.14227664,0.00013310,0.60912907,0.14789627,0.15022079,0.84977921,-6.83502324
134200,0.21140224,0.21140224,111,0.99998489,0.21138946,nan,0.00000000,0,0,0,0.03894813,0.00986157,0.07423604,0.07771199,0.01514479,0.46369103,0.16999309,0.03432525,0.96567475,-12.77050908
134300,0.57049805,0.57049805,581,1.00000000,0.57049805,nan,0.00000000,0,0,0,0.12951691,0.01166291,0.39578474,0.41832548,0.01259196,0.70398980,0.11240918,-0.16149676,1.16149676,-1.56742169
134400,0.10519805,0.10519805,570,1.00000000,0.10519805,nan,0.00000000,0,0,0,0.03476590,0.00398092,0.06091717,0.06449623,0.00007304,0.36284128,0.09264074,-0.14619531,1.14619531,-16.26320553
134500,0.28015161,0.28015161,528,1.00000000,0.28015161,nan,0.00000000,0,0,0,0.03757842,0.00637480,0.12623657,0.13363288,0.00049926,0.47360748,0.16397537,-0.11972207,1.11972207,-10.78085053
134600,0.21966420,0.21966420,574,1.00000000,0.21966420,nan,0.00000000,0,0,0,0.04554446,0.00861940,0.11818162,0.12462860,0.00858277,0.58496553,0.20184582,0.15294159,0.84705841,-8.90369213
134700,0.67296308,0.67296308,515,1.00000000,0.67296308,nan,0.00000000,0,0,0,0.04319439,0.00641591,0.58704114,0.62097788,0.01011667,0.50273883,0.15548597,0.03131356,0.96868644,-6.88672781
134800,0.33954066,0.33954066,182,0.99999999,0.33954064,nan,0.00000000,0,0,0,0.03068207,0.00409440,0.02293330,0.02291537,0.02323812,0.36380592,0.08434352,-0.18142384,1.18142384,-13.97027564
134900,0.24576563,0.24576563,166,0.99999994,0.24576557,nan,0.00000000,0,0,0,0.07309292,0.00846338,0.21328683,0.22463883,0.02030283,0.68977821,0.16981682,0.00919485,0.99080515,-7.91177924
135000,0.43389001,0.43389001,15,0.77686984,0.15804207,nan,0.00000000,0,0,0,0.46561563,0.01935270,2.01779580,2.13601398,0.00808873,5.95479155,0.55014449,0.12623309,0.87376691,11.26727581
135100,0.34012449,0.34012449,298,1.00000000,0.34012449,nan,0.00000000,0,0,0,0.04435518,0.00739829,0.30412948,0.32168761,0.00564165,0.58478558,0.21095814,0.16261935,0.83738065,-10.64348984
135200,0.77482533,0.77482533,283,1.00000000,0.77482533,nan,0.00000000,0,0,0,0.04021406,0.00844284,0.21265718,0.22513749,0.00049195,0.42770040,0.15572762,-0.06038812,1.06038812,-6.30326325
135300,0.31673086,0.31673086,352,1.00000000,0.31673086,nan,0.00000000,0,0,0,0.08452058,0.01098515,0.14862412,0.15590863,0.02478741,1.20454979,0.33895409,0.31944216,0.68055784,1.57566255
135400,0.15763845,0.15763845,143,0.99999938,0.15763806,nan,0.00000000,0,0,0,0.06307437,0.00833483,0.08421376,0.08891243,0.00433663,0.75196797,0.16888587,-0.10793861,1.10793861,-9.47780323
135500,0.41298622,0.41298622,98,0.99994455,0.41289462,nan,0.00000000,0,0,0,0.04464413,0.00618387,0.26860276,0.28439662,0.00010686,0.53790247,0.12765458,0.03455729,0.96544271,-8.07444191
135600,0.27816620,0.27816620,471,1.00000000,0.27816620,nan,0.00000000,0,0,0,0.06217011,0.00574638,0.15700616,0.16579965,0.00751682,0.71950459,0.09283122,0.07913067,0.92086933,-8.71251535
135700,0.32903066,0.32903066,272,1.00000000,0.32903066,nan,0.00000000,0,0,0,0.03911071,0.00843744,0.14790416,0.15595560,0.01102976,0.56173301,0.17363191,-0.06595882,1.06595882,-9.27341334
135800,0.35385388,0.35385388,144,0.99999944,0.35385309,nan,0.00000000,0,0,0,0.03488547,0.00610331,0.11140997,0.11796174,0.00003002,0.41757268,0.16076036,-0.02553129,1.02553129,-12.79163671
135900,1.37618411,1.37618411,423,1.00000000,1.37618411,nan,0.00000000,0,0,0,0.05336362,0.00658942,1.11280262,1.17815721,0.00177255,0.62282658,0.17632796,-0.12089012,1.12089012,1.23701584
136000,0.90529084,0.90529084,43,0.98643144,0.85714787,nan,0.00000000,0,0,0,0.36793053,0.02152562,2.77151346,2.92953706,0.08510889,4.72206736,0.36315045,0.13685013,0.86314987,14.51466393
136100,0.81207246,0.81207246,141,0.99999925,0.81207001,nan,0.00000000,0,0,0,0.11259869,0.01348752,0.90530998,0.95847040,0.00158280,1.32474470,0.36902177,-0.02565599,1.02565599,0.77232289
136200,1.62084639,1.62084639,463,1.00000000,1.62084639,nan,0.00000000,0,0,0,0.09358244,0.00714813,1.88335669,1.99397993,0.00276455,0.60889095,0.15876228,0.02068712,0.97931288,9.90123018
136300,1.62447083,1.62447083,37,0.97527647,1.46968042,nan,0.00000000,0,0,0,0.07973513,0.01228623,0.34257242,0.35388324,0.15028861,0.66286784,0.20379806,-0.27211993,1.27211993,11.77184391
136400,0.94784284,0.94784284,349,1.00000000,0.94784284,nan,0.00000000,0,0,0,0.06133085,0.00807587,0.26838785,0.28370324,0.00802629,0.61210924,0.17042166,-0.17980421,1.17980421,-1.39973557
136500,0.08823364,0.08823364,375,1.00000000,0.08823364,nan,0.00000000,0,0,0,0.03527445,0.00478204,0.04727300,0.05005029,0.00005900,0.51341033,0.14827813,0.09856725,0.90143275,-14.75561285
136600,0.19298068,0.19298068,200,1.00000000,0.19298068,nan,0.00000000,0,0,0,0.03214715,0.00549005,0.03394857,0.03584857,0.00164864,0.34806904,0.07399685,0.10260676,0.89739324,-15.52929147
136700,0.35968545,0.35968545,70,0.99908812,0.35837528,nan,0.00000000,0,0,0,0.03715067,0.00676946,0.14349937,0.15125418,0.01166772,0.49280465,0.18832023,0.09711848,0.90288152,-5.32386672
136800,0.24627286,0.24627286,177,0.99999998,0.24627284,nan,0.00000000,0,0,0,0.11150204,0.00560785,0.05162675,0.05351340,0.01955376,0.72837591,0.09028028,0.28347949,0.71652051,-8.76915264
136900,0.57420063,0.57420063,360,1.00000000,0.57420063,nan,0.00000000,0,0,0,0.07654200,0.01926506,0.30717412,0.32503334,0.00356770,1.19658506,0.67566711,-0.04973020,1.04973020,nan
137000,1.31202018,1.31202018,71,0.99917490,1.30769532,nan,0.00000000,0,0,0,0.43132442,0.01879088,3.43538690,3.62749672,0.16951521,5.59627247,0.56638157,0.16399282,0.83600718,19.17178297
137100,0.38144338,0.38144338,232,1.00000000,0.38144338,nan,0.00000000,0,0,0,0.03000633,0.00359767,0.14152935,0.14983924,0.00026128,0.33501098,0.06300201,0.23185160,0.76814840,-14.28160877
137200,0.12830751,0.12830751,307,1.00000000,0.12830751,nan,0.00000000,0,0,0,0.03583982,0.00610931,0.02921496,0.03061913,0.00534408,0.48267758,0.18484515,-0.07980064,1.07980064,-13.60487048
137300,0.39672005,0.39672005,587,1.00000000,0.39672005,nan,0.00000000,0,0,0,0.04494180,0.00696493,0.11502436,0.12174068,0.00084683,0.60217911,0.15688561,0.09010455,0.90989545,-9.83171972
137400,0.71447200,0.71447200,342,1.00000000,0.71447200,nan,0.00000000,0,0,0,0.13503963,0.01240213,0.25641790,0.26608640,0.09205334,0.92959893,0.27354246,0.12021591,0.87978409,1.72305067
137500,0.21690080,0.21690080,282,1.00000000,0.21690080,nan,0.00000000,0,0,0,0.11157194,0.00682887,0.11732406,0.12390072,0.00552107,0.82501400,0.14920110,-0.08222595,1.08222595,-7.28004527
137600,0.35540527,0.35540527,64,0.99833844,0.35304905,nan,0.03765618,0,0,0,0.11837980,0.01257870,0.28052235,0.29701433,0.00015846,0.96913552,0.26687020,-0.18204435,1.18204435,-6.89497089
137700,0.11357649,0.11357649,206,1.00000000,0.11357649,nan,0.00000000,0,0,0,0.03947745,0.00538610,0.03009466,0.03172673,0.00234941,0.47887748,0.13100985,0.09655365,0.90344635,-14.69344425
137800,0.58206147,0.58206147,160,0.99999989,0.58206121,nan,0.00000000,0,0,0,0.04576750,0.00635323,0.17148526,0.18153699,0.00060618,0.56263411,0.14756200,0.07512056,0.92487944,-6.83666825
137900,1.03681421,1.03681421,425,1.00000000,1.03681421,nan,0.00000000,0,0,0,0.14079529,0.00715731,0.38398057,0.40457180,0.03392904,1.01958072,0.22217654,-0.14761030,1.14761030,2.46622775
138000,0.47005081,0.47005081,35,0.96980262,0.41579400,nan,0.00000000,0,0,0,0.37460655,0.01890456,1.77643561,1.87909317,0.03125914,4.86629248,0.32062897,0.10097788,0.89902212,10.46254730
138100,0.31556949,0.31556949,1052,1.00000000,0.31556949,nan,0.00000000,0,0,0,0.16640903,0.00819972,0.32150799,0.33979344,0.01065501,0.89043385,0.17813794,-0.11880222,1.11880222,-4.11494342
138200,0.48435062,0.48435062,304,1.00000000,0.48435062,nan,0.00000000,0,0,0,0.11432394,0.00873535,0.24487111,0.25816786,0.01882669,0.78003448,0.23891521,-0.05725363,1.05725363,-2.84771430
138300,0.11118248,0.11118248,317,1.00000000,0.11118248,nan,0.00000000,0,0,0,0.03447090,0.00808617,0.06440832,0.06798784,0.00355635,0.42292643,0.11759765,-0.08535154,1.08535154,-15.45589447
138400,0.11164848,0.11164848,504,1.00000000,0.11164848,nan,0.00000000,0,0,0,0.04448075,0.00463038,0.05834936,0.06158552,0.00333477,0.61909187,0.08816051,-0.05665966,1.05665966,-12.47070440
138500,0.68205220,0.68205220,465,1.00000000,0.68205220,nan,0.00000000,0,0,0,0.13300529,0.00890529,0.40394980,0.42683554,0.01489193,0.85675073,0.16139404,0.18186971,0.81813029,-1.23715242
138600,0.24992479,0.24992479,332,1.00000000,0.24992479,nan,0.00000000,0,0,0,0.05458565,0.00455924,0.22470024,0.23764499,0.00463904,0.60599911,0.12538862,0.05571492,0.94428508,-10.16046270
138700,0.62796754,0.62796754,68,0.99888622,0.62517455,nan,0.00000000,0,0,0,0.04081462,0.00660450,0.46599695,0.49324366,0.00280281,0.45279163,0.15475780,0.03099133,0.96900867,-6.78535588
138800,0.56225181,0.56225181,21,0.87754357,0.33343072,nan,0.00000000,0,0,0,0.03373362,0.01510851,0.22742017,0.23977417,0.01740258,0.44485262,0.28479493,-0.12943976,1.12943976,4.21650378
138900,0.76748115,0.76748115,51,0.99390325,0.74893507,nan,0.00000000,0,0,0,0.11957560,0.01508083,0.61943531,0.65184504,0.06846993,0.83712643,0.26498246,-0.13217213,1.13217213,3.70575571
139000,0.58908355,0.58908355,42,0.98500442,0.55453584,nan,0.00000000,0,0,0,0.36250740,0.01681215,1.53169501,1.61992812,0.03173205,4.82860279,0.34913087,0.14152273,0.85847727,10.96452999
139100,0.75362998,0.75362998,17,0.81731648,0.33629405,nan,0.01219251,0,0,0,0.66847378,0.04301418,0.88963401,0.93766862,0.07304625,3.02049208,0.96747559,-0.08562327,1.08562327,11.91440177
139200,0.58372730,0.58372730,309,1.00000000,0.58372730,nan,0.00000000,0,0,0,0.07903825,0.00699159,0.54924649,0.58129603,0.00440339,0.56520957,0.20573457,0.01825862,0.98174138,-9.76645660
139300,0.84621024,0.84621024,321,1.00000000,0.84621024,nan,0.00000000,0,0,0,0.08293995,0.01463071,0.48395073,0.50788915,0.07699803,0.88008511,0.37870753,-0.10897941,1.10897941,-0.65126902
139400,0.16101557,0.16101557,816,1.00000000,0.16101557,nan,0.00000000,0,0,0,0.07791217,0.00651074,0.08921203,0.09371851,0.01260193,0.91515988,0.13518669,0.13434489,0.86565511,-8.76932939
139500,1.53700316,1.53700316,230,1.00000000,1.53700316,nan,0.00000000,0,0,0,0.04043014,0.00464711,0.41635686,0.43984467,0.01706373,0.35072410,0.08871940,-0.21971832,1.21971832,-1.67617011
139600,0.23000810,0.23000810,40,0.98168436,0.21361444,nan,0.00000000,0,0,0,0.04444728,0.00661513,0.08012189,0.08437853,0.00775904,0.50327474,0.21433693,0.09602739,0.90397261,-13.31354650
139700,0.29662478,0.29662478,531,1.00000000,0.29662478,nan,0.00000000,0,0,0,0.03723780,0.00591837,0.07551447,0.07955077,0.00689730,0.40345177,0.10789171,0.10107252,0.89892748,-11.99694920
139800,0.62591559,0.62591559,498,1.00000000,0.62591559,nan,0.00000000,0,0,0,0.06852955,0.00941416,0.24569352,0.25876069,0.02355162,0.72471750,0.19690926,-0.01785168,1.01785168,-6.02047908
139900,0.10773012,0.10773012,996,1.00000000,0.10773012,nan,0.00000000,0,0,0,0.04465699,0.00811777,0.03587425,0.03759842,0.00656341,0.59944123,0.13822623,0.09251865,0.90748135,-12.42125893
140000,1.34534204,1.34534204,41,0.98342732,1.25835100,nan,0.00000000,0,0,0,0.38552582,0.02583541,4.32352304,4.57276821,0.08635963,5.37178993,0.54151291,0.09692407,0.90307593,18.68710232
140100,0.21742962,0.21742962,38,0.97762923,0.19861654,nan,0.36474526,0,0,0,0.50713265,0.01710986,0.65984511,0.68023163,0.31327364,6.83044195,0.60325837,-0.00878466,1.00878466,10.49494012
140200,0.17441820,0.17441820,221,1.00000000,0.17441820,nan,0.21333836,0,0,0,0.10015249,0.00829544,0.18236944,0.19304904,0.00081659,1.11688673,0.17814817,-0.04932446,1.04932446,-6.93132043
140300,0.18672408,0.18672408,289,1.00000000,0.18672408,nan,0.00000000,0,0,0,0.15542501,0.01125638,0.13040568,0.13792956,0.00249953,0.94402164,0.19180229,-0.10321617,1.10321617,-4.96102913
140400,0.07126386,0.07126386,778,1.00000000,0.07126386,nan,0.00000000,0,0,0,0.03127934,0.00303393,0.02032255,0.02145344,0.00109745,0.39250404,0.07549424,-0.04900706,1.04900706,nan
140500,0.57430673,0.57430673,215,1.00000000,0.57430673,nan,0.00000000,0,0,0,0.05153255,0.00758604,0.12536447,0.13253959,0.00338742,0.49550119,0.08608589,0.18490625,0.81509375,-7.14318361
140600,0.51306385,0.51306385,568,1.00000000,0.51306385,nan,0.00000000,0,0,0,0.16274129,0.00785019,0.18398480,0.19321227,0.02711774,1.06184578,0.22834319,-0.02715990,1.02715990,-2.84338617
140700,0.58083940,0.58083940,217,1.00000000,0.58083939,nan,0.00000000,0,0,0,0.13021445,0.00915291,1.13324571,1.19815779,0.02973915,1.13063240,0.24538477,-0.03685341,1.03685341,0.43338230
140800,0.86662072,0.86662072,268,1.00000000,0.86662072,nan,0.00000000,0,0,0,0.08895013,0.01270103,0.22768328,0.23817769,0.04927829,0.83320218,0.33203617,0.15427800,0.84572200,4.03445590
140900,0.78509820,0.78509820,776,1.00000000,0.78509820,nan,0.00000000,0,0,0,0.14406568,0.00783994,0.37626216,0.39366767,0.08036841,0.89542729,0.20605990,0.16190076,0.83809924,-1.65831512
141000,0.59952253,0.59952253,77,0.99954717,0.59843735,nan,0.00000000,0,0,0,0.58965850,0.01508551,1.95256805,2.02562141,0.71066374,9.60584736,0.30213183,0.11404265,0.88595735,15.73305225
141100,0.41528627,0.41528627,224,1.00000000,0.41528627,nan,0.00000000,0,0,0,0.04058157,0.00866191,0.07960261,0.08415579,0.00219853,0.45890978,0.16734648,0.05079607,0.94920393,-10.99041541
141200,0.57819420,0.57819420,255,1.00000000,0.57819420,nan,0.00000000,0,0,0,0.07697579,0.00867161,0.17039444,0.17827798,0.03637401,0.70170921,0.16393770,0.08632761,0.91367239,-3.98818769
141300,0.18759993,0.18759993,666,1.00000000,0.18759993,nan,0.00000000,0,0,0,0.06487764,0.00597724,0.02368983,0.02442760,0.01114771,0.72130769,0.15517059,0.24896964,0.75103036,-11.29057312
141400,0.23237334,0.23237334,325,1.00000000,0.23237334,nan,0.00000000,0,0,0,0.02978723,0.00416805,0.06168136,0.06524362,0.00112275,0.39730325,0.09183112,-0.00166557,1.00166557,-13.19686826
141500,0.88129270,0.88129270,775,1.00000000,0.88129270,nan,0.00000000,0,0,0,0.05806031,0.00687971,0.87672460,0.92791003,0.00657230,0.60889274,0.13606296,0.00623798,0.99376202,-1.59051138
141600,0.19928803,0.19928803,338,1.00000000,0.19928803,nan,0.00000000,0,0,0,0.03299232,0.00308561,0.02419717,0.02481775,0.01364738,0.38566530,0.05384188,0.09610131,0.90389869,-15.07518196
141700,0.34118745,0.34118745,89,0.99986361,0.34100135,nan,0.00000000,0,0,0,0.03461218,0.00762200,0.16308492,0.17197558,0.01194338,0.45994860,0.16476524,0.06575914,0.93424086,-13.15718555
141800,0.47677490,0.47677490,263,1.00000000,0.47677490,nan,0.00000000,0,0,0,0.05252435,0.00625491,0.18876536,0.19986866,0.00000945,0.61474067,0.13358474,0.13507047,0.86492953,-10.47683191
141900,0.85464334,0.85464334,313,1.00000000,0.85464334,nan,0.00000000,0,0,0,0.05503068,0.00725063,0.28773567,0.30155221,0.05285434,0.50868964,0.12245324,-0.14089789,1.14089789,-4.54755036
142000,1.10847235,1.10847235,12,0.69880579,0.26433267,nan,0.00000000,0,0,0,0.45533419,0.01695734,3.01698518,3.14740610,0.79982513,6.42209053,0.47619092,0.13821291,0.86178709,17.64908028
142100,0.79861277,0.79861277,165,0.99999993,0.79861256,nan,0.00000000,0,0,0,0.02444934,0.00539088,0.03929421,0.04159029,0.00026086,0.27147466,0.09000117,-0.18200145,1.18200145,-8.74433661
142200,0.41848072,0.41848072,519,1.00000000,0.41848072,nan,0.00000000,0,0,0,0.13434772,0.01283923,0.13580777,0.14093992,0.04856115,1.04401422,0.40863740,0.19712631,0.80287369,-4.93381703
142300,0.40377724,0.40377724,323,1.00000000,0.40377724,nan,0.00000000,0,0,0,0.03812434,0.00468003,0.19645035,0.20768347,0.00548732,0.54573333,0.16893864,0.23369051,0.76630949,-8.52413177
142400,0.35839322,0.35839322,169,0.99999995,0.35839316,nan,0.00000000,0,0,0,0.04490490,0.00638837,0.18027295,0.19041336,0.00788623,0.54689819,0.15377046,0.17651070,0.82348930,-9.93652630
142500,0.26640913,0.26640913,102,0.99996283,0.26636952,nan,0.00000000,0,0,0,0.05324645,0.00808677,0.12917230,0.13667582,0.00161253,0.41233259,0.10313531,0.09512707,0.90487293,-12.01740265
142600,0.58846611,0.58846611,422,1.00000000,0.58846611,nan,0.00000000,0,0,0,0.17515725,0.01218563,0.20576930,0.21748863,0.00654060,0.77299649,0.24288562,-0.03919746,1.03919746,-0.37166254
142700,0.88113421,0.88113421,245,1.00000000,0.88113421,nan,0.00000000,0,0,0,0.03439230,0.00527091,0.56703234,0.60026580,0.00206306,0.39116013,0.10481484,0.00602521,0.99397479,-3.41058099
142800,0.35859895,0.35859895,349,1.00000000,0.35859895,nan,0.00000000,0,0,0,0.03971859,0.00613507,0.13653700,0.14361659,0.01618375,0.47260639,0.14411156,0.07145252,0.92854748,-11.08230472
142900,0.68069404,0.68069404,278,1.00000000,0.68069404,nan,0.00000000,0,0,0,0.08789995,0.00489604,0.21676464,0.22789480,0.02755192,0.71398807,0.10579646,0.11408500,0.88591500,-4.67048756
143000,1.27961326,1.27961326,41,0.98342732,1.19687230,nan,0.07442884,0,0,0,0.51398140,0.02001306,3.40904331,3.54737043,1.05748284,7.88905334,0.42747620,0.11113816,0.88886184,20.71842575
143100,1.17745483,1.17745483,330,1.00000000,1.17745483,nan,0.05305320,0,0,0,0.14999573,0.00918097,1.74208927,1.84399688,0.00966119,1.38912880,0.18559796,0.26599398,0.73400602,5.11996436
143200,0.15478347,0.15478347,42,0.98500442,0.14570596,nan,0.00000000,0,0,0,0.08637517,0.01125110,0.11350547,0.12014052,0.00070938,0.62859988,0.19331573,-0.01219470,1.01219470,-11.24361038
143300,0.52793336,0.52793336,470,1.00000000,0.52793336,nan,0.00000000,0,0,0,0.13933922,0.00902704,0.18539540,0.19432025,0.03367304,0.79699397,0.15927215,0.17571239,0.82428761,-2.84236153
143400,0.56891960,0.56891960,478,1.00000000,0.56891960,nan,0.00000000,0,0,0,0.06690051,0.00716033,0.60342735,0.63845509,0.00795560,0.69881165,0.11926100,-0.12896504,1.12896504,-5.13444757
143500,0.48033714,0.48033714,458,1.00000000,0.48033714,nan,0.00000000,0,0,0,0.04442819,0.01412056,0.11986196,0.12680359,0.00185416,0.59707755,0.28469542,0.10113853,0.89886147,-5.91409826
143600,0.09687840,0.09687840,483,1.00000000,0.09687840,nan,0.00000000,0,0,0,0.08134197,0.00757648,0.04139644,0.04372127,0.00187436,0.70260227,0.13497022,0.07486892,0.92513108,-9.81294155
143700,1.62844300,1.62844300,589,1.00000000,1.62844300,nan,0.00000000,0,0,0,0.03801025,0.00904132,0.85241818,0.90254927,0.00018837,0.47545400,0.20423575,-0.01079204,1.01079204,5.05676061
143800,0.31305707,0.31305707,336,1.00000000,0.31305707,nan,0.00000000,0,0,0,0.02583398,0.00521116,0.06121450,0.06395763,0.01458130,0.32536453,0.08173467,-0.35531659,1.35531659,-15.15383415
143900,0.41485542,0.41485542,612,1.00000000,0.41485542,nan,0.00000000,0,0,0,0.04747804,0.00920131,0.14242169,0.15079932,0.00000193,0.54407948,0.22594383,-0.17391529,1.17391529,-5.56782730
144000,0.48915276,0.48915276,77,0.99954717,0.48826735,nan,0.00000000,0,0,0,0.44801748,0.01801444,2.37798786,2.51704574,0.01400493,6.67543411,0.44735017,0.14162997,0.85837003,11.90406322
144100,0.22682431,0.22682431,326,1.00000000,0.22682431,nan,0.06483929,0,0,0,0.06462715,0.01143143,0.11528417,0.12205988,0.00009715,0.70097023,0.20397653,-0.16167288,1.16167288,-7.50025829
144200,0.18922204,0.18922204,136,0.99999876,0.18922110,nan,0.00000000,0,0,0,0.08245663,0.00630312,0.23629880,0.25001416,0.00313750,0.70041466,0.08119169,-0.17785537,1.17785537,-9.31324553
144300,0.92004460,0.92004460,414,1.00000000,0.92004460,nan,0.00000000,0,0,0,0.05935162,0.00513169,0.82574803,0.87432110,0.00000439,0.65237337,0.11044814,-0.09426161,1.09426161,-2.14855146
144400,0.08959231,0.08959231,198,1.00000000,0.08959231,nan,0.00000000,0,0,0,0.08892426,0.00638519,0.06464439,0.06831771,0.00219789,0.68707514,0.11203253,-0.00594612,1.00594612,-8.56955433
144500,0.35836363,0.35836363,81,0.99969646,0.35792872,nan,0.00000000,0,0,0,0.11417755,0.00941841,0.49744907,0.52664751,0.00107599,0.74873096,0.18392690,-0.07112565,1.07112565,-6.66992068
144600,0.19695261,0.19695261,42,0.98500442,0.18540202,nan,0.00000000,0,0,0,0.03042035,0.00546637,0.05370008,0.05672604,0.00225881,0.37785378,0.13415247,0.17008362,0.82991638,-13.28970623
144700,0.23471062,0.23471062,725,1.00000000,0.23471062,nan,0.00000000,0,0,0,0.02853397,0.00391356,0.08558606,0.08968274,0.01594268,0.36131555,0.06346769,-0.19740110,1.19740110,-16.45445093
144800,0.45714718,0.45714718,415,1.00000000,0.45714718,nan,0.00000000,0,0,0,0.14636584,0.00959304,0.16847776,0.17487910,0.05965505,0.69734317,0.15675999,0.15418007,0.84581993,-5.34827693
144900,0.31424877,0.31424877,148,0.99999963,0.31424830,nan,0.00000000,0,0,0,0.03628168,0.00778104,0.09925702,0.10488501,0.00358124,0.47346401,0.15914956,-0.13755219,1.13755219,-11.59154161
145000,1.18074417,1.18074417,37,0.97527647,1.06823500,nan,0.00000000,0,0,0,0.44322306,0.01880316,3.14567471,3.28066158,0.85089588,5.70883608,0.39700827,0.07867789,0.92132211,17.26614952
145100,0.52151620,0.52151620,300,1.00000000,0.52151620,nan,0.00000000,0,0,0,0.14243947,0.00906100,0.50570023,0.53540814,0.00066466,0.48575667,0.08318397,0.03406789,0.96593211,-5.29637823
145200,0.25078577,0.25078577,534,1.00000000,0.25078577,nan,0.00000000,0,0,0,0.04987881,0.00526155,0.08894888,0.09410455,0.00130265,0.64047533,0.06672972,0.08521484,0.91478516,-10.28885682
145300,0.60785967,0.60785967,296,1.00000000,0.60785967,nan,0.00000000,0,0,0,0.03672650,0.00508112,0.13311972,0.13967976,0.02159903,0.49217442,0.10875731,-0.36724268,1.36724268,-9.30785433
145400,0.33212113,0.33212113,181,0.99999999,0.33212112,nan,0.00000000,0,0,0,0.04151216,0.00555752,0.03563328,0.03725019,0.00814571,0.53064656,0.19627659,-0.13036572,1.13036572,-11.56055851
145500,0.53642046,0.53642046,460,1.00000000,0.53642046,nan,0.00000000,0,0,0,0.04937680,0.00849615,0.15132396,0.15662080,0.06127764,0.67057145,0.15010114,0.32071394,0.67928606,-6.09502590
145600,0.24787082,0.24787082,88,0.99984927,0.24772140,nan,0.00000000,0,0,0,0.03089846,0.00856774,0.11954190,0.12636569,0.00353735,0.41161144,0.20796968,-0.04496203,1.04496203,-6.82706881
145700,0.22297958,0.22297958,525,1.00000000,0.22297958,nan,0.00000000,0,0,0,0.05810719,0.00473245,0.14324361,0.15165053,0.00032597,0.60942346,0.11677024,0.03780300,0.96219700,-12.03085709
145800,0.48048607,0.48048607,207,1.00000000,0.48048606,nan,0.03834762,0,0,0,0.16452895,0.00960964,0.46412194,0.49074346,0.01155541,1.11455214,0.26906601,-0.13907171,1.13907171,-1.08451188
145900,0.20438367,0.20438367,643,1.00000000,0.20438367,nan,0.00000000,0,0,0,0.04222752,0.00445161,0.09291843,0.09829368,0.00153938,0.50339383,0.08625179,0.00783499,0.99216501,-14.18917878
146000,1.14783728,1.14783728,89,0.99986361,1.14721120,nan,0.00000000,0,0,0,0.41028014,0.01703630,2.35433555,2.44623446,0.79205203,5.34657478,0.33852488,0.13516317,0.86483683,17.01834551
146100,0.25667387,0.25667387,391,1.00000000,0.25667387,nan,0.00000000,0,0,0,0.07785686,0.00664925,0.11932370,0.12631470,0.00047692,0.71853453,0.14936252,0.13383799,0.86616201,-8.62901402
146200,0.56980771,0.56980771,534,1.00000000,0.56980771,nan,0.00000000,0,0,0,0.09538582,0.00512792,0.71826082,0.76041943,0.00156405,0.56380427,0.08679887,0.05737187,0.94262813,-5.97210717
146300,0.61613059,0.61613059,119,0.99999321,0.61611386,nan,0.00000000,0,0,0,0.08048651,0.00938829,0.23616236,0.24803358,0.03435204,0.69180042,0.17265198,-0.28688484,1.28688484,-3.83265519
146400,0.08353793,0.08353793,640,1.00000000,0.08353793,nan,0.00000000,0,0,0,0.04307113,0.00522053,0.04738618,0.05013128,0.00071962,0.51093835,0.10825404,-0.06761008,1.06761008,-13.58339596
146500,0.27313301,0.27313301,765,1.00000000,0.27313301,nan,0.00000000,0,0,0,0.03636793,0.00598094,0.11755896,0.12415967,0.00534669,0.43086064,0.06201816,0.28255855,0.71744145,-12.63806868
146600,0.19268376,0.19268376,455,1.00000000,0.19268376,nan,0.00000000,0,0,0,0.03345861,0.00986804,0.03469054,0.03664459,0.00147181,0.57898134,0.35246772,-0.02937509,1.02937509,-13.15298525
146700,0.23615927,0.23615927,495,1.00000000,0.23615927,nan,0.00000000,0,0,0,0.09442338,0.00926311,0.12996256,0.13681221,0.01351842,0.80397350,0.16853976,0.27924903,0.72075097,-7.02783298
146800,0.24628806,0.24628806,773,1.00000000,0.24628806,nan,0.00000000,0,0,0,0.07767847,0.00868614,0.05692186,0.06018868,0.00138581,0.65179086,0.15957983,-0.07359955,1.07359955,-11.31504440
146900,0.86386627,0.86386627,292,1.00000000,0.86386627,nan,0.00000000,0,0,0,0.03405084,0.00667726,0.14329363,0.15164483,0.00132335,0.39100674,0.16982238,-0.02468530,1.02468530,-7.78923289
147000,1.09688640,1.09688640,150,0.99999969,1.09688505,nan,0.00000000,0,0,0,0.49233109,0.01325930,1.69273841,1.69365668,1.67712831,6.88794947,0.38126373,0.20651873,0.79348127,18.16705227
147100,0.14848655,0.14848655,452,1.00000000,0.14848655,nan,0.00000000,0,0,0,0.06128167,0.00924075,0.06670468,0.07048412,0.00245417,0.75376976,0.22317849,0.05267421,0.94732579,-10.00770330
147200,0.33082235,0.33082235,560,1.00000000,0.33082235,nan,0.00000000,0,0,0,0.12791082,0.00871190,0.45460838,0.48027408,0.01829156,0.88819289,0.20373535,0.09412176,0.90587824,-4.04639331
147300,0.06932300,0.06932300,472,1.00000000,0.06932300,nan,0.00000000,0,0,0,0.03262282,0.00614228,0.02012069,0.02112608,0.00302905,0.49326140,0.16606867,0.07303575,0.92696425,-14.65434647
147400,0.16107774,0.16107774,501,1.00000000,0.16107774,nan,0.00000000,0,0,0,0.03637638,0.00437253,0.03619533,0.03822261,0.00173159,0.42872545,0.07435671,-0.06925656,1.06925656,-15.61266112
147500,0.40736210,0.40736210,343,1.00000000,0.40736210,nan,0.00000000,0,0,0,0.04998539,0.00739554,0.32625046,0.34543407,0.00012897,0.58081651,0.18025750,-0.02704383,1.02704383,-9.23863440
147600,0.33414441,0.33414441,513,1.00000000,0.33414441,nan,0.00000000,0,0,0,0.05138130,0.00888740,0.07978079,0.08443466,0.00066494,0.55417079,0.17457397,-0.07497069,1.07497069,-8.27372050
147700,0.31436676,0.31436676,745,1.00000000,0.31436676,nan,0.00000000,0,0,0,0.05053046,0.00587877,0.18531637,0.19586743,0.00594798,0.46894264,0.07065729,0.02104823,0.97895177,-11.05666399
147800,0.37892926,0.37892926,528,1.00000000,0.37892926,nan,0.00000000,0,0,0,0.03430909,0.00490002,0.14496034,0.15343307,0.00092371,0.46069410,0.13571180,-0.16501637,1.16501637,-12.10029078
147900,0.21153550,0.21153550,211,1.00000000,0.21153550,nan,0.00000000,0,0,0,0.06851073,0.00654620,0.08838217,0.09251607,0.01810575,0.57472545,0.12438304,0.14073549,0.85926451,-9.90990098
148000,1.89582634,1.89582634,95,0.99992515,1.89525878,nan,0.00000000,0,0,0,0.36772245,0.02394044,4.24559116,4.42616653,1.17581022,4.47472048,0.74875218,0.14028708,0.85971292,22.18929672
148100,0.56601423,0.56601423,475,1.00000000,0.56601423,nan,0.00000000,0,0,0,0.05269024,0.00845021,0.50914454,0.53711808,0.03359409,0.68214977,0.24933164,0.12952042,0.87047958,-1.22633044
148200,0.39056545,0.39056545,284,1.00000000,0.39056545,nan,0.00000000,0,0,0,0.09922799,0.00814125,0.16934051,0.17876065,0.00919800,0.60527009,0.14335892,0.23244272,0.76755728,-6.64593172
148300,0.25852960,0.25852960,469,1.00000000,0.25852960,nan,0.00000000,0,0,0,0.03404347,0.00646594,0.06541805,0.06925770,0.00014393,0.37301886,0.13080342,-0.02701413,1.02701413,-11.11039527
148400,0.35454386,0.35454386,321,1.00000000,0.35454386,nan,0.00000000,0,0,0,0.08158655,0.00616848,0.36226770,0.38348362,0.00159734,0.80722994,0.11443119,-0.04271279,1.04271279,-6.54090261
148500,0.45726287,0.45726287,187,0.99999999,0.45726286,nan,0.00000000,0,0,0,0.03027184,0.00538028,0.09751953,0.10304839,0.00352885,0.36786139,0.11984158,0.20571014,0.79428986,-12.22644544
148600,0.12412235,0.12412235,491,1.00000000,0.12412235,nan,0.00000000,0,0,0,0.04102885,0.00749605,0.03384152,0.03582288,0.00015849,0.46873507,0.13765754,-0.16841101,1.16841101,-13.77322992
148700,0.52362096,0.52362096,777,1.00000000,0.52362096,nan,0.00000000,0,0,0,0.05862570,0.00394058,0.11133756,0.11786739,0.00033046,0.61809486,0.11650923,0.17817413,0.82182587,-8.26122999
148800,0.13154496,0.13154496,178,0.99999998,0.13154495,nan,0.00000000,0,0,0,0.03085410,0.00730479,0.02528488,0.02632587,0.00758810,0.46967295,0.21725678,0.04577628,0.95422372,-12.69316228
148900,0.13773927,0.13773927,597,1.00000000,0.13773927,nan,0.00000000,0,0,0,0.04377916,0.00995843,0.04616964,0.04887866,0.00011629,0.48459086,0.17892085,-0.05281534,1.05281534,-12.65129452
149000,1.34077978,1.34077978,23,0.89974116,0.87867405,nan,0.00000000,0,0,0,0.36525723,0.01631308,2.42400837,2.50347233,1.07312417,4.67544031,0.38430259,0.17981346,0.82018654,17.55461617
149100,0.30193245,0.30193245,103,0.99996637,0.30189184,nan,0.14350326,0,0,0,0.29807261,0.01924800,0.27312940,0.27470455,0.24635208,3.87161517,0.39480251,-0.23424229,1.23424229,5.16548379
149200,0.35851121,0.35851121,684,1.00000000,0.35851121,nan,0.00000000,0,0,0,0.06589674,0.00778831,0.13515013,0.14242518,0.01147406,0.65122277,0.11494631,-0.21917303,1.21917303,-8.85518992
149300,0.21979488,0.21979488,400,1.00000000,0.21979488,nan,0.00000000,0,0,0,0.03987896,0.00770269,0.11671689,0.12358025,0.00003982,0.45750672,0.15829027,0.12779921,0.87220079,-11.73947620
149400,1.22411478,1.22411478,590,1.00000000,1.22411478,nan,0.00000000,0,0,0,0.06339293,0.00777067,0.25969708,0.27194771,0.05143622,0.59703314,0.20346382,-0.06576440,1.06576440,4.31024257
149500,0.20735857,0.20735857,422,1.00000000,0.20735857,nan,0.00000000,0,0,0,0.09937318,0.00696659,0.17227991,0.18238926,0.00042088,0.67603743,0.06884648,0.01530339,0.98469661,-7.22238827
149600,0.72733384,0.72733384,485,1.00000000,0.72733384,nan,0.00000000,0,0,0,0.09448374,0.01206708,0.25009763,0.26479480,0.00024535,0.96839821,0.23860413,0.21766197,0.78233803,-2.51559830
149700,1.23480451,1.23480451,72,0.99925341,1.23112109,nan,0.00000000,0,0,0,0.14005944,0.01656579,0.44040713,0.46150494,0.08174372,0.89529544,0.35106820,-0.12503299,1.12503299,5.57823700
149800,0.17781414,0.17781414,277,1.00000000,0.17781414,nan,0.01546085,0,0,0,0.06128182,0.00732803,0.12033076,0.12734185,0.00114226,0.74273932,0.22444956,0.17469424,0.82530576,-10.28422705
149900,0.26836735,0.26836735,570,1.00000000,0.26836735,nan,0.00000000,0,0,0,0.04167326,0.00424190,0.07029268,0.07365827,0.01307769,0.54126072,0.07557123,-0.21816044,1.21816044,-11.63737345
