step,surprise_raw,surprise_clipped,state_action_pseudo_count,familiarity_count_mean,familiarity_count_ratio,familiarity,e_t,block_E_k,W_k,block_completed,warmup_remaining,regime_change,mean_total_var,mean_epistemic_var,raw_residual_mse,raw_delta_state_mse,raw_reward_sq_error,mean_total_var_raw,mean_epistemic_var_raw,gradient_coherence,gradient_novelty,predictor_nll
0,3.62886524,3.62886524,0,0.00000000,0.00000000,0.00000000,0.00000000,nan,0.00000000,0,9999,0,1.00173795,0.00019866,3.64880919,3.83994150,0.39956334,1.00173795,0.00019866,nan,nan,49.25938988
100,1.09654176,1.09654176,0,0.00000000,0.00000000,0.00000000,0.00000000,nan,0.00000000,0,9899,0,1.03826499,0.00614859,42.70302582,45.21367645,0.02190786,39.84826279,0.14868881,0.13550139,0.86449861,26.85875206
200,0.38415137,0.38415137,0,0.00000000,0.00000000,0.00000000,0.00000000,nan,0.00000000,0,9799,0,1.02101469,0.00328682,20.10145760,21.27183342,0.20510712,38.70514297,0.08477855,-0.44691119,1.44691119,20.28073025
300,0.53477597,0.53477597,0,0.00000000,0.00000000,0.00000000,0.00000000,nan,0.00000000,0,9699,0,1.01038074,0.00263688,12.73760891,13.48380280,0.05230499,35.98871613,0.06046418,0.24733156,0.75266844,21.57394648
400,0.53534961,0.53534961,0,0.00000000,0.00000000,0.00000000,0.00000000,nan,0.00000000,0,9599,0,1.00718987,0.00283881,12.54238319,13.27700329,0.05382526,35.75725937,0.08516729,0.10194322,0.89805678,21.46741867
500,0.31993780,0.31993780,0,0.00000000,0.00000000,0.00000000,0.00000000,nan,0.00000000,0,9499,0,0.99848527,0.00199922,5.22408676,5.52285624,0.14500637,34.22425079,0.07600096,-0.18047128,1.18047128,19.40587568
600,0.49231121,0.49231121,0,0.00000000,0.00000000,0.00000000,0.00000000,nan,0.00000000,0,9399,0,0.98133975,0.00203818,5.77543211,6.11515856,0.00008299,32.91819000,0.05080430,0.02310748,0.97689252,20.76782036
700,0.31287283,0.31287283,0,0.00000000,0.00000000,0.00000000,0.00000000,nan,0.00000000,0,9299,0,0.95881242,0.00303204,14.48571110,15.32075405,0.28995651,31.24621964,0.14445052,0.18304729,0.81695271,19.04189491
800,0.56395614,0.56395614,0,0.00000000,0.00000000,0.00000000,0.00000000,nan,0.00000000,0,9199,0,0.95758629,0.00609435,15.04989815,15.93509674,0.00152060,31.37758446,0.12387159,0.29657184,0.70342816,21.23847809
900,0.94895196,0.94895196,0,0.00000000,0.00000000,0.00000000,0.00000000,nan,0.00000000,0,9099,0,0.95061314,0.00602663,4.83046103,5.07733965,0.63352090,31.16613388,0.10500802,0.10733174,0.89266826,23.99358940
1000,0.62569308,0.62569308,0,0.00000000,0.00000000,0.00000000,0.00000000,nan,0.00000000,0,8999,0,0.94579053,0.00829767,9.94983387,10.52496529,0.17258368,30.19164276,0.25047976,-0.14064423,1.14064423,22.15003014
1100,1.03020501,1.03020501,0,0.00000000,0.00000000,0.00000000,0.00000000,nan,0.00000000,0,8899,0,0.91188580,0.01313602,29.76934814,31.51151085,0.15261848,28.71189308,0.38451546,0.17763032,0.82236968,25.67959785
1200,0.61806577,0.61806577,0,0.00000000,0.00000000,0.00000000,0.00000000,nan,0.00000000,0,8799,0,0.84778959,0.02429526,13.25599766,14.03139305,0.07428182,27.17020988,0.63855511,0.15758575,0.84241425,20.41248989
1300,0.32467136,0.32467136,0,0.00000000,0.00000000,0.00000000,0.00000000,nan,0.00000000,0,8699,0,0.80323762,0.03519358,4.61182737,4.87974930,0.05716088,26.43388939,1.81869936,0.02035323,0.97964677,16.41569924
1400,0.54644912,0.54644912,0,0.00000000,0.00000000,0.00000000,0.00000000,nan,0.00000000,0,8599,0,0.77860999,0.04429756,19.89975357,21.06393242,0.10868476,24.54845238,1.74422312,0.15588250,0.84411750,19.87179613
1500,0.91549122,0.91549122,0,0.00000000,0.00000000,0.00000000,0.00000000,nan,0.00000000,0,8499,0,0.82898831,0.01535508,18.96032333,20.06480980,0.18404499,23.60367775,0.57004422,-0.07332523,1.07332523,23.37450790
1600,0.27351910,0.27351910,0,0.00000000,0.00000000,0.00000000,0.00000000,nan,0.00000000,0,8399,0,0.78458142,0.01806988,7.88365269,8.34465981,0.04652115,22.60334015,1.23305845,0.09120136,0.90879864,17.39073054
1700,0.46992862,0.46992862,0,0.00000000,0.00000000,0.00000000,0.00000000,nan,0.00000000,0,8299,0,0.87729484,0.05350173,20.08484268,21.25767326,0.14674887,25.64238548,3.21752715,-0.02317772,1.02317772,18.88674974
1800,1.40825605,1.40825605,0,0.00000000,0.00000000,0.00000000,0.00000000,nan,0.00000000,0,8199,0,0.85131574,0.10893615,21.64841080,22.90462303,0.29275054,26.02202988,5.67044163,0.13741531,0.86258469,28.90641467
1900,0.60267985,0.60267985,0,0.00000000,0.00000000,0.00000000,0.00000000,nan,0.00000000,0,8099,0,0.79674447,0.04754048,10.34729671,10.95424461,0.02918616,21.87451935,2.11951923,0.02847903,0.97152097,19.44083309
2000,0.33320427,0.33320427,0,0.00000000,0.00000000,0.00000000,0.00000000,nan,0.00000000,0,7999,0,0.77509969,0.02564535,2.77893162,2.93923950,0.05369445,22.21389389,1.11622477,-0.13916525,1.13916525,17.12529206
2100,0.48675027,0.48675027,0,0.00000000,0.00000000,0.00000000,0.00000000,nan,0.00000000,0,7899,0,0.77050483,0.05222127,15.51941299,16.43089104,0.02427827,21.96800423,3.18011642,0.09650031,0.90349969,20.08436728
2200,0.25976291,0.25976291,0,0.00000000,0.00000000,0.00000000,0.00000000,nan,0.00000000,0,7799,0,0.47179285,0.02869548,1.75148022,1.85437655,0.00224320,11.20018482,1.07566726,0.04101694,0.95898306,9.89553944
2300,0.95448560,0.95448560,0,0.00000000,0.00000000,0.00000000,0.00000000,nan,0.00000000,0,7699,0,0.62166482,0.07746109,2.68662858,2.83532143,0.15884681,15.32527637,3.00419664,0.02122341,0.97877659,22.36814804
2400,0.22008564,0.22008564,0,0.00000000,0.00000000,0.00000000,0.00000000,nan,0.00000000,0,7599,0,0.53689337,0.02652673,1.21741426,1.28111744,0.13445896,12.23234749,1.39724326,0.10103920,0.89896080,12.07960574
2500,0.29882297,0.29882297,0,0.00000000,0.00000000,0.00000000,0.00000000,nan,0.00000000,0,7499,0,0.36505154,0.06846915,1.95094252,2.06569791,0.00010562,7.91130733,2.61825585,-0.02153355,1.02153355,5.87713218
2600,0.42155665,0.42155665,0,0.00000000,0.00000000,0.00000000,0.00000000,nan,0.00000000,0,7399,0,0.28079993,0.04080162,2.04346180,2.16343498,0.00391559,5.16990376,0.89581597,0.03632941,0.96367059,9.48691797
2700,0.60576016,0.60576016,0,0.00000000,0.00000000,0.00000000,0.00000000,nan,0.00000000,0,7299,0,0.32913658,0.05311860,1.32146668,1.39458597,0.07843881,8.20653915,2.47978354,-0.00756917,1.00756917,14.80398512
2800,0.13467921,0.13467921,0,0.00000000,0.00000000,0.00000000,0.00000000,nan,0.00000000,0,7199,0,0.51907456,0.04437370,0.90043765,0.95235890,0.01777729,10.73396683,1.81502938,0.06708926,0.93291074,11.98589611
2900,0.30443197,0.30443197,0,0.00000000,0.00000000,0.00000000,0.00000000,nan,0.00000000,0,7099,0,0.37571871,0.04588991,0.66985756,0.70744389,0.03089054,5.64335537,0.88309789,0.06788752,0.93211248,8.45888186
3000,0.17481381,0.17481381,0,0.00000000,0.00000000,0.00000000,0.00000000,nan,0.00000000,0,6999,0,0.54900897,0.02118070,0.69205606,0.72281647,0.16912930,11.58152390,0.97329372,-0.06998695,1.06998695,12.19123478
3100,0.48399279,0.48399279,0,0.00000000,0.00000000,0.00000000,0.00000000,nan,0.00000000,0,6899,0,0.42843741,0.02990657,0.99593312,1.02955961,0.42428187,6.61781263,0.76568329,-0.07278631,1.07278631,12.39167833
3200,0.34285963,0.34285963,0,0.00000000,0.00000000,0.00000000,0.00000000,nan,0.00000000,0,6799,0,0.32318425,0.03815029,0.57369679,0.59366506,0.23423606,4.93268776,1.12863731,-0.02392251,1.02392251,7.28076935
3300,0.08080104,0.08080104,0,0.00000000,0.00000000,0.00000000,0.00000000,nan,0.00000000,0,6699,0,0.30194497,0.01962180,0.15954143,0.16724727,0.02854207,5.22333002,0.67627311,-0.01119779,1.01119779,3.95121900
3400,0.08545566,0.08545566,0,0.00000000,0.00000000,0.00000000,0.00000000,nan,0.00000000,0,6599,0,0.40789220,0.02420156,0.43490440,0.45981368,0.01144674,6.51618385,0.78977305,-0.01173152,1.01173152,7.64905421
3500,0.85065329,0.85065329,0,0.00000000,0.00000000,0.00000000,0.00000000,nan,0.00000000,0,6499,0,0.31979442,0.04363400,1.13937557,1.20639527,0.00004056,3.31184864,0.94437355,-0.02048569,1.02048569,14.09150839
3600,0.19879873,0.19879873,0,0.00000000,0.00000000,0.00000000,0.00000000,nan,0.00000000,0,6399,0,0.49953592,0.02819918,0.72936344,0.77134782,0.01562928,6.46890450,0.82708287,-0.02948163,1.02948163,11.16106892
3700,0.28450930,0.28450930,0,0.00000000,0.00000000,0.00000000,0.00000000,nan,0.00000000,0,6299,0,0.49354866,0.02135404,0.97711253,1.02529967,0.15793094,6.18956661,0.48200014,-0.07822475,1.07822475,11.57589340
3800,0.44708171,0.44708171,0,0.00000000,0.00000000,0.00000000,0.00000000,nan,0.00000000,0,6199,0,0.42212486,0.03676480,0.67672473,0.69385660,0.38548338,4.61828709,0.80611253,-0.02632421,1.02632421,10.60352945
3900,0.21229789,0.21229789,0,0.00000000,0.00000000,0.00000000,0.00000000,nan,0.00000000,0,6099,0,0.35114843,0.02731172,0.50082183,0.51682889,0.22870205,3.40312076,0.49880832,0.03834465,0.96165535,6.21585687
4000,0.63582247,0.63582247,0,0.00000000,0.00000000,0.00000000,0.00000000,nan,0.00000000,0,5999,0,0.46000278,0.01816281,1.31475830,1.34315670,0.83198482,6.97384071,0.74381810,-0.11282718,1.11282718,14.31660628
4100,0.80702758,0.80702758,0,0.00000000,0.00000000,0.00000000,0.00000000,nan,0.00000000,0,5899,0,0.30213955,0.03886313,2.05308867,2.16406035,0.16656926,2.89218950,0.89562154,0.05769307,0.94230693,13.66036669
4200,0.29048267,0.29048267,0,0.00000000,0.00000000,0.00000000,0.00000000,nan,0.00000000,0,5799,0,0.34734821,0.02791081,1.27005780,1.34464025,0.00215421,4.88974333,1.03963768,0.04773116,0.95226884,7.42828274
4300,0.53016365,0.53016365,0,0.00000000,0.00000000,0.00000000,0.00000000,nan,0.00000000,0,5699,0,0.29872862,0.02582174,1.29960334,1.37459981,0.02466425,4.24807835,0.90910298,0.07522589,0.92477411,9.69198501
4400,0.32779652,0.32779652,0,0.00000000,0.00000000,0.00000000,0.00000000,nan,0.00000000,0,5599,0,0.33481309,0.02951617,0.47822863,0.50539857,0.01633932,4.89823484,0.94557083,-0.00999171,1.00999171,7.77581275
4500,0.23285238,0.23285238,0,0.00000000,0.00000000,0.00000000,0.00000000,nan,0.00000000,0,5499,0,0.22330219,0.03480871,0.34533268,0.36562797,0.00031260,2.77209997,0.99106956,-0.01068368,1.01068368,3.51541798
4600,0.97161663,0.97161663,0,0.00000000,0.00000000,0.00000000,0.00000000,nan,0.00000000,0,5399,0,0.27111301,0.04877917,2.06255937,2.15416217,0.50531012,5.24358940,2.55672622,-0.06101770,1.06101770,12.05071131
4700,0.45748934,0.45748934,0,0.00000000,0.00000000,0.00000000,0.00000000,nan,0.00000000,0,5299,0,0.27051270,0.03581714,2.02940798,2.14089537,0.13412042,4.28410578,1.44930851,-0.09379982,1.09379982,10.26458263
4800,0.23780881,0.23780881,0,0.00000000,0.00000000,0.00000000,0.00000000,nan,0.00000000,0,5199,0,0.40127367,0.02323969,0.45649433,0.46963748,0.23306115,5.15117121,0.74579388,-0.02721602,1.02721602,8.16203964
4900,0.23642953,0.23642953,0,0.00000000,0.00000000,0.00000000,0.00000000,nan,0.00000000,0,5099,0,0.39666197,0.04154411,1.18325555,1.25281489,0.00074477,4.95557404,1.30667114,-0.10286059,1.10286059,7.20534674
5000,0.05001276,0.05001276,0,0.00000000,0.00000000,0.00000000,0.00000000,nan,0.00000000,0,4999,0,0.57886344,0.01286303,0.29188210,0.30902150,0.00051133,10.29416084,0.37540075,-0.03507025,1.03507025,11.11486220
5100,0.80591822,0.80591822,0,0.00000000,0.00000000,0.00000000,0.00000000,nan,0.00000000,0,4899,0,0.46743187,0.02636752,2.43932104,2.54137397,0.70442116,5.55189323,0.46859270,-0.00684701,1.00684701,15.37765765
5200,1.16836023,1.16836023,0,0.00000000,0.00000000,0.00000000,0.00000000,nan,0.00000000,0,4799,0,0.26628283,0.02913181,1.73414755,1.82921851,0.11794391,3.09650803,0.74821377,-0.01913242,1.01913242,16.43185552
5300,0.80641961,0.80641961,0,0.00000000,0.00000000,0.00000000,0.00000000,nan,0.00000000,0,4699,0,0.24841478,0.02027657,2.88324356,3.01800370,0.59231788,2.81588030,0.66494316,-0.04901966,1.04901966,10.26076031
5400,0.38720775,0.38720775,0,0.00000000,0.00000000,0.00000000,0.00000000,nan,0.00000000,0,4599,0,0.30206096,0.01867800,1.81631339,1.91819000,0.08441085,4.06400728,0.36080000,-0.06782222,1.06782222,7.58700450
5500,0.59075665,0.59075665,0,0.00000000,0.00000000,0.00000000,0.00000000,nan,0.00000000,0,4499,0,0.16911367,0.05881161,0.54082882,0.53608936,0.62139910,2.65370560,2.08557606,-0.00881245,1.00881245,19.38853010
5600,0.21316558,0.21316558,0,0.00000000,0.00000000,0.00000000,0.00000000,nan,0.00000000,0,4399,0,0.28001648,0.02075570,0.14678729,0.15390575,0.02577368,3.76360536,0.70478684,-0.01497036,1.01497036,4.92588794
5700,0.05192021,0.05192021,0,0.00000000,0.00000000,0.00000000,0.00000000,nan,0.00000000,0,4299,0,0.28511551,0.02443213,0.15410608,0.16265583,0.00876043,4.86362267,1.10090339,0.02699120,0.97300880,4.69345808
5800,0.38050148,0.38050148,0,0.00000000,0.00000000,0.00000000,0.00000000,nan,0.00000000,0,4199,0,0.17042041,0.01668204,0.77733380,0.81949449,0.06060196,2.31309628,0.55583745,-0.01892509,1.01892509,2.14137352
5900,0.20699376,0.20699376,0,0.00000000,0.00000000,0.00000000,0.00000000,nan,0.00000000,0,4099,0,0.29203364,0.01950670,1.31915593,1.39395797,0.04752107,4.18946218,0.60030550,0.01480403,0.98519597,5.49651098
6000,0.47073883,0.47073883,0,0.00000000,0.00000000,0.00000000,0.00000000,nan,0.00000000,0,3999,0,0.28534654,0.01847744,0.73061788,0.75883347,0.25095314,4.52667236,0.49370465,-0.07409049,1.07409049,8.22751725
6100,0.16150960,0.16150960,0,0.00000000,0.00000000,0.00000000,0.00000000,nan,0.00000000,0,3899,0,0.17296943,0.02064747,0.33382562,0.35295087,0.00869635,2.13873363,0.33357972,0.06636479,0.93363521,0.70959769
6200,0.44686019,0.44686019,0,0.00000000,0.00000000,0.00000000,0.00000000,nan,0.00000000,0,3799,0,0.16720641,0.02995906,0.60847831,0.64349800,0.01314396,2.41089511,0.70975834,0.05674513,0.94325487,4.66473373
6300,0.39797163,0.39797163,0,0.00000000,0.00000000,0.00000000,0.00000000,nan,0.00000000,0,3699,0,0.10324200,0.02333217,0.46593142,0.48719859,0.10438955,1.60401344,0.67174160,0.01256668,0.98743332,2.29311359
6400,0.59775609,0.59775609,0,0.00000000,0.00000000,0.00000000,0.00000000,nan,0.00000000,0,3599,0,0.20599245,0.02315513,1.35743034,1.43559122,0.02869785,2.93526459,0.53476894,0.05200164,0.94799836,7.66051376
6500,0.77902913,0.77902913,0,0.00000000,0.00000000,0.00000000,0.00000000,nan,0.00000000,0,3499,0,0.17867170,0.02553270,0.79266071,0.83063376,0.14711846,2.63762069,0.71761405,-0.01070424,1.01070424,7.89015746
6600,0.69070268,0.69070268,0,0.00000000,0.00000000,0.00000000,0.00000000,nan,0.00000000,0,3399,0,0.15493760,0.02974013,2.45789766,2.60231423,0.00281880,2.12033367,0.62916875,-0.01447106,1.01447106,6.30290186
6700,0.10775129,0.10775129,0,0.00000000,0.00000000,0.00000000,0.00000000,nan,0.00000000,0,3299,0,0.13980860,0.02034067,0.13793696,0.14604990,0.00001684,2.13773704,0.46104825,0.02326084,0.97673916,-1.23763029
6800,0.09578094,0.09578094,0,0.00000000,0.00000000,0.00000000,0.00000000,nan,0.00000000,0,3199,0,0.17717139,0.01556076,0.10258467,0.10574494,0.04886011,2.47563887,0.28368783,0.05183113,0.94816887,-0.11549509
6900,0.39326715,0.39326715,0,0.00000000,0.00000000,0.00000000,0.00000000,nan,0.00000000,0,3099,0,0.16978949,0.03072707,0.38329807,0.40287036,0.05056993,2.41040015,0.79828286,-0.04511022,1.04511022,nan
7000,0.77280354,0.77280354,0,0.00000000,0.00000000,0.00000000,0.00000000,nan,0.00000000,0,2999,0,0.25841400,0.01601042,1.06114411,1.08857632,0.59479660,4.01797819,0.52725190,0.02250811,0.97749189,10.46142602
7100,0.16224647,0.16224647,0,0.00000000,0.00000000,0.00000000,0.00000000,nan,0.00000000,0,2899,0,0.22799659,0.01901714,0.35065228,0.37114868,0.00221335,3.02254796,0.50662339,0.02483205,0.97516795,3.22586846
7200,0.62256134,0.62256134,0,0.00000000,0.00000000,0.00000000,0.00000000,nan,0.00000000,0,2799,0,0.16129830,0.02609429,1.14441824,1.21172023,0.00028666,2.28089190,1.01501560,-0.07411495,1.07411495,8.49441814
7300,0.31534481,0.31534481,0,0.00000000,0.00000000,0.00000000,0.00000000,nan,0.00000000,0,2699,0,0.20394044,0.01646367,0.05472188,0.05521756,0.04629540,2.86921096,0.34974781,0.03504231,0.96495769,3.87382102
7400,0.34808785,0.34808785,0,0.00000000,0.00000000,0.00000000,0.00000000,nan,0.00000000,0,2599,0,0.14095849,0.01414358,0.12273167,0.12186837,0.13740766,1.78877532,0.28424037,0.01475425,0.98524575,0.74225698
7500,0.50181442,0.50181442,0,0.00000000,0.00000000,0.00000000,0.00000000,nan,0.00000000,0,2499,0,0.20586489,0.03724059,0.73421520,0.76391220,0.22936600,2.73249125,0.73191583,-0.06980139,1.06980139,8.24211645
7600,2.27622914,2.27622914,0,0.00000000,0.00000000,0.00000000,0.00000000,nan,0.00000000,0,2399,0,0.38463360,0.04138486,6.08985329,6.42323542,0.42236182,3.29541898,0.84001374,-0.08186992,1.08186992,32.97752523
7700,0.97909778,0.97909778,0,0.00000000,0.00000000,0.00000000,0.00000000,nan,0.00000000,0,2299,0,0.39570147,0.06571124,1.59600008,1.66535282,0.41700360,3.02648306,1.59384561,-0.01574170,1.01574170,23.19293809
7800,0.22034939,0.22034939,0,0.00000000,0.00000000,0.00000000,0.00000000,nan,0.00000000,0,2199,0,0.46327364,0.03153444,0.26091236,0.27391288,0.03990358,3.02415895,0.59792763,0.00448458,0.99551542,6.90756869
7900,0.21169651,0.21169651,0,0.00000000,0.00000000,0.00000000,0.00000000,nan,0.00000000,0,2099,0,0.45738840,0.02219782,0.41973913,0.43309718,0.19265109,3.08181477,0.31191471,0.02281210,0.97718790,6.55914831
8000,0.17819780,0.17819780,0,0.00000000,0.00000000,0.00000000,0.00000000,nan,0.00000000,0,1999,0,0.51503670,0.01100748,1.09354961,1.15444183,0.05838279,6.81400204,0.19279814,0.03694891,0.96305109,10.05916595
8100,0.05866055,0.05866055,0,0.00000000,0.00000000,0.00000000,0.00000000,nan,0.00000000,0,1899,0,0.41621014,0.01137149,0.23731200,0.25109899,0.00293310,4.62517452,0.32717514,0.00271123,0.99728877,6.37166131
8200,0.12798144,0.12798144,0,0.00000000,0.00000000,0.00000000,0.00000000,nan,0.00000000,0,1799,0,0.26095736,0.01858720,0.39054373,0.41328546,0.00393433,2.35459185,0.51195210,-0.02390340,1.02390340,2.03633052
8300,0.09158611,0.09158611,0,0.00000000,0.00000000,0.00000000,0.00000000,nan,0.00000000,0,1699,0,0.17050378,0.01946275,0.14373566,0.15184394,0.00589496,1.56566405,0.42512292,0.01974260,0.98025740,-2.28222334
8400,0.15028526,0.15028526,0,0.00000000,0.00000000,0.00000000,0.00000000,nan,0.00000000,0,1599,0,0.17393389,0.01503779,0.20753419,0.21445826,0.08982546,2.05664396,0.32376662,0.10168713,0.89831287,-1.16170216
8500,0.28258145,0.28258145,0,0.00000000,0.00000000,0.00000000,0.00000000,nan,0.00000000,0,1499,0,0.14308213,0.02280934,0.13264702,0.13966900,0.01327330,1.83548307,0.49843523,0.02457978,0.97542022,-0.47255377
8600,0.34188604,0.34188604,0,0.00000000,0.00000000,0.00000000,0.00000000,nan,0.00000000,0,1399,0,0.15070313,0.03974454,0.46788085,0.49031079,0.08657192,2.15403104,1.08491957,0.02910780,0.97089220,1.99778888
8700,0.49289355,0.49289355,0,0.00000000,0.00000000,0.00000000,0.00000000,nan,0.00000000,0,1299,0,0.19262238,0.01316645,0.52306366,0.55004680,0.06435087,2.73874712,0.31681749,0.00696412,0.99303588,4.89920266
8800,0.11016858,0.11016858,0,0.00000000,0.00000000,0.00000000,0.00000000,nan,0.00000000,0,1199,0,0.17562723,0.00638236,0.22891289,0.24129422,0.01843055,2.58454728,0.25292233,-0.05159824,1.05159824,0.18925475
8900,0.18882686,0.18882686,0,0.00000000,0.00000000,0.00000000,0.00000000,nan,0.00000000,0,1099,0,0.08827014,0.01750516,0.20358512,0.21419850,0.02315757,1.12545145,0.45252746,0.02289162,0.97710838,-4.61449349
9000,0.39285538,0.39285538,0,0.00000000,0.00000000,0.00000000,0.00000000,nan,0.00000000,0,999,0,0.22376734,0.01071958,0.51763248,0.54226822,0.09882642,3.56503344,0.23290107,-0.12215587,1.12215587,5.81077347
9100,0.40116844,0.40116844,0,0.00000000,0.00000000,0.00000000,0.00000000,nan,0.00000000,0,899,0,0.18638879,0.01960396,0.18259257,0.18966137,0.06242322,2.32714415,0.40978470,0.04556942,0.95443058,4.78619128
9200,0.17912188,0.17912188,0,0.00000000,0.00000000,0.00000000,0.00000000,nan,0.00000000,0,799,0,0.12180833,0.02093705,0.26748028,0.28106695,0.03650685,1.53887701,0.48493513,-0.02263445,1.02263445,0.30743469
9300,0.37239194,0.37239194,0,0.00000000,0.00000000,0.00000000,0.00000000,nan,0.00000000,0,699,0,0.09072778,0.02356296,0.18926682,0.19927378,0.01914838,1.50519347,0.90792805,0.00454134,0.99545866,8.34845734
9400,0.19818246,0.19818246,0,0.00000000,0.00000000,0.00000000,0.00000000,nan,0.00000000,0,599,0,0.11694892,0.01524906,0.19827186,0.20974229,0.00327448,1.77330589,0.34516525,0.04400351,0.95599649,-2.93947848
9500,0.27681875,0.27681875,0,0.00000000,0.00000000,0.00000000,0.00000000,nan,0.00000000,0,499,0,0.08628347,0.02751206,0.32965568,0.34708905,0.03328878,1.35292220,0.55027658,0.02941255,0.97058745,-1.32845588
9600,0.07716431,0.07716431,0,0.00000000,0.00000000,0.00000000,0.00000000,nan,0.00000000,0,399,0,0.08970958,0.00756560,0.05531879,0.05791130,0.01124613,1.36947894,0.14840706,-0.00722484,1.00722484,-5.34580517
9700,1.56836331,1.56836331,0,0.00000000,0.00000000,0.00000000,0.00000000,nan,0.00000000,0,299,0,0.06071367,0.01295569,0.48297659,0.51121229,0.00296908,0.90680546,0.27271217,0.03467269,0.96532731,9.69419301
9800,0.07490437,0.07490437,0,0.00000000,0.00000000,0.00000000,0.00000000,nan,0.00000000,0,199,0,0.06734651,0.01837099,0.04786687,0.05060159,0.00137657,1.08205247,0.36677897,-0.05176415,1.05176415,-6.48671049
9900,1.83703780,1.83703780,0,0.00000000,0.00000000,0.00000000,0.00000000,nan,0.00000000,0,99,0,0.08399674,0.01545940,2.91624427,3.08716035,0.01067072,1.31591499,0.36005834,0.04999430,0.95000570,14.87580318
10000,0.40615287,0.40615287,0,0.00000000,0.00000000,0.00000000,0.00000000,nan,0.00000000,0,0,0,0.13490318,0.01507194,0.37356943,0.39550793,0.00061480,2.07183528,0.27905437,0.02181367,0.97818633,1.34823406
10100,0.18883584,0.18883584,2,0.48000000,4.16666658,1.00000000,0.18883584,nan,0.00000000,0,0,0,0.14966656,0.01514057,0.30404201,0.32185960,0.00114280,1.79876029,0.18607357,0.03529564,0.96470436,-0.82053828
10200,0.50888491,0.50888491,2,1.34000000,1.49253730,0.62105795,0.07570910,nan,0.00000000,0,0,0,0.10123433,0.01987338,1.29082549,1.36652887,0.00386862,1.33556235,0.53713500,0.07790163,0.92209837,2.37929916
10300,0.41394973,0.41394973,4,2.16333333,1.84899845,0.94404422,0.32878875,nan,0.00000000,0,0,0,0.10280477,0.02362490,0.64450300,0.67945695,0.05028595,1.68194914,0.80544329,0.02439521,0.97560479,-2.67425346
10400,0.31707028,0.31707028,8,3.33000000,2.40240240,0.99961679,0.31658454,nan,0.00000000,0,0,0,0.07397921,0.00742518,0.23426189,0.24709219,0.01614692,1.12788880,0.24402472,0.02910107,0.97089893,-4.43772928
10500,0.13904679,0.13904679,8,4.27000000,1.87353630,0.95274811,0.11457064,nan,0.00000000,0,0,0,0.07278016,0.00985868,0.08470368,0.08965947,0.00045534,1.18757427,0.34959948,0.03286280,0.96713720,-6.68785000
10600,0.14930899,0.14930899,2,5.27166667,0.37938666,0.00000000,0.00000000,nan,0.00000000,0,0,0,0.08406370,0.01314549,0.11065868,0.11716328,0.00008058,1.27970397,0.29162729,0.00908471,0.99091529,-4.42586303
10700,0.68047893,0.68047893,16,6.24285714,2.56292906,0.99994292,0.68032357,nan,0.00000000,0,0,0,0.05556654,0.01101023,0.37920877,0.39673114,0.08132888,0.90703458,0.34109461,0.00442222,0.99557778,-3.80636422
10800,0.52064180,0.52064180,0,6.52125000,0.00000000,0.00000000,0.00000000,nan,0.00000000,0,0,0,0.10336937,0.03497094,0.49455282,0.52341223,0.00394334,1.87086725,1.00866091,0.06288026,0.93711974,6.01847474
10900,0.21881633,0.21881633,14,6.77333333,2.06692913,0.98946815,0.20974277,nan,0.00000000,0,0,0,0.09967457,0.01193305,0.31129211,0.32954639,0.00096926,1.42001450,0.21121280,-0.02018291,1.02018291,-2.71311291
11000,0.36396334,0.36396334,14,7.53000000,1.85922975,0.94782245,0.29374170,nan,0.00000000,0,0,0,0.14752190,0.01153294,0.11163013,0.11741804,0.01323566,2.35942030,0.24948052,0.02095142,0.97904858,2.16048041
11100,0.14132221,0.14132221,15,7.73363636,1.93957917,0.97073128,0.12548925,nan,0.00000000,0,0,0,0.18866110,0.01301956,0.19387285,0.20102495,0.07228687,2.47103930,0.22983414,0.04901297,0.95098703,1.46784389
11200,0.16250366,0.16250366,15,8.22166667,1.82444760,0.93404980,0.12369247,nan,0.00000000,0,0,0,0.09757136,0.01060625,0.05733471,0.05828480,0.04118316,1.20387506,0.34713724,0.00911558,0.99088442,-5.28151703
11300,0.39273936,0.39273936,38,8.70384615,4.36588599,1.00000000,0.39273936,nan,0.00000000,0,0,0,0.14233769,0.00959331,1.79588974,1.90087020,0.01122318,1.87314141,0.15847903,0.06773614,0.93226386,1.26661158
11400,0.46976048,0.46976048,12,9.35428571,1.28283445,0.27383739,0.00264148,nan,0.00000000,0,0,0,0.10005774,0.00954960,0.29012060,0.30713657,0.00084928,1.38865137,0.26928636,0.06261176,0.93738824,-0.45405388
11500,0.51039654,0.51039654,10,9.99466667,1.00053362,0.00000114,0.00000000,nan,0.00000000,0,0,0,0.09982547,0.01795864,0.42557022,0.45046616,0.00233983,1.66437590,0.54540133,0.03673000,0.96327000,1.07946452
11600,0.23738606,0.23738606,24,10.69250000,2.24456394,0.99796194,0.23545674,nan,0.00000000,0,0,0,0.07703509,0.00838522,0.20105761,0.21248582,0.00677820,1.19921029,0.23722376,0.07084535,0.92915465,-4.43391913
11700,0.05048207,0.05048207,47,11.53411765,4.07486740,1.00000000,0.05048207,nan,0.00000000,0,0,0,0.11557394,0.01172057,0.09002943,0.09525706,0.00115963,1.94787085,0.14158212,0.04860644,0.95139356,-3.62668824
11800,0.69856870,0.69856870,13,12.35222222,1.05244220,0.01094045,0.00000001,nan,0.00000000,0,0,0,0.05521583,0.01872681,0.17180048,0.17886156,0.05176209,1.00560570,0.52576625,-0.03379119,1.03379119,-0.44453005
11900,0.29646841,0.29646841,51,13.33368421,3.82489934,1.00000000,0.29646841,nan,0.00000000,0,0,0,0.06661205,0.00792078,0.29716408,0.31128642,0.05708399,1.09925032,0.10841991,0.04855045,0.95144955,-5.19683361
12000,1.73956299,1.73956299,36,14.07550000,2.55763561,0.99993902,1.73913869,nan,0.00000000,0,0,0,0.09958138,0.01333362,1.20317602,1.26054072,0.22798026,1.73011208,0.35474852,-0.00960446,1.00960446,12.27122235
12100,0.20621954,0.20621954,2,14.26523810,0.14020095,0.00000000,0.00000000,nan,0.00000000,0,0,0,0.11731488,0.01707745,0.44950569,0.47575638,0.00324455,1.51689386,0.37057340,0.07712708,0.92287292,-3.44824576
12200,0.44273835,0.44273835,43,15.01454545,2.86388956,0.99999908,0.44273672,nan,0.00000000,0,0,0,0.08372012,0.01244992,0.09642828,0.10210010,0.00000724,1.01345885,0.18670599,0.01468523,0.98531477,-2.60279059
12300,0.14266945,0.14266945,30,15.76391304,1.90308078,0.96169671,0.12203475,nan,0.00000000,0,0,0,0.05032777,0.00816722,0.05769702,0.06104175,0.00083674,0.57116091,0.10319676,0.06612385,0.93387615,-9.88577557
12400,0.18649937,0.18649937,48,16.38458333,2.92958319,0.99999966,0.18649912,nan,0.00000000,0,0,0,0.06468343,0.01228396,0.08913854,0.09435980,0.00037701,0.92927635,0.23162276,-0.02539488,1.02539488,-6.69776833
12500,0.14805800,0.14805800,51,16.96360000,3.00643731,0.99999990,0.14805794,nan,0.00000000,0,0,0,0.05469988,0.01176768,0.25507340,0.27007285,0.00008278,0.81245410,0.22270687,-0.03790099,1.03790099,-8.70811081
12600,0.63662267,0.63662267,14,17.51884615,0.79913939,0.00000000,0.00000000,nan,0.00000000,0,0,0,0.07194715,0.01355024,0.14591020,0.15373403,0.01290532,1.11560917,0.26142195,-0.00554814,1.00554814,0.55523944
12700,0.37716398,0.37716398,35,18.04666667,1.93941633,0.97069544,0.33485914,nan,0.00000000,0,0,0,0.08796509,0.00993291,0.12123011,0.12274586,0.09546241,1.54400301,0.28085780,0.02689031,0.97310969,-2.17728166
12800,1.48610985,1.48610985,3,18.27714286,0.16413944,0.00000000,0.00000000,nan,0.00000000,0,0,0,0.07438428,0.01907767,3.14548635,3.33041191,0.00174824,1.19481373,0.38701373,0.03979754,0.96020246,9.78346558
12900,0.73863435,0.73863435,6,18.48827586,0.32452999,0.00000000,0.00000000,nan,0.00000000,0,0,0,0.08379602,0.02137534,0.13471681,0.14029747,0.03984522,1.40635228,0.59336531,0.01629428,0.98370572,1.93531489
13000,0.47873724,0.47873724,20,18.36733333,1.08888969,0.03111128,0.00000045,nan,0.00000000,0,0,0,0.25008351,0.01278399,1.34613836,1.42107987,0.07213145,3.75803590,0.31181934,-0.06115589,1.06115589,7.34047921
13100,0.11971623,0.11971623,40,18.33000000,2.18221495,0.99626695,0.11793859,nan,0.00000000,0,0,0,0.19130875,0.00974399,0.35114282,0.37168139,0.00198726,2.77080870,0.17056148,0.00438923,0.99561077,1.32118274
13200,0.41996813,0.41996813,16,18.41312500,0.86894538,0.00000000,0.00000000,nan,0.00000000,0,0,0,0.10876596,0.01827343,0.21223004,0.22414351,0.00970120,1.42454588,0.37197065,-0.00020024,1.00020024,0.07053717
13300,0.85094208,0.85094208,26,18.78727273,1.38391561,0.44543141,0.03349834,nan,0.00000000,0,0,0,0.08848192,0.02212140,0.75698012,0.79941100,0.03565462,1.31281722,0.67230123,-0.04569931,1.04569931,8.05797881
13400,0.23809952,0.23809952,3,18.87264706,0.15896021,0.00000000,0.00000000,nan,0.00000000,0,0,0,0.14583151,0.01419791,0.20925432,0.21968076,0.03200487,2.20828032,0.53245592,0.04057265,0.95942735,-0.42366789
13500,0.43911001,0.43911001,10,19.05285714,0.52485566,0.00000000,0.00000000,nan,0.00000000,0,0,0,0.07122415,0.01483004,0.26885059,0.28462613,0.00066678,0.77382886,0.29419285,-0.01906628,1.01906628,-5.74028126
13600,0.07289597,0.07289597,23,19.48861111,1.18017646,0.12177655,0.00001603,nan,0.00000000,0,0,0,0.13571672,0.00844931,0.06122924,0.06471775,0.00192447,1.85094857,0.16448815,0.06895969,0.93104031,-2.13306212
13700,1.18816173,1.18816173,5,19.60027027,0.25509852,0.00000000,0.00000000,nan,0.00000000,0,0,0,0.10933521,0.02601522,1.53046262,1.61369205,0.11556213,1.39446843,0.40117353,0.00679276,0.99320724,8.27099490
13800,0.12567848,0.12567848,49,20.09026316,2.43899244,0.99974717,0.12555143,nan,0.00000000,0,0,0,0.11031462,0.01181324,0.09806074,0.10381201,0.00028915,1.71913397,0.36102438,0.04271908,0.95728092,-3.49625635
13900,0.23947082,0.23947082,4,20.61076923,0.19407330,0.00000000,0.00000000,nan,0.00000000,0,0,0,0.12352961,0.02250936,0.15528256,0.16071680,0.06290047,1.71010840,0.58539677,-0.09657513,1.09657513,-0.76089318
14000,0.27481389,0.27481389,75,21.14075000,3.54765086,1.00000000,0.27481389,nan,0.00000000,0,0,0,0.25347835,0.01313545,0.75522685,0.79915601,0.00843150,3.39030123,0.30566782,-0.01066134,1.01066134,5.98655812
14100,0.84060907,0.84060907,23,21.72048780,1.05890808,0.01378475,0.00000003,nan,0.00000000,0,0,0,0.16808216,0.01781605,0.97663510,1.03317928,0.01538414,1.84127128,0.38356903,0.07122411,0.92877589,6.36281443
14200,0.07829485,0.07829485,83,22.02571429,3.76832274,1.00000000,0.07829485,nan,0.00000000,0,0,0,0.17086777,0.00734665,0.20524126,0.21699497,0.00542800,1.88873839,0.13991886,0.04713039,0.95286961,-0.82150620
14300,0.26350987,0.26350987,16,22.65511628,0.70624224,0.00000000,0.00000000,nan,0.00000000,0,0,0,0.08738361,0.01724044,0.11386030,0.12047237,0.00145507,0.96673626,0.43518656,0.01564662,0.98435338,-6.10088142
14400,0.13228254,0.13228254,36,23.49318182,1.53235948,0.67813610,0.02797499,nan,0.00000000,0,0,0,0.11426023,0.00833498,0.42806199,0.45247144,0.01310180,1.46170926,0.13621575,0.02927596,0.97072404,-3.40258905
14500,1.32240093,1.32240093,20,24.21933333,0.82578656,0.00000000,0.00000000,nan,0.00000000,0,0,0,0.03888256,0.00987301,0.06060011,0.06167181,0.04238115,0.43575317,0.23325028,-0.04756426,1.04756426,9.34958315
14600,0.05234054,0.05234054,85,24.74173913,3.43549011,1.00000000,0.05234054,nan,0.00000000,0,0,0,0.12544599,0.00794751,0.12017965,0.12719856,0.00085844,1.95881319,0.17731231,-0.01382206,1.01382206,-2.93764050
14700,0.70885849,0.70885849,51,25.53659574,1.99713386,0.98126016,0.65719798,nan,0.00000000,0,0,0,0.08384047,0.00917874,0.06375890,0.06504607,0.04187695,1.10122669,0.17700988,-0.00273951,1.00273951,-1.09869516
14800,0.07299758,0.07299758,97,26.34812500,3.68147638,1.00000000,0.07299758,nan,0.00000000,0,0,0,0.10044900,0.02399601,0.05547546,0.05860328,0.00230250,1.65793180,0.67722738,0.02464347,0.97535653,-3.58353190
14900,0.26622698,0.26622698,69,27.22612245,2.53433077,0.99991864,0.26614035,nan,0.00000000,0,0,0,0.05255365,0.00869659,0.05609413,0.05683298,0.04353378,0.79667473,0.23917776,-0.03419238,1.03419238,-7.89145918
15000,0.36860386,0.36860386,73,28.02060000,2.60522615,0.99996660,0.36855461,nan,0.00000000,0,0,0,0.17972936,0.01010646,0.34059837,0.35219708,0.14341989,3.13770485,0.24006063,0.06990226,0.93009774,4.63636414
15100,0.33473575,0.33473575,53,28.44941176,1.86295592,0.94914474,0.27166386,nan,0.00233752,0,0,0,0.09360159,0.01381212,0.20970279,0.22188868,0.00254253,1.34361243,0.35644957,0.04752666,0.95247334,-4.20716405
15200,0.38184094,0.38184094,37,29.02153846,1.27491518,0.26089363,0.00176903,nan,0.00000000,0,0,0,0.09751404,0.01092283,0.27182713,0.28401411,0.06464858,1.39651978,0.22488277,0.02000406,0.97999594,-2.18088418
15300,0.13567513,0.13567513,47,29.24377358,1.60717972,0.77114551,0.04797838,nan,0.06489886,0,0,0,0.10481247,0.01365940,0.13161352,0.13638325,0.05052806,1.38915038,0.23811916,0.09537685,0.90462315,-3.96763396
15400,0.66399503,0.66399503,2,29.58240741,0.06760775,0.00000000,0.00000000,nan,0.00853321,0,0,0,0.07829401,0.02024355,0.25154054,0.26628953,0.00080770,0.82699317,0.29021966,0.02893976,0.97106024,-1.34691048
15500,0.25295088,0.25295088,40,29.99672727,1.33347880,0.35906834,0.00420479,nan,0.00000000,0,0,0,0.05151125,0.01473505,0.19830446,0.20933670,0.01075636,0.76113391,0.37066793,-0.03040447,1.03040447,-4.93955784
15600,0.19263165,0.19263165,14,30.32410714,0.46167889,0.00000000,0.00000000,nan,0.00000000,0,0,0,0.11624307,0.01289743,0.07393698,0.07706307,0.02079345,1.72250605,0.33105263,0.02200809,0.97799191,-1.93283042
15700,0.28820828,0.28820828,115,30.68017544,3.74834884,1.00000000,0.28820828,nan,0.00000000,0,0,0,0.10966274,0.00937472,0.24552764,0.25994518,0.00042908,1.76658082,0.28917366,0.08881793,0.91118207,-1.61987712
15800,0.13501376,0.13501376,80,30.92689655,2.58674516,0.99995771,0.13499092,nan,0.00000000,0,0,0,0.08746941,0.00966278,0.11157468,0.11809017,0.00081135,1.26856899,0.28255036,0.04498831,0.95501169,-6.33123509
15900,0.09125388,0.09125388,66,31.11254237,2.12133098,0.99345813,0.08888932,nan,0.00000000,0,0,0,0.14454132,0.01064275,0.30518174,0.32224002,0.01519062,2.28148198,0.23188585,-0.02845510,1.02845510,-1.59761930
16000,0.12262850,0.12262850,73,31.25450000,2.33566366,0.99920406,0.12223855,nan,0.02669449,0,0,0,0.20390032,0.01492260,0.43531382,0.46077561,0.00246308,3.11705399,0.39723933,-0.00447053,1.00447053,1.74078736
16100,0.42750525,0.42750525,91,31.47229508,2.89143196,0.99999939,0.42750421,nan,0.09258176,0,0,0,0.13396181,0.02485124,0.70545971,0.74642116,0.00911560,1.47609305,0.43485436,0.04793984,0.95206016,1.55789533
16200,0.29891273,0.29891273,17,31.82435484,0.53418208,0.00000000,0.00000000,nan,0.00717357,0,0,0,0.15427226,0.01569745,0.66454256,0.70260960,0.01740244,1.62581968,0.22636850,0.08244536,0.91755464,0.96807460
16300,0.48146847,0.48146847,48,32.10571429,1.49506096,0.62481701,0.07338026,nan,0.00000000,0,0,0,0.11101706,0.01697926,1.88936341,2.00024915,0.00430775,1.67181265,0.49656031,0.03273402,0.96726598,2.10169967
16400,0.17269585,0.17269585,43,32.52250000,1.32216158,0.33976030,0.00230130,nan,0.00000000,0,0,0,0.11860427,0.01465441,0.11729530,0.12363958,0.00944236,1.32449317,0.18843770,0.00653371,0.99346629,-1.78972840
16500,0.88194108,0.88194108,24,32.68507692,0.73428005,0.00000000,0.00000000,nan,0.01657320,0,0,0,0.16358846,0.02173593,1.64166653,1.73821545,0.00033253,2.27877164,0.66662282,0.10802080,0.89197920,10.85295081
16600,0.33609018,0.33609018,62,32.86318182,1.88660977,0.95690324,0.28179153,nan,0.00000000,0,0,0,0.10858418,0.01048383,1.19047022,1.26017225,0.00553745,1.51309180,0.26768357,0.06200791,0.93799209,-2.62218416
16700,0.82397199,0.82397199,20,33.16149254,0.60310916,0.00000000,0.00000000,nan,0.00000000,0,0,0,0.08199579,0.01018912,1.48010886,1.56584036,0.02267336,1.27163768,0.30119568,-0.03762720,1.03762720,1.26857531
16800,0.17723562,0.17723562,66,33.37029412,1.97780696,0.97816903,0.16225820,nan,0.00000000,0,0,0,0.11367112,0.01547240,0.14292237,0.15132940,0.00000301,1.66683948,0.23693858,-0.01229042,1.01229042,-2.31419311
16900,0.56273878,0.56273878,62,33.58043478,1.84631320,0.94301596,0.44502358,nan,0.00000000,0,0,0,0.08259206,0.01098933,0.89896417,0.95139265,0.00767915,1.23971558,0.24102715,-0.06476185,1.06476185,-0.10975569
17000,0.46026325,0.46026325,66,33.81242857,1.95194497,0.97334549,0.41311826,nan,0.00000000,0,0,0,0.22979133,0.01352085,0.27632794,0.29084626,0.02951704,3.76906753,0.18418485,-0.12930911,1.12930911,7.82776117
17100,0.48595127,0.48595127,8,33.83774648,0.23642236,0.00000000,0.00000000,nan,0.11490791,0,0,0,0.16490145,0.01892435,0.73945588,0.77315837,0.16651292,2.04700756,0.51178294,0.10137577,0.89862423,2.30252528
17200,0.19288714,0.19288714,52,33.99805556,1.52949924,0.67420201,0.03985322,nan,0.09344998,0,0,0,0.11896471,0.01413843,0.43242037,0.45782128,0.00060487,1.45342505,0.23995730,-0.15567007,1.15567007,-2.25193843
17300,1.69818068,1.69818068,1,33.76630137,0.02961533,0.00000000,0.00000000,nan,0.11374533,0,0,0,0.32166502,0.04044470,4.45008326,4.70746374,0.07460928,2.54520583,0.63043052,0.13751037,0.86248963,21.26110744
17400,0.92792344,0.92792344,0,33.56783784,0.00000000,0.00000000,0.00000000,nan,0.13930453,0,0,0,0.42727435,0.03462588,1.59784341,1.68973815,0.03563242,2.62431622,0.51861924,-0.04275806,1.04275806,12.47298741
17500,0.36429119,0.36429119,31,33.29906667,0.93095702,0.00000000,0.00000000,nan,0.13665742,0,0,0,0.45536697,0.02461401,0.36217076,0.38301912,0.00774867,3.90116882,0.42162248,-0.08247238,1.08247238,9.49884256
17600,0.12099143,0.12099143,20,33.07565789,0.60467429,0.00000000,0.00000000,nan,0.13498412,0,0,0,0.31960583,0.01949516,0.08543412,0.09032466,0.00229486,2.13755798,0.50530362,0.08214214,0.91785786,2.75699649
17700,0.37095785,0.37095785,33,32.88064935,1.00362981,0.00005270,0.00000000,nan,0.14231611,0,0,0,0.29195055,0.01860876,0.53714049,0.55948657,0.15725748,1.98480654,0.36790815,0.09709835,0.90290165,4.56935778
17800,0.50776434,0.50776434,130,32.77500000,3.96643783,1.00000000,0.50776434,nan,0.14381051,0,0,0,0.29544273,0.01153191,0.33241925,0.31735376,0.58853263,2.29712677,0.30792773,0.02840190,0.97159810,6.34909868
17900,0.72111529,0.72111529,96,32.79696203,2.92710038,0.99999965,0.72111427,nan,0.14868989,0,0,0,0.34804642,0.02726324,0.92185444,0.93480515,0.70169216,1.85090554,0.39062813,-0.08322885,1.08322885,8.02639484
18000,0.24961117,0.24961117,83,32.73450000,2.53555118,0.99991985,0.24953116,nan,0.20289129,0,0,0,0.48757887,0.01625704,0.99904293,1.04203212,0.26822650,4.80073977,0.45129830,-0.00792848,1.00792848,9.52350569
18100,0.18842173,0.18842173,75,33.03345679,2.27042542,0.99842881,0.18724033,nan,0.14962107,0,0,0,0.25258109,0.01768002,0.53216237,0.56241924,0.01779609,1.79289329,0.37571871,0.00674115,0.99325885,1.83916068
18200,0.23789144,0.23789144,60,33.22426829,1.80590885,0.92557447,0.17459197,nan,0.10078594,0,0,0,0.22624309,0.01231352,0.69257814,0.73260289,0.01215697,1.94258940,0.25465640,0.04962175,0.95037825,1.91229224
18300,0.20970264,0.20970264,70,33.55469880,2.08614598,0.99107458,0.20231555,nan,0.01246413,0,0,0,0.18379758,0.01317816,0.88822132,0.93751472,0.05023418,2.09192634,0.36484876,0.06949001,0.93050999,0.82796991
18400,0.15406844,0.15406844,197,33.76214286,5.83493769,1.00000000,0.15406844,nan,0.00000000,0,0,0,0.18874179,0.01656619,0.58016497,0.61418056,0.00189981,2.90394211,0.54646707,0.12184353,0.87815647,2.09286314
18500,0.53256667,0.53256667,40,34.07788235,1.17378186,0.11378929,0.00008929,nan,0.00000000,0,0,0,0.10174101,0.01891425,0.88673425,0.93485230,0.06872665,1.54352856,0.56534880,0.03226556,0.96773444,0.43399449
18600,0.69927824,0.69927824,17,34.37430233,0.49455549,0.00000000,0.00000000,nan,0.00000000,0,0,0,0.10036182,0.01524674,0.43855110,0.46419469,0.00261029,1.21238852,0.46250936,-0.09743819,1.09743819,4.31597292
18700,0.23487012,0.23487012,67,34.58919540,1.93702106,0.97016383,0.20806934,nan,0.03751407,0,0,0,0.09597386,0.00816502,0.14927991,0.15755713,0.00856748,1.26140249,0.25833344,-0.02491891,1.02491891,-4.28944120
18800,0.30667937,0.30667937,14,34.89159091,0.40124281,0.00000000,0.00000000,nan,0.00567426,0,0,0,0.10591878,0.01558193,0.41227245,0.43652076,0.00005155,1.43526590,0.50858814,0.07485011,0.92514989,-1.26399889
18900,1.03998041,1.03998041,70,35.09651685,1.99449992,0.98086278,0.96262733,nan,0.00000000,0,0,0,0.09697214,0.01540211,1.46893299,1.55458379,0.01286786,1.24902105,0.26615605,-0.01163457,1.01163457,5.38370025
19000,0.10010041,0.10010041,111,35.39255556,3.13625276,0.99999999,0.10010041,nan,0.00000000,0,0,0,0.19375597,0.00844473,0.24853280,0.26193991,0.02061202,3.13553119,0.17977989,0.06764088,0.93235912,1.16514498
19100,0.12975714,0.12975714,25,35.55120879,0.70321097,0.00000000,0.00000000,nan,0.07359974,0,0,0,0.13709812,0.01263037,0.07966571,0.08389764,0.00772311,1.87735832,0.50011802,-0.01681114,1.01681114,-3.39079893
19200,2.57388973,2.57388973,20,35.80489130,0.55858290,0.00000000,0.00000000,nan,0.02268895,0,0,0,0.08895181,0.02228021,0.59422928,0.62166125,0.12788588,1.23330450,0.61224324,-0.06643326,1.06643326,26.12808657
19300,3.04401684,3.04401684,0,35.86387097,0.00000000,0.00000000,0.00000000,nan,0.12978851,0,0,0,0.24338119,0.05441034,3.62578750,3.74981260,1.51736319,1.40705538,0.58999896,-0.05149813,1.05149813,40.86806393
19400,0.42530021,0.42530021,123,35.83531915,3.43236792,1.00000000,0.42530021,nan,0.16091457,0,0,0,0.33354604,0.02672199,0.47386011,0.49127612,0.17778777,2.86285305,0.57213676,-0.04727916,1.04727916,7.72506730
19500,0.80937397,0.80937397,18,35.84315789,0.50218789,0.00000000,0.00000000,nan,0.20893034,0,0,0,0.28312019,0.02042733,0.88069791,0.90816230,0.41380268,2.00531960,0.55013895,-0.00818408,1.00818408,8.00550508
19600,0.55390149,0.55390149,72,35.84260417,2.00878261,0.98293233,0.51704343,nan,0.25498397,0,0,0,0.55100471,0.02460130,1.11310911,1.17724788,0.02274839,3.81035280,0.53271985,0.00769027,0.99230973,11.73884439
19700,0.67919189,0.67919189,13,35.86030928,0.36251779,0.00000000,0.00000000,nan,0.23883959,0,0,0,0.42908096,0.02133846,0.94926643,1.00070894,0.07474362,2.46193314,0.39751592,-0.02942657,1.02942657,7.47141361
19800,0.16398525,0.16398525,7,35.92326531,0.19485979,0.00000000,0.00000000,nan,0.22678907,0,0,0,0.36715874,0.02370863,0.24717362,0.25791800,0.06451906,1.49375236,0.48193964,-0.03674383,1.03674383,1.56305432
19900,1.38138580,1.38138580,19,35.96616162,0.52827433,0.00000000,0.00000000,nan,0.24178116,0,0,0,0.32641226,0.02453960,1.03510082,1.06913471,0.45652628,1.61494529,0.69656318,-0.16520639,1.16520639,14.52612559
20000,0.66938001,0.66938001,81,36.02230000,2.24860711,0.99804248,0.66415409,nan,0.22642968,0,0,0,0.42444125,0.01228308,0.65104550,0.62569636,1.08198082,3.74296141,0.22802435,-0.03635530,1.03635530,11.42797852
20100,0.18869540,0.18869540,132,36.38732673,3.62763665,1.00000000,0.18869540,nan,0.18538194,0,0,0,0.23238079,0.00754038,0.28794357,0.30384496,0.01761979,1.91046143,0.15779550,0.06156761,0.93843239,1.46810329
20200,0.11987095,0.11987095,47,36.78490196,1.27769812,0.26542632,0.00059496,nan,0.10281444,0,0,0,0.14147814,0.00835226,0.16528863,0.17429924,0.01210831,1.26307058,0.16875932,0.03788000,0.96212000,-3.70779514
20300,0.49976709,0.49976709,15,37.09485437,0.40436875,0.00000000,0.00000000,nan,0.06469586,0,0,0,0.15450317,0.00924755,0.85785669,0.90747130,0.01440796,1.65723634,0.19046974,0.12261828,0.87738172,1.60491538
20400,0.70194715,0.70194715,12,37.35057692,0.32128018,0.00000000,0.00000000,nan,0.05032795,0,0,0,0.11050609,0.01953030,0.65220666,0.68866628,0.03239300,1.46041131,0.68057579,-0.07620203,1.07620203,5.97229838
20500,0.22854097,0.22854097,31,37.62876190,0.82383789,0.00000000,0.00000000,nan,0.02645613,0,0,0,0.07707692,0.01121367,0.11138299,0.11792693,0.00013585,0.69486165,0.22828658,-0.02171030,1.02171030,-5.75164896
20600,0.23892683,0.23892683,68,37.81867925,1.79805327,0.92172728,0.17245456,nan,0.00000000,0,0,0,0.07851150,0.01040443,0.16895181,0.17875250,0.00234037,0.91566712,0.26371023,0.12073420,0.87926580,-6.26037741
20700,0.98725003,0.98725003,41,38.01850467,1.07842221,0.02430006,0.00000034,nan,0.00000000,0,0,0,0.16442472,0.03132622,0.36501259,0.38490182,0.02689511,1.52896667,0.61545086,-0.03408157,1.03408157,11.84183717
20800,1.42239189,1.42239189,53,38.00750000,1.39446162,0.46334501,0.06555974,nan,0.06338235,0,0,0,0.40500772,0.04430606,2.17246151,2.29103494,0.15671025,2.76595950,1.13163614,-0.08628660,1.08628660,17.42211914
20900,0.22758839,0.22758839,38,38.00091743,0.99997586,0.00000000,0.00000000,nan,0.06679701,0,0,0,0.43207109,0.02995942,0.61583835,0.64233500,0.16539492,3.59747744,0.61027288,-0.09612137,1.09612137,6.73259807
21000,0.83990055,0.83990055,73,38.02445455,1.91981715,0.96609709,0.73166277,nan,0.07445588,0,0,0,0.43229830,0.01482478,0.70076764,0.70303357,0.66224647,4.24289608,0.38169801,0.00795593,0.99204407,13.66573715
21100,0.55523491,0.55523491,20,38.22360360,0.52323690,0.00000000,0.00000000,nan,0.02216508,0,0,0,0.21798062,0.01821536,2.84703422,3.01226902,0.03804288,2.06554723,0.35287592,0.04793707,0.95206293,5.68570310
21200,0.39983571,0.39983571,21,38.41169643,0.54670848,0.00000000,0.00000000,nan,0.00000000,0,0,0,0.17249912,0.01832621,1.18480682,1.25152302,0.05063327,1.41128206,0.26722065,-0.08798440,1.08798440,1.63595550
21300,0.31390551,0.31390551,23,38.44681416,0.59822902,0.00000000,0.00000000,nan,0.00000000,0,0,0,0.17971812,0.01395597,0.24527748,0.25914574,0.00951710,1.55916488,0.47106633,0.01218225,0.98781775,-0.66159865
21400,1.23059797,1.23059797,54,38.56570175,1.40020789,0.47305834,0.06162756,nan,0.00000000,0,0,0,0.12413485,0.01860202,0.47548988,0.47815838,0.43012539,1.30346441,0.34092936,-0.04000298,1.04000298,5.94376628
21500,0.47358629,0.47358629,89,38.90860870,2.28741153,0.99867946,0.47108968,nan,0.00000000,0,0,0,0.10530539,0.02190185,0.34732607,0.36527678,0.04216392,1.14133310,0.60171348,-0.02924680,1.02924680,1.04770438
21600,0.25477937,0.25477937,37,39.09258621,0.94647102,0.00000000,0.00000000,nan,0.00000000,0,0,0,0.13454181,0.01183274,0.65306908,0.69006747,0.02409720,1.62065363,0.20716301,-0.00508796,1.00508796,-1.36798537
21700,0.57459641,0.57459641,18,39.35692308,0.45735283,0.00000000,0.00000000,nan,0.00000000,0,0,0,0.09110492,0.01811632,0.26706636,0.28025499,0.04285953,0.99619061,0.44053954,-0.07192484,1.07192484,5.02762604
21800,0.10463870,0.10463870,79,39.67338983,1.99125914,0.98036377,0.09665879,nan,0.00000000,0,0,0,0.07769647,0.01292001,0.08197866,0.08660502,0.00333046,0.85009027,0.23021562,0.01113225,0.98886775,-4.95774817
21900,0.16095310,0.16095310,86,39.95033613,2.15267275,0.99508084,0.15780938,nan,0.00000000,0,0,0,0.11040049,0.01493784,0.13484477,0.14228800,0.00830997,1.60797739,0.43056297,-0.02855087,1.02855087,-3.04871945
22000,0.22111681,0.22111681,151,40.14658333,3.76121671,1.00000000,0.22111681,nan,0.00000000,0,0,0,0.17491359,0.00471304,0.43558863,0.46072984,0.00818823,2.81114483,0.17165706,0.07800953,0.92199047,1.73725761
22100,0.06947175,0.06947175,183,40.43033058,4.52630481,1.00000000,0.06947175,nan,0.00000000,0,0,0,0.11394867,0.01062211,0.09443525,0.09945188,0.00915267,1.44289732,0.20532118,-0.09201901,1.09201901,-3.69520873
22200,0.36861360,0.36861360,169,40.83770492,4.13833246,1.00000000,0.36861360,nan,0.00000000,0,0,0,0.08033006,0.00752876,0.07331380,0.07538489,0.03810526,0.93729550,0.20446439,0.03597862,0.96402138,-4.92706251
22300,0.31449607,0.31449607,53,41.04829268,1.29116210,0.28758985,0.00215134,nan,0.00000000,0,0,0,0.13244258,0.01147630,0.40243250,0.42596450,0.00238857,1.84766912,0.32745793,0.01556822,0.98443178,-0.08885887
22400,0.22588593,0.22588593,42,41.30040323,1.01693922,0.00114709,0.00000000,nan,0.00000000,0,0,0,0.10675953,0.01668153,0.27751061,0.29134881,0.04226106,1.40592909,0.39244705,0.03924706,0.96075294,-2.56184345
22500,0.54191840,0.54191840,78,41.31712000,1.88783729,0.95727710,0.45507668,nan,0.12579907,0,0,0,0.25529352,0.02291490,0.56673682,0.58698446,0.22252735,2.20958710,0.54483235,0.02443030,0.97556970,5.29780499
22600,0.32429093,0.32429093,2,41.39357143,0.04831668,0.00000000,0.00000000,nan,0.17778179,0,0,0,0.44689718,0.02856235,0.40685222,0.42662999,0.07063051,2.28989697,0.49994346,0.09326825,0.90673175,5.77633286
22700,0.13707422,0.13707422,78,41.49433071,1.87977487,0.95477093,0.11390755,nan,0.15678032,0,0,0,0.36495468,0.01648412,0.11831424,0.12523167,0.00071780,2.09983301,0.38122284,-0.01033481,1.01033481,1.84388822
22800,0.39954001,0.39954001,59,41.64609375,1.41669950,0.50070285,0.02511196,nan,0.17322281,0,0,0,0.24796224,0.02569350,0.11824232,0.12419148,0.01710653,1.53082025,0.38817108,0.06840036,0.93159964,1.70462847
22900,0.61747581,0.61747581,35,41.77596899,0.83780223,0.00000000,0.00000000,nan,0.17063234,0,0,0,0.28219220,0.02294217,0.45463213,0.48019385,0.02008259,1.57325196,0.59950078,-0.01235284,1.01235284,2.99968839
23000,0.84555560,0.84555560,65,41.89715385,1.55141803,0.70365987,0.20729713,nan,0.16607437,0,0,0,0.30298969,0.01433751,0.67539585,0.66446996,0.86113596,2.75956702,0.27812016,-0.00858911,1.00858911,9.76431052
23100,0.18838255,0.18838255,185,42.21305344,4.38253064,1.00000000,0.18838255,nan,0.12342838,0,0,0,0.15411484,0.00553551,0.19783017,0.20922142,0.00417874,1.15544343,0.11331187,0.01515283,0.98484717,-3.03934711
23200,0.77239758,0.77239758,94,42.45022727,2.21435799,0.99725689,0.76395729,nan,0.07636458,0,0,0,0.14450498,0.01324474,0.62550819,0.65861791,0.06264275,1.22131324,0.33628646,0.08280340,0.91719660,4.39502954
23300,0.23699413,0.23699413,95,42.69691729,2.22498499,0.99752707,0.23465854,nan,0.08769252,0,0,0,0.13190982,0.02020315,0.24505991,0.25859880,0.01489888,1.08412838,0.38018063,0.08197288,0.91802712,-1.39948261
23400,0.13944983,0.13944983,26,42.86880597,0.60650161,0.00000000,0.00000000,nan,0.04241399,0,0,0,0.11214478,0.01204454,0.28690463,0.30374599,0.00060102,1.38594413,0.33250502,-0.06112496,1.06112496,-3.60976122
23500,0.63312203,0.63312203,24,43.13340741,0.55641326,0.00000000,0.00000000,nan,0.00000000,0,0,0,0.10870878,0.01769911,1.69995070,1.79993415,0.00023009,1.44413316,0.43660292,-0.06006468,1.06006468,2.86245167
23600,0.20588784,0.20588784,88,43.32073529,2.03135980,0.98580424,0.19444350,nan,0.01636592,0,0,0,0.11150886,0.01954957,0.20430790,0.21629508,0.00052597,1.64472365,0.54774690,0.07920750,0.92079250,-0.77021165
23700,0.34562311,0.34562311,25,43.48021898,0.57497411,0.00000000,0.00000000,nan,0.00326704,0,0,0,0.11966077,0.02936221,0.13726729,0.13471682,0.18062504,1.37257338,0.46287781,0.02168305,0.97831695,1.39088817
23800,0.07205310,0.07205310,161,43.56275362,3.69581779,1.00000000,0.07205310,nan,0.04210296,0,0,0,0.38899076,0.01470411,0.31349540,0.33174911,0.00318250,3.34121704,0.10753806,0.05784538,0.94215462,4.94919813
23900,0.26614863,0.26614863,25,43.76028777,0.57129423,0.00000000,0.00000000,nan,0.01848012,0,0,0,0.24945945,0.01676690,0.68831062,0.72775584,0.01774195,1.79064834,0.40685177,0.09651635,0.90348365,3.14313263
24000,0.22154902,0.22154902,159,43.90921429,3.62110784,1.00000000,0.22154902,nan,0.05472311,0,0,0,0.29091257,0.01459357,0.42484516,0.44130757,0.14498475,3.29759765,0.20293331,0.05896777,0.94103223,4.12765002
24100,0.96780139,0.96780139,205,44.02808511,4.65611892,1.00000000,0.96780139,nan,0.09685966,0,0,0,0.20125329,0.01369112,1.28762579,1.35788918,0.09314732,1.68670225,0.36865884,0.14950505,0.85049495,7.79401550
24200,1.72836626,1.72836626,23,44.18330986,0.52055856,0.00000000,0.00000000,nan,0.08304774,0,0,0,0.12234113,0.02254899,2.48974824,2.63028193,0.10067206,1.20188975,0.35419071,0.08077751,0.91922249,19.74666262
24300,0.23916367,0.23916367,13,44.33734266,0.29320657,0.00000000,0.00000000,nan,0.13571734,0,0,0,0.23013881,0.01712994,0.78067619,0.82624382,0.00602764,1.92826903,0.21876787,0.05365054,0.94634946,1.47778669
24400,0.16852555,0.16852555,133,44.53500000,2.98641518,0.99999986,0.16852545,nan,0.10640174,0,0,0,0.14032356,0.01210705,0.36755180,0.38524142,0.06682812,1.62339604,0.32999590,-0.00314094,1.00314094,-1.80959049
24500,0.93643242,0.93643242,131,44.74820690,2.92749160,0.99999965,0.93643110,nan,0.06898849,0,0,0,0.12472807,0.01389783,1.99538743,2.11147666,0.02186731,0.97667289,0.28011090,0.10069704,0.89930296,6.47455478
24600,0.32623482,0.32623482,99,45.05089041,2.19751483,0.99677289,0.32204397,nan,0.05833917,0,0,0,0.10337496,0.00796069,0.19866319,0.21026373,0.00145415,1.32700944,0.21371990,0.02851072,0.97148928,-2.69683909
24700,0.34843153,0.34843153,136,45.30993197,3.00154942,0.99999989,0.34843137,nan,0.00000000,0,0,0,0.08576649,0.01485103,0.40955946,0.43359357,0.00097925,1.12535834,0.37282375,-0.01448250,1.01448250,-3.28519815
24800,0.73821521,0.73821521,50,45.51668919,1.09849817,0.03806420,0.00000155,nan,0.02187840,0,0,0,0.11642296,0.02383962,0.64249492,0.67846709,0.03096727,1.37874269,0.46780252,0.07349581,0.92650419,4.48182050
24900,0.21928607,0.21928607,36,45.59026846,0.78964220,0.00000000,0.00000000,nan,0.08068440,0,0,0,0.14258227,0.01993405,0.29042217,0.30270010,0.08169743,1.59514749,0.41877800,0.09204751,0.90795249,-1.31337643
25000,0.67454618,0.67454618,259,45.83080000,5.65122145,1.00000000,0.67454618,nan,0.14454788,0,0,0,0.25059727,0.01196906,3.53114891,3.73853731,0.00554292,3.29085565,0.16521733,0.09941724,0.90058276,8.72191544
25100,0.46730196,0.46730196,41,46.05052980,0.89032635,0.00000000,0.00000000,nan,0.17364535,0,0,0,0.13984688,0.01462213,0.74137473,0.78358287,0.02383724,1.45933831,0.34119436,0.13828390,0.86171610,-0.24408897
25200,0.20922017,0.20922017,144,46.35085526,3.10673879,0.99999998,0.20922015,nan,0.10944577,0,0,0,0.09484529,0.01110128,0.21608631,0.22854070,0.00436184,0.95393413,0.29519871,-0.08546609,1.08546609,-7.71356964
25300,0.13457690,0.13457690,59,46.57633987,1.26673758,0.24768168,0.00050646,nan,0.15423554,0,0,0,0.12150492,0.01077964,0.07143389,0.07484925,0.01337292,1.23598742,0.27270401,-0.04615714,1.04615714,-4.14258504
25400,0.38788831,0.38788831,88,46.81474026,1.87974983,0.95476296,0.32232125,nan,0.20130241,0,0,0,0.15259811,0.01520033,1.12150967,1.18676782,0.01212120,1.69580817,0.32493305,-0.02671551,1.02671551,0.11554790
25500,0.58269340,0.58269340,135,47.06425806,2.86841874,0.99999914,0.58269139,nan,0.17567191,0,0,0,0.11306632,0.01642529,0.15994784,0.16422571,0.08722404,1.09015656,0.48036915,0.00430418,0.99569582,1.85626276
25600,0.10895411,0.10895411,121,47.36615385,2.55456671,0.99993664,0.10892650,nan,0.15322110,0,0,0,0.10130332,0.01546163,0.04641010,0.04876617,0.00635705,1.14596903,0.37255135,-0.03641166,1.03641166,-4.72137046
25700,0.46523756,0.46523756,166,47.69585987,3.48038594,1.00000000,0.46523756,nan,0.14887864,0,0,0,0.12748851,0.01847909,0.10948344,0.11294629,0.05061479,1.45436335,0.39120415,0.00277610,0.99722390,1.31731555
25800,0.63426685,0.63426685,160,48.01094937,3.33257313,1.00000000,0.63426685,nan,0.09534889,0,0,0,0.06981216,0.01701458,0.24382742,0.25542885,0.04660302,0.84191489,0.19080377,-0.01997434,1.01997434,-5.77424145
25900,0.33201370,0.33201370,175,48.42811321,3.61360351,1.00000000,0.33201370,nan,0.06945657,0,0,0,0.09687144,0.00836064,0.18993178,0.20066521,0.00746344,1.35691798,0.12597613,-0.02890071,1.02890071,-2.91243482
26000,1.01646066,1.01646066,168,48.72837500,3.44768320,1.00000000,1.01646066,nan,0.09369591,0,0,0,0.11640961,0.00980938,0.12016656,0.10603664,0.36037508,1.62241709,0.18641257,0.05455057,0.94544943,5.94094849
26100,0.14691928,0.14691928,106,49.04869565,2.16111761,0.99545068,0.14426394,nan,0.15406336,0,0,0,0.09101465,0.00783439,0.08416394,0.08681660,0.03906873,1.31159294,0.20274413,-0.02031066,1.02031066,-5.28374036
26200,0.43084648,0.43084648,36,49.34012346,0.72962931,0.00000000,0.00000000,nan,0.11586280,0,0,0,0.09260798,0.01810414,0.62100625,0.65689474,0.01090192,1.23765349,0.41131136,-0.00624283,1.00624283,-0.43563914
26300,0.45042956,0.45042956,170,49.58895706,3.42818260,1.00000000,0.45042956,nan,0.14404867,0,0,0,0.08077930,0.00919748,0.07960967,0.08337025,0.01567987,1.00860989,0.11634696,0.13106300,0.86893700,-3.38832468
26400,0.33167943,0.33167943,63,49.93115854,1.26173720,0.23968727,0.00109471,nan,0.13917795,0,0,0,0.10407484,0.01241666,0.60855126,0.64189059,0.04178229,1.47179055,0.17321748,-0.11239479,1.11239479,-1.32941759
26500,0.33263391,0.33263391,127,50.19660606,2.53005153,0.99991426,0.33251985,nan,0.15467380,0,0,0,0.07144305,0.00944163,0.44927609,0.47566822,0.00060902,1.05019844,0.22893575,-0.02351769,1.02351769,-5.21823996
26600,0.57642102,0.57642102,32,50.53180723,0.63326451,0.00000000,0.00000000,nan,0.14299568,0,0,0,0.08448961,0.01330940,1.68377662,1.78202212,0.01360360,1.61391866,0.41175878,-0.04204652,1.04204652,1.07642156
26700,0.19401567,0.19401567,129,50.84832335,2.53695681,0.99992123,0.19395454,nan,0.13643774,0,0,0,0.08047047,0.00696481,0.09405443,0.09898643,0.01021052,1.27424848,0.07007332,0.03354809,0.96645191,-5.47330650
26800,0.35347351,0.35347351,171,51.19892857,3.33991364,1.00000000,0.35347351,nan,0.15556245,0,0,0,0.08257536,0.01066406,0.28940010,0.30630198,0.00206808,1.15505946,0.22394630,-0.00628305,1.00628305,-3.75703043
26900,0.34919479,0.34919479,56,51.37402367,1.09004505,0.03191215,0.00000036,nan,0.18263706,0,0,0,0.08255839,0.01276847,0.09748762,0.10265401,0.00965897,0.97485584,0.26084960,0.10021321,0.89978679,-3.45021260
27000,0.76091456,0.76091456,117,51.63082353,2.26608820,0.99835813,0.75592956,nan,0.18361098,0,0,0,0.15129358,0.01278670,0.28549567,0.28600001,0.27692270,1.87693357,0.31598723,-0.07682327,1.07682327,4.23170598
27100,1.14644623,1.14644623,85,51.78912281,1.64127128,0.80697111,0.48616719,nan,0.23883526,0,0,0,0.19419126,0.02534474,0.50210083,0.50782782,0.40474150,2.17635512,0.53220272,-0.04695352,1.04695352,10.62283173
27200,0.27814212,0.27814212,106,51.96156977,2.03996916,0.98678157,0.26372475,nan,0.24189650,0,0,0,0.33521345,0.01842134,0.28926915,0.29599589,0.17491494,2.37606478,0.32410824,-0.08793931,1.08793931,3.83839202
27300,0.67352653,0.67352653,116,52.21768786,2.22146948,0.99744052,0.66665744,nan,0.25032703,0,0,0,0.38261512,0.02930199,0.67509526,0.71021831,0.07800212,2.22493958,0.48080736,0.01047521,0.98952479,11.71259737
27400,0.19598354,0.19598354,127,52.43149425,2.42220829,0.99969363,0.19574348,nan,0.26632125,0,0,0,0.22906582,0.02012474,0.24723032,0.26024252,0.02602281,2.00827312,0.60194618,0.11461184,0.88538816,0.45304734
27500,0.22120684,0.22120684,88,52.50017143,1.67618500,0.83941062,0.10982378,nan,0.27549107,0,0,0,0.29591390,0.03099857,0.67187494,0.71137780,0.00032681,2.99335217,0.54274154,0.09554804,0.90445196,1.94624269
27600,0.41512722,0.41512722,24,52.56267045,0.45659781,0.00000000,0.00000000,nan,0.27765771,0,0,0,0.36890990,0.02766696,0.58381665,0.60410321,0.23894525,2.65832257,0.79420704,0.04818798,0.95181202,6.15684517
27700,0.19198398,0.19198398,116,52.74796610,2.19913693,0.99682268,0.18955561,nan,0.22671144,0,0,0,0.27816540,0.01813599,0.34290034,0.36164117,0.02430696,2.62567687,0.46375003,0.17660899,0.82339101,3.93606885
27800,0.19107133,0.19107133,174,52.89556180,3.28950093,1.00000000,0.19107133,nan,0.18853713,0,0,0,0.30575213,0.01882530,0.15568754,0.16196513,0.04896858,2.62679672,0.39954150,-0.02503110,1.02503110,4.73046923
27900,0.35312283,0.35312283,59,53.01502793,1.11289199,0.04970081,0.00000215,nan,0.18522691,0,0,0,0.23565735,0.01726039,0.21322745,0.21155198,0.24171039,1.35959160,0.40082222,-0.04784865,1.04784865,2.35895801
28000,1.32563233,1.32563233,156,53.14666667,2.93527346,0.99999969,1.32563068,nan,0.16812742,0,0,0,0.24970804,0.01080194,0.60491055,0.57413232,1.12814081,2.80285478,0.29615879,0.09172341,0.90827659,13.59717298
28100,0.17883791,0.17883791,184,53.38303867,3.44678768,1.00000000,0.17883791,nan,0.15816103,0,0,0,0.13036072,0.01074546,0.14314243,0.14772214,0.06528725,1.35286415,0.25703579,-0.10957041,1.10957041,-3.24987674
28200,0.23313750,0.23313750,99,53.66884615,1.84464558,0.94236958,0.18386420,nan,0.13837193,0,0,0,0.09955009,0.00695023,0.07707880,0.08076937,0.01433904,1.33751249,0.20422906,-0.00273838,1.00273838,-4.94135793
28300,0.22659808,0.22659808,55,53.98240437,1.01885051,0.00142036,0.00000000,nan,0.12204515,0,0,0,0.09580871,0.01652907,0.07063803,0.07372627,0.01813808,1.27103209,0.44770861,0.00832017,0.99167983,-2.84796020
28400,0.70016444,0.70016444,194,54.32538043,3.57107485,1.00000000,0.70016444,nan,0.14971254,0,0,0,0.12386611,0.01081187,0.57754505,0.61074769,0.01310142,1.53978074,0.26721328,0.18378722,0.81621278,2.84768143
28500,0.56559181,0.56559181,205,54.66129730,3.75036836,1.00000000,0.56559181,nan,0.10334895,0,0,0,0.13940263,0.00629014,0.52968663,0.55405140,0.11548523,1.79890275,0.08818715,0.11996897,0.88003103,0.91638307
28600,0.20191947,0.20191947,98,55.00596774,1.78162487,0.91316537,0.14040285,nan,0.12367082,0,0,0,0.08390099,0.00789679,0.28217602,0.29875705,0.00029848,1.17995369,0.19460046,0.08439488,0.91560512,-5.61878490
28700,1.40746772,1.40746772,326,55.46310160,5.87778163,1.00000000,1.40746772,nan,0.06971695,0,0,0,0.07149288,0.00719824,0.22980887,0.23066752,0.21521209,0.83414733,0.17132701,0.04896059,0.95103941,5.02129728
28800,0.54348683,0.54348683,66,55.96047872,1.17940378,0.12079999,0.00011573,nan,0.10031632,0,0,0,0.10846802,0.01332118,0.58549732,0.61478043,0.08768479,1.45867574,0.38304934,-0.00918523,1.00918523,-1.08898449
28900,0.04541488,0.04541488,180,56.41783069,3.19048070,1.00000000,0.04541488,nan,0.09509026,0,0,0,0.07120600,0.00815452,0.04680807,0.04955697,0.00007674,1.05531800,0.18130766,0.10309937,0.89690063,-8.52662627
29000,0.07391207,0.07391207,159,56.71784211,2.80335066,0.99999776,0.07391141,nan,0.06451859,0,0,0,0.13370873,0.00993432,0.15002671,0.15871851,0.00226590,1.95244598,0.21661030,0.05898351,0.94101649,-2.54158890
29100,0.13759875,0.13759875,121,56.88157068,2.12722677,0.99379600,0.13421575,nan,0.10445218,0,0,0,0.09718660,0.01113456,0.07851432,0.08298445,0.00252228,0.82820374,0.19054005,0.00672908,0.99327092,-6.04940192
29200,0.39195666,0.39195666,106,57.35250000,1.84821934,0.94374747,0.31092901,nan,0.00000000,0,0,0,0.06148191,0.00899979,0.23239991,0.24605471,0.00026844,0.71934736,0.26799190,-0.04305671,1.04305671,-5.40754700
29300,0.19802099,0.19802099,189,57.74694301,3.27290052,1.00000000,0.19802099,nan,0.00000000,0,0,0,0.06573662,0.00979990,0.03820499,0.04040262,0.00084515,0.93964303,0.23275693,0.04234145,0.95765855,-6.71840107
29400,0.23091987,0.23091987,17,58.17226804,0.29223547,0.00000000,0.00000000,nan,0.00000000,0,0,0,0.06446268,0.01332281,0.13923946,0.14724755,0.00310182,0.80595380,0.21959011,-0.00062221,1.00062221,-6.53797555
29500,0.19975883,0.19975883,136,58.58292308,2.32149563,0.99907471,0.19902051,nan,0.00000000,0,0,0,0.04951115,0.00901029,0.18639430,0.19725996,0.00167819,0.79461741,0.35232121,-0.02637900,1.02637900,-8.80618095
29600,0.24509504,0.24509504,283,58.95954082,4.79990170,1.00000000,0.24509504,nan,0.00000000,0,0,0,0.05369589,0.00944050,0.06707875,0.07007856,0.01608200,0.66079819,0.18899128,0.03657294,0.96342706,-9.27112261
29700,1.62852752,1.62852752,147,59.36040609,2.47639815,0.99983655,1.62746305,nan,0.00000000,0,0,0,0.08444858,0.02220772,0.84623712,0.89478719,0.02088554,0.67613697,0.27084309,-0.07619689,1.07619689,18.10583663
29800,0.22525483,0.22525483,334,59.66419192,5.59799755,1.00000000,0.22525483,nan,0.00000000,0,0,0,0.13017394,0.00777350,1.17014539,1.23891771,0.00101597,2.19102573,0.24904902,-0.08634254,1.08634254,-2.99740803
29900,0.60572803,0.60572803,41,59.98839196,0.68346556,0.00000000,0.00000000,nan,0.00000000,0,0,0,0.16166984,0.01388741,0.53584737,0.56542891,0.03296034,2.22857714,0.23588620,0.18237793,0.81762207,4.09870663
30000,1.24441910,1.24441910,199,60.37425000,3.29610720,1.00000000,1.24441909,nan,0.00000000,0,0,0,0.16755463,0.01284103,2.35124040,2.47832632,0.19078016,2.01623440,0.26589915,0.01767451,0.98232549,10.71048069
30100,0.24201137,0.24201137,298,60.66482587,4.91223696,1.00000000,0.24201137,nan,0.05160861,0,0,0,0.13259558,0.01070235,0.15510952,0.16419387,0.00067577,1.33623862,0.18919103,-0.13245378,1.13245378,-2.67210209
30200,0.14886186,0.14886186,21,60.99128713,0.34431147,0.00000000,0.00000000,nan,0.02648495,0,0,0,0.08305792,0.01210741,0.09905640,0.10458150,0.00512983,0.84220272,0.30328083,-0.08978531,1.08978531,-6.64721620
30300,0.94532979,0.94532979,70,61.20241379,1.14374574,0.07932792,0.00003744,nan,0.03850480,0,0,0,0.08046549,0.01226481,0.41011655,0.42885315,0.09159476,0.75082999,0.31939211,-0.11802482,1.11802482,4.01572552
30400,0.40911877,0.40911877,206,61.21769608,3.36504006,1.00000000,0.40911877,nan,0.10745788,0,0,0,0.27427751,0.04040735,1.05763495,1.11982167,0.00046369,2.09481335,0.54154670,-0.13058189,1.13058189,4.10891867
30500,0.51641154,0.51641154,65,61.31336585,1.06012774,0.01435732,0.00000002,nan,0.13951819,0,0,0,0.25633773,0.01574925,0.70393866,0.74475688,0.01002976,2.42493701,0.34510574,-0.01894596,1.01894596,5.96247339
30600,0.18386211,0.18386211,4,61.44223301,0.06510180,0.00000000,0.00000000,nan,0.15379248,0,0,0,0.24440201,0.01740531,0.34851295,0.36891884,0.00161255,1.68044066,0.36443663,0.11776647,0.88223353,1.15456458
30700,0.14405715,0.14405715,90,61.64768116,1.45990893,0.57089983,0.01530293,nan,0.11812869,0,0,0,0.27666974,0.02113690,0.20038046,0.20521975,0.11811260,1.64713454,0.39494413,-0.04987892,1.04987892,1.16902432
30800,0.35893971,0.35893971,21,61.81307692,0.33973394,0.00000000,0.00000000,nan,0.09237215,0,0,0,0.21766455,0.02688509,0.24793418,0.25872874,0.06442673,1.57701063,0.51467353,-0.06985909,1.06985909,3.11876810
30900,0.47309554,0.47309554,128,62.02966507,2.06352879,0.98915850,0.45291051,nan,0.11253947,0,0,0,0.16570131,0.02279719,0.34135613,0.35871133,0.04631771,1.96647179,0.60904783,0.01462433,0.98537567,2.34829990
31000,1.56309366,1.56309366,210,62.19152381,3.37666594,1.00000000,1.56309366,nan,0.04676394,0,0,0,0.21014825,0.00969812,0.44046709,0.43488064,0.53543699,2.75228882,0.07610321,0.05966935,0.94033065,15.66162872
31100,0.54635847,0.54635847,44,62.34720379,0.70572531,0.00000000,0.00000000,nan,0.10849519,0,0,0,0.38218510,0.01384016,1.52798331,1.60764980,0.17365390,2.48466372,0.27391204,0.03036384,0.96963616,7.46375980
31200,0.49212858,0.49212858,10,62.37500000,0.16032064,0.00000000,0.00000000,nan,0.10622358,0,0,0,0.29605293,0.02166010,0.41995180,0.43875822,0.10024226,1.27347612,0.25120127,-0.04318328,1.04318328,1.71688279
31300,0.53132361,0.53132361,10,62.40600939,0.16024098,0.00000000,0.00000000,nan,0.13540362,0,0,0,0.21347944,0.02207285,0.43835965,0.46059352,0.06038418,1.59462404,0.48667732,-0.07852195,1.07852195,4.63799787
31400,0.33110201,0.33110201,87,62.48565421,1.39231958,0.45971506,0.01478825,nan,0.13364996,0,0,0,0.19947831,0.01265991,0.20631565,0.21844317,0.00014777,1.51619256,0.29219669,-0.01144827,1.01144827,0.97198546
31500,0.31216243,0.31216243,208,62.61404651,3.32193831,1.00000000,0.31216243,nan,0.11444897,0,0,0,0.18856794,0.01658577,0.51534510,0.54563683,0.00038609,1.76970267,0.58088768,-0.05313380,1.05313380,1.66099787
31600,0.59914762,0.59914762,16,62.71615741,0.25511767,0.00000000,0.00000000,nan,0.12514921,0,0,0,0.22429681,0.01895336,0.86791867,0.91841197,0.00953181,1.43591475,0.34733215,0.12187218,0.87812782,3.90205940
31700,0.83327007,0.83327007,17,62.85691244,0.27045554,0.00000000,0.00000000,nan,0.10806949,0,0,0,0.17158003,0.02317700,0.76849169,0.80705184,0.11296915,1.45345068,0.72237754,-0.11835552,1.11835552,6.36814666
31800,0.17235698,0.17235698,29,62.96357798,0.46058374,0.00000000,0.00000000,nan,0.14570555,0,0,0,0.20706278,0.02549907,0.16280229,0.17031990,0.03500340,1.62199724,0.43092990,0.13660029,0.86339971,-0.03271025
31900,0.54040366,0.54040366,45,63.02200913,0.71403626,0.00000000,0.00000000,nan,0.15421449,0,0,0,0.24506897,0.01473208,1.10065663,1.16415453,0.02119188,2.11896515,0.27774620,-0.15859201,1.15859201,5.67037573
32000,0.92069489,0.92069489,306,63.13100000,4.84706404,1.00000000,0.92069489,nan,0.11757509,0,0,0,0.27406558,0.00711816,0.29912102,0.26165321,0.93607372,3.63698363,0.12989813,0.03884785,0.96115215,11.05536016
32100,0.34410250,0.34410250,28,63.62597285,0.44007186,0.00000000,0.00000000,nan,0.07491408,0,0,0,0.12730604,0.01480682,0.36618248,0.38314575,0.07780722,1.22863078,0.18317744,-0.12015737,1.12015737,-1.03680539
32200,0.23594917,0.23594917,214,64.37932432,3.32404855,1.00000000,0.23594917,nan,0.00000000,0,0,0,0.07831360,0.00395373,0.10808580,0.11274222,0.02892698,0.92917567,0.11795357,-0.16680232,1.16680232,-7.26306415
32300,0.40033630,0.40033630,128,64.91139013,1.97191895,0.97714318,0.36497052,nan,0.00000000,0,0,0,0.09673181,0.01339144,0.51373363,0.54083622,0.05298932,1.06896460,0.35600042,0.10374437,0.89625563,-2.75531535
32400,0.17918546,0.17918546,137,65.46906250,2.09259144,0.99156212,0.17321380,nan,0.00000000,0,0,0,0.07567939,0.00944733,0.08163087,0.08594190,0.00834344,0.76695824,0.13850233,0.05020290,0.94979710,-6.42262983
32500,0.12601089,0.12601089,195,65.99088889,2.95495338,0.99999977,0.12601078,nan,0.04220084,0,0,0,0.14050084,0.01143575,0.28799549,0.30487636,0.00102070,1.97562659,0.25324103,0.18950269,0.81049731,-1.20796458
32600,0.44309080,0.44309080,234,66.45915929,3.52095938,1.00000000,0.44309080,nan,0.00000000,0,0,0,0.04799233,0.00850916,0.09827000,0.10221492,0.03120633,0.57304132,0.14181294,-0.10887482,1.10887482,-4.74102616
32700,0.36126453,0.36126453,140,66.91070485,2.09234083,0.99154362,0.34919870,nan,0.00000000,0,0,0,0.06609038,0.01369020,0.29069561,0.30731893,0.00809958,0.83993059,0.37628493,0.04839319,0.95160681,-4.51205293
32800,0.34726155,0.34726155,131,67.33127193,1.94560412,0.97203128,0.31001140,nan,0.00000000,0,0,0,0.08901116,0.01039706,0.21623118,0.22581872,0.05324323,1.06838751,0.22285220,-0.13433619,1.13433619,-4.24804288
32900,0.69107699,0.69107699,63,67.82938865,0.92880094,0.00000000,0.00000000,nan,0.00000000,0,0,0,0.05435167,0.01318849,0.35975498,0.38043380,0.00821457,0.59910619,0.27437276,-0.12318039,1.12318039,-3.13641346
33000,1.47091162,1.47091162,380,68.26356522,5.56665915,1.00000000,1.47091162,nan,0.00000000,0,0,0,0.12156235,0.00853497,0.22465955,0.20377252,0.57973903,1.64822328,0.18441455,-0.08455827,1.08455827,10.10820484
33100,0.27431840,0.27431840,177,68.46857143,2.58512769,0.99995684,0.27427104,nan,0.10110741,0,0,0,0.08658050,0.00448082,0.11047623,0.11529130,0.02861998,1.05079353,0.08559295,0.04228341,0.95771659,-5.62740493
33200,1.62706411,1.62706411,118,68.99099138,1.71036823,0.86714435,0.91996280,nan,0.00962521,0,0,0,0.06855638,0.01351224,0.42386901,0.44810873,0.01179403,0.68541288,0.31753692,-0.11006997,1.11006997,5.23338795
33300,0.24497874,0.24497874,158,69.40012876,2.27665284,0.99852540,0.24353695,nan,0.05453485,0,0,0,0.06375129,0.00990886,0.11000034,0.11646974,0.00002065,0.75025022,0.20242730,-0.01197330,1.01197330,-8.79233122
33400,0.34394586,0.34394586,221,69.77341880,3.16739532,0.99999999,0.34394585,nan,0.05330025,0,0,0,0.10970828,0.00961683,0.15023464,0.15880203,0.00458932,1.48279631,0.22056632,0.14056023,0.85943977,-1.86449549
33500,0.23381823,0.23381823,112,70.18774468,1.59572017,0.75817237,0.07725920,nan,0.00000000,0,0,0,0.05640895,0.02077075,0.07235514,0.07655745,0.00091608,0.66454667,0.40781805,-0.02760825,1.02760825,-4.86367321
33600,0.12123568,0.12123568,233,70.59224576,3.30064581,1.00000000,0.12123568,nan,0.00000000,0,0,0,0.05774030,0.00712376,0.04785505,0.05054206,0.00217585,0.79452688,0.16026743,-0.05334605,1.05334605,-10.50809813
33700,0.33289146,0.33289146,248,71.02624473,3.49166707,1.00000000,0.33289146,nan,0.05564087,0,0,0,0.08122598,0.01052761,0.17159486,0.18166742,0.00036135,0.87957716,0.25627640,-0.02891952,1.02891952,-4.89419603
33800,0.87325329,0.87325329,124,71.38575630,1.73704120,0.88615517,0.53849210,nan,0.00000000,0,0,0,0.07410131,0.01060189,0.31608266,0.33371273,0.01637127,0.70226860,0.19853276,0.00238761,0.99761239,1.89763975
33900,0.18059057,0.18059057,113,71.67548117,1.57655028,0.73542775,0.05282690,nan,0.00419600,0,0,0,0.08668658,0.00892778,0.09914300,0.10494701,0.00047484,0.78293496,0.13055378,0.14227911,0.85772089,-7.09962336
34000,0.96714985,0.96714985,175,71.98962500,2.43090584,0.99972258,0.96607706,nan,0.12598406,0,0,0,0.18155378,0.01266078,0.84726208,0.88014895,0.28818652,1.72185242,0.20049079,-0.01672504,1.01672504,5.86100936
34100,0.18708946,0.18708946,209,72.20987552,2.89434095,0.99999942,0.18708902,nan,0.05998362,0,0,0,0.09329619,0.01233740,0.10413423,0.10918707,0.01823588,1.11869335,0.22524267,0.14706313,0.85293687,-5.08953428
34200,0.36162001,0.36162001,223,72.59008264,3.07204499,0.99999997,0.36161996,nan,0.00000000,0,0,0,0.07770772,0.00742428,0.21102217,0.22179446,0.02789311,1.04254615,0.15286459,0.12797309,0.87202691,-5.42948806
34300,0.79986370,0.79986370,156,72.99744856,2.13706099,0.99432469,0.78185980,nan,0.00000000,0,0,0,0.04688434,0.00822026,0.21298128,0.22541913,0.00153815,0.45910168,0.15344009,-0.14237993,1.14237993,-4.66614576
34400,0.22424197,0.22424197,96,73.44106557,1.30717058,0.31436856,0.00219015,nan,0.00000000,0,0,0,0.05896992,0.01328117,0.20704225,0.21884768,0.00634989,0.74987125,0.22970599,0.13951398,0.86048602,-7.00132338
34500,0.50865889,0.50865889,126,73.92244898,1.70448898,0.86264946,0.28168521,nan,0.00000000,0,0,0,0.04347585,0.01049093,0.68086040,0.72086227,0.00082872,0.59626937,0.20074116,-0.14310272,1.14310272,-7.18814015
34600,0.81049854,0.81049854,76,74.37626016,1.02183143,0.00190463,0.00000000,nan,0.00000000,0,0,0,0.04620419,0.01093212,1.64723468,1.74318457,0.01608610,0.73219848,0.24284536,-0.18357245,1.18357245,-2.33545121
34700,0.88740528,0.88740528,73,74.79744939,0.97596911,0.00000000,0.00000000,nan,0.00000000,0,0,0,0.06953169,0.00950988,1.12215519,1.18643153,0.02945824,0.79299551,0.19143946,-0.14783785,1.14783785,0.70506501
34800,1.67230260,1.67230260,7,75.12754032,0.09317489,0.00000000,0.00000000,nan,0.02610512,0,0,0,0.33495066,0.02564566,0.91916126,0.97298253,0.00420079,1.71482038,0.57276148,0.03824103,0.96175897,15.77473545
34900,0.91915786,0.91915786,161,75.18530120,2.14137601,0.99454355,0.89926010,nan,0.06818025,0,0,0,0.40610802,0.02968028,3.18223786,3.36923003,0.00337252,1.92726409,0.46867636,-0.03972834,1.03972834,11.98869967
35000,0.76374602,0.76374602,195,75.21568000,2.59254453,0.99996072,0.76362603,nan,0.08019014,0,0,0,0.20483866,0.01336857,0.28315082,0.26664087,0.56382048,2.66258287,0.30347225,0.12714761,0.87285239,7.76885970
35100,0.17503807,0.17503807,97,75.55513944,1.28383060,0.27547516,0.00100800,nan,0.00321564,0,0,0,0.09103084,0.00565614,0.12998123,0.13754296,0.00143174,0.97957027,0.07837586,-0.08081027,1.08081027,-6.58415413
35200,0.13467473,0.13467473,336,75.85710317,4.42938085,1.00000000,0.13467473,nan,0.00000000,0,0,0,0.07831140,0.00991354,0.05819292,0.06081397,0.01363514,0.71782577,0.20131646,0.09711163,0.90288837,-9.08320332
35300,0.11839950,0.11839950,255,76.31612648,3.34136455,1.00000000,0.11839950,nan,0.00000000,0,0,0,0.06115882,0.00599364,0.13228379,0.13992220,0.00243075,0.94600463,0.16208380,0.04528228,0.95471772,-9.17809753
35400,1.36184359,1.36184359,359,76.81551181,4.67353522,1.00000000,1.36184359,nan,0.00000000,0,0,0,0.06350874,0.01080646,0.22174028,0.23171498,0.05217042,0.70023906,0.24993998,-0.01782467,1.01782467,4.83455658
35500,0.26216629,0.26216629,290,77.17439216,3.75772315,1.00000000,0.26216629,nan,0.02354813,0,0,0,0.06739644,0.00653394,0.12075284,0.12778835,0.00114915,0.91643620,0.18221000,-0.08769080,1.08769080,-6.93187157
35600,0.18860197,0.18860197,238,77.40949219,3.07455834,0.99999997,0.18860195,nan,0.13806296,0,0,0,0.17412740,0.00992806,0.07731915,0.08179979,0.00114833,1.66713428,0.20082106,-0.19364809,1.19364809,-0.57803425
35700,0.43951216,0.43951216,176,77.65291829,2.26649563,0.99836489,0.43664460,nan,0.11362213,0,0,0,0.13728756,0.01878196,0.28510845,0.30021629,0.02827559,1.16569161,0.43250847,0.07037700,0.92962300,7.74598694
35800,0.20196080,0.20196080,78,77.91011628,1.00115368,0.00000532,0.00000000,nan,0.06805711,0,0,0,0.20002407,0.01503299,0.16998941,0.17913322,0.01454458,1.45315468,0.38089812,-0.09298352,1.09298352,0.22425226
35900,0.63098800,0.63098800,92,78.19235521,1.17658561,0.11726471,0.00011931,nan,0.01691693,0,0,0,0.14971676,0.01318939,0.23333065,0.24626791,0.01339702,1.21996534,0.15726830,-0.05608217,1.05608217,1.69090295
36000,1.00139475,1.00139475,230,78.53173077,2.92875246,0.99999966,1.00139337,nan,0.00000000,0,0,0,0.14719343,0.01005002,0.27012303,0.26299649,0.39127406,1.71687627,0.19671227,0.04378438,0.95621562,6.54934343
36100,0.27547875,0.27547875,256,78.76984674,3.24997458,1.00000000,0.27547875,nan,0.12234864,0,0,0,0.13660556,0.01371949,0.09736633,0.09904028,0.06890928,1.11653447,0.26115817,0.01633124,0.98366876,-2.81963487
36200,0.08446131,0.08446131,359,79.13267176,4.53668494,1.00000000,0.08446131,nan,0.06230540,0,0,0,0.13180454,0.00841492,0.03665467,0.03803539,0.01318251,0.81005627,0.16464992,0.00173192,0.99826808,-5.83112319
36300,0.21953268,0.21953268,108,79.50003802,1.35848992,0.40193754,0.00572972,nan,0.06001408,0,0,0,0.10877001,0.00823459,0.05391158,0.05445353,0.04469834,0.90284991,0.18274304,-0.08723665,1.08723665,-5.36525267
36400,0.23668845,0.23668845,225,79.67000000,2.82414962,0.99999834,0.23668688,nan,0.03783353,0,0,0,0.12695102,0.00932680,0.50962287,0.53896469,0.01081342,1.77782035,0.29931673,0.25406500,0.74593500,-1.29990423
36500,0.15789746,0.15789746,157,79.94762264,1.96378572,0.97565750,0.14307531,nan,0.00000000,0,0,0,0.07376570,0.00885679,0.15853643,0.16732833,0.00907426,0.66504979,0.15098116,-0.11592104,1.11592104,-7.80029297
36600,0.07285245,0.07285245,100,80.26060150,1.24594132,0.21490342,0.00015539,nan,0.04290314,0,0,0,0.08175865,0.01021554,0.07391020,0.07819456,0.00107594,0.89710820,0.13550264,-0.03025454,1.03025454,-7.93296194
36700,0.56534266,0.56534266,267,80.64292135,3.31089196,1.00000000,0.56534266,nan,0.00687881,0,0,0,0.09358541,0.00677506,0.25757039,0.27262014,0.00172450,0.86530501,0.13111863,0.19465952,0.80534048,-2.65454376
36800,0.74055135,0.74055135,226,80.97824627,2.79087299,0.99999732,0.74054341,nan,0.00617137,0,0,0,0.08433940,0.01139088,0.34734118,0.36777201,0.00001686,1.05833828,0.34044802,-0.06178149,1.06178149,0.48222318
36900,0.12977079,0.12977079,173,81.22840149,2.12979693,0.99393830,0.12665275,nan,0.00000000,0,0,0,0.07939446,0.01834088,0.12592085,0.13330637,0.00036710,1.09022820,0.42408699,0.09467019,0.90532981,-4.94435191
37000,0.53055739,0.53055739,332,81.54592593,4.07132541,1.00000000,0.53055739,nan,0.00000000,0,0,0,0.14805859,0.00910487,0.19843668,0.20251176,0.12916024,1.92296934,0.13756131,0.06655449,0.93344551,3.28662539
37100,0.58935022,0.58935022,37,81.71225092,0.45280848,0.00000000,0.00000000,nan,0.17727952,0,0,0,0.26901260,0.01695419,1.87400842,1.97110975,0.22328562,3.45305252,0.36517102,-0.04568927,1.04568927,7.54150829
37200,0.13659757,0.13659757,120,81.77823529,1.46738309,0.58263237,0.01574060,nan,0.20677587,0,0,0,0.10757223,0.00706907,0.07416320,0.07554235,0.05071778,1.05157232,0.06498717,0.13090997,0.86909003,-5.51814628
37300,0.20407464,0.20407464,96,81.81421245,1.17339026,0.11330723,0.00003364,nan,0.23831033,0,0,0,0.20639028,0.01818004,0.16723494,0.17550972,0.02656356,1.86970198,0.58605152,0.00064928,0.99935072,1.04484928
37400,0.19161111,0.19161111,239,81.93291971,2.91702042,0.99999959,0.19161079,nan,0.21137947,0,0,0,0.29793990,0.01903723,0.36690393,0.38372287,0.08098306,1.94892454,0.30604351,0.07090077,0.92909923,2.14290893
37500,0.66160834,0.66160834,106,82.09720000,1.29115244,0.28757381,0.00452479,nan,0.15723921,0,0,0,0.23553504,0.02100507,0.39402026,0.41616321,0.01759035,1.22798395,0.27855745,-0.04287270,1.04287270,4.27622929
37600,0.66823649,0.66823649,90,82.28126812,1.09380910,0.03458826,0.00000096,nan,0.15069376,0,0,0,0.20205005,0.01563258,0.35551751,0.37386245,0.04365362,1.43692923,0.25089663,-0.04113776,1.04113776,4.22535819
37700,0.54644978,0.54644978,226,82.43476534,2.74156176,0.99999462,0.54643801,nan,0.11883186,0,0,0,0.12252820,0.01461278,0.28955549,0.30645505,0.00226281,0.93363625,0.15487057,-0.13203266,1.13203266,-0.12310423
37800,0.21424079,0.21424079,85,82.65374101,1.02838660,0.00321801,0.00000000,nan,0.07455171,0,0,0,0.20976952,0.01618243,0.30506077,0.32300076,0.00008064,1.20737016,0.20173256,0.12414591,0.87585409,-1.15169309
37900,0.55449510,0.55449510,19,82.82853047,0.22938956,0.00000000,0.00000000,nan,0.03738294,0,0,0,0.19363211,0.02073080,0.93623680,0.99129903,0.00017937,1.51950347,0.46071094,-0.01462011,1.01462011,3.58514835
38000,0.27477840,0.27477840,391,82.98103571,4.71191998,1.00000000,0.27477840,nan,0.07074183,0,0,0,0.24780792,0.01268138,0.25492203,0.26744989,0.04194860,3.58832264,0.27357775,-0.08276950,1.08276950,5.34841061
38100,0.29540813,0.29540813,104,83.19462633,1.25008074,0.22132499,0.00070883,nan,0.22192445,0,0,0,0.28877702,0.01164483,1.26001680,1.32030594,0.23510027,3.06560516,0.17781155,-0.06334499,1.06334499,4.81849062
38200,0.13021167,0.13021167,239,83.69269504,2.85568531,0.99999896,0.13021112,nan,0.01250658,0,0,0,0.10265116,0.00906661,0.09411326,0.09787203,0.03021426,1.03041601,0.12513284,-0.04022255,1.04022255,-5.38296385
38300,0.30477279,0.30477279,108,84.26406360,1.28168516,0.27195041,0.00166700,nan,0.00000000,0,0,0,0.08328916,0.00896557,0.33582184,0.35516968,0.00690806,1.00830221,0.26778448,0.09957044,0.90042956,-4.92056060
38400,1.34846067,1.34846067,104,84.88080986,1.22524750,0.18367747,0.00153484,nan,0.00000000,0,0,0,0.06478297,0.00900144,0.86451834,0.91242522,0.05010078,0.64917970,0.21511512,-0.15339653,1.15339653,8.65779614
38500,0.33141559,0.33141559,301,85.54757895,3.51850986,1.00000000,0.33141559,nan,0.00000000,0,0,0,0.06395371,0.00376020,0.16000536,0.16905358,0.00618547,0.78609627,0.10039886,0.01169559,0.98830441,-7.89708996
38600,1.24973249,1.24973249,254,86.30115385,2.94318197,0.99999972,1.24973112,nan,0.00000000,0,0,0,0.02778706,0.00837395,0.26697174,0.28157288,0.01875252,0.38351917,0.22668277,-0.06582550,1.06582550,1.88309483
38700,0.42870402,0.42870402,72,86.83268293,0.82918087,0.00000000,0.00000000,nan,0.06984235,0,0,0,0.05874793,0.00914893,0.09474663,0.10031932,0.00001103,0.70092791,0.23496097,-0.14323115,1.14323115,-6.91910807
38800,0.21629007,0.21629007,197,87.33875000,2.25558529,0.99817464,0.21471516,nan,0.00000000,0,0,0,0.08291392,0.00823824,0.10230301,0.10826442,0.00095913,0.96093059,0.20166408,0.12482707,0.87517293,-5.94890809
38900,0.23761457,0.23761457,242,87.79899654,2.75629574,0.99999562,0.23761041,nan,0.00000000,0,0,0,0.05838491,0.00815688,0.04463461,0.04660323,0.01116832,0.61789113,0.17626554,0.05524399,0.94475601,-8.32242441
39000,0.10030717,0.10030717,241,87.98962069,2.73895941,0.99999442,0.10030493,nan,0.00000000,0,0,0,0.09829388,0.00887206,0.08846898,0.09359475,0.00133082,1.37569857,0.19372262,-0.01377304,1.01377304,-4.68070412
39100,0.89649284,0.89649284,68,88.23986254,0.77062677,0.00000000,0.00000000,nan,0.34052632,0,0,0,0.28365290,0.02465340,1.01145494,1.04251957,0.48335695,2.08285713,0.36841896,-0.09872920,1.09872920,9.62483120
39200,0.92949390,0.92949390,140,88.36914384,1.58426340,0.74473546,0.28592668,nan,0.41598145,0,0,0,0.18694854,0.01529975,0.28168815,0.27764162,0.35047913,1.38588119,0.30025986,-0.11769626,1.11769626,6.42792492
39300,0.29655150,0.29655150,140,88.52634812,1.58145008,0.74136482,0.08958350,nan,0.48032740,0,0,0,0.28772709,0.01324438,0.39377466,0.41678149,0.00265907,1.51062059,0.19079378,-0.02615625,1.02615625,1.87247515
39400,0.10897510,0.10897510,48,88.72309524,0.54100908,0.00000000,0.00000000,nan,0.39400988,0,0,0,0.19128083,0.01452414,0.27497387,0.29111579,0.00056099,1.19324160,0.22050422,0.02223725,0.97776275,-2.49760719
39500,0.22888118,0.22888118,267,88.88413559,3.00391063,0.99999989,0.22888108,nan,0.41435062,0,0,0,0.15969205,0.02906656,0.12986027,0.13741802,0.00137852,1.41807687,0.69951612,-0.03710520,1.03710520,3.92842431
39600,0.23286492,0.23286492,262,89.06925676,2.94153123,0.99999972,0.23286465,nan,0.36760330,0,0,0,0.24075490,0.01375419,0.59612149,0.62991655,0.02160496,1.82195282,0.25530431,0.03356500,0.96643500,0.48980788
39700,0.12442596,0.12442596,245,89.26811448,2.74454100,0.99999484,0.12442338,nan,0.33141140,0,0,0,0.17002241,0.01551282,0.19879588,0.20906784,0.02417277,1.21932817,0.26838398,0.03585118,0.96414882,-3.08304381
39800,0.39159149,0.39159149,144,89.50560403,1.60883781,0.77298380,0.13980246,nan,0.27992894,0,0,0,0.26236513,0.01395403,0.21093096,0.22051463,0.04800869,1.86271429,0.38295937,-0.02195652,1.02195652,4.11768532
39900,0.46431002,0.46431002,109,89.75381271,1.21443309,0.16800280,0.00036989,nan,0.22742836,0,0,0,0.09014830,0.02107847,0.17185301,0.18168718,0.00467202,0.72741157,0.28713131,-0.13653121,1.13653121,2.21252553
40000,1.56484938,1.56484938,91,90.00246667,1.01108340,0.00049125,0.00000000,nan,0.19633619,0,0,0,0.15336131,0.01179593,0.65889186,0.66878337,0.49073583,1.92955923,0.39323992,0.03616316,0.96383684,12.86960959
40100,0.66511548,0.66511548,58,90.22196013,0.64285901,0.00000000,0.00000000,nan,0.27032754,0,0,0,0.09331132,0.02009423,0.14956695,0.15207727,0.10689146,0.92030674,0.24876475,-0.15373066,1.15373066,1.12522292
40200,0.48388153,0.48388153,84,90.34897351,0.92972833,0.00000000,0.00000000,nan,0.27989118,0,0,0,0.30135557,0.01950632,0.64336437,0.67854220,0.04534153,1.55423486,0.26194680,0.00139293,0.99860707,4.79095173
40300,0.96038520,0.96038520,81,90.54498350,0.89458297,0.00000000,0.00000000,nan,0.24206402,0,0,0,0.15600738,0.02533589,0.77574384,0.82135940,0.00027976,1.16077948,0.28261134,0.24371850,0.75628150,6.10637200
40400,0.50597125,0.50597125,117,90.75700658,1.28915667,0.28426573,0.00330388,nan,0.17831363,0,0,0,0.11374366,0.01244389,0.89867848,0.95018822,0.02301332,1.14865994,0.27730200,-0.00351001,1.00351001,0.48365686
40500,0.11541584,0.11541584,146,90.90206557,1.60612412,0.76997006,0.04056587,nan,0.15353035,0,0,0,0.14221464,0.01364771,0.09274454,0.09819902,0.00001845,1.36343324,0.36089894,0.05046154,0.94953846,-3.11448487
40600,0.26384002,0.26384002,113,91.01656863,1.24153219,0.20812458,0.00049503,nan,0.13867920,0,0,0,0.12083401,0.01711963,0.17930248,0.18931991,0.00900621,1.16621101,0.34983352,-0.03507438,1.03507438,-2.91174579
40700,0.55415535,0.55415535,13,91.14602606,0.14262827,0.00000000,0.00000000,nan,0.10329852,0,0,0,0.18932548,0.01564220,0.60482907,0.63719910,0.05453886,1.28681862,0.19641516,-0.05650855,1.05650855,0.91675591
40800,0.22705740,0.22705740,193,91.35853896,2.11255568,0.99292452,0.22069912,nan,0.03961049,0,0,0,0.10526954,0.01008019,0.11805591,0.12498957,0.00018372,0.77900010,0.13283572,0.03829044,0.96170956,-5.05928016
40900,0.22529170,0.22529170,302,91.53320388,3.29934917,1.00000000,0.22529170,nan,0.02064590,0,0,0,0.12829930,0.01603063,0.25702509,0.27000308,0.03639937,1.31694293,0.36614048,-0.05730833,1.05730833,-1.53334395
41000,0.40051097,0.40051097,291,91.75345161,3.17154281,0.99999999,0.40051096,nan,0.00000000,0,0,0,0.17999049,0.01685201,0.85583568,0.89844358,0.13150217,2.07656026,0.41488415,-0.10655061,1.10655061,2.67129915
41100,0.51742142,0.51742142,41,91.96887460,0.44580300,0.00000000,0.00000000,nan,0.09925667,0,0,0,0.28940165,0.01719183,0.75021023,0.78189719,0.21153128,2.19079280,0.22972989,-0.01873521,1.01873521,5.85935783
41200,0.77256244,0.77256244,69,92.07458333,0.74939248,0.00000000,0.00000000,nan,0.12807353,0,0,0,0.42934200,0.02552758,0.79491138,0.84161127,0.00101325,1.82590759,0.53709614,-0.09815214,1.09815214,8.81916897
41300,0.89907646,0.89907646,144,92.15638978,1.56256121,0.71801474,0.23896267,nan,0.08149893,0,0,0,0.14691693,0.01240933,0.53562522,0.56711084,0.00036967,1.18179679,0.26019549,0.14855839,0.85144161,5.03252828
41400,0.27830958,0.27830958,190,92.31066879,2.05826696,0.98866337,0.26590220,nan,0.06998936,0,0,0,0.13082322,0.01136062,0.09703270,0.10255710,0.00311802,1.10297203,0.29395729,0.05672056,0.94327944,-2.09877359
41500,0.24049772,0.24049772,60,92.38606349,0.64944860,0.00000000,0.00000000,nan,0.05844890,0,0,0,0.15811805,0.02428977,0.11156961,0.11783464,0.00506433,1.21051180,0.45145601,0.11806018,0.88193982,-1.63823001
41600,0.37342480,0.37342480,136,92.60142405,1.46865992,0.58462289,0.04362209,nan,0.03217240,0,0,0,0.13301532,0.01518929,0.49022219,0.51903725,0.00036710,1.13993263,0.30985823,-0.06197005,1.06197005,-1.10039315
41700,0.10009405,0.10009405,115,92.76138801,1.23973997,0.20538774,0.00017812,nan,0.00000000,0,0,0,0.10629198,0.01118823,0.10468766,0.11081719,0.00048583,1.01808071,0.17162803,0.01428428,0.98571572,-5.20506970
41800,0.42824244,0.42824244,200,92.98606918,2.15085982,0.99499798,0.41973821,nan,0.00000000,0,0,0,0.11926293,0.02389113,0.43483236,0.45889899,0.02569911,0.96606064,0.40857160,-0.08808773,1.08808773,1.67779154
41900,0.35283089,0.35283089,169,93.11598746,1.81494075,0.92980749,0.26371739,nan,0.00000000,0,0,0,0.15684225,0.02928635,0.56315601,0.59545469,0.01407938,1.22769499,0.52383858,0.05953908,0.94046092,4.23918557
42000,0.28667784,0.28667784,317,93.29325000,3.39788784,1.00000000,0.28667784,nan,0.00000000,0,0,0,0.20995903,0.01760342,0.42814988,0.45186174,0.02504762,2.18909359,0.16065189,-0.00261759,1.00261759,3.35586488
42100,0.40055424,0.40055424,168,93.53274143,1.79616247,0.92077780,0.28792587,nan,0.07151850,0,0,0,0.12048689,0.01753031,1.21049571,1.28169560,0.00009798,1.13741291,0.37883228,-0.08990919,1.08990919,0.80796425
42200,0.18254960,0.18254960,117,93.66260870,1.24916444,0.21989884,0.00042685,nan,0.05982108,0,0,0,0.13051406,0.02185726,0.39460343,0.41776523,0.00085290,1.25065374,0.32642141,-0.00564161,1.00564161,-2.33730492
42300,0.17766124,0.17766124,62,93.94582043,0.65995485,0.00000000,0.00000000,nan,0.02387791,0,0,0,0.14267977,0.01675934,0.15305193,0.16162646,0.00728510,1.12770510,0.25899374,-0.07617042,1.07617042,-3.97251773
42400,0.57373291,0.57373291,170,94.20209877,1.80463071,0.92495912,0.41995226,nan,0.00000000,0,0,0,0.11894631,0.01362837,0.32441732,0.34268591,0.01385185,0.88842815,0.17426157,0.17586258,0.82413742,2.95821905
42500,0.30826023,0.30826023,189,94.50375385,1.99992056,0.98167272,0.28627563,nan,0.00000000,0,0,0,0.09587479,0.01153469,0.31955686,0.33572507,0.04469750,1.23595750,0.35756615,-0.07933976,1.07933976,-3.23669823
42600,0.43139178,0.43139178,290,94.75895706,3.06039671,0.99999996,0.43139170,nan,0.00000000,0,0,0,0.19587544,0.02023043,0.75954813,0.80422419,0.00005520,1.46815062,0.43519631,0.04987201,0.95012799,1.72686915
42700,0.40868008,0.40868008,249,95.02186544,2.62044950,0.99997256,0.40863522,nan,0.00000000,0,0,0,0.08198252,0.01182793,0.19862968,0.21024366,0.00119218,1.00381076,0.33732763,0.07210774,0.92789226,-3.16055703
42800,0.57809305,0.57809305,38,95.29429878,0.39876467,0.00000000,0.00000000,nan,0.00000000,0,0,0,0.07898572,0.01491883,0.13201420,0.13845755,0.02247676,0.99663067,0.26537454,-0.00174668,1.00174668,-0.36755919
42900,0.22757530,0.22757530,59,95.50817629,0.61774816,0.00000000,0.00000000,nan,0.00000000,0,0,0,0.10762075,0.01678944,0.26814109,0.28381696,0.00165143,1.27415061,0.39734396,-0.00028242,1.00028242,-3.62288928
43000,0.77145994,0.77145994,372,95.77251515,3.88420414,1.00000000,0.77145994,nan,0.00000000,0,0,0,0.28982005,0.00877807,2.43793297,2.58079028,0.00935561,3.71725750,0.19002740,-0.26484219,1.26484219,10.32808304
43100,0.40842640,0.40842640,12,95.92873112,0.12509287,0.00000000,0.00000000,nan,0.00559918,0,0,0,0.14596261,0.01690225,0.18869564,0.19316280,0.11275371,1.03385508,0.38688099,0.06737012,0.93262988,-1.21758658
43200,0.46119812,0.46119812,368,96.12683735,3.82827533,1.00000000,0.46119812,nan,0.00000000,0,0,0,0.15862025,0.00884695,0.19393057,0.20520940,0.00219023,1.08794510,0.12979725,0.12160474,0.87839526,-0.80314192
43300,0.38854277,0.38854277,148,96.32915916,1.53639875,0.68364633,0.08487207,nan,0.00000000,0,0,0,0.08893209,0.00997617,0.12378303,0.12761444,0.05864900,0.96127808,0.18065560,0.00969653,0.99030347,-4.04775888
43400,0.69677854,0.69677854,124,96.65748503,1.28288047,0.27391301,0.00392234,nan,0.00000000,0,0,0,0.08103622,0.00865143,0.68441463,0.72414291,0.00903340,0.71004224,0.11055663,-0.04737578,1.04737578,-2.37523754
43500,0.24772589,0.24772589,63,96.83489552,0.65059191,0.00000000,0.00000000,nan,0.05102788,0,0,0,0.15699041,0.01645116,0.34668040,0.36706930,0.00006894,1.55591249,0.27106005,-0.08340640,1.08340640,-1.29259338
43600,0.33356667,0.33356667,173,97.11633929,1.78136863,0.91302615,0.23180110,nan,0.00000000,0,0,0,0.08843683,0.01033128,0.08530495,0.08880105,0.02587120,0.67633885,0.11297075,0.02058321,0.97941679,-0.79358244
43700,0.62055975,0.62055975,65,97.32136499,0.66789034,0.00000000,0.00000000,nan,0.00000000,0,0,0,0.10098183,0.01981879,0.56757277,0.59721130,0.06371806,0.91954869,0.18369509,0.07936596,0.92063404,-0.01367792
43800,0.28215000,0.28215000,35,97.44878698,0.35916301,0.00000000,0.00000000,nan,0.00000000,0,0,0,0.14874263,0.01650879,0.18221159,0.19277139,0.00269504,1.47193372,0.40498364,0.08951256,0.91048744,-0.33475211
43900,0.56692547,0.56692547,60,97.60209440,0.61474091,0.00000000,0.00000000,nan,0.00000000,0,0,0,0.10191087,0.01086158,0.19149107,0.20010567,0.04504312,1.01880503,0.25399786,-0.10260161,1.10260161,-1.27041380
44000,0.18364419,0.18364419,334,97.84335294,3.41361973,1.00000000,0.18364419,nan,0.00000000,0,0,0,0.25847995,0.01476426,0.28536516,0.29965234,0.04248336,2.68666935,0.15001911,0.02805994,0.97194006,2.69066536
44100,0.16213056,0.16213056,160,97.97724340,1.63303227,0.79869204,0.06597544,nan,0.07527356,0,0,0,0.10528207,0.01280202,0.26090714,0.27619365,0.00103665,1.09529638,0.25808725,0.11003288,0.88996712,-4.76347146
44200,0.43448660,0.43448660,78,98.07283626,0.79532726,0.00000000,0.00000000,nan,0.07247907,0,0,0,0.11776303,0.01831719,0.27323395,0.28281537,0.11034955,0.95193398,0.34784907,-0.06677520,1.06677520,-1.19875586
44300,0.44934547,0.44934547,56,98.20370262,0.57024326,0.00000000,0.00000000,nan,0.07609625,0,0,0,0.12636617,0.01657415,0.65977877,0.69658613,0.03405391,1.17139518,0.37137604,0.05557149,0.94442851,0.93545953
44400,0.51731497,0.51731497,210,98.26220930,2.13713900,0.99432872,0.50567907,nan,0.03585263,0,0,0,0.09454745,0.02291109,0.19559798,0.20414448,0.05030760,1.12819004,0.51469994,0.14450688,0.85549312,0.62221956
44500,0.39522311,0.39522311,189,98.37260870,1.92126652,0.96645703,0.34480419,nan,0.04438802,0,0,0,0.21634868,0.01606018,0.39920157,0.42267287,0.00018977,1.71209848,0.36598265,0.02431738,0.97568262,3.13223998
44600,0.44427100,0.44427100,68,98.46150289,0.69062525,0.00000000,0.00000000,nan,0.02772684,0,0,0,0.13481532,0.01791511,0.49257109,0.52152508,0.00035268,1.22809398,0.40917477,-0.03830113,1.03830113,0.29896867
44700,1.08201230,1.08201230,131,98.55299712,1.32923405,0.35181573,0.01657651,nan,0.05837346,0,0,0,0.10413671,0.01172826,0.66414762,0.69962358,0.06105642,1.31295717,0.41968283,0.02626710,0.97373290,4.57990821
44800,0.31301734,0.31301734,344,98.62706897,3.48788627,1.00000000,0.31301734,nan,0.01956827,0,0,0,0.13567406,0.01223957,0.16664225,0.17644434,0.00000689,1.07450664,0.16992681,0.11872675,0.88127325,-1.94446482
44900,0.19870339,0.19870339,323,98.73191977,3.27148505,1.00000000,0.19870339,nan,0.00542624,0,0,0,0.14556524,0.00890006,0.18350573,0.19428556,0.00024876,1.06608534,0.18415657,-0.01931999,1.01931999,-3.11907864
45000,0.89384341,0.89384341,322,98.90562857,3.25562867,1.00000000,0.89384341,nan,0.00000000,0,0,0,0.29100406,0.01221056,4.40068626,4.65588999,0.06221711,3.02104092,0.17540282,-0.29206569,1.29206569,11.13683701
45100,0.16271850,0.16271850,191,99.28150997,1.92382247,0.96708385,0.14232902,nan,0.00000000,0,0,0,0.15054995,0.01218432,0.22753090,0.23987433,0.01769236,1.77696943,0.21370697,-0.00856095,1.00856095,-1.17897564
45200,0.11059795,0.11059795,35,99.48636364,0.35180701,0.00000000,0.00000000,nan,0.00000000,0,0,0,0.13309270,0.01321494,0.06616422,0.06976770,0.00490502,1.41215539,0.34346852,0.10891640,0.89108360,-1.93485987
45300,0.28467664,0.28467664,292,99.56351275,2.93280130,0.99999968,0.28467627,nan,0.00000000,0,0,0,0.14999326,0.01075372,0.07155008,0.07574262,0.00027693,1.40584004,0.20163086,-0.06585388,1.06585388,-0.90172229
45400,0.21120444,0.21120444,234,99.77607345,2.34525164,0.99928183,0.21059837,nan,0.00000000,0,0,0,0.11393698,0.00791958,0.34220505,0.36199105,0.00584312,1.09907591,0.18184081,-0.13323250,1.13323250,-4.86343590
45500,0.28062969,0.28062969,47,100.05174648,0.46975692,0.00000000,0.00000000,nan,0.00000000,0,0,0,0.09066401,0.01352426,0.14929670,0.15780096,0.00472422,0.96662194,0.23470868,0.10515015,0.89484985,-3.58102266
45600,0.52186710,0.52186710,51,100.28963483,0.50852713,0.00000000,0.00000000,nan,0.00000000,0,0,0,0.11911353,0.02070343,0.37849763,0.39995658,0.01369505,1.27332294,0.68040508,-0.13456217,1.13456217,1.62667735
45700,0.23256795,0.23256795,108,100.50481793,1.07457535,0.02200032,0.00000005,nan,0.00000000,0,0,0,0.08570483,0.01568363,0.07939209,0.08283658,0.02083569,0.80221230,0.31650445,0.00369974,0.99630026,-2.21071811
45800,1.34747696,1.34747696,483,100.65377095,4.79862796,1.00000000,1.34747696,nan,0.00000000,0,0,0,0.10547162,0.00779185,1.58744097,1.68077874,0.00070089,0.82704061,0.19338840,0.06731452,0.93268548,8.21127065
45900,0.54201549,0.54201549,203,100.77908078,2.01430692,0.98367853,0.50748648,nan,0.01083230,0,0,0,0.10422584,0.01434446,0.13720949,0.14360332,0.02851430,0.98115456,0.29646060,0.01019758,0.98980242,-0.03360450
46000,0.22744004,0.22744004,292,100.93397222,2.89298037,0.99999940,0.22743950,nan,0.00000000,0,0,0,0.24025011,0.01925353,0.05769356,0.06103042,0.00096694,3.04005098,0.27353287,0.08146179,0.91853821,4.06153917
46100,1.92600965,1.92600965,185,100.99293629,1.83181128,0.93718994,1.48582935,nan,0.04944508,0,0,0,0.10394599,0.03243835,1.07732713,1.11402178,0.45351633,0.99742573,0.47214344,-0.08054048,1.08054048,24.71771774
46200,0.55271220,0.55271220,22,101.14980663,0.21749918,0.00000000,0.00000000,nan,0.00000000,0,0,0,0.12876412,0.01156330,1.50238550,1.59071958,0.00070607,1.35565495,0.27508673,0.03948968,0.96051032,0.93399769
46300,0.93947345,0.93947345,27,101.25143251,0.26666289,0.00000000,0.00000000,nan,0.01170191,0,0,0,0.13474756,0.01690708,0.58540303,0.61967379,0.00279929,1.34429276,0.32929820,0.09222617,0.90777383,4.05293814
46400,0.58133197,0.58133197,155,101.50151099,1.52707086,0.67084114,0.11773429,nan,0.00000000,0,0,0,0.12170050,0.01156500,0.71112740,0.75295502,0.00005725,1.30840409,0.22183210,-0.01098112,1.01098112,0.99419371
46500,0.35371014,0.35371014,69,101.72293151,0.67831313,0.00000000,0.00000000,nan,0.00000000,0,0,0,0.14387554,0.01282575,0.14847469,0.15675862,0.00764791,1.08890700,0.16726170,-0.03459786,1.03459786,-1.88162717
46600,0.29262069,0.29262069,52,101.82756831,0.51066721,0.00000000,0.00000000,nan,0.04086960,0,0,0,0.10952860,0.01911916,0.15124850,0.15870628,0.02446639,1.25957823,0.38844168,-0.03190254,1.03190254,-2.13501302
46700,0.38638154,0.38638154,110,102.07103542,1.07768085,0.02384828,0.00000012,nan,0.00000000,0,0,0,0.15101969,0.01573541,0.20378707,0.21568988,0.00143923,1.38123679,0.30220354,0.10369461,0.89630539,nan
46800,0.27339888,0.27339888,355,102.43222826,3.46570612,1.00000000,0.27339888,nan,0.00000000,0,0,0,0.06572517,0.01311180,0.12657844,0.13390057,0.00210213,0.60673940,0.14827935,-0.06064640,1.06064640,-6.85240316
46900,0.11850013,0.11850013,309,102.70262873,3.00868638,0.99999990,0.11850008,nan,0.00000000,0,0,0,0.07643945,0.00687226,0.08218189,0.08641581,0.01020536,0.75130296,0.11311669,-0.14963411,1.14963411,-8.50903583
47000,0.03680315,0.03680315,441,102.93467568,4.28427055,1.00000000,0.03680315,nan,0.00000000,0,0,0,0.33270776,0.01411658,0.08926031,0.09398749,0.00889813,3.60916901,0.16225845,-0.02185952,1.02185952,4.30950558
47100,0.30570918,0.30570918,135,103.11549865,1.30921153,0.31781001,0.00311874,nan,0.00000000,0,0,0,0.13702986,0.01859429,0.20811757,0.22023492,0.00212283,1.51570439,0.56177914,0.07641797,0.92358203,-1.12321961
47200,0.56107765,0.56107765,158,103.33473118,1.52901157,0.67352862,0.11546416,nan,0.00000000,0,0,0,0.12504679,0.01808083,0.32939708,0.34735158,0.02417114,1.13725483,0.38003066,-0.02850259,1.02850259,0.75607109
47300,0.33148292,0.33148292,403,103.57477212,3.89090887,1.00000000,0.33148292,nan,0.00000000,0,0,0,0.10060576,0.00635654,0.08737513,0.09242176,0.00158239,1.15074718,0.12402315,-0.27803591,1.27803591,-3.28358905
47400,0.60182041,0.60182041,43,103.79326203,0.41428508,0.00000000,0.00000000,nan,0.00000000,0,0,0,0.16401525,0.01681528,0.34745988,0.36424887,0.06204684,1.17262268,0.36388880,-0.06769086,1.06769086,3.54774658
47500,0.35225034,0.35225034,246,104.05752000,2.36407710,0.99941437,0.35142591,nan,0.00000000,0,0,0,0.09002971,0.00903792,0.24892184,0.26134345,0.03775444,0.92735493,0.13652049,0.07007219,0.92992781,-4.14365560
47600,0.25417891,0.25417891,287,104.34492021,2.75049326,0.99999525,0.25417408,nan,0.00000000,0,0,0,0.05927880,0.01204380,0.07862769,0.08293709,0.00536787,0.64780194,0.19666280,0.14750321,0.85249679,-7.07513064
47700,0.24627720,0.24627720,232,104.50702918,2.21994637,0.99740216,0.24372800,nan,0.00000000,0,0,0,0.13601351,0.02268967,0.24880525,0.26336679,0.00125973,1.34688020,0.44890001,-0.12509465,1.12509465,-1.47528821
47800,0.59930825,0.59930825,115,104.79060847,1.09742659,0.03725602,0.00000115,nan,0.00000000,0,0,0,0.08687821,0.01459464,0.44228533,0.46609384,0.03754054,0.87681794,0.30840835,-0.22836557,1.22836557,0.50051606
47900,0.33635104,0.33635104,168,105.01116095,1.59982995,0.76287880,0.11392393,nan,0.00000000,0,0,0,0.16656893,0.01716615,0.32147136,0.34037444,0.00011910,1.25210142,0.51446611,-0.02017173,1.02017173,-0.97969681
48000,0.11449662,0.11449662,365,105.18410526,3.47010605,1.00000000,0.11449662,nan,0.00070065,0,0,0,0.29381126,0.01560030,0.15648574,0.16283177,0.04860339,3.40157032,0.40149361,0.03906804,0.96093196,4.35172017
48100,0.81382293,0.81382293,29,105.36687664,0.27522881,0.00000000,0.00000000,nan,0.00000000,0,0,0,0.10788504,0.01042501,0.63154721,0.66857785,0.00202626,0.79777932,0.10781252,0.13713963,0.86286037,0.22853363
48200,0.74933565,0.74933565,264,105.56900524,2.50073399,0.99987767,0.74896906,nan,0.01655816,0,0,0,0.12574868,0.01297685,0.20519230,0.21565731,0.02728734,0.89772159,0.32522392,-0.12094786,1.12094786,1.55814600
48300,0.71464700,0.71464700,68,105.71592689,0.64323326,0.00000000,0.00000000,nan,0.03241918,0,0,0,0.14543186,0.02286520,0.79812527,0.84488940,0.00313449,1.07991123,0.32129166,-0.01356463,1.01356463,2.15615416
48400,0.97890198,0.97890198,97,105.86192708,0.91628787,0.00000000,0.00000000,nan,0.00000000,0,0,0,0.11220079,0.01217912,0.27047428,0.27563673,0.18271269,0.78462815,0.21939762,-0.03972284,1.03972284,2.98392302
48500,0.58679938,0.58679938,47,106.09636364,0.44299351,0.00000000,0.00000000,nan,0.00000000,0,0,0,0.12291536,0.01607020,0.12264749,0.12941505,0.00759920,1.09435248,0.33424225,0.06728327,0.93271673,nan
48600,0.35796425,0.35796425,249,106.25725389,2.34336943,0.99926715,0.35691606,nan,0.00000000,0,0,0,0.07477795,0.01363638,0.10204361,0.10791741,0.00218900,0.88788623,0.35315812,0.06237565,0.93762435,-6.78817209
48700,1.54241180,1.54241180,74,106.44072351,0.69522263,0.00000000,0.00000000,nan,0.00000000,0,0,0,0.08995528,0.02301929,1.82200027,1.92917609,0.00001093,1.33554792,0.77728003,0.05016122,0.94983878,21.63516598
48800,0.13778667,0.13778667,256,106.67902062,2.39972207,0.99960510,0.13756915,nan,0.00000000,0,0,0,0.06372970,0.01254861,0.08377843,0.08855525,0.00257250,0.76328510,0.28707784,-0.00573234,1.00573234,-7.48649669
48900,0.41987455,0.41987455,107,106.97228792,1.00025906,0.00000027,0.00000000,nan,0.00000000,0,0,0,0.08436891,0.01010213,0.12619981,0.13355143,0.00122246,0.95754993,0.16734344,0.07197038,0.92802962,-4.02815406
49000,0.16884851,0.16884851,390,107.15764103,3.63949781,1.00000000,0.16884851,nan,0.00000000,0,0,0,0.31661928,0.01926725,0.19003849,0.19941334,0.03066589,3.42214108,0.39206627,-0.06534092,1.06534092,5.35923576
49100,1.25031102,1.25031102,277,107.29102302,2.58176306,0.99995496,1.25008576,nan,0.02692986,0,0,0,0.12253099,0.02899591,0.86652619,0.91155094,0.10110635,1.22001505,0.69379956,-0.02407054,1.02407054,14.71646214
49200,0.09577700,0.09577700,51,107.58369898,0.47404951,0.00000000,0.00000000,nan,0.00000000,0,0,0,0.14812826,0.02326536,0.03385452,0.03534257,0.00855766,1.35845017,0.37430441,-0.04408355,1.04408355,-0.14059929
49300,0.19517009,0.19517009,393,107.80231552,3.64556177,1.00000000,0.19517009,nan,0.00000000,0,0,0,0.15731724,0.01707979,0.14486113,0.15323341,0.00253224,1.17120886,0.29562894,0.01303076,0.98696924,-2.33920530
49400,0.07810446,0.07810446,275,107.99218274,2.54648062,0.99992996,0.07808258,nan,0.00000000,0,0,0,0.10117889,0.01261964,0.09439638,0.09994511,0.00006794,1.00856614,0.25382015,-0.07070909,1.07070909,-5.51997519
49500,0.24085110,0.24085110,153,108.18344304,1.41426447,0.49664531,0.01465325,nan,0.00000000,0,0,0,0.07971869,0.01637626,0.12744886,0.13481641,0.00220035,0.85183549,0.37860370,0.01742530,0.98257470,-5.61072222
49600,0.32232800,0.32232800,346,108.39325758,3.19208046,1.00000000,0.32232800,nan,0.00000000,0,0,0,0.10624769,0.00571886,0.11790481,0.12448823,0.00598669,0.94545829,0.10821345,0.06332042,0.93667958,-4.78144407
49700,0.63297153,0.63297153,26,108.58879093,0.23943539,0.00000000,0.00000000,nan,0.00929741,0,0,0,0.18989776,0.01999609,0.82139695,0.86644679,0.05554977,1.10865009,0.22111654,-0.02401453,1.02401453,2.88895750
49800,0.66468167,0.66468167,254,108.85902010,2.33329310,0.99918366,0.66251391,nan,0.00000000,0,0,0,0.07807051,0.00958518,0.15993363,0.16928242,0.00100401,0.75339383,0.22741193,-0.13887835,1.13887835,-2.49122310
49900,0.14778307,0.14778307,309,108.99127820,2.83508924,0.99999859,0.14778224,nan,0.01114390,0,0,0,0.10224745,0.01734515,0.05384949,0.05664470,0.00633092,1.11444426,0.38203749,0.07897415,0.92102585,-4.70455325
50000,4.93412542,4.93412542,384,109.24637500,3.51499077,1.00000000,4.93412542,nan,0.00000000,0,0,0,0.35344821,0.01349699,12.34303761,13.01572418,0.90736818,4.39502716,0.28633606,-0.07255257,1.07255257,53.95837688
50100,3.21717334,3.21717334,318,109.35349127,2.90800043,0.99999953,3.21716724,nan,0.43230608,0,0,0,0.14365417,0.01726181,8.66246223,9.14086342,0.52961814,1.83179140,0.21821232,0.15422941,0.84577059,23.84081078
50200,0.33002061,0.33002061,468,109.58037313,4.27083780,1.00000000,0.33002061,nan,0.47460604,0,0,0,0.26718050,0.01236998,0.72624028,0.76697743,0.03370919,2.72812366,0.22522534,-0.00154017,1.00154017,3.20930243
50300,2.28937340,2.28937340,452,109.77094293,4.11766528,1.00000000,2.28937340,nan,0.54914330,0,0,0,0.26063150,0.01272713,4.53195429,4.78590012,0.21487473,2.55913830,0.19435447,-0.01712895,1.01712895,21.14773814
50400,0.51668471,0.51668471,97,109.95591584,0.88217173,0.00000000,0.00000000,nan,0.65320232,0,0,0,0.27070257,0.01095783,2.08519959,2.20461082,0.05520547,3.08552456,0.20390698,-0.03250826,1.03250826,3.20786393
50500,0.56426281,0.56426281,275,110.18812346,2.49573177,0.99987011,0.56396971,nan,0.66884500,0,0,0,0.28090295,0.01726457,0.69003922,0.72969538,0.01588422,2.70702076,0.26514754,-0.04240587,1.04240587,4.43834867
50600,1.51535928,1.51535928,122,110.39874384,1.10508504,0.04321011,0.00000528,nan,0.74731575,0,0,0,0.32279032,0.02834680,3.09562302,3.27158594,0.10425147,3.34747338,0.62720436,0.07127619,0.92872381,18.42642746
50700,0.44571537,0.44571537,192,110.71257985,1.73422027,0.88424942,0.27249388,nan,0.76030946,0,0,0,0.24846752,0.01299049,0.98830390,1.04456007,0.03195057,2.10655522,0.23902678,-0.03077931,1.03077931,2.44357364
50800,0.63002771,0.63002771,78,110.91539216,0.70323873,0.00000000,0.00000000,nan,0.81925142,0,0,0,0.19947079,0.01217561,3.43908358,3.63564467,0.09754700,2.29682708,0.34355134,0.05218807,0.94781193,2.78466320
50900,0.19675162,0.19675162,552,111.16393643,4.96563920,1.00000000,0.19675162,nan,0.89129565,0,0,0,0.17852865,0.01082823,0.69033158,0.72735947,0.06085609,1.96063101,0.16546305,-0.05230856,1.05230856,-3.63331461
51000,0.34745786,0.34745786,401,111.48146341,3.59701055,1.00000000,0.34745786,nan,0.94710753,0,0,0,0.74274480,0.01218437,2.16726041,2.26638341,0.48216885,9.68838501,0.27087885,0.02396209,0.97603791,14.07856941
51100,0.83720905,0.83720905,28,111.60905109,0.25087571,0.00000000,0.00000000,nan,0.95891078,0,0,0,0.29727355,0.02523639,1.99291885,2.10669398,0.05874532,2.40847445,0.35361192,0.01733123,0.98266877,9.01986694
51200,0.81360650,0.81360650,69,111.91228155,0.61655431,0.00000000,0.00000000,nan,0.97294525,0,0,0,0.24580257,0.01415847,3.74163866,3.95542598,0.10725971,2.31769347,0.23079327,-0.05267295,1.05267295,5.87850857
51300,0.32482445,0.32482445,36,112.22668281,0.32077933,0.00000000,0.00000000,nan,1.00874946,0,0,0,0.24555060,0.01630307,1.01004493,1.06845951,0.01699778,2.39556837,0.36077678,-0.03902901,1.03902901,2.09245074
51400,0.27632970,0.27632970,308,112.50913043,2.73755560,0.99999431,0.27632340,nan,1.09421362,0,0,0,0.23647544,0.01067241,1.14145875,1.20599747,0.04430007,2.65166903,0.17037427,-0.01356784,1.01356784,-0.11822577
51500,0.19857277,0.19857277,446,112.75132530,3.95560761,1.00000000,0.19857277,nan,1.13195946,0,0,0,0.21385226,0.00608999,0.77736229,0.82308871,0.00001369,2.41159058,0.15814248,-0.01370036,1.01370036,-2.11045766
51600,0.77950394,0.77950394,208,113.08461538,1.83933066,0.94026898,0.60929379,nan,1.12728838,0,0,0,0.17156249,0.01924663,0.58502895,0.60405946,0.26151067,1.97023308,0.50049680,-0.04937393,1.04937393,3.11768916
51700,0.47737154,0.47737154,55,113.36155875,0.48517329,0.00000000,0.00000000,nan,1.14150105,0,0,0,0.26033163,0.02321673,2.02768040,2.13958859,0.12524042,2.78263450,0.49916327,0.05717246,0.94282754,3.07316852
51800,1.37559009,1.37559009,36,113.66162679,0.31672959,0.00000000,0.00000000,nan,1.13836201,0,0,0,0.30540115,0.01301209,6.30017614,6.66868258,0.03555881,2.68005848,0.14261363,-0.03747753,1.03747753,12.21759733
51900,0.38481224,0.38481224,264,113.85735084,2.31869087,0.99904689,0.38334726,nan,1.14963554,0,0,0,0.23494188,0.01402912,0.66339946,0.70183343,0.01002200,2.14758396,0.27361116,-0.00874863,1.00874863,2.02466655
52000,0.23074566,0.23074566,305,114.09726190,2.67315793,0.99998630,0.23073301,nan,1.16054168,0,0,0,0.69511813,0.02286500,2.26744223,2.39395261,0.11676774,7.37658882,0.34421796,-0.06942496,1.06942496,11.64541467
52100,0.48554981,0.48554981,314,114.28363420,2.74755001,0.99999505,0.48554019,nan,1.18780374,0,0,0,0.20724866,0.01857704,2.47992110,2.61693382,0.15070784,2.15923452,0.27463129,-0.11578986,1.11578986,0.26157304
52200,0.25221893,0.25221893,446,114.51315166,3.89474915,1.00000000,0.25221893,nan,1.19507898,0,0,0,0.19383204,0.01461333,0.28458607,0.30132574,0.00001218,2.30423188,0.37775171,0.15993834,0.84006166,0.18650541
52300,0.26168787,0.26168787,71,114.73631206,0.61881020,0.00000000,0.00000000,nan,1.19877037,0,0,0,0.25854900,0.02222710,0.76601219,0.81099820,0.00124986,2.66177106,0.22647738,-0.03716433,1.03716433,0.48541484
52400,0.27234948,0.27234948,156,114.93004717,1.35734739,0.39997781,0.00697060,nan,1.21628024,0,0,0,0.20687827,0.01351180,1.41520202,1.49785507,0.01010202,2.37143803,0.30249155,-0.08571484,1.08571484,0.20823696
52500,0.13133137,0.13133137,520,115.16169412,4.51539033,1.00000000,0.13133137,nan,1.20847514,0,0,0,0.17018816,0.01005712,0.16213979,0.17140067,0.00470500,1.73722863,0.16128479,-0.05139121,1.05139121,-6.07573557
52600,0.42077997,0.42077997,459,115.35605634,3.97898485,1.00000000,0.42077997,nan,1.22874994,0,0,0,0.20494278,0.01309397,0.68607765,0.72586286,0.00972925,2.09792066,0.18928528,0.09313518,0.90686482,2.36576137
52700,1.02825248,1.02825248,65,115.57775176,0.56239197,0.00000000,0.00000000,nan,1.25295699,0,0,0,0.23730196,0.01121513,1.25790954,1.33181858,0.00145729,2.39878058,0.23042862,-0.01471440,1.01471440,6.37215551
52800,1.73592257,1.73592257,294,115.74829439,2.53999423,0.99992412,1.73539573,nan,1.26298693,0,0,0,0.22429824,0.01907676,2.03834057,2.14708447,0.18969308,2.03425550,0.29332787,0.05751620,0.94248380,16.52543020
52900,0.69176126,0.69176126,169,115.91731935,1.45793572,0.56777997,0.07189133,nan,1.28394593,0,0,0,0.17016351,0.01627710,1.96390176,2.07478333,0.07891295,1.73254859,0.20733544,0.12248421,0.87751579,2.63305621
53000,0.30731994,0.30731994,636,116.14988372,5.47568348,1.00000000,0.30731994,nan,1.27198797,0,0,0,0.58407640,0.01501745,3.59775591,3.80872893,0.01121704,7.71575832,0.39938542,-0.09821267,1.09821267,9.90682125
53100,1.30038404,1.30038404,0,0.00000000,0.00000000,0.00000000,0.00000000,nan,0.00000000,0,0,0,0.99919003,0.00467203,32.10375977,33.98043823,0.20022504,26.78473663,0.09648373,nan,nan,28.12459437
53200,1.81222558,1.81222558,0,0.08910891,0.00000000,0.00000000,0.00000000,nan,0.00000000,0,0,0,1.01355982,0.00444840,27.39024734,28.98356438,0.30385643,27.26091957,0.10504921,-0.00062544,1.00062544,32.69509125
53300,0.75299042,0.75299042,1,0.38805970,2.57692301,0.99995212,0.75284621,nan,0.00000000,0,0,0,1.03803110,0.00453492,27.47893333,29.08744812,0.13418782,28.13062477,0.16322576,0.09422103,0.90577897,23.92902501
53400,1.06897330,1.06897330,2,0.69102990,2.89423073,0.99999942,1.06897080,nan,0.00000000,0,0,0,1.07632875,0.00721339,39.45030212,41.73917770,0.53934664,28.75075340,0.12213746,-0.40845081,1.40845081,26.84113455
53500,0.99802101,0.99802101,1,1.03241895,0.96859902,0.00000000,0.00000000,nan,0.00000000,0,0,0,1.09769201,0.00635869,35.13398361,37.19965363,0.01755774,29.39204979,0.17404723,-0.10668738,1.10668738,26.24911356
53600,0.37028810,0.37028810,7,1.30139721,5.37883431,1.00000000,0.37028810,nan,0.00000000,0,0,0,1.10491371,0.00669438,10.64848804,11.27326202,0.02735318,29.26638412,0.27836472,-0.35638504,1.35638504,20.61129061
53700,0.82976955,0.82976955,0,1.70549085,0.00000000,0.00000000,0.00000000,nan,0.00000000,0,0,0,1.07057464,0.00875943,32.94474030,34.86947632,0.22423986,28.55776596,0.25041422,-0.16136231,1.16136231,24.41896486
53800,0.85846841,0.85846841,2,2.02853067,0.98593530,0.00000000,0.00000000,nan,0.00000000,0,0,0,1.03975976,0.00960144,10.06765556,10.65259743,0.12364619,26.87972260,0.24114913,-0.01130677,1.01130677,24.23695612
53900,0.44395655,0.44395655,3,2.30087391,1.30385241,0.30878554,0.00403616,nan,0.00000000,0,0,0,0.95848888,0.02036153,6.72728300,7.11528015,0.13133158,23.80451393,0.41304022,-0.20534092,1.20534092,19.95704422
54000,0.68113351,0.68113351,6,2.56159822,2.34228769,0.99925858,0.67911573,nan,0.00000000,0,0,0,0.93243039,0.00703943,7.29116058,7.71936464,0.01168947,23.66439438,0.08782866,-0.09594137,1.09594137,22.12646866
54100,0.76570439,0.76570439,6,2.88711289,2.07820068,0.99043904,0.73683821,nan,0.00000000,0,0,0,0.85011309,0.06292151,12.38996792,13.11580086,0.05080824,16.19674683,1.65678418,-0.22958640,1.22958640,20.73023987
54200,0.74149424,0.74149424,0,3.15803815,0.00000000,0.00000000,0.00000000,nan,0.00000000,0,0,0,0.59411579,0.04732113,10.52096844,11.12888241,0.18643096,10.62815857,1.30149639,-0.06842540,1.06842540,19.75497564
54300,0.19994301,0.19994301,14,3.49625312,4.00428672,1.00000000,0.19994301,nan,0.00000000,0,0,0,0.57809949,0.04427035,0.30602825,0.32396409,0.00111893,10.00987530,1.72215462,0.18387137,0.81612863,13.22762267
54400,0.53243357,0.53243357,22,3.93235972,5.59460515,1.00000000,0.53243357,nan,0.00000000,0,0,0,0.49204868,0.04250448,1.59585297,1.68963468,0.00156282,6.45188999,1.00503755,0.01525464,0.98474536,13.77373075
54500,0.27533597,0.27533597,14,4.13062099,3.38932088,1.00000000,0.27533597,nan,0.00000000,0,0,0,0.49129146,0.06038170,1.21465087,1.28534436,0.01286071,6.63186979,1.74925947,0.07218352,0.92781648,12.19671488
54600,0.29040521,0.29040521,5,4.44037308,1.12603151,0.06155944,0.00000417,nan,0.00000000,0,0,0,0.43830001,0.04369225,0.39866585,0.42184091,0.00469063,6.01142550,1.18918777,0.00849646,0.99150354,10.64102316
54700,0.42735243,0.42735243,7,4.70643348,1.48732581,0.61323801,0.06043693,nan,0.00000000,0,0,0,0.42536131,0.08087453,1.08836317,1.14956307,0.04796750,4.94244766,1.70290482,0.05884466,0.94115534,13.16880067
54800,0.39002711,0.39002711,5,5.01293357,0.99741996,0.00000000,0.00000000,nan,0.00000000,0,0,0,0.32568195,0.05599615,0.75827974,0.80002522,0.04860725,3.80996799,1.13391805,-0.01107724,1.01107724,9.98259640
54900,0.60329872,0.60329872,12,5.32426430,2.25383251,0.99814224,0.59882806,nan,0.00000000,0,0,0,0.39913824,0.03110531,1.88596010,1.99585903,0.01767469,5.40975094,0.83811212,0.01872590,0.98127410,13.68147405
55000,0.34126237,0.34126237,8,5.65754866,1.41403998,0.49627078,0.02069966,nan,0.00000000,0,0,0,0.65578067,0.01460836,2.39005947,2.50752044,0.39322644,12.08946609,0.51197231,0.12516769,0.87483231,15.25967741
55100,0.37644705,0.37644705,19,5.83308346,3.25728238,1.00000000,0.37644705,nan,0.00000000,0,0,0,0.28119031,0.01988981,0.46452224,0.49183610,0.00018606,2.81081510,0.47631443,-0.02430556,1.02430556,7.07660294
55200,0.80853975,0.80853975,4,6.15754403,0.64960965,0.00000000,0.00000000,nan,0.00000000,0,0,0,0.27557170,0.03367083,0.43034354,0.45528245,0.00638208,3.91077209,1.15467966,0.04504863,0.95495137,11.45907545
55300,0.71253949,0.71253949,1,6.46160836,0.15476023,0.00000000,0.00000000,nan,0.00000000,0,0,0,0.27738205,0.03751392,1.13794994,1.20226431,0.04460526,2.85356712,1.08004522,-0.13633783,1.13633783,13.56108284
55400,0.47330374,0.47330374,13,6.73011734,1.93161565,0.96893368,0.41717294,nan,0.00000000,0,0,0,0.26314947,0.02681852,0.69252729,0.72967106,0.06108364,2.66748047,0.87556386,-0.00994071,1.00994071,9.29923042
55500,0.27976289,0.27976289,9,6.99500208,1.28663292,0.28009335,0.00172187,nan,0.00000000,0,0,0,0.24039203,0.02783403,0.95470494,1.00997663,0.01508586,2.93908596,0.70354104,-0.02710315,1.02710315,5.60961461
55600,0.88321650,0.88321650,4,7.24470212,0.55212760,0.00000000,0.00000000,nan,0.00000000,0,0,0,0.22903174,0.03981062,2.19510770,2.31129813,0.21987036,2.97802901,1.07331491,0.06563102,0.93436898,11.46364105
55700,0.58768821,0.58768821,8,7.46097655,1.07224570,0.02066133,0.00000011,nan,0.00000000,0,0,0,0.27996662,0.04352900,1.41747344,1.49780989,0.05175412,2.89097977,1.05130398,-0.04427654,1.04427654,9.29237115
55800,0.17581813,0.17581813,17,7.70677527,2.20585127,0.99702142,0.17373272,nan,0.00000000,0,0,0,0.29760972,0.02152457,0.27296469,0.28860906,0.00701091,3.46495438,0.61076069,0.19978254,0.80021746,5.84619641
55900,0.66110051,0.66110051,14,7.97786505,1.75485545,0.89763670,0.42921006,nan,0.00000000,0,0,0,0.26872012,0.02222034,0.81728011,0.85745466,0.13431427,2.53095031,0.42137972,0.06141228,0.93858772,8.07873392
56000,0.78035021,0.78035021,12,8.25129266,1.45431758,0.56203569,0.07786551,nan,0.00000000,0,0,0,0.56323242,0.01774400,5.04909945,5.34229898,0.06470172,10.33137798,0.25748700,0.04447491,0.95552509,18.14217615
56100,0.52476740,0.52476740,0,8.34755082,0.00000000,0.00000000,0.00000000,nan,0.05832878,0,0,0,0.50493681,0.02391426,3.92193389,4.12881184,0.40500289,7.12947512,0.62137914,0.04776966,0.95223034,13.11766243
56200,0.48242241,0.48242241,13,8.45985166,1.53666997,0.68401439,0.10560596,nan,0.01349040,0,0,0,0.55075294,0.02187079,1.20826876,1.27873516,0.01034097,7.43648100,0.52062201,0.03557398,0.96442602,14.49085299
56300,0.46034303,0.46034303,20,8.53170884,2.34419626,0.99927363,0.45900698,nan,0.00000000,0,0,0,0.49096557,0.03117191,0.83831048,0.88641924,0.02046155,5.52070618,0.85167247,0.00815243,0.99184757,13.18033028
56400,0.31620365,0.31620365,21,8.75522569,2.39856752,0.99959997,0.31569799,nan,0.00000000,0,0,0,0.37567413,0.01927982,0.58454484,0.61829782,0.01074332,3.59389162,0.49825457,0.02535678,0.97464322,7.44885937
56500,0.62618965,0.62618965,9,8.91032049,1.01006468,0.00040511,0.00000000,nan,0.00000000,0,0,0,0.38500836,0.03749006,0.91131276,0.96362954,0.02192608,3.12986279,0.88237011,0.02430802,0.97569198,11.27640247
56600,0.43583152,0.43583152,0,8.99828620,0.00000000,0.00000000,0.00000000,nan,0.00000000,0,0,0,0.40334803,0.03495377,0.40327936,0.42297521,0.06844970,3.32031512,1.04564857,0.05005238,0.94994762,10.57817046
56700,1.00182664,1.00182664,17,9.28131075,1.83163784,0.93711741,0.77262474,nan,0.00000000,0,0,0,0.40952247,0.03709344,2.36771965,2.50627303,0.01231408,2.76754522,0.71297866,-0.09389845,1.09389845,14.86113803
56800,0.22066998,0.22066998,49,9.41934612,5.20205960,1.00000000,0.22066998,nan,0.00000000,0,0,0,0.60445797,0.02077184,1.03256226,1.09071159,0.04402388,10.19668293,1.05054593,0.02258966,0.97741034,12.61741257
56900,0.40890110,0.40890110,33,9.70560379,3.40009758,1.00000000,0.40890110,nan,0.00000000,0,0,0,0.51383632,0.01485252,2.57690358,2.70905209,0.33038011,7.40042639,0.47604311,-0.04810916,1.04810916,12.62544632
57000,1.78056824,1.78056824,29,10.02230197,2.89354682,0.99999941,1.78056404,nan,0.00000000,0,0,0,0.49002859,0.02720249,2.60632539,2.66622472,1.58803558,5.87963676,0.82966352,0.06295712,0.93704288,24.96845341
57100,0.23125927,0.23125927,19,10.39540115,1.82773129,0.93546557,0.17709666,nan,0.00000000,0,0,0,0.31049010,0.02362149,0.32362643,0.33713242,0.09402481,2.35296035,0.41865924,0.09386390,0.90613610,2.96749290
57200,0.39513481,0.39513481,32,10.79931724,2.96315029,0.99999980,0.39513449,nan,0.00000000,0,0,0,0.26811597,0.03462320,0.33630663,0.35574347,0.00588025,2.28917599,0.77561295,0.01192480,0.98807520,5.24118066
57300,0.10953700,0.10953700,20,11.23018329,1.78091483,0.91277915,0.07603677,nan,0.00000000,0,0,0,0.26499012,0.03361652,0.39678800,0.41946614,0.01125939,2.45035172,0.74970978,-0.01519145,1.01519145,1.68070948
57400,0.30523828,0.30523828,20,11.63799116,1.71850964,0.87318480,0.17744496,nan,0.00000000,0,0,0,0.25400493,0.01809378,0.42472166,0.44312713,0.11182938,2.11506367,0.37407058,-0.18605870,1.18605870,4.41509199
57500,0.53661311,0.53661311,72,12.11542831,5.94283570,1.00000000,0.53661311,nan,0.00000000,0,0,0,0.23165962,0.01758416,0.26976651,0.27217367,0.22884454,2.01566434,0.52351356,0.02443443,0.97556557,1.85562301
57600,0.25206098,0.25206098,62,12.59053544,4.92433386,1.00000000,0.25206098,nan,0.00000000,0,0,0,0.19520518,0.01540650,0.19203094,0.20036981,0.05027017,1.75777328,0.38531527,0.00748059,0.99251941,0.98753472
57700,0.21863179,0.21863179,46,13.06172571,3.52173985,1.00000000,0.21863179,nan,0.00000000,0,0,0,0.20948935,0.01885241,0.25044474,0.26158777,0.06101324,2.23905730,0.50800252,0.05616506,0.94383494,2.02997917
57800,0.35207132,0.35207132,53,13.49457562,3.92750402,1.00000000,0.35207132,nan,0.00000000,0,0,0,0.19071707,0.02951784,0.14089489,0.13961405,0.16266912,2.11491346,0.67908263,0.00369248,0.99630752,4.36694447
57900,0.13127261,0.13127261,39,13.97438034,2.79082142,0.99999732,0.13127120,nan,0.00000000,0,0,0,0.21239048,0.02518771,0.13003261,0.13284874,0.08215879,1.96575713,0.57871175,0.00585936,0.99414064,1.85340682
58000,0.70407093,0.70407093,39,14.59294022,2.67252517,0.99998618,0.70403200,nan,0.00000000,0,0,0,0.28899083,0.02231648,3.10162544,3.28206372,0.03417800,3.73045015,0.45401198,-0.05434092,1.05434092,10.09220950
58100,0.16030468,0.16030468,53,15.15936813,3.49618794,1.00000000,0.16030468,nan,0.00000000,0,0,0,0.14752302,0.01373188,0.19772656,0.20796534,0.02366744,1.43109214,0.38394773,0.09165271,0.90834729,-0.62919027
58200,0.14659031,0.14659031,59,15.73887473,3.74867968,1.00000000,0.14659031,nan,0.00000000,0,0,0,0.16769071,0.01267607,0.29396057,0.31034520,0.01542190,1.81059241,0.28941229,0.11203844,0.88796156,-1.19806660
58300,0.96956921,0.96956921,22,16.29378966,1.35020768,0.38772986,0.02191270,nan,0.00000000,0,0,0,0.15049054,0.01862114,0.85176927,0.90150678,0.00623265,1.17978716,0.25507450,-0.02448554,1.02448554,4.27153397
58400,0.15462126,0.15462126,59,16.81041313,3.50972933,1.00000000,0.15462126,nan,0.00000000,0,0,0,0.22263855,0.01207129,0.14672521,0.15379465,0.02654463,3.11345005,0.38876045,-0.18110937,1.18110937,2.57639746
58500,0.59922653,0.59922653,70,17.49842622,4.00035975,1.00000000,0.59922653,nan,0.00000000,0,0,0,0.11408938,0.01895334,0.19044791,0.20164661,0.00007008,1.05528367,0.37620145,-0.01699215,1.01699215,1.16396570
58600,0.78470635,0.78470635,13,18.15324486,0.71612541,0.00000000,0.00000000,nan,0.00000000,0,0,0,0.12304972,0.01591113,2.18228436,2.31063843,0.00027010,1.72017920,0.69893128,0.07907816,0.92092184,8.01998055
58700,0.25707647,0.25707647,43,18.72808427,2.29601701,0.99879182,0.25583634,nan,0.00000000,0,0,0,0.10459732,0.01623501,0.18875003,0.19982795,0.00042532,1.34510612,0.52944875,-0.08321930,1.08321930,-1.71607482
58800,1.00110579,1.00110579,27,19.43413436,1.38930808,0.45460400,0.04275757,nan,0.00000000,0,0,0,0.07112258,0.01410087,0.17810489,0.18424098,0.07379133,0.73190141,0.20896561,-0.09646085,1.09646085,2.63481593
58900,0.13550943,0.13550943,58,20.11256680,2.88376917,0.99999932,0.13550906,nan,0.00000000,0,0,0,0.10172217,0.01419469,0.06258902,0.06543387,0.01422643,1.18872881,0.30997768,-0.00416811,1.00416811,-4.32139605
59000,0.58817399,0.58817399,83,20.82511439,3.98557234,1.00000000,0.58817399,nan,0.00000000,0,0,0,0.24189939,0.01368322,0.78878772,0.82877070,0.10907742,3.75379944,0.31624651,-0.07028823,1.07028823,8.34266043
59100,0.40440166,0.40440166,55,21.39043493,2.57124271,0.99994857,0.40431847,nan,0.00000000,0,0,0,0.11620304,0.01042360,0.23357861,0.24657142,0.01270077,1.32368910,0.20449945,0.05686315,0.94313685,-0.44928652
59200,0.20891401,0.20891401,42,22.04376332,1.90530080,0.96230690,0.17915213,nan,0.00000000,0,0,0,0.09552419,0.00889902,0.16993710,0.17976800,0.00281193,1.26979458,0.30192506,-0.04694086,1.04694086,-4.20457133
59300,0.35825238,0.35825238,73,22.67327850,3.21964907,1.00000000,0.35825237,nan,0.00000000,0,0,0,0.10281530,0.01407435,0.28391713,0.29957578,0.01772018,1.42854619,0.33835185,0.00451499,0.99548501,-1.69740552
59400,1.04352009,1.04352009,101,23.23250278,4.34735771,1.00000000,1.04352009,nan,0.00000000,0,0,0,0.12118767,0.01418005,3.81125689,4.02634239,0.15479830,1.78300619,0.32098219,0.21148343,0.78851657,7.37379535
59500,0.41492641,0.41492641,133,23.88204968,5.56903623,1.00000000,0.41492641,nan,0.00000000,0,0,0,0.07124355,0.01060977,0.25269026,0.26746857,0.00145956,0.94363964,0.25781760,0.07732476,0.92267524,-4.68665898
59600,0.47047663,0.47047663,49,24.57268113,1.99408440,0.98079943,0.43537037,nan,0.00000000,0,0,0,0.11835811,0.04234065,0.28169489,0.29333779,0.08376561,1.64416802,0.59851623,0.16849644,0.83150356,4.44383961
59700,0.22959392,0.22959392,108,25.17012574,4.29080097,1.00000000,0.22959392,nan,0.00000000,0,0,0,0.10492767,0.02051445,0.34377494,0.36258641,0.02398065,1.38507819,0.27286789,-0.01752131,1.01752131,-1.28696426
59800,0.24351300,0.24351300,78,25.84062080,3.01850333,0.99999992,0.24351292,nan,0.00000000,0,0,0,0.08373974,0.00742389,0.06809956,0.07172170,0.00652308,1.19908774,0.16771470,-0.03558773,1.03558773,-4.84834905
59900,0.51539999,0.51539999,91,26.57476842,3.42430077,1.00000000,0.51539999,nan,0.00000000,0,0,0,0.06355423,0.01278280,0.27229410,0.28446472,0.06539377,1.03207922,0.38293421,-0.03534554,1.03534554,-2.49149426
60000,2.14433217,2.14433217,118,27.07259817,4.35865074,1.00000000,2.14433217,nan,0.00000000,0,0,0,0.14208566,0.01209931,1.14418650,1.20177078,0.16525255,2.26054859,0.24992698,-0.05062126,1.05062126,17.20055056
60100,0.49750021,0.49750021,71,27.67976003,2.56505114,0.99994441,0.49738960,nan,0.00000000,0,0,0,0.13885832,0.01583438,0.79116505,0.83675331,0.01616384,2.26888394,0.26137367,0.03907052,0.96092948,3.00407910
60200,0.36336169,0.36336169,97,28.41163216,3.41409460,1.00000000,0.36336169,nan,0.00000000,0,0,0,0.07562665,0.01065930,0.05028760,0.05178276,0.02487006,1.03505778,0.35457814,-0.09144267,1.09144267,-2.36855221
60300,0.41092759,0.41092759,77,29.04957645,2.65064106,0.99998151,0.41089721,nan,0.00000000,0,0,0,0.09465536,0.01775539,0.12339057,0.12814650,0.04253997,1.47302711,0.63464618,0.05187376,0.94812624,-1.98572519
60400,0.68146664,0.68146664,151,29.83221477,5.06164229,1.00000000,0.68146664,nan,0.00000000,0,0,0,0.07887408,0.00720059,0.11851258,0.11800940,0.12706648,0.97351891,0.15487918,0.07590781,0.92409219,-0.85764608
60500,0.85874611,0.85874611,71,30.60113498,2.32017538,0.99906171,0.85552764,nan,0.00000000,0,0,0,0.06894721,0.01781147,0.35788608,0.37505060,0.06608937,1.13767624,0.44880185,0.05072518,0.94927482,2.24291894
60600,0.43093646,0.43093646,42,31.19744034,1.34626429,0.38096647,0.00907737,nan,0.00000000,0,0,0,0.09516430,0.01688851,0.96146178,1.01693749,0.01837681,1.77136695,0.36831430,0.04793906,0.95206094,-0.25296120
60700,0.42638412,0.42638412,65,31.89027760,2.03823876,0.98659006,0.40396893,nan,0.00000000,0,0,0,0.08551235,0.00900152,0.23832443,0.25163224,0.01209159,1.27978826,0.16537489,0.07593463,0.92406537,-2.26064229
60800,0.10214859,0.10214859,145,32.54746137,4.45503255,1.00000000,0.10214859,nan,0.00000000,0,0,0,0.10643415,0.01075408,0.16785234,0.17741737,0.00524674,1.81716406,0.20413965,0.10789349,0.89210651,-3.70210207
60900,0.45440340,0.45440340,24,33.14344315,0.72412513,0.00000000,0.00000000,nan,0.00000000,0,0,0,0.07721119,0.02507143,0.23285988,0.24650049,0.00096921,1.30186355,0.59175336,-0.01567641,1.01567641,0.91718880
61000,2.51358676,2.51358676,139,33.56385268,4.14136009,1.00000000,2.51358676,nan,0.00000000,0,0,0,0.13127726,0.01379598,1.13614929,1.19856048,0.07515901,2.05599618,0.40919435,-0.00021629,1.00021629,23.45705414
61100,0.16843076,0.16843076,33,34.01524809,0.97015315,0.00000000,0.00000000,nan,0.01190941,0,0,0,0.13299282,0.01513099,0.08250413,0.08183356,0.09390381,1.64803791,0.45076954,0.02222129,0.97777871,-1.99188049
61200,0.12083486,0.12083486,83,34.59153191,2.39943117,0.99960382,0.12064349,nan,0.00000000,0,0,0,0.09384707,0.01550237,0.19604659,0.20748273,0.00163238,1.16445482,0.37331173,-0.03165121,1.03165121,-4.87239635
61300,0.91034645,0.91034645,101,35.10084136,2.87742390,0.99999925,0.91034371,nan,0.00000000,0,0,0,0.10444817,0.01271525,0.53392142,0.56490970,0.00712057,1.04595125,0.17073694,-0.08196310,1.08196310,2.94837332
61400,0.37406415,0.37406415,98,35.44006746,2.76523176,0.99999614,0.37405837,nan,0.00000000,0,0,0,0.16188519,0.03363024,0.49309751,0.52121162,0.01515734,1.84400856,0.53572452,-0.08161907,1.08161907,3.12272260
61500,0.26366293,0.26366293,71,35.89941674,1.97774801,0.97815896,0.24137197,nan,0.00000000,0,0,0,0.13838603,0.01507736,0.31718838,0.33579579,0.00086213,1.80687475,0.43775830,-0.00930195,1.00930195,-0.16067439
61600,0.08349866,0.08349866,95,36.42971415,2.60776133,0.99996767,0.08348787,nan,0.00000000,0,0,0,0.16509403,0.00826756,0.19515416,0.20503080,0.02725130,2.54210377,0.16406699,0.01374329,0.98625671,1.47482300
61700,0.12390184,0.12390184,67,36.80420881,1.82044397,0.93228945,0.09360108,nan,0.00000000,0,0,0,0.14860418,0.02670383,0.13608225,0.14408679,0.00000508,2.19331312,0.64481491,0.01633899,0.98366101,-0.82036391
61800,0.20106466,0.20106466,132,37.31398690,3.53754747,1.00000000,0.20106466,nan,0.00000000,0,0,0,0.10310803,0.01368674,0.16743761,0.17613541,0.01957476,1.32148528,0.35220903,-0.04439145,1.04439145,-2.96519725
61900,0.36955723,0.36955723,54,38.00659016,1.42080623,0.50752497,0.02451949,nan,0.00000000,0,0,0,0.11898492,0.01603789,0.25156438,0.25908569,0.12370221,1.48011875,0.26836935,-0.00849057,1.00849057,0.29564032
62000,1.32913947,1.32913947,140,38.51724525,3.63473553,1.00000000,1.32913947,nan,0.00000000,0,0,0,0.13693178,0.01530392,0.55366868,0.56771153,0.31494012,1.84704733,0.27995735,0.02412412,0.97587588,9.74178028
62100,0.32722199,0.32722199,73,39.02988557,1.87036162,0.95169003,0.26842599,nan,0.00000000,0,0,0,0.10496439,0.01108782,0.21896331,0.22986032,0.03371405,1.17672300,0.20813772,0.05954178,0.94045822,-1.71312660
62200,0.14045408,0.14045408,96,39.44445665,2.43380206,0.99973163,0.14030337,nan,0.00000000,0,0,0,0.11680475,0.01434665,0.19601980,0.20717031,0.00646118,1.47043955,0.21853416,-0.07562424,1.07562424,-2.22129631
62300,0.22951892,0.22951892,110,39.83838713,2.76115596,0.99999591,0.22951516,nan,0.00000000,0,0,0,0.11006384,0.01255471,0.27768171,0.29362938,0.00657186,1.54536545,0.27704430,0.05566874,0.94433126,-2.88612598
62400,0.58155489,0.58155489,40,40.26868079,0.99332780,0.00000000,0.00000000,nan,0.00000000,0,0,0,0.08068077,0.01425655,0.61040133,0.64542729,0.01495912,1.21431959,0.43646422,-0.02782987,1.02782987,0.80319991
62500,0.84843934,0.84843934,19,40.61557281,0.46780086,0.00000000,0.00000000,nan,0.00000000,0,0,0,0.13812560,0.02150790,3.11256409,3.29513741,0.00881653,2.29201221,0.59811020,0.01708450,0.98291550,nan
62600,0.43178380,0.43178380,62,41.12061888,1.50775941,0.64344917,0.07401561,nan,0.00000000,0,0,0,0.09294801,0.01533517,0.42370272,0.44849363,0.00225741,1.47936714,0.37742704,0.02352497,0.97647503,-2.02546269
62700,0.46837208,0.46837208,137,41.64201646,3.28994635,1.00000000,0.46837208,nan,0.00000000,0,0,0,0.09907459,0.00904428,0.44728220,0.46360138,0.16985576,1.60390413,0.26050612,0.13108516,0.86891484,-1.42177558
62800,0.31509802,0.31509802,177,42.05051026,4.20922360,1.00000000,0.31509802,nan,0.00000000,0,0,0,0.14195140,0.01222486,0.44032443,0.46048182,0.09764899,2.49489164,0.25600815,-0.10070887,1.10070887,0.90672812
62900,0.16935757,0.16935757,128,42.50443832,3.01145022,0.99999991,0.16935750,nan,0.00000000,0,0,0,0.11182357,0.01195383,0.41093329,0.43449858,0.01032288,1.94079590,0.33223698,0.05925572,0.94074428,-3.08145173
63000,1.73432624,1.73432624,189,42.90607009,4.40497113,1.00000000,1.73432624,nan,0.00000000,0,0,0,0.14180298,0.01098170,1.40149188,1.46810591,0.26905444,2.20414281,0.37591320,0.03592123,0.96407877,14.33200169
63100,0.22782159,0.22782159,52,43.31826817,1.20041733,0.14842562,0.00011057,nan,0.07273627,0,0,0,0.10060211,0.01645261,0.24607322,0.26051125,0.00062663,1.11271083,0.35321271,-0.05865551,1.05865551,-1.76656663
63200,0.28977188,0.28977188,57,43.62033462,1.30673000,0.31362639,0.00280354,nan,0.00000000,0,0,0,0.11016919,0.01284556,0.17910197,0.18548535,0.07058445,1.35502613,0.31327689,-0.02010876,1.02010876,-2.08997083
63300,0.10798237,0.10798237,169,43.75904323,3.86205885,1.00000000,0.10798237,nan,0.00000000,0,0,0,0.16040887,0.00985301,0.08781148,0.09026686,0.04607010,2.38857889,0.21028246,-0.04831000,1.04831000,-0.43324602
63400,0.35184485,0.35184485,53,43.89136977,1.20752668,0.15824753,0.00022065,nan,0.00743028,0,0,0,0.12159785,0.01423396,1.40688622,1.48963308,0.00018913,1.74049020,0.38147691,0.04834101,0.95165899,0.28578259
63500,0.25215334,0.25215334,213,44.04316893,4.83616427,1.00000000,0.25215334,nan,0.00000000,0,0,0,0.15242422,0.01387339,0.39979550,0.42326283,0.00085070,2.04594803,0.19329220,-0.12844897,1.12844897,0.10891787
63600,0.10369590,0.10369590,106,44.47214551,2.38351442,0.99952702,0.10349985,nan,0.00000000,0,0,0,0.13893194,0.02874470,0.21964897,0.23131111,0.02139273,1.97264647,0.66996711,-0.02450156,1.02450156,-1.10645696
63700,0.27152428,0.27152428,72,44.90114140,1.60352271,0.76705634,0.09399781,nan,0.00000000,0,0,0,0.11960769,0.01157048,0.51367861,0.54331678,0.00982972,1.71471119,0.29230437,0.13416451,0.86583549,-0.98580790
63800,0.56401610,0.56401610,40,45.31025138,0.88280243,0.00000000,0.00000000,nan,0.00000000,0,0,0,0.07263973,0.01586254,0.37532818,0.39703307,0.00634513,0.93397152,0.33632258,-0.05193153,1.05193153,2.34780860
63900,0.10729118,0.10729118,115,45.84473660,2.50846681,0.99988854,0.10724336,nan,0.08387370,0,0,0,0.08999863,0.01491964,0.18829881,0.19909014,0.00484589,1.08521235,0.22776324,0.04461730,0.95538270,-4.95870860
64000,1.52659106,1.52659106,143,46.19337675,3.09568189,0.99999998,1.52659092,nan,0.00000000,0,0,0,0.17952211,0.01288617,1.05501330,1.10962200,0.12666671,2.34952378,0.24243300,0.04312627,0.95687373,13.49622250
64100,1.33275533,1.33275533,18,46.54413235,0.38672974,0.00000000,0.00000000,nan,0.00000000,0,0,0,0.08009672,0.01613550,1.32366502,1.39959955,0.03277843,0.89652401,0.37143233,-0.03452989,1.03452989,9.49587262
64200,0.62102020,0.62102020,59,46.68381227,1.26382138,0.24301124,0.00216576,nan,0.00000000,0,0,0,0.13517292,0.01394959,0.93292928,0.98652256,0.02184386,1.99697876,0.35684073,0.04851073,0.95148927,0.52753913
64300,0.34800583,0.34800583,24,46.92929203,0.51140767,0.00000000,0.00000000,nan,0.00000000,0,0,0,0.14585142,0.01435693,0.12594880,0.13236338,0.01690087,2.09392881,0.34699553,-0.12000725,1.12000725,1.52525851
64400,1.33151567,1.33151567,69,47.20405274,1.46173890,0.57378494,0.14432544,nan,0.00000000,0,0,0,0.13911687,0.02759813,0.76456445,0.80071789,0.14995581,1.24708760,0.71517026,0.13279188,0.86720812,17.25264168
64500,0.31108692,0.31108692,42,47.24401368,0.88900152,0.00000000,0.00000000,nan,0.13568564,0,0,0,0.39519921,0.03082249,0.35925519,0.36824375,0.20645012,5.18580484,0.79066545,0.11625091,0.88374909,9.77805980
64600,0.59520459,0.59520459,6,47.21702461,0.12707281,0.00000000,0.00000000,nan,0.12921515,0,0,0,0.35665700,0.02585587,0.67218977,0.68332934,0.48281673,3.30279422,0.48597759,-0.00487130,1.00487130,10.56036663
64700,0.31688181,0.31688181,14,47.13093699,0.29704481,0.00000000,0.00000000,nan,0.12166163,0,0,0,0.55679035,0.01877392,0.90051484,0.95238179,0.01877552,3.83006382,0.60357147,-0.02100846,1.02100846,8.35790014
64800,0.96716338,0.96716338,33,46.98743697,0.70231539,0.00000000,0.00000000,nan,0.11248068,0,0,0,0.44540370,0.02593586,0.85206342,0.89225817,0.16875270,1.93028283,0.37521565,-0.06022175,1.06022175,12.15436411
64900,0.88095975,0.88095975,6,46.84196255,0.12809028,0.00000000,0.00000000,nan,0.09928418,0,0,0,0.31795430,0.02811741,0.87728095,0.88875926,0.68215162,1.84180832,0.40831026,-0.02212514,1.02212514,11.36141872
65000,0.18221633,0.18221633,96,46.72876229,2.05440922,0.98828769,0.17382845,nan,0.07730898,0,0,0,0.53136909,0.01539228,0.60038537,0.63501215,0.01173044,5.62109184,0.55948102,0.00424012,0.99575988,10.18500996
65100,0.28070396,0.28070396,51,46.97000250,1.08579939,0.02901683,0.00000020,nan,0.00000000,0,0,0,0.34080467,0.01462286,0.69132519,0.70437324,0.46950799,2.88034105,0.44030926,-0.08532275,1.08532275,5.22059870
65200,0.47222102,0.47222102,79,47.13031981,1.67620335,0.83942656,0.23446399,nan,0.00000000,0,0,0,0.29647854,0.02578285,2.01282787,2.12060809,0.18056321,2.41969275,0.54644638,0.02755162,0.97244838,9.62735224
65300,0.42309564,0.42309564,18,47.34751250,0.38016781,0.00000000,0.00000000,nan,0.00000000,0,0,0,0.24501711,0.02380534,0.95398533,1.00989020,0.00360275,2.00283051,0.54369783,-0.03334481,1.03334481,8.09930468
65400,0.17460552,0.17460552,211,47.67100236,4.42617083,1.00000000,0.17460552,nan,0.00000000,0,0,0,0.29724544,0.01160622,0.64235443,0.67993879,0.00341958,3.21497726,0.23962609,0.00143897,0.99856103,4.87985122
65500,0.14656089,0.14656089,184,48.12902185,3.82305713,1.00000000,0.14656089,nan,0.00000000,0,0,0,0.18477696,0.01569626,0.16266423,0.17014638,0.03546790,1.37395775,0.20252484,0.10277592,0.89722408,-0.56522882
65600,0.34406269,0.34406269,109,48.47596192,2.24853712,0.99804111,0.34137468,nan,0.00000000,0,0,0,0.12599595,0.01000896,0.22769397,0.24108680,0.00001602,0.90214896,0.24177310,-0.13548470,1.13548470,-1.97640924
65700,0.18441147,0.18441147,124,48.91738751,2.53488598,0.99991920,0.18435187,nan,0.00000000,0,0,0,0.13357258,0.00903534,0.10460065,0.10954153,0.02060597,1.41543257,0.21385476,0.12131443,0.87868557,-1.66071054
65800,0.28209752,0.28209752,22,49.28068656,0.44642235,0.00000000,0.00000000,nan,0.00000000,0,0,0,0.09627056,0.02496483,0.13444488,0.14181377,0.00917374,0.89010024,0.38224810,-0.11195555,1.11195555,-0.86588156
65900,0.49286687,0.49286687,23,49.65260527,0.46321839,0.00000000,0.00000000,nan,0.00000000,0,0,0,0.07648722,0.02936006,0.63706130,0.67429298,0.00412354,1.68862462,1.20613265,-0.07588484,1.07588484,0.86405794
66000,1.17625463,1.17625463,179,49.87729633,3.58880720,1.00000000,1.17625463,nan,0.00000000,0,0,0,0.18653294,0.00952670,0.86764270,0.88889855,0.50629342,2.66109180,0.29129183,0.04031204,0.95968796,10.60166041
66100,0.40583339,0.40583339,29,50.18629336,0.57784702,0.00000000,0.00000000,nan,0.00000000,0,0,0,0.08040918,0.00863018,0.54290986,0.57451946,0.00554690,1.01333499,0.20901220,-0.05570035,1.05570035,-4.65096605
66200,0.45926407,0.45926407,58,50.37478055,1.15136978,0.08757669,0.00002702,nan,0.00000000,0,0,0,0.10407650,0.01374941,0.22054435,0.22771621,0.09862255,1.38479471,0.32023722,0.15724312,0.84275688,-0.84122741
66300,0.25250119,0.25250119,152,50.56154837,3.00623705,0.99999990,0.25250109,nan,0.00000000,0,0,0,0.17767036,0.01464527,0.43866974,0.46446717,0.00011381,2.79589963,0.29358199,0.13693144,0.86306856,2.34285622
66400,0.78908861,0.78908861,136,50.77114503,2.67868688,0.99998728,0.78904844,nan,0.00000000,0,0,0,0.11109778,0.01064810,1.58574605,1.67501724,0.06813617,1.27415538,0.30067894,-0.00809079,1.00809079,1.62232776
66500,0.19275114,0.19275114,74,51.02417730,1.45029286,0.55561085,0.01836876,nan,0.00000000,0,0,0,0.08964140,0.00862201,0.08072235,0.08455696,0.01553389,0.99804711,0.14915416,0.09097285,0.90902715,-5.02842331
66600,0.11401236,0.11401236,119,51.19642989,2.32438083,0.99910254,0.11360362,nan,0.00000000,0,0,0,0.10729826,0.01009707,0.24701256,0.26148963,0.00090228,1.23593533,0.15448785,-0.07659880,1.07659880,-4.46576681
66700,1.19928575,1.19928575,38,51.50540401,0.73778666,0.00000000,0.00000000,nan,0.00000000,0,0,0,0.08701093,0.02065427,0.24405050,0.25840294,0.00005890,0.83954179,0.26308462,-0.07307977,1.07307977,10.84860122
66800,0.39853290,0.39853290,72,51.63637691,1.39436584,0.46318280,0.01834315,nan,0.00000000,0,0,0,0.12125214,0.01349411,0.21475357,0.22253507,0.08246820,1.35623276,0.17385761,-0.01838637,1.01838637,-0.59515665
66900,0.34419340,0.34419340,99,51.69712340,1.91500017,0.96487708,0.29832558,nan,0.00000000,0,0,0,0.09056695,0.01130056,0.33711311,0.35694301,0.00000495,1.57257605,0.29659668,-0.03359438,1.03359438,-2.93730709
67000,0.57682502,0.57682502,83,51.83979570,1.60108656,0.76430583,0.19683974,nan,0.00000000,0,0,0,0.22883466,0.01815554,0.96735370,1.01704013,0.12268572,2.91586637,0.20873396,0.20070263,0.79929737,6.42346144
67100,0.14483421,0.14483421,126,51.98021570,2.42399918,0.99969981,0.14466037,nan,0.00000000,0,0,0,0.14133245,0.00942874,0.24173658,0.25448099,0.02508136,1.51925385,0.17232177,0.14241766,0.85758234,-2.22321156
67200,0.34628519,0.34628519,16,52.11524005,0.30701192,0.00000000,0.00000000,nan,0.00000000,0,0,0,0.08418282,0.01114775,0.33185208,0.35088202,0.00834247,1.22803271,0.29880095,0.01173275,0.98826725,-4.17194484
67300,0.43549800,0.43549800,89,52.21019647,1.70464787,0.86277241,0.24130768,nan,0.00945648,0,0,0,0.21233825,0.02532470,0.74708074,0.79028744,0.01256785,2.62496614,0.66504353,0.03600091,0.96399909,5.67290211
67400,0.20471932,0.20471932,12,52.37011398,0.22913832,0.00000000,0.00000000,nan,0.00000000,0,0,0,0.12605187,0.01363340,0.29238823,0.30875838,0.01409588,1.37526178,0.22260062,0.00655626,0.99344374,-2.42150509
67500,0.26775634,0.26775634,25,52.50510381,0.47614419,0.00000000,0.00000000,nan,0.00000000,0,0,0,0.11197996,0.01106963,0.44062847,0.46640909,0.00235768,1.63809419,0.20912795,-0.03007092,1.03007092,-3.65470695
67600,0.39844811,0.39844811,71,52.49775878,1.35243869,0.39155704,0.00936595,nan,0.12341414,0,0,0,0.40847433,0.04917736,1.34488726,1.42399824,0.00000139,4.14717293,0.95964390,0.06563487,0.93436513,8.61890721
67700,1.50255859,1.50255859,34,52.41853298,0.64862555,0.00000000,0.00000000,nan,0.11749595,0,0,0,0.33498344,0.03373651,2.10360432,2.22732925,0.00027985,3.44384193,0.44908729,0.00434988,0.99565012,22.40770022
67800,0.57133025,0.57133025,50,52.34385416,0.95522198,0.00000000,0.00000000,nan,0.10736523,0,0,0,0.44044447,0.02296355,0.46186453,0.47186363,0.29188058,3.25451875,0.41185677,0.13190881,0.86809119,10.88154650
67900,0.57688993,0.57688993,91,52.29214242,1.74022321,0.88827576,0.35915689,nan,0.09097300,0,0,0,0.28155351,0.02479388,0.42906106,0.44693577,0.12519045,1.87482321,0.26227024,0.10176358,0.89823642,6.63328075
68000,0.21100439,0.21100439,126,52.24360781,2.41177831,0.99965517,0.21071350,nan,0.07800393,0,0,0,0.48175749,0.00981344,0.35393879,0.36101416,0.23365714,5.13548183,0.20942849,0.09972790,0.90027210,9.05381536
68100,0.43497738,0.43497738,46,52.42090527,0.87751251,0.00000000,0.00000000,nan,0.00000000,0,0,0,0.27863261,0.01266396,0.40065670,0.42125905,0.05041685,1.76059294,0.22380437,-0.20805960,1.20805960,4.96710050
68200,0.18458176,0.18458176,50,52.75617509,0.94775635,0.00000000,0.00000000,nan,0.00000000,0,0,0,0.18651259,0.02295739,0.14128101,0.14769925,0.03217068,1.11583221,0.27981296,-0.17038491,1.17038491,-2.12092632
68300,1.54582667,1.54582667,22,52.91553187,0.41575695,0.00000000,0.00000000,nan,0.00000000,0,0,0,0.24579853,0.02215528,2.93815851,3.10947180,0.02583368,2.67808557,0.72620064,-0.16428476,1.16428476,19.24552536
68400,0.41473320,0.41473320,5,53.04685968,0.09425629,0.00000000,0.00000000,nan,0.04057229,0,0,0,0.24132051,0.02124871,0.39749554,0.40654787,0.24360567,2.36253858,0.56689095,0.03985732,0.96014268,4.97881091
68500,0.57961869,0.57961869,74,53.09246153,1.39379486,0.46221561,0.02645580,nan,0.03095060,0,0,0,0.26472229,0.04157769,0.52667326,0.55569547,0.03329548,2.86790943,1.26672888,0.03568425,0.96431575,10.28085148
68600,0.22878949,0.22878949,14,53.11889556,0.26355970,0.00000000,0.00000000,nan,0.00387353,0,0,0,0.29636657,0.02439168,0.87715471,0.92597800,0.04715992,2.66091156,0.45150137,-0.05571827,1.05571827,4.28913746
68700,0.18623771,0.18623771,40,53.11306968,0.75311030,0.00000000,0.00000000,nan,0.00000000,0,0,0,0.34442428,0.02386267,1.29634094,1.37212861,0.00794910,3.55781817,0.62370569,-0.06274835,1.06274835,6.53197257
68800,0.13305049,0.13305049,51,53.17521177,0.95909350,0.00000000,0.00000000,nan,0.00000000,0,0,0,0.33695590,0.02029434,0.46578884,0.49244010,0.01271784,2.90367222,0.31905162,-0.11320876,1.11320876,4.39107580
68900,0.17845781,0.17845781,129,53.20055693,2.42478665,0.99970249,0.17824554,nan,0.00000000,0,0,0,0.29192612,0.01705398,0.30613449,0.32345662,0.01165799,2.56765938,0.37109482,-0.11041632,1.11041632,4.47591400
69000,0.44334149,0.44334149,297,53.22740708,5.57983220,1.00000000,0.44334149,nan,0.00000000,0,0,0,0.40281805,0.01273757,0.32106209,0.30729306,0.55513620,4.15089083,0.36336741,-0.06862997,1.06862997,9.74544621
69100,0.24010891,0.24010891,12,53.35360290,0.22491452,0.00000000,0.00000000,nan,0.00000000,0,0,0,0.24506323,0.00915552,0.25308144,0.25907028,0.15127097,2.54900527,0.18606560,-0.00561231,1.00561231,2.80916059
69200,0.55911678,0.55911678,95,53.43904105,1.77772651,0.91102805,0.38514966,nan,0.00000000,0,0,0,0.19059327,0.00827836,0.74985051,0.79059970,0.05711252,1.93932486,0.21137732,0.15199508,0.84800492,3.60438927
69300,1.33478320,1.33478320,39,53.69730264,0.72629347,0.00000000,0.00000000,nan,0.00000000,0,0,0,0.13889627,0.01613185,0.41834986,0.43718007,0.09823658,1.39552522,0.37806088,0.07643300,0.92356700,12.02181983
69400,0.85746455,0.85746455,35,53.92865468,0.64900562,0.00000000,0.00000000,nan,0.00000000,0,0,0,0.13542053,0.01650566,0.79117322,0.83615887,0.02641791,1.64303756,0.54988354,0.03683836,0.96316164,4.06936010
69500,0.28628504,0.28628504,124,54.37601366,2.28041726,0.99858110,0.28466366,nan,0.00000000,0,0,0,0.14816989,0.01189203,0.35824540,0.37925896,0.00101514,1.63485515,0.20208026,-0.05892121,1.05892121,nan
69600,0.94119072,0.94119072,109,54.72613781,1.99173566,0.98043784,0.86967684,nan,0.00000000,0,0,0,0.08691715,0.01325153,0.15567507,0.16314277,0.02872445,1.02126729,0.37365621,0.02428995,0.97571005,3.99867082
69700,0.16135696,0.16135696,164,55.04294922,2.97949151,0.99999984,0.16135686,nan,0.00000000,0,0,0,0.12761408,0.01761342,0.20186867,0.21292451,0.01391944,2.19835877,0.63957095,-0.06929515,1.06929515,-1.30958557
69800,0.39988303,0.39988303,125,55.35243399,2.25825661,0.99822302,0.39704826,nan,0.00000000,0,0,0,0.11711690,0.01639758,0.30226272,0.31356463,0.11013024,1.94429648,0.45666409,-0.08257900,1.08257900,0.72167522
69900,0.17270356,0.17270356,86,55.62936730,1.54594604,0.69645588,0.04063271,nan,0.00000000,0,0,0,0.11974231,0.01268787,0.30573973,0.32371452,0.00016775,1.82151580,0.55876184,0.06122895,0.93877105,-2.62001133
70000,0.91462582,0.91462582,235,55.85379563,4.20741325,1.00000000,0.91462582,nan,0.00000000,0,0,0,0.14854424,0.01834620,0.30859888,0.31304803,0.23296395,1.99242651,0.42412773,-0.04663848,1.04663848,6.53715694
70100,0.23290473,0.23290473,96,56.13469796,1.71017220,0.86699629,0.13159739,nan,0.00000000,0,0,0,0.09822069,0.00939765,0.13633975,0.14350383,0.01455031,1.46018267,0.27807438,0.11039675,0.88960325,-4.69223706
70200,1.84669006,1.84669006,148,56.42623238,2.62289353,0.99997341,1.84649368,nan,0.00000000,0,0,0,0.09671266,0.01485118,1.99527299,2.10986662,0.04718163,1.01978052,0.16983758,-0.04848148,1.04848148,14.11100650
70300,0.16632693,0.16632693,141,56.55642114,2.49308561,0.99986594,0.16623775,nan,0.00000000,0,0,0,0.11559510,0.01210176,0.15008801,0.15812066,0.01353318,1.57918191,0.32353687,-0.12039545,1.12039545,-5.74517727
70400,0.28962150,0.28962150,28,56.64152361,0.49433698,0.00000000,0.00000000,nan,0.00000000,0,0,0,0.10277505,0.01134882,0.20387624,0.21428603,0.02690995,1.23023927,0.27432910,0.01625168,0.98374832,-4.76190543
70500,1.18496549,1.18496549,20,56.88678812,0.35157548,0.00000000,0.00000000,nan,0.00000000,0,0,0,0.06902543,0.02197235,0.95108861,1.00027001,0.11500415,0.82625127,0.28159988,0.11092093,0.88907907,10.90439240
70600,0.41696706,0.41696706,82,56.99285755,1.43877678,0.53703334,0.03468221,nan,0.00000000,0,0,0,0.10825548,0.01969708,0.31830651,0.33044469,0.11195672,1.28129685,0.46936655,-0.01434711,1.01434711,-0.60049427
70700,0.24930376,0.24930376,44,57.04772456,0.77128405,0.00000000,0.00000000,nan,0.04082834,0,0,0,0.22926895,0.01271909,0.52313143,0.55386877,0.00059540,3.02127314,0.30092928,0.13094559,0.86905441,3.72330761
70800,0.65671581,0.65671581,24,57.11711203,0.42018931,0.00000000,0.00000000,nan,0.00000000,0,0,0,0.08738428,0.00832792,0.49349028,0.51387101,0.14701720,0.82677549,0.18487756,-0.10476970,1.10476970,-2.14159834
70900,1.09496820,1.09496820,15,57.19852817,0.26224451,0.00000000,0.00000000,nan,0.00000000,0,0,0,0.06780134,0.01138559,1.36508000,1.44503117,0.00590977,0.93960720,0.28767431,0.23170640,0.76829360,4.23480034
71000,0.19311701,0.19311701,273,57.15473996,4.77650673,1.00000000,0.19311701,nan,0.00000000,0,0,0,0.27362660,0.00974963,0.33572808,0.35317522,0.03912713,3.94617367,0.20505214,-0.16961236,1.16961236,5.27007723
71100,1.27215886,1.27215886,103,57.25643020,1.79892459,0.92216172,0.91996163,nan,0.02636643,0,0,0,0.27940285,0.04128389,0.80924040,0.85603732,0.01369255,3.52828121,1.44846737,0.04756974,0.95243026,15.79559350
71200,0.16918285,0.16918285,100,57.30849124,1.74494212,0.89136428,0.10680147,nan,0.04484430,0,0,0,0.32669550,0.01959104,0.75557548,0.80001503,0.00010442,2.87892199,0.35731462,0.04060618,0.95939382,4.61279702
71300,0.56529641,0.56529641,86,57.40107686,1.49822973,0.62951098,0.08877475,nan,0.00000000,0,0,0,0.30273870,0.03217584,0.70902354,0.74191934,0.14979467,1.92026544,0.69596112,-0.09213334,1.09213334,8.41028464
71400,0.14333755,0.14333755,80,57.61007595,1.38864597,0.45347912,0.00606163,nan,0.00000000,0,0,0,0.27280268,0.01933250,0.16665660,0.17215440,0.07319428,2.03941226,0.54513592,0.07632715,0.92367285,2.09543594
71500,0.72095418,0.72095418,90,57.68409326,1.56022215,0.71503686,0.18846095,nan,0.00000000,0,0,0,0.32147071,0.02678970,0.51644576,0.48429120,1.06307292,1.89346826,0.51433498,0.01063197,0.98936803,7.55169945
71600,0.22451599,0.22451599,157,57.80671315,2.71594753,0.99999233,0.22450910,nan,0.00000000,0,0,0,0.29462463,0.02415714,0.21729214,0.22729322,0.04727365,1.92896545,0.41787404,-0.04073273,1.04073273,1.92867541
71700,0.33444291,0.33444291,98,57.89677974,1.69266754,0.85326885,0.17728238,nan,0.00000000,0,0,0,0.27941597,0.01750389,0.30135885,0.31433210,0.08081423,1.43877423,0.43303144,-0.04663672,1.04663672,2.22824943
71800,0.36487064,0.36487064,7,57.96203412,0.12076871,0.00000000,0.00000000,nan,0.00000000,0,0,0,0.23453481,0.03200781,0.42401519,0.44684169,0.03596509,1.41240740,0.87960237,0.01021955,0.98978045,5.82975526
71900,0.88976139,0.88976139,137,58.03574278,2.36061423,0.99939185,0.88759892,nan,0.00000000,0,0,0,0.26390386,0.02863885,0.92152339,0.97556090,0.00288610,1.71009207,0.71980423,-0.05209289,1.05209289,13.51246770
72000,0.93162090,0.93162090,221,58.14930427,3.80056138,1.00000000,0.93162090,nan,0.00000000,0,0,0,0.42138931,0.01164488,4.23196983,4.43755531,0.73701763,4.45583773,0.20891984,-0.04145902,1.04145902,14.41069317
72100,0.10960490,0.10960490,80,58.34656071,1.37111766,0.42357687,0.00352825,nan,0.00000000,0,0,0,0.22376511,0.01365227,0.66262913,0.69918978,0.04109777,2.18009782,0.21457225,0.10709929,0.89290071,0.79252028
72200,0.17390615,0.17390615,85,58.58143553,1.45097161,0.55669692,0.01670284,nan,0.00000000,0,0,0,0.23515241,0.01284863,0.38843259,0.40300867,0.14063953,2.15707231,0.19930165,-0.12142564,1.12142564,1.43050468
72300,0.62444597,0.62444597,99,58.76042914,1.68480730,0.84677443,0.32104493,nan,0.00000000,0,0,0,0.13428234,0.01255650,0.35100806,0.36686158,0.08149823,1.14237261,0.21154897,0.06093495,0.93906505,0.90512380
72400,0.31071866,0.31071866,159,59.01010310,2.69445386,0.99998971,0.31070587,nan,0.00000000,0,0,0,0.14128597,0.01518012,0.23374844,0.24695952,0.00916014,1.25307083,0.35539043,0.18347123,0.81652877,-0.57580318
72500,0.18574899,0.18574899,58,59.21859698,0.97942206,0.00000000,0.00000000,nan,0.00000000,0,0,0,0.12790394,0.01478595,0.02972893,0.03079520,0.01160227,1.20112872,0.40192816,0.07224499,0.92775501,-3.46780169
72600,0.45115799,0.45115799,21,59.50597405,0.35290574,0.00000000,0.00000000,nan,0.00000000,0,0,0,0.08745888,0.01571131,0.18106700,0.19168490,0.00056279,0.89033192,0.37065703,-0.08951204,1.08951204,-0.98135345
72700,0.43022478,0.43022478,202,59.78409265,3.37882522,1.00000000,0.43022478,nan,0.00000000,0,0,0,0.15129875,0.01147360,1.23264265,1.30117273,0.06763075,2.05808735,0.24484764,0.28491180,0.71508820,2.02115405
72800,0.41128737,0.41128737,185,60.06116441,3.08019336,0.99999997,0.41128732,nan,0.00000000,0,0,0,0.11568030,0.01372908,0.32803747,0.34238121,0.08419365,1.20319629,0.29199633,0.03688399,0.96311601,-1.12452035
72900,0.31550610,0.31550610,196,60.32644816,3.24898956,1.00000000,0.31550610,nan,0.00000000,0,0,0,0.10207006,0.01243337,0.84181148,0.89081752,0.00870982,1.30869794,0.22108249,0.15954685,0.84045315,-3.76167941
73000,0.76104873,0.76104873,138,60.66353450,2.27484272,0.99849791,0.75648636,nan,0.00000000,0,0,0,0.19100618,0.01280925,0.45209324,0.45575595,0.38982648,2.42985630,0.30996469,-0.00804563,1.00804563,7.13989162
73100,0.91613168,0.91613168,25,60.75781211,0.41146972,0.00000000,0.00000000,nan,0.00000000,0,0,0,0.15590648,0.02528214,3.90964007,4.13902187,0.01014967,2.33995795,0.63295060,-0.03428301,1.03428301,8.09790421
73200,0.33849007,0.33849007,16,60.84931098,0.26294464,0.00000000,0.00000000,nan,0.00000000,0,0,0,0.13022575,0.01648406,1.48647857,1.57271028,0.02053974,1.83027184,0.26337153,0.07184437,0.92815563,-0.88688429
73300,0.84102345,0.84102345,0,60.75902183,0.00000000,0.00000000,0.00000000,nan,0.00000000,0,0,0,0.12644309,0.02252392,0.81542891,0.85639614,0.11898644,1.14244568,0.40040123,-0.02742417,1.02742417,4.15418792
73400,0.76342982,0.76342982,78,60.72439781,1.28449195,0.27656362,0.00446631,nan,0.00000000,0,0,0,0.16960412,0.03541837,0.32570630,0.31052700,0.58375430,1.76986206,0.64596653,0.07446656,0.92553344,9.29181163
73500,0.12931344,0.12931344,27,60.82358708,0.44390674,0.00000000,0.00000000,nan,0.00912127,0,0,0,0.12027226,0.00742121,0.04726584,0.04980250,0.00414280,1.23041666,0.19005239,-0.04284111,1.04284111,-4.13657804
73600,0.26375020,0.26375020,49,60.88585923,0.80478457,0.00000000,0.00000000,nan,0.01371617,0,0,0,0.24008955,0.01732540,0.76317286,0.80283213,0.08896797,3.73804760,0.75189137,0.01595098,0.98404902,4.87463570
73700,0.59979689,0.59979689,104,61.02208631,1.70430096,0.86250385,0.33193143,nan,0.00000000,0,0,0,0.19283600,0.01790534,1.34631920,1.42313480,0.04045391,2.17129445,0.40936753,-0.00141973,1.00141973,5.15481885
73800,0.38262162,0.38262162,95,61.10071977,1.55480983,0.70807426,0.09617999,nan,0.00000000,0,0,0,0.13811156,0.01440074,0.90954548,0.96141762,0.02771839,1.58315313,0.31240755,0.21467209,0.78532791,nan
73900,0.39555696,0.39555696,122,61.16273256,1.99467870,0.98088999,0.36617630,nan,0.00000000,0,0,0,0.09468728,0.01195709,0.44051215,0.46441618,0.03414394,0.87172943,0.26595169,0.11493778,0.88506222,-2.51672868
74000,0.27150878,0.27150878,231,61.30309555,3.76816208,1.00000000,0.27150878,nan,0.00000000,0,0,0,0.24530557,0.01201269,0.26268181,0.27424893,0.06604040,2.88978624,0.22529872,0.02213267,0.97786733,4.37259769
74100,0.62911981,0.62911981,60,61.42031332,0.97687551,0.00000000,0.00000000,nan,0.00000000,0,0,0,0.09740129,0.01425970,0.26340002,0.26909897,0.16651808,0.89522374,0.23582628,0.03340016,0.96659984,-1.22713378
74200,0.29898277,0.29898277,58,61.53466660,0.94255813,0.00000000,0.00000000,nan,0.00000000,0,0,0,0.09569270,0.00800040,0.64661616,0.68355477,0.01865849,1.18106782,0.13055918,0.12946096,0.87053904,-3.77622736
74300,0.87945169,0.87945169,107,61.84590350,1.73010651,0.88142647,0.53083109,nan,0.00000000,0,0,0,0.12372664,0.00936722,0.26636034,0.27588087,0.10451081,1.50569618,0.15289508,-0.01027928,1.01027928,3.48421159
74400,0.78185821,0.78185821,159,62.16999202,2.55750395,0.99993892,0.78166719,nan,0.00000000,0,0,0,0.07852117,0.02249083,2.64113665,2.79253769,0.06731626,1.15465641,0.52331555,0.13763139,0.86236861,5.32565641
74500,0.09075128,0.09075128,128,62.54768469,2.04643866,0.98747634,0.08628982,nan,0.00000000,0,0,0,0.07615159,0.00988518,0.07528031,0.07946125,0.00420432,0.80748016,0.15187597,-0.05911186,1.05911186,-9.91557646
74600,0.17960796,0.17960796,201,62.83237989,3.19898753,1.00000000,0.17960795,nan,0.00000000,0,0,0,0.11619277,0.00929605,0.16417554,0.17324957,0.00991694,1.68501139,0.29882514,0.00606174,0.99393826,-3.23590656
74700,0.38552204,0.38552204,175,63.24795148,2.76688803,0.99999623,0.38551622,nan,0.00000000,0,0,0,0.09835511,0.00788542,0.08730448,0.08766149,0.08123519,1.06152582,0.13226971,0.11292928,0.88707072,-2.98002195
74800,0.12841597,0.12841597,138,63.59960370,2.16982484,0.99580541,0.12627488,nan,0.00000000,0,0,0,0.09015325,0.01043833,0.31781077,0.33636427,0.00240100,1.29647958,0.17382731,-0.01311322,1.01311322,-6.72741636
74900,0.26003167,0.26003167,261,63.91312325,4.08366837,1.00000000,0.26003167,nan,0.00000000,0,0,0,0.11164548,0.01438344,0.26419804,0.27970499,0.00057992,1.58839405,0.38941073,-0.15056442,1.15056442,-2.38437648
75000,0.36537102,0.36537102,194,64.24446372,3.01971545,0.99999992,0.36537090,nan,0.00000000,0,0,0,0.21461093,0.01687611,0.44591776,0.46310520,0.15373160,3.04694462,0.39538771,0.10165725,0.89834275,5.45962811
75100,0.37761849,0.37761849,198,64.58988228,3.06549560,0.99999996,0.37761843,nan,0.00000000,0,0,0,0.07846672,0.00540036,0.25117248,0.26583534,0.00190421,1.12430215,0.12982202,-0.00719807,1.00719807,-4.83996860
75200,0.54137689,0.54137689,313,64.89190534,4.82340591,1.00000000,0.54137689,nan,0.00000000,0,0,0,0.09767184,0.01709320,0.61649346,0.65242064,0.00573150,1.32708168,0.49523723,-0.04821982,1.04821982,-1.26169324
75300,0.79602283,0.79602283,53,65.07346516,0.81446408,0.00000000,0.00000000,nan,0.00000000,0,0,0,0.10303462,0.03120648,0.31638587,0.32755166,0.12656724,1.06666744,0.38364089,-0.09880112,1.09880112,7.84101939
75400,0.14443435,0.14443435,117,65.35594816,1.79019666,0.91772130,0.10245042,nan,0.00000000,0,0,0,0.12970833,0.00978358,0.14753367,0.15498257,0.02090234,1.70503473,0.15497690,0.23472672,0.76527328,-2.04158211
75500,0.59219289,0.59219289,22,65.60162493,0.33535755,0.00000000,0.00000000,nan,0.00000000,0,0,0,0.11188522,0.02480018,0.66429073,0.70163190,0.02949083,1.22285163,0.45525652,0.08873912,0.91126088,0.86571654
75600,0.70228928,0.70228928,72,65.78503178,1.09447390,0.03507149,0.00000106,nan,0.00000000,0,0,0,0.08639034,0.01019533,0.26521993,0.27794337,0.04892153,0.86502481,0.33255705,0.13771222,0.86228778,-0.24315472
75700,0.31072032,0.31072032,144,66.04278572,2.18040469,0.99620253,0.30602734,nan,0.00000000,0,0,0,0.07685611,0.01461739,0.22215103,0.23482728,0.00665463,0.90539426,0.17172615,-0.08879848,1.08879848,-4.05268617
75800,0.36050490,0.36050490,125,66.37249460,1.88331026,0.95588468,0.30097690,nan,0.00000000,0,0,0,0.07723410,0.00803922,0.68852025,0.72791260,0.01885064,1.07441127,0.16600996,-0.09122500,1.09122500,-4.54827054
75900,1.00339031,1.00339031,27,66.65343625,0.40508039,0.00000000,0.00000000,nan,0.00000000,0,0,0,0.05489726,0.01326906,1.11983156,1.18567729,0.00045297,0.93249881,0.40637201,-0.12635941,1.12635941,0.18664106
76000,0.80744237,0.80744237,140,66.91144492,2.09231769,0.99154191,0.78046932,nan,0.00000000,0,0,0,0.16369259,0.01403192,1.46250081,1.54392743,0.07824855,2.12699795,0.40957657,0.07977837,0.92022163,6.30625534
76100,0.26412100,0.26412100,89,67.17668797,1.32486436,0.34436262,0.00371421,nan,0.00000000,0,0,0,0.09307759,0.01401337,0.17181829,0.18070462,0.02075053,1.31909204,0.29147929,-0.01022611,1.01022611,-3.65403144
76200,0.19579072,0.19579072,178,67.32873036,2.64374509,0.99997975,0.19577487,nan,0.06280644,0,0,0,0.14391164,0.01440323,0.86898303,0.91985548,0.00415232,2.41693449,0.34741601,-0.09915168,1.09915168,0.07363514
76300,0.19008937,0.19008937,207,67.62531787,3.06098376,0.99999996,0.19008934,nan,0.00000000,0,0,0,0.12231669,0.00795933,0.11355773,0.11846029,0.03021410,1.92639983,0.10702121,0.03464174,0.96535826,-2.04051310
76400,0.36242363,0.36242363,68,67.85129394,1.00219165,0.00001921,0.00000000,nan,0.00000000,0,0,0,0.09659401,0.01218173,0.47106606,0.49877471,0.00001912,1.22687745,0.33397570,0.06117104,0.93882896,-2.78242311
76500,0.15673287,0.15673287,122,68.02093928,1.79356535,0.91945860,0.11201825,nan,0.00000000,0,0,0,0.12722656,0.01722264,0.28564525,0.30231047,0.00233581,1.98428261,0.45038143,-0.08681988,1.08681988,-1.50393529
76600,1.23913872,1.23913872,170,68.13386664,2.49508810,0.99986911,1.23849009,nan,0.00000000,0,0,0,0.15759872,0.01767154,1.18411112,1.25261199,0.01959707,1.82862091,0.56054431,0.09817423,0.90182577,11.06306775
76700,0.34958628,0.34958628,126,68.13529088,1.84926194,0.94414428,0.27778439,nan,0.00000000,0,0,0,0.23311371,0.02180032,1.17149794,1.23976183,0.01101201,2.80347776,0.54093277,0.03170229,0.96829771,4.57382150
76800,0.37770158,0.37770158,114,68.25859668,1.67011930,0.83407834,0.18279999,nan,0.00000000,0,0,0,0.07171646,0.01061676,0.19038279,0.19962165,0.03332242,0.77494919,0.24554770,0.05056158,0.94943842,-4.03908801
76900,0.69876409,0.69876409,38,68.41914205,0.55540012,0.00000000,0.00000000,nan,0.00000000,0,0,0,0.09971690,0.01545703,0.23986864,0.25375739,0.00376008,0.93502784,0.30227634,-0.06221335,1.06221335,1.10254127
77000,0.10157449,0.10157449,249,68.66064181,3.62653179,1.00000000,0.10157449,nan,0.00000000,0,0,0,0.27387816,0.01777526,0.47468281,0.50242424,0.00307781,4.04801369,0.46808803,0.08112127,0.91887873,4.56569380
77100,0.30297530,0.30297530,61,68.71463689,0.88772935,0.00000000,0.00000000,nan,0.00000000,0,0,0,0.09878080,0.01851279,0.13926607,0.14684826,0.01036886,1.29334486,0.26155978,0.03324813,0.96675187,-3.24949145
77200,0.42198676,0.42198676,42,68.80079665,0.61045805,0.00000000,0.00000000,nan,0.00000000,0,0,0,0.08748831,0.00855897,0.40861967,0.43255958,0.00164101,1.10581422,0.25498331,-0.11765438,1.11765438,-4.76786375
77300,0.91887623,0.91887623,141,68.98686005,2.04386748,0.98720419,0.87274018,nan,0.00000000,0,0,0,0.07674609,0.01216895,0.36900568,0.38906905,0.02792815,1.07581770,0.38985613,0.02459365,0.97540635,1.61478370
77400,0.50491369,0.50491369,11,69.19534176,0.15897024,0.00000000,0.00000000,nan,0.00000000,0,0,0,0.05591755,0.01236846,0.94611424,1.00176537,0.00004294,0.90839332,0.32546112,-0.03109915,1.03109915,1.01668763
77500,0.87765384,0.87765384,188,69.36457522,2.71031718,0.99999171,0.87762474,nan,0.00000000,0,0,0,0.07086822,0.02070569,0.25945631,0.26897687,0.09760723,0.91314358,0.50056756,0.08844986,0.91155014,-0.52476875
77600,0.78286052,0.78286052,77,69.50414269,1.10784763,0.04545878,0.00000334,nan,0.00000000,0,0,0,0.08401849,0.01186764,2.85223937,3.01997447,0.00074478,1.44564116,0.25176987,-0.07202571,1.07202571,2.15181005
77700,0.24396120,0.24396120,92,69.67781797,1.32036282,0.33670095,0.00313544,nan,0.00000000,0,0,0,0.08241280,0.00914835,0.24428500,0.25747579,0.02004115,1.45749438,0.30929327,0.04268782,0.95731218,-5.78395351
77800,0.71826774,0.71826774,158,69.91640015,2.25984175,0.99825116,0.71325637,nan,0.00000000,0,0,0,0.10896060,0.01689515,0.61684626,0.65312517,0.00010523,1.34372199,0.37299621,-0.06755329,1.06755329,2.89570725
77900,0.35247225,0.35247225,245,70.20668521,3.48969616,1.00000000,0.35247225,nan,0.00000000,0,0,0,0.06946597,0.01190070,0.20397466,0.21418925,0.03032701,0.73653615,0.17420942,0.09547056,0.90452944,-4.90900556
78000,1.19156671,1.19156671,253,70.49014096,3.58915441,1.00000000,1.19156671,nan,0.00000000,0,0,0,0.16948459,0.01089401,1.42984211,1.50016463,0.23436294,1.81736970,0.15585275,-0.01466477,1.01466477,9.31786370
78100,0.24659991,0.24659991,155,70.75644974,2.19061302,0.99655295,0.24321729,nan,0.01993452,0,0,0,0.14460978,0.01807543,0.26000059,0.27528891,0.00009870,1.40950453,0.39521450,0.05002199,0.94997801,-1.61496753
78200,0.28944078,0.28944078,93,70.99848612,1.30988708,0.31895032,0.00299538,nan,0.00000000,0,0,0,0.06749184,0.01271589,0.31074643,0.32902560,0.00000008,0.93327290,0.26526010,0.00854532,0.99145468,-7.42961359
78300,0.65979671,0.65979671,168,71.29439308,2.35642654,0.99936353,0.65811855,nan,0.00000000,0,0,0,0.08901814,0.01552356,0.24864691,0.26327255,0.00001107,0.76829910,0.20450541,-0.02440720,1.02440720,-0.92729969
78400,0.41842028,0.41842028,123,71.48879491,1.72054936,0.87466505,0.24489494,nan,0.00000000,0,0,0,0.06917270,0.01381004,0.16095586,0.16716731,0.05536172,0.81969398,0.24222769,-0.05852867,1.05852867,-2.49161297
78500,0.10473350,0.10473350,59,71.72426282,0.82259472,0.00000000,0.00000000,nan,0.00000000,0,0,0,0.06476396,0.01126812,0.03397277,0.03571742,0.00431369,0.94789612,0.31980205,0.00156528,0.99843472,-9.26561928
78600,0.19461696,0.19461696,35,72.00258813,0.48609364,0.00000000,0.00000000,nan,0.00000000,0,0,0,0.07327199,0.01198703,0.14005859,0.14818664,0.00188188,0.73196530,0.21076564,0.10954699,0.89045301,-6.78095659
78700,0.38978928,0.38978928,29,72.25846647,0.40133705,0.00000000,0.00000000,nan,0.00000000,0,0,0,0.09460665,0.01248014,0.25033212,0.26477462,0.00480954,1.38127124,0.28064305,-0.22422989,1.22422989,-1.75951246
78800,0.37012389,0.37012389,106,72.39749426,1.46413907,0.57755681,0.04118376,nan,0.00000000,0,0,0,0.11161076,0.02304819,0.19757992,0.20546682,0.06350282,1.58711100,0.49667209,0.08200670,0.91799330,-0.12380695
78900,0.43825948,0.43825948,235,72.62156506,3.23595339,1.00000000,0.43825948,nan,0.00000000,0,0,0,0.05099984,0.01500200,0.18845640,0.19700995,0.04304565,0.58974260,0.18351242,0.02850232,0.97149768,-3.31534147
79000,0.15453795,0.15453795,231,72.82950465,3.17179145,0.99999999,0.15453794,nan,0.00000000,0,0,0,0.23938939,0.01417302,0.34295830,0.36312267,0.00016375,3.05556846,0.32318681,0.12383346,0.87616654,2.87273999
79100,1.25192690,1.25192690,71,73.04192146,0.97204453,0.00000000,0.00000000,nan,0.00000000,0,0,0,0.09202778,0.01822943,1.43832362,1.51998425,0.05009399,1.41664314,0.42132092,-0.10154694,1.10154694,8.23126459
79200,0.45913541,0.45913541,137,73.24619746,1.87040426,0.95170438,0.37665961,nan,0.00000000,0,0,0,0.08433090,0.00814690,1.03588855,1.09661758,0.00349797,1.50939322,0.18358803,-0.12686158,1.12686158,-3.62931788
79300,0.58421355,0.58421355,273,73.43345674,3.71765149,1.00000000,0.58421355,nan,0.00000000,0,0,0,0.08281674,0.01431610,0.47950900,0.50745356,0.00445057,0.78933883,0.17459641,-0.01864324,1.01864324,-3.46328171
79400,0.53402764,0.53402764,61,73.57473100,0.82908900,0.00000000,0.00000000,nan,0.00000000,0,0,0,0.07014893,0.01908141,0.24068506,0.25400537,0.01423976,0.73915261,0.23228900,-0.08122744,1.08122744,-0.86816132
79500,0.48842204,0.48842204,35,73.58838680,0.47561853,0.00000000,0.00000000,nan,0.02771607,0,0,0,0.17728829,0.04532278,1.13973200,1.19934809,0.12625821,2.11890936,0.81931037,0.03398335,0.96601665,6.59993744
79600,1.40727353,1.40727353,6,73.69786046,0.08141349,0.00000000,0.00000000,nan,0.04754840,0,0,0,0.29772899,0.05824688,1.13412046,1.19922590,0.02732835,2.14387560,1.26603639,-0.14843748,1.14843748,32.40606117
79700,0.19919385,0.19919385,6,73.68715462,0.08142532,0.00000000,0.00000000,nan,0.04544181,0,0,0,0.64089000,0.04018477,0.41721919,0.43981022,0.03317169,3.36157560,0.53773445,0.04975786,0.95024214,7.61506891
79800,0.35589784,0.35589784,274,73.68323284,3.71862077,1.00000000,0.35589784,nan,0.02847331,0,0,0,0.42783409,0.02118386,0.47207865,0.48418695,0.26623642,3.14319992,0.46693394,0.02790366,0.97209634,6.86172501
79900,0.45544773,0.45544773,39,73.74452446,0.52885282,0.00000000,0.00000000,nan,0.00000000,0,0,0,0.42413738,0.02939897,0.35613427,0.36324507,0.23525046,1.87678576,0.60948944,0.06099818,0.93900182,5.95399833
80000,0.20997587,0.20997587,306,73.75710940,4.14875261,1.00000000,0.20997587,nan,0.00028778,0,0,0,0.48929828,0.01853661,0.22422713,0.22079316,0.28260484,4.34971428,0.46460438,-0.01595214,1.01595214,8.33104086
80100,0.31155846,0.31155846,25,73.89318914,0.33832617,0.00000000,0.00000000,nan,0.00000000,0,0,0,0.20122617,0.01184434,0.27153128,0.28744820,0.00094378,1.08249807,0.29083973,-0.00040275,1.00040275,-0.37831911
80200,0.44565451,0.44565451,70,73.95000184,0.94658551,0.00000000,0.00000000,nan,0.00000000,0,0,0,0.19899219,0.01390878,2.53537083,2.68437362,0.00232600,1.53921843,0.18928640,0.12383347,0.87616653,1.44229996
80300,0.35382366,0.35382366,166,74.16157494,2.23835592,0.99783233,0.35076573,nan,0.00000000,0,0,0,0.19900431,0.00907394,3.56843281,3.77829957,0.00069798,2.25488567,0.14535016,-0.07269652,1.07269652,1.07891981
80400,0.19075353,0.19075353,99,74.39683528,1.33070176,0.35432218,0.00300653,nan,0.00000000,0,0,0,0.07754033,0.01053211,0.04672179,0.04944026,0.00050774,0.60507572,0.17744908,-0.12955351,1.12955351,-7.04751714
80500,0.57335871,0.57335871,100,74.65902704,1.33942276,0.36924088,0.01065775,nan,0.00000000,0,0,0,0.11391100,0.00714708,0.06191938,0.06369258,0.03177502,1.31015074,0.18929593,-0.16550643,1.16550643,-0.80331103
80600,0.23049147,0.23049147,43,74.93291153,0.57384665,0.00000000,0.00000000,nan,0.00000000,0,0,0,0.14804354,0.01490593,0.25135854,0.26417062,0.03355320,1.85658979,0.29699415,0.04180726,0.95819274,-1.12240535
80700,0.55992454,0.55992454,67,75.11521322,0.89196312,0.00000000,0.00000000,nan,0.00000000,0,0,0,0.15006413,0.01239425,1.04871142,1.10176826,0.14674518,1.60527182,0.26405132,0.11026313,0.88973687,1.62075144
80800,0.69088340,0.69088340,145,75.35756832,1.92415975,0.96716581,0.60451698,nan,0.00000000,0,0,0,0.12251987,0.01140920,0.45884418,0.48216185,0.06244342,1.29521799,0.18367521,-0.07541265,1.07541265,1.62088287
80900,0.28614208,0.28614208,135,75.70065825,1.78333984,0.91409259,0.19977562,nan,0.00000000,0,0,0,0.05616379,0.01145020,0.12131262,0.12652029,0.03278236,0.51095378,0.17343049,0.12903819,0.87096181,-5.41145134
81000,0.08504751,0.08504751,249,75.91491344,3.27998793,1.00000000,0.08504751,nan,0.00000000,0,0,0,0.20642550,0.01692463,0.17732793,0.18774794,0.00018782,2.44599628,0.36642754,-0.06933415,1.06933415,1.31799676
81100,0.22383994,0.22383994,345,76.14488768,4.53083602,1.00000000,0.22383994,nan,0.00000000,0,0,0,0.10585412,0.00642075,0.51373988,0.54305333,0.01541166,1.60634577,0.15866561,0.30451030,0.69548970,-3.98643303
81200,0.20358682,0.20358682,120,76.46069535,1.56943380,0.72665470,0.05676256,nan,0.00000000,0,0,0,0.08993438,0.01410916,0.21052498,0.22290209,0.00011391,1.04302132,0.30338079,0.06146690,0.93853310,-5.97803394
81300,0.09931389,0.09931389,259,76.67015354,3.37810723,1.00000000,0.09931389,nan,0.00000000,0,0,0,0.22256449,0.00483251,0.69166780,0.73175967,0.01010518,3.51951814,0.10704535,-0.03176429,1.03176429,2.46847856
81400,0.44164279,0.44164279,283,76.85417476,3.68229834,1.00000000,0.44164279,nan,0.00000000,0,0,0,0.10302902,0.01262673,0.16525525,0.17481552,0.00273053,1.42375076,0.27609101,0.01828315,0.98171685,-2.39653254
81500,0.31975478,0.31975478,141,77.02961163,1.83046490,0.93662512,0.24608223,nan,0.00000000,0,0,0,0.17948361,0.01988498,0.16510181,0.17442897,0.00654011,2.07848215,0.47213018,0.12504842,0.87495158,2.01818573
81600,0.23457392,0.23457392,215,77.34216343,2.77985500,0.99999686,0.23457097,nan,0.00000000,0,0,0,0.08307050,0.00486063,1.10012805,1.16465521,0.00316646,1.35228896,0.09852494,-0.08494758,1.08494758,-5.86158291
81700,2.55266309,2.55266309,88,77.69976574,1.13256455,0.06787974,0.00005419,nan,0.00000000,0,0,0,0.05128764,0.00948737,0.20018947,0.21135274,0.01041383,0.83327717,0.19728889,-0.00993551,1.00993551,17.59091878
81800,0.40476742,0.40476742,77,78.05282046,0.98651144,0.00000000,0.00000000,nan,0.00000000,0,0,0,0.09576102,0.01226144,0.19305065,0.20383726,0.00967815,1.33152580,0.12254681,-0.09012093,1.09012093,-3.86832136
81900,1.39822078,1.39822078,223,78.35755703,2.84592844,0.99999880,1.39821404,nan,0.00000000,0,0,0,0.05278672,0.01693196,2.05799770,2.17871857,0.00574417,0.75672078,0.28591797,-0.13902230,1.13902230,9.33418465
82000,0.60077041,0.60077041,388,78.65669008,4.93282898,1.00000000,0.60077041,nan,0.00000000,0,0,0,0.17703438,0.01331234,1.39688063,1.47831309,0.01252846,1.94476020,0.29462254,-0.01434131,1.01434131,3.65832561
82100,0.34235403,0.34235403,151,78.83266094,1.91544974,0.96499250,0.29687334,nan,0.00000000,0,0,0,0.11668893,0.01133105,0.82774758,0.87558192,0.01456366,1.72567475,0.13967006,-0.07559401,1.07559401,nan
82200,0.36228111,0.36228111,129,79.11174874,1.63060483,0.79620686,0.14559597,nan,0.00000000,0,0,0,0.08590113,0.00913952,0.42773640,0.45257854,0.00541969,1.10032070,0.14769095,0.14361105,0.85638895,-3.45842934
82300,0.06459039,0.06459039,179,79.25208041,2.25861579,0.99822943,0.06413415,nan,0.00806013,0,0,0,0.16203555,0.00957393,0.08884308,0.09406659,0.00004351,2.06377077,0.22285917,0.11351133,0.88648867,-1.27431492
82400,1.52660775,1.52660775,125,79.55892290,1.57116255,0.72880214,0.43069123,nan,0.00000000,0,0,0,0.09966128,0.00811276,0.65461892,0.69207865,0.01780341,0.86777008,0.13467948,-0.06620333,1.06620333,8.17161822
82500,0.75365776,0.75365776,202,79.83405326,2.53024858,0.99991447,0.75339995,nan,0.00000000,0,0,0,0.15409385,0.01650911,0.43597922,0.45481664,0.11574221,1.24946332,0.26889774,-0.00682468,1.00682468,5.03463882
82600,0.33762470,0.33762470,92,80.10426765,1.14850310,0.08443387,0.00001716,nan,0.00000000,0,0,0,0.12467737,0.00782794,0.39161035,0.41430897,0.00573389,1.85320663,0.16459756,0.10925414,0.89074586,-2.69678101
82700,0.09036732,0.09036732,69,80.39920949,0.85821739,0.00000000,0.00000000,nan,0.00000000,0,0,0,0.04742323,0.00879418,0.05349450,0.05658645,0.00093137,0.88428181,0.34947136,0.09528953,0.90471047,-9.49534607
82800,2.09635067,2.09635067,162,80.63792465,2.00898027,0.98295954,1.95707063,nan,0.00000000,0,0,0,0.06947635,0.00957872,0.25838596,0.26998246,0.06124531,0.77590644,0.17894466,0.09733294,0.90266706,8.24025249
82900,0.36570317,0.36570317,31,80.87711822,0.38329753,0.00000000,0.00000000,nan,0.00000000,0,0,0,0.04643774,0.01008693,0.13878900,0.14680412,0.00253167,0.39642417,0.15645069,-0.04175683,1.04175683,-7.88526940
83000,0.26331139,0.26331139,224,81.06093442,2.76335329,0.99999603,0.26330721,nan,0.00000000,0,0,0,0.14174773,0.01298997,0.26922053,0.28481025,0.00419548,1.71902609,0.27552909,0.08450574,0.91549426,-0.25781409
83100,1.70061350,1.70061350,94,81.17466084,1.15799683,0.09502865,0.00013868,nan,0.00000000,0,0,0,0.10978500,0.00999488,1.87105048,1.97939682,0.02916420,1.04069328,0.11875730,-0.16145609,1.16145609,10.79535351
83200,1.57644045,1.57644045,117,81.23806518,1.44021155,0.53936294,0.13341418,nan,0.08501032,0,0,0,0.30788878,0.04998117,0.84684533,0.84079349,0.94972670,1.45226407,0.33309641,-0.14393540,1.14393540,17.32183075
83300,0.48276737,0.48276737,110,81.27591802,1.35341443,0.39323094,0.01154326,nan,0.08268351,0,0,0,0.36631319,0.03794419,0.41149822,0.40590969,0.50650358,1.87705529,0.55351949,0.13171786,0.86828214,7.15980875
83400,0.30083627,0.30083627,63,81.29906604,0.77491665,0.00000000,0.00000000,nan,0.05932082,0,0,0,0.40588519,0.02963974,0.89588100,0.94857824,0.00002863,3.25472546,0.58541137,-0.10244163,1.10244163,7.59322703
83500,1.92635369,1.92635369,8,81.28005658,0.09842513,0.00000000,0.00000000,nan,0.03262714,0,0,0,0.28411067,0.02909346,6.86998510,7.27181816,0.03882040,1.96606147,0.64176363,-0.09712164,1.09712164,27.83938980
83600,0.20214054,0.20214054,83,81.34611980,1.02033140,0.00165210,0.00000000,nan,0.00674616,0,0,0,0.43100795,0.02999588,0.38532552,0.40783024,0.00274488,2.20427608,0.53003883,-0.11805645,1.11805645,4.12275048
83700,0.76447308,0.76447308,172,81.39426816,2.11317091,0.99296317,0.74318128,nan,0.00028812,0,0,0,0.26225603,0.02045856,0.56110978,0.59095776,0.05369392,2.30592132,0.36213875,0.04641578,0.95358422,8.91362429
83800,0.77060062,0.77060062,41,81.48711768,0.50314701,0.00000000,0.00000000,nan,0.00000000,0,0,0,0.18489343,0.03689730,0.82152939,0.86815757,0.02885078,1.34695101,0.54636860,0.05900669,0.94099331,12.28367345
83900,0.27623045,0.27623045,25,81.55326126,0.30654813,0.00000000,0.00000000,nan,0.00000000,0,0,0,0.32659239,0.03480536,0.23593672,0.24857530,0.02108079,1.74208236,0.50251937,0.02812657,0.97187343,5.65744019
84000,1.15509164,1.15509164,383,81.63641953,4.69153354,1.00000000,1.15509164,nan,0.00000000,0,0,0,0.36681560,0.02209504,4.34279633,4.56537056,0.55902976,3.52188849,0.41962141,0.04894432,0.95105568,16.01919794
84100,0.07633884,0.07633884,52,81.62927002,0.63702640,0.00000000,0.00000000,nan,0.01668608,0,0,0,0.42639375,0.01869186,0.11584817,0.12256412,0.00167721,4.15245152,0.44518968,0.13117938,0.86882062,5.56370759
84200,0.53084660,0.53084660,35,81.68515482,0.42847443,0.00000000,0.00000000,nan,0.00000000,0,0,0,0.27099141,0.02127101,0.62564468,0.66226119,0.00316435,1.90923059,0.45310768,-0.10087527,1.10087527,6.31595596
84300,0.37045828,0.37045828,137,81.78471844,1.67512957,0.83849186,0.18311955,nan,0.00000000,0,0,0,0.16468270,0.01205874,0.44396868,0.46945789,0.01065189,1.03853250,0.24711949,0.27311815,0.72688185,0.19329983
84400,1.06396854,1.06396854,42,81.74144596,0.51381523,0.00000000,0.00000000,nan,0.00000000,0,0,0,0.10177968,0.01032405,0.57444322,0.60791320,0.00545344,1.19377601,0.18509820,0.11716964,0.88283036,5.32963982
84500,0.96844167,0.96844167,65,81.64876915,0.79609283,0.00000000,0.00000000,nan,0.00000000,0,0,0,0.16263810,0.01474995,0.82196087,0.84453720,0.43816462,1.88511384,0.41946241,0.08138305,0.91861695,6.75433981
84600,0.16472517,0.16472517,195,81.77683248,2.38453843,0.99953235,0.16441725,nan,0.00000000,0,0,0,0.31961164,0.02273640,0.39826328,0.42169034,0.00000335,2.76816463,0.27538767,-0.08116179,1.08116179,3.70533514
84700,0.64107794,0.64107794,288,81.95440018,3.51414932,1.00000000,0.64107794,nan,0.00000000,0,0,0,0.23938516,0.02237214,1.15052819,1.21660137,0.02728468,2.22398496,0.59313923,-0.01463211,1.01463211,5.90352404
84800,0.10860899,0.10860899,79,82.23500836,0.96066142,0.00000000,0.00000000,nan,0.00000000,0,0,0,0.28574416,0.02233177,0.07286410,0.07677440,0.00638908,2.56115890,0.51622391,-0.10411976,1.10411976,2.68387198
84900,0.42222214,0.42222214,219,82.51542404,2.65404926,0.99998233,0.42219229,nan,0.00000000,0,0,0,0.26465547,0.01828543,0.70386744,0.74374712,0.02591258,1.65436196,0.31573236,0.02006377,0.97993623,3.08094716
85000,0.61471558,0.61471558,198,82.76380051,2.39235026,0.99957122,0.61366193,nan,0.00000000,0,0,0,0.31024787,0.01853863,0.51050258,0.53597635,0.07744790,3.04273176,0.29960433,0.03913644,0.96086356,8.53651698
85100,0.36154139,0.36154139,148,82.91112778,1.78504387,0.91500607,0.25342761,nan,0.00000000,0,0,0,0.33696830,0.03116498,0.93619472,0.99072683,0.00914973,1.89178705,0.40563202,0.05826876,0.94173124,3.92933583
85200,0.65196037,0.65196037,188,83.11161646,2.26201833,0.99828914,0.64751017,nan,0.00000000,0,0,0,0.18526441,0.03128227,0.39475641,0.41057181,0.12589419,1.13550270,0.20174576,-0.14762966,1.14762966,1.46538520
85300,0.27678201,0.27678201,146,83.31303376,1.75242688,0.89612685,0.17849079,nan,0.00000000,0,0,0,0.29098433,0.01150556,0.30344439,0.31231624,0.15262257,2.38904190,0.26637140,-0.05672799,1.05672799,4.34104443
85400,0.27774251,0.27774251,252,83.57146838,3.01538318,0.99999991,0.27774241,nan,0.00000000,0,0,0,0.17853238,0.01966247,0.28148869,0.29566810,0.04043842,1.47780824,0.31369296,-0.06335494,1.06335494,0.87810191
85500,0.64629912,0.64629912,97,83.79889510,1.15753316,0.09449890,0.00005154,nan,0.00000000,0,0,0,0.14937459,0.01899125,0.10875106,0.11049591,0.07908861,1.22202635,0.44137651,0.04698542,0.95301458,3.32880628
85600,0.46812767,0.46812767,109,84.00326144,1.29756867,0.29825729,0.00370449,nan,0.00000000,0,0,0,0.24250719,0.01852654,1.17463541,1.24209011,0.02790552,1.59766018,0.35527456,0.02568479,0.97431521,2.54962361
85700,0.42129052,0.42129052,89,84.21735530,1.05678930,0.01281725,0.00000001,nan,0.00000000,0,0,0,0.25909409,0.01266462,0.60494524,0.63890219,0.02767798,1.52125514,0.32149825,0.18753376,0.81246624,1.30732530
85800,0.29623058,0.29623058,282,84.41099661,3.34079695,1.00000000,0.29623058,nan,0.00000000,0,0,0,0.12696168,0.01890587,0.25582910,0.27087283,0.00008587,1.11902273,0.31792045,0.13862372,0.86137628,1.30887262
85900,0.13040510,0.13040510,102,84.65552879,1.20488291,0.15456841,0.00007444,nan,0.00000000,0,0,0,0.17847511,0.01403295,0.19801237,0.20961261,0.00080801,1.54324698,0.21963264,0.00565574,0.99434426,-1.69795209
86000,0.56632710,0.56632710,300,84.75234795,3.53972494,1.00000000,0.56632710,nan,0.01155649,0,0,0,0.30811504,0.01074977,0.23551348,0.22428620,0.42637724,3.92120957,0.14132659,-0.00834710,1.00834710,10.01834297
86100,0.36350796,0.36350796,95,84.94381988,1.11838625,0.05451874,0.00000321,nan,0.00000000,0,0,0,0.32310253,0.01664675,0.18993163,0.20092577,0.00303144,1.85363746,0.45701563,-0.00180707,1.00180707,2.30013176
86200,2.18406773,2.18406773,55,85.13927072,0.64600037,0.00000000,0.00000000,nan,0.00000000,0,0,0,0.28252280,0.02287228,2.52218914,2.66999316,0.00952052,1.85805178,0.52214348,0.19302479,0.80697521,36.45125008
86300,0.15508108,0.15508108,183,85.33444776,2.14450324,0.99469736,0.15181779,nan,0.00000000,0,0,0,0.17473266,0.01787501,0.12377821,0.12712649,0.06685749,1.24569976,0.34009534,-0.07550278,1.07550278,-2.01995977
86400,0.81922221,0.81922221,125,85.52734152,1.46152093,0.57344173,0.08858473,nan,0.00000000,0,0,0,0.31637618,0.01377421,2.32787490,2.46411324,0.01182866,1.55236328,0.31105185,0.06837603,0.93162397,7.58690739
86500,0.75847435,0.75847435,149,85.69997904,1.73862353,0.88721353,0.46995202,nan,0.00000000,0,0,0,0.23551430,0.01584433,0.24777023,0.26233736,0.00012928,1.13357878,0.26266205,-0.03546667,1.03546667,4.21902795
86600,0.33081892,0.33081892,271,85.89946569,3.15485082,0.99999999,0.33081891,nan,0.00000000,0,0,0,0.17525335,0.01808255,0.46191585,0.48885256,0.00399263,1.37334359,0.28962553,-0.06992147,1.06992147,-0.17658025
86700,0.11895239,0.11895239,179,86.08395583,2.07936541,0.99053466,0.11451224,nan,0.00000000,0,0,0,0.13410816,0.01210878,0.07774635,0.08219936,0.00204512,1.01585138,0.19508821,-0.00944984,1.00944984,-3.75069229
86800,0.44587338,0.44587338,277,86.24847927,3.21165083,1.00000000,0.44587337,nan,0.00000000,0,0,0,0.10792003,0.02377247,0.50728673,0.53694147,0.00315607,1.29505670,0.67918491,0.10183839,0.89816161,1.42185887
86900,0.13416706,0.13416706,321,86.45776752,3.71279538,1.00000000,0.13416706,nan,0.00000000,0,0,0,0.13223502,0.01322810,0.11294455,0.11757950,0.03415035,1.46691346,0.39440104,0.15208402,0.84791598,-3.32416549
87000,1.68660760,1.68660760,347,86.60278458,4.00679957,1.00000000,1.68660760,nan,0.00000000,0,0,0,0.32774809,0.01911453,2.33207655,2.43133759,0.64463943,3.62277865,0.39147234,0.08465231,0.91534769,21.33681488
87100,0.29686308,0.29686308,406,86.94638393,4.66954440,1.00000000,0.29686308,nan,0.00000000,0,0,0,0.18296051,0.00756900,0.16281907,0.17239235,0.00007318,2.28041720,0.11774582,-0.18676371,1.18676371,1.84267743
87200,0.54019284,0.54019284,408,87.34808363,4.67096681,1.00000000,0.54019284,nan,0.00000000,0,0,0,0.11644448,0.01052090,0.99571800,1.05380511,0.00823887,1.30985022,0.16695422,-0.04808823,1.04808823,-0.24151656
87300,0.21282506,0.21282506,256,87.90099705,2.91236742,0.99999956,0.21282468,nan,0.00000000,0,0,0,0.10751460,0.00701598,0.28843975,0.30358988,0.03088741,1.34049654,0.16554700,0.12924886,0.87075114,-3.97828382
87400,0.71840489,0.71840489,452,88.39007609,5.11369624,1.00000000,0.71840489,nan,0.00000000,0,0,0,0.13584159,0.01539527,0.11133259,0.11342457,0.07576897,1.45787966,0.12249429,0.08019819,0.91980181,2.43358862
87500,1.61385393,1.61385393,157,88.91189210,1.76579304,0.90422522,1.07887391,nan,0.00000000,0,0,0,0.07499883,0.00984484,0.43920046,0.46131858,0.06319246,0.74124992,0.24830627,0.11094561,0.88905439,8.98554293
87600,1.43266952,1.43266952,54,89.38851048,0.60410448,0.00000000,0.00000000,nan,0.00000000,0,0,0,0.07992481,0.01846248,0.33303142,0.33590966,0.28410095,0.90526402,0.40790355,0.07813233,0.92186767,12.82033682
87700,0.10833593,0.10833593,310,89.91714112,3.44761851,1.00000000,0.10833593,nan,0.00000000,0,0,0,0.05998062,0.00833007,0.09520645,0.10033779,0.00797382,0.70161426,0.21498519,0.01796272,0.98203728,-9.88086303
87800,0.24249986,0.24249986,84,90.31699375,0.93005753,0.00000000,0.00000000,nan,0.00000000,0,0,0,0.08111291,0.01385099,0.13148920,0.13489579,0.07357734,1.06389606,0.28031898,0.02561873,0.97438127,-5.66049385
87900,0.06864337,0.06864337,250,90.72210569,2.75566796,0.99999558,0.06864216,nan,0.00000000,0,0,0,0.12538494,0.01934718,0.13065661,0.13810006,0.00411796,1.52027667,0.28496400,0.09345810,0.90654190,-0.30534554
88000,0.12282324,0.12282324,312,91.09277671,3.42507948,1.00000000,0.12282324,nan,0.00000000,0,0,0,0.12276557,0.01257772,0.09235922,0.09725899,0.00906327,1.25666678,0.25348401,0.06887586,0.93112414,-3.25291550
88100,0.45935625,0.45935625,99,91.32284792,1.08406606,0.02787260,0.00000028,nan,0.00000000,0,0,0,0.11214612,0.01412364,1.92821836,2.04030561,0.02273291,1.36601114,0.15782455,-0.00969834,1.00969834,-1.75430151
88200,1.12930977,1.12930977,43,91.33608729,0.47078872,0.00000000,0.00000000,nan,0.00000000,0,0,0,0.17977645,0.01963519,2.53008366,2.66807699,0.18420261,1.93260705,0.30394208,-0.10310990,1.10310990,11.29896164
88300,0.91442519,0.91442519,308,91.41626658,3.36920344,1.00000000,0.91442519,nan,0.06040833,0,0,0,0.17843825,0.02812083,0.44092214,0.46485698,0.03402960,2.04348421,0.55667454,0.00516231,0.99483769,6.56452703
88400,0.30243582,0.30243582,178,91.52284638,1.94486958,0.97187550,0.26982100,nan,0.08150502,0,0,0,0.11486092,0.01238739,1.08961546,1.15365529,0.00093882,1.45735991,0.27814907,-0.15553682,1.15553682,-2.37260973
88500,0.19112082,0.19112082,137,91.59563289,1.49570450,0.62577265,0.02930720,nan,0.06857123,0,0,0,0.20206711,0.01590821,0.07090297,0.07109604,0.06762067,2.41130567,0.25199065,-0.10030378,1.10030378,1.13959090
88600,1.32443345,1.32443345,76,91.77431622,0.82811840,0.00000000,0.00000000,nan,0.01810418,0,0,0,0.08606401,0.01593547,0.37518018,0.37452579,0.38630539,0.68723750,0.25712150,0.14699225,0.85300775,20.74517822
88700,0.37346277,0.37346277,194,91.86854302,2.11171304,0.99287128,0.36292685,nan,0.00000000,0,0,0,0.10508163,0.01472677,0.31452629,0.33172461,0.02215496,0.95733714,0.34514910,0.07998463,0.92001537,-4.08297682
88800,0.18609121,0.18609121,59,91.98134506,0.64143441,0.00000000,0.00000000,nan,0.00000000,0,0,0,0.05194325,0.01017367,0.05333328,0.05474522,0.02933040,0.75746739,0.30204466,0.08169224,0.91830776,-7.13682715
88900,0.27097979,0.27097979,93,92.12882322,1.00945607,0.00035761,0.00000000,nan,0.00000000,0,0,0,0.16255520,0.01550850,0.46407428,0.48635742,0.08526208,1.80389154,0.35693079,0.22848226,0.77151774,-0.23061021
89000,1.26373529,1.26373529,319,92.23018857,3.45873737,1.00000000,1.26373529,nan,0.00655793,0,0,0,0.26954123,0.01358772,0.55276316,0.56600541,0.32764390,2.47403121,0.19721153,0.00051703,0.99948297,13.38666344
89100,0.47563043,0.47563043,59,92.27321463,0.63940549,0.00000000,0.00000000,nan,0.00011506,0,0,0,0.19452365,0.01633310,2.24099231,2.37103271,0.03030547,2.18264318,0.27437845,-0.14607087,1.14607087,2.78019953
89200,0.31705198,0.31705198,34,92.31974184,0.36828526,0.00000000,0.00000000,nan,0.00000000,0,0,0,0.06151901,0.00514260,0.07469909,0.07762132,0.02502118,0.66743594,0.08559513,-0.21378952,1.21378952,-8.58744129
89300,0.27485573,0.27485573,150,92.36579100,1.62397786,0.78931549,0.10668597,nan,0.00000000,0,0,0,0.08272048,0.00634652,0.72698581,0.76970935,0.00068578,1.33900237,0.10059141,0.03384184,0.96615816,-6.69851446
89400,0.38934234,0.38934234,192,92.44197130,2.07697864,0.99033778,0.37451138,nan,0.00000000,0,0,0,0.06656485,0.01032247,0.13773902,0.14543785,0.00685860,0.57001960,0.18704291,0.02021090,0.97978910,-8.14922778
89500,0.10781130,0.10781130,97,92.52558996,1.04835862,0.00931061,0.00000000,nan,0.00000000,0,0,0,0.07254469,0.00514964,0.03281619,0.03471791,0.00048688,0.63408065,0.11886157,0.04802579,0.95197421,-11.09396553
89600,0.32152298,0.32152298,184,92.64937947,1.98598200,0.97952687,0.29599027,nan,0.00000000,0,0,0,0.06058678,0.00628165,0.47793251,0.50602800,0.00030854,0.73416448,0.24855693,0.14430090,0.85569910,-6.38427424
89700,0.12131878,0.12131878,275,92.82454031,2.96257864,0.99999980,0.12131868,nan,0.00000000,0,0,0,0.04550163,0.00801900,0.07815126,0.08270901,0.00066949,0.55898148,0.23883370,-0.05962942,1.05962942,-10.88811684
89800,0.60302281,0.60302281,33,92.96414267,0.35497557,0.00000000,0.00000000,nan,0.00000000,0,0,0,0.07569289,0.01063857,0.23123373,0.24195623,0.04895117,0.89366275,0.22021912,-0.02957506,1.02957506,-2.28471589
89900,0.75009406,0.75009406,135,93.05782452,1.45071090,0.55627987,0.07182723,nan,0.00115924,0,0,0,0.11534221,0.01443611,0.93275326,0.98687935,0.01260888,1.06952322,0.28771734,0.07724571,0.92275429,4.11335842
90000,0.17866275,0.17866275,316,93.14896615,3.39241554,1.00000000,0.17866275,nan,0.00000000,0,0,0,0.22755867,0.01701771,0.07050692,0.07141530,0.05506443,2.62487030,0.41207901,0.12337720,0.87662280,3.51142534
90100,1.32965970,1.32965970,188,93.27799249,2.01548077,0.98383335,1.24573787,nan,0.00000000,0,0,0,0.19232024,0.02138114,3.59359908,3.79784489,0.12142467,1.44059396,0.26473039,0.08472764,0.91527236,12.11801291
90200,0.30292490,0.30292490,74,93.34982885,0.79271704,0.00000000,0.00000000,nan,0.00000000,0,0,0,0.11689370,0.01036571,0.35086885,0.36895874,0.04334063,1.16407347,0.18288861,0.21345839,0.78654161,-4.54065609
90300,0.25999627,0.25999627,100,93.43264966,1.07028967,0.01956855,0.00000004,nan,0.04394537,0,0,0,0.17897010,0.01547680,0.38851628,0.40941188,0.03329049,1.73878026,0.27995142,0.12170320,0.87829680,1.90204328
90400,0.94392657,0.94392657,22,93.41387630,0.23551105,0.00000000,0.00000000,nan,0.04974742,0,0,0,0.07871637,0.01190010,3.53857923,3.74619102,0.00917461,0.98565334,0.21752617,0.03367240,0.96632760,5.84777254
90500,0.16436507,0.16436507,86,93.48153793,0.91996775,0.00000000,0.00000000,nan,0.10846749,0,0,0,0.29152912,0.03091005,0.25515598,0.26613432,0.06852507,2.84165120,0.57165116,0.04175758,0.95824242,4.07397451
90600,0.40787664,0.40787664,33,93.50886643,0.35290771,0.00000000,0.00000000,nan,0.06825177,0,0,0,0.28056002,0.02624478,0.55889702,0.58772582,0.06880841,2.18701601,0.35323340,0.04307922,0.95692078,5.34403801
90700,0.14701779,0.14701779,191,93.50727374,2.04262184,0.98707047,0.13956050,nan,0.06005469,0,0,0,0.15783708,0.01362338,0.16901734,0.17729956,0.02821975,1.36869574,0.31852216,0.00111965,0.99888035,-2.49742130
90800,0.94055909,0.94055909,307,93.56704066,3.28106989,1.00000000,0.94055909,nan,0.00000000,0,0,0,0.15202363,0.00806049,0.77841842,0.82298392,0.02080460,1.44035399,0.23111312,-0.08350784,1.08350784,3.09403729
90900,0.52038264,0.52038264,87,93.66432105,0.92884888,0.00000000,0.00000000,nan,0.00000000,0,0,0,0.11953925,0.00544578,1.76343036,1.86659980,0.00955028,2.09762836,0.07023304,0.14135514,0.85864486,-1.28054190
91000,0.32820973,0.32820973,335,93.80902879,3.57108483,1.00000000,0.32820973,nan,0.00000000,0,0,0,0.27168387,0.01398775,0.23474604,0.23680715,0.19970688,3.02085280,0.30695042,0.07543991,0.92456009,4.67018914
91100,0.17049576,0.17049576,41,94.00576301,0.43614347,0.00000000,0.00000000,nan,0.00000000,0,0,0,0.07469051,0.01201635,0.28491411,0.30091095,0.01296774,1.29344690,0.27276775,-0.05630212,1.05630212,-6.65116441
91200,0.39616427,0.39616427,79,94.15700375,0.83902415,0.00000000,0.00000000,nan,0.00000000,0,0,0,0.03802013,0.01262185,0.10372274,0.10980266,0.00036413,0.52969337,0.18757786,0.07571352,0.92428648,-1.00838709
91300,0.75558490,0.75558490,209,94.34297531,2.21532127,0.99728245,0.74740495,nan,0.00000000,0,0,0,0.04998876,0.00823113,0.22977453,0.24258623,0.01197612,0.58005744,0.17077547,0.11591418,0.88408582,-4.89597225
91400,0.40989938,0.40989938,71,94.51740163,0.75118442,0.00000000,0.00000000,nan,0.00000000,0,0,0,0.06484727,0.00862944,0.03623881,0.03836941,0.00001863,0.58893627,0.16465324,-0.18882149,1.18882149,-8.21373749
91500,1.78310478,1.78310478,193,94.68102393,2.03842324,0.98661059,1.68950685,nan,0.00000000,0,0,0,0.04457368,0.00852667,1.76921260,1.87274289,0.00919644,0.51221049,0.17386466,-0.27923990,1.27923990,7.81684732
91600,0.16122369,0.16122369,179,94.72190333,1.88974243,0.95785193,0.13571329,nan,0.01293435,0,0,0,0.15868837,0.01546050,0.30494109,0.32284442,0.00058449,1.49693060,0.16286176,-0.09134565,1.09134565,-0.53578156
91700,0.08475973,0.08475973,106,94.83927878,1.11768037,0.05388833,0.00000071,nan,0.00000000,0,0,0,0.08129793,0.01232543,0.08009499,0.08464959,0.00266689,0.75329232,0.17757151,-0.03544435,1.03544435,-8.14201236
91800,0.94950569,0.94950569,73,94.94436836,0.76887130,0.00000000,0.00000000,nan,0.00000000,0,0,0,0.06184480,0.00957137,2.56681871,2.71774650,0.00104594,0.84016067,0.22403155,-0.01313767,1.01313767,1.82369393
91900,0.18651122,0.18651122,43,95.12445556,0.45203938,0.00000000,0.00000000,nan,0.00000000,0,0,0,0.04899507,0.01041113,0.35697478,0.37757972,0.00669082,0.83542037,0.25560492,-0.02802020,1.02802020,-9.83898497
92000,0.21080819,0.21080819,274,95.34019691,2.87391896,0.99999921,0.21080752,nan,0.00000000,0,0,0,0.23331945,0.01700800,0.32495567,0.34320837,0.01465967,2.23062706,0.27271068,0.20973983,0.79026017,3.85321772
92100,0.11614808,0.11614808,81,95.41060486,0.84896223,0.00000000,0.00000000,nan,0.00000000,0,0,0,0.10433282,0.01224661,0.12701523,0.13442151,0.00110853,1.34826076,0.15996948,0.14905383,0.85094617,-3.91876888
92200,0.48950556,0.48950556,156,95.54770978,1.63269219,0.79834514,0.19884761,nan,0.00000000,0,0,0,0.06275391,0.00514284,0.19672173,0.20821501,0.00133622,0.87053186,0.08597372,-0.34359676,1.34359676,-6.19711027
92300,0.16584608,0.16584608,165,95.72839979,1.72362643,0.87687323,0.09805110,nan,0.00000000,0,0,0,0.08420622,0.01570928,0.12324081,0.12861709,0.03184384,1.11158049,0.25238463,0.01168046,0.98831954,-7.54477215
92400,0.33090037,0.33090037,213,95.88949391,2.22130696,0.99743645,0.32752028,nan,0.00000000,0,0,0,0.05817007,0.00695687,0.16616961,0.17293495,0.05115894,0.84087354,0.15708037,-0.16303587,1.16303587,-9.69001770
92500,1.56037569,1.56037569,46,96.02814649,0.47902622,0.00000000,0.00000000,nan,0.00000000,0,0,0,0.09686501,0.00822773,3.30877113,3.50302649,0.00643406,1.65816283,0.24988781,-0.28617359,1.28617359,6.22959057
92600,0.38002291,0.38002291,263,96.18434976,2.73433257,0.99999405,0.38001386,nan,0.00000000,0,0,0,0.05944641,0.00882155,0.16461705,0.17217243,0.03617564,0.68450880,0.27526781,-0.10147425,1.10147425,-9.77634430
92700,0.27342337,0.27342337,98,96.35132951,1.01711103,0.00117046,0.00000000,nan,0.00000000,0,0,0,0.04939269,0.01265922,0.12266615,0.12986651,0.00025971,0.80721974,0.30756366,0.15879234,0.84120766,-0.20020437
92800,1.22571599,1.22571599,147,96.54489811,1.52260765,0.66461461,0.23914946,nan,0.00000000,0,0,0,0.06713419,0.00865317,0.84157193,0.89054960,0.00895011,0.59001672,0.22045717,-0.13573954,1.13573954,2.58888102
92900,0.29372448,0.29372448,136,96.66154117,1.40697115,0.48444025,0.01617711,nan,0.00000000,0,0,0,0.07977794,0.02857153,0.17497860,0.18521538,0.00095309,1.15996063,0.78258210,-0.00675933,1.00675933,2.08995348
93000,0.71079469,0.71079469,372,96.65133706,3.84888623,1.00000000,0.71079469,nan,0.00684531,0,0,0,0.36131057,0.01647475,0.67135423,0.70138955,0.16075493,3.02323818,0.28574908,0.02822353,0.97177647,10.53934040
93100,0.95925671,0.95925671,60,96.63308417,0.62090536,0.00000000,0.00000000,nan,0.00000000,0,0,0,0.15661603,0.01582060,1.50585842,1.59127688,0.05374548,2.35390186,0.45711100,-0.06791315,1.06791315,7.70138979
93200,0.77571011,0.77571011,148,96.74344779,1.52981937,0.67464365,0.16069309,nan,0.00000000,0,0,0,0.10363161,0.00870825,0.40298060,0.42496082,0.02931703,1.14943802,0.07042546,0.16792886,0.83207114,0.38719936
93300,2.47976208,2.47976208,3,96.75652347,0.03100566,0.00000000,0.00000000,nan,0.01069030,0,0,0,0.35052311,0.04965676,7.51498508,7.93727016,0.33613253,2.29048657,1.07503080,0.15020547,0.84979453,41.81941923
93400,1.29028845,1.29028845,28,96.76720181,0.28935424,0.00000000,0.00000000,nan,0.00000000,0,0,0,0.12923642,0.00985037,0.35979292,0.37929562,0.02824691,1.22134566,0.15089613,-0.10838688,1.10838688,6.97414780
93500,0.24192388,0.24192388,51,96.71260612,0.52733560,0.00000000,0.00000000,nan,0.00066571,0,0,0,0.10336814,0.01473479,0.23178448,0.24537748,0.00070323,0.98875493,0.22978693,-0.10414530,1.10414530,-1.48801842
93600,0.22462879,0.22462879,20,96.66474902,0.20690066,0.00000000,0.00000000,nan,0.00606110,0,0,0,0.06899864,0.01181379,0.51730353,0.54748875,0.00415421,1.01487601,0.28948858,0.04245677,0.95754323,-5.96313524
93700,0.22879304,0.22879304,123,96.65486072,1.27256921,0.25708668,0.00099945,nan,0.00000000,0,0,0,0.14878777,0.01697462,0.13485323,0.14139618,0.02362296,1.59754801,0.19397908,0.09556496,0.90443504,0.50440133
93800,0.60135841,0.60135841,6,96.72909757,0.06202890,0.00000000,0.00000000,nan,0.00000000,0,0,0,0.14146814,0.01150089,0.90400577,0.95703644,0.00248559,3.07860732,0.15882233,0.29672925,0.70327075,1.67601333
93900,0.22119637,0.22119637,231,96.75963824,2.38735907,0.99954675,0.22079561,nan,0.00000000,0,0,0,0.06868159,0.01076245,0.28220311,0.29874104,0.00105895,0.82203609,0.24961002,0.02898938,0.97101062,-8.07451844
94000,0.53937858,0.53937858,327,96.82254713,3.37731251,1.00000000,0.53937858,nan,0.00000000,0,0,0,0.25207379,0.01693024,1.38134813,1.46211171,0.00836618,2.04590821,0.31687057,0.05962405,0.94037595,5.95220447
94100,1.35716283,1.35716283,134,96.87600302,1.38321148,0.44423191,0.05285316,nan,0.00000000,0,0,0,0.09404840,0.00978145,2.30450988,2.43940949,0.01122027,1.06087708,0.12257615,0.24339233,0.75660767,7.43873465
94200,0.41888151,0.41888151,130,96.91014817,1.34144878,0.37271173,0.00808320,nan,0.00000000,0,0,0,0.30361336,0.02141126,0.53756022,0.55724943,0.20284550,3.23288178,0.52781135,0.03109545,0.96890455,6.56702042
94300,0.51805788,0.51805788,166,96.95393316,1.71215333,0.86848699,0.29473489,nan,0.00000000,0,0,0,0.10778584,0.01377213,0.33461395,0.35425255,0.00075816,0.84833282,0.14888351,-0.17330707,1.17330707,-1.47552425
94400,0.31832001,0.31832001,106,97.05445389,1.09217038,0.03341063,0.00000040,nan,0.00000000,0,0,0,0.10720477,0.00710173,0.25394404,0.26825377,0.01067855,1.33105636,0.14265487,0.05839219,0.94160781,-2.79481864
94500,0.17888536,0.17888536,42,97.07613343,0.43265011,0.00000000,0.00000000,nan,0.00000000,0,0,0,0.35302788,0.02408522,0.76076108,0.80431485,0.02034821,4.32686949,0.49285895,0.01431730,0.98568270,1.45910376
94600,0.15409343,0.15409343,141,97.05481796,1.45278723,0.55959702,0.01511074,nan,0.01576132,0,0,0,0.08176211,0.01777054,0.08065638,0.08531685,0.00142841,0.99846011,0.35667858,-0.06848817,1.06848817,-5.04786261
94700,0.20476416,0.20476416,206,97.09545444,2.12162352,0.99347528,0.19947212,nan,0.03001050,0,0,0,0.10722023,0.01091618,0.33848128,0.35589790,0.04239877,1.66864717,0.11591755,0.11261084,0.88738916,-3.61663349
94800,0.33860204,0.33860204,122,97.15169900,1.25576805,0.23023437,0.00095142,nan,0.00000000,0,0,0,0.05251739,0.00710727,0.03971191,0.04084897,0.02038189,0.50886476,0.11939248,-0.07308749,1.07308749,-10.17946148
94900,0.17424567,0.17424567,132,97.20714815,1.35792483,0.40096828,0.00450404,nan,0.00000000,0,0,0,0.10043668,0.00902788,0.24419361,0.25843301,0.00212378,1.28315246,0.10871587,-0.19194200,1.19194200,-6.00809288
95000,0.27071369,0.27071369,206,97.31202119,2.11690187,0.99319351,0.26341816,nan,0.00000000,0,0,0,0.36237746,0.02050985,0.36394152,0.37415406,0.19032814,3.47375393,0.19955812,-0.07676839,1.07676839,7.05089156
95100,0.40845960,0.40845960,54,97.48886931,0.55390939,0.00000000,0.00000000,nan,0.00000000,0,0,0,0.07927063,0.00761588,1.00464046,1.06369054,0.00078809,1.49328065,0.16896540,-0.06757911,1.06757911,-6.17007510
95200,0.15263940,0.15263940,110,97.62642218,1.12674415,0.06223540,0.00000229,nan,0.00000000,0,0,0,0.06276245,0.00573244,0.03848394,0.04027063,0.00811033,0.82235920,0.10151671,-0.03598184,1.03598184,-9.38869631
95300,0.10083894,0.10083894,284,97.74467430,2.90552915,0.99999951,0.10083874,nan,0.00000000,0,0,0,0.06876895,0.00443407,0.05586767,0.05878683,0.00624207,0.69720244,0.07264291,0.10747985,0.89252015,-10.25836722
95400,0.40665218,0.40665218,203,97.86962483,2.07418799,0.99010296,0.39079099,nan,0.01985978,0,0,0,0.03479242,0.00767868,0.08294141,0.08721717,0.01025348,0.37810373,0.14289719,-0.01284140,1.01284140,-10.23779138
95500,0.48776680,0.48776680,118,98.04139053,1.20357330,0.15275753,0.00026560,nan,0.00000000,0,0,0,0.05426852,0.00863744,0.20145136,0.21064810,0.04510660,0.39880526,0.08206204,0.12688399,0.87311601,-8.35432649
95600,0.16085900,0.16085900,241,98.14171431,2.45563267,0.99979148,0.16072488,nan,0.00145803,0,0,0,0.09440246,0.01359641,0.19382827,0.20521335,0.00028206,0.84101498,0.20919472,-0.01915694,1.01915694,-6.24470907
95700,1.17910421,1.17910421,270,98.25102697,2.74806288,0.99999508,1.17908102,nan,0.00000000,0,0,0,0.07898623,0.00446761,0.14108881,0.14640743,0.05067250,0.76931930,0.11901258,-0.03830764,1.03830764,4.01853657
95800,0.69144958,0.69144958,73,98.35832884,0.74218422,0.00000000,0.00000000,nan,0.00000000,0,0,0,0.08454531,0.01959714,1.64076364,1.73717296,0.00180277,1.61662781,0.61975098,0.07394752,0.92605248,10.28412688
95900,0.24147405,0.24147405,73,98.46718535,0.74136373,0.00000000,0.00000000,nan,0.00000000,0,0,0,0.07419649,0.01033184,0.16357625,0.17317194,0.00044943,0.83880818,0.42275727,-0.05277012,1.05277012,-5.17644358
96000,0.26349860,0.26349860,85,98.51437029,0.86281828,0.00000000,0.00000000,nan,0.00000000,0,0,0,0.28053379,0.01864074,0.35521263,0.36474526,0.19315869,2.62075424,0.21592674,0.15074596,0.84925404,4.27170676
96100,0.14874014,0.14874014,43,98.66070556,0.43583714,0.00000000,0.00000000,nan,0.00000000,0,0,0,0.09362443,0.01155842,0.18416871,0.19498432,0.00030353,1.18506527,0.21636176,0.02401540,0.97598460,-7.83694792
96200,0.17344564,0.17344564,135,98.75169950,1.36706508,0.41663784,0.00522635,nan,0.00326281,0,0,0,0.11480444,0.00976980,0.17415887,0.18334144,0.01805471,1.44384801,0.25982809,-0.01848940,1.01848940,-5.00289536
96300,0.77019292,0.77019292,28,98.87474827,0.28318656,0.00000000,0.00000000,nan,0.00000000,0,0,0,0.13060106,0.01059556,0.40500677,0.42211771,0.11412098,1.80357611,0.21369626,-0.10396521,1.10396521,nan
96400,0.71030855,0.71030855,26,98.92967830,0.26281294,0.00000000,0.00000000,nan,0.00000000,0,0,0,0.08422671,0.01200589,2.94859362,3.12056160,0.02513966,1.51855087,0.19619110,-0.02416754,1.02416754,-1.64780275
96500,0.36300170,0.36300170,112,99.04251054,1.13082755,0.06617236,0.00000696,nan,0.00000000,0,0,0,0.04588309,0.01300107,0.10096096,0.10546555,0.02438270,0.61720508,0.20067143,-0.05881746,1.05881746,-6.53865647
96600,0.78489798,0.78489798,228,99.07606722,2.30126211,0.99885589,0.78131212,nan,0.01788112,0,0,0,0.11552608,0.01421195,0.86038262,0.91081619,0.00301195,1.41314697,0.18771923,0.16869715,0.83130285,2.24190485
96700,1.15059626,1.15059626,15,99.09664916,0.15136738,0.00000000,0.00000000,nan,0.00088211,0,0,0,0.43606949,0.02529875,3.45153928,3.65225792,0.03932164,3.41379666,0.43493295,0.14571697,0.85428303,17.25629501
96800,0.16861644,0.16861644,160,99.18992700,1.61306702,0.77762824,0.06165780,nan,0.00000000,0,0,0,0.06435665,0.00627208,0.14236680,0.15021586,0.00893263,0.64574814,0.07998753,-0.04031163,1.04031163,nan
96900,0.20386119,0.20386119,127,99.24426383,1.27967094,0.26865014,0.00106190,nan,0.00000000,0,0,0,0.05396262,0.00906416,0.18720432,0.19786334,0.00600095,0.67633647,0.16819167,-0.01867185,1.01867185,-10.00620333
97000,0.56361669,0.56361669,142,99.35778228,1.42917844,0.52134564,0.04163771,nan,0.00000000,0,0,0,0.27394855,0.02409940,0.57635659,0.60680628,0.05871176,2.66511273,0.22546138,-0.12986691,1.12986691,7.27106419
97100,0.23496355,0.23496355,77,99.48932979,0.77395234,0.00000000,0.00000000,nan,0.00000000,0,0,0,0.09889474,0.00683235,0.22575890,0.23890324,0.00230474,1.17561996,0.16432518,0.03714024,0.96285976,-4.44880772
97200,0.53745228,0.53745228,232,99.53379742,2.33086656,0.99916228,0.53565360,nan,0.00000000,0,0,0,0.08800913,0.01274996,0.18673001,0.19646204,0.02128580,1.02134466,0.30279186,0.01401078,0.98598922,-0.53983959
97300,0.32205930,0.32205930,212,99.59562001,2.12860766,0.99387282,0.31423829,nan,0.00000000,0,0,0,0.07548288,0.01297258,0.78509128,0.83118832,0.00144078,1.49649906,0.27298096,0.06242806,0.93757194,-5.53497505
97400,0.41710511,0.41710511,83,99.60298865,0.83330833,0.00000000,0.00000000,nan,0.00000000,0,0,0,0.10493548,0.01501131,0.42511484,0.44914669,0.01657373,1.47436011,0.36655062,0.03952974,0.96047026,-1.31419603
97500,0.46440300,0.46440300,169,99.70142564,1.69506102,0.85520543,0.24841442,nan,0.00000000,0,0,0,0.09020536,0.00824220,0.05118021,0.05126917,0.04966800,1.51396775,0.18116383,0.13891139,0.86108861,-3.65121818
97600,0.29763424,0.29763424,130,99.80975708,1.30247787,0.30647740,0.00262589,nan,0.00000000,0,0,0,0.04257913,0.00795486,0.07043412,0.07290320,0.02845980,0.59160215,0.11782125,0.12216714,0.87783286,-9.88402200
97700,0.30312183,0.30312183,119,99.92966525,1.19083757,0.13556219,0.00010237,nan,0.05492087,0,0,0,0.14105016,0.00658626,0.27435145,0.29036546,0.00211291,2.12963462,0.20825237,-0.04621340,1.04621340,-1.55824421
97800,0.36510032,0.36510032,259,100.05861166,2.58848285,0.99995864,0.36503992,nan,0.00000000,0,0,0,0.08371526,0.00798997,0.24405085,0.25801304,0.00669333,0.90370113,0.20356400,-0.11041414,1.11041414,-5.37675667
97900,0.57234228,0.57234228,98,100.16359010,0.97839944,0.00000000,0.00000000,nan,0.00000000,0,0,0,0.09903851,0.01704131,0.70183522,0.74112713,0.03387239,1.10742068,0.27622607,-0.06882579,1.06882579,-0.21173093
98000,1.34445512,1.34445512,177,100.28936995,1.76489293,0.90369594,0.89667618,nan,0.00000000,0,0,0,0.22732136,0.02357917,3.84986234,4.06319094,0.22326861,2.11432934,0.28904167,-0.31378870,1.31378870,14.63818884
98100,0.92851460,0.92851460,66,100.46738961,0.65692958,0.00000000,0.00000000,nan,0.00000000,0,0,0,0.03683002,0.01363241,0.16583684,0.17396966,0.02757890,0.52011615,0.29252055,-0.03439455,1.03439455,-0.31625879
98200,0.39887857,0.39887857,512,100.68519545,5.08515674,1.00000000,0.39887857,nan,0.00000000,0,0,0,0.03700159,0.01186172,0.09834567,0.10387421,0.00436044,0.49949387,0.29056275,0.01852633,0.98147367,-3.91116071
98300,0.50898445,0.50898445,144,100.91776731,1.42690434,0.51760368,0.03653372,nan,0.00000000,0,0,0,0.03438319,0.00505716,0.09983962,0.10537417,0.00575219,0.40946400,0.09285864,-0.20235494,1.20235494,-11.34438229
98400,0.06432777,0.06432777,180,101.10781219,1.78027786,0.91243152,0.04458611,nan,0.00526449,0,0,0,0.02946290,0.00711810,0.01960979,0.02076284,0.00000793,0.35733631,0.11860989,0.11137833,0.88862167,-14.79453158
98500,0.34300047,0.34300047,300,101.21574415,2.96396576,0.99999980,0.34300020,nan,0.01066941,0,0,0,0.09439455,0.00867486,0.27497998,0.28988218,0.02164258,1.04276705,0.18604122,0.01254434,0.98745566,-3.14239573
98600,0.28026950,0.28026950,74,101.20909431,0.73115959,0.00000000,0.00000000,nan,0.00000000,0,0,0,0.12051095,0.00959825,0.52860534,0.55953836,0.00274356,1.30072045,0.27748176,0.18690914,0.81309086,-3.83769393
98700,1.04350030,1.04350030,27,101.39286419,0.26629093,0.00000000,0.00000000,nan,0.00000000,0,0,0,0.09461235,0.01028113,0.95349163,1.00927508,0.00517266,2.15542150,0.12240170,0.17706300,0.82293700,10.85485077
98800,0.38729748,0.38729748,210,101.43080020,2.07037704,0.98977406,0.37169691,nan,0.00000000,0,0,0,0.14235541,0.00930252,0.55012619,0.58181506,0.01141611,2.40557384,0.14432687,0.10591350,0.89408650,-1.29798472
98900,0.47295809,0.47295809,432,101.61527041,4.25132953,1.00000000,0.47295809,nan,0.00000000,0,0,0,0.11678067,0.01357714,0.14898576,0.14824772,0.16153257,1.18528581,0.22288036,0.03633629,0.96366371,-0.15227199
99000,1.15794802,1.15794802,253,101.74824078,2.48652948,0.99985504,1.15727676,nan,0.00000000,0,0,0,0.23692697,0.01870372,3.31616354,3.50987148,0.02312857,2.14123702,0.20061266,-0.22509672,1.22509672,11.12409067
99100,0.21861850,0.21861850,201,101.82404730,1.97399343,0.97750929,0.19960457,nan,0.00000000,0,0,0,0.19953787,0.01183980,0.36626932,0.38660234,0.02060819,1.71294081,0.14346182,0.02364930,0.97635070,0.44195956
99200,0.76861596,0.76861596,129,101.90525151,1.26588177,0.24630874,0.00282897,nan,0.00529434,0,0,0,0.07705537,0.00949485,0.20226058,0.20839037,0.09805414,0.59119523,0.17796320,0.05493993,0.94506007,-3.89773870
99300,0.17281003,0.17281003,230,101.97595290,2.25543369,0.99817186,0.17154981,nan,0.00000000,0,0,0,0.06370462,0.00555436,0.04743752,0.04985029,0.00642043,0.70744365,0.10161191,0.02496668,0.97503332,-9.45989380
99400,0.11207995,0.11207995,274,102.06738515,2.68450102,0.99998823,0.11207467,nan,0.00000000,0,0,0,0.06376845,0.00934187,0.03975038,0.04208839,0.00000417,0.53927851,0.15334433,0.02922458,0.97077542,-10.87553596
99500,0.28011996,0.28011996,114,102.24249477,1.11499627,0.05152189,0.00000197,nan,0.00000000,0,0,0,0.07829595,0.00442802,0.09610876,0.10172539,0.00062607,0.57254654,0.10051402,-0.02632133,1.02632133,-9.14658117
99600,0.34020793,0.34020793,327,102.41007720,3.19304515,1.00000000,0.34020793,nan,0.00000000,0,0,0,0.04687740,0.00893945,0.11098614,0.11751472,0.00000025,0.62005347,0.28240886,-0.07882056,1.07882056,-10.66964976
99700,0.64378959,0.64378959,183,102.61048046,1.78344355,0.91414841,0.44958394,nan,0.00000000,0,0,0,0.07864724,0.01050351,1.67159843,1.76969957,0.00388114,1.30456567,0.22986153,-0.25147613,1.25147613,-3.91007710
99800,0.16749078,0.16749078,126,102.71889253,1.22664874,0.18574248,0.00019936,nan,0.00000000,0,0,0,0.05435587,0.00917872,0.08764449,0.09264920,0.00256428,0.50888634,0.15575399,-0.05107536,1.05107536,-10.92343998
99900,0.29816130,0.29816130,230,102.88463922,2.23551350,0.99777049,0.29551117,nan,0.00000000,0,0,0,0.08124283,0.00994823,0.09350782,0.09878195,0.00384755,1.14278543,0.24546848,0.00667386,0.99332614,-5.77072275
100000,8.37520695,8.37520695,198,103.09396388,1.92057801,0.96628645,7.30161800,nan,0.00000000,0,0,0,0.21297325,0.01417247,11.10063457,11.72284889,0.52298385,1.95693994,0.14538305,0.19195146,0.80804854,84.46238861
100100,0.84235013,0.84235013,25,103.12246548,0.24243020,0.00000000,0.00000000,nan,0.18101754,0,0,0,0.62619871,0.03945653,2.62218237,2.76375818,0.21539634,6.32042694,0.77695882,-0.07620820,1.07620820,18.27675247
100200,1.37104034,1.37104034,1,103.12730091,0.00969675,0.00000000,0.00000000,nan,0.20163357,0,0,0,0.27508610,0.02860388,4.86337519,5.13788986,0.19661516,4.25869942,0.56866372,0.13280391,0.86719609,18.23389549
100300,0.41538531,0.41538531,148,103.16141607,1.43464491,0.53030173,0.03285060,nan,0.23564348,0,0,0,0.19085246,0.02145842,0.88260370,0.93069720,0.06501369,1.66000223,0.55618590,0.10363283,0.89636717,2.76437025
100400,0.67571718,0.67571718,44,103.39155620,0.42556667,0.00000000,0.00000000,nan,0.20848494,0,0,0,0.20427793,0.01101946,3.05715537,3.23695278,0.00060121,3.24056530,0.19973595,0.31445080,0.68554920,6.44510746
100500,0.38130081,0.38130081,47,103.43077150,0.45441022,0.00000000,0.00000000,nan,0.22636044,0,0,0,0.43052483,0.02658763,2.31614041,2.45200872,0.00638038,4.67803907,0.32419407,0.17248022,0.82751978,8.37130404
100600,0.59247524,0.59247524,334,103.61017663,3.22362157,1.00000000,0.59247523,nan,0.18553218,0,0,0,0.18336472,0.01071027,1.37957847,1.46038425,0.00588029,1.66116762,0.22810589,-0.15276840,1.15276840,1.58640921
100700,0.33487973,0.33487973,258,103.94512720,2.48207883,0.99984718,0.33467506,nan,0.12120975,0,0,0,0.12624262,0.01388200,0.51173598,0.53713405,0.07996867,1.55015695,0.25387216,0.08280064,0.91719936,-1.25739462
100800,0.12571104,0.12571104,295,104.23544580,2.83013132,0.99999848,0.12571027,nan,0.04966281,0,0,0,0.14091231,0.00968071,0.15184021,0.15987194,0.01530073,2.23767471,0.19868937,0.14457550,0.85542450,-2.06980554
100900,0.09040049,0.09040049,431,104.50067990,4.12437508,1.00000000,0.09040049,nan,0.03216676,0,0,0,0.14069581,0.00560290,0.09206781,0.09667713,0.01370931,1.84544182,0.08045615,-0.04030876,1.04030876,-2.92638461
101000,0.90699315,0.90699315,205,104.81236300,1.95587614,0.97413325,0.81672805,nan,0.00000000,0,0,0,0.31759885,0.01612246,3.98178768,4.20113516,0.25288227,3.42841244,0.17667860,0.14032835,0.85967165,11.13829041
101100,1.00400317,1.00400317,364,105.16810066,3.46112555,1.00000000,1.00400317,nan,0.00000000,0,0,0,0.11386479,0.00986341,3.12337518,3.30445623,0.04499628,1.86824310,0.12901537,0.19411823,0.80588177,4.87522447
101200,0.51044470,0.51044470,180,105.48292135,1.70643738,0.86415151,0.28464809,nan,0.00000000,0,0,0,0.08647185,0.00917850,0.41985011,0.44426554,0.00478802,0.88162792,0.17509325,0.13747794,0.86252206,-3.35250819
101300,0.78988719,0.78988719,78,105.70342939,0.73791362,0.00000000,0.00000000,nan,0.03497517,0,0,0,0.16676667,0.01590358,3.83750916,4.06249762,0.01270723,2.06065464,0.36955056,-0.08515434,1.08515434,6.85171348
101400,0.69640994,0.69640994,196,105.85791184,1.85153851,0.94500271,0.55538887,nan,0.06464550,0,0,0,0.18715455,0.01755082,2.33347583,2.47071338,0.00043004,1.74597669,0.18660808,0.09678646,0.90321354,4.55064853
101500,0.69331062,0.69331062,57,106.05718890,0.53744589,0.00000000,0.00000000,nan,0.01636135,0,0,0,0.08061601,0.01530865,0.57596409,0.60815984,0.02863629,0.71013993,0.25359675,-0.03790673,1.03790673,2.39990366
101600,0.24188328,0.24188328,264,106.20236696,2.48582030,0.99985382,0.24174187,nan,0.12517186,0,0,0,0.17688827,0.01293726,0.44321674,0.46921405,0.00126289,2.22650647,0.27998292,-0.13969972,1.13969972,-0.07036376
101700,0.19627835,0.19627835,398,106.39357215,3.74082749,1.00000000,0.19627835,nan,0.01953080,0,0,0,0.11347029,0.00916820,0.27544454,0.29125020,0.00674836,1.47383964,0.25672090,0.04193887,0.95806113,-4.41331553
101800,0.22957976,0.22957976,251,106.59442311,2.35471981,0.99935164,0.22898494,nan,0.02010451,0,0,0,0.15930067,0.00718067,0.63396686,0.67074800,0.00868804,2.13734150,0.12153312,-0.08489874,1.08489874,-1.89663533
101900,0.52253312,0.52253312,73,106.70334624,0.68413974,0.00000000,0.00000000,nan,0.03075944,0,0,0,0.14790750,0.01637612,1.30535889,1.37737167,0.08114053,1.73462260,0.26773614,-0.13721785,1.13721785,3.69777183
102000,0.13330802,0.13330802,238,106.85640375,2.22728813,0.99758231,0.13202350,nan,0.01101479,0,0,0,0.36067897,0.01183054,0.31937826,0.33805731,0.00183452,4.55234337,0.30155152,-0.26531845,1.26531845,5.92648109
102100,0.53305227,0.53305227,291,107.06581498,2.71795437,0.99999254,0.53303635,nan,0.00000000,0,0,0,0.07405099,0.01083370,0.16845271,0.17548786,0.04885510,1.07187009,0.23896633,0.00748764,0.99251236,1.52054381
102200,0.31411088,0.31411088,301,107.22023991,2.80730579,0.99999788,0.31410821,nan,0.00000000,0,0,0,0.14929420,0.01193339,0.49790859,0.52515084,0.03478986,2.07839036,0.26659051,-0.17438250,1.17438250,0.52031364
102300,0.48882824,0.48882824,104,107.34196459,0.96886619,0.00000000,0.00000000,nan,0.00000000,0,0,0,0.16696876,0.01206294,1.69832253,1.79592800,0.03902793,2.39167547,0.22970420,-0.07429748,1.07429748,2.96006216
102400,0.68491930,0.68491930,274,107.54043529,2.54787884,0.99993116,0.68473072,nan,0.03741344,0,0,0,0.14002103,0.01307342,1.83189440,1.93838978,0.02147573,2.15136123,0.29223597,-0.09022920,1.09022920,3.62211517
102500,0.35281482,0.35281482,231,107.69012773,2.14504342,0.99472353,0.34542708,nan,0.00000000,0,0,0,0.12836115,0.01862442,0.56744248,0.60071915,0.00173890,1.34134507,0.30352253,0.02256981,0.97743019,0.45483802
102600,1.13574815,1.13574815,126,107.87943678,1.16797050,0.10672104,0.00014733,nan,0.00000000,0,0,0,0.08752637,0.01301809,2.34660602,2.48144794,0.05428994,1.17511606,0.23435344,0.11381003,0.88618997,3.31498063
102700,0.12466648,0.12466648,196,108.02272132,1.81443309,0.92957486,0.09308661,nan,0.00211836,0,0,0,0.27977884,0.01264269,0.25517988,0.26963863,0.00938114,2.80188680,0.15870436,0.06618576,0.93381424,3.32475843
102800,0.11509942,0.11509942,73,108.28164423,0.67416782,0.00000000,0.00000000,nan,0.00000000,0,0,0,0.17586583,0.01042194,0.24935314,0.26386771,0.00260557,2.68032718,0.18131424,0.08827522,0.91172478,-1.19128698
102900,0.63741332,0.63741332,114,108.45117568,1.05116426,0.01041650,0.00000001,nan,0.00000000,0,0,0,0.10477850,0.01289670,0.77475578,0.81626737,0.06905951,1.30129278,0.18723164,0.14719990,0.85280010,0.39648089
103000,0.19116613,0.19116613,355,108.63511753,3.26781991,1.00000000,0.19116613,nan,0.04629739,0,0,0,0.33740824,0.01841684,0.59036022,0.61745673,0.12971926,3.43392944,0.35171783,-0.14239679,1.14239679,5.89550082
103100,0.38310459,0.38310459,392,108.90706186,3.59939928,1.00000000,0.38310459,nan,0.01314145,0,0,0,0.24149837,0.00988830,1.23545980,1.30781448,0.00543156,2.03931808,0.24746293,0.19485157,0.80514843,3.05549010
103200,0.12386653,0.12386653,85,109.13337059,0.77886351,0.00000000,0.00000000,nan,0.00000000,0,0,0,0.06219898,0.00796051,0.05735250,0.06058405,0.00241626,0.57012230,0.09934256,0.10417309,0.89582691,-9.53207922
103300,0.18685292,0.18685292,154,109.32839983,1.40860015,0.48717279,0.01052524,nan,0.00000000,0,0,0,0.25371799,0.02123584,0.26293549,0.27432287,0.06934993,3.64562559,0.45102045,0.06902428,0.93097572,4.29782661
103400,0.24437690,0.24437690,298,109.47066659,2.72219042,0.99999296,0.24437002,nan,0.00000000,0,0,0,0.19330478,0.01996801,0.67729408,0.71691984,0.00365571,1.93113947,0.40662038,0.02557216,0.97442784,-0.86252616
103500,0.48878336,0.48878336,109,109.64330073,0.99413279,0.00000000,0.00000000,nan,0.00690319,0,0,0,0.13132468,0.01395465,1.39869404,1.48050249,0.00795064,2.47632217,0.13889138,-0.05523238,1.05523238,-0.19423290
103600,0.61980170,0.61980170,343,109.81634027,3.12339675,0.99999999,0.61980166,nan,0.00000000,0,0,0,0.07013416,0.00832593,0.36798319,0.38939637,0.00395924,0.82548630,0.19836879,-0.10785503,1.10785503,-1.92898893
103700,0.36143994,0.36143994,351,110.05476176,3.18932134,1.00000000,0.36143994,nan,0.00000000,0,0,0,0.11917730,0.00590245,0.25574508,0.26998958,0.01358851,1.26210952,0.08410334,-0.14342600,1.14342600,-3.83177423
103800,1.47941041,1.47941041,123,110.33494408,1.11478735,0.05133974,0.00001028,nan,0.00000000,0,0,0,0.13180426,0.02655672,1.81480157,1.91685462,0.07989890,1.54039145,0.56465489,-0.17264328,1.17264328,17.51089191
103900,0.30210623,0.30210623,219,110.57841381,1.98049504,0.97862391,0.27709135,nan,0.00000000,0,0,0,0.11290269,0.00833887,0.79864287,0.84532434,0.00505853,1.92488265,0.19141966,-0.01443969,1.01443969,-4.28658414
104000,0.10179261,0.10179261,359,110.88497279,3.23758929,1.00000000,0.10179261,nan,0.00000000,0,0,0,0.30459535,0.01612023,0.35589764,0.37437046,0.04186043,2.92002058,0.29351699,-0.08383540,1.08383540,2.95887844
104100,0.76164657,0.76164657,139,111.14168350,1.25065588,0.22222149,0.00185737,nan,0.00379063,0,0,0,0.04346543,0.00968289,0.27432120,0.29045609,0.00002818,0.56153035,0.15610355,0.09240599,0.90759401,-7.00938956
104200,1.77295923,1.77295923,173,111.33292891,1.55389786,0.70689119,0.44269948,nan,0.00000000,0,0,0,0.31939623,0.02404241,3.20340395,3.38932753,0.04270376,2.26559591,0.48937756,-0.32268088,1.32268088,19.22034526
104300,0.60664058,0.60664058,389,111.51709928,3.48825429,1.00000000,0.60664058,nan,0.02871197,0,0,0,0.13344578,0.01016575,0.95808858,1.01224697,0.03739582,1.37286901,0.21636745,0.07419715,0.92580285,2.91125345
104400,1.25839853,1.25839853,39,111.71856299,0.34909149,0.00000000,0.00000000,nan,0.00000000,0,0,0,0.22348224,0.01755637,1.78482771,1.87317073,0.28299743,2.51258779,0.26874700,0.20827305,0.79172695,13.07873678
104500,0.76132023,0.76132023,296,111.88790101,2.64550499,0.99998022,0.76125999,nan,0.00000000,0,0,0,0.05877773,0.00835242,0.70481879,0.74313760,0.05339951,0.82072216,0.23555742,-0.07993948,1.07993948,-3.09442997
104600,0.61785769,0.61785769,420,112.11110464,3.74628366,1.00000000,0.61785769,nan,0.00000000,0,0,0,0.10432157,0.00777300,1.41702294,1.49866593,0.02908913,1.42277241,0.16875225,0.06612149,0.93387851,-0.94282815
104700,0.18315658,0.18315658,193,112.28160307,1.71889245,0.87346362,0.10661095,nan,0.00000000,0,0,0,0.10751092,0.01758701,0.13320875,0.14103231,0.00020823,1.35199630,0.19913161,-0.00198495,1.00198495,-3.71027072
104800,0.34186032,0.34186032,81,112.44620027,0.72034448,0.00000000,0.00000000,nan,0.00000000,0,0,0,0.15383151,0.01473255,3.78765965,4.01014900,0.00533686,3.03205180,0.44188491,0.02680155,0.97319845,0.79094438
104900,0.47838768,0.47838768,50,112.60334743,0.44403653,0.00000000,0.00000000,nan,0.11710464,0,0,0,0.39208663,0.04359702,0.81484860,0.85862821,0.07059506,3.38233399,0.36417949,0.05653450,0.94346550,9.76987505
105000,0.58559787,0.58559787,323,112.81510954,2.86309167,0.99999907,0.58559569,nan,0.04155222,0,0,0,0.36303917,0.01621030,3.55076885,3.75683141,0.04770702,3.32555938,0.38737839,-0.12418159,1.12418159,10.02302055
105100,0.69771057,0.69771057,226,113.03311475,1.99941407,0.98159833,0.64775467,nan,0.00000000,0,0,0,0.24586238,0.01312555,1.97296965,2.08456039,0.07592952,2.46130466,0.29576525,0.18227460,0.81772540,6.34278393
105200,0.47666767,0.47666767,196,113.32575190,1.72952746,0.88102493,0.28718945,nan,0.00000000,0,0,0,0.09927818,0.00594164,1.15687895,1.22245777,0.04204002,0.87400097,0.12081138,-0.14153927,1.14153927,-1.44801068
105300,0.57177806,0.57177806,202,113.53573686,1.77917549,0.91182729,0.39525541,nan,0.00000000,0,0,0,0.11917599,0.01418659,0.41757831,0.44176099,0.00647263,1.25236619,0.40455425,0.09403157,0.90596843,-0.67192086
105400,0.35322869,0.35322869,321,113.76277700,2.82166108,0.99999828,0.35322626,nan,0.00000000,0,0,0,0.08247732,0.01161318,0.81051785,0.85815632,0.00066313,1.14412701,0.12875870,-0.13726225,1.13726225,-4.74936616
105500,0.62873578,0.62873578,68,114.01585848,0.59640826,0.00000000,0.00000000,nan,0.00000000,0,0,0,0.19365366,0.01049398,1.35061502,1.42594194,0.07005691,1.69460368,0.27198604,0.16119755,0.83880245,4.17839408
105600,0.79012924,0.79012924,262,114.32077484,2.29179692,0.99873787,0.78614782,nan,0.00000000,0,0,0,0.12290481,0.01198352,2.43910694,2.58086467,0.02922180,1.70828176,0.28269303,-0.23143149,1.23143149,0.37459143
105700,0.38146913,0.38146913,226,114.54824053,1.97296789,0.97732894,0.34803461,nan,0.00000000,0,0,0,0.10388686,0.01164977,0.40245071,0.42371795,0.04090805,1.52255583,0.23369153,0.10723036,0.89276964,-1.22445695
105800,0.96075410,0.96075410,182,114.73717766,1.58623389,0.74707966,0.29928152,nan,0.00000000,0,0,0,0.07957295,0.00987224,2.31367111,2.44976306,0.00010757,1.08203757,0.12819679,-0.07821225,1.07821225,0.69507074
105900,0.37331212,0.37331212,150,114.94430030,1.30497989,0.31068086,0.00347800,nan,0.01201382,0,0,0,0.11344084,0.00853004,0.90176463,0.95480299,0.00011095,1.44280374,0.12215980,0.06847725,0.93152275,-1.67698218
106000,1.25909424,1.25909424,435,115.21986352,3.77539069,1.00000000,1.25909424,nan,0.00000000,0,0,0,0.24416777,0.01328210,3.27719593,3.45434070,0.26573578,2.72170901,0.33675760,-0.33524191,1.33524191,12.67554633
106100,0.17037652,0.17037652,198,115.44555763,1.71509415,0.87067654,0.09791227,nan,0.00000000,0,0,0,0.05617800,0.00928165,0.04808441,0.05090373,0.00015608,0.66937554,0.20810296,-0.13568778,1.13568778,-9.73177958
106200,0.34666464,0.34666464,363,115.77365775,3.13542827,0.99999999,0.34666462,nan,0.00000000,0,0,0,0.08436473,0.00825712,0.15365905,0.16216120,0.00912258,1.02499282,0.14547470,0.01484053,0.98515947,-4.93255345
106300,0.31170705,0.31170705,211,116.09798688,1.81743031,0.93093928,0.23411652,nan,0.00000000,0,0,0,0.04365302,0.00657847,0.08539935,0.09032976,0.00158239,0.44690862,0.09020892,0.01525191,0.98474809,-11.05545926
106400,0.25515249,0.25515249,221,116.43798428,1.89800606,0.96027043,0.21695719,nan,0.00000000,0,0,0,0.09326443,0.00573347,0.18096477,0.19125250,0.00607337,0.87036723,0.13904864,0.11739653,0.88260347,-5.93962365
106500,0.11792641,0.11792641,133,116.68023071,1.13986748,0.07526830,0.00000378,nan,0.00000000,0,0,0,0.07435568,0.01281982,0.05245985,0.05541292,0.00225774,0.80350280,0.20254034,-0.14400030,1.14400030,-7.79941833
106600,0.31701294,0.31701294,268,116.92138465,2.29213844,0.99874232,0.31542114,nan,0.00000000,0,0,0,0.07806353,0.00749881,0.08499344,0.08961773,0.00638066,0.69017154,0.09113840,-0.08370576,1.08370576,-6.81107292
106700,0.21693994,0.21693994,234,117.14954945,1.99744686,0.98130690,0.20116802,nan,0.00000000,0,0,0,0.13006008,0.01095935,0.05835586,0.05865547,0.05326249,1.25171494,0.14104779,-0.00934335,1.00934335,-3.27571111
106800,0.47672164,0.47672164,164,117.40518799,1.39687183,0.46742365,0.02275661,nan,0.00000000,0,0,0,0.10001451,0.01158018,0.61614269,0.65236193,0.00041681,1.32309139,0.31831291,0.01804178,0.98195822,-2.78902050
106900,0.59299511,0.59299511,110,117.56606755,0.93564412,0.00000000,0.00000000,nan,0.04321216,0,0,0,0.22215015,0.03809591,0.20132481,0.21217604,0.01685400,1.47279859,0.34848085,-0.00914737,1.00914737,6.89747590
107000,0.77797759,0.77797759,353,117.81651546,2.99618435,0.99999988,0.77797721,nan,0.02023302,0,0,0,0.37685835,0.01960627,3.02327013,3.20100188,0.00183313,2.74255896,0.27470654,-0.32233816,1.32233816,12.36526394
107100,0.23183563,0.23183563,375,118.03031425,3.17714989,0.99999999,0.23183563,nan,0.00000000,0,0,0,0.29970616,0.01020204,0.64631039,0.67763519,0.11378870,2.71363211,0.21419793,-0.17519589,1.17519589,3.94280052
107200,0.96760410,0.96760410,448,118.34616735,3.78550493,1.00000000,0.96760410,nan,0.00000000,0,0,0,0.12063923,0.01012316,0.60129780,0.63488728,0.03027661,0.88797563,0.13272363,-0.23113250,1.23113250,2.31597309
107300,0.26397568,0.26397568,362,118.56105976,3.05327905,0.99999995,0.26397563,nan,0.00000000,0,0,0,0.10257372,0.00808712,0.25142121,0.26541501,0.01352633,1.27419770,0.27241838,0.04453182,0.95546818,-3.70218682
107400,0.54113120,0.54113120,557,118.84278374,4.68686430,1.00000000,0.54113120,nan,0.00000000,0,0,0,0.10466567,0.00880005,0.34368107,0.36364999,0.00420949,1.11805105,0.21232867,0.04879537,0.95120463,-1.55222130
107500,0.11946727,0.11946727,443,119.10433632,3.71942797,1.00000000,0.11946727,nan,0.00000000,0,0,0,0.05890000,0.00584641,0.11261123,0.11920932,0.00044371,0.70211762,0.09961441,0.09817656,0.90182344,-9.99994612
107600,0.43773282,0.43773282,290,119.34582852,2.42991317,0.99971941,0.43724172,nan,0.00000000,0,0,0,0.05836581,0.00705231,0.21975899,0.23077813,0.03243368,0.82037300,0.12477490,-0.04902597,1.04902597,-6.03637862
107700,0.14388463,0.14388463,496,119.56748045,4.14828512,1.00000000,0.14388463,nan,0.00000000,0,0,0,0.07222918,0.01385212,0.09532154,0.10080403,0.00211931,0.93094295,0.26531875,0.09506522,0.90493478,-6.89229266
107800,0.23656644,0.23656644,416,119.84960056,3.47101699,1.00000000,0.23656644,nan,0.00000000,0,0,0,0.17273995,0.00822495,0.36335611,0.38288802,0.03131378,1.67797422,0.18233034,0.06410342,0.93589658,-0.94407485
107900,0.30385840,0.30385840,284,120.09227934,2.36484811,0.99941928,0.30315319,nan,0.00000000,0,0,0,0.03943949,0.00977392,0.06744944,0.07100715,0.00696825,0.41933230,0.12160201,-0.11550508,1.11550508,-10.09903574
108000,0.86644882,0.86644882,415,120.40866287,3.44659587,1.00000000,0.86644882,nan,0.00000000,0,0,0,0.22396660,0.01238878,0.83103508,0.87983549,0.00142869,2.39031339,0.31773087,-0.18843617,1.18843617,9.40314758
108100,0.18835627,0.18835627,235,120.68240577,1.94725982,0.97237971,0.16839284,nan,0.00000000,0,0,0,0.05297540,0.00795879,0.13442490,0.14221278,0.00203075,0.58636212,0.12043185,0.03425284,0.96574716,-10.50091352
108200,0.08635198,0.08635198,199,120.87493875,1.64632969,0.81193512,0.03752819,nan,0.00000000,0,0,0,0.10786495,0.01092359,0.08994574,0.09478576,0.00766551,1.24429750,0.21653374,0.01846584,0.98153416,-5.46381950
108300,0.78678960,0.78678960,243,121.10450898,2.00653140,0.98261977,0.73350081,nan,0.00000000,0,0,0,0.17747742,0.01156673,1.60070562,1.69480968,0.00093690,2.00385618,0.25073355,-0.21221625,1.21221625,5.06084760
108400,4.14763451,4.14763451,76,121.41532703,0.62595063,0.00000000,0.00000000,nan,0.00000000,0,0,0,0.11247651,0.02179409,2.45982456,2.58161187,0.38943991,1.49383295,0.34694922,-0.18554032,1.18554032,47.28661346
108500,0.90813375,0.90813375,165,121.65753326,1.35626620,0.39812314,0.02281495,nan,0.00000000,0,0,0,0.08536278,0.01548973,0.50130719,0.53007048,0.01233147,0.90825188,0.31009328,-0.04471391,1.04471391,2.86812335
108600,1.50607657,1.50607657,168,121.95654132,1.37753989,0.43455682,0.05370730,nan,0.00000000,0,0,0,0.03507192,0.00960226,0.55482996,0.58669490,0.01312654,0.49352837,0.18341149,-0.08754688,1.08754688,8.31387329
108700,1.73379183,1.73379183,301,122.23888060,2.46239166,0.99980730,1.73245578,nan,0.00000000,0,0,0,0.07575897,0.00575579,0.13587788,0.13778247,0.10349966,0.53444171,0.09837726,0.05281158,0.94718842,5.32604718
108800,1.56123686,1.56123686,608,122.54925405,4.96127051,1.00000000,1.56123686,nan,0.00000000,0,0,0,0.09810142,0.00535221,0.27150503,0.27821532,0.15743046,0.85236889,0.12873982,0.01178357,0.98821643,4.47488308
108900,0.52347243,0.52347243,320,122.91227756,2.60348280,0.99996585,0.52340092,nan,0.00000000,0,0,0,0.04549278,0.01311387,0.15448770,0.16325387,0.00546286,0.51497060,0.22064190,0.11927161,0.88072839,-3.43213224
109000,1.27347898,1.27347898,359,123.21346666,2.91364256,0.99999957,1.27347677,nan,0.04836488,0,0,0,0.22132842,0.01336238,0.68745518,0.72733241,0.00954164,2.24060535,0.23797069,-0.05394923,1.05394923,12.93693638
109100,0.16923778,0.16923778,183,123.49527687,1.48183805,0.60492182,0.02266180,nan,0.00000000,0,0,0,0.03873801,0.00483472,0.10303178,0.10894780,0.00245958,0.40712327,0.10115232,-0.07532495,1.07532495,-12.42566252
109200,0.60791355,0.60791355,250,123.79709809,2.01943344,0.98434521,0.57073112,nan,0.00000000,0,0,0,0.13235846,0.00574774,1.46387506,1.54975498,0.00391557,1.07629752,0.12880951,0.15674912,0.84325088,1.05383193
109300,0.76017803,0.76017803,381,124.03405633,3.07173700,0.99999997,0.76017792,nan,0.00000000,0,0,0,0.15803410,0.01207057,2.07465839,2.19669604,0.00000929,1.29009008,0.30549300,0.26702415,0.73297585,5.51094735
109400,0.21117909,0.21117909,149,124.27267722,1.19897634,0.14646296,0.00009718,nan,0.00000000,0,0,0,0.07278631,0.01165441,0.15879259,0.16776119,0.00632663,0.82052326,0.19200420,-0.02726945,1.02726945,-7.91608953
109500,0.25145626,0.25145626,118,124.55539795,0.94736962,0.00000000,0.00000000,nan,0.00000000,0,0,0,0.07705229,0.01594300,0.08516382,0.08954042,0.01076154,0.75682193,0.30367911,-0.05496583,1.05496583,-5.56176686
109600,0.09332556,0.09332556,103,124.78285340,0.82543392,0.00000000,0.00000000,nan,0.00000000,0,0,0,0.06759366,0.02299793,0.11660494,0.12346163,0.00004140,1.53823173,0.88673699,-0.09975272,1.09975272,-4.74324346
109700,0.91290474,0.91290474,135,125.06635925,1.07942696,0.02491884,0.00000035,nan,0.00000000,0,0,0,0.21152636,0.02218973,0.73594987,0.77880079,0.00748480,2.37724352,0.52277678,-0.21536678,1.21536678,9.97153282
109800,0.33355215,0.33355215,161,125.36551384,1.28424473,0.27615664,0.00193993,nan,0.00000000,0,0,0,0.06747147,0.01037503,0.14956893,0.15835117,0.00027085,0.57426566,0.13420513,0.04987247,0.95012753,-1.71939301
109900,0.13445874,0.13445874,349,125.63148536,2.77796604,0.99999678,0.13445700,nan,0.00000000,0,0,0,0.06933311,0.00528515,0.04334982,0.04587290,0.00045761,0.65747809,0.07724300,0.18564775,0.81435225,-9.32159424
110000,0.32622367,0.32622367,263,125.92110859,2.08860931,0.99126381,0.31497238,nan,0.00000000,0,0,0,0.15532094,0.01588429,0.43356067,0.45729551,0.03006820,1.40096235,0.21878406,-0.09845530,1.09845530,0.62555197
110100,0.21346268,0.21346268,143,126.17734777,1.13332545,0.06863377,0.00000474,nan,0.00000000,0,0,0,0.05173058,0.01427012,0.14748390,0.15614244,0.00028868,0.56098843,0.17638658,0.05667105,0.94332895,-8.74649477
110200,1.50896025,1.50896025,54,126.37466945,0.42730082,0.00000000,0.00000000,nan,0.00000000,0,0,0,0.30606461,0.02083637,1.22472703,1.28919315,0.12880121,2.68000841,0.53408116,-0.33783998,1.33783998,19.87596273
110300,0.28058162,0.28058162,365,126.59074142,2.88330723,0.99999931,0.28058085,nan,0.00000000,0,0,0,0.05320673,0.00825232,0.06595802,0.06788635,0.03317645,0.56461084,0.11261842,0.16258584,0.83741416,-8.55199083
110400,0.10825535,0.10825535,390,126.84267290,3.07467504,0.99999997,0.10825533,nan,0.00000000,0,0,0,0.05563634,0.00687042,0.05342237,0.05653077,0.00057960,0.63023788,0.06692257,0.05096103,0.94903897,-10.49030876
110500,0.39104667,0.39104667,77,127.04864027,0.60606709,0.00000000,0.00000000,nan,0.00000000,0,0,0,0.09879608,0.01776110,1.20628595,1.27652979,0.01214108,1.60732508,0.16944891,0.06159173,0.93840827,-2.32842171
110600,0.73609185,0.73609185,129,127.25750857,1.01369264,0.00074967,0.00000000,nan,0.00000000,0,0,0,0.08006947,0.01449471,0.13428742,0.14024590,0.03299349,0.73807281,0.27996778,-0.03893725,1.03893725,-0.95277301
110700,0.86569607,0.86569607,96,127.55250777,0.75263122,0.00000000,0.00000000,nan,0.00000000,0,0,0,0.16565396,0.01600219,1.85421205,1.96216941,0.01893726,1.95873320,0.39324483,0.27746930,0.72253070,7.73240499
110800,0.49889818,0.49889818,145,127.75995217,1.13494094,0.07024691,0.00001215,nan,0.00000000,0,0,0,0.04148364,0.01055995,0.26375628,0.27885860,0.00701647,0.59408057,0.15834756,-0.09680674,1.09680674,-5.72931099
110900,0.22802128,0.22802128,212,128.12852719,1.65458860,0.81984630,0.10301611,nan,0.00000000,0,0,0,0.07884535,0.01008719,0.14499302,0.15338482,0.00233236,0.94503826,0.12114473,0.15457556,0.84542444,-5.80414319
111000,0.33895192,0.33895192,381,128.47389510,2.96558301,0.99999981,0.33895165,nan,0.00000000,0,0,0,0.15461513,0.01369821,0.43504578,0.45902830,0.02734294,1.54159343,0.27333033,-0.09718780,1.09718780,-0.75734931
111100,0.35851890,0.35851890,249,128.74345270,1.93407894,0.96949955,0.31673970,nan,0.00000000,0,0,0,0.04121786,0.01492761,0.05317036,0.05626285,0.00059805,0.53250951,0.24838635,0.07010301,0.92989699,-6.88040638
111200,0.50025278,0.50025278,416,128.98948383,3.22506911,1.00000000,0.50025278,nan,0.00000000,0,0,0,0.08707656,0.01779325,0.21038747,0.22066367,0.03569201,0.95501065,0.28772402,0.11320455,0.88679545,-1.55367711
111300,0.16673307,0.16673307,257,129.30630058,1.98752883,0.97977534,0.15364830,nan,0.00000000,0,0,0,0.03931249,0.00542651,0.11244927,0.11904181,0.00037630,0.52101302,0.09056076,-0.23060954,1.23060954,-12.76901849
111400,0.65087652,0.65087652,609,129.63573524,4.69777873,1.00000000,0.65087652,nan,0.00000000,0,0,0,0.08449344,0.00860824,0.35115615,0.37177631,0.00061363,1.05747306,0.17953400,-0.09185663,1.09185663,-2.70528603
111500,0.36258596,0.36258596,32,129.93024092,0.24628601,0.00000000,0.00000000,nan,0.00000000,0,0,0,0.19571084,0.02481917,0.47785732,0.50332856,0.04484630,1.95342171,0.52871972,0.11629814,0.88370186,2.06154958
111600,0.28105357,0.28105357,132,130.23367122,1.01356277,0.00073552,0.00000000,nan,0.00000000,0,0,0,0.06376889,0.00603733,0.15781164,0.16697063,0.00210877,0.65978342,0.10297915,0.26244729,0.73755271,-8.61766752
111700,0.23727989,0.23727989,278,130.45540178,2.13099646,0.99400370,0.23163967,nan,0.07199047,0,0,0,0.06239698,0.01805202,0.06303488,0.06643672,0.00520359,0.87039304,0.39576149,0.00276968,0.99723032,-7.67632476
111800,0.31162882,0.31162882,203,130.66056796,1.55364394,0.70656128,0.07766708,nan,0.00000000,0,0,0,0.10553350,0.01698833,0.21656682,0.22516446,0.07040676,1.32396698,0.32032150,-0.10067556,1.10067556,-2.01129305
111900,0.33077261,0.33077261,34,130.89660040,0.25974701,0.00000000,0.00000000,nan,0.00000000,0,0,0,0.11259839,0.01261586,0.52227342,0.55128264,0.02911630,1.46663773,0.17698927,0.11448411,0.88551589,-1.85314234
112000,0.45593479,0.45593479,426,131.15908049,3.24796422,1.00000000,0.45593479,nan,0.00000000,0,0,0,0.30061385,0.01151854,0.27600202,0.29005048,0.03717835,2.66717863,0.22484149,0.02329666,0.97670334,6.96398878
112100,3.04258251,3.04258251,335,131.39997627,2.54946774,0.99993250,3.04176111,nan,0.00000000,0,0,0,0.18330061,0.01584391,2.95598650,3.12690115,0.05043553,1.45908678,0.40457252,0.06287367,0.93712633,36.96356964
112200,0.44326037,0.44326037,395,131.58378031,3.00188974,0.99999989,0.44326018,nan,0.00000000,0,0,0,0.07369515,0.01467857,0.93924016,0.99301237,0.02511279,1.15483916,0.28260076,-0.12423376,1.12423376,-3.64928150
112300,0.42499554,0.42499554,76,131.84093174,0.57645224,0.00000000,0.00000000,nan,0.00000000,0,0,0,0.05038980,0.00802315,0.31649929,0.33385107,0.02151880,0.63386822,0.16033025,0.17277401,0.82722599,-8.00684770
112400,0.24860300,0.24860300,351,132.09161734,2.65724659,0.99998306,0.24858616,nan,0.00000000,0,0,0,0.07081756,0.01161957,0.20160395,0.21345243,0.00018000,1.13445532,0.15925305,0.27312171,0.72687829,-5.93948507
112500,0.21922418,0.21922418,234,132.30531473,1.76863643,0.90588218,0.14763024,nan,0.00000000,0,0,0,0.04384074,0.01900052,0.12115905,0.12817441,0.00189805,0.57181001,0.23041956,-0.13820864,1.13820864,-5.55453062
112600,0.32847896,0.32847896,272,132.52331894,2.05246897,0.98809461,0.31311341,nan,0.00000000,0,0,0,0.06104697,0.00759312,0.38462263,0.40628055,0.01643810,0.88137352,0.10036507,0.17012764,0.82987236,-6.38241720
112700,0.82930511,0.82930511,226,132.75931612,1.70232874,0.86096960,0.45568592,nan,0.00000000,0,0,0,0.03944876,0.01204432,0.09245421,0.09060125,0.12395436,0.63955349,0.18895255,0.05641479,0.94358521,-4.26378834
112800,3.12598324,3.12598324,191,133.01541013,1.43592385,0.53238895,0.25113242,nan,0.00000000,0,0,0,0.04585354,0.00932749,0.58196610,0.61126393,0.08390290,0.46728086,0.19491380,-0.19166072,1.19166072,21.91526222
112900,0.14134209,0.14134209,613,133.24143409,4.60067099,1.00000000,0.14134209,nan,0.03121148,0,0,0,0.07783560,0.01158985,0.17562175,0.18592666,0.00043824,1.40590048,0.24676758,0.18171437,0.81828563,-5.19718802
113000,0.35598093,0.35598093,193,133.45528455,1.44617728,0.54900393,0.03233915,nan,0.00000000,0,0,0,0.21001454,0.02322788,0.61198640,0.64773279,0.00429735,1.59213424,0.36774498,0.01010992,0.98989008,2.73580384
113100,0.73093736,0.73093736,186,133.78893685,1.39024948,0.45620265,0.03166004,nan,0.00000000,0,0,0,0.14263718,0.01460671,0.20157529,0.20966899,0.06398247,1.17090702,0.15889259,0.27637388,0.72362612,3.28418199
113200,0.28871149,0.28871149,239,134.06715362,1.78268870,0.91374148,0.20125998,nan,0.00000000,0,0,0,0.08430336,0.01259270,0.19791855,0.20834452,0.02067677,1.16826093,0.38928705,0.08725879,0.91274121,-3.38967401
113300,0.28143728,0.28143728,127,134.41466089,0.94483741,0.00000000,0.00000000,nan,0.00000000,0,0,0,0.02919871,0.00704160,0.10562035,0.11171843,0.00195293,0.37459597,0.10601045,-0.03819767,1.03819767,-12.24192079
113400,0.12556368,0.12556368,155,134.73280708,1.15042508,0.08653555,0.00000704,nan,0.00000000,0,0,0,0.09314723,0.01598970,0.23612960,0.24991150,0.00183753,1.62832975,0.32244304,0.05039145,0.94960855,-4.35923958
113500,0.22386032,0.22386032,302,134.97490108,2.23745302,0.99781286,0.22190828,nan,0.02645518,0,0,0,0.07296883,0.02222124,0.29919910,0.31583515,0.01638666,0.86624241,0.43543741,-0.08000521,1.08000521,-6.25467873
113600,0.70014954,0.70014954,476,135.23811177,3.51971788,1.00000000,0.70014954,nan,0.00000000,0,0,0,0.07549351,0.02260419,2.26209831,2.39261436,0.04333088,1.63949645,0.48706734,0.07074560,0.92925440,-0.59443170
113700,0.30003065,0.30003065,390,135.48081715,2.87863631,0.99999926,0.30002976,nan,0.00000000,0,0,0,0.08337040,0.01241158,0.45093998,0.47735804,0.00183336,1.09506965,0.13015655,0.11851808,0.88148192,-5.31090260
113800,2.41779518,2.41779518,346,135.76433667,2.54853379,0.99993172,2.41713486,nan,0.00000000,0,0,0,0.05194663,0.01151254,0.63155633,0.66466278,0.06874727,0.60717624,0.21053736,0.06310385,0.93689615,13.36186473
113900,0.58912081,0.58912081,114,135.93388267,0.83864301,0.00000000,0.00000000,nan,0.00521302,0,0,0,0.07708051,0.01884956,0.62274718,0.65798765,0.02365859,1.23204911,0.56613797,0.00632633,0.99367367,3.14569992
114000,0.10178898,0.10178898,348,136.11666475,2.55663038,0.99993825,0.10176384,nan,0.00000000,0,0,0,0.27663946,0.01359798,0.13582641,0.14303100,0.01334781,2.50818419,0.17708673,-0.10191526,1.10191526,3.32126474
114100,0.21533559,0.21533559,167,136.34532221,1.22483117,0.18306538,0.00024185,nan,0.00000000,0,0,0,0.08881260,0.01678725,0.45944929,0.48585433,0.01056379,1.60591984,0.32189909,-0.07844249,1.07844249,-3.25525549
114200,0.71540421,0.71540421,104,136.64581594,0.76109173,0.00000000,0.00000000,nan,0.00000000,0,0,0,0.06314429,0.01297143,0.75009990,0.79396820,0.00433811,1.06780481,0.17475151,-0.06176076,1.06176076,1.13989544
114300,0.29193333,0.29193333,164,136.90657015,1.19789722,0.14499951,0.00012905,nan,0.00000000,0,0,0,0.04083053,0.01183518,0.21367213,0.22624066,0.00000721,0.57485759,0.24012202,0.00051839,0.99948161,-10.08917427
114400,0.58442420,0.58442420,184,137.14210209,1.34167405,0.37309774,0.01132449,nan,0.00000000,0,0,0,0.07443456,0.01136188,0.24067670,0.25206676,0.04704571,0.88651496,0.31078160,0.23541610,0.76458390,0.13950980
114500,0.29809222,0.29809222,155,137.35320272,1.12847751,0.06389336,0.00000497,nan,0.00000000,0,0,0,0.10323195,0.00761868,0.28133848,0.29727829,0.01036141,1.08101702,0.17376548,0.36251484,0.63748516,nan
114600,0.29092830,0.29092830,83,137.55478773,0.60339594,0.00000000,0.00000000,nan,0.00000000,0,0,0,0.07711904,0.01125376,0.14517531,0.15089160,0.04799844,0.84209114,0.20681085,0.14735643,0.85264357,-5.56521171
114700,0.28260744,0.28260744,418,137.81284395,3.03309901,0.99999993,0.28260736,nan,0.00000000,0,0,0,0.06671523,0.00905114,0.17629260,0.18552329,0.01937092,0.90932190,0.13597533,0.25707824,0.74292176,-6.96161020
114800,0.44478452,0.44478452,307,138.05186302,2.22380193,0.99749825,0.44035024,nan,0.00000000,0,0,0,0.07054786,0.00746715,0.10255400,0.10690209,0.02863645,0.56050658,0.18006113,-0.00735859,1.00735859,-2.59141922
114900,0.56325269,0.56325269,204,138.33826313,1.47464624,0.59390015,0.07007402,nan,0.00000000,0,0,0,0.11113784,0.00759419,0.31061533,0.32668853,0.03737066,0.68628091,0.18055640,-0.11828010,1.11828010,-4.08455956
115000,1.12737548,1.12737548,465,138.61304341,3.35466265,1.00000000,1.12737548,nan,0.00000000,0,0,0,0.28247315,0.01508202,4.45380926,4.71478987,0.01713753,2.75186014,0.39448005,-0.33011583,1.33011583,15.87333298
115100,0.41723132,0.41723132,108,138.79514847,0.77812518,0.00000000,0.00000000,nan,0.00287115,0,0,0,0.07451634,0.01503687,0.31101248,0.32726344,0.03474582,0.91807437,0.46089363,0.15632586,0.84367414,-0.01691294
115200,0.14465074,0.14465074,89,138.90244924,0.64073744,0.00000000,0.00000000,nan,0.09809514,0,0,0,0.49144539,0.03611772,0.19896758,0.20305409,0.12949686,3.98058605,0.73277313,-0.03360363,1.03360363,7.63702667
115300,0.21115157,0.21115157,413,139.08599540,2.96938595,0.99999982,0.21115142,nan,0.06298937,0,0,0,0.57293141,0.04626131,1.12376153,1.18972623,0.00236181,3.52798748,0.75041014,0.14061036,0.85938964,9.32125235
115400,0.43044740,0.43044740,11,139.15351278,0.07904939,0.00000000,0.00000000,nan,0.06064546,0,0,0,0.34903863,0.03578888,0.55082005,0.57097566,0.20817418,2.46703124,0.57063729,0.14652289,0.85347711,7.85567665
115500,0.22466840,0.22466840,248,139.23800901,1.78112285,0.91289244,0.15603443,nan,0.02986186,0,0,0,0.41816097,0.02671943,0.66682774,0.70027024,0.09830485,2.67227387,0.30727398,0.05180106,0.94819894,6.24151444
115600,0.78453922,0.78453922,265,139.36567415,1.90147252,0.96124947,0.66982155,nan,0.00000000,0,0,0,0.17681572,0.02324452,0.43916899,0.46496424,0.00064960,1.80586457,0.51125336,0.12935523,0.87064477,7.77061826
115700,0.38751996,0.38751996,54,139.45325155,0.38722654,0.00000000,0.00000000,nan,0.00000000,0,0,0,0.59227610,0.03996679,0.81170964,0.85455781,0.08328987,2.17146325,0.61456954,0.08553532,0.91446468,7.32089663
115800,0.39204535,0.39204535,463,139.48705762,3.31930437,1.00000000,0.39204535,nan,0.00086597,0,0,0,0.19449575,0.02841103,1.70950198,1.80947459,0.00996720,2.32902503,0.52728188,-0.17821798,1.17821798,7.62256479
115900,0.59681684,0.59681684,68,139.52341523,0.48737339,0.00000000,0.00000000,nan,0.00000000,0,0,0,0.25748479,0.02194326,0.69573772,0.71919775,0.29691646,2.12140679,0.37699944,0.05153958,0.94846042,6.08752656
116000,0.37794536,0.37794536,527,139.52825869,3.77701266,1.00000000,0.37794536,nan,0.00000000,0,0,0,0.33496538,0.02021775,0.44670275,0.46045151,0.21297382,2.35268235,0.26668999,-0.03784418,1.03784418,6.06552585
116100,0.47016409,0.47016409,239,139.70690941,1.71072427,0.86741296,0.26616631,nan,0.00655933,0,0,0,0.08670342,0.01280717,0.69181705,0.73040301,0.03585577,1.01350629,0.15315188,-0.09272166,1.09272166,-3.92416060
116200,0.19546181,0.19546181,214,139.91342451,1.52951728,0.67422691,0.04039115,nan,0.00000000,0,0,0,0.19144529,0.00589383,0.31602225,0.33454672,0.00110626,2.31506824,0.11892918,0.19954024,0.80045976,-0.51718239
116300,0.95726997,0.95726997,118,140.06496733,0.84246619,0.00000000,0.00000000,nan,0.00000000,0,0,0,0.18679157,0.01923613,0.39710450,0.40975407,0.18206190,1.29934776,0.40820876,0.11896051,0.88103949,9.80098391
116400,0.09427350,0.09427350,110,140.11154642,0.78508876,0.00000000,0.00000000,nan,0.01332553,0,0,0,0.17542435,0.01268682,0.23417841,0.24787858,0.00127540,2.01632023,0.19475457,0.22671113,0.77328887,0.53914269
116500,0.23451726,0.23451726,177,140.19491806,1.26252793,0.24094699,0.00079043,nan,0.00000000,0,0,0,0.20858148,0.01129236,0.23021762,0.24344371,0.00537428,1.65155900,0.18593805,0.18674054,0.81325946,0.38279645
116600,0.36052081,0.36052081,114,140.22714603,0.81296670,0.00000000,0.00000000,nan,0.00439348,0,0,0,0.25129366,0.02181974,0.35968521,0.37577045,0.08623659,3.01417327,0.69955909,0.00559300,0.99440700,4.18248653
116700,0.64724153,0.64724153,63,140.32079684,0.44897122,0.00000000,0.00000000,nan,0.00000000,0,0,0,0.17124362,0.02893725,0.32440099,0.34046322,0.05134319,1.52722871,0.54449654,-0.10833448,1.10833448,4.85791365
116800,0.25685465,0.25685465,316,140.42324296,2.25033971,0.99807609,0.25488369,nan,0.00000000,0,0,0,0.16565695,0.01933929,0.54518193,0.57515997,0.03555508,1.65859842,0.26851594,-0.12851298,1.12851298,0.05649145
116900,1.44308424,1.44308424,150,140.52796978,1.06740317,0.01800862,0.00000015,nan,0.00000000,0,0,0,0.18348020,0.01897239,0.64957362,0.68605411,0.02940627,1.32003462,0.26654541,0.13138823,0.86861177,11.74391460
117000,0.15935551,0.15935551,563,140.62956761,4.00342552,1.00000000,0.15935551,nan,0.00000000,0,0,0,0.39076489,0.01525727,0.06657192,0.06563371,0.08252160,3.15041471,0.31214058,-0.06901419,1.06901419,6.02284038
117100,0.62304908,0.62304908,556,140.77075358,3.94968405,1.00000000,0.62304908,nan,0.00356516,0,0,0,0.35575208,0.03207256,1.00850487,1.06299341,0.08219874,2.05252242,0.48424944,0.00708608,0.99291392,6.77836227
117200,0.26071045,0.26071045,212,140.95978222,1.50397508,0.63794659,0.04318130,nan,0.00000000,0,0,0,0.14529996,0.01541397,0.37490305,0.39648962,0.00793117,1.43296242,0.22213915,-0.18532036,1.18532036,-1.33841158
117300,0.82350403,0.82350403,89,141.10097974,0.63075395,0.00000000,0.00000000,nan,0.00000000,0,0,0,0.23467517,0.02784881,0.95267379,1.00729680,0.02408338,1.54778159,0.59475243,0.14033147,0.85966853,8.45298004
117400,0.36432827,0.36432827,188,141.21358921,1.33131663,0.35537263,0.00581070,nan,0.00000000,0,0,0,0.21890521,0.02155952,0.49983782,0.52662325,0.04448473,1.71010149,0.40073076,0.01283430,0.98716570,2.64096105
117500,0.15630648,0.15630648,411,141.37524262,2.90715681,0.99999952,0.15630618,nan,0.00000000,0,0,0,0.18179972,0.02087669,0.26644596,0.28204027,0.00134239,1.78166533,0.31549114,-0.09581847,1.09581847,-0.63583793
117600,1.24343204,1.24343204,4,141.53076696,0.02826241,0.00000000,0.00000000,nan,0.00000000,0,0,0,0.20961799,0.02950770,0.64251488,0.66121840,0.32455403,1.52530098,0.66757083,0.06804070,0.93195930,12.60045497
117700,0.41933984,0.41933984,447,141.63861241,3.15591908,0.99999999,0.41933982,nan,0.00000000,0,0,0,0.16753584,0.01658606,0.37161747,0.39343426,0.00073278,1.67776024,0.31782734,-0.09397507,1.09397507,0.87326876
117800,0.36346087,0.36346087,115,141.75649526,0.81125030,0.00000000,0.00000000,nan,0.00000000,0,0,0,0.22780077,0.03291636,0.48074165,0.50660425,0.04107705,1.82161379,0.54753494,0.09834758,0.90165242,3.84134523
117900,0.16919433,0.16919433,308,141.89392139,2.17063562,0.99583713,0.16639453,nan,0.00000000,0,0,0,0.18215506,0.01273178,0.38431323,0.40557289,0.02289877,1.68838453,0.17408478,0.07593987,0.92406013,0.04771686
118000,0.17658016,0.17658016,353,142.05129351,2.48501785,0.99985242,0.17647594,nan,0.00000000,0,0,0,0.28935787,0.01880697,0.27307835,0.28304863,0.10358380,3.18056369,0.38396496,0.01404015,0.98595985,3.39692926
118100,0.34127378,0.34127378,232,142.25018077,1.63092939,0.79654035,0.13738333,nan,0.00000000,0,0,0,0.07274521,0.01733889,0.12816578,0.13427708,0.02427341,0.69277722,0.14361866,-0.09972033,1.09972033,-6.47816531
118200,1.21900201,1.21900201,587,142.44555383,4.12087274,1.00000000,1.21900201,nan,0.00000000,0,0,0,0.12083144,0.00818730,0.35894886,0.36973357,0.17560895,1.28024614,0.16156386,-0.20214722,1.20214722,6.73549652
118300,0.29672831,0.29672831,377,142.64729069,2.64288230,0.99997952,0.29670401,nan,0.00000000,0,0,0,0.10079192,0.00701058,1.23919606,1.31203043,0.00101062,1.42391992,0.16953556,0.18152227,0.81847773,-4.05218238
118400,0.25662756,0.25662756,129,142.88070627,0.90285108,0.00000000,0.00000000,nan,0.00000000,0,0,0,0.05127738,0.01517448,0.09901395,0.10447060,0.00625080,0.58721608,0.29019415,0.17234874,0.82765126,-6.53762403
118500,0.70770979,0.70770979,107,143.09190991,0.74777114,0.00000000,0.00000000,nan,0.00000000,0,0,0,0.07171018,0.01221074,0.82631183,0.87310100,0.03089611,1.31762171,0.26884449,0.02754538,0.97245462,-2.13927317
118600,1.11921239,1.11921239,31,143.24411841,0.21641377,0.00000000,0.00000000,nan,0.07036934,0,0,0,0.32501990,0.02852803,0.93734676,0.96803015,0.41573131,1.86728156,0.46607316,-0.19530866,1.19530866,13.50768026
118700,0.47177845,0.47177845,52,143.41154860,0.36259284,0.00000000,0.00000000,nan,0.06999933,0,0,0,0.14068444,0.01741145,0.50354940,0.52885699,0.07332082,1.36646485,0.34637213,-0.12793264,1.12793264,1.52264539
118800,0.19406503,0.19406503,97,143.57924537,0.67558511,0.00000000,0.00000000,nan,0.05172807,0,0,0,0.15482828,0.02482165,0.27649689,0.29257846,0.00310933,1.27174318,0.38509852,0.16342092,0.83657908,0.40838683
118900,0.22052768,0.22052768,479,143.65581070,3.33435868,1.00000000,0.22052768,nan,0.06624057,0,0,0,0.28294402,0.01897600,0.32831821,0.34752396,0.00182016,2.20370054,0.24251488,0.19756896,0.80243104,3.77290583
119000,1.34642959,1.34642959,454,143.83197524,3.15646086,0.99999999,1.34642954,nan,0.01475915,0,0,0,0.35631406,0.01639210,7.22560978,7.65055656,0.00150332,3.60615540,0.28141084,-0.22411567,1.22411567,17.24684429
119100,0.55267942,0.55267942,61,143.97927304,0.42367209,0.00000000,0.00000000,nan,0.00000000,0,0,0,0.20503932,0.02969950,0.46037006,0.47648042,0.18649353,1.43513870,0.25907046,-0.03006470,1.03006470,3.81653982
119200,0.93403816,0.93403816,488,144.21427815,3.38385357,1.00000000,0.93403816,nan,0.00000000,0,0,0,0.14240091,0.01819803,1.36743593,1.44549739,0.04039144,1.84525657,0.26285586,-0.11001925,1.11001925,9.49166679
119300,0.07962292,0.07962292,60,144.41858884,0.41545898,0.00000000,0.00000000,nan,0.00000000,0,0,0,0.31095383,0.01943977,0.16168469,0.17098819,0.00352543,2.27192783,0.45857933,-0.08135298,1.08135298,1.97527739
119400,0.48298931,0.48298931,493,144.64011101,3.40845977,1.00000000,0.48298931,nan,0.00000000,0,0,0,0.14209504,0.01467314,0.47899321,0.50677490,0.00670461,1.22818732,0.30324012,0.00453851,0.99546149,1.12167875
119500,0.35268489,0.35268489,99,144.78860258,0.68375548,0.00000000,0.00000000,nan,0.00000000,0,0,0,0.11569348,0.03115987,0.11412144,0.11646808,0.07422850,0.80746865,0.30191773,0.12512280,0.87487720,0.14192367
119600,1.72610843,1.72610843,195,145.00413528,1.34478923,0.37843728,0.03540330,nan,0.00000000,0,0,0,0.10834362,0.02344579,0.78358769,0.82471299,0.08445775,1.16378999,0.44159868,-0.10179473,1.10179473,15.77751236
119700,0.56135243,0.56135243,224,145.19080795,1.54279739,0.69226493,0.12892138,nan,0.00000000,0,0,0,0.14194262,0.02115769,0.30692661,0.32464352,0.00573914,1.40480280,0.31280294,-0.09342906,1.09342906,-1.66735101
119800,0.18232895,0.18232895,421,145.35943989,2.89626873,0.99999943,0.18232854,nan,0.02821392,0,0,0,0.13671456,0.01585788,0.17661180,0.18650313,0.00845902,1.28888857,0.27969775,0.08191155,0.91808845,-2.97807121
119900,0.19229074,0.19229074,327,145.56463227,2.24642480,0.99799938,0.19075655,nan,0.00000000,0,0,0,0.13529390,0.01160482,0.18050385,0.19087082,0.00426535,0.99191570,0.09926917,-0.14062058,1.14062058,-2.45572424
120000,0.24531552,0.24531552,316,145.78838881,2.16752515,0.99571425,0.24113704,nan,0.00000000,0,0,0,0.31071851,0.02223360,0.20295188,0.20827109,0.11252534,2.41248155,0.26553810,-0.05742471,1.05742471,3.98753244
120100,0.27178863,0.27178863,34,146.01659677,0.23285024,0.00000000,0.00000000,nan,0.00000000,0,0,0,0.11365611,0.01505623,0.42190993,0.44641361,0.00534727,1.37482166,0.47594705,-0.16289527,1.16289527,-2.45433064
120200,0.16187268,0.16187268,193,146.30352752,1.31917530,0.33468289,0.00203099,nan,0.00000000,0,0,0,0.08590421,0.00936091,0.09128331,0.09664213,0.00018340,0.67803943,0.08995999,0.09059864,0.90940136,-7.66554809
120300,2.58000970,2.58000970,285,146.52027500,1.94512329,0.97192939,2.30229091,nan,0.07794601,0,0,0,0.33266994,0.04682938,12.55475616,13.28306293,0.17354162,2.78863168,0.63058650,0.08174961,0.91825039,45.36555386
120400,0.30116069,0.30116069,204,146.70040564,1.39058920,0.45677936,0.01311065,nan,0.12627455,0,0,0,0.14428721,0.01362221,0.54583412,0.57712907,0.01381914,1.51410902,0.36590847,-0.08359075,1.08359075,1.51211584
120500,0.26876286,0.26876286,210,146.89421522,1.42960020,0.52203862,0.01996088,nan,0.09946941,0,0,0,0.11087070,0.01314363,0.28492552,0.30009574,0.02703176,1.19854307,0.33647087,0.12891782,0.87108218,-4.53876811
120600,0.16204365,0.16204365,383,147.08998385,2.60384827,0.99996601,0.16202161,nan,0.01574310,0,0,0,0.18398012,0.02144081,0.16154732,0.17086312,0.00317882,1.59709322,0.31016636,-0.04307638,1.04307638,-0.75882861
120700,0.53514475,0.53514475,141,147.30814633,0.95717721,0.00000000,0.00000000,nan,0.00000000,0,0,0,0.23946850,0.03120661,0.56796134,0.59922743,0.03643690,1.20888627,0.26482630,0.14339544,0.85660456,5.48881873
120800,0.47172064,0.47172064,249,147.50445341,1.68808463,0.84950747,0.24567088,nan,0.00000000,0,0,0,0.16094509,0.01951248,0.23109218,0.24455963,0.00214526,1.37426734,0.42635190,0.01236044,0.98763956,0.30498656
120900,0.43488088,0.43488088,352,147.67407560,2.38362758,0.99952761,0.43405973,nan,0.00000000,0,0,0,0.10370278,0.01832959,0.15939625,0.16531622,0.05875697,1.10491037,0.33470795,-0.11113098,1.11113098,-1.86914116
121000,0.29091665,0.29091665,451,147.90234312,3.04930936,0.99999995,0.29091659,nan,0.00000000,0,0,0,0.38779834,0.01329985,1.56723022,1.65843046,0.01682638,4.27810335,0.24168600,-0.17225947,1.17225947,8.44454861
121100,0.25554022,0.25554022,511,148.12995397,3.44967366,1.00000000,0.25554022,nan,0.00000000,0,0,0,0.04600069,0.01039365,0.49551228,0.52465683,0.00005439,0.74311852,0.21332882,-0.00018775,1.00018775,-12.03238837
121200,0.14831710,0.14831710,328,148.35077312,2.21097601,0.99716539,0.14664255,nan,0.00000000,0,0,0,0.09558263,0.01421208,0.14983568,0.15850137,0.00251908,1.58985031,0.30347124,0.21532637,0.78467363,-3.40046948
121300,0.24308811,0.24308811,269,148.50376094,1.81140194,0.92817283,0.18041769,nan,0.00000000,0,0,0,0.10492977,0.01661435,0.07329520,0.07609968,0.02561910,1.22691810,0.19360198,0.17242749,0.82757251,-3.76888506
121400,0.10526235,0.10526235,56,148.65117641,0.37672087,0.00000000,0.00000000,nan,0.00000000,0,0,0,0.17138180,0.01200977,0.10125887,0.10697281,0.00412201,1.87098503,0.14236429,0.18907722,0.81092278,0.36418160
121500,0.22818473,0.22818473,143,148.86994342,0.96056999,0.00000000,0.00000000,nan,0.00000000,0,0,0,0.21639875,0.02112119,0.59183055,0.62644517,0.00338201,2.32363129,0.29469255,0.16689843,0.83310157,-1.12994385
121600,0.49395853,0.49395853,641,149.05421819,4.30044857,1.00000000,0.49395853,nan,0.00000000,0,0,0,0.09703853,0.01100358,0.14732249,0.15595545,0.00056212,0.95445943,0.17644927,0.06366725,0.93633275,-3.40273541
121700,0.13076180,0.13076180,258,149.24598767,1.72868969,0.88044212,0.07857495,nan,0.00000000,0,0,0,0.04053872,0.00909409,0.04653604,0.04907246,0.00341693,0.50464875,0.10486614,0.13894820,0.86105180,-13.31994502
121800,0.16825306,0.16825306,146,149.43383648,0.97702102,0.00000000,0.00000000,nan,0.00000000,0,0,0,0.17067963,0.01976183,0.27490750,0.29034302,0.01250395,1.73362136,0.30762804,0.06986388,0.93013612,-1.03883260
121900,0.21746174,0.21746174,274,149.62163341,1.83128598,0.93697007,0.16760452,nan,0.00000000,0,0,0,0.11840716,0.01127135,0.23950285,0.25352937,0.00105223,1.63776445,0.17505910,0.10150720,0.89849280,-3.55197263
122000,0.26419961,0.26419961,486,149.77216586,3.24492870,1.00000000,0.26419961,nan,0.01185209,0,0,0,0.22557762,0.02302067,0.22172192,0.23007990,0.07963612,3.01239991,0.44911915,-0.00149958,1.00149958,3.49897429
122100,1.14169049,1.14169049,253,149.96289909,1.68708395,0.84867681,0.59226727,nan,0.00000000,0,0,0,0.05214424,0.01896585,0.86044174,0.91105598,0.00000000,0.70298386,0.28651881,-0.08372002,1.08372002,5.60033407
122200,0.25467137,0.25467137,752,150.19672653,5.00676691,1.00000000,0.25467137,nan,0.00000000,0,0,0,0.05720038,0.00692143,0.23445207,0.24824321,0.00000212,1.04432225,0.11097170,0.25108048,0.74891952,-8.30531216
122300,0.23707873,0.23707873,443,150.41207497,2.94524226,0.99999973,0.23707847,nan,0.00000000,0,0,0,0.04473273,0.00793267,0.04395196,0.04653699,0.00000643,0.55886257,0.06678897,0.19682032,0.80317968,-12.10769844
122400,0.12461931,0.12461931,177,150.62424785,1.17510960,0.11542988,0.00002212,nan,0.00000000,0,0,0,0.11675511,0.01444041,0.21065004,0.22252914,0.00870531,1.75344276,0.21299961,0.01643554,0.98356446,-2.84679874
122500,0.24849807,0.24849807,232,150.84152966,1.53803797,0.68586719,0.05498993,nan,0.00000000,0,0,0,0.06435675,0.01297888,0.04540274,0.04511758,0.05025041,0.92202687,0.20987400,0.07261437,0.92738563,-6.86287546
122600,0.44978872,0.44978872,247,151.03240241,1.63541065,0.80110670,0.18525504,nan,0.00000000,0,0,0,0.08707458,0.01910997,0.17124449,0.17961434,0.02895714,1.18490171,0.45522225,0.08830862,0.91169138,-2.11159492
122700,0.46459717,0.46459717,131,151.29348716,0.86586675,0.00000000,0.00000000,nan,0.00000000,0,0,0,0.03121869,0.01027097,0.07776858,0.08184865,0.00840722,0.50512642,0.17323942,0.09450965,0.90549035,-7.06157271
122800,0.21423456,0.21423456,547,151.48286251,3.61096952,1.00000000,0.21423456,nan,0.00000000,0,0,0,0.04413040,0.01179227,0.13863020,0.14659539,0.00322179,0.73926312,0.24883382,0.17704469,0.82295531,-8.90098417
122900,0.13133158,0.13133158,565,151.69698142,3.72453028,1.00000000,0.13133158,nan,0.00000000,0,0,0,0.10221744,0.00682214,0.11590755,0.12247729,0.00422174,1.54677665,0.12992406,0.08135320,0.91864680,-4.33969086
123000,0.25929129,0.25929129,454,151.82403685,2.99030384,0.99999987,0.25929115,nan,0.00000000,0,0,0,0.25464049,0.01607046,0.34014285,0.35634199,0.06475728,2.88923049,0.31080884,-0.09916250,1.09916250,4.29497898
123100,0.20087968,0.20087968,482,151.95102927,3.17207460,0.99999999,0.20087967,nan,0.00000000,0,0,0,0.08888824,0.01113089,0.09222539,0.09683422,0.01387507,0.93661731,0.23354514,-0.10467571,1.10467571,-4.86987424
123200,0.62072235,0.62072235,424,152.14683100,2.78678167,0.99999716,0.62071529,nan,0.00000000,0,0,0,0.05154002,0.00742299,0.67863303,0.71826422,0.00490296,0.84910393,0.17590012,-0.19928084,1.19928084,-5.85687009
123300,0.24355470,0.24355470,355,152.28764548,2.33111490,0.99916449,0.24274175,nan,0.00000000,0,0,0,0.09931123,0.00992239,0.22426039,0.23705746,0.00671017,1.57807982,0.18770704,0.06204372,0.93795628,-4.86415167
123400,0.27485341,0.27485341,169,152.47104593,1.10840717,0.04592067,0.00000122,nan,0.00000000,0,0,0,0.07458045,0.00800702,0.10760619,0.11385868,0.00131379,0.93697101,0.06663282,-0.13322549,1.13322549,-7.93564196
123500,1.21048057,1.21048057,226,152.67241943,1.48029356,0.60256649,0.15957973,nan,0.00000000,0,0,0,0.05916999,0.01077298,1.71661031,1.81673694,0.01445782,0.92677855,0.38779870,0.04755434,0.95244566,9.73943019
123600,0.16083495,0.16083495,173,152.78015915,1.13234599,0.06766384,0.00000337,nan,0.00000000,0,0,0,0.06338036,0.00563244,0.16429752,0.17266607,0.02203221,0.65659440,0.11211194,0.09996135,0.90003865,-10.45952161
123700,0.22002269,0.22002269,249,152.98960355,1.62756157,0.79306160,0.08703525,nan,0.00000000,0,0,0,0.07793844,0.01759680,0.09426395,0.09963641,0.00293217,1.24215269,0.30891433,-0.10383879,1.10383879,-5.35536557
123800,0.12137173,0.12137173,550,153.15018175,3.59124615,1.00000000,0.12137173,nan,0.00000000,0,0,0,0.04275433,0.00833155,0.09994087,0.10568975,0.00220997,0.58764064,0.13032921,-0.11730379,1.11730379,-10.93206692
123900,0.27100536,0.27100536,163,153.37777715,1.06273544,0.01561967,0.00000002,nan,0.00000000,0,0,0,0.06487758,0.00982937,0.20733604,0.21941188,0.00204675,0.85466164,0.20986710,-0.14243337,1.14243337,-6.79639196
124000,0.20581052,0.20581052,393,153.57048561,2.55908548,0.99994011,0.20576122,nan,0.00000000,0,0,0,0.20037070,0.01339384,0.32804680,0.34531760,0.03444255,2.12561131,0.22645503,0.09570735,0.90429265,1.43516052
124100,0.59930950,0.59930950,162,153.71470824,1.05390045,0.01155377,0.00000001,nan,0.00000000,0,0,0,0.12286075,0.02004337,0.32851827,0.34054330,0.12409273,0.90884525,0.17052542,-0.15584084,1.15584084,1.45974815
124200,0.41314974,0.41314974,416,153.92126693,2.70268046,0.99999080,0.41313454,nan,0.00000000,0,0,0,0.10587674,0.00771434,0.22554260,0.23858379,0.00384225,1.45683253,0.12846139,-0.05555355,1.05555355,-3.29256761
124300,0.84293896,0.84293896,130,154.13357958,0.84342426,0.00000000,0.00000000,nan,0.00000000,0,0,0,0.06286272,0.01082453,0.24702318,0.25696781,0.07796393,0.90962577,0.35434881,-0.03437556,1.03437556,-1.12571034
124400,0.58970195,0.58970195,140,154.30662964,0.90728441,0.00000000,0.00000000,nan,0.00000000,0,0,0,0.13771208,0.01205702,0.71305907,0.75500154,0.00003764,1.80873895,0.27052790,0.21710787,0.78289213,3.40043283
124500,0.63234276,0.63234276,175,154.45475554,1.13301788,0.06832853,0.00001378,nan,0.00723101,0,0,0,0.07439534,0.01371978,2.92513061,3.09684539,0.00598567,1.36339974,0.13458702,0.03279288,0.96720712,-1.41969218
124600,0.41927278,0.41927278,202,154.60709640,1.30653770,0.31330253,0.00403973,nan,0.00000000,0,0,0,0.17412403,0.00682266,0.22018671,0.23199563,0.01943519,1.16071260,0.12032684,0.05833158,0.94166842,-0.92234442
124700,0.10344073,0.10344073,432,154.71938939,2.79215166,0.99999737,0.10343964,nan,0.00000000,0,0,0,0.08747204,0.01127918,0.48921648,0.51754284,0.00766837,1.59937394,0.24098894,0.11236790,0.88763210,-6.68029249
124800,0.62826675,0.62826675,296,154.87980642,1.91115941,0.96387774,0.54229035,nan,0.00000000,0,0,0,0.12821922,0.00898675,2.45672345,2.59913874,0.03566551,1.78625488,0.20237276,-0.12836349,1.12836349,-0.82184747
124900,0.31797549,0.31797549,299,155.01672679,1.92882411,0.96828155,0.27951189,nan,0.00000000,0,0,0,0.06236432,0.01235480,0.10534069,0.11141341,0.00210465,0.85840714,0.26462018,0.14192101,0.85807899,-5.66101869
125000,0.74695259,0.74695259,319,155.17109637,2.05579523,0.98842392,0.71296141,nan,0.00000000,0,0,0,0.28279424,0.04052381,1.52066720,1.60306954,0.11982726,2.39181685,0.52199650,0.00828656,0.99171344,8.05843941
125100,0.51444858,0.51444858,145,155.37913362,0.93320124,0.00000000,0.00000000,nan,0.00000000,0,0,0,0.03072571,0.01161167,0.18495876,0.19448197,0.02306392,0.43013552,0.28205597,-0.12224143,1.12224143,-2.63544350
125200,0.13377182,0.13377182,486,155.65831264,3.12222323,0.99999999,0.13377181,nan,0.00000000,0,0,0,0.05839407,0.00976994,0.06309588,0.06657863,0.00388886,0.64775884,0.16815366,0.22943426,0.77056574,-8.92044512
125300,0.37410253,0.37410253,480,155.79077852,3.08105528,0.99999997,0.37410249,nan,0.00000000,0,0,0,0.03510455,0.00794446,0.14957212,0.15831961,0.00086473,0.53908771,0.17568338,0.00660783,0.99339217,-10.28767509
125400,0.07756928,0.07756928,289,155.98030456,1.85279802,0.94547292,0.06198493,nan,0.01533789,0,0,0,0.11871561,0.01174133,0.18399093,0.19364867,0.01980944,1.33791029,0.24038212,0.01532121,0.98467879,-4.18021331
125500,0.25245413,0.25245413,646,156.20012155,4.13572021,1.00000000,0.25245413,nan,0.00000000,0,0,0,0.06455353,0.01616212,0.19782980,0.20930016,0.00283398,0.71648389,0.17887154,-0.06514366,1.06514366,-7.13382387
125600,0.17590982,0.17590982,262,156.40375995,1.67515154,0.83851103,0.08696113,nan,0.00000000,0,0,0,0.06111238,0.01500457,0.13699086,0.14471254,0.00572256,0.65379983,0.21521918,-0.13374127,1.13374127,-5.28573457
125700,0.27361897,0.27361897,194,156.59992287,1.23882564,0.20399575,0.00047384,nan,0.00000000,0,0,0,0.14451504,0.01614919,1.20570409,1.27661943,0.00014282,2.89075255,0.25353497,-0.01782973,1.01782973,-1.82408073
125800,0.11297079,0.11297079,394,156.83434891,2.51220477,0.99989347,0.11292266,nan,0.00000000,0,0,0,0.05298069,0.01646566,0.07684292,0.07970367,0.02821014,0.73339313,0.18544090,0.06531572,0.93468428,-8.85297346
125900,0.34346697,0.34346697,455,157.05042513,2.89715866,0.99999944,0.34346620,nan,0.00000000,0,0,0,0.02643653,0.00753297,0.13490671,0.14204228,0.01360202,0.41794053,0.18732235,-0.19060469,1.19060469,-11.83948851
126000,0.55025727,0.55025727,187,157.28117584,1.18895347,0.13308440,0.00017261,nan,0.00000000,0,0,0,0.18991965,0.01908038,0.16039385,0.16246553,0.12517498,2.23587775,0.26324755,0.09307374,0.90692626,4.74520493
126100,0.42691109,0.42691109,203,157.49286996,1.28894724,0.28391903,0.00277406,nan,0.00000000,0,0,0,0.09774946,0.00827978,0.10486053,0.11049727,0.00903595,1.02554369,0.11115030,0.34035528,0.65964472,-4.20243537
126200,0.78357327,0.78357327,366,157.64554520,2.32166408,0.99907636,0.78068231,nan,0.00000000,0,0,0,0.09255359,0.02082624,0.48230350,0.51025468,0.00713245,0.80959773,0.28711674,-0.02286533,1.02286533,0.78208447
126300,0.40731668,0.40731668,110,157.81916914,0.69700025,0.00000000,0.00000000,nan,0.00000000,0,0,0,0.10635924,0.01862884,1.10730958,1.17244434,0.00001743,1.22919786,0.24100457,0.04041774,0.95958226,-1.77476633
126400,0.22806239,0.22806239,175,158.03601588,1.10734252,0.04504367,0.00000094,nan,0.00000000,0,0,0,0.06058080,0.01497056,0.22363785,0.23670737,0.00145593,0.75610548,0.34346929,0.00674611,0.99325389,-7.21927166
126500,0.19932719,0.19932719,360,158.20317162,2.27555488,0.99850878,0.19814088,nan,0.00000000,0,0,0,0.07258496,0.01239832,0.20911652,0.22111958,0.00506430,1.22468948,0.34313524,0.08978064,0.91021936,-7.22457457
126600,0.25753057,0.25753057,253,158.40056598,1.59721652,0.75989291,0.08586939,nan,0.00000000,0,0,0,0.07403969,0.01068081,0.26197311,0.27676374,0.01053244,1.52703238,0.18526737,0.08957282,0.91042718,-6.11927827
126700,0.61075610,0.61075610,252,158.59564408,1.58894654,0.75028428,0.19354020,nan,0.00000000,0,0,0,0.26974019,0.02096747,3.18686533,3.37431931,0.00014601,2.44386506,0.42495143,0.05817274,0.94182726,9.28254604
126800,0.37164143,0.37164143,564,158.79202453,3.55181566,1.00000000,0.37164143,nan,0.00000000,0,0,0,0.06044737,0.00795729,0.07069328,0.07391872,0.01586092,0.69945735,0.14786111,-0.13299962,1.13299962,-7.60722804
126900,0.57614416,0.57614416,243,159.01050121,1.52820096,0.67240756,0.11777728,nan,0.00000000,0,0,0,0.07280329,0.00978701,0.37413889,0.39608371,0.00107632,1.20366013,0.21819200,0.08565394,0.91434606,-3.03656038
127000,0.19070026,0.19070026,408,159.29544932,2.56127844,0.99994173,0.19065582,nan,0.00000000,0,0,0,0.15967835,0.01654163,0.21769696,0.22566484,0.08224272,1.77508080,0.22407617,-0.00623180,1.00623180,0.00595197
127100,0.16220134,0.16220134,317,159.52772260,1.98711544,0.97970920,0.14943186,nan,0.00000000,0,0,0,0.03266175,0.00896901,0.04640225,0.04881667,0.00535712,0.51932311,0.21777704,0.02227473,0.97772527,-11.84576321
127200,0.48075205,0.48075205,649,159.77876142,4.06186651,1.00000000,0.48075205,nan,0.00000000,0,0,0,0.06172951,0.00880021,0.25727975,0.27107662,0.02273328,0.84800136,0.12377276,-0.00640482,1.00640482,-7.76491070
127300,0.15275107,0.15275107,157,160.02533659,0.98109464,0.00000000,0.00000000,nan,0.00000000,0,0,0,0.07099778,0.01907908,0.12874459,0.13599358,0.00551175,0.96656513,0.21944350,0.20499257,0.79500743,-7.43747203
127400,0.19200203,0.19200203,86,160.20395419,0.53681571,0.00000000,0.00000000,nan,0.02464369,0,0,0,0.07220281,0.01534517,0.13834482,0.14645009,0.00055542,0.73970062,0.31353563,-0.03035711,1.03035711,-7.51627618
127500,0.49126190,0.49126190,91,160.43664736,0.56720208,0.00000000,0.00000000,nan,0.00000000,0,0,0,0.05015577,0.01551789,0.24637999,0.26061186,0.00443778,0.53200722,0.25722986,-0.12804362,1.12804362,-2.31173944
127600,0.61329097,0.61329097,605,160.65229997,3.76589691,1.00000000,0.61329097,nan,0.00000000,0,0,0,0.14685370,0.01097267,0.34558937,0.35973355,0.10513815,2.34854937,0.18434848,-0.14749347,1.14749347,2.44920743
127700,0.13707288,0.13707288,179,160.86308495,1.11274753,0.04957689,0.00000083,nan,0.00000000,0,0,0,0.03305915,0.01160956,0.03575899,0.03751448,0.00591567,0.49662939,0.18799461,-0.10366923,1.10366923,-11.68201669
127800,0.29879597,0.29879597,84,161.02100373,0.52167107,0.00000000,0.00000000,nan,0.00000000,0,0,0,0.27272427,0.02753609,0.27841458,0.28774771,0.11975095,1.91250992,0.43746674,-0.03394395,1.03394395,2.71079445
127900,0.26617429,0.26617429,127,161.15541236,0.78805917,0.00000000,0.00000000,nan,0.02942739,0,0,0,0.14314514,0.01688758,0.07255664,0.07497015,0.03152721,1.24650431,0.22561854,0.01595182,0.98404818,-1.58672139
128000,0.22180235,0.22180235,257,161.29485588,1.59335522,0.75543683,0.07223685,nan,0.00000000,0,0,0,0.21733445,0.03085213,0.26527461,0.27963358,0.02117186,2.53759122,0.28602591,-0.12919560,1.12919560,3.08168903
128100,0.34064022,0.34064022,219,161.45147398,1.35644472,0.39842939,0.00858423,nan,0.00000000,0,0,0,0.06831469,0.01490911,0.12443510,0.13160105,0.00261399,0.79255044,0.24579637,0.13990943,0.86009057,-4.23382807
128200,0.56604445,0.56604445,114,161.69658194,0.70502418,0.00000000,0.00000000,nan,0.00000000,0,0,0,0.04056095,0.01197341,0.06450510,0.06601900,0.03876891,0.70476311,0.25596863,-0.24234277,1.24234277,-3.24129496
128300,0.34469211,0.34469211,215,161.94392362,1.32762005,0.34906116,0.00511726,nan,0.00000000,0,0,0,0.07866825,0.01873640,0.15539598,0.16271414,0.03098699,0.90657437,0.39312327,0.00695815,0.99304185,-4.81640468
128400,1.02842522,1.02842522,573,162.22119228,3.53221421,1.00000000,1.02842522,nan,0.00000000,0,0,0,0.06470324,0.01515591,1.64842033,1.74495518,0.00732682,1.38376939,0.41054332,-0.03212209,1.03212209,3.15592107
128500,1.24515676,1.24515676,193,162.39235554,1.18847959,0.13246396,0.00038337,nan,0.00000000,0,0,0,0.20805615,0.02237325,1.28430045,1.35980844,0.00066505,2.06165171,0.54976761,-0.24266518,1.24266518,13.67525887
128600,0.27131304,0.27131304,107,162.61074688,0.65801309,0.00000000,0.00000000,nan,0.00000000,0,0,0,0.05696709,0.00945391,0.13291664,0.14046818,0.00454060,0.98011315,0.25044978,-0.04249011,1.04249011,-7.63132524
128700,0.90697902,0.90697902,283,162.79944710,1.73833514,0.88702120,0.56147865,nan,0.00000000,0,0,0,0.23794717,0.02204286,6.36346245,6.73598766,0.03054314,2.33321714,0.43450874,-0.04329943,1.04329943,9.43102026
128800,0.17153534,0.17153534,366,163.02587813,2.24504235,0.99797163,0.17014782,nan,0.00000000,0,0,0,0.07129475,0.01831118,0.06594592,0.06923644,0.01000715,0.78742921,0.32137558,-0.06395048,1.06395048,-6.50039849
128900,0.34229168,0.34229168,342,163.20469387,2.09552796,0.99177623,0.33117010,nan,0.00000000,0,0,0,0.07419843,0.01013311,0.53562325,0.56694096,0.00322062,1.15172780,0.17954309,-0.03139487,1.03139487,-4.55751622
129000,0.93068951,0.93068951,558,163.39612126,3.41501374,1.00000000,0.93068951,nan,0.00000000,0,0,0,0.23931868,0.02215848,1.46689951,1.55134106,0.03139782,2.76536059,0.51453835,-0.22694508,1.22694508,11.70912170
129100,0.13484079,0.13484079,514,163.54595334,3.14284756,0.99999999,0.13484078,nan,0.00000000,0,0,0,0.07812909,0.01752510,0.08831041,0.09339415,0.00188678,0.96596909,0.30026987,0.03952277,0.96047723,-5.99951422
129200,0.17103401,0.17103401,656,163.73093652,4.00657331,1.00000000,0.17103401,nan,0.00000000,0,0,0,0.04433912,0.01545806,0.01807545,0.01870201,0.00742384,0.56038493,0.20378144,-0.16699442,1.16699442,-9.44403701
129300,0.28132969,0.28132969,360,163.92140523,2.19617444,0.99673120,0.27766925,nan,0.00000000,0,0,0,0.08315101,0.01787631,0.19728442,0.20884997,0.00067019,1.17632902,0.38669729,0.04353952,0.95646048,-6.35011212
129400,0.45026398,0.45026398,300,164.14736373,1.82762606,0.93542059,0.34474256,nan,0.00000000,0,0,0,0.08867235,0.01088059,0.18082277,0.18975078,0.02904693,1.13153946,0.15291053,0.18636048,0.81363952,-2.78652132
129500,0.53603506,0.53603506,690,164.31198545,4.19932848,1.00000000,0.53603506,nan,0.00000000,0,0,0,0.18408400,0.02063136,0.28307423,0.29709265,0.04476092,1.72685277,0.42487073,-0.05315401,1.05315401,4.64264417
129600,0.89110726,0.89110726,471,164.41090966,2.86477340,0.99999909,0.89110402,nan,0.00000000,0,0,0,0.13840811,0.01529670,0.67623001,0.71384466,0.03678079,1.33094513,0.25372714,0.04081083,0.95918917,5.66683785
129700,0.44680017,0.44680017,479,164.53316536,2.91126715,0.99999955,0.44679937,nan,0.00000000,0,0,0,0.09750054,0.01815028,0.36488956,0.38630128,0.00089038,1.24979079,0.38845602,0.10729963,0.89270037,-1.37030494
129800,0.47202179,0.47202179,289,164.64943091,1.75524445,0.89787694,0.30678161,nan,0.00000000,0,0,0,0.08911294,0.01912686,0.75469476,0.79890966,0.00304141,1.50420547,0.25978655,0.05068372,0.94931628,-1.04850292
129900,0.24039443,0.24039443,164,164.72614940,0.99559178,0.00000000,0.00000000,nan,0.00000000,0,0,0,0.06607816,0.01598300,0.27902374,0.29529408,0.00242768,1.01470232,0.39132825,0.00366727,0.99633273,-5.60691774
130000,0.38970423,0.38970423,303,164.87398083,1.83776724,0.93963922,0.30379433,nan,0.00000000,0,0,0,0.20962811,0.01823309,0.97577751,1.03231537,0.01463285,2.96475863,0.27374160,-0.20740771,1.20740771,5.13243977
130100,1.43359876,1.43359876,263,164.98558460,1.59407866,0.75627575,0.46897352,nan,0.00000000,0,0,0,0.41362047,0.02634311,1.38966715,1.45215845,0.32731673,3.32690930,0.33145234,-0.05525346,1.05525346,19.91356468
130200,0.20688516,0.20688516,177,165.14156755,1.07180768,0.02041412,0.00000004,nan,0.00000000,0,0,0,0.04686719,0.01743996,0.06732102,0.07040941,0.01481827,0.73303115,0.28216788,-0.16899853,1.16899853,-3.54414105
130300,0.36888170,0.36888170,451,165.30585096,2.72827609,0.99999353,0.36887215,nan,0.00000000,0,0,0,0.11335035,0.00905241,1.23442531,1.30691338,0.00212830,1.59501600,0.13842355,0.17366886,0.82633114,-1.22632444
130400,0.18569008,0.18569008,142,165.38390189,0.85860836,0.00000000,0.00000000,nan,0.00000000,0,0,0,0.11151013,0.01194207,0.10762867,0.11391474,0.00076538,1.16359496,0.14921528,-0.15058832,1.15058832,-4.36958774
130500,0.66427159,0.66427159,226,165.52892081,1.36532033,0.41364845,0.01944784,nan,0.00000000,0,0,0,0.07535880,0.00845862,3.01725054,3.19467902,0.00096397,1.20041358,0.14086132,-0.18024059,1.18024059,-1.66742128
130600,0.66130471,0.66130471,296,165.69353944,1.78643055,0.91574371,0.46504758,nan,0.00000000,0,0,0,0.08835287,0.01107770,0.60135883,0.63589466,0.01424953,1.07712567,0.15265945,-0.27820195,1.27820195,-0.83866270
130700,0.58231646,0.58231646,163,165.75041559,0.98340628,0.00000000,0.00000000,nan,0.00000000,0,0,0,0.09981299,0.01534543,0.55482286,0.58638376,0.01828878,1.10028076,0.33124965,0.12497663,0.87502337,-0.98826683
130800,0.61315036,0.61315036,280,165.79594857,1.68882293,0.85011817,0.32024635,nan,0.00000000,0,0,0,0.14649294,0.02463543,0.56799483,0.59973991,0.02832891,1.96824217,0.38993341,0.14028045,0.85971955,2.61804187
130900,0.57670152,0.57670152,419,165.90124806,2.52559884,0.99990947,0.57649271,nan,0.01022519,0,0,0,0.07295983,0.02725949,0.14278297,0.15100265,0.00304854,1.24075937,0.41167626,-0.27277252,1.27277252,0.77864516
131000,0.06722365,0.06722365,418,166.08274605,2.51681773,0.99989926,0.06719657,nan,0.00000000,0,0,0,0.17877848,0.01857019,0.08071927,0.08483836,0.01069474,2.36578155,0.31851465,0.08482880,0.91517120,-0.28448671
131100,0.47595322,0.47595322,426,166.12989577,2.56425852,0.99994386,0.47584635,nan,0.00000000,0,0,0,0.07467487,0.00692181,0.20208518,0.21370758,0.00450403,1.48298371,0.16105418,0.27700657,0.72299343,-3.38082361
131200,0.48484585,0.48484585,274,166.23683436,1.64825083,0.81379677,0.21265104,nan,0.08129086,0,0,0,0.26387900,0.03883716,0.66780096,0.70309240,0.06784597,2.74857044,0.82368028,0.09956087,0.90043913,7.13710093
131300,0.32543737,0.32543737,232,166.51338218,1.39328141,0.46134558,0.01474256,nan,0.00000000,0,0,0,0.11460157,0.03155215,0.40889347,0.43232557,0.01054808,1.06234121,0.36489066,-0.10452396,1.10452396,-1.52989768
131400,0.57376701,0.57376701,383,166.78181632,2.29641341,0.99879678,0.57101051,nan,0.00000000,0,0,0,0.10875239,0.01655094,0.64828438,0.68363982,0.04724164,0.86658245,0.24986762,-0.08630569,1.08630569,0.30501139
131500,0.20148042,0.20148042,957,167.07145317,5.72808808,1.00000000,0.20148042,nan,0.00000000,0,0,0,0.15604764,0.01608152,0.21658719,0.22919901,0.00218628,1.36318684,0.19520637,-0.06908068,1.06908068,-0.90891430
131600,0.30632648,0.30632648,47,167.32898944,0.28088379,0.00000000,0.00000000,nan,0.00000000,0,0,0,0.09391768,0.01245982,0.35217795,0.37182403,0.01819489,0.89700931,0.16665441,0.07199000,0.92801000,-4.56768513
131700,0.46356419,0.46356419,132,167.53393723,0.78790006,0.00000000,0.00000000,nan,0.00000000,0,0,0,0.13153988,0.00861573,0.24780120,0.25948149,0.04923632,1.33104479,0.16177496,0.09884896,0.90115104,-0.65631986
131800,0.11713585,0.11713585,651,167.71366310,3.88161577,1.00000000,0.11713585,nan,0.00000000,0,0,0,0.10805064,0.01780616,0.06671709,0.06962030,0.01736246,0.95591140,0.15355523,0.09764706,0.90235294,-5.33078416
131900,0.54607064,0.54607064,187,167.88618165,1.11384986,0.05052603,0.00000356,nan,0.00222272,0,0,0,0.15021755,0.01975749,0.60423124,0.63851041,0.02148551,1.47512519,0.25049070,0.04008980,0.95991020,2.73734570
132000,0.23854727,0.23854727,310,168.01177425,1.84510878,0.94254972,0.18827451,nan,0.00000000,0,0,0,0.31865484,0.01965151,0.93080223,0.98504436,0.00868860,3.61594558,0.40484530,-0.11513882,1.11513882,6.22245439
132100,0.16548318,0.16548318,447,168.17131429,2.65800384,0.99998323,0.16547208,nan,0.00000000,0,0,0,0.06243922,0.01010678,0.16794346,0.17767270,0.00254658,0.65999538,0.14242063,-0.01138197,1.01138197,-7.71147585
132200,0.29521999,0.29521999,480,168.35535581,2.85111215,0.99999888,0.29521867,nan,0.00000000,0,0,0,0.06038533,0.01122307,0.09620263,0.09987263,0.03381290,0.58162999,0.11488321,-0.01702270,1.01702270,-7.83627923
132300,0.23771848,0.23771848,514,168.44806252,3.05138565,0.99999995,0.23771843,nan,0.00000000,0,0,0,0.12955834,0.01054051,0.06648297,0.06838830,0.03409234,1.40975785,0.24845706,-0.09054919,1.09054919,-3.47844344
132400,0.24420285,0.24420285,200,168.68816282,1.18561965,0.12874329,0.00006709,nan,0.00000000,0,0,0,0.24786502,0.02311528,0.29573303,0.31297240,0.00266357,2.65299869,0.51073337,0.09551850,0.90448150,3.31930606
132500,0.33992198,0.33992198,113,168.84872986,0.66923808,0.00000000,0.00000000,nan,0.00000000,0,0,0,0.09335894,0.01221325,0.97753704,1.03495991,0.00134961,1.67965746,0.19547004,-0.00082484,1.00082484,-2.43061439
132600,0.28162655,0.28162655,690,168.98889322,4.08310858,1.00000000,0.28162655,nan,0.00000000,0,0,0,0.08348162,0.00870485,0.15556474,0.16471128,0.00007384,1.06583810,0.19184265,0.31422447,0.68577553,nan
132700,0.27432314,0.27432314,308,169.13112901,1.82107222,0.93256818,0.20748410,nan,0.00000000,0,0,0,0.10585192,0.02734902,1.10053599,1.16515911,0.00194342,1.76006866,0.53064430,0.10651044,0.89348956,-2.63689944
132800,0.61707711,0.61707711,200,169.32722300,1.18114498,0.12300503,0.00014126,nan,0.00000000,0,0,0,0.07578342,0.01399733,1.64251375,1.73865640,0.00808824,1.15568364,0.17870767,-0.20305790,1.20305790,0.61382627
132900,0.25669223,0.25669223,240,169.52884049,1.41568832,0.49901901,0.01591773,nan,0.00000000,0,0,0,0.07914032,0.01779432,0.28491876,0.30149552,0.00311369,1.04451013,0.39047793,0.19591824,0.80408176,-4.87432170
133000,0.47970450,0.47970450,406,169.63849013,2.39332477,0.99957585,0.47889114,nan,0.00000000,0,0,0,0.17751096,0.01709318,0.13179030,0.13225776,0.12384345,2.53006744,0.23896742,0.01317564,0.98682436,4.69229333
133100,0.62237823,0.62237823,329,169.82667717,1.93726925,0.97021930,0.55148541,nan,0.00000000,0,0,0,0.08382545,0.00884394,0.34747112,0.36364093,0.07258400,1.08308578,0.17944802,0.13573068,0.86426932,-1.58948080
133200,0.43372372,0.43372372,536,169.96479445,3.15359426,0.99999999,0.43372370,nan,0.00000000,0,0,0,0.19743972,0.03309043,1.65930378,1.75427914,0.04472176,2.56735826,0.67231393,0.05303622,0.94696378,4.41475129
133300,0.64618927,0.64618927,194,170.06657024,1.14072977,0.07616286,0.00002174,nan,0.00000000,0,0,0,0.12591225,0.02138416,4.01746655,4.25378799,0.00000825,2.35348797,0.81646085,0.02034249,0.97965751,4.60895888
133400,0.15839484,0.15839484,26,170.20206473,0.15275960,0.00000000,0.00000000,nan,0.00000000,0,0,0,0.07363390,0.01267130,0.05416141,0.05621924,0.01917849,1.26144660,0.16707417,-0.02893053,1.02893053,-7.34724150
133500,0.38571075,0.38571075,159,170.35692342,0.93333454,0.00000000,0.00000000,nan,0.00000000,0,0,0,0.07787742,0.01641917,0.13719596,0.14469051,0.00978861,0.99012458,0.42554614,-0.06188998,1.06188998,-3.30813408
133600,0.47619799,0.47619799,82,170.52088794,0.48087950,0.00000000,0.00000000,nan,0.00000000,0,0,0,0.09163480,0.01446236,1.18128073,1.25074744,0.00034660,1.59946084,0.29842111,-0.05947517,1.05947517,-1.10749594
133700,0.11056675,0.11056675,426,170.68708825,2.49579511,0.99987021,0.11050936,nan,0.00000000,0,0,0,0.06799245,0.01017418,0.09846250,0.10421436,0.00068096,0.71879321,0.13066553,-0.06351907,1.06351907,-10.18753624
133800,0.59770244,0.59770244,348,170.84792010,2.03689925,0.98644012,0.56593682,nan,0.00000000,0,0,0,0.44948852,0.01796280,3.08756804,3.26854920,0.01088683,5.33777809,0.56337982,-0.43116919,1.43116919,11.72242594
133900,0.18406144,0.18406144,160,171.03815547,0.93546378,0.00000000,0.00000000,nan,0.00000000,0,0,0,0.08295950,0.01116918,0.14530973,0.15383120,0.00044453,1.27156615,0.40566337,0.05329294,0.94670706,-3.54433016
134000,0.41464987,0.41464987,312,171.25623911,1.82183144,0.93290378,0.31407181,nan,0.00000000,0,0,0,0.17013706,0.01983210,0.29931989,0.31566307,0.02148679,1.67315507,0.14442362,-0.11856319,1.11856319,1.35299695
134100,0.28495407,0.28495407,259,171.44851298,1.51065760,0.64763396,0.05012949,nan,0.00000000,0,0,0,0.04488806,0.01130875,0.15949887,0.16886055,0.00035042,0.80802894,0.41303697,-0.13181391,1.13181391,-9.31193042
134200,0.18280980,0.18280980,362,171.60351907,2.10951385,0.99273062,0.17755182,nan,0.00000000,0,0,0,0.04673353,0.00728167,0.17764352,0.18797815,0.00195490,0.64699447,0.11787081,0.10767101,0.89232899,-10.71274503
134300,0.28819892,0.28819892,472,171.82281006,2.74701595,0.99999501,0.28819317,nan,0.00000000,0,0,0,0.10961346,0.01053624,1.01224673,1.07177556,0.00025810,1.31871390,0.14829192,-0.07350354,1.07350354,-3.88788648
134400,0.45324293,0.45324293,253,172.07948242,1.47025082,0.58709731,0.05384823,nan,0.00000000,0,0,0,0.07426756,0.01176678,0.13249452,0.13946539,0.01398997,1.13895476,0.34385872,0.04084257,0.95915743,-3.71679312
134500,0.29571092,0.29571092,629,172.26551271,3.65134025,1.00000000,0.29571092,nan,0.00000000,0,0,0,0.06760557,0.00981680,0.72002852,0.76237136,0.00020028,1.31380737,0.25449044,0.22883966,0.77116034,-7.52948952
134600,0.21292450,0.21292450,187,172.53188304,1.08385764,0.02773650,0.00000013,nan,0.00000000,0,0,0,0.06276724,0.01900173,0.47880661,0.50693882,0.00055857,1.13839579,0.47596782,-0.00585663,1.00585663,-5.03828830
134700,0.45560810,0.45560810,601,172.74409627,3.47913482,1.00000000,0.45560810,nan,0.00000000,0,0,0,0.05277826,0.00995312,0.65402472,0.69179130,0.01199235,0.82397866,0.14641105,-0.06768805,1.06768805,-5.74904990
134800,0.24134220,0.24134220,258,172.89509308,1.49223437,0.62060549,0.03580105,nan,0.00000000,0,0,0,0.05688531,0.01666846,0.21599405,0.22869946,0.00000193,0.51201004,0.14530084,0.07453244,0.92546756,-8.31260252
134900,0.27773142,0.27773142,285,173.06183298,1.64681025,0.81240202,0.12097872,nan,0.00000000,0,0,0,0.06868935,0.00700012,0.48424911,0.51270068,0.00057308,1.05337727,0.16859871,-0.01531599,1.01531599,-6.18104959
135000,0.34557658,0.34557658,284,173.22753080,1.63946226,0.80517391,0.14524563,nan,0.00000000,0,0,0,0.20209824,0.01980662,0.20910043,0.21802633,0.05736054,2.24822164,0.14696853,-0.12509617,1.12509617,3.22256740
135100,0.99845952,0.99845952,34,173.37904416,0.19610213,0.00000000,0.00000000,nan,0.02466479,0,0,0,0.08646020,0.01209069,1.15871823,1.22638106,0.00844885,1.21795213,0.28669956,-0.13912313,1.13912313,3.32044417
135200,1.07707822,1.07707822,68,173.57536449,0.39176066,0.00000000,0.00000000,nan,0.00000000,0,0,0,0.21991202,0.02919941,5.35722923,5.67074013,0.02754025,2.76586437,0.20885974,-0.18474804,1.18474804,15.07630825
135300,0.30751243,0.30751243,575,173.72315422,3.30986392,1.00000000,0.30751243,nan,0.00000000,0,0,0,0.06841248,0.00735596,0.08527704,0.08767989,0.04442857,0.81310135,0.14523166,0.14416050,0.85583950,-6.23433018
135400,0.81707650,0.81707650,132,173.87206717,0.75917887,0.00000000,0.00000000,nan,0.00000000,0,0,0,0.14996305,0.01952340,1.71083474,1.80986857,0.02725753,1.86532319,0.40647623,0.07290737,0.92709263,4.26994864
135500,0.23553427,0.23553427,182,173.95973350,1.04621912,0.00850843,0.00000000,nan,0.00000000,0,0,0,0.07270977,0.01250550,0.24945293,0.26255879,0.02665335,1.00012696,0.19787785,0.04043563,0.95956437,-6.38666494
135600,0.24751681,0.24751681,41,174.20836111,0.23535036,0.00000000,0.00000000,nan,0.00000000,0,0,0,0.11114916,0.00902706,0.19422102,0.20561486,0.00052581,1.11794925,0.17081527,0.16114908,0.83885092,-4.55085776
135700,0.46825320,0.46825320,159,174.33659399,0.91202883,0.00000000,0.00000000,nan,0.00000000,0,0,0,0.04266582,0.00829666,0.08809252,0.09115530,0.03602518,0.55981195,0.23599587,-0.01594262,1.01594262,-5.27026272
135800,0.75124508,0.75124508,268,174.59688516,1.53496438,0.68169574,0.16223478,nan,0.00000000,0,0,0,0.08485004,0.00742513,0.62019670,0.65548217,0.02034341,1.29519892,0.12056302,-0.08681352,1.08681352,-1.14192232
135900,0.18134694,0.18134694,299,174.84991727,1.71003798,0.86689484,0.10241791,nan,0.00000000,0,0,0,0.03151359,0.00677742,0.03960090,0.04177518,0.00263814,0.47573030,0.10361702,-0.23120380,1.23120380,-13.84730778
136000,0.60301381,0.60301381,306,175.12621078,1.74731126,0.89288974,0.38328214,nan,0.00000000,0,0,0,0.12814948,0.01851699,0.11111924,0.11208748,0.09465910,1.45137835,0.17218696,-0.13666047,1.13666047,2.49754757
136100,2.31111336,2.31111336,483,175.27650269,2.75564604,0.99999558,2.31107249,nan,0.00000000,0,0,0,0.15566604,0.00948039,0.55746323,0.56993186,0.34549564,1.05924499,0.16349284,-0.14180522,1.14180522,18.00106398
136200,0.12765135,0.12765135,261,175.49643205,1.48720972,0.61306295,0.01803207,nan,0.00000000,0,0,0,0.04906883,0.01260130,0.08833327,0.09284419,0.01164766,0.55346727,0.14499363,0.13107642,0.86892358,-6.64767265
136300,0.74598545,0.74598545,633,175.67181885,3.60330988,1.00000000,0.74598545,nan,0.00000000,0,0,0,0.05495672,0.00843359,1.23785543,1.31012297,0.00930694,1.07145631,0.17733033,-0.11838581,1.11838581,-4.84082308
136400,0.23864953,0.23864953,73,175.74613750,0.41537186,0.00000000,0.00000000,nan,0.00342070,0,0,0,0.06715640,0.01361113,0.39862227,0.42207024,0.00000714,1.06448495,0.31465185,-0.07883961,1.07883961,-7.32148743
136500,0.33129370,0.33129370,332,175.92953322,1.88711920,0.95705873,0.27795055,nan,0.00000000,0,0,0,0.08609387,0.00674728,0.28047237,0.29629391,0.01150627,1.26960588,0.09910855,-0.00711947,1.00711947,-7.24066448
136600,0.15591110,0.15591110,107,176.14836948,0.60744247,0.00000000,0.00000000,nan,0.00000000,0,0,0,0.08160776,0.01373453,0.08053195,0.08467474,0.01010466,1.18258727,0.16006869,0.11670787,0.88329213,-6.59845459
136700,0.20411615,0.20411615,308,176.41138264,1.74591909,0.89199536,0.12921941,nan,0.00000000,0,0,0,0.05944279,0.01034319,0.02851755,0.03010138,0.00159233,1.09473896,0.15212049,0.01238516,0.98761484,-9.00199442
136800,0.62648189,0.62648189,161,176.65351668,0.91138859,0.00000000,0.00000000,nan,0.00000000,0,0,0,0.02988879,0.01115657,0.27479357,0.29041481,0.00923257,0.43254015,0.22276729,-0.16622839,1.16622839,-7.37177229
136900,0.26158994,0.26158994,392,176.84127874,2.21667703,0.99731805,0.25879493,nan,0.00000000,0,0,0,0.07701705,0.01016920,0.04373740,0.04518448,0.01913690,1.24290347,0.21179909,0.06326506,0.93673494,-6.21028638
137000,0.89261669,0.89261669,309,177.06284788,1.74514306,0.89149432,0.56381849,nan,0.00000000,0,0,0,0.15444373,0.02046048,0.39012057,0.40745550,0.09542661,1.57089436,0.26776516,-0.09824809,1.09824809,6.89367914
137100,0.23465174,0.23465174,357,177.22650921,2.01437134,0.98368706,0.21971091,nan,0.00000000,0,0,0,0.05599321,0.00916720,0.48616832,0.51473582,0.00052010,0.83615452,0.17160901,0.10074209,0.89925791,-10.33195877
137200,0.56170768,0.56170768,318,177.39768849,1.79258255,0.91895481,0.40057789,nan,0.00000000,0,0,0,0.07664248,0.01189253,0.54331118,0.57369626,0.02676538,1.05711639,0.16684107,0.16245909,0.83754091,-3.32445372
137300,0.25970197,0.25970197,362,177.58597879,2.03844922,0.98661348,0.24607269,nan,0.00000000,0,0,0,0.04212262,0.00884894,0.14857404,0.15693897,0.00637028,0.85723579,0.23081750,0.06253408,0.93746592,-10.08473667
137400,1.03301978,1.03301978,746,177.83448595,4.19491189,1.00000000,1.03301978,nan,0.00000000,0,0,0,0.05472042,0.00712250,0.39511052,0.41834813,0.00007108,0.70089632,0.09947285,-0.08047142,1.08047142,0.12155978
137500,0.19869670,0.19869670,57,178.01877940,0.32019094,0.00000000,0.00000000,nan,0.00000000,0,0,0,0.22141892,0.02357660,0.19698246,0.20845172,0.00200494,2.18005466,0.64324415,0.19202912,0.80797088,2.04823196
137600,0.29970947,0.29970947,116,178.14999822,0.65113669,0.00000000,0.00000000,nan,0.00000000,0,0,0,0.03879948,0.00495768,0.09843941,0.10421491,0.00025588,0.42991868,0.05342966,-0.18146770,1.18146770,-11.62276435
137700,0.49102989,0.49102989,229,178.30893252,1.28428787,0.27622766,0.00285875,nan,0.00000000,0,0,0,0.02984022,0.01310992,0.18009514,0.19031715,0.00632130,0.38294932,0.19249077,-0.00789434,1.00789434,-10.18026050
137800,0.26428100,0.26428100,66,178.41234460,0.36992956,0.00000000,0.00000000,nan,0.01458449,0,0,0,0.15963584,0.02389671,0.37824297,0.40049240,0.00000314,1.82575011,0.64311683,0.08591563,0.91408437,-1.02804232
137900,0.38306114,0.38306114,661,178.61256353,3.70074751,1.00000000,0.38306114,nan,0.00000000,0,0,0,0.06627578,0.00963998,0.15404275,0.16253507,0.00967351,0.83011866,0.10981008,0.24390038,0.75609962,-5.85825533
138000,1.91447175,1.91447175,376,178.85864713,2.10221874,0.99224599,1.85577946,nan,0.00000000,0,0,0,0.16482493,0.02198128,0.73938167,0.76669538,0.27504924,1.58056831,0.21230909,-0.09467074,1.09467074,18.88915062
138100,0.80258662,0.80258662,208,178.95834167,1.16228167,0.09998276,0.00008020,nan,0.00000000,0,0,0,0.12534918,0.02314442,0.16879974,0.17565054,0.05233646,2.19807434,0.66689408,-0.10758281,1.10758281,5.58766615
138200,0.71239656,0.71239656,210,179.03392440,1.17296206,0.11278106,0.00011526,nan,0.00000000,0,0,0,0.25864083,0.03463982,0.35680214,0.37419903,0.06105537,1.33370829,0.28309679,0.07095159,0.92904841,5.42904536
138300,0.69156623,0.69156623,479,179.22338940,2.67264223,0.99998620,0.69152806,nan,0.00000000,0,0,0,0.07095567,0.00830898,0.16082880,0.16879342,0.02543006,0.66230339,0.17074569,-0.15011803,1.15011803,-3.43541527
138400,1.53251123,1.53251123,726,179.44600884,4.04578516,1.00000000,1.53251123,nan,0.00000000,0,0,0,0.14695954,0.01981095,1.26930332,1.34065151,0.05638358,1.39333832,0.24668884,-0.05526068,1.05526068,15.58041191
138500,1.23129976,1.23129976,70,179.48449081,0.39000584,0.00000000,0.00000000,nan,0.04001214,0,0,0,0.14706478,0.03750654,0.92283249,0.97636235,0.01282604,1.85329294,0.72443151,0.28215546,0.71784454,10.51090519
138600,0.25853693,0.25853693,92,179.54554917,0.51240479,0.00000000,0.00000000,nan,0.03148071,0,0,0,0.19248527,0.03486076,0.63233221,0.66925144,0.00470560,1.68552887,0.48206520,-0.04976260,1.04976260,3.06472735
138700,0.63876075,0.63876075,163,179.63320522,0.90740462,0.00000000,0.00000000,nan,0.00000000,0,0,0,0.13772880,0.02826887,0.48315892,0.51130128,0.00473919,1.43990684,0.47959709,-0.07982172,1.07982172,4.00729839
138800,0.47060263,0.47060263,74,179.69246567,0.41181471,0.00000000,0.00000000,nan,0.00000000,0,0,0,0.12329371,0.02873694,0.40933019,0.43310297,0.00519260,1.08632839,0.33953679,-0.05647067,1.05647067,-1.41326165
138900,0.20994812,0.20994812,465,179.73431545,2.58715203,0.99995793,0.20991280,nan,0.00000000,0,0,0,0.20673229,0.01890980,0.29202762,0.30749854,0.02902242,1.71705401,0.36730278,-0.10134421,1.10134421,1.10471567
139000,0.11432979,0.11432979,390,179.76786068,2.16946454,0.99579125,0.11241716,nan,0.00000000,0,0,0,0.28196940,0.02654479,0.10446653,0.10990835,0.01195560,3.61266065,0.44787803,0.04456565,0.95543435,4.73501205
139100,3.04906845,3.04906845,42,179.84879246,0.23352951,0.00000000,0.00000000,nan,0.00000000,0,0,0,0.09141104,0.01202531,0.55561066,0.57415354,0.24038079,0.81747627,0.17836101,-0.11768784,1.11768784,28.19483185
139200,0.32850444,0.32850444,285,180.00041811,1.58332966,0.74361984,0.10044889,nan,0.00000000,0,0,0,0.07977758,0.01628694,0.84483945,0.89376444,0.01311534,1.13537359,0.20055766,-0.00307809,1.00307809,-4.83899345
139300,1.08019197,1.08019197,433,180.17739933,2.40318709,0.99962015,1.07855166,nan,0.00000000,0,0,0,0.06282661,0.00830437,3.26435184,3.45630503,0.00114930,0.94381744,0.10681432,-0.17414082,1.17414082,-0.50724840
139400,0.36981606,0.36981606,634,180.27049513,3.51693714,1.00000000,0.36981606,nan,0.02499478,0,0,0,0.03735058,0.00597659,0.04904865,0.05118852,0.01267081,0.43598261,0.10670646,-0.01752395,1.01752395,-10.81967815
139500,0.53884530,0.53884530,394,180.31932501,2.18501262,0.99636454,0.53105212,nan,0.00000000,0,0,0,0.18017977,0.01991945,1.77988160,1.88438928,0.00324994,3.07304049,0.22269031,-0.03817289,1.03817289,3.43870682
139600,0.92614490,0.92614490,252,180.42371764,1.39671216,0.46715364,0.04410805,nan,0.00000000,0,0,0,0.21291006,0.01626053,0.56983143,0.58938360,0.23744437,2.17148161,0.33118746,-0.07757273,1.07757273,8.47546991
139700,0.23824957,0.23824957,256,180.49442847,1.41832633,0.50340857,0.01530081,nan,0.00000000,0,0,0,0.04547639,0.01370210,0.05854640,0.06183194,0.00269226,0.78179091,0.39074096,0.03159992,0.96840008,-7.78525543
139800,0.30470642,0.30470642,476,180.62389130,2.63531029,0.99997739,0.30467886,nan,0.00000000,0,0,0,0.05657864,0.01336234,0.47072124,0.49818730,0.00379870,0.97646290,0.18329364,0.18388672,0.81611328,-6.02351014
139900,0.16681828,0.16681828,437,180.70598265,2.41829293,0.99967969,0.16660464,nan,0.00000000,0,0,0,0.12119363,0.01252525,0.30780831,0.32589096,0.00040312,1.59452331,0.19721091,0.00591780,0.99408220,-5.03329325
140000,0.52438974,0.52438974,315,180.83664170,1.74190362,0.88938327,0.32810285,nan,0.04578146,0,0,0,0.22275274,0.02303888,0.29179567,0.29893461,0.17043422,2.33362460,0.23472579,0.01163160,0.98836840,7.11805439
140100,0.20374812,0.20374812,269,180.95041436,1.48659510,0.61213548,0.02860776,nan,0.00000000,0,0,0,0.04177329,0.00752244,0.05158168,0.05300698,0.02735157,0.51184875,0.11530084,0.08690154,0.91309846,-11.71514161
140200,0.64494723,0.64494723,376,181.04269756,2.07685814,0.99032775,0.62035454,nan,0.00589647,0,0,0,0.06943384,0.00811186,0.27222669,0.28782079,0.00712756,1.20168173,0.23977304,0.06837301,0.93162699,-1.72402477
140300,0.68450981,0.68450981,195,181.09427644,1.07678721,0.02330915,0.00000020,nan,0.00000000,0,0,0,0.15164654,0.01865916,2.04656315,2.15850258,0.14359181,1.66208398,0.31058085,0.04872348,0.95127652,3.49871929
140400,0.40551391,0.40551391,171,181.10708927,0.94419275,0.00000000,0.00000000,nan,0.00000000,0,0,0,0.06318124,0.01315631,0.36896425,0.39038035,0.00489028,0.91620213,0.15878171,0.09778938,0.90221062,-5.23221874
140500,0.45183107,0.45183107,281,181.15006693,1.55120009,0.70337488,0.11059195,nan,0.01475174,0,0,0,0.09580824,0.01100244,1.50321972,1.59155369,0.00154067,1.39831114,0.34624046,0.07579492,0.92420508,-2.06192831
140600,0.17745729,0.17745729,333,181.19898058,1.83775868,0.93963576,0.13833497,nan,0.00000000,0,0,0,0.15404771,0.02589008,0.74086946,0.78429240,0.00268011,1.99707687,0.46408617,0.04626210,0.95373790,-2.26961660
140700,0.34357357,0.34357357,321,181.25341035,1.77100116,0.90724291,0.23276307,nan,0.00000000,0,0,0,0.11520018,0.02355487,0.30334669,0.31872094,0.04198468,1.39535308,0.30044258,0.10330783,0.89669217,0.47783073
140800,1.13777208,1.13777208,307,181.37621008,1.69261448,0.85322571,0.60299123,nan,0.00000000,0,0,0,0.17842557,0.01946658,1.67001176,1.76717556,0.01822909,1.81822371,0.33639178,-0.11653679,1.11653679,10.45060861
140900,0.30877122,0.30877122,164,181.49038166,0.90362915,0.00000000,0.00000000,nan,0.00000000,0,0,0,0.07011691,0.01493923,0.33495486,0.35341334,0.02116101,1.53691936,0.30045950,-0.02688243,1.02688243,-4.51615922
141000,0.22881550,0.22881550,392,181.56056245,2.15905918,0.99536293,0.22460079,nan,0.00000000,0,0,0,0.20205513,0.01185661,0.24475294,0.25464362,0.07661166,2.35269833,0.22973736,-0.09548396,1.09548396,1.70747759
141100,0.21167111,0.21167111,365,181.65510619,2.00930218,0.98300377,0.19764340,nan,0.00000000,0,0,0,0.04195889,0.01029308,0.11860743,0.12553403,0.00085522,0.65253091,0.20711170,0.03547296,0.96452704,-9.80526280
141200,0.29172170,0.29172170,262,181.76421380,1.44142785,0.54133454,0.02505138,nan,0.00000000,0,0,0,0.05588488,0.00918100,0.12976769,0.13588190,0.02582616,0.70239931,0.12941669,0.07354728,0.92645272,-7.41228008
141300,0.11494137,0.11494137,257,181.90727996,1.41280767,0.49421352,0.00685701,nan,0.00000000,0,0,0,0.11189941,0.00843810,0.12555522,0.13289097,0.00084753,1.65502977,0.16375095,0.03306129,0.96693871,-6.30004239
141400,0.26850727,0.26850727,490,182.02238933,2.69197653,0.99998936,0.26849585,nan,0.00000000,0,0,0,0.04149901,0.00629357,0.15532142,0.16426879,0.00321616,0.43684185,0.07483582,0.11391195,0.88608805,-10.75562882
141500,0.15485558,0.15485558,85,182.14169523,0.46666964,0.00000000,0.00000000,nan,0.00000000,0,0,0,0.06752866,0.01459576,0.05131984,0.05393040,0.00694034,0.97937518,0.43848488,0.12731819,0.87268181,-5.68267616
141600,0.51909697,0.51909697,134,182.23439283,0.73531674,0.00000000,0.00000000,nan,0.00000000,0,0,0,0.21022415,0.02673635,1.47250640,1.55435371,0.08110306,2.68449903,0.44388813,-0.29739482,1.29739482,5.14237785
141700,0.26125109,0.26125109,271,182.36860758,1.48600137,0.61123853,0.03646708,nan,0.00000000,0,0,0,0.08021142,0.01104051,0.56116152,0.59383428,0.00572537,1.45542061,0.30696613,0.20949790,0.79050210,-4.49232531
141800,0.26701406,0.26701406,191,182.52654423,1.04642314,0.00858338,0.00000000,nan,0.00000000,0,0,0,0.05093864,0.00863674,0.06162665,0.06435273,0.01528317,0.65102470,0.12033692,0.04798686,0.95201314,-10.09928322
141900,0.40587324,0.40587324,423,182.63442979,2.31610217,0.99902053,0.40428541,nan,0.00000000,0,0,0,0.04265635,0.00907245,0.64116764,0.67807668,0.01371291,0.95965505,0.17514920,0.00405797,0.99594203,-8.87870693
142000,0.37669027,0.37669027,457,182.74293877,2.50078062,0.99987774,0.37650609,nan,0.00000000,0,0,0,0.15695281,0.01555905,0.19389312,0.20416890,0.01920464,1.75803566,0.27595794,-0.12710792,1.12710792,1.37091148
142100,0.19062908,0.19062908,367,182.84582196,2.00715552,0.98270692,0.17778095,nan,0.00000000,0,0,0,0.07558475,0.00888888,0.35405630,0.37406051,0.01398453,1.46680844,0.19637235,0.14861285,0.85138715,-6.28795111
142200,0.10648121,0.10648121,223,182.96257057,1.21882852,0.17431645,0.00009832,nan,0.00000000,0,0,0,0.10478759,0.01290564,0.21590605,0.22775085,0.01454447,1.52907991,0.25719202,0.06804307,0.93195693,-3.26446444
142300,0.37298203,0.37298203,22,183.04737615,0.12018746,0.00000000,0.00000000,nan,0.00000000,0,0,0,0.07342295,0.01761096,0.17091528,0.18068577,0.00481675,0.82288975,0.31917214,-0.05937655,1.05937655,-1.87420046
142400,0.88959908,0.88959908,545,183.21199091,2.97469613,0.99999983,0.88959849,nan,0.00405728,0,0,0,0.04699750,0.01204400,0.18110138,0.18685694,0.08325678,0.60582775,0.28233957,0.15439378,0.84560622,-2.26823336
142500,0.43284363,0.43284363,44,183.34741222,0.23998157,0.00000000,0.00000000,nan,0.00000000,0,0,0,0.16413330,0.01469250,2.32287550,2.45944262,0.00123344,2.10811782,0.23187076,-0.09541020,1.09541020,1.58489040
142600,0.35618249,0.35618249,250,183.42996168,1.36291802,0.40953089,0.01001888,nan,0.00000000,0,0,0,0.07825726,0.01433249,0.54759431,0.57919770,0.01033511,1.01588190,0.21602835,-0.15978445,1.15978445,-3.79513431
142700,0.16548900,0.16548900,418,183.58901128,2.27682472,0.99852799,0.16451675,nan,0.00000000,0,0,0,0.07040054,0.00919909,1.08425546,1.14800823,0.00045745,1.51965189,0.28391722,0.15634513,0.84365487,-8.63393847
142800,0.06162015,0.06162015,207,183.65549994,1.12711027,0.06258396,0.00000095,nan,0.00000000,0,0,0,0.04864256,0.00702037,0.06043120,0.06398079,0.00008818,0.82122612,0.18894434,-0.00385113,1.00385113,-11.89692148
142900,0.24505679,0.24505679,438,183.81583724,2.38281971,0.99952337,0.24458992,nan,0.00000000,0,0,0,0.04065854,0.01177674,0.03544872,0.03646755,0.01812844,0.49793372,0.17062487,0.13897713,0.86102287,-9.87447357
143000,1.64462245,1.64462245,433,183.95644097,2.35381810,0.99934527,1.64031957,nan,0.00000000,0,0,0,0.17893341,0.03119038,1.66007471,1.75748003,0.00418220,1.72368050,0.23715612,0.04111656,0.95888344,15.21577835
143100,0.30274588,0.30274588,198,184.01376651,1.07600645,0.02284298,0.00000008,nan,0.02063939,0,0,0,0.07746135,0.00999286,2.70993376,2.86928773,0.00091265,1.52471411,0.23686549,0.09968149,0.90031851,-6.16426110
143200,0.31343856,0.31343856,301,184.12291761,1.63477748,0.80046584,0.12868373,nan,0.00000000,0,0,0,0.12836227,0.01319609,1.82489455,1.93221033,0.00052401,1.62789178,0.17514783,-0.04854114,1.04854114,-2.50109193
143300,0.39861548,0.39861548,135,184.22466492,0.73280090,0.00000000,0.00000000,nan,0.00000000,0,0,0,0.05786204,0.00993650,0.20275350,0.21446101,0.00372576,1.02166331,0.35347021,0.11725792,0.88274208,-2.84055698
143400,0.20962119,0.20962119,525,184.40507857,2.84699317,0.99999881,0.20962020,nan,0.00000000,0,0,0,0.03209159,0.00662825,0.06749908,0.07129352,0.00299374,0.43484759,0.10320083,-0.03766829,1.03766829,-13.02492174
143500,0.23150516,0.23150516,175,184.57604451,0.94811870,0.00000000,0.00000000,nan,0.00000000,0,0,0,0.15247315,0.00994219,0.42689613,0.45156971,0.00744543,1.72101450,0.24100767,0.13775943,0.86224057,-3.88255254
143600,0.25644433,0.25644433,306,184.75788113,1.65622164,0.82138227,0.11672783,nan,0.00000000,0,0,0,0.04640517,0.01032136,0.26045516,0.27572295,0.00090275,0.50008923,0.14646207,-0.06803755,1.06803755,-8.35193348
143700,0.55895483,0.55895483,185,184.88255097,1.00063526,0.00000161,0.00000000,nan,0.00000000,0,0,0,0.05529150,0.01237980,0.15480036,0.16218950,0.02918481,0.54732341,0.15990572,-0.00055956,1.00055956,-4.60598743
143800,0.21252666,0.21252666,616,185.02750797,3.32923470,1.00000000,0.21252666,nan,0.00000000,0,0,0,0.05787324,0.00576424,0.05509263,0.05791214,0.00716083,1.08381963,0.10415834,0.26886944,0.73113056,-9.54770343
143900,0.23348972,0.23348972,165,185.20857700,0.89088747,0.00000000,0.00000000,nan,0.00000000,0,0,0,0.04337339,0.00732679,0.13123931,0.13895923,0.00000074,0.44672993,0.10838763,-0.13951876,1.13951876,-11.83129946
144000,0.30269378,0.30269378,368,185.39212990,1.98498178,0.97936479,0.27847194,nan,0.00000000,0,0,0,0.16771004,0.02615611,0.98209912,1.03912425,0.01267258,2.29668665,0.30883715,0.03445368,0.96554632,2.45981439
144100,0.57876587,0.57876587,177,185.49903847,0.95418284,0.00000000,0.00000000,nan,0.00000000,0,0,0,0.06358407,0.02494228,0.22470590,0.23380017,0.07010377,0.91628361,0.46018997,0.17043464,0.82956536,1.70920688
144200,0.40142101,0.40142101,267,185.56109154,1.43887923,0.53719982,0.03343055,nan,0.00000000,0,0,0,0.12661475,0.01420568,2.65032792,2.80622935,0.00000235,2.24521279,0.12958564,-0.09379188,1.09379188,0.43638404
144300,0.17594144,0.17594144,428,185.69113277,2.30490274,0.99889850,0.17516752,nan,0.00000000,0,0,0,0.07929016,0.00764834,0.26449817,0.27936208,0.01181199,1.08969200,0.10856844,-0.01237885,1.01237885,-6.43824553
144400,0.08632171,0.08632171,198,185.83966222,1.06543457,0.01698090,0.00000001,nan,0.00000000,0,0,0,0.04161586,0.00667524,0.05942253,0.06291534,0.00004478,0.83668017,0.10122252,-0.13401559,1.13401559,-12.54462210
144500,0.44363058,0.44363058,221,186.05068872,1.18784833,0.13163920,0.00013322,nan,0.00000000,0,0,0,0.09729628,0.01851491,0.23992512,0.25297046,0.01815361,0.94363350,0.40748417,-0.02277299,1.02277299,-2.53730971
144600,0.37147966,0.37147966,513,186.20053333,2.75509415,0.99999554,0.37147304,nan,0.00000000,0,0,0,0.08089323,0.01006955,0.05546049,0.05805286,0.01139027,0.68036389,0.14133461,-0.22062228,1.22062228,-5.35337313
144700,0.16134569,0.16134569,329,186.36503968,1.76535256,0.90396650,0.10773745,nan,0.00000000,0,0,0,0.14785165,0.01867764,0.42791092,0.45252427,0.00948396,2.25555134,0.22418070,-0.03302609,1.03302609,-0.03877165
144800,0.23359530,0.23359530,120,186.55814004,0.64323111,0.00000000,0.00000000,nan,0.00000000,0,0,0,0.04676940,0.00495152,0.04851072,0.05108358,0.00477224,0.88664287,0.12313218,-0.02596012,1.02596012,-11.50975418
144900,0.15507950,0.15507950,697,186.77961024,3.73167071,1.00000000,0.15507950,nan,0.00000000,0,0,0,0.06174069,0.00576457,0.12414853,0.13118441,0.00453848,1.17750406,0.08873068,0.07359065,0.92640935,-8.44820817
145000,0.05960458,0.05960458,538,186.95193741,2.87774498,0.99999925,0.05960440,nan,0.00000000,0,0,0,0.17312497,0.02579913,0.05417896,0.05646270,0.01535527,1.88972795,0.16828971,-0.08843704,1.08843704,-0.68838799
145100,0.38131067,0.38131067,597,187.14623754,3.19001871,1.00000000,0.38131066,nan,0.00000000,0,0,0,0.05451241,0.01413601,0.11126706,0.11683459,0.01661925,0.73377353,0.33796871,0.18040629,0.81959371,-6.59042716
145200,0.98197132,0.98197132,359,187.39693380,1.91571971,0.96506166,0.85176354,nan,0.00000000,0,0,0,0.03939824,0.00814131,0.33613557,0.35578123,0.00215972,0.68709069,0.11660417,-0.29331909,1.29331909,-1.29748266
145300,0.34977266,0.34977266,548,187.59603475,2.92117049,0.99999961,0.34977212,nan,0.00000000,0,0,0,0.11041506,0.01180806,0.26332009,0.27777231,0.01763200,1.33627176,0.28456652,-0.06267627,1.06267627,-1.19410449
145400,0.92852336,0.92852336,440,187.83508304,2.34248040,0.99926011,0.92577840,nan,0.00000000,0,0,0,0.06166440,0.00720922,0.99123955,1.04776037,0.03038687,0.90476239,0.13279098,-0.17010279,1.17010279,-2.33969508
145500,0.28988931,0.28988931,361,188.07446889,1.91945245,0.96600600,0.25243612,nan,0.00000000,0,0,0,0.03525155,0.00539514,0.15499301,0.16387448,0.00400833,0.48410124,0.09419440,0.12433347,0.87566653,-10.68537903
145600,0.11611862,0.11611862,586,188.16189014,3.11433946,0.99999998,0.11611861,nan,0.00000000,0,0,0,0.05249454,0.01210789,0.08846918,0.09350464,0.00286649,0.79315579,0.17417952,-0.03198926,1.03198926,-9.94406350
145700,0.14373881,0.14373881,931,188.28226477,4.94470364,1.00000000,0.14373881,nan,0.00000000,0,0,0,0.04188308,0.00687937,0.03367476,0.03565420,0.00002422,0.55004811,0.11964469,0.14992056,0.85007944,-12.54291105
145800,0.41050032,0.41050032,681,188.51901274,3.61236774,1.00000000,0.41050032,nan,0.00000000,0,0,0,0.05975475,0.00828975,0.20992094,0.22042663,0.03132404,0.67834735,0.16018587,-0.19559885,1.19559885,-5.94004043
145900,0.23912565,0.23912565,713,188.71352679,3.77821353,1.00000000,0.23912565,nan,0.00000000,0,0,0,0.12211972,0.01543253,0.13135651,0.13765234,0.02432727,1.30408406,0.17279433,0.21068638,0.78931362,-2.29522332
146000,0.23530075,0.23530075,588,188.90833253,3.11262077,0.99999998,0.23530073,nan,0.00000000,0,0,0,0.14546186,0.02168553,0.16679958,0.17606090,0.00935692,1.55072844,0.17307135,-0.10034758,1.10034758,-0.17805338
146100,0.34265608,0.34265608,6,189.05180589,0.03173733,0.00000000,0.00000000,nan,0.00000000,0,0,0,0.10778895,0.02617881,0.37872756,0.40094706,0.00099576,1.08574402,0.44159612,0.15253481,0.84746519,-1.06916338
146200,0.85318714,0.85318714,201,189.11341446,1.06285427,0.01567843,0.00000005,nan,0.02046471,0,0,0,0.11931157,0.01183326,5.16258097,5.46340370,0.04860111,1.57379174,0.09808730,0.02390414,0.97609586,2.86021626
146300,0.29360306,0.29360306,97,189.33803285,0.51231123,0.00000000,0.00000000,nan,0.00000000,0,0,0,0.12739009,0.01450061,0.53254580,0.56266659,0.02049236,1.40216124,0.20923300,0.19356574,0.80643426,-1.79394430
146400,0.17127262,0.17127262,728,189.52826872,3.84111565,1.00000000,0.17127262,nan,0.00000000,0,0,0,0.03773454,0.00946156,0.04440096,0.04656934,0.00753842,0.47052145,0.16994955,0.10309985,0.89690015,-12.19299237
146500,0.19206297,0.19206297,75,189.61429749,0.39553979,0.00000000,0.00000000,nan,0.00000000,0,0,0,0.20738810,0.02255521,0.34589469,0.36579967,0.00750975,1.92093742,0.29544154,-0.03059281,1.03059281,2.30681705
146600,0.24383715,0.24383715,21,189.58575844,0.11076781,0.00000000,0.00000000,nan,0.00000000,0,0,0,0.09473302,0.02780295,0.08752526,0.09181065,0.01467360,1.07675278,0.42231953,0.16945052,0.83054948,-1.13894367
146700,0.22971232,0.22971232,327,189.57419258,1.72491833,0.87779146,0.13637969,nan,0.00000000,0,0,0,0.09099876,0.01156756,0.20865296,0.22092247,0.00007124,1.04399562,0.25206697,-0.23755508,1.23755508,-5.13586134
146800,1.03269625,1.03269625,226,189.61238407,1.19190527,0.13697406,0.00036352,nan,0.00000000,0,0,0,0.10852309,0.02122540,0.34140828,0.36137995,0.00188971,1.07002676,0.41332865,-0.25903208,1.25903208,6.82852912
146900,0.43051487,0.43051487,144,189.68732743,0.75914402,0.00000000,0.00000000,nan,0.00000000,0,0,0,0.10402848,0.02306834,0.33011919,0.34704989,0.04229777,1.11479712,0.49026722,-0.02236738,1.02236738,-0.49591717
147000,0.38869655,0.38869655,419,189.77381498,2.20789154,0.99707952,0.38417568,nan,0.00000000,0,0,0,0.27773419,0.02159629,0.28684926,0.29478753,0.15189895,2.83968854,0.26490107,-0.00174728,1.00174728,5.15300107
147100,0.65528369,0.65528369,238,189.95705365,1.25291478,0.22575239,0.00170200,nan,0.00000000,0,0,0,0.03425289,0.00914778,0.06497472,0.06867862,0.00200833,0.66608047,0.21119986,-0.10846763,1.10846763,-7.44732539
147200,0.23496310,0.23496310,448,190.03615264,2.35744617,0.99937054,0.23437206,nan,0.00000000,0,0,0,0.08202188,0.01359387,0.16102539,0.17042784,0.00118381,1.11411572,0.10845237,0.05610291,0.94389709,-4.24261522
147300,0.81166101,0.81166101,334,190.18613391,1.75617430,0.89844942,0.52887034,nan,0.00000000,0,0,0,0.03602823,0.01188644,0.07280319,0.07646103,0.01061982,0.39919263,0.08989933,-0.01156296,1.01156296,4.69033623
147400,0.39379036,0.39379036,64,190.21094156,0.33646855,0.00000000,0.00000000,nan,0.02336380,0,0,0,0.16429357,0.01735258,3.21187234,3.40080452,0.00002219,3.50348020,0.32762095,-0.04635454,1.04635454,-2.73198867
147500,0.22071709,0.22071709,84,190.36862957,0.44124917,0.00000000,0.00000000,nan,0.00000000,0,0,0,0.05457094,0.01077893,0.09049073,0.09459794,0.02066816,0.83198220,0.15664670,0.25996639,0.74003361,-9.37560892
147600,0.29189315,0.29189315,607,190.61584533,3.18441522,0.99999999,0.29189315,nan,0.00000000,0,0,0,0.15683858,0.01935924,1.02165341,1.08151436,0.00401636,2.03393745,0.43624872,0.13208734,0.86791266,0.30112370
147700,0.13981935,0.13981935,333,190.73316350,1.74589460,0.89197958,0.08850890,nan,0.00000000,0,0,0,0.04879306,0.01144625,0.07591923,0.08013371,0.00427312,0.45346615,0.10864104,-0.00742962,1.00742962,-11.98628426
147800,0.35332263,0.35332263,113,190.91630500,0.59188240,0.00000000,0.00000000,nan,0.00000000,0,0,0,0.09965442,0.01427610,1.34425747,1.42277324,0.00948935,1.92793226,0.27185255,-0.03178385,1.03178385,-3.30800599
147900,1.07925296,1.07925296,51,191.08349068,0.26689904,0.00000000,0.00000000,nan,0.00000000,0,0,0,0.12434731,0.01600470,0.50512952,0.53270429,0.03635724,1.36092722,0.34472451,0.09024815,0.90975185,6.62939274
148000,0.16832645,0.16832645,419,191.13905017,2.19212139,0.99660215,0.16605030,nan,0.00000000,0,0,0,0.24985027,0.02554563,0.20886512,0.22051269,0.01085658,2.54121399,0.30027896,0.09513970,0.90486030,3.24214658
148100,0.45535120,0.45535120,301,191.27469185,1.57365304,0.73187748,0.13064717,nan,0.00000000,0,0,0,0.14554006,0.02250130,2.58364248,2.73488641,0.01249750,2.67357039,0.32915348,0.11989081,0.88010919,1.30123281
148200,0.46222103,0.46222103,232,191.26904028,1.21295114,0.16589230,0.00035007,nan,0.00000000,0,0,0,0.14886874,0.01616219,1.74423242,1.84601140,0.01398989,1.50367224,0.22828017,-0.04269006,1.04269006,2.04119802
148300,1.94082427,1.94082427,345,191.32385164,1.80322525,0.92427775,1.41643354,nan,0.00000000,0,0,0,0.13216387,0.03323278,5.10272026,5.40287924,0.00001275,1.24481881,0.46825039,-0.18096689,1.18096689,16.03197622
148400,0.84453583,0.84453583,60,191.41605020,0.31345334,0.00000000,0.00000000,nan,0.00000000,0,0,0,0.07473114,0.01385334,0.50694567,0.53635132,0.00705005,0.98156399,0.20388754,0.26432641,0.73567359,0.30157318
148500,0.76220042,0.76220042,296,191.56143017,1.54519623,0.69546088,0.17830355,nan,0.00000000,0,0,0,0.08171546,0.01521382,1.03036547,1.09000301,0.01652415,0.80682671,0.22915316,-0.02362692,1.02362692,1.29462833
148600,0.43805158,0.43805158,310,191.69764715,1.61712992,0.78202989,0.16383952,nan,0.00000000,0,0,0,0.07660799,0.01043635,0.14337164,0.14835481,0.05865764,0.99852967,0.23504575,0.10954047,0.89045953,-3.24861129
148700,0.11719354,0.11719354,152,191.81928013,0.79241252,0.00000000,0.00000000,nan,0.00000000,0,0,0,0.10875968,0.01262118,0.08112589,0.08589257,0.00009235,1.23731363,0.19114637,-0.12024167,1.12024167,-4.10752928
148800,0.20513126,0.20513126,172,191.94547601,0.89608780,0.00000000,0.00000000,nan,0.00000000,0,0,0,0.07782623,0.01315061,0.23196101,0.24547762,0.00217842,0.80873448,0.20560373,-0.00129803,1.00129803,-5.93800330
148900,0.15215427,0.15215427,327,192.09213891,1.70230808,0.86095346,0.08359934,nan,0.00000000,0,0,0,0.08990648,0.01296941,0.04580665,0.04835853,0.00242480,1.00470817,0.18531686,0.01131130,0.98868870,-5.82464451
149000,0.10831735,0.10831735,575,192.26777614,2.99062075,0.99999987,0.10831729,nan,0.00000000,0,0,0,0.28304452,0.02008114,0.37176287,0.39362168,0.00016356,3.55378747,0.30053726,0.12753008,0.87246992,4.32411652
149100,0.23895997,0.23895997,922,192.30679889,4.79442227,1.00000000,0.23895997,nan,0.00000000,0,0,0,0.03589941,0.01244716,0.08898162,0.09352208,0.01179389,0.43709981,0.18230844,0.06458314,0.93541686,-12.08777690
149200,0.21990843,0.21990843,326,192.49861084,1.69351871,0.85395972,0.11694763,nan,0.00000000,0,0,0,0.11007196,0.02382257,0.14967185,0.15771307,0.01297068,1.35933053,0.34600925,0.12909946,0.87090054,-2.26195558
149300,0.24135865,0.24135865,231,192.60227025,1.19936281,0.14698839,0.00011267,nan,0.00000000,0,0,0,0.11945221,0.01210828,0.18343069,0.19386445,0.00605689,1.14045560,0.14795040,-0.00579213,1.00579213,-3.18196495
149400,0.79458213,0.79458213,105,192.71709536,0.54484009,0.00000000,0.00000000,nan,0.00000000,0,0,0,0.15069397,0.02339152,1.26477444,1.33336079,0.09880521,1.17296076,0.38418868,0.02993146,0.97006854,7.28715742
149500,0.48282209,0.48282209,265,192.82890219,1.37427531,0.42897829,0.01635040,nan,0.00000000,0,0,0,0.24681057,0.03362824,0.16494042,0.16553123,0.15489633,1.30077267,0.41690671,-0.03193094,1.03193094,5.79562411
149600,0.39428827,0.39428827,423,192.89285085,2.19292731,0.99662818,0.38899723,nan,0.00000000,0,0,0,0.26189977,0.01957951,0.21095967,0.22118065,0.03720306,1.51635766,0.15764070,0.27642918,0.72357082,2.62896031
149700,0.17587274,0.17587274,182,192.93001108,0.94334727,0.00000000,0.00000000,nan,0.00000000,0,0,0,0.17974037,0.02182250,0.07769746,0.08226666,0.00002093,1.43605185,0.28145495,0.03303202,0.96696798,-1.57232945
149800,0.39399469,0.39399469,193,192.95752888,1.00022011,0.00000019,0.00000000,nan,0.00000000,0,0,0,0.10224284,0.01682577,0.09230601,0.09746160,0.00466098,0.88663507,0.29825544,0.13063966,0.86936034,-2.44288055
149900,0.31089672,0.31089672,270,192.99386370,1.39900821,0.47103352,0.01530465,nan,0.00000000,0,0,0,0.11479134,0.01932157,0.16900973,0.17851061,0.00749482,0.95260608,0.35004663,0.13271832,0.86728168,-2.30301340
