step,surprise_raw,surprise_clipped,state_action_pseudo_count,familiarity_count_mean,familiarity_count_ratio,familiarity,e_t,block_E_k,W_k,block_completed,warmup_remaining,regime_change,mean_total_var,mean_epistemic_var,raw_residual_mse,raw_delta_state_mse,raw_reward_sq_error,mean_total_var_raw,mean_epistemic_var_raw,gradient_coherence,gradient_novelty,predictor_nll,conditional_surprise_raw,conditional_surprise_clipped,conditional_historical_count,conditional_tables_used,conditional_median_leverage,conditional_trust_fraction
0,4.85265923,4.85265923,0,0.00000000,0.00000000,0.00000000,0.00000000,nan,0.00000000,0,9999,0,1.00020576,0.00052505,4.87688684,5.15840912,0.09101643,1.00020576,0.00052505,nan,nan,60.14443715,nan,nan,0.00000000,0,nan,0.00000000
100,1.32712328,1.32712328,0,0.00000000,0.00000000,0.00000000,0.00000000,nan,0.00000000,0,9899,0,1.01383114,0.00405557,30.28139496,32.06154633,0.01882732,38.47999191,0.15911874,-0.08500230,1.08500230,28.53786278,nan,nan,0.00000000,0,nan,0.00000000
200,0.71831584,0.71831584,0,0.00000000,0.00000000,0.00000000,0.00000000,nan,0.00000000,0,9799,0,0.99651748,0.00362684,34.75585175,36.78067398,0.33385983,34.24690628,0.08450774,0.19049732,0.80950268,22.93687566,nan,nan,0.00000000,0,nan,0.00000000
300,0.77990949,0.77990949,0,0.00000000,0.00000000,0.00000000,0.00000000,nan,0.00000000,0,9699,0,0.99840420,0.00421983,9.67758179,10.21715927,0.50477147,34.57271194,0.12141331,0.03336945,0.96663055,23.55591965,nan,nan,0.00000000,0,nan,0.00000000
400,0.90385926,0.90385926,0,0.00000000,0.00000000,0.00000000,0.00000000,nan,0.00000000,0,9599,0,0.98282790,0.00228057,32.20223618,34.08065796,0.26904383,32.63473129,0.06567936,0.02368061,0.97631939,24.49532223,nan,nan,0.00000000,0,nan,0.00000000
500,0.84125602,0.84125602,0,0.00000000,0.00000000,0.00000000,0.00000000,nan,0.00000000,0,9499,0,0.94299465,0.00403242,38.05235672,40.29024887,0.00823528,30.09197998,0.16393855,-0.13099427,1.13099427,23.53418112,nan,nan,0.00000000,0,nan,0.00000000
600,1.00380492,1.00380492,0,0.00000000,0.00000000,0.00000000,0.00000000,nan,0.00000000,0,9399,0,0.88081223,0.01111799,18.09059906,19.14445686,0.17499492,27.03093719,0.28731629,0.16761317,0.83238683,24.52090530,nan,nan,0.00000000,0,nan,0.00000000
700,1.10841286,1.10841286,0,0.00000000,0.00000000,0.00000000,0.00000000,nan,0.00000000,0,9299,0,0.89543343,0.00815369,41.60884094,44.00827789,0.81836158,27.34103584,0.23143895,0.26255772,0.73744228,25.47332096,nan,nan,0.00000000,0,nan,0.00000000
800,0.66906804,0.66906804,0,0.00000000,0.00000000,0.00000000,0.00000000,nan,0.00000000,0,9199,0,0.88028526,0.00950587,24.93950844,26.37049866,0.61270511,26.80165863,0.17132933,0.19849187,0.80150813,21.22958612,nan,nan,0.00000000,0,nan,0.00000000
900,1.52741921,1.52741921,0,0.00000000,0.00000000,0.00000000,0.00000000,nan,0.00000000,0,9099,0,0.91061538,0.01839793,25.37283707,26.79320335,1.22660315,26.32511902,0.62244606,0.06094163,0.93905837,29.47149849,nan,nan,0.00000000,0,nan,0.00000000
1000,0.48609331,0.48609331,0,0.00000000,0.00000000,0.00000000,0.00000000,nan,0.00000000,0,8999,0,0.93205750,0.00338823,8.98211575,9.50174046,0.14849985,28.04243660,0.11208615,0.05438384,0.94561616,19.89019871,nan,nan,0.00000000,0,nan,0.00000000
1100,0.89130139,0.89130139,0,0.00000000,0.00000000,0.00000000,0.00000000,nan,0.00000000,0,8899,0,0.83297181,0.00841917,10.63944626,11.22474861,0.68930709,24.47131920,0.30263832,0.05493349,0.94506651,22.89244207,nan,nan,0.00000000,0,nan,0.00000000
1200,1.26154494,1.26154494,0,0.00000000,0.00000000,0.00000000,0.00000000,nan,0.00000000,0,8799,0,0.79260373,0.02615402,17.76198578,18.78667259,0.34230721,21.76615334,1.11809051,0.03155928,0.96844072,26.28358269,nan,nan,0.00000000,0,nan,0.00000000
1300,0.59815681,0.59815681,0,0.00000000,0.00000000,0.00000000,0.00000000,nan,0.00000000,0,8699,0,0.72444707,0.07601951,4.73209476,5.00257349,0.13395816,20.59127617,4.10601616,0.07310406,0.92689594,19.98440170,nan,nan,0.00000000,0,nan,0.00000000
1400,0.32835144,0.32835144,0,0.00000000,0.00000000,0.00000000,0.00000000,nan,0.00000000,0,8599,0,0.74353421,0.06128493,3.68655229,3.90267491,0.01246750,17.78657150,2.79628992,-0.05215579,1.05215579,16.48044472,nan,nan,0.00000000,0,nan,0.00000000
1500,0.42858055,0.42858055,0,0.00000000,0.00000000,0.00000000,0.00000000,nan,0.00000000,0,8499,0,0.63740081,0.06323625,1.57332850,1.64690471,0.32253310,15.12322998,3.30923700,0.04415401,0.95584599,17.35285060,nan,nan,0.00000000,0,nan,0.00000000
1600,0.56645370,0.56645370,0,0.00000000,0.00000000,0.00000000,0.00000000,nan,0.00000000,0,8399,0,0.62245530,0.05176220,7.49859428,7.92769861,0.20382410,13.24080563,2.12768388,-0.12220564,1.12220564,15.41642125,nan,nan,0.00000000,0,nan,0.00000000
1700,0.15359575,0.15359575,0,0.00000000,0.00000000,0.00000000,0.00000000,nan,0.00000000,0,8299,0,0.60116094,0.03970194,1.39941752,1.47768581,0.06885666,14.05468082,1.63500130,0.00779614,0.99220386,14.34798717,nan,nan,0.00000000,0,nan,0.00000000
1800,0.24263975,0.24263975,0,0.00000000,0.00000000,0.00000000,0.00000000,nan,0.00000000,0,8199,0,0.49382606,0.07175712,0.28636491,0.30307794,0.00224320,11.02157211,3.12191272,0.00433430,0.99566570,12.57098627,nan,nan,0.00000000,0,nan,0.00000000
1900,0.43871912,0.43871912,0,0.00000000,0.00000000,0.00000000,0.00000000,nan,0.00000000,0,8099,0,0.42256939,0.04347306,1.64402616,1.73852527,0.03753984,8.51065445,1.27671587,0.03209402,0.96790598,12.06258615,nan,nan,0.00000000,0,nan,0.00000000
2000,0.31979099,0.31979099,0,0.00000000,0.00000000,0.00000000,0.00000000,nan,0.00000000,0,7999,0,0.57444376,0.02211761,3.06724715,3.23381805,0.23554519,13.31326389,0.65516001,-0.11303642,1.11303642,13.25012970,nan,nan,0.00000000,0,nan,0.00000000
2100,1.04530525,1.04530525,0,0.00000000,0.00000000,0.00000000,0.00000000,nan,0.00000000,0,7899,0,0.42647812,0.05348496,7.86542082,8.30166817,0.44921988,7.76756620,1.74278593,-0.08874294,1.08874294,19.78201103,nan,nan,0.00000000,0,nan,0.00000000
2200,0.28142393,0.28142393,0,0.00000000,0.00000000,0.00000000,0.00000000,nan,0.00000000,0,7799,0,0.48248067,0.04532717,1.22383142,1.29448652,0.02269414,6.88936806,0.80426717,0.12726135,0.87273865,11.34114943,nan,nan,0.00000000,0,nan,0.00000000
2300,0.39750725,0.39750725,0,0.00000000,0.00000000,0.00000000,0.00000000,nan,0.00000000,0,7699,0,0.37921444,0.04967082,2.37759900,2.51679730,0.01122832,5.62952995,2.01354814,-0.06929578,1.06929578,11.58414280,nan,nan,0.00000000,0,nan,0.00000000
2400,0.85367733,0.85367733,0,0.00000000,0.00000000,0.00000000,0.00000000,nan,0.00000000,0,7599,0,0.40224111,0.05015692,5.53653908,5.86201382,0.00346540,5.86090326,1.05105674,-0.12456240,1.12456240,16.88754988,nan,nan,0.00000000,0,nan,0.00000000
2500,0.65203881,0.65203881,0,0.00000000,0.00000000,0.00000000,0.00000000,nan,0.00000000,0,7499,0,0.35971200,0.03198678,2.76547146,2.92666388,0.02520078,4.78031158,0.99055946,0.09122564,0.90877436,11.40783978,nan,nan,0.00000000,0,nan,0.00000000
2600,0.95663875,0.95663875,0,0.00000000,0.00000000,0.00000000,0.00000000,nan,0.00000000,0,7399,0,0.37913093,0.04227914,11.11123753,11.76302719,0.03079886,5.51949883,1.21292973,-0.11779933,1.11779933,19.88071156,nan,nan,0.00000000,0,nan,0.00000000
2700,0.33741570,0.33741570,0,0.00000000,0.00000000,0.00000000,0.00000000,nan,0.00000000,0,7299,0,0.35200036,0.08632854,1.72144163,1.82116544,0.02613766,6.12215233,3.17936468,0.02470403,0.97529597,14.04866180,nan,nan,0.00000000,0,nan,0.00000000
2800,0.78092211,0.78092211,0,0.00000000,0.00000000,0.00000000,0.00000000,nan,0.00000000,0,7199,0,0.31008536,0.06030859,1.21751451,1.26550400,0.40169340,4.20091152,1.68591058,-0.03736390,1.03736390,11.54427147,nan,nan,0.00000000,0,nan,0.00000000
2900,0.27791601,0.27791601,0,0.00000000,0.00000000,0.00000000,0.00000000,nan,0.00000000,0,7099,0,0.40330908,0.09471222,1.75043380,1.85153294,0.03174955,6.70201111,3.04295301,0.11241962,0.88758038,12.05899024,nan,nan,0.00000000,0,nan,0.00000000
3000,0.04685368,0.04685368,0,0.00000000,0.00000000,0.00000000,0.00000000,nan,0.00000000,0,6999,0,0.71303475,0.01069977,0.41350967,0.43284571,0.08479684,16.07970238,0.32378599,-0.05155953,1.05155953,14.20825768,nan,nan,0.00000000,0,nan,0.00000000
3100,0.97120994,0.97120994,0,0.00000000,0.00000000,0.00000000,0.00000000,nan,0.00000000,0,6899,0,0.43994778,0.03356625,3.39855099,3.57572436,0.38660657,5.78415155,1.10753858,-0.05887296,1.05887296,17.22050762,nan,nan,0.00000000,0,nan,0.00000000
3200,0.36825240,0.36825240,0,0.00000000,0.00000000,0.00000000,0.00000000,nan,0.00000000,0,6799,0,0.38196856,0.03191345,0.49983242,0.52041018,0.15000989,5.06402493,1.41298306,-0.04896480,1.04896480,9.12940741,nan,nan,0.00000000,0,nan,0.00000000
3300,0.77413177,0.77413177,0,0.00000000,0.00000000,0.00000000,0.00000000,nan,0.00000000,0,6699,0,0.35108632,0.03233720,1.40799546,1.45049393,0.68551749,4.74230862,1.32122946,-0.04645111,1.04645111,13.56812127,nan,nan,0.00000000,0,nan,0.00000000
3400,0.41926977,0.41926977,0,0.00000000,0.00000000,0.00000000,0.00000000,nan,0.00000000,0,6599,0,0.33765316,0.05792759,0.63607740,0.67333382,0.00271706,4.61010408,1.98427796,-0.03172753,1.03172753,9.45340061,nan,nan,0.00000000,0,nan,0.00000000
3500,0.33075488,0.33075488,0,0.00000000,0.00000000,0.00000000,0.00000000,nan,0.00000000,0,6499,0,0.46252742,0.05002344,0.90019131,0.95175463,0.02361645,5.05013609,1.24459434,0.05353117,0.94646883,10.57024860,nan,nan,0.00000000,0,nan,0.00000000
3600,0.09876552,0.09876552,0,0.00000000,0.00000000,0.00000000,0.00000000,nan,0.00000000,0,6399,0,0.40773484,0.03757147,0.38301715,0.40524772,0.00509770,4.63808966,0.43352544,0.00590460,0.99409540,5.97754637,nan,nan,0.00000000,0,nan,0.00000000
3700,0.25475430,0.25475430,0,0.00000000,0.00000000,0.00000000,0.00000000,nan,0.00000000,0,6299,0,0.28149834,0.03008998,0.63246864,0.65802407,0.19802642,2.86372209,0.39367422,0.00527527,0.99472473,2.50142598,nan,nan,0.00000000,0,nan,0.00000000
3800,1.22503030,1.22503030,0,0.00000000,0.00000000,0.00000000,0.00000000,nan,0.00000000,0,6199,0,0.20527965,0.05161301,0.28651214,0.23195279,1.21402144,2.90244150,1.52879274,0.00681273,0.99318727,16.97567234,nan,nan,0.00000000,0,nan,0.00000000
3900,0.28005779,0.28005779,0,0.00000000,0.00000000,0.00000000,0.00000000,nan,0.00000000,0,6099,0,0.22536066,0.02640607,0.74822557,0.79223824,0.00001062,2.94725513,0.46375430,0.09131301,0.90868699,3.95528197,nan,nan,0.00000000,0,nan,0.00000000
4000,0.51900440,0.51900440,0,0.00000000,0.00000000,0.00000000,0.00000000,nan,0.00000000,0,5999,0,0.40314960,0.01421846,0.67305237,0.68709296,0.43436244,7.22677279,0.30815810,0.01379978,0.98620022,nan,nan,nan,0.00000000,0,nan,0.00000000
4100,0.22276528,0.22276528,0,0.00000000,0.00000000,0.00000000,0.00000000,nan,0.00000000,0,5899,0,0.32884863,0.02045746,1.40220451,1.47219300,0.21239962,4.73904848,0.80168790,-0.08704961,1.08704961,6.91571522,nan,nan,0.00000000,0,nan,0.00000000
4200,0.41511568,0.41511568,0,0.00000000,0.00000000,0.00000000,0.00000000,nan,0.00000000,0,5799,0,0.30347922,0.01814903,1.47437859,1.56045198,0.01113143,3.70280886,0.40828297,0.09008384,0.90991616,7.76990223,nan,nan,0.00000000,0,nan,0.00000000
4300,1.26785743,1.26785743,0,0.00000000,0.00000000,0.00000000,0.00000000,nan,0.00000000,0,5699,0,0.29509145,0.04897676,2.67380404,2.78987789,0.70054239,3.22510433,0.96904576,-0.03703087,1.03703087,17.05982304,nan,nan,0.00000000,0,nan,0.00000000
4400,0.26643106,0.26643106,0,0.00000000,0.00000000,0.00000000,0.00000000,nan,0.00000000,0,5599,0,0.22209407,0.02035897,0.57196593,0.60470945,0.01532686,2.48089457,0.39345497,0.01823715,0.98176285,3.03398368,nan,nan,0.00000000,0,nan,0.00000000
4500,0.31288683,0.31288683,0,0.00000000,0.00000000,0.00000000,0.00000000,nan,0.00000000,0,5499,0,0.17770724,0.02774391,0.55366546,0.57519126,0.18772715,2.25371265,0.87357563,-0.02990187,1.02990187,2.90156432,nan,nan,0.00000000,0,nan,0.00000000
4600,0.45369911,0.45369911,0,0.00000000,0.00000000,0.00000000,0.00000000,nan,0.00000000,0,5399,0,0.23188721,0.03289783,3.02218199,3.19250131,0.12675557,3.44582152,0.78951544,0.02426824,0.97573176,6.26083787,nan,nan,0.00000000,0,nan,0.00000000
4700,0.27232549,0.27232549,0,0.00000000,0.00000000,0.00000000,0.00000000,nan,0.00000000,0,5299,0,0.18983857,0.02638835,0.45049796,0.47400346,0.05090459,2.43034649,0.52743924,0.03242771,0.96757229,3.78363951,nan,nan,0.00000000,0,nan,0.00000000
4800,0.29641497,0.29641497,0,0.00000000,0.00000000,0.00000000,0.00000000,nan,0.00000000,0,5199,0,0.27915430,0.07071894,0.38843095,0.41020641,0.01824787,3.08926368,1.34686518,-0.01323690,1.01323690,8.11979834,nan,nan,0.00000000,0,nan,0.00000000
4900,0.34478080,0.34478080,0,0.00000000,0.00000000,0.00000000,0.00000000,nan,0.00000000,0,5099,0,0.24566998,0.04684622,0.35447657,0.37213391,0.05430179,2.82354832,1.40674162,0.00621308,0.99378692,5.34936178,nan,nan,0.00000000,0,nan,0.00000000
5000,0.70023054,0.70023054,0,0.00000000,0.00000000,0.00000000,0.00000000,nan,0.00000000,0,4999,0,0.43549231,0.01558810,1.52342713,1.58845377,0.41797417,7.47783899,0.36652210,0.03801849,0.96198151,14.46281643,nan,nan,0.00000000,0,nan,0.00000000
5100,0.15521187,0.15521187,0,0.00000000,0.00000000,0.00000000,0.00000000,nan,0.00000000,0,4899,0,0.39665270,0.02672109,0.24336910,0.25399825,0.06267360,4.86630440,0.69119185,-0.07033500,1.07033500,7.67756748,nan,nan,0.00000000,0,nan,0.00000000
5200,0.22140357,0.22140357,0,0.00000000,0.00000000,0.00000000,0.00000000,nan,0.00000000,0,4799,0,0.34625867,0.02342949,0.78984499,0.83452892,0.03021833,4.56692219,0.93278241,0.10015219,0.89984781,8.05671406,nan,nan,0.00000000,0,nan,0.00000000
5300,0.37104928,0.37104928,0,0.00000000,0.00000000,0.00000000,0.00000000,nan,0.00000000,0,4699,0,0.40686440,0.02048165,3.26866913,3.45293784,0.13609427,4.65047884,0.46489990,-0.17351995,1.17351995,9.28103113,nan,nan,0.00000000,0,nan,0.00000000
5400,0.73878026,0.73878026,0,0.00000000,0.00000000,0.00000000,0.00000000,nan,0.00000000,0,4599,0,0.35334942,0.03701374,1.07835829,1.11785460,0.40692136,3.30444217,0.82278413,-0.00785268,1.00785268,11.77942982,nan,nan,0.00000000,0,nan,0.00000000
5500,0.32673168,0.32673168,0,0.00000000,0.00000000,0.00000000,0.00000000,nan,0.00000000,0,4499,0,0.38769892,0.02131334,0.68126136,0.72113854,0.00334906,3.53946209,0.48774073,0.03729103,0.96270897,6.37222370,nan,nan,0.00000000,0,nan,0.00000000
5600,0.15064925,0.15064925,0,0.00000000,0.00000000,0.00000000,0.00000000,nan,0.00000000,0,4399,0,0.24856888,0.03114767,0.21491645,0.22299416,0.07759546,2.29411912,0.68019021,-0.06473214,1.06473214,2.47012870,nan,nan,0.00000000,0,nan,0.00000000
5700,0.15530455,0.15530455,0,0.00000000,0.00000000,0.00000000,0.00000000,nan,0.00000000,0,4299,0,0.25609803,0.01846400,0.35200948,0.36922798,0.05929556,2.99658656,0.44449747,-0.05450208,1.05450208,3.37732736,nan,nan,0.00000000,0,nan,0.00000000
5800,0.28720489,0.28720489,0,0.00000000,0.00000000,0.00000000,0.00000000,nan,0.00000000,0,4199,0,0.22572443,0.02656826,0.47893175,0.50048018,0.11260833,2.49817109,0.64318120,0.02076424,0.97923576,3.92258376,nan,nan,0.00000000,0,nan,0.00000000
5900,0.59154606,0.59154606,0,0.00000000,0.00000000,0.00000000,0.00000000,nan,0.00000000,0,4099,0,0.18942156,0.02652386,0.34302080,0.36253855,0.01121935,1.88957465,0.69594669,-0.00906314,1.00906314,4.08551091,nan,nan,0.00000000,0,nan,0.00000000
6000,1.06312668,1.06312668,0,0.00000000,0.00000000,0.00000000,0.00000000,nan,0.00000000,0,3999,0,0.38262185,0.03173220,1.22225845,1.21281481,1.38280189,6.67431498,0.95916295,0.06763466,0.93236534,18.05105782,nan,nan,0.00000000,0,nan,0.00000000
6100,0.17906336,0.17906336,0,0.00000000,0.00000000,0.00000000,0.00000000,nan,0.00000000,0,3899,0,0.33048207,0.01694664,0.66953182,0.70885515,0.00103484,4.57493353,0.47005135,-0.08389791,1.08389791,5.66185915,nan,nan,0.00000000,0,nan,0.00000000
6200,0.36549380,0.36549380,0,0.00000000,0.00000000,0.00000000,0.00000000,nan,0.00000000,0,3799,0,0.32680333,0.01505850,0.98833603,1.04547918,0.01690318,4.26182365,0.48383105,-0.09586782,1.09586782,7.48690112,nan,nan,0.00000000,0,nan,0.00000000
6300,0.13643831,0.13643831,0,0.00000000,0.00000000,0.00000000,0.00000000,nan,0.00000000,0,3699,0,0.23989850,0.01721227,0.42100641,0.44505611,0.01216138,3.06972599,0.67534572,0.00477222,0.99522778,1.31123102,nan,nan,0.00000000,0,nan,0.00000000
6400,0.77817839,0.77817839,0,0.00000000,0.00000000,0.00000000,0.00000000,nan,0.00000000,0,3599,0,0.20738998,0.03885025,1.48875475,1.57254994,0.06423543,3.07483482,1.74685860,-0.02788763,1.02788763,14.47695427,nan,nan,0.00000000,0,nan,0.00000000
6500,0.52160794,0.52160794,0,0.00000000,0.00000000,0.00000000,0.00000000,nan,0.00000000,0,3499,0,0.25206232,0.01698653,0.47913185,0.50461328,0.04594811,2.39832568,0.29461125,-0.03507653,1.03507653,6.98280978,nan,nan,0.00000000,0,nan,0.00000000
6600,0.60474312,0.60474312,0,0.00000000,0.00000000,0.00000000,0.00000000,nan,0.00000000,0,3399,0,0.18950011,0.02872260,0.83551711,0.88032830,0.07372655,1.58845091,0.62894523,-0.09825890,1.09825890,4.50199038,nan,nan,0.00000000,0,nan,0.00000000
6700,0.18238670,0.18238670,0,0.00000000,0.00000000,0.00000000,0.00000000,nan,0.00000000,0,3299,0,0.21056321,0.01816404,0.15413292,0.16272338,0.00809526,2.31012058,0.54047644,0.02811798,0.97188202,1.00874652,nan,nan,0.00000000,0,nan,0.00000000
6800,1.15116835,1.15116835,0,0.00000000,0.00000000,0.00000000,0.00000000,nan,0.00000000,0,3199,0,0.19817571,0.02899969,4.41748190,4.67224121,0.08656880,2.28033972,0.73859197,0.05346719,0.94653281,13.39719057,nan,nan,0.00000000,0,nan,0.00000000
6900,0.09209636,0.09209636,0,0.00000000,0.00000000,0.00000000,0.00000000,nan,0.00000000,0,3099,0,0.23569624,0.01864752,0.16532268,0.17320880,0.03125851,3.18431568,0.39794016,0.01291903,0.98708097,3.62080844,nan,nan,0.00000000,0,nan,0.00000000
7000,0.22978380,0.22978380,0,0.00000000,0.00000000,0.00000000,0.00000000,nan,0.00000000,0,2999,0,0.40026927,0.01142362,0.59978712,0.61868769,0.27847767,7.72715521,0.33583143,-0.03426830,1.03426830,9.58317637,nan,nan,0.00000000,0,nan,0.00000000
7100,0.55004364,0.55004364,0,0.00000000,0.00000000,0.00000000,0.00000000,nan,0.00000000,0,2899,0,0.26919472,0.02055901,1.06317949,1.11239731,0.22647604,3.13692307,0.49129164,-0.12043776,1.12043776,7.05151212,nan,nan,0.00000000,0,nan,0.00000000
7200,0.09801558,0.09801558,0,0.00000000,0.00000000,0.00000000,0.00000000,nan,0.00000000,0,2799,0,0.30030382,0.01648383,0.31138125,0.32929736,0.00680736,3.25098038,0.34658116,0.04752365,0.95247635,3.25890096,nan,nan,0.00000000,0,nan,0.00000000
7300,0.49910510,0.49910510,0,0.00000000,0.00000000,0.00000000,0.00000000,nan,0.00000000,0,2699,0,0.24684232,0.03077765,0.45123667,0.45799494,0.33634618,2.22881794,0.71056461,0.04862381,0.95137619,6.29646540,nan,nan,0.00000000,0,nan,0.00000000
7400,0.35041142,0.35041142,0,0.00000000,0.00000000,0.00000000,0.00000000,nan,0.00000000,0,2599,0,0.25574970,0.01431634,0.97338033,1.02805436,0.04391933,2.01015353,0.28335449,0.07182660,0.92817340,2.05075771,nan,nan,0.00000000,0,nan,0.00000000
7500,0.86933601,0.86933601,0,0.00000000,0.00000000,0.00000000,0.00000000,nan,0.00000000,0,2499,0,0.24874417,0.01435672,1.34223986,1.36435246,0.96632409,2.59181261,0.31814668,-0.10374197,1.10374197,9.09826851,nan,nan,0.00000000,0,nan,0.00000000
7600,0.28067440,0.28067440,0,0.00000000,0.00000000,0.00000000,0.00000000,nan,0.00000000,0,2399,0,0.20371464,0.02042965,0.26757330,0.25681439,0.45047477,2.05762649,0.55344379,-0.01294705,1.01294705,6.18830013,nan,nan,0.00000000,0,nan,0.00000000
7700,0.17757760,0.17757760,0,0.00000000,0.00000000,0.00000000,0.00000000,nan,0.00000000,0,2299,0,0.25793967,0.01635815,0.11946195,0.12018782,0.10712214,2.49354219,0.26472774,0.02318239,0.97681761,2.60307972,nan,nan,0.00000000,0,nan,0.00000000
7800,0.18213500,0.18213500,0,0.00000000,0.00000000,0.00000000,0.00000000,nan,0.00000000,0,2199,0,0.26248527,0.01138561,0.51988608,0.55040008,0.00114844,3.13552547,0.24852599,-0.03266524,1.03266524,4.08742771,nan,nan,0.00000000,0,nan,0.00000000
7900,0.46902549,0.46902549,0,0.00000000,0.00000000,0.00000000,0.00000000,nan,0.00000000,0,2099,0,0.16802984,0.01717044,0.35428867,0.34901699,0.44390637,1.63025999,0.43592289,0.03747985,0.96252015,2.60226540,nan,nan,0.00000000,0,nan,0.00000000
8000,0.47056749,0.47056749,0,0.00000000,0.00000000,0.00000000,0.00000000,nan,0.00000000,0,1999,0,0.21484047,0.01561533,1.52451003,1.61418653,0.00000983,2.30679369,0.26171032,0.05692232,0.94307768,6.33369064,nan,nan,0.00000000,0,nan,0.00000000
8100,0.32455260,0.32455260,0,0.00000000,0.00000000,0.00000000,0.00000000,nan,0.00000000,0,1899,0,0.19921786,0.02476274,0.40303060,0.42190608,0.08214793,1.94719076,0.46842420,-0.01522865,1.01522865,3.65655512,nan,nan,0.00000000,0,nan,0.00000000
8200,0.05252895,0.05252895,0,0.00000000,0.00000000,0.00000000,0.00000000,nan,0.00000000,0,1799,0,0.19587907,0.00930708,0.10206273,0.10796127,0.00178749,2.27706265,0.18445410,0.00719848,0.99280152,-0.82978009,nan,nan,0.00000000,0,nan,0.00000000
8300,0.23796375,0.23796375,0,0.00000000,0.00000000,0.00000000,0.00000000,nan,0.00000000,0,1699,0,0.12894815,0.01339422,0.20332390,0.20720112,0.13741073,1.41416085,0.39718211,-0.00724003,1.00724003,-2.05935160,nan,nan,0.00000000,0,nan,0.00000000
8400,0.16800176,0.16800176,0,0.00000000,0.00000000,0.00000000,0.00000000,nan,0.00000000,0,1599,0,0.13194813,0.01278297,0.28270328,0.29926884,0.00108939,1.64833701,0.30471599,-0.04176882,1.04176882,-2.02228047,nan,nan,0.00000000,0,nan,0.00000000
8500,0.29610878,0.29610878,0,0.00000000,0.00000000,0.00000000,0.00000000,nan,0.00000000,0,1499,0,0.11373540,0.00772852,0.38884914,0.40779874,0.06670602,1.49904585,0.12772474,-0.03641017,1.03641017,-2.28976348,nan,nan,0.00000000,0,nan,0.00000000
8600,1.13607645,1.13607645,0,0.00000000,0.00000000,0.00000000,0.00000000,nan,0.00000000,0,1399,0,0.17109716,0.02448660,2.59273529,2.71825957,0.45882359,2.85670280,0.82645690,0.13035866,0.86964134,11.90806421,nan,nan,0.00000000,0,nan,0.00000000
8700,0.11617187,0.11617187,0,0.00000000,0.00000000,0.00000000,0.00000000,nan,0.00000000,0,1299,0,0.24009840,0.00802794,0.26300123,0.27816251,0.00525949,3.98709369,0.18818468,0.12437024,0.87562976,4.24685705,nan,nan,0.00000000,0,nan,0.00000000
8800,0.64118159,0.64118159,0,0.00000000,0.00000000,0.00000000,0.00000000,nan,0.00000000,0,1199,0,0.20708030,0.02917980,0.97163171,1.02629948,0.04227848,2.94755387,0.77946407,-0.07208506,1.07208506,8.17883384,nan,nan,0.00000000,0,nan,0.00000000
8900,0.17778674,0.17778674,0,0.00000000,0.00000000,0.00000000,0.00000000,nan,0.00000000,0,1099,0,0.20810288,0.01726259,0.24127109,0.24908870,0.10837142,2.32301712,0.33125746,0.03105490,0.96894510,2.08836508,nan,nan,0.00000000,0,nan,0.00000000
9000,0.55296314,0.55296314,0,0.00000000,0.00000000,0.00000000,0.00000000,nan,0.00000000,0,999,0,0.25159514,0.01061033,1.00835395,1.04044151,0.46286738,3.00010562,0.25081423,-0.06898848,1.06898848,nan,nan,nan,0.00000000,0,nan,0.00000000
9100,0.16206825,0.16206825,0,0.00000000,0.00000000,0.00000000,0.00000000,nan,0.00000000,0,899,0,0.15199628,0.01749636,0.34857437,0.36907876,0.00000009,1.65875626,0.45640087,-0.02597314,1.02597314,-0.52292693,nan,nan,0.00000000,0,nan,0.00000000
9200,0.89526558,0.89526558,0,0.00000000,0.00000000,0.00000000,0.00000000,nan,0.00000000,0,799,0,0.15104765,0.02657007,1.70154059,1.80147147,0.00271445,1.92157340,0.99547511,-0.11187965,1.11187965,9.73066354,nan,nan,0.00000000,0,nan,0.00000000
9300,0.21861863,0.21861863,0,0.00000000,0.00000000,0.00000000,0.00000000,nan,0.00000000,0,699,0,0.14869189,0.02091594,0.15457806,0.16301616,0.01113056,1.45407653,0.48529121,-0.03610078,1.03610078,-0.93592358,nan,nan,0.00000000,0,nan,0.00000000
9400,0.45656788,0.45656788,0,0.00000000,0.00000000,0.00000000,0.00000000,nan,0.00000000,0,599,0,0.15997037,0.02619398,0.40120345,0.42402598,0.01322020,1.80353141,0.61379993,-0.03298458,1.03298458,4.04519614,nan,nan,0.00000000,0,nan,0.00000000
9500,0.36377734,0.36377734,0,0.00000000,0.00000000,0.00000000,0.00000000,nan,0.00000000,0,499,0,0.16686685,0.01679714,0.43491641,0.45863718,0.03166331,2.44410849,0.53722107,-0.00376458,1.00376458,2.20806530,nan,nan,0.00000000,0,nan,0.00000000
9600,0.13108018,0.13108018,0,0.00000000,0.00000000,0.00000000,0.00000000,nan,0.00000000,0,399,0,0.15337707,0.02297100,0.13842641,0.14582059,0.01272543,2.31704283,0.75328565,-0.01054972,1.01054972,0.73496602,nan,nan,0.00000000,0,nan,0.00000000
9700,0.15099657,0.15099657,0,0.00000000,0.00000000,0.00000000,0.00000000,nan,0.00000000,0,299,0,0.19000404,0.02069431,0.14251556,0.14986430,0.01758700,3.05660200,0.89187062,0.03070446,0.96929554,-1.41663814,nan,nan,0.00000000,0,nan,0.00000000
9800,0.62643999,0.62643999,0,0.00000000,0.00000000,0.00000000,0.00000000,nan,0.00000000,0,199,0,0.10150062,0.01891611,0.22287491,0.23481898,0.01982588,1.33593607,0.46175876,-0.01529974,1.01529974,2.95732282,nan,nan,0.00000000,0,nan,0.00000000
9900,1.24021792,1.24021792,0,0.00000000,0.00000000,0.00000000,0.00000000,nan,0.00000000,0,99,0,0.13855170,0.02087840,0.21115081,0.22333561,0.00400925,1.68389928,0.37826294,0.04267959,0.95732041,9.77158038,nan,nan,0.00000000,0,nan,0.00000000
10000,0.33053431,0.33053431,0,0.00000000,0.00000000,0.00000000,0.00000000,nan,0.00000000,0,0,0,0.22878650,0.01246453,1.02593923,1.08619022,0.00167273,3.90682983,0.36498457,-0.08563526,1.08563526,4.11977712,nan,nan,0.00000000,0,13.71213915,0.00000000
10100,0.37860283,0.37860283,1,0.27000000,3.70370357,1.00000000,0.37860283,nan,0.00000000,0,0,0,0.20664093,0.01620134,0.48409367,0.49799487,0.24777347,2.88957715,0.40333489,-0.03544181,1.03544181,3.86556292,nan,nan,1.00000000,0,17.14891256,0.00000000
10200,1.23964202,1.23964202,2,0.70500000,2.83687939,0.99999862,1.23963520,nan,0.00000000,0,0,0,0.17492417,0.02625424,0.58144963,0.60179383,0.23559715,2.30866957,0.53738594,0.08138802,0.91861198,9.54617564,nan,nan,2.00000000,0,19.93082104,0.00000000
10300,0.29499626,0.29499626,3,0.96000000,3.12499997,0.99999999,0.29499624,nan,0.00000000,0,0,0,0.20756167,0.02687419,0.64609718,0.67295444,0.18952371,3.31083941,0.43468347,0.00209891,0.99790109,4.17266703,nan,nan,3.50000000,0,12.81376560,0.00000000
10400,1.10028553,1.10028553,4,1.33750000,2.99065418,0.99999987,1.10028496,nan,0.00000000,0,0,0,0.15027803,0.01765649,2.42758012,2.56825757,0.03606355,1.60477674,0.18871410,0.03627149,0.96372851,7.95561123,nan,nan,4.00000000,0,16.23498785,0.00000000
10500,0.10070825,0.10070825,9,1.98600000,4.53172203,1.00000000,0.10070825,nan,0.00000000,0,0,0,0.12573479,0.01138077,0.11597066,0.12272030,0.00122724,1.76206350,0.24463572,-0.03583618,1.03583618,-3.33445287,nan,nan,9.00000000,0,6.97818931,0.00000000
10600,0.09280009,0.09280009,12,2.54000000,4.72440943,1.00000000,0.09280009,nan,0.00000000,0,0,0,0.16218770,0.00775071,0.09944167,0.10490694,0.00653202,2.48495746,0.16386774,-0.01068569,1.01068569,-1.39397323,nan,nan,12.00000000,0,3.82865607,0.00000000
10700,2.13798213,2.13798213,1,2.81428571,0.35532995,0.00000000,0.00000000,nan,0.00000000,0,0,0,0.21176085,0.05884657,0.72130156,0.76241136,0.02243523,2.17847109,1.36657190,0.00916073,0.99083927,43.11498642,nan,nan,1.00000000,0,59.70913838,0.00000000
10800,2.36011028,2.36011028,0,2.80875000,0.00000000,0.00000000,0.00000000,nan,0.00000000,0,0,0,0.29457304,0.03880472,3.70386457,3.90124655,0.34837103,2.64292789,0.80812579,0.00141193,0.99858807,28.63575697,nan,nan,0.50000000,0,37.24048007,0.00000000
10900,0.40893570,0.40893570,1,2.84555556,0.35142522,0.00000000,0.00000000,nan,0.00000000,0,0,0,0.27043459,0.01997756,0.47318405,0.49992058,0.01866364,2.22489572,0.39095223,0.08407636,0.91592364,4.74625840,nan,nan,1.00000000,0,27.52824816,0.00000000
11000,0.72676492,0.72676492,8,2.91500000,2.74442538,0.99999483,0.72674988,nan,0.00000000,0,0,0,0.41217825,0.01519280,2.20446348,2.31215072,0.37378344,3.53893852,0.27010882,-0.09872504,1.09872504,11.90107346,nan,nan,8.50000000,0,9.35095425,0.00000000
11100,0.11486704,0.11486704,16,3.46909091,4.61215932,1.00000000,0.11486704,nan,0.00000000,0,0,0,0.26822054,0.00932806,0.40064231,0.42398280,0.00385439,2.51329327,0.22926447,0.11715988,0.88284012,2.19403639,nan,nan,16.50000000,0,3.55574259,0.00000000
11200,0.20302036,0.20302036,15,4.15833333,3.60721442,1.00000000,0.20302036,nan,0.00000000,0,0,0,0.21956219,0.01758488,0.86162126,0.91224492,0.00101993,2.21624112,0.53062063,-0.00253943,1.00253943,1.96962219,nan,nan,15.50000000,0,5.60556604,0.00000000
11300,0.16371498,0.16371498,4,4.77846154,0.83708950,0.00000000,0.00000000,nan,0.00000000,0,0,0,0.18052241,0.01120222,0.34618467,0.36392772,0.04455268,1.59491241,0.19880149,0.09163929,0.90836071,-0.50673568,nan,nan,4.00000000,0,10.98119202,0.00000000
11400,0.23943466,0.23943466,28,5.40071429,5.18449940,1.00000000,0.23943466,nan,0.00000000,0,0,0,0.15733306,0.00701305,0.31782272,0.33460164,0.03258170,1.69432282,0.07371381,0.02567647,0.97432353,-1.13835396,nan,nan,28.00000000,0,0.98629609,0.00000000
11500,0.19977969,0.19977969,24,6.06866667,3.95474019,1.00000000,0.19977969,nan,0.00000000,0,0,0,0.14337736,0.01580579,0.51760405,0.54700500,0.01778840,1.98947310,0.38060194,-0.01883019,1.01883019,-1.13892312,nan,nan,24.00000000,0,2.01656762,0.00000000
11600,0.27944687,0.27944687,14,6.58187500,2.12705346,0.99378630,0.27256574,nan,0.00000000,0,0,0,0.11373109,0.01244731,0.25072959,0.26516303,0.00536109,1.21364355,0.23251931,0.03893133,0.96106867,-3.41575342,nan,nan,14.50000000,0,3.69109081,0.00000000
11700,0.37827399,0.37827399,28,7.08176471,3.95381676,1.00000000,0.37827399,nan,0.00000000,0,0,0,0.12333991,0.00874794,0.08965684,0.09472539,0.00349144,1.76365077,0.28093112,0.03167108,0.96832892,-0.33053017,nan,nan,28.50000000,0,1.48211061,0.00000000
11800,0.21829274,0.21829274,7,7.66111111,0.91370558,0.00000000,0.00000000,nan,0.00000000,0,0,0,0.09999132,0.01021919,0.41740954,0.44191152,0.00087588,1.66396582,0.38135973,0.01753818,0.98246182,-3.43854976,nan,nan,7.50000000,0,3.88469286,0.00000000
11900,0.44500288,0.44500288,18,8.32842105,2.16127401,0.99545728,0.43697172,nan,0.00000000,0,0,0,0.07362250,0.00967308,0.13782336,0.14559577,0.00569218,1.04764402,0.20610209,0.02137443,0.97862557,-4.15380418,nan,nan,18.00000000,0,3.74139203,0.00000000
12000,0.59368581,0.59368581,14,9.08600000,1.54083205,0.68963219,0.13428478,nan,0.00000000,0,0,0,0.10033924,0.01849262,0.54422235,0.57614374,0.00155960,1.42078698,0.33249110,-0.00475128,1.00475128,3.63172638,nan,nan,14.50000000,0,4.78153994,0.00000000
12100,0.32285997,0.32285997,23,9.74095238,2.36116543,0.99939549,0.32207999,nan,0.00000000,0,0,0,0.09345852,0.02441014,0.26181057,0.27720857,0.00004476,1.03194261,0.34737280,0.04263048,0.95736952,-1.47216022,nan,nan,23.00000000,0,2.99188853,0.00000000
12200,2.08545303,2.08545303,20,10.37590909,1.92754194,0.96797813,1.83089145,nan,0.00000000,0,0,0,0.11096888,0.01886743,1.32604575,1.39930367,0.08065980,1.75054514,0.65186346,0.03356805,0.96643195,17.01660109,nan,nan,20.50000000,0,5.59532127,0.00000000
12300,0.12028723,0.12028723,31,10.93391304,2.83521552,0.99999859,0.12028655,nan,0.00000000,0,0,0,0.15552351,0.00881259,0.20485559,0.21672857,0.00301510,2.09667873,0.24218877,-0.04695010,1.04695010,-1.34339724,nan,nan,31.50000000,0,1.33111248,0.00000000
12400,0.40848792,0.40848792,5,11.00333333,0.45440775,0.00000000,0.00000000,nan,0.00000000,0,0,0,0.26418784,0.02422263,0.96998596,1.02242541,0.07851642,3.84598374,0.31814492,0.05738689,0.94261311,7.45029664,nan,nan,5.00000000,0,10.65632456,0.00000000
12500,0.26067114,0.26067114,1,10.88240000,0.09189149,0.00000000,0.00000000,nan,0.00000000,0,0,0,0.22218949,0.03148483,0.72094059,0.76332110,0.00047199,2.03288245,0.63145709,-0.03557809,1.03557809,3.27499824,nan,nan,1.00000000,0,32.02441154,0.00000000
12600,0.08650737,0.08650737,8,10.85884615,0.73672653,0.00000000,0.00000000,nan,0.00000000,0,0,0,0.25157991,0.01599553,0.32572836,0.34372219,0.01983335,2.58145380,0.34537727,-0.00672060,1.00672060,1.45333600,nan,nan,8.50000000,0,10.85048511,0.00000000
12700,0.24731228,0.24731228,20,10.87222222,1.83955033,0.94035703,0.19338233,nan,0.00000000,0,0,0,0.25248882,0.01888450,0.61638123,0.65260309,0.00060895,2.09684849,0.33887488,0.14824657,0.85175343,nan,nan,nan,20.00000000,1,6.89476158,0.25000000
12800,0.17277779,0.17277779,5,10.86142857,0.46034460,0.00000000,0.00000000,nan,0.00000000,0,0,0,0.20392758,0.01997971,0.28324059,0.29989728,0.00007690,1.63127291,0.62686700,-0.06454979,1.06454979,0.36325794,nan,nan,5.50000000,0,21.43911460,0.00000000
12900,0.37614429,0.37614429,18,10.86344828,1.65693245,0.82204792,0.17176830,nan,0.00000000,0,0,0,0.15572353,0.01191149,0.18633080,0.19184315,0.09262050,1.07470095,0.16380249,-0.04636159,1.04636159,-1.32942696,nan,nan,18.50000000,0,5.49515651,0.00000000
13000,0.35831478,0.35831478,23,10.88600000,2.11280544,0.99294024,0.34830296,nan,0.00000000,0,0,0,0.34753147,0.01408684,3.28648186,3.47977328,0.00052502,4.68958855,0.30189821,0.20612516,0.79387484,8.56940699,nan,nan,23.00000000,0,2.33536170,0.00000000
13100,0.32749906,0.32749906,6,11.25516129,0.53308876,0.00000000,0.00000000,nan,0.00000000,0,0,0,0.32002208,0.03246599,0.21181019,0.21564068,0.14669184,2.55789828,0.61751419,0.05062748,0.94937252,5.40469235,nan,nan,6.00000000,0,25.08035185,0.00000000
13200,0.47929627,0.47929627,14,11.47031250,1.22054216,0.17679941,0.00046830,nan,0.00000000,0,0,0,0.20239554,0.03802069,0.58703858,0.61804914,0.05985855,2.06043410,0.64631617,0.01864849,0.98135151,4.20218722,nan,nan,14.00000000,0,8.48141194,0.00000000
13300,0.23352592,0.23352592,8,11.48030303,0.69684572,0.00000000,0.00000000,nan,0.00000000,0,0,0,0.21949629,0.01900119,0.07497669,0.07519716,0.07122877,1.99839234,0.18182516,0.01747002,0.98252998,2.73405790,nan,nan,8.50000000,0,8.95099257,0.00000000
13400,0.20051202,0.20051202,7,11.58735294,0.60410691,0.00000000,0.00000000,nan,0.00000000,0,0,0,0.17312415,0.02847115,0.30560133,0.32349950,0.00133191,1.51766419,0.45690283,-0.05211585,1.05211585,0.33619922,nan,nan,7.00000000,0,9.31282292,0.00000000
13500,0.10949043,0.10949043,17,11.71600000,1.45100717,0.55675378,0.01052032,nan,0.00000000,0,0,0,0.24046962,0.01723015,0.23697883,0.25084272,0.00129315,2.34066272,0.42014700,0.04757255,0.95242745,1.48206063,nan,nan,17.00000000,0,6.52484086,0.00000000
13600,0.94415516,0.94415516,16,11.88416667,1.34632915,0.38107769,0.01991120,nan,0.00000000,0,0,0,0.23544441,0.01592746,0.67548966,0.71504223,0.00309668,2.16995764,0.42782342,0.01444215,0.98555785,8.86123514,nan,nan,16.50000000,0,5.86395946,0.00000000
13700,0.24441688,0.24441688,38,12.08972973,3.14316373,0.99999999,0.24441687,nan,0.00000000,0,0,0,0.16150095,0.02568465,0.09186792,0.09388989,0.05749437,1.14166808,0.30774280,0.01826871,0.98173129,1.53638834,1.93820881,1.93820881,38.00000000,2,11.86265215,0.50000000
13800,0.08477645,0.08477645,10,12.21763158,0.81848924,0.00000000,0.00000000,nan,0.00000000,0,0,0,0.19694680,0.01686837,0.13026048,0.13628732,0.02780446,1.89396501,0.45759535,-0.00655715,1.00655715,-0.77972364,nan,nan,10.00000000,0,6.25483971,0.00000000
13900,1.97055078,1.97055078,25,12.39076923,2.01763099,0.98411359,1.84828334,nan,0.00000000,0,0,0,0.13484068,0.01473253,0.76214910,0.79397166,0.22116525,1.16158724,0.35455215,0.07292202,0.92707798,14.49569368,nan,nan,25.50000000,1,5.33519082,0.25000000
14000,0.71159238,0.71159238,52,12.57200000,4.13617563,1.00000000,0.71159238,nan,0.00000000,0,0,0,0.29520574,0.01401165,1.55260348,1.64371312,0.00374170,3.16757631,0.38770813,0.12445858,0.87554142,9.77631626,2.48380645,2.48380645,52.00000000,2,1.21345347,0.50000000
14100,0.12122186,0.12122186,34,13.06682927,2.60200843,0.99996519,0.12120499,nan,0.00000000,0,0,0,0.25185734,0.01302001,0.22707738,0.23887122,0.02658212,2.18147564,0.20170556,0.04546079,0.95453921,1.63810527,nan,nan,34.50000000,0,1.60854758,0.00000000
14200,0.11327187,0.11327187,45,13.64214286,3.29860202,1.00000000,0.11327187,nan,0.00000000,0,0,0,0.19949067,0.01068023,0.22549589,0.23728721,0.02504357,1.71187294,0.19268523,-0.02604087,1.02604087,-0.66825960,nan,nan,45.50000000,1,0.59423259,0.25000000
14300,0.08785947,0.08785947,46,14.11325581,3.25934714,1.00000000,0.08785947,nan,0.00000000,0,0,0,0.14427097,0.00658661,0.19921722,0.21065126,0.00483864,1.66269398,0.13527459,-0.13267009,1.13267009,-3.37379390,nan,nan,46.50000000,1,0.52395500,0.25000000
14400,0.92417133,0.92417133,27,14.35318182,1.88111600,0.95519617,0.76934791,nan,0.00000000,0,0,0,0.17798080,0.01300897,0.52653807,0.54673755,0.18314755,1.73278451,0.26980641,0.03628334,0.96371666,7.18518949,nan,nan,27.00000000,0,2.52732073,0.00000000
14500,1.10251939,1.10251939,17,14.55600000,1.16790327,0.10664035,0.00014258,nan,0.04622678,0,0,0,0.17922668,0.03534649,0.80963397,0.85562909,0.02771673,1.42149353,0.64581513,0.07930425,0.92069575,13.61820889,nan,nan,17.50000000,0,7.91901470,0.00000000
14600,0.24623720,0.24623720,21,14.69586957,1.42897294,0.52100789,0.01814391,nan,0.02203005,0,0,0,0.19816965,0.01094011,0.44605017,0.46890616,0.05749804,1.88015091,0.23268189,-0.06937930,1.06937930,1.56792637,nan,nan,21.50000000,0,2.24479093,0.00000000
14700,0.77515250,0.77515250,26,14.84127660,1.75187086,0.89577874,0.49910298,nan,0.00000000,0,0,0,0.21553326,0.01739902,0.42816910,0.45041925,0.04991628,1.87949753,0.32724273,0.03387938,0.96612062,5.77325726,nan,nan,26.00000000,1,1.92272143,0.25000000
14800,0.87230837,0.87230837,39,14.98354167,2.60285591,0.99996557,0.87218825,nan,0.00000000,0,0,0,0.17785594,0.01442256,0.44583967,0.46910146,0.05039002,1.82536995,0.24433239,-0.00898980,1.00898980,6.54448080,nan,nan,39.00000000,0,2.01333769,0.00000000
14900,0.38954544,0.38954544,38,15.18061224,2.50319285,0.99988123,0.38936041,nan,0.00000000,0,0,0,0.15350777,0.02010923,0.25408125,0.26494661,0.06937002,1.47751498,0.51590419,0.03050471,0.96949529,1.93930972,nan,nan,38.50000000,1,7.01278814,0.25000000
15000,0.20827861,0.20827861,48,15.36380000,3.12422708,0.99999999,0.20827860,nan,0.00000000,0,0,0,0.30047262,0.01321673,0.74233794,0.78413236,0.03183370,3.23619723,0.17925797,-0.04749956,1.04749956,4.69051570,0.73227730,0.73227730,48.50000000,2,0.67440369,0.50000000
15100,1.38676262,1.38676262,20,15.77490196,1.26783672,0.24944777,0.00536934,nan,0.00185143,0,0,0,0.12320474,0.01960729,1.81587350,1.92264652,0.00073277,1.10064423,0.44039798,-0.09208558,1.09208558,12.03376365,nan,nan,20.50000000,1,17.85608711,0.25000000
15200,0.17443781,0.17443781,46,16.01692308,2.87196235,0.99999918,0.17443724,nan,0.00000000,0,0,0,0.20430292,0.01106033,0.34874499,0.36770499,0.02642568,1.79971147,0.22029060,0.01604956,0.98395044,0.29553965,nan,nan,46.50000000,1,0.56758744,0.25000000
15300,0.32910198,0.32910198,17,16.34849057,1.03985135,0.00633239,0.00000000,nan,0.00000000,0,0,0,0.15939540,0.02508745,0.26037699,0.27555916,0.00228036,1.52302301,0.74168521,-0.04322053,1.04322053,3.61394620,nan,nan,17.00000000,0,2.50092409,0.00000000
15400,0.55701756,0.55701756,15,16.52296296,0.90782749,0.00000000,0.00000000,nan,0.00386126,0,0,0,0.21444151,0.01864577,0.60557133,0.63967085,0.02587874,1.97036409,0.39652365,-0.05265352,1.05265352,5.16803579,nan,nan,15.50000000,0,4.08684164,0.00000000
15500,0.22553307,0.22553307,8,16.79600000,0.47630388,0.00000000,0.00000000,nan,0.00000000,0,0,0,0.17077723,0.01276507,0.07822199,0.08281282,0.00017796,1.74010897,0.29679590,-0.04171827,1.04171827,0.25733085,nan,nan,8.00000000,0,9.42893186,0.00000000
15600,0.38797110,0.38797110,28,17.02000000,1.64512338,0.81075953,0.16763613,nan,0.00000000,0,0,0,0.14343551,0.01504175,0.21854781,0.23097463,0.00729183,1.39156628,0.15150434,0.01413541,0.98586459,0.40278178,nan,nan,28.50000000,1,4.86517465,0.25000000
15700,0.35181201,0.35181201,24,17.28385965,1.38857874,0.45336487,0.01486285,nan,0.00000000,0,0,0,0.16540360,0.02398005,0.64111769,0.67882514,0.00009135,1.87746835,0.56611782,-0.03022835,1.03022835,1.00147903,nan,nan,24.50000000,0,2.56988753,0.00000000
15800,0.10036182,0.10036182,37,17.53137931,2.11050137,0.99279409,0.09750015,nan,0.00000000,0,0,0,0.16687173,0.00859546,0.31460586,0.33249882,0.01042516,2.14295197,0.18776271,-0.06055518,1.06055518,-0.42006147,nan,nan,37.50000000,1,1.08203018,0.25000000
15900,0.18483369,0.18483369,40,17.73932203,2.25487760,0.99816162,0.18347826,nan,0.00000000,0,0,0,0.21276338,0.01340597,0.35404512,0.37361032,0.02143623,2.76890087,0.44202122,0.02594395,0.97405605,1.96365625,nan,nan,40.50000000,1,1.33890206,0.25000000
16000,0.84179294,0.84179294,52,18.04650000,2.88144515,0.99999929,0.84179055,nan,0.00000000,0,0,0,0.22635409,0.01463601,0.69163799,0.70361418,0.48804271,2.69719839,0.27567446,-0.02112055,1.02112055,8.23860916,nan,nan,52.00000000,1,0.62870910,0.25000000
16100,0.12517348,0.12517348,32,18.51672131,1.72816772,0.88007790,0.07509254,nan,0.06723179,0,0,0,0.21131067,0.01866494,0.23217133,0.24274924,0.05234641,2.11442780,0.27199364,0.02054778,0.97945222,0.65307753,nan,nan,32.00000000,0,2.48184964,0.00000000
16200,0.04953227,0.04953227,93,19.04677419,4.88271657,1.00000000,0.04953227,nan,0.03477800,0,0,0,0.26607546,0.00752535,0.06135510,0.06367515,0.02191416,3.52438593,0.22188449,-0.08096642,1.08096642,2.90007663,0.19985595,0.19985595,93.00000000,4,0.15208434,1.00000000
16300,0.66608995,0.66608995,68,19.58380952,3.47225599,1.00000000,0.66608995,nan,0.00000000,0,0,0,0.17173108,0.03061638,2.17692947,2.30494523,0.00066125,1.42575049,0.46188101,-0.04747257,1.04747257,6.82670434,1.61182172,1.61182172,68.00000000,3,0.79900257,0.75000000
16400,0.51939529,0.51939529,59,20.06015625,2.94115356,0.99999972,0.51939470,nan,0.00245994,0,0,0,0.17786445,0.01366284,0.69753987,0.73521852,0.05700211,1.71373606,0.37022012,0.08825689,0.91174311,3.15617284,1.78835856,1.78835856,59.50000000,2,0.81562337,0.50000000
16500,0.56864470,0.56864470,31,20.42600000,1.51767355,0.65765752,0.10637514,nan,0.04383571,0,0,0,0.16782719,0.01469537,0.79968917,0.84353071,0.05438349,1.68500543,0.42567945,-0.03614164,1.03614164,3.95945954,nan,nan,31.00000000,1,1.92428082,0.25000000
16600,0.16102378,0.16102378,28,20.94863636,1.33660251,0.36441218,0.00283963,nan,0.00000000,0,0,0,0.15713841,0.01673066,0.22288744,0.23579760,0.00341434,1.39725924,0.27364907,-0.09787004,1.09787004,-2.21937639,nan,nan,28.50000000,1,1.33545617,0.25000000
16700,0.38444859,0.38444859,38,21.34582090,1.78020795,0.91239330,0.26641987,nan,0.00000000,0,0,0,0.18995009,0.01091761,0.42150977,0.44561449,0.01172980,2.06838059,0.27737597,-0.06336861,1.06336861,3.49252927,nan,nan,38.00000000,0,1.11927618,0.00000000
16800,0.42599097,0.42599097,39,21.76926471,1.79151664,0.91840558,0.30306686,nan,0.00000000,0,0,0,0.20388693,0.01147818,1.45841765,1.54128873,0.04961175,2.43900275,0.24231474,0.17580673,0.82419327,4.04096262,0.71614281,0.71614281,39.00000000,2,2.87830130,0.50000000
16900,1.34658265,1.34658265,30,22.12652174,1.35583895,0.39739023,0.03358163,nan,0.03906269,0,0,0,0.16471192,0.02653879,1.89050043,1.99358237,0.13810918,1.51097548,0.53733915,-0.07918236,1.07918236,14.17300224,nan,nan,30.00000000,1,1.35162010,0.25000000
17000,0.38781184,0.38781184,114,22.35157143,5.10031254,1.00000000,0.38781184,nan,0.04964258,0,0,0,0.24714626,0.01395712,0.49386761,0.50666904,0.27624393,3.24718738,0.30247653,0.01891908,0.98108092,5.30871212,1.09187715,1.09187715,114.00000000,4,0.23573969,1.00000000
17100,0.08160792,0.08160792,49,22.69985915,2.15860370,0.99534331,0.08009842,nan,0.06478747,0,0,0,0.21551326,0.01419559,0.16151111,0.17047149,0.00918446,2.29325914,0.39865211,-0.07932304,1.07932304,0.09433275,nan,nan,49.50000000,1,0.51354829,0.25000000
17200,0.15576664,0.15576664,83,23.07777778,3.59653346,1.00000000,0.15576664,nan,0.01709232,0,0,0,0.19935116,0.01212807,0.29212978,0.30869228,0.01056729,2.39008236,0.37371603,0.06108222,0.93891778,0.98911846,0.51337927,0.51337927,83.00000000,3,0.30282263,0.75000000
17300,0.35509950,0.35509950,72,23.60191781,3.05059956,0.99999995,0.35509943,nan,0.00000000,0,0,0,0.17430215,0.01347654,0.59309691,0.62601799,0.03343918,1.79506326,0.35203040,0.01418898,0.98581102,2.94866037,0.50403104,0.50403104,72.00000000,2,0.42592409,0.50000000
17400,0.27199304,0.27199304,113,24.13189189,4.68260012,1.00000000,0.27199304,nan,0.00000000,0,0,0,0.12963040,0.01243755,0.36078393,0.38032034,0.02866495,1.55340731,0.23693636,-0.05288831,1.05288831,-1.13326328,0.23731908,0.23731908,113.50000000,3,0.20535885,0.75000000
17500,1.04329944,1.04329944,35,24.54093333,1.42618863,0.51642409,0.07420530,nan,0.00045939,0,0,0,0.15779911,0.01973044,1.20034409,1.27003860,0.01553602,1.85384607,0.31560311,-0.08984278,1.08984278,9.49640262,nan,nan,35.50000000,0,4.77593672,0.00000000
17600,0.15892819,0.15892819,27,24.81618421,1.08799966,0.03050093,0.00000014,nan,0.05006433,0,0,0,0.16025151,0.01866520,0.18190424,0.19187212,0.01245037,1.85174727,0.39330176,0.04624997,0.95375003,-2.06271648,nan,nan,27.50000000,1,2.67567894,0.25000000
17700,0.71574944,0.71574944,27,25.01207792,1.07947849,0.02495077,0.00000028,nan,0.04530886,0,0,0,0.17890781,0.01882018,1.77657187,1.88093674,0.00236754,1.46117842,0.49863732,0.06418088,0.93581912,7.64653606,nan,nan,27.00000000,0,4.45222128,0.00000000
17800,0.86713558,0.86713558,15,25.22320513,0.59469048,0.00000000,0.00000000,nan,0.04553990,0,0,0,0.22156443,0.02480509,0.76978201,0.80782878,0.12298749,1.86453414,0.69726944,0.01856687,0.98143313,9.92270041,nan,nan,15.00000000,0,8.13108963,0.00000000
17900,0.58204782,0.58204782,41,25.36518987,1.61638845,0.78123100,0.21680862,nan,0.00169913,0,0,0,0.12248188,0.01544446,0.34219369,0.36230448,0.00030997,1.16188073,0.42385647,-0.08502358,1.08502358,-0.08831406,nan,nan,41.00000000,1,1.37166859,0.25000000
18000,0.27978489,0.27978489,141,25.54200000,5.52031947,1.00000000,0.27978489,nan,0.00000000,0,0,0,0.23702921,0.01716451,0.35495564,0.36736810,0.14394405,2.89094710,0.33936140,-0.03246246,1.03246246,3.37445775,0.50470864,0.50470864,141.00000000,4,0.14573054,1.00000000
18100,0.21173815,0.21173815,92,25.86962963,3.55629366,1.00000000,0.21173815,nan,0.09876965,0,0,0,0.20318502,0.01227539,0.41835684,0.44261366,0.00599086,2.27054501,0.24773595,-0.10282149,1.10282149,1.65588204,0.66698374,0.66698374,92.00000000,3,0.26786914,0.75000000
18200,0.63590360,0.63590360,7,26.26609756,0.26650324,0.00000000,0.00000000,nan,0.01343382,0,0,0,0.15849639,0.01533021,0.69614989,0.73617667,0.01569543,1.40937448,0.35351184,0.05363398,0.94636602,5.66631641,nan,nan,7.00000000,1,6.73637267,0.25000000
18300,0.12472757,0.12472757,50,26.75253012,1.86898210,0.95122413,0.10211602,nan,0.00000000,0,0,0,0.12607107,0.00934097,0.19276600,0.20396543,0.00237563,1.52468276,0.28217000,0.00519661,0.99480339,-2.91665077,nan,nan,50.50000000,1,0.39263625,0.25000000
18400,0.15337384,0.15337384,71,27.22976190,2.60744109,0.99996754,0.15335392,nan,0.00000000,0,0,0,0.10191301,0.01264280,0.09150366,0.09643871,0.00760765,1.18872237,0.21258266,-0.00806662,1.00806662,-4.73304218,0.19253898,0.19253898,71.50000000,2,0.43471877,0.50000000
18500,0.12097490,0.12097490,80,27.61376471,2.89710588,0.99999944,0.12097463,nan,0.17086649,0,0,0,0.19247074,0.01153716,0.37314379,0.39507422,0.00032649,2.49804854,0.28497157,-0.04872150,1.04872150,1.02331686,0.46042213,0.46042213,80.50000000,2,0.31192538,0.50000000
18600,0.42169791,0.42169791,110,28.12290698,3.91140219,1.00000000,0.42169791,nan,0.02233481,0,0,0,0.14601962,0.00827514,1.24803329,1.32137609,0.00120512,1.60742426,0.12562448,0.08643089,0.91356911,1.04187463,0.92136989,0.92136989,110.50000000,4,0.16802915,1.00000000
18700,2.60522199,2.60522199,4,28.46471264,0.14052487,0.00000000,0.00000000,nan,0.00000000,0,0,0,0.22079392,0.05338636,2.02420163,2.10917234,0.57969981,2.49848557,1.45299029,0.02133901,0.97866099,38.82687225,nan,nan,4.00000000,0,31.74864528,0.00000000
18800,0.32277772,0.32277772,75,28.63068182,2.61956737,0.99997224,0.32274188,nan,0.00000000,0,0,0,0.18314242,0.01239929,0.77295864,0.81558800,0.04825910,2.21031284,0.23217911,0.02001361,0.97998639,1.58804591,1.30408939,1.30408939,75.00000000,2,0.28877962,0.50000000
18900,2.48800683,2.48800683,4,28.87112360,0.13854674,0.00000000,0.00000000,nan,0.00000000,0,0,0,0.10109801,0.03437641,0.97099519,1.01064372,0.29697013,1.05752254,0.74087983,-0.10511755,1.10511755,40.84725761,nan,nan,4.50000000,0,27.14373077,0.00000000
19000,0.15526867,0.15526867,145,29.07644444,4.98685457,1.00000000,0.15526867,nan,0.00000000,0,0,0,0.30432615,0.01037537,0.47468936,0.49876556,0.06539430,4.37416983,0.19336940,0.02318923,0.97681077,5.49935138,0.45028952,0.45028952,145.50000000,3,0.10846770,0.75000000
19100,0.23712090,0.23712090,28,29.45153846,0.95071434,0.00000000,0.00000000,nan,0.00000000,0,0,0,0.18742558,0.00830571,0.65475303,0.69293994,0.00557602,1.92433608,0.16353180,0.02647097,0.97352903,3.17774940,nan,nan,28.00000000,1,1.29253067,0.25000000
19200,0.23754729,0.23754729,128,29.93902174,4.27535679,1.00000000,0.23754729,nan,0.00000000,0,0,0,0.11909105,0.00922810,0.22086841,0.23275693,0.01876343,1.39215934,0.26969734,-0.01069774,1.01069774,-3.92186910,0.22539184,0.22539184,128.50000000,3,0.11962023,0.75000000
19300,0.13222347,0.13222347,33,30.44892473,1.08378211,0.02768725,0.00000008,nan,0.00000000,0,0,0,0.12755527,0.01740765,0.32672426,0.34546709,0.00809591,1.63472903,0.29625642,-0.08035909,1.08035909,-1.82946599,nan,nan,33.00000000,1,1.42590521,0.25000000
19400,0.44548449,0.44548449,47,30.99500000,1.51637361,0.65581185,0.08240425,nan,0.00000000,0,0,0,0.05924708,0.01790826,0.19391550,0.20526546,0.00096604,0.67600912,0.31764922,-0.08038049,1.08038049,1.84189364,0.70975749,0.70975749,47.00000000,2,1.01644604,0.50000000
19500,0.25477284,0.25477284,89,31.57589474,2.81860580,0.99999820,0.25477101,nan,0.00000000,0,0,0,0.07492466,0.01845893,0.34341446,0.36347726,0.00234673,0.95530105,0.32282940,0.01414707,0.98585293,-2.30917962,0.33087964,0.33087964,89.00000000,2,0.53618182,0.50000000
19600,0.33731678,0.33731678,54,32.07593750,1.68350496,0.84567834,0.17252768,nan,0.00284106,0,0,0,0.09517346,0.01676471,0.15702933,0.16612609,0.00238483,1.29800665,0.38286030,0.00812966,0.99187034,-3.51907906,0.62669974,0.62669974,54.00000000,2,0.65967037,0.50000000
19700,1.83924234,1.83924234,26,32.54845361,0.79880907,0.00000000,0.00000000,nan,0.00000000,0,0,0,0.06630781,0.02321786,2.36666322,2.49598718,0.16815257,0.90987802,0.44640985,-0.08903307,1.08903307,17.44653320,nan,nan,26.50000000,0,11.52406155,0.00000000
19800,0.13709822,0.13709822,67,33.10969388,2.02357655,0.98486637,0.12898555,nan,0.00000000,0,0,0,0.05270497,0.01347640,0.15719213,0.16643676,0.00003345,0.69500774,0.22730936,-0.03982155,1.03982155,-6.99680630,0.26861993,0.26861993,67.50000000,3,0.25483212,0.75000000
19900,0.43071201,0.43071201,109,33.82393939,3.22256963,1.00000000,0.43071201,nan,0.00000000,0,0,0,0.06211828,0.00890347,0.34902632,0.36802688,0.02601725,1.02936912,0.29909143,0.03583857,0.96416143,-3.21871269,0.30106465,0.30106465,109.00000000,3,0.24238426,0.75000000
20000,0.61809397,0.61809397,136,34.41650000,3.95159298,1.00000000,0.61809397,nan,0.00000000,0,0,0,0.11163434,0.01392012,0.15623248,0.16057925,0.08233768,1.75942504,0.31649548,0.07278325,0.92721675,2.12032902,1.23943381,1.23943381,136.00000000,3,0.27862467,0.75000000
20100,0.42803562,0.42803562,82,34.93257426,2.34737925,0.99929810,0.42683513,nan,0.43426604,0,0,0,0.12186357,0.01310915,0.33680499,0.35110551,0.09369565,1.30312526,0.20302382,-0.03827634,1.03827634,nan,0.74616249,0.74616249,82.00000000,3,0.32703784,0.75000000
20200,1.67080796,1.67080796,101,35.43049020,2.85065206,0.99999888,1.67080045,nan,0.30373502,0,0,0,0.11820737,0.00752166,3.83643985,4.06127119,0.01430181,1.43966615,0.15291028,-0.14472899,1.14472899,12.65592766,2.50819969,2.50819969,101.00000000,2,0.22690297,0.50000000
20300,0.13481368,0.13481368,80,35.97844660,2.22355348,0.99749216,0.13346639,nan,0.23441811,0,0,0,0.11587436,0.00855716,0.16751608,0.17710748,0.00446215,1.62983871,0.11627480,-0.11596822,1.11596822,-3.16927755,0.28028991,0.28028991,80.00000000,3,0.33710171,0.75000000
20400,0.24888724,0.24888724,49,36.34384615,1.34823375,0.38434404,0.00543104,nan,0.12468521,0,0,0,0.07767000,0.00665587,0.26565930,0.27881441,0.04202239,1.16894400,0.17979425,-0.01645176,1.01645176,-4.78882170,nan,nan,49.50000000,1,0.59079158,0.25000000
20500,0.45431554,0.45431554,101,36.76695238,2.74703214,0.99999501,0.45430648,nan,0.18618885,0,0,0,0.13160230,0.01488033,0.10277586,0.10809125,0.01241427,1.66479063,0.44437647,0.02220637,0.97779363,0.76363340,1.14205983,1.14205983,101.00000000,4,0.27882400,1.00000000
20600,0.14903328,0.14903328,142,37.32792453,3.80412256,1.00000000,0.14903328,nan,0.04454990,0,0,0,0.09890769,0.00838278,0.27582210,0.29193124,0.00196679,1.42827618,0.15704605,-0.11051030,1.11051030,-4.08866723,0.11557300,0.11557300,142.00000000,3,0.12081441,0.75000000
20700,0.54208279,0.54208279,185,37.89626168,4.88174801,1.00000000,0.54208279,nan,0.00000000,0,0,0,0.09100178,0.00732810,0.21918289,0.22457381,0.12753734,1.35119367,0.13527982,0.00525838,0.99474162,-1.23370326,0.99038358,0.99038358,185.50000000,4,0.08343697,1.00000000
20800,0.32095444,0.32095444,131,38.47851852,3.40449698,1.00000000,0.32095444,nan,0.00000000,0,0,0,0.10676139,0.00999956,0.42930835,0.45007718,0.07623877,1.70633006,0.32141221,0.06177795,0.93822205,-2.12016234,0.41302748,0.41302748,131.50000000,3,0.11846816,0.75000000
20900,0.66226792,0.66226792,92,38.78798165,2.37186871,0.99946224,0.66084450,nan,0.00000000,0,0,0,0.10568827,0.01897845,0.37356997,0.38784948,0.13081864,1.31317151,0.40539113,-0.07533825,1.07533825,0.44429582,0.40061983,0.40061983,92.00000000,2,0.28861772,0.50000000
21000,0.36938715,0.36938715,197,39.01081818,5.04988127,1.00000000,0.36938715,nan,0.02034429,0,0,0,0.18803570,0.00959987,0.52716011,0.55710220,0.01814297,1.99799895,0.15251435,0.02519835,0.97480165,1.50972086,0.71461587,0.71461587,197.50000000,4,0.09884575,1.00000000
21100,0.12902586,0.12902586,101,39.50261261,2.55679291,0.99993837,0.12899406,nan,0.00616132,0,0,0,0.19521582,0.01417116,0.37059638,0.39226362,0.00225340,1.96282148,0.29718781,0.03406950,0.96593050,-0.39698571,0.53111378,0.53111378,101.00000000,4,0.28817234,1.00000000
21200,0.16554600,0.16554600,111,39.97169643,2.77696495,0.99999673,0.16554383,nan,0.00000000,0,0,0,0.08865587,0.01132628,0.24521081,0.25817084,0.02488991,1.17454886,0.27559888,0.05998762,0.94001238,-5.42059642,0.49693522,0.49693522,111.00000000,4,0.24939220,1.00000000
21300,0.30049828,0.30049828,10,40.25938053,0.24838932,0.00000000,0.00000000,nan,0.00371758,0,0,0,0.19925350,0.02252645,0.25251925,0.26272845,0.07896326,1.87292182,0.53848660,-0.01919928,1.01919928,1.99706540,nan,nan,10.00000000,1,11.49027487,0.25000000
21400,0.75203955,0.75203955,37,40.51885965,0.91315502,0.00000000,0.00000000,nan,0.00000000,0,0,0,0.12230822,0.02681422,0.45149571,0.47153351,0.11085252,1.14241552,0.46801895,0.05347007,0.94652993,6.17372592,nan,nan,37.00000000,1,2.37939831,0.25000000
21500,0.45288160,0.45288160,76,40.73852174,1.86555616,0.95005085,0.36895388,nan,0.00000000,0,0,0,0.15859698,0.01735745,0.31960869,0.33810979,0.00508947,1.35080254,0.39736211,-0.00313746,1.00313746,2.37361318,0.44659590,0.44659590,76.00000000,2,0.58020062,0.50000000
21600,0.74199688,0.74199688,0,40.97206897,0.00000000,0.00000000,0.00000000,nan,0.00000000,0,0,0,0.12921578,0.01892037,0.85878098,0.90902102,0.00470048,0.99602634,0.39489591,-0.01094525,1.01094525,6.21513844,nan,nan,0.50000000,0,26.29192024,0.00000000
21700,0.33887500,0.33887500,20,41.17222222,0.48576440,0.00000000,0.00000000,nan,0.00000000,0,0,0,0.13593742,0.01465124,0.18069108,0.18858607,0.04647651,1.26108468,0.20151874,0.14633738,0.85366262,-1.77700901,nan,nan,20.00000000,1,3.35976459,0.25000000
21800,0.19160309,0.19160309,165,41.32381356,3.99285511,1.00000000,0.19160309,nan,0.00673508,0,0,0,0.19327469,0.01613020,0.34964791,0.36898550,0.02090845,2.05537462,0.27020273,0.03638282,0.96361718,1.43638019,0.32858580,0.32858580,165.50000000,3,0.16355724,0.75000000
21900,0.13754246,0.13754246,44,41.48134454,1.06071779,0.01463840,0.00000001,nan,0.00000000,0,0,0,0.14444813,0.01883837,0.06264119,0.06459501,0.02942618,1.17005181,0.30170122,-0.01758477,1.01758477,-4.68747004,nan,nan,44.50000000,1,1.18613813,0.25000000
22000,0.12430207,0.12430207,284,41.53650000,6.83735991,1.00000000,0.12430207,nan,0.02233323,0,0,0,0.26703951,0.01500533,0.36905912,0.39076325,0.00008862,3.32094717,0.27964577,-0.01174433,1.01174433,3.01554044,0.27154757,0.27154757,284.50000000,4,0.08754860,1.00000000
22100,0.29355764,0.29355764,59,41.98190083,1.40536752,0.48174678,0.01581134,nan,0.00000000,0,0,0,0.19502491,0.01211433,0.18182445,0.19243085,0.00151555,1.80140066,0.24766919,0.03845481,0.96154519,1.01223118,0.61895949,0.61895949,59.00000000,2,0.48114616,0.50000000
22200,0.37427151,0.37427151,59,42.58680328,1.38540570,0.44796852,0.01507220,nan,0.00000000,0,0,0,0.14820746,0.00744577,0.21174316,0.22335014,0.01442461,1.48519027,0.18802980,0.03629231,0.96370769,-1.46626341,0.43764556,0.43764556,59.00000000,2,0.79069717,0.50000000
22300,0.76679796,0.76679796,161,43.16447154,3.72991940,1.00000000,0.76679796,nan,0.00000000,0,0,0,0.07465762,0.01275466,0.56734246,0.59912825,0.02698368,0.81438071,0.18710081,0.01875254,0.98124746,-0.45660186,1.07366522,1.07366522,161.00000000,3,0.19033741,0.75000000
22400,0.30719769,0.30719769,68,43.76604839,1.55371578,0.70665464,0.07660318,nan,0.00000000,0,0,0,0.11537385,0.01267669,0.26378715,0.27891067,0.00668744,1.16149163,0.15763086,0.02837355,0.97162645,-1.95835567,0.56413764,0.56413764,68.00000000,3,0.33415693,0.75000000
22500,0.06547143,0.06547143,159,44.32576000,3.58707893,1.00000000,0.06547143,nan,0.00000000,0,0,0,0.09906021,0.00776202,0.09398003,0.09945976,0.00082460,1.49968195,0.22061719,0.05691900,0.94308100,-5.68295447,0.22150154,0.22150154,159.00000000,4,0.07698446,1.00000000
22600,0.23877838,0.23877838,86,44.86968254,1.91666165,0.96530204,0.20732320,nan,0.00000000,0,0,0,0.12440421,0.00711113,0.20695388,0.21821138,0.01557654,1.83387673,0.24224983,0.13473956,0.86526044,-3.00817060,0.21372276,0.21372276,86.00000000,2,0.31844884,0.50000000
22700,0.19052581,0.19052581,17,45.39409449,0.37449805,0.00000000,0.00000000,nan,0.00000000,0,0,0,0.09038545,0.01246891,0.10026556,0.10507095,0.01857380,1.17452407,0.16647667,0.00292215,0.99707785,-5.79475896,nan,nan,17.00000000,1,3.58470232,0.25000000
22800,0.25258946,0.25258946,184,45.79976563,4.01748781,1.00000000,0.25258946,nan,0.00000000,0,0,0,0.09733054,0.01348885,0.17426503,0.18336549,0.01955706,1.29167426,0.19055735,0.07979425,0.92020575,-3.10756767,0.37662406,0.37662406,184.00000000,4,0.20761493,1.00000000
22900,0.10522328,0.10522328,94,46.33674419,2.02862764,0.98548103,0.09924415,nan,0.00000000,0,0,0,0.09336922,0.00865207,0.03331993,0.03505823,0.00376876,1.31765282,0.18628781,0.05016745,0.94983255,-5.55622101,0.12483021,0.12483021,94.00000000,3,0.23526088,0.75000000
23000,0.73271853,0.73271853,182,46.89953846,3.88063520,1.00000000,0.73271853,nan,0.00000000,0,0,0,0.12751192,0.01665052,0.21083936,0.21165538,0.19696710,1.84646094,0.28588831,0.12728342,0.87271658,4.08341819,1.28750058,1.28750058,182.50000000,4,0.25868357,1.00000000
23100,0.33636442,0.33636442,51,47.32816794,1.07758238,0.02378859,0.00000011,nan,0.21850804,0,0,0,0.15361191,0.01213382,0.59724504,0.63214755,0.00390231,2.00073957,0.19755115,0.00700876,0.99299124,-0.05631572,0.51550330,0.51550330,51.50000000,2,1.17713598,0.50000000
23200,0.76031184,0.76031184,17,47.57590909,0.35732370,0.00000000,0.00000000,nan,0.18855524,0,0,0,0.13179114,0.03288258,0.19074099,0.20066230,0.02207854,1.17813110,0.45360592,-0.07085783,1.07085783,5.37552381,nan,nan,17.50000000,1,6.21041823,0.25000000
23300,0.24351488,0.24351488,105,47.68774436,2.20182358,0.99690361,0.24051280,nan,0.14360303,0,0,0,0.23114297,0.01387934,0.26334351,0.27765140,0.02010953,1.78990030,0.24833049,0.00334240,0.99665760,0.87717028,0.61539738,0.61539738,105.50000000,3,0.18791223,0.75000000
23400,0.23142102,0.23142102,60,47.82029851,1.25469731,0.22854959,0.00063143,nan,0.12471385,0,0,0,0.17596047,0.01418742,0.24575938,0.25945523,0.01293006,1.26576567,0.24641067,-0.09652123,1.09652123,-0.70576771,0.51433625,0.51433625,60.00000000,2,0.44821380,0.50000000
23500,0.18859354,0.18859354,77,48.05303704,1.60239612,0.76578700,0.06485729,nan,0.07365749,0,0,0,0.19445756,0.01399124,0.39650482,0.41981187,0.00028513,1.79944563,0.25676674,0.09408512,0.90591488,-0.57530876,0.54463069,0.54463069,77.50000000,3,0.45179332,0.75000000
23600,0.19875941,0.19875941,229,48.30625000,4.74058740,1.00000000,0.19875941,nan,0.02641872,0,0,0,0.12599781,0.01833351,0.22323558,0.23574670,0.01054667,1.20737886,0.23944324,-0.05602655,1.05602655,-1.88892174,0.73656249,0.73656249,229.50000000,4,0.17106070,1.00000000
23700,0.51002377,0.51002377,144,48.47591241,2.97054749,0.99999982,0.51002341,nan,0.00000000,0,0,0,0.14814743,0.01669977,0.45192236,0.47554320,0.05036872,1.35501671,0.25361168,0.04810195,0.95189805,-0.51108205,1.17088003,1.17088003,144.50000000,4,0.17729960,1.00000000
23800,0.15605453,0.15605453,52,48.69297101,1.06791594,0.01828114,0.00000002,nan,0.00000000,0,0,0,0.15466036,0.00989622,0.16217944,0.17119043,0.00899275,1.72107279,0.22291902,0.02579309,0.97420691,-1.45640278,0.42425017,0.42425017,52.00000000,2,0.59572907,0.50000000
23900,0.37109551,0.37109551,31,48.81330935,0.63507270,0.00000000,0.00000000,nan,0.00000000,0,0,0,0.12585558,0.01496320,0.21448718,0.22675836,0.00587704,1.18651521,0.25123501,-0.00163577,1.00163577,-2.55051394,nan,nan,31.50000000,1,1.62378393,0.25000000
24000,0.44355953,0.44355953,211,49.07585714,4.29946642,1.00000000,0.44355953,nan,0.00000000,0,0,0,0.16243938,0.01320510,0.33446413,0.34736130,0.11521281,2.10468793,0.31700712,0.03535525,0.96464475,2.87313366,0.70934528,0.70934528,211.50000000,4,0.09996162,1.00000000
24100,0.54741424,0.54741424,27,49.39539007,0.54660971,0.00000000,0.00000000,nan,0.18485574,0,0,0,0.13404073,0.02027232,0.72858638,0.76722807,0.07167716,1.53092206,0.58858311,-0.01813430,1.01813430,3.99058410,nan,nan,27.50000000,1,3.61777911,0.25000000
24200,0.42826867,0.42826867,200,49.73915493,4.02097704,1.00000000,0.42826867,nan,0.12104085,0,0,0,0.15521534,0.01249493,0.16639349,0.16864459,0.12812443,1.94920564,0.43144882,0.02712701,0.97287299,1.20450821,0.58236390,0.58236390,200.00000000,3,0.14580374,0.75000000
24300,0.14680859,0.14680859,101,50.09930070,2.01599620,0.98390092,0.13758052,nan,0.09260277,0,0,0,0.09197679,0.01313101,0.08400054,0.08893704,0.00008005,0.92293334,0.24657983,-0.00957383,1.00957383,-6.50729736,0.31795592,0.31795592,101.00000000,3,0.18806308,0.75000000
24400,0.27295950,0.27295950,264,50.50881944,5.22680995,1.00000000,0.27295950,nan,0.04758834,0,0,0,0.12831908,0.01137448,0.13647230,0.14070860,0.06445514,1.53981841,0.22173452,-0.04367966,1.04367966,-2.63304919,1.09528030,1.09528030,264.00000000,3,0.09277000,0.75000000
24500,1.02433157,1.02433157,40,50.98455172,0.78455137,0.00000000,0.00000000,nan,0.00000000,0,0,0,0.07538026,0.01509048,0.31874758,0.32664374,0.18451266,0.92293519,0.27784202,0.06721153,0.93278847,5.25436962,nan,nan,40.50000000,1,1.08736067,0.25000000
24600,0.18727544,0.18727544,56,51.53527397,1.08663437,0.02957587,0.00000014,nan,0.00000000,0,0,0,0.11403891,0.01883150,0.60934138,0.64518499,0.00000019,1.75080740,0.45142829,0.05536464,0.94463536,-2.25095816,0.65106288,0.65106288,56.00000000,2,0.71212226,0.50000000
24700,0.65988451,0.65988451,138,52.02931973,2.65235065,0.99998193,0.65983681,nan,0.00000000,0,0,0,0.11337321,0.00906924,0.43432677,0.45526481,0.07837984,1.27544153,0.11598247,0.03749472,0.96250528,1.16898465,1.02883187,1.02883187,138.50000000,4,0.14780597,1.00000000
24800,0.59630519,0.59630519,52,52.36175676,0.99309120,0.00000000,0.00000000,nan,0.00000000,0,0,0,0.13435169,0.03119619,1.14258409,1.20785117,0.03304226,1.73771894,0.83202481,0.15307326,0.84692674,7.11542630,nan,nan,52.50000000,1,0.66590677,0.25000000
24900,0.34114566,0.34114566,131,52.52295302,2.49414765,0.99986763,0.34096507,nan,0.00000000,0,0,0,0.12780315,0.02335975,0.59390306,0.62698853,0.03145000,1.41338706,0.28841317,-0.06107607,1.06107607,0.48835850,0.41732506,0.41732506,131.50000000,3,0.27992896,0.75000000
25000,0.83697367,0.83697367,86,52.72646667,1.63105942,0.79667385,0.33715845,nan,0.00000000,0,0,0,0.17582816,0.01376838,0.58345664,0.60825914,0.16181347,2.44910741,0.37184292,0.00503946,0.99496054,7.10363913,1.29980027,1.29980027,86.50000000,4,0.21912028,1.00000000
25100,0.66887641,0.66887641,29,53.20059603,0.54510667,0.00000000,0.00000000,nan,0.00000000,0,0,0,0.13897657,0.02042798,0.58756489,0.61907500,0.05189407,1.69209266,0.39381832,-0.02284157,1.02284157,5.36893717,nan,nan,29.00000000,1,2.29480538,0.25000000
25200,0.75699693,0.75699693,133,53.67565789,2.47784573,0.99983932,0.75651052,nan,0.00000000,0,0,0,0.06727913,0.01466528,0.18878597,0.19393378,0.10127331,0.58330846,0.14837813,-0.04799492,1.04799492,-3.55184507,0.62154642,0.62154642,133.00000000,3,0.34760022,0.75000000
25300,0.38860929,0.38860929,93,54.22477124,1.71508331,0.87066852,0.22331842,nan,0.00000000,0,0,0,0.06683394,0.01638548,0.15867990,0.16744536,0.00966730,0.75956792,0.21698627,-0.06010792,1.06010792,-4.44953163,0.56968839,0.56968839,93.00000000,3,0.39655101,0.75000000
25400,0.17776221,0.17776221,194,54.73688312,3.54422811,1.00000000,0.17776221,nan,0.00000000,0,0,0,0.08790535,0.00711528,0.03395751,0.03593811,0.00028725,1.25454390,0.15394787,-0.15046362,1.15046362,-4.85035354,0.14067622,0.14067622,194.50000000,4,0.05197841,1.00000000
25500,0.61013436,0.61013436,18,55.23941935,0.32585426,0.00000000,0.00000000,nan,0.00000000,0,0,0,0.08130243,0.03290204,1.09008241,1.15284944,0.02304218,2.04574847,1.44922543,-0.06478779,1.06478779,4.29181628,nan,nan,18.50000000,1,3.42406379,0.25000000
25600,0.51657414,0.51657414,103,55.63448718,1.85136963,0.94493941,0.41185895,nan,0.00000000,0,0,0,0.08524393,0.02877572,0.95828098,1.01407146,0.00984287,1.92572594,1.04660082,0.06693164,0.93306836,-7.50436735,0.33852317,0.33852317,103.50000000,3,0.27967241,0.75000000
25700,0.84144801,0.84144801,57,56.16356688,1.01489281,0.00088679,0.00000000,nan,0.00000000,0,0,0,0.07203595,0.00883147,1.27891755,1.35209882,0.03483566,1.20878148,0.12809175,0.02832503,0.97167497,0.43974967,0.51845793,0.51845793,57.00000000,2,0.39946513,0.50000000
25800,2.99651599,2.99651599,64,56.61670886,1.13040834,0.06576320,0.00005605,nan,0.00000000,0,0,0,0.08461160,0.01954859,0.52514088,0.53760099,0.31331834,1.43930483,0.43680945,0.03382658,0.96617342,30.07097689,4.01703335,4.01703335,64.00000000,2,0.86518407,0.50000000
25900,0.21120636,0.21120636,120,57.05377358,2.10327893,0.99231817,0.20479096,nan,0.00000000,0,0,0,0.10726946,0.00889542,0.69618440,0.73713630,0.00000286,1.76394451,0.18333691,-0.01585744,1.01585744,-3.24627268,0.57642893,0.57642893,120.00000000,3,0.20783020,0.75000000
26000,0.99408901,0.99408901,183,57.48075000,3.18367453,0.99999999,0.99408899,nan,0.00000000,0,0,0,0.08702727,0.00956901,0.40602002,0.41889364,0.18716808,1.19535661,0.17313661,0.03632967,0.96367033,3.81856215,0.67449777,0.67449777,183.00000000,4,0.11512279,1.00000000
26100,1.04427695,1.04427695,83,57.97546584,1.43164007,0.52538560,0.07956615,nan,0.14703385,0,0,0,0.13600747,0.00850154,1.52107430,1.60968220,0.01473984,1.76085877,0.19595575,-0.09524525,1.09524525,9.59953737,2.30252855,2.30252855,83.00000000,3,0.28817792,0.75000000
26200,0.77100086,0.77100086,85,58.49598765,1.45309112,0.56008169,0.07586830,nan,0.00000000,0,0,0,0.08034690,0.01021321,0.97532463,1.03083026,0.03172808,0.88273716,0.15083526,-0.09328546,1.09328546,-0.58978391,0.76374654,0.76374654,85.50000000,3,0.25685235,0.75000000
26300,0.26847029,0.26847029,190,58.90895706,3.22531597,1.00000000,0.26847028,nan,0.00000000,0,0,0,0.09096220,0.00965537,0.48138702,0.50954175,0.00275722,1.16193545,0.17374718,0.01888423,0.98111577,-3.42553274,0.15230949,0.15230949,190.50000000,3,0.10148629,0.75000000
26400,0.37051788,0.37051788,117,59.44670732,1.96814938,0.97646468,0.33684904,nan,0.00000000,0,0,0,0.07925513,0.01356276,0.19357544,0.20486154,0.00171173,1.00587475,0.27044958,-0.00199604,1.00199604,-2.34934491,0.35392399,0.35392399,117.50000000,3,0.19161945,0.75000000
26500,0.56838059,0.56838059,73,60.05436364,1.21556529,0.16962143,0.00047050,nan,0.00000000,0,0,0,0.07063822,0.00613616,0.09812129,0.10334618,0.00929824,0.96146369,0.12433871,0.03275238,0.96724762,-4.22505697,0.66197028,0.66197028,73.50000000,3,0.23215644,0.75000000
26600,0.18878156,0.18878156,312,60.59656627,5.14880659,1.00000000,0.18878156,nan,0.00000000,0,0,0,0.08242876,0.00841214,0.10579628,0.11155225,0.00794494,1.05218792,0.10525107,-0.02192046,1.02192046,-5.49677563,0.20792649,0.20792649,312.50000000,4,0.03937155,1.00000000
26700,0.51815867,0.51815867,182,61.22652695,2.97256776,0.99999983,0.51815831,nan,0.00000000,0,0,0,0.06928997,0.01622243,0.21449015,0.22643450,0.01143613,1.06378889,0.37896761,-0.04692445,1.04692445,-1.98322237,0.75724308,0.75724308,182.00000000,4,0.21708607,1.00000000
26800,0.87156940,0.87156940,192,61.89863095,3.10184566,0.99999998,0.87156932,nan,0.00000000,0,0,0,0.05184330,0.01125783,0.57750213,0.60835296,0.05303796,0.82798392,0.22527772,0.05793035,0.94206965,-2.23065722,1.14199147,1.14199147,192.00000000,4,0.14150353,1.00000000
26900,0.35018468,0.35018468,168,62.41840237,2.69151394,0.99998930,0.35016969,nan,0.00000000,0,0,0,0.09710621,0.00886443,0.49415195,0.52250189,0.01220225,1.53112042,0.27588934,-0.01333185,1.01333185,-2.02101910,0.62588058,0.62588058,168.00000000,2,0.28856018,0.50000000
27000,1.16460454,1.16460454,275,63.00258824,4.36490004,1.00000000,1.16460454,nan,0.00000000,0,0,0,0.11428412,0.00912636,0.15935162,0.14209175,0.45276940,1.62833786,0.22699115,0.05627389,0.94372611,5.99745393,0.74430710,0.74430710,275.50000000,4,0.09899309,1.00000000
27100,0.48207772,0.48207772,181,63.49257310,2.85072712,0.99999888,0.48207556,nan,0.25000816,0,0,0,0.17649166,0.00765489,2.09632444,2.21850801,0.01920246,2.40298986,0.18162107,-0.02088542,1.02088542,3.05464096,1.25796275,1.25796275,181.50000000,4,0.12851981,1.00000000
27200,0.20841466,0.20841466,118,64.03470930,1.84275062,0.94162773,0.16384954,nan,0.12534419,0,0,0,0.14068057,0.00868633,0.26991209,0.28572035,0.00117176,1.82323372,0.22846106,0.04709059,0.95290941,-1.65198725,0.58400296,0.58400296,118.00000000,3,0.15342011,0.75000000
27300,0.09273112,0.09273112,236,64.59676301,3.65343384,1.00000000,0.09273112,nan,0.00000000,0,0,0,0.10901330,0.00539066,0.12929273,0.13686569,0.00055244,1.51432729,0.10526396,-0.02767011,1.02767011,-4.85861858,0.22373589,0.22373589,236.00000000,3,0.11502869,0.75000000
27400,1.27340889,1.27340889,183,65.19580460,2.80692908,0.99999787,1.27339805,nan,0.00000000,0,0,0,0.07560186,0.01273169,1.00832498,1.06707358,0.00959644,1.13463676,0.37485445,-0.02616193,1.02616193,5.91887808,1.53757863,1.53757863,183.50000000,3,0.11786676,0.75000000
27500,0.37970820,0.37970820,161,65.80851429,2.44649194,0.99976814,0.37935616,nan,0.00000000,0,0,0,0.06425551,0.01002859,0.13284795,0.13679790,0.06569884,0.84252989,0.19846866,-0.03494922,1.03494922,-6.09873259,0.78045238,0.78045238,161.00000000,3,0.24960423,0.75000000
27600,0.13699371,0.13699371,62,66.33392045,0.93466509,0.00000000,0.00000000,nan,0.02238300,0,0,0,0.07533248,0.01016668,0.20654374,0.21857262,0.00205277,1.17538941,0.21916670,-0.09367530,1.09367530,-8.12324905,0.33617136,0.33617136,62.50000000,2,0.54503911,0.50000000
27700,0.43110335,0.43110335,212,66.92943503,3.16751516,0.99999999,0.43110334,nan,0.00000000,0,0,0,0.07348798,0.01052669,0.19599456,0.20424733,0.05569773,0.98786092,0.22058238,-0.06030306,1.06030306,-4.43427336,0.31942353,0.31942353,212.50000000,4,0.07769253,1.00000000
27800,0.62103963,0.62103963,155,67.53966292,2.29494779,0.99877836,0.61801043,nan,0.00000000,0,0,0,0.06576491,0.01688431,0.52098978,0.55072331,0.01552051,1.00403261,0.45452467,-0.08451449,1.08451449,-1.54294074,0.58088475,0.58088475,155.00000000,2,0.59287448,0.50000000
27900,0.47587702,0.47587702,163,68.18162011,2.39067361,0.99956314,0.47504599,nan,0.00000000,0,0,0,0.09928489,0.01267887,0.65507895,0.69092005,0.04577975,1.54811251,0.23201926,0.09066932,0.90933068,-0.88793075,1.05635968,1.05635968,163.50000000,4,0.14534956,1.00000000
28000,0.90761322,0.90761322,95,68.75050000,1.38180813,0.44184010,0.03459086,nan,0.00000000,0,0,0,0.10704333,0.01686238,0.18208601,0.17505108,0.30167976,1.46558475,0.25631529,0.02452403,0.97547597,4.02192483,0.77058733,0.77058733,95.50000000,2,0.49768191,0.50000000
28100,0.30824369,0.30824369,70,69.22408840,1.01120869,0.00050241,0.00000000,nan,0.16662896,0,0,0,0.09906498,0.01149911,0.36684775,0.38842407,0.00005053,1.45509970,0.20261192,0.07196810,0.92803190,-0.83808810,1.57320254,1.57320254,70.50000000,2,0.45202289,0.50000000
28200,0.14327137,0.14327137,77,69.78467033,1.10339419,0.04186006,0.00000044,nan,0.07499998,0,0,0,0.08834429,0.01151629,0.06336243,0.06490089,0.03720866,1.24771607,0.31259406,0.07070545,0.92929455,-5.49553808,0.31794125,0.31794125,77.50000000,3,0.30390433,0.75000000
28300,1.86687005,1.86687005,119,70.31311475,1.69242965,0.85307533,0.98869791,nan,0.00000000,0,0,0,0.05089038,0.01736402,0.59344125,0.62355268,0.08154772,0.74129868,0.41185087,-0.07769769,1.07769769,14.91994063,0.79374529,0.79374529,119.00000000,3,0.42266949,0.75000000
28400,0.44882381,0.44882381,134,70.76038043,1.89371509,0.95902965,0.37966803,nan,0.00000000,0,0,0,0.06897471,0.01130842,0.15351337,0.15903969,0.05956604,0.79690009,0.19460259,-0.03325187,1.03325187,-4.09938240,0.21984427,0.21984427,134.50000000,2,0.37450431,0.50000000
28500,0.29371211,0.29371211,174,71.19805405,2.44388702,0.99976105,0.29343148,nan,0.00000000,0,0,0,0.13995114,0.00548878,0.36655876,0.38786978,0.00427185,2.30286694,0.10693724,0.10186841,0.89813159,0.18181300,0.82060663,0.82060663,174.50000000,3,0.16600666,0.75000000
28600,0.21755297,0.21755297,326,71.58387097,4.55409851,1.00000000,0.21755297,nan,0.00000000,0,0,0,0.07742774,0.00589878,0.27687511,0.29268467,0.00811240,1.35277081,0.16023308,0.02841196,0.97158804,-5.73090963,0.64299140,0.64299140,326.50000000,4,0.06187532,1.00000000
28700,0.43663529,0.43663529,199,72.15005348,2.75814071,0.99999573,0.43662783,nan,0.00000000,0,0,0,0.07782752,0.01154712,0.18439896,0.19416130,0.01843899,1.11113322,0.32825312,-0.02415948,1.02415948,-4.70501661,0.44610074,0.44610074,199.50000000,4,0.12043959,1.00000000
28800,0.13393945,0.13393945,256,72.73723404,3.51951794,1.00000000,0.13393945,nan,0.00000000,0,0,0,0.06501268,0.00775672,0.23233771,0.24592231,0.00139933,1.08813524,0.24209064,0.02269023,0.97730977,-7.80577779,0.39726773,0.39726773,256.00000000,3,0.07420030,0.75000000
28900,0.46861616,0.46861616,79,73.14846561,1.07999531,0.02527217,0.00000019,nan,0.00000000,0,0,0,0.08262123,0.00983647,0.31186295,0.33003336,0.00296628,1.28311908,0.20106365,0.04391894,0.95608106,-3.62660933,0.84311873,0.84311873,79.50000000,2,0.58394991,0.50000000
29000,1.97317743,1.97317743,201,73.60047368,2.73096068,0.99999376,1.97312820,nan,0.00000000,0,0,0,0.14305630,0.00843889,0.34748843,0.34724391,0.35164532,2.12554073,0.16509360,-0.02923018,1.02923018,17.47251987,3.85141320,3.85141320,201.50000000,4,0.11511397,1.00000000
29100,0.67572427,0.67572427,132,73.93282723,1.78540447,0.91519839,0.47405693,nan,0.19305013,0,0,0,0.11664627,0.01636237,1.79169595,1.88819349,0.15124232,1.54180801,0.39312202,-0.06465071,1.06465071,2.98650539,0.59438099,0.59438099,132.50000000,2,0.48957295,0.50000000
29200,0.11937916,0.11937916,61,74.46223958,0.81920716,0.00000000,0.00000000,nan,0.05118615,0,0,0,0.08290359,0.01567998,0.09820946,0.10398167,0.00008200,0.90253955,0.31767675,-0.03775102,1.03775102,-6.24150572,0.53330983,0.53330983,61.50000000,2,0.43389809,0.50000000
29300,0.49672782,0.49672782,150,74.98533679,2.00039110,0.98174159,0.46143150,nan,0.00002939,0,0,0,0.06344992,0.01468069,0.21098761,0.22010985,0.05590936,0.72117448,0.32204524,-0.02188772,1.02188772,-3.06133437,0.40277806,0.40277806,150.50000000,3,0.26581322,0.75000000
29400,0.78617042,0.78617042,91,75.43969072,1.20626157,0.15648310,0.00047140,nan,0.00000000,0,0,0,0.09798525,0.01108024,0.66940510,0.70765382,0.01917566,1.32146597,0.37992409,-0.04601744,1.04601744,1.94534126,1.01198795,1.01198795,91.50000000,2,0.65915947,0.50000000
29500,1.64224720,1.64224720,126,75.67553846,1.66500302,0.82948228,0.77744018,nan,0.16150750,0,0,0,0.10201744,0.02345163,1.16143274,1.22951114,0.00410068,1.25193441,0.46715334,-0.00259636,1.00259636,15.35704861,3.83873902,3.83873902,126.50000000,3,0.20807477,0.75000000
29600,0.12034549,0.12034549,221,76.02321429,2.90700679,0.99999952,0.12034526,nan,0.15635039,0,0,0,0.17301303,0.01020104,0.26460469,0.28012323,0.00078942,2.29083300,0.28670734,-0.07698717,1.07698717,-0.30431885,0.56674401,0.56674401,221.00000000,4,0.18162902,1.00000000
29700,0.14674598,0.14674598,343,76.54675127,4.48092171,1.00000000,0.14674598,nan,0.00000000,0,0,0,0.08217749,0.00767871,0.03728929,0.03881129,0.01141537,0.84827662,0.10817836,0.04509122,0.95490878,-7.62014771,0.52813091,0.52813091,343.00000000,4,0.05760050,1.00000000
29800,0.12626962,0.12626962,129,76.97904040,1.67578083,0.83905924,0.06258487,nan,0.03358000,0,0,0,0.16890281,0.01008219,0.13694811,0.14497206,0.00054113,2.31585431,0.25586498,0.01416122,0.98583878,-0.40501375,0.29269382,0.29269382,129.50000000,4,0.09874485,1.00000000
29900,0.44802761,0.44802761,177,77.23331658,2.29175708,0.99873735,0.44576909,nan,0.09873567,0,0,0,0.17615812,0.01193460,0.19591337,0.20450915,0.04978514,1.90544403,0.20828420,0.10100450,0.89899550,1.62493078,1.73642594,1.73642594,177.50000000,3,0.16350719,0.75000000
30000,0.32168299,0.32168299,225,77.38250000,2.90763415,0.99999952,0.32168238,nan,0.03321937,0,0,0,0.20780759,0.01223674,0.35165656,0.36425665,0.13745525,2.45128584,0.44279537,0.05366224,0.94633776,2.73976529,0.75890107,0.75890107,225.50000000,4,0.10812456,1.00000000
30100,0.32544854,0.32544854,98,77.77039801,1.26011956,0.23711559,0.00102878,nan,0.00000000,0,0,0,0.11617856,0.01425846,0.27095327,0.28660294,0.00490836,1.37265015,0.28850001,0.00669755,0.99330245,-2.06767507,1.14283842,1.14283842,98.00000000,3,0.28139242,0.75000000
30200,0.32381976,0.32381976,39,78.33267327,0.49787654,0.00000000,0.00000000,nan,0.00000000,0,0,0,0.10088435,0.01168833,0.11289477,0.11510466,0.07532665,1.60818696,0.34682643,0.02226182,0.97773818,-3.01892715,nan,nan,39.00000000,1,1.05150446,0.25000000
30300,0.66586483,0.66586483,166,78.95408867,2.10248770,0.99226436,0.64549909,nan,0.00000000,0,0,0,0.04068784,0.00844272,0.10157679,0.10319829,0.07401135,0.50568414,0.14104308,-0.05668256,1.05668256,-5.17968082,0.41125690,0.41125690,166.00000000,4,0.18540818,1.00000000
30400,0.37467563,0.37467563,101,79.59602941,1.26890752,0.25117129,0.00149120,nan,0.00000000,0,0,0,0.04553765,0.00865025,0.06023164,0.05878421,0.08483798,0.64861226,0.15812737,-0.03077939,1.03077939,-7.36247571,0.66131421,0.66131421,101.00000000,3,0.27801641,0.75000000
30500,0.09465480,0.09465480,451,80.28492683,5.61749282,1.00000000,0.09465480,nan,0.00000000,0,0,0,0.04367269,0.00628337,0.08238021,0.08688992,0.00571500,0.70182276,0.14485854,-0.02159365,1.02159365,-11.28201389,0.06715720,0.06715720,451.00000000,4,0.02523970,1.00000000
30600,0.43314183,0.43314183,207,80.92597087,2.55789332,0.99993921,0.43303652,nan,0.00000000,0,0,0,0.05565668,0.01374947,0.11201779,0.11860706,0.00000020,0.70714480,0.27931654,0.09799803,0.90200197,-5.29303042,0.35565277,0.35565277,207.50000000,3,0.15698285,0.75000000
30700,0.52361846,0.52361846,295,81.73850242,3.60907028,1.00000000,0.52361846,nan,0.00000000,0,0,0,0.05924623,0.00482454,0.12780884,0.13532653,0.00000780,0.85814506,0.15221372,0.02797989,0.97202011,-4.74590683,0.44682819,0.44682819,295.00000000,4,0.06367161,1.00000000
30800,0.38292226,0.38292226,314,82.29264423,3.81565087,1.00000000,0.38292226,nan,0.00000000,0,0,0,0.05448898,0.01203285,0.13654774,0.14449751,0.00140170,0.81267619,0.24031655,0.00036505,0.99963495,-7.13567670,0.33756950,0.33756950,314.00000000,4,0.05807720,1.00000000
30900,0.54475951,0.54475951,248,82.82425837,2.99429183,0.99999988,0.54475924,nan,0.00000000,0,0,0,0.03467075,0.01103776,0.17692646,0.18565913,0.02847120,0.50486630,0.21584015,-0.01761360,1.01761360,-1.41160329,0.20482941,0.20482941,248.50000000,4,0.13528567,1.00000000
31000,1.78390074,1.78390074,102,83.30428571,1.22442680,0.18247153,0.00197766,nan,0.00000000,0,0,0,0.09284878,0.01181260,0.35891581,0.34350199,0.62094998,1.21213245,0.15534526,0.10325791,0.89674209,nan,1.80824338,1.80824338,102.00000000,3,0.40206414,0.75000000
31100,0.09188250,0.09188250,219,83.72914692,2.61557663,0.99997077,0.09187176,nan,0.26233234,0,0,0,0.12250410,0.00776349,0.09420535,0.09942681,0.00544053,1.90232575,0.12975642,0.15497985,0.84502015,-3.14464169,0.33769951,0.33769951,219.00000000,4,0.08201129,1.00000000
31200,0.26050872,0.26050872,348,84.34811321,4.12575915,1.00000000,0.26050872,nan,0.05832269,0,0,0,0.11475769,0.00773226,0.59020400,0.62437522,0.00929344,1.62050188,0.18091887,0.06099495,0.93900505,-2.50687051,0.72475136,0.72475136,348.50000000,3,0.05026605,0.75000000
31300,0.08936860,0.08936860,237,84.90859155,2.79123697,0.99999733,0.08936764,nan,0.00000000,0,0,0,0.08274481,0.00624471,0.10035152,0.10624741,0.00012121,1.09597993,0.16709033,-0.11409215,1.11409215,-7.38848376,0.29403535,0.29403535,237.50000000,4,0.07830572,1.00000000
31400,0.83897281,0.83897281,22,85.44327103,0.25748078,0.00000000,0.00000000,nan,0.00000000,0,0,0,0.08145960,0.01394451,1.78652275,1.89109755,0.00875117,1.04440331,0.28240687,0.01992667,0.98007333,1.72024393,nan,nan,22.00000000,1,3.89193810,0.25000000
31500,0.20827803,0.20827803,190,85.93995349,2.21084597,0.99716182,0.20592355,nan,0.00000000,0,0,0,0.08320218,0.00787246,0.14060599,0.14819133,0.01165482,1.32507706,0.20062706,0.04196869,0.95803131,-4.93783706,0.19585787,0.19585787,190.50000000,4,0.06967327,1.00000000
31600,3.05448914,3.05448914,253,86.53328704,2.92373038,0.99999963,3.05448458,nan,0.00000000,0,0,0,0.07348778,0.01193629,5.22701693,5.53439665,0.00155749,1.06810355,0.25815892,-0.04542510,1.04542510,24.26049360,2.44322691,2.44322691,253.50000000,3,0.10799016,0.75000000
31700,1.60609519,1.60609519,20,86.89894009,0.23015240,0.00000000,0.00000000,nan,0.00000000,0,0,0,0.03821084,0.01233498,1.02072394,1.08074009,0.00045068,0.65920115,0.33670968,-0.09685012,1.09685012,23.46747541,nan,nan,20.50000000,0,3.03372435,0.00000000
31800,0.29641607,0.29641607,66,87.25651376,0.75639052,0.00000000,0.00000000,nan,0.00000000,0,0,0,0.08294092,0.00928526,0.08904949,0.09193543,0.03998860,1.17070389,0.25599331,-0.04295179,1.04295179,-5.63628483,0.35902930,0.35902930,66.50000000,3,0.38118181,0.75000000
31900,1.17946255,1.17946255,68,87.63351598,0.77595882,0.00000000,0.00000000,nan,0.10889598,0,0,0,0.07244707,0.00951832,0.25577417,0.25873983,0.20535836,0.92007858,0.14423539,0.06238282,0.93761718,3.53159348,1.05249699,1.05249699,68.00000000,2,0.65874789,0.50000000
32000,0.26640716,0.26640716,227,88.16004545,2.57486256,0.99995086,0.26635480,nan,0.07859612,0,0,0,0.20347208,0.00852101,0.14777806,0.14639167,0.17134656,2.75042057,0.15531380,0.04918235,0.95081765,2.17292118,0.55848770,0.55848770,227.00000000,4,0.07557273,1.00000000
32100,0.78012371,0.78012371,31,88.53855204,0.35012996,0.00000000,0.00000000,nan,0.27577598,0,0,0,0.08685720,0.01841035,0.36124262,0.38227278,0.00372976,0.98398483,0.42387959,0.01273736,0.98726264,3.88947040,nan,nan,31.00000000,1,4.12164984,0.25000000
32200,0.13877407,0.13877407,396,89.07617117,4.44563338,1.00000000,0.13877407,nan,0.14181625,0,0,0,0.08044940,0.00640856,0.04538877,0.04767269,0.00656213,0.91716301,0.12125812,-0.10237520,1.10237520,-7.62653482,0.28884375,0.28884375,396.00000000,4,0.04632821,1.00000000
32300,0.17702097,0.17702097,254,89.59650224,2.83493210,0.99999858,0.17701996,nan,0.00000000,0,0,0,0.08661442,0.00656379,0.17055017,0.18005826,0.00891257,1.28469551,0.14061823,0.03159345,0.96840655,-5.54921350,0.26003904,0.26003904,254.50000000,4,0.05835712,1.00000000
32400,0.12673599,0.12673599,231,90.16450893,2.56198368,0.99994224,0.12670671,nan,0.00000000,0,0,0,0.06696460,0.00709802,0.08282754,0.08734842,0.00597249,0.92062885,0.19942263,0.04267908,0.95732092,-8.08306623,0.08246382,0.08246382,231.00000000,4,0.04476640,1.00000000
32500,0.18997917,0.18997917,327,90.74768889,3.60339755,1.00000000,0.18997917,nan,0.00000000,0,0,0,0.09128833,0.00975273,0.40368852,0.42741892,0.00027143,1.48271632,0.28932464,0.06504735,0.93495265,-3.65787721,0.30731937,0.30731937,327.00000000,3,0.08772331,0.75000000
32600,0.34479883,0.34479883,228,91.36278761,2.49554557,0.99986982,0.34461933,nan,0.00000000,0,0,0,0.06118541,0.00863458,0.33469671,0.35364202,0.01262670,1.07743871,0.30647418,0.03556115,0.96443885,-6.01875011,0.60876915,0.60876915,228.00000000,4,0.09707166,1.00000000
32700,0.25253689,0.25253689,300,91.84458150,3.26638758,1.00000000,0.25253689,nan,0.00000000,0,0,0,0.06261026,0.00776711,0.29166847,0.30857107,0.00432413,1.17767000,0.25881955,-0.12067763,1.12067763,-6.42288113,0.52894679,0.52894679,300.00000000,4,0.06920733,1.00000000
32800,0.74831963,0.74831963,284,92.32201754,3.07618927,0.99999997,0.74831953,nan,0.19974916,0,0,0,0.10532728,0.01103107,0.78469366,0.82586396,0.08479873,1.69645154,0.33056864,0.14571430,0.85428570,0.81051391,1.38897595,1.38897595,284.50000000,3,0.07498019,0.75000000
32900,0.41863912,0.41863912,52,92.64192140,0.56130097,0.00000000,0.00000000,nan,0.18860153,0,0,0,0.10289141,0.01415914,0.23328087,0.24642804,0.00977876,1.00263727,0.26657644,0.02055131,0.97944869,-3.62377706,1.01092031,1.01092031,52.00000000,2,1.03434447,0.50000000
33000,0.93713570,0.93713570,193,93.09769565,2.07309105,0.99000927,0.90024253,nan,0.08670518,0,0,0,0.12108220,0.01156959,0.17546082,0.15611292,0.50437480,1.32276905,0.16921419,0.09952960,0.90047040,4.24205911,1.37387537,1.37387537,193.50000000,4,0.11637436,1.00000000
33100,1.42526841,1.42526841,412,93.47822511,4.40744355,1.00000000,1.42526841,nan,0.22089642,0,0,0,0.08176649,0.02353948,1.49302983,1.57719409,0.06223761,1.18085992,0.63183290,-0.08054547,1.08054547,24.94579760,3.15644898,3.15644898,412.00000000,3,0.11942401,0.75000000
33200,0.10836636,0.10836636,73,93.96693966,0.77686897,0.00000000,0.00000000,nan,0.07855765,0,0,0,0.07868899,0.01298878,0.03099157,0.03256164,0.00430035,1.24389207,0.30671680,0.04943139,0.95056861,-6.54157329,0.51461206,0.51461206,73.50000000,2,0.81417242,0.50000000
33300,0.85414314,0.85414314,330,94.34798283,3.49769004,1.00000000,0.85414314,nan,0.00074417,0,0,0,0.04989889,0.00720028,0.12176898,0.12724778,0.02862938,0.72154897,0.13563792,0.01771477,0.98228523,-3.31087198,0.52934243,0.52934243,330.00000000,3,0.06916568,0.75000000
33400,0.91982460,0.91982460,183,94.68269231,1.93277140,0.96920029,0.81163200,nan,0.00000000,0,0,0,0.07866980,0.01288251,1.70759380,1.80374360,0.07304750,1.36884737,0.41991785,-0.07890676,1.07890676,1.98770956,1.33651075,1.33651075,183.00000000,3,0.43782003,0.75000000
33500,0.29783392,0.29783392,262,95.15944681,2.75327368,0.99999543,0.29782847,nan,0.00000000,0,0,0,0.07579173,0.01129797,0.19136752,0.20145229,0.01992628,1.09213686,0.18976611,0.03789890,0.96210110,-5.29411685,0.19496271,0.19496271,262.00000000,4,0.06168932,1.00000000
33600,0.34144330,0.34144330,374,95.72148305,3.90716888,1.00000000,0.34144330,nan,0.00000000,0,0,0,0.06419715,0.00940470,0.35101011,0.37097788,0.01155811,1.09588718,0.30277026,-0.00275676,1.00275676,-5.51494280,0.90533561,0.90533561,374.50000000,4,0.06997913,1.00000000
33700,0.22262771,0.22262771,399,96.31759494,4.14254530,1.00000000,0.22262771,nan,0.00000000,0,0,0,0.05218389,0.01124097,0.20595787,0.21802533,0.00081109,0.92395890,0.21075252,0.03286434,0.96713566,-8.17994277,0.37132215,0.37132215,399.50000000,4,0.05389194,1.00000000
33800,0.18693000,0.18693000,274,96.90151261,2.82761324,0.99999842,0.18692882,nan,0.00000000,0,0,0,0.06091404,0.00895226,0.35078168,0.37123850,0.00301498,1.06099176,0.19103739,0.12248072,0.87751928,-7.85084470,0.33596858,0.33596858,274.00000000,4,0.08194521,1.00000000
33900,0.18906997,0.18906997,614,97.42790795,6.30209570,1.00000000,0.18906997,nan,0.00000000,0,0,0,0.06627735,0.00750911,0.11669401,0.12355593,0.00004162,0.88223088,0.17012900,0.08667010,0.91332990,-8.51003003,0.38093167,0.38093167,614.50000000,4,0.03032683,1.00000000
34000,0.57259673,0.57259673,258,97.86191667,2.63636774,0.99997770,0.57254565,nan,0.02991932,0,0,0,0.14015822,0.00951709,0.23817402,0.23532498,0.28660807,1.78214884,0.18682821,0.07864784,0.92135216,1.77216967,0.46676535,0.46676535,258.50000000,4,0.06366905,1.00000000
34100,0.70041865,0.70041865,21,98.22215768,0.21380105,0.00000000,0.00000000,nan,0.00000000,0,0,0,0.09447437,0.01484144,0.73159724,0.77451241,0.00203979,1.32089293,0.39533076,0.06293288,0.93706712,0.95197703,nan,nan,21.00000000,1,3.93909316,0.25000000
34200,0.48299852,0.48299852,190,98.40615702,1.93077350,0.96873816,0.42537449,nan,0.00000000,0,0,0,0.11997901,0.00976306,0.15564077,0.16047040,0.07353693,1.21979618,0.21994437,-0.07197164,1.07197164,-2.24807405,0.52933076,0.52933076,190.00000000,3,0.16418934,0.75000000
34300,0.36664328,0.36664328,217,98.88370370,2.19449709,0.99667835,0.36179605,nan,0.00000000,0,0,0,0.10743727,0.00598447,0.64723366,0.68291992,0.04056662,1.36551142,0.12452936,0.10738449,0.89261551,-1.98860562,0.52630079,0.52630079,217.00000000,3,0.13312933,0.75000000
34400,0.44633356,0.44633356,346,99.61655738,3.47331818,1.00000000,0.44633356,nan,0.00000000,0,0,0,0.05386053,0.00683193,0.39811051,0.42049575,0.01756184,0.69290382,0.12680179,-0.01000039,1.01000039,-8.79471874,0.52854455,0.52854455,346.00000000,4,0.05582205,1.00000000
34500,0.18789670,0.18789670,314,100.28587755,3.13104903,0.99999999,0.18789669,nan,0.00000000,0,0,0,0.07951046,0.00981662,0.46694076,0.49426994,0.00234509,1.29325438,0.31673071,0.08967222,0.91032778,-6.85915597,0.47234581,0.47234581,314.00000000,4,0.07324297,1.00000000
34600,0.54934549,0.54934549,511,100.94601626,5.06211160,1.00000000,0.54934549,nan,0.00000000,0,0,0,0.05391083,0.01045415,0.16147363,0.16686395,0.06983840,0.68686444,0.27921352,-0.06829637,1.06829637,-4.06531839,0.48893795,0.48893795,511.50000000,4,0.03810020,1.00000000
34700,0.23390351,0.23390351,635,101.71740891,6.24278584,1.00000000,0.23390351,nan,0.00000000,0,0,0,0.05854289,0.00671732,0.42598584,0.45092359,0.00204442,1.02971017,0.14001843,0.01421371,0.98578629,-8.84573809,0.30039826,0.30039826,635.00000000,3,0.02568486,0.75000000
34800,0.15157242,0.15157242,443,102.49383065,4.32221137,1.00000000,0.15157242,nan,0.00000000,0,0,0,0.04148494,0.00745014,0.09909178,0.10456163,0.00610462,0.52691984,0.14173828,-0.03324095,1.03324095,-11.94139576,0.23546590,0.23546590,443.50000000,3,0.03886818,0.75000000
34900,0.39365980,0.39365980,530,103.21353414,5.13498549,1.00000000,0.39365980,nan,0.00000000,0,0,0,0.05559391,0.00967543,0.40505186,0.42828012,0.01017140,0.88887882,0.24493800,0.06655946,0.93344054,-4.97073314,0.41325948,0.41325948,530.50000000,4,0.03738452,1.00000000
35000,1.97284269,1.97284269,265,103.91304000,2.55020929,0.99993312,1.97231496,nan,0.00000000,0,0,0,0.07101335,0.01349647,0.42566520,0.42820787,0.38243881,1.10412335,0.48936927,0.05738574,0.94261426,12.56981030,0.75711713,0.75711713,265.00000000,4,0.07057779,1.00000000
35100,0.53108293,0.53108293,162,104.49900398,1.55025401,0.70213589,0.12907646,nan,0.00000000,0,0,0,0.10663836,0.00946876,0.10843207,0.11238206,0.04128219,1.40481198,0.18157028,0.00528460,0.99471540,-0.69361184,1.38805574,1.38805574,162.00000000,4,0.18891688,1.00000000
35200,1.06656218,1.06656218,178,105.19777778,1.69205095,0.85276688,0.56403684,nan,0.00000000,0,0,0,0.04468028,0.01204114,0.09211646,0.09362321,0.06650186,0.54901260,0.21521701,-0.14121220,1.14121220,2.29332872,1.13987803,1.13987803,178.00000000,3,0.29447396,0.75000000
35300,0.33828032,0.33828032,175,105.83833992,1.65346509,0.81878416,0.15203881,nan,0.00000000,0,0,0,0.05041312,0.01054694,0.52582294,0.55618054,0.00974376,0.83591610,0.28559369,-0.07121832,1.07121832,-5.74289846,0.62684515,0.62684515,175.00000000,4,0.16690053,1.00000000
35400,1.04860795,1.04860795,111,106.35881890,1.04363701,0.00758782,0.00000000,nan,0.00000000,0,0,0,0.06160181,0.03628612,0.46292892,0.48555362,0.07830917,1.74184752,1.38517702,0.04103600,0.95896400,31.46164370,0.86175565,0.86175565,111.50000000,4,0.36483371,1.00000000
35500,0.20941748,0.20941748,193,107.04862745,1.80291896,0.92412860,0.15273640,nan,0.00000000,0,0,0,0.05705529,0.00894177,0.15011647,0.15872876,0.00370757,0.89545512,0.18897943,0.10107593,0.89892407,-8.43155416,0.47026137,0.47026137,193.00000000,4,0.12807982,1.00000000
35600,0.20481318,0.20481318,565,107.43789063,5.25885232,1.00000000,0.20481318,nan,0.00000000,0,0,0,0.07806429,0.00835602,0.15126450,0.15974241,0.00714014,1.04161882,0.09659521,-0.08674790,1.08674790,-6.71771307,0.17951229,0.17951229,565.00000000,4,0.02393006,1.00000000
35700,0.68288332,0.68288332,169,107.83533074,1.56720436,0.72386989,0.18749451,nan,0.00000000,0,0,0,0.11441995,0.01259586,0.78062582,0.82541800,0.01915965,1.71181703,0.47245428,0.08939492,0.91060508,1.94139193,0.50010969,0.50010969,169.50000000,4,0.14163410,1.00000000
35800,0.11335491,0.11335491,226,108.32186047,2.08637480,0.99109231,0.10936963,nan,0.00000000,0,0,0,0.07958230,0.00897567,0.08129826,0.08540566,0.01147243,1.10602403,0.12439606,0.05955244,0.94044756,-6.07796351,0.29949091,0.29949091,226.00000000,4,0.09682676,1.00000000
35900,0.06533384,0.06533384,256,108.87428571,2.35133575,0.99932745,0.06515826,nan,0.00000000,0,0,0,0.07148690,0.00707975,0.07779741,0.08233722,0.00062050,0.94896030,0.14745736,-0.00131335,1.00131335,-8.94278812,0.58746674,0.58746674,256.00000000,4,0.06215964,1.00000000
36000,0.69625640,0.69625640,185,108.93626923,1.69824064,0.85774869,0.37688552,nan,0.07457866,0,0,0,0.17542474,0.01280488,0.97032875,1.02216017,0.08919396,1.83909655,0.21712023,0.16210919,0.83789081,5.84067059,0.42953052,0.42953052,185.00000000,3,0.19482995,0.75000000
36100,0.13618544,0.13618544,146,109.30367816,1.33572815,0.36291587,0.00236241,nan,0.15049644,0,0,0,0.12826793,0.00888858,0.07591771,0.07894562,0.02444313,1.76059604,0.22601070,0.06985989,0.93014011,-2.37843835,0.22843392,0.22843392,146.00000000,3,0.15225471,0.75000000
36200,0.09375887,0.09375887,150,109.78729008,1.36627837,0.41529006,0.00278881,nan,0.02588465,0,0,0,0.15938678,0.00841206,0.22859287,0.24129213,0.01270547,1.47448301,0.20281179,-0.05996390,1.05996390,-3.10539198,0.19747965,0.19747965,150.00000000,4,0.15155614,1.00000000
36300,0.32932153,0.32932153,155,110.40528517,1.40391830,0.47930976,0.01738142,nan,0.00000000,0,0,0,0.08457083,0.00810693,0.23613542,0.24859540,0.02431593,0.96020114,0.22790010,0.14456086,0.85543914,-5.04339558,0.34170950,0.34170950,155.00000000,4,0.14410458,1.00000000
36400,0.18991287,0.18991287,379,110.91977273,3.41688403,1.00000000,0.18991287,nan,0.00000000,0,0,0,0.05206858,0.01566634,0.17648794,0.18682323,0.00078799,0.80411708,0.44426802,0.05149091,0.94850909,-13.06343079,0.25177920,0.25177920,379.00000000,4,0.04992698,1.00000000
36500,0.14426476,0.14426476,249,111.39841509,2.23522031,0.99776402,0.14297879,nan,0.00000000,0,0,0,0.04609481,0.00703739,0.10163873,0.10716885,0.00762683,0.52936339,0.13303965,0.02790658,0.97209342,-11.62842989,0.39199962,0.39199962,249.00000000,4,0.08048636,1.00000000
36600,0.19593926,0.19593926,246,111.74879699,2.20136598,0.99688996,0.19351309,nan,0.00000000,0,0,0,0.03923029,0.00684201,0.02171475,0.02247226,0.00883709,0.70191288,0.21354020,-0.06288849,1.06288849,-10.52369245,0.70708757,0.70708757,246.00000000,3,0.10693328,0.75000000
36700,0.20452602,0.20452602,123,112.06044944,1.09762187,0.03740269,0.00000040,nan,0.00000000,0,0,0,0.09238275,0.00817844,0.31019947,0.32728103,0.01981306,1.51464736,0.16836323,-0.10576693,1.10576693,-4.51598644,0.37169231,0.37169231,123.50000000,3,0.19191261,0.75000000
36800,0.37079319,0.37079319,314,112.37111940,2.79431229,0.99999745,0.37078941,nan,0.00000000,0,0,0,0.09535769,0.00637319,0.15251431,0.15767857,0.06472181,1.37657237,0.13983536,0.07848686,0.92151314,-3.07607067,0.81156990,0.81156990,314.00000000,4,0.07635583,1.00000000
36900,0.37057725,0.37057725,343,112.97988848,3.03593856,0.99999994,0.37057715,nan,0.00000000,0,0,0,0.07052998,0.00985877,0.12325934,0.12764508,0.04870158,0.87614441,0.09572712,0.12267789,0.87732211,-5.34533012,0.63173504,0.63173504,343.00000000,4,0.05825330,1.00000000
37000,2.64275908,2.64275908,216,113.42129630,1.90440426,0.96206148,2.26396066,nan,0.00000000,0,0,0,0.11765455,0.00756504,1.30430841,1.37787461,0.05368455,1.71513498,0.14271902,-0.15714506,1.15714506,22.57748175,6.99527949,6.99527949,216.00000000,4,0.10987905,1.00000000
37100,0.19819908,0.19819908,225,113.90623616,1.97530888,0.97773879,0.18113110,nan,0.24232102,0,0,0,0.16601783,0.00776633,0.21151482,0.22395188,0.00008486,1.97654510,0.17852275,0.07328155,0.92671845,-1.37518345,0.44693362,0.44693362,225.50000000,4,0.08522264,1.00000000
37200,1.96388543,1.96388543,447,114.24702206,3.91257463,1.00000000,1.96388543,nan,0.24280029,0,0,0,0.13633311,0.02467196,1.12197876,1.18175137,0.10584455,1.77464187,0.64194727,-0.16848651,1.16848651,21.95180702,4.15581809,4.15581809,447.50000000,3,0.08685684,0.75000000
37300,0.11230527,0.11230527,141,114.64754579,1.22985624,0.19049762,0.00014790,nan,0.12075215,0,0,0,0.12686630,0.00760356,0.10843276,0.11480393,0.00012303,1.39543796,0.17370671,0.01499333,0.98500667,-5.48128772,0.43135724,0.43135724,141.00000000,3,0.15424406,0.75000000
37400,0.22160588,0.22160588,438,115.06715328,3.80647289,1.00000000,0.22160588,nan,0.00440803,0,0,0,0.11093886,0.00403931,0.12803203,0.13465057,0.01551715,1.26338518,0.15925243,0.09432674,0.90567326,-5.14909569,0.20698704,0.20698704,438.00000000,4,0.03659131,1.00000000
37500,0.16089149,0.16089149,302,115.45901818,2.61564670,0.99997080,0.16087270,nan,0.00000000,0,0,0,0.10476933,0.00618119,0.15063648,0.15749741,0.03400068,1.68750024,0.20135172,0.14763395,0.85236605,-3.17039792,0.22969947,0.22969947,302.00000000,4,0.04170727,1.00000000
37600,0.31253898,0.31253898,281,115.69750000,2.42874738,0.99971564,0.31218364,nan,0.00000000,0,0,0,0.10064862,0.01659181,0.05434495,0.05586261,0.02854472,1.38923979,0.31789058,0.03173708,0.96826292,-1.59536135,0.75454901,0.75454901,281.50000000,3,0.09291875,0.75000000
37700,0.40764871,0.40764871,393,116.13743682,3.38392176,1.00000000,0.40764871,nan,0.00000000,0,0,0,0.09404383,0.00835346,0.28356814,0.29875648,0.02536628,1.51471114,0.13506325,0.06763267,0.93236733,-3.30510163,0.57569641,0.57569641,393.50000000,4,0.11052621,1.00000000
37800,0.28351343,0.28351343,102,116.46866906,0.87577201,0.00000000,0.00000000,nan,0.00000000,0,0,0,0.10095403,0.01383227,0.26566207,0.28128460,0.00007980,1.83475137,0.46366608,0.11800670,0.88199330,-3.75555062,0.28638441,0.28638441,102.50000000,4,0.26922059,1.00000000
37900,0.14958207,0.14958207,270,116.95885305,2.30850417,0.99893920,0.14894838,nan,0.00000000,0,0,0,0.05182466,0.00591350,0.13196233,0.13965912,0.00111678,0.71707141,0.09701589,-0.05186144,1.05186144,-12.00191092,0.45966766,0.45966766,270.50000000,4,0.11794655,1.00000000
38000,2.16098905,2.16098905,444,117.41267857,3.78153369,1.00000000,2.16098905,nan,0.00000000,0,0,0,0.08624472,0.00952906,1.80942535,1.87341142,0.72166473,1.32277465,0.19950154,-0.14946445,1.14946445,14.05840143,3.13573682,3.13573682,444.00000000,3,0.10850090,0.75000000
38100,0.49114588,0.49114588,698,117.85177936,5.92269377,1.00000000,0.49114588,nan,0.19485198,0,0,0,0.14047250,0.00531350,2.01880765,2.13734984,0.00359269,2.12244129,0.13412020,-0.16474489,1.16474489,1.54679666,1.43298346,1.43298346,698.00000000,4,0.02444062,1.00000000
38200,0.36662605,0.36662605,93,118.38386525,0.78558003,0.00000000,0.00000000,nan,0.03001924,0,0,0,0.07118172,0.00889327,0.42840040,0.45357785,0.00038324,1.20488417,0.26146427,-0.01547409,1.01547409,-4.20363913,0.72741131,0.72741131,93.00000000,2,1.39190994,0.50000000
38300,0.82569528,0.82569528,91,118.83300353,0.76578053,0.00000000,0.00000000,nan,0.00000000,0,0,0,0.06862438,0.01361211,0.74993157,0.79007876,0.06742957,1.17035508,0.29802522,-0.08413490,1.08413490,3.46978879,1.00441783,1.00441783,91.50000000,4,0.27812006,1.00000000
38400,0.52533668,0.52533668,149,119.24489437,1.24952939,0.22046654,0.00124110,nan,0.00000000,0,0,0,0.05769381,0.01289191,0.68358392,0.72346306,0.00563819,0.83006424,0.34062374,-0.05643265,1.05643265,-2.70036149,1.73344531,1.73344531,149.50000000,2,1.20002886,0.50000000
38500,1.18411684,1.18411684,83,119.60936842,0.69392558,0.00000000,0.00000000,nan,0.00000000,0,0,0,0.05445179,0.00940557,0.24028404,0.25093231,0.05926398,0.74532592,0.34848821,-0.11239803,1.11239803,3.18991590,1.59498154,1.59498154,83.00000000,3,0.28739809,0.75000000
38600,0.12825465,0.12825465,109,119.89062937,0.90916196,0.00000000,0.00000000,nan,0.00000000,0,0,0,0.06466787,0.00725757,0.08244440,0.08723740,0.00096341,1.15121889,0.16696912,0.09740077,0.90259923,-9.33714676,0.16673650,0.16673650,109.00000000,4,0.20678505,1.00000000
38700,0.57440054,0.57440054,38,120.21379791,0.31610348,0.00000000,0.00000000,nan,0.00000000,0,0,0,0.05101161,0.01135909,0.39509875,0.41626516,0.03526893,0.76782393,0.18079388,0.01998336,0.98001664,-3.27175840,nan,nan,38.50000000,0,1.41617938,0.00000000
38800,0.40942797,0.40942797,52,120.39434028,0.43191399,0.00000000,0.00000000,nan,0.00000000,0,0,0,0.07142554,0.01333426,0.28216362,0.29635736,0.04087038,0.85117722,0.26698518,0.05456879,0.94543121,-2.44732791,0.97126640,0.97126640,52.50000000,2,1.10498515,0.50000000
38900,0.86032718,0.86032718,438,120.63117647,3.63090217,1.00000000,0.86032718,nan,0.01920821,0,0,0,0.06928426,0.01402905,0.23976070,0.24577163,0.13757478,0.97750556,0.28596056,0.06791437,0.93208563,0.54999232,1.08923016,1.08923016,438.00000000,4,0.09919347,1.00000000
39000,0.52191836,0.52191836,293,120.88896552,2.42371170,0.99969883,0.52128989,nan,0.00000000,0,0,0,0.23561317,0.01239264,0.58775151,0.61558372,0.11460339,2.46656561,0.25901306,-0.03272369,1.03272369,4.69591141,2.03112671,2.03112671,293.50000000,4,0.09121074,1.00000000
39100,0.15980774,0.15980774,181,121.14666667,1.49405679,0.62332346,0.02412413,nan,0.00000000,0,0,0,0.09799382,0.00568028,0.12242559,0.12919793,0.00729615,0.99259526,0.07053367,-0.00508622,1.00508622,-7.81696033,0.68825862,0.68825862,181.00000000,2,0.26465411,0.50000000
39200,0.43029875,0.43029875,189,121.31551370,1.55792111,0.71208900,0.11063873,nan,0.01283122,0,0,0,0.07508324,0.00781877,0.08040033,0.08421909,0.01548140,0.77100199,0.14303060,0.04394196,0.95605804,-5.10308647,0.33783237,0.33783237,189.00000000,3,0.14243687,0.75000000
39300,0.22864172,0.22864172,130,121.54952218,1.06952292,0.01914805,0.00000003,nan,0.05777000,0,0,0,0.12934762,0.01187260,0.99650520,1.05315602,0.03344049,1.95639229,0.24820317,0.06241187,0.93758813,-1.79833968,0.56072919,0.56072919,130.00000000,4,0.20910960,1.00000000
39400,0.14985262,0.14985262,75,121.78510204,0.61583887,0.00000000,0.00000000,nan,0.00000000,0,0,0,0.11384184,0.00987124,0.36854994,0.38925260,0.01660413,1.92684042,0.26840776,0.08013626,0.91986374,nan,0.38699328,0.38699328,75.50000000,2,0.21771018,0.50000000
39500,1.09189451,1.09189451,125,121.93627119,1.02512566,0.00252201,0.00000000,nan,0.00000000,0,0,0,0.05558558,0.01167314,1.74600804,1.84716356,0.02636432,0.86445040,0.32013386,-0.17714574,1.17714574,2.05861366,2.27440109,2.27440109,125.00000000,2,5.81038713,0.50000000
39600,0.31822836,0.31822836,237,122.15925676,1.94009039,0.97084357,0.28270658,nan,0.00000000,0,0,0,0.08235817,0.01098094,0.55302978,0.58537543,0.00315444,1.56463599,0.31555170,0.06083970,0.93916030,-3.52395648,1.16287303,1.16287303,237.50000000,4,0.08927551,1.00000000
39700,1.75514793,1.75514793,236,122.43356902,1.92757592,0.96798621,1.54095657,nan,0.00000000,0,0,0,0.06334709,0.01178456,0.59621423,0.63065284,0.01075889,1.09793007,0.26618651,0.07936408,0.92063592,3.68292570,1.30240404,1.30240404,236.50000000,3,0.13788248,0.75000000
39800,0.22210026,0.22210026,194,122.76043624,1.58031371,0.73999541,0.06659861,nan,0.00000000,0,0,0,0.07489157,0.01076908,0.09670463,0.10218505,0.00353751,0.86744606,0.24048775,-0.00578109,1.00578109,-8.01973486,0.64443731,0.64443731,194.00000000,3,0.16594915,0.75000000
39900,0.49934953,0.49934953,145,122.98391304,1.17901599,0.12031105,0.00010462,nan,0.00000000,0,0,0,0.08987886,0.01332666,0.27088615,0.27955750,0.12347368,1.22728598,0.29639101,0.03120552,0.96879448,-1.19053572,1.48289170,1.48289170,145.00000000,4,0.23626626,1.00000000
40000,0.34268221,0.34268221,252,123.23163333,2.04492948,0.98731722,0.32562551,nan,0.00000000,0,0,0,0.15946668,0.01204594,0.14039192,0.13834235,0.17523454,2.05627322,0.25288332,0.02303052,0.97696948,-0.25741196,1.05320188,1.05320188,252.50000000,4,0.11227934,1.00000000
40100,0.37777534,0.37777534,272,123.41521595,2.20394218,0.99696610,0.37321164,nan,0.00000000,0,0,0,0.13322003,0.01009146,0.18833373,0.19694370,0.04196448,1.89897287,0.14808515,0.02707985,0.97292015,-1.06999254,0.86106433,0.86106433,272.00000000,4,0.08591893,1.00000000
40200,0.19433385,0.19433385,322,123.63907285,2.60435470,0.99996623,0.19430760,nan,0.00000000,0,0,0,0.09823386,0.01455112,0.07118344,0.07430203,0.01816729,1.23456502,0.28560144,0.04683040,0.95316960,-4.06934878,0.91239835,0.91239835,322.50000000,4,0.06189400,1.00000000
40300,0.14778003,0.14778003,241,123.84528053,1.94597646,0.97210996,0.13197064,nan,0.00000000,0,0,0,0.09657884,0.01414475,0.13826162,0.14624365,0.00256725,1.64758062,0.32963097,0.08587944,0.91412056,-4.98151410,0.23187826,0.23187826,241.00000000,3,0.17006839,0.75000000
40400,0.43200976,0.43200976,116,124.13690789,0.93445215,0.00000000,0.00000000,nan,0.00000000,0,0,0,0.09310104,0.01491834,0.66186655,0.70063347,0.00282873,1.19295013,0.40266529,-0.06602719,1.06602719,-0.53663242,1.22181431,1.22181431,116.00000000,3,0.36499482,0.75000000
40500,0.20242928,0.20242928,450,124.29859016,3.62031459,1.00000000,0.20242928,nan,0.00000000,0,0,0,0.08150130,0.01576833,0.11877738,0.12542322,0.00579801,1.10882425,0.36346078,-0.11003542,1.11003542,-6.39757617,0.16156301,0.16156301,450.00000000,4,0.04985773,1.00000000
40600,0.67262459,0.67262459,135,124.52408497,1.08412762,0.02791286,0.00000041,nan,0.02096990,0,0,0,0.08057055,0.01030506,1.52581835,1.61549485,0.00131678,1.42910433,0.27867281,-0.06895459,1.06895459,-0.47532159,2.65827341,2.65827341,135.00000000,3,0.20298435,0.75000000
40700,0.48961747,0.48961747,131,124.66003257,1.05085806,0.01029283,0.00000001,nan,0.00000000,0,0,0,0.12981382,0.03339033,0.73505718,0.77821529,0.00136993,1.36957407,0.50334626,-0.07437581,1.07437581,1.59099247,1.90975792,1.90975792,131.50000000,3,0.42162684,0.75000000
40800,0.11706928,0.11706928,300,124.72194805,2.40535050,0.99962927,0.11689577,nan,0.05744264,0,0,0,0.26266968,0.01783080,0.18075006,0.19129661,0.00145866,2.29993916,0.53106546,-0.07707096,1.07707096,1.28999090,1.23121336,1.23121336,300.50000000,3,0.16548485,0.75000000
40900,0.38664457,0.38664457,161,124.75533981,1.29052592,0.28653454,0.00260627,nan,0.03285832,0,0,0,0.17963165,0.01950355,0.49999011,0.52898455,0.00708425,2.09129453,0.46071470,-0.01487862,1.01487862,2.08108779,2.06081556,2.06081556,161.50000000,3,0.34547392,0.75000000
41000,0.52191406,0.52191406,269,124.78406452,2.15572398,0.99521750,0.51200124,nan,0.05538444,0,0,0,0.21807390,0.01650797,0.74400604,0.78037953,0.12565722,2.03871155,0.33654848,0.17606825,0.82393175,5.19056678,0.62292333,0.62292333,269.00000000,4,0.11281566,1.00000000
41100,0.71422172,0.71422172,105,124.90688103,0.84062623,0.00000000,0.00000000,nan,0.04817804,0,0,0,0.14075789,0.01817620,2.15555143,2.26331401,0.32358733,1.56674147,0.23024027,-0.09208566,1.09208566,2.12154305,2.06973022,2.06973022,105.50000000,2,1.11952603,0.50000000
41200,0.27430093,0.27430093,153,125.14708333,1.22256145,0.17974040,0.00028629,nan,0.01582289,0,0,0,0.08791351,0.00461744,0.33997312,0.35848275,0.02530943,1.47675848,0.14672311,0.12691617,0.87308383,-4.54971647,0.74495969,0.74495969,153.00000000,3,0.18488488,0.75000000
41300,0.24190614,0.24190614,304,125.53690096,2.42159873,0.99969149,0.24160776,nan,0.00000000,0,0,0,0.12364689,0.01650293,0.20418288,0.21618927,0.00007428,1.01550627,0.27156699,-0.01411144,1.01411144,-4.29799604,0.73864659,0.73864659,304.00000000,4,0.09799046,1.00000000
41400,0.44518641,0.44518641,136,125.66630573,1.08223122,0.02668538,0.00000023,nan,0.00421582,0,0,0,0.17783265,0.01965543,0.19204395,0.20107126,0.03857944,1.57502532,0.37104896,0.03748632,0.96251368,2.66662169,1.11049008,1.11049008,136.00000000,4,0.28677122,1.00000000
41500,0.17540601,0.17540601,129,125.83295238,1.02516867,0.00253064,0.00000000,nan,0.00000000,0,0,0,0.10213678,0.01425791,0.07634790,0.08057783,0.00443917,1.71072602,0.36582729,-0.06080530,1.06080530,-5.00985622,0.48777813,0.48777813,129.50000000,3,0.33642993,0.75000000
41600,0.41357464,0.41357464,241,126.04607595,1.91199923,0.96409829,0.35730504,nan,0.00000000,0,0,0,0.16053604,0.01351874,0.33772343,0.35121968,0.10828732,2.07381225,0.29078284,0.14584917,0.85415083,1.66521041,0.98230028,0.98230028,241.00000000,4,0.10914069,1.00000000
41700,0.17435735,0.17435735,229,126.42779180,1.81131060,0.92813023,0.12938262,nan,0.00000000,0,0,0,0.08390734,0.00694305,0.14778675,0.15513080,0.02293773,1.32691491,0.19823405,0.03337092,0.96662908,-6.09917057,0.22774919,0.22774919,229.50000000,4,0.07343321,1.00000000
41800,0.12104072,0.12104072,458,126.76110063,3.61309580,1.00000000,0.12104072,nan,0.00000000,0,0,0,0.07548966,0.00820711,0.04465991,0.04669042,0.01014121,0.85412449,0.16180220,0.00248193,0.99751807,-7.12042999,0.46364866,0.46364866,458.50000000,4,0.05404338,1.00000000
41900,0.61745763,0.61745763,362,126.94564263,2.85161422,0.99999889,0.61745489,nan,0.00000000,0,0,0,0.10187848,0.01117883,1.42753029,1.51144588,0.00096403,1.49140406,0.27622718,0.04354389,0.95645611,1.15657738,0.68266686,0.68266686,362.50000000,3,0.05941659,0.75000000
42000,0.79511678,0.79511678,284,127.32031250,2.23059459,0.99765964,0.78769945,nan,0.00000000,0,0,0,0.13257302,0.01261398,0.15165775,0.15728603,0.05597683,1.48646069,0.26574162,-0.03826451,1.03826451,3.04630899,1.72394796,1.72394796,284.50000000,4,0.07813869,1.00000000
42100,0.09827936,0.09827936,73,127.64489097,0.57189911,0.00000000,0.00000000,nan,0.00026946,0,0,0,0.07058096,0.00706479,0.17832068,0.18839820,0.00700291,1.28090477,0.21228081,-0.10058464,1.10058464,-7.71964169,0.75297492,0.75297492,73.00000000,3,0.28478224,0.75000000
42200,0.33743632,0.33743632,31,127.89652174,0.24238345,0.00000000,0.00000000,nan,0.00000000,0,0,0,0.07866617,0.01603746,0.11814769,0.12502165,0.00129027,0.95338893,0.39543435,0.00906850,0.99093150,-3.72394538,nan,nan,31.00000000,0,1.62314339,0.00000000
42300,0.38211587,0.38211587,280,128.25551084,2.18314206,0.99629955,0.37649118,nan,0.00000000,0,0,0,0.09315962,0.00849627,0.08793732,0.09211328,0.01694594,1.00074828,0.22109564,-0.14610610,1.14610610,-4.34120957,0.37510419,0.37510419,280.00000000,3,0.09333735,0.75000000
42400,0.18172365,0.18172365,300,128.48518519,2.33489954,0.99919754,0.18114105,nan,0.00000000,0,0,0,0.06893838,0.01253109,0.08713710,0.08991104,0.03998025,1.12189734,0.33517206,-0.03437515,1.03437515,-3.70354104,0.19612346,0.19612346,300.00000000,3,0.09835476,0.75000000
42500,0.69720680,0.69720680,30,128.78076923,0.23295404,0.00000000,0.00000000,nan,0.00000000,0,0,0,0.06946857,0.01331606,0.74728906,0.79104799,0.00338768,0.82784176,0.28616834,-0.09527672,1.09527672,-1.69323671,nan,nan,30.50000000,1,1.69012269,0.25000000
42600,0.29142210,0.29142210,125,129.14368098,0.96791418,0.00000000,0.00000000,nan,0.00000000,0,0,0,0.06751528,0.00716790,0.31886494,0.33663106,0.01684076,0.97573686,0.17773111,0.09135657,0.90864343,-6.05289233,0.19062409,0.19062409,125.50000000,3,0.13429797,0.75000000
42700,0.19031952,0.19031952,107,129.40685015,0.82684958,0.00000000,0.00000000,nan,0.00000000,0,0,0,0.10259488,0.01414918,0.19884095,0.21025088,0.00487201,1.44868028,0.28368190,0.05514089,0.94485911,-3.98052502,0.24345589,0.24345589,107.50000000,3,0.24140100,0.75000000
42800,0.20105360,0.20105360,279,129.66567073,2.15168748,0.99503596,0.19709108,nan,0.00000000,0,0,0,0.09524787,0.01037939,0.06440863,0.06773609,0.00784193,1.24701810,0.14239182,0.04081951,0.95918049,-3.70878923,0.17037615,0.17037615,279.50000000,4,0.04759500,1.00000000
42900,0.14545672,0.14545672,294,129.99547112,2.26161725,0.99828220,0.14445983,nan,0.00000000,0,0,0,0.08257046,0.00654221,0.03654892,0.03864055,0.00099129,0.85690159,0.10943636,-0.05352231,1.05352231,-8.11228975,0.13337269,0.13337269,294.00000000,3,0.08713318,0.75000000
43000,0.31309932,0.31309932,246,130.25178788,1.88864970,0.95752303,0.26319585,nan,0.00000000,0,0,0,0.17718098,0.00793458,0.25284162,0.25669810,0.18728165,2.19589281,0.24213624,0.05908726,0.94091274,1.58227507,0.84723740,0.84723740,246.00000000,4,0.08354388,1.00000000
43100,0.23051204,0.23051204,158,130.58003021,1.20998594,0.16169759,0.00015758,nan,0.02015345,0,0,0,0.07114673,0.01647401,0.12995823,0.13691172,0.01174906,1.01475477,0.31180108,0.01040944,0.98959056,-7.84238148,0.35465263,0.35465263,158.50000000,2,1.76200941,0.50000000
43200,0.88477600,0.88477600,166,130.82840361,1.26883762,0.25105869,0.00351507,nan,0.00000000,0,0,0,0.12845063,0.01241061,0.91252476,0.96606582,0.00232870,0.94321114,0.19083367,0.06264300,0.93735700,4.15967568,1.85877027,1.85877027,166.00000000,3,0.23754392,0.75000000
43300,0.36259550,0.36259550,453,131.09582583,3.45548760,1.00000000,0.36259550,nan,0.00000000,0,0,0,0.05594935,0.00601784,0.39492109,0.41740900,0.01262730,0.97276944,0.08851740,0.02390010,0.97609990,-7.71015382,0.53768973,0.53768973,453.50000000,4,0.08378070,1.00000000
43400,0.22581826,0.22581826,106,131.30535928,0.80727855,0.00000000,0.00000000,nan,0.00000000,0,0,0,0.07613027,0.01264457,0.16443664,0.17372638,0.00651123,0.97313583,0.22818810,0.03840716,0.96159284,-6.36063147,0.82849915,0.82849915,106.00000000,3,0.24831354,0.75000000
43500,0.31028610,0.31028610,316,131.53197015,2.40245774,0.99961703,0.30981106,nan,0.00000000,0,0,0,0.10761156,0.01116775,0.27278301,0.28769338,0.01930640,1.24181950,0.29964966,-0.02844447,1.02844447,-2.32601678,0.32206437,0.32206437,316.50000000,3,0.08101760,0.75000000
43600,1.00341904,1.00341904,39,131.67577381,0.29618205,0.00000000,0.00000000,nan,0.00000000,0,0,0,0.03966730,0.00928648,0.69424570,0.73501700,0.00113400,0.60572898,0.17722648,-0.13404803,1.13404803,-0.17899412,nan,nan,39.50000000,1,1.70757240,0.25000000
43700,0.39834407,0.39834407,205,131.66246291,1.55701174,0.71091898,0.10175103,nan,0.00000000,0,0,0,0.28827551,0.02928054,1.36453605,1.44452000,0.00481278,2.43217373,0.56236249,0.04806218,0.95193782,6.36436930,2.53374494,2.53374494,205.00000000,4,0.12597186,1.00000000
43800,0.53999096,0.53999096,344,131.69020710,2.61219120,0.99996947,0.53992501,nan,0.08164011,0,0,0,0.23188013,0.01981524,0.72999334,0.75427997,0.31712073,2.39447904,0.57514119,-0.05881232,1.05881232,5.08345217,2.55725689,2.55725689,344.50000000,4,0.31634131,1.00000000
43900,1.17583764,1.17583764,141,131.83374631,1.06952889,0.01915130,0.00000016,nan,0.03395989,0,0,0,0.16451684,0.02690046,2.58795381,2.73990941,0.00470941,1.63818085,0.70995820,0.05362917,0.94637083,12.05834564,4.14014170,4.14014170,141.50000000,3,0.63797550,0.75000000
44000,1.42797720,1.42797720,0,0.00000000,0.00000000,0.00000000,0.00000000,nan,0.00000000,0,0,0,0.99930030,0.00274824,17.45108795,18.40738869,1.19400430,28.11407089,0.09114704,nan,nan,29.49599743,nan,nan,0.00000000,0,16.40502928,0.00000000
44100,1.00143766,1.00143766,1,0.34653465,2.88571420,0.99999934,1.00143500,nan,0.00000000,0,0,0,1.00906372,0.00434721,33.45906448,35.41196060,0.25987077,28.33740616,0.12858309,0.26875713,0.73124287,25.73959160,nan,nan,1.00000000,0,20.96164388,0.00000000
44200,1.50254965,1.50254965,1,0.74129353,1.34899327,0.38564676,0.03323438,nan,0.00000000,0,0,0,0.99688953,0.00297653,53.07181931,56.16312790,0.51947057,28.32959366,0.06906320,0.11709025,0.88290975,30.10855961,nan,nan,1.00000000,0,15.09629346,0.00000000
44300,0.66208869,0.66208869,7,1.36877076,5.11407763,1.00000000,0.66208869,nan,0.00000000,0,0,0,0.99141449,0.00866363,18.09096336,19.15391541,0.02077384,29.93161392,0.14838916,-0.06986083,1.06986083,22.28150368,nan,nan,7.50000000,0,8.03204603,0.00000000
44400,0.57919675,0.57919675,1,1.96758105,0.50823827,0.00000000,0.00000000,nan,0.00000000,0,0,0,0.97932136,0.02193661,11.57457924,12.24760056,0.13321196,30.63257599,0.48728752,0.05499107,0.94500893,20.85528564,nan,nan,1.00000000,0,16.06263159,0.00000000
44500,0.15294522,0.15294522,7,2.62874251,2.66287015,0.99998428,0.15293560,nan,0.00000000,0,0,0,0.68855882,0.01531586,2.66191268,2.81608272,0.04102749,21.16002464,0.43479264,-0.04127925,1.04127925,13.53641057,nan,nan,7.50000000,0,3.32842444,0.00000000
44600,0.65541589,0.65541589,3,3.29118136,0.91152679,0.00000000,0.00000000,nan,0.00000000,0,0,0,0.52194840,0.02241536,10.22901535,10.82593060,0.08147117,15.17678356,0.53446364,0.08349529,0.91650471,16.91754977,nan,nan,3.50000000,0,9.41787929,0.00000000
44700,0.60834527,0.60834527,14,4.10841655,3.40763888,1.00000000,0.60834527,nan,0.00000000,0,0,0,0.35571125,0.01290796,1.24012840,1.30708182,0.10191976,10.23745728,0.39495599,0.02737925,0.97262075,12.97737312,nan,nan,14.50000000,0,2.02969673,0.00000000
44800,0.81360090,0.81360090,20,4.68289638,4.27086109,1.00000000,0.81360090,nan,0.00000000,0,0,0,0.38723591,0.01337647,12.41795444,13.14331245,0.08686049,10.16379166,0.47196648,-0.06992658,1.06992658,16.33708572,nan,nan,20.00000000,0,2.82591432,0.00000000
44900,0.70146698,0.70146698,3,5.07436182,0.59120735,0.00000000,0.00000000,nan,0.00000000,0,0,0,0.36125216,0.02314652,1.33276808,1.40733683,0.06509971,8.38010979,0.65949768,0.29992709,0.70007291,14.05921841,nan,nan,3.50000000,0,10.71368813,0.00000000
45000,0.50200164,0.50200164,10,5.67732268,1.76139363,0.90161639,0.33173579,nan,0.00000000,0,0,0,0.47609743,0.00984742,2.40264630,2.53901911,0.08430867,11.69147873,0.29089177,0.45572917,0.54427083,14.37753034,nan,nan,10.00000000,0,4.90935577,0.00000000
45100,1.03089499,1.03089499,16,6.02633969,2.65501130,0.99998255,1.03082305,nan,0.00000000,0,0,0,0.34234074,0.02263855,7.83263636,8.29294872,0.00731141,7.81686163,0.83099198,-0.04935050,1.04935050,17.65283680,nan,nan,16.00000000,0,5.98131933,0.00000000
45200,1.51737785,1.51737785,6,6.26977519,0.95697211,0.00000000,0.00000000,nan,0.00000000,0,0,0,0.62424111,0.03803948,4.97491026,5.16405344,1.75947940,13.91272736,1.44482005,-0.03639796,1.03639796,25.59742610,nan,nan,6.00000000,0,17.64786984,0.00000000
45300,0.64115131,0.64115131,4,6.10146042,0.65558075,0.00000000,0.00000000,nan,0.00000000,0,0,0,0.75857478,0.01095669,16.69734573,17.67504501,0.07642607,17.90619850,0.34008127,-0.00884147,1.00884147,20.25806904,nan,nan,4.50000000,0,12.61159203,0.00000000
45400,1.62829041,1.62829041,1,6.01427552,0.16627107,0.00000000,0.00000000,nan,0.00000000,0,0,0,0.69968909,0.03512845,14.96977711,15.83628178,0.23917110,14.07607841,1.29240084,0.13441666,0.86558334,28.06579463,nan,nan,1.00000000,0,36.02580800,0.00000000
45500,0.67007816,0.67007816,16,5.94203864,2.69267855,0.99998946,0.67004992,nan,0.00000000,0,0,0,0.64217591,0.02917435,4.03830576,4.26022577,0.26566806,10.23469353,0.89601922,0.00417939,0.99582061,18.10242271,nan,nan,16.50000000,0,11.75456256,0.00000000
45600,0.33425447,0.33425447,4,5.99063086,0.66770931,0.00000000,0.00000000,nan,0.00000000,0,0,0,0.61472094,0.02590862,4.23431730,4.47754812,0.09939873,10.59512806,1.21666670,0.10102962,0.89897038,14.60609937,nan,nan,4.00000000,0,11.31990513,0.00000000
45700,0.64842552,0.64842552,14,6.04820694,2.31473561,0.99900634,0.64585211,nan,0.00000000,0,0,0,0.48102033,0.04890078,3.17450118,3.36043358,0.01364742,6.73834658,1.54417372,-0.01965370,1.01965370,16.05662870,nan,nan,14.50000000,0,13.61387615,0.00000000
45800,0.69876152,0.69876152,7,6.19267074,1.13036851,0.06572438,0.00001304,nan,0.00000000,0,0,0,0.56698239,0.02561910,4.04311275,4.27221203,0.14842983,8.46201515,0.66380513,0.15072135,0.84927865,17.54927492,nan,nan,7.50000000,0,9.62554684,0.00000000
45900,0.32293621,0.32293621,3,6.37033140,0.47093311,0.00000000,0.00000000,nan,0.00000000,0,0,0,0.48017734,0.03678565,1.43953240,1.51518047,0.15351424,6.78715324,1.24411786,-0.07937855,1.07937855,12.39976565,nan,nan,3.00000000,0,14.38775847,0.00000000
46000,0.29754022,0.29754022,15,6.50124938,2.30724882,0.99892518,0.29626306,nan,0.00000000,0,0,0,0.64285493,0.01662320,1.03662181,1.06850028,0.49468926,11.04253006,0.38081530,0.37727915,0.62272085,14.93694115,nan,nan,15.50000000,0,1.33557265,0.00000000
46100,0.20441483,0.20441483,32,6.83246073,4.68352490,1.00000000,0.20441483,nan,0.00000000,0,0,0,0.49462640,0.04156500,0.81002927,0.85324144,0.07542233,6.15283632,0.81435663,0.05501228,0.94498772,10.46283531,nan,nan,32.00000000,1,1.36472955,0.25000000
46200,0.49062628,0.49062628,46,7.47932758,6.15028550,1.00000000,0.49062628,nan,0.00000000,0,0,0,0.28263858,0.01940139,0.78518319,0.82858223,0.04740082,3.82497072,0.75487995,0.07559329,0.92440671,8.49485111,nan,nan,46.00000000,0,0.57798113,0.00000000
46300,0.62893039,0.62893039,11,8.17340287,1.34582868,0.38021950,0.01314438,nan,0.00000000,0,0,0,0.22477987,0.03436230,0.80561531,0.85288000,0.00211548,3.57168245,1.30658400,0.12645142,0.87354858,9.01416516,nan,nan,11.50000000,0,7.04935179,0.00000000
46400,0.16284336,0.16284336,34,8.90878800,3.81645628,1.00000000,0.16284336,nan,0.00000000,0,0,0,0.18047050,0.01574011,0.14865571,0.15671432,0.01165871,2.37619734,0.28113535,0.04947287,0.95052713,1.45429748,nan,nan,34.00000000,1,0.39864797,0.25000000
46500,0.45956829,0.45956829,9,9.76769292,0.92140489,0.00000000,0.00000000,nan,0.00000000,0,0,0,0.17576542,0.02471910,0.42951953,0.44263902,0.20648916,2.92937207,0.96388787,-0.15973994,1.15973994,4.11045671,nan,nan,9.50000000,0,4.28131283,0.00000000
46600,0.57547307,0.57547307,24,10.46212995,2.29398794,0.99876615,0.57263814,nan,0.00000000,0,0,0,0.14787368,0.02228745,0.82337940,0.87099904,0.01384498,3.33201861,0.95006686,-0.07136191,1.07136191,5.22712593,nan,nan,24.00000000,0,1.69196246,0.00000000
